[2026-09-22T12:20:00+02:00] campaign start: branch mtp-campaign exists (de896528, 1 ahead of origin/main), tree clean. Reading brief, skill, memory notes, scripts.
[2026-09-22T12:40:00-04:00] inventory done. Vast balance -4.13 (below $5): no renting yet; polling later. One foreign stopped Vast instance 51539645 (GB10, unlabelled, nvidia/cuda image) is not ours: left alone.
[2026-09-22T12:40:00-04:00] upstream: exllamav3 1.5.1 released 2026-09-20; tabbyAPI main f07131cd (2026-09-22) requires exllamav3 1.5.1; ghcr.io/theroyallab/tabbyapi:cu13 index sha256:9d4696ef52592d65b857a6447a38fa11c263d727d97b7e1b250ff337bf25302c built 2026-09-22T01:50Z from f07131cd (OCI label org.opencontainers.image.revision). Our attested tabbyapi-exl3 (3d35e497) is FROM cu13@ffa8388f (2026-08-13, e632af41). Plan: rebase Dockerfile FROM onto 9d4696ef.
[2026-09-22T12:40:00-04:00] assets: qwen359b-exl3-4bpw-{128k,256k} and qwen3827b-exl3-4bpw-{128k,256k} configs have draft_mode disabled and no vision; sc3bpw/sc4bpw/sc5bpw/flashnext configs already have draft_mode mtp + vision but run on upstream tabbyapi:cu13@1c13dd (not attested).
[2026-09-22T12:26:00-04:00] image: local-ai-images fast-forwarded to origin/main 35bc47c (another campaign added deploy-* images and tabbyapi-exl3-cu12 today). Branch mtp/tabbyapi-exl3-1.5.1 commit 825ff045: tabbyapi-exl3/Dockerfile FROM cu13@ffa8388f -> cu13@9d4696ef (f07131cd, exllamav3 1.5.1). PR https://github.com/0xSero/local-ai-images/pull/3. Dispatched release-image (image=tabbyapi-exl3 tag=v2) on the branch: run 35754016842.
[2026-09-22T13:05:00-04:00] resumed after API timeout. Image run 35754016842 succeeded on commit 825ff045: ghcr.io/0xsero/tabbyapi-exl3@sha256:0f83e6198dc3be2561652d8df2525a7d1a69733e12fc8e25cbc5bc319a8a3ad1 (tag v2). `gh attestation verify ... -o 0xSero` exit 0, SLSA v1 predicate, workflow .github/workflows/release-image.yml ref refs/heads/mtp/tabbyapi-exl3-1.5.1, invocation https://github.com/0xSero/local-ai-images/actions/runs/35754016842/attempts/1. PR #3 left open for Sero. Vast balance now 0.00 (still below $5).
[2026-09-22T13:47:05-0400] registry: mtp_edit.py applied 51 changes (4 assets to draft_mode mtp, 1 new sc4bpw 128K asset, 29 TabbyAPI demotions onto tabbyapi-exl3@0f83e619, 12 new Qwen3.8-27B candidates, 1 SGLang + 4 vLLM demotions with speculative flags). recommend.py TIERS -> (16 qwen3-8-27b)(12 qwen3-5-9b)(0 lfm2-5-2-6b) + vision rank; transitional recommendations went to LFM2.5/gemma/llama.cpp on 14 cards until revalidation. Checks: npm test OK, typecheck OK, types in sync, format-check OK, plugin gate 102 clean, export v1/v2 tests OK, catalogs current (v1 26 hw, v2 25 hw / 50 recipes), validate_registry OK (recipe=3035 asset=23), py unittests 65 OK. Committed cccf511c on mtp-campaign.
[2026-09-22T13:49:23-0400] [queue-a] runner start: 18 recipes: ['qwen3827b-exl3-sc3bpw-v4-rtx4060ti-tabbyapi-tp1', 'qwen3827b-exl3-sc3bpw-v4-rtx4070tisuper-tabbyapi-tp1', 'qwen3827b-exl3-sc3bpw-v4-rtx4080super-tabbyapi-tp1', 'qwen3827b-exl3-sc3bpw-v4-rtx4080-tabbyapi-tp1', 'qwen3827b-exl3-sc3bpw-v4-rtx5070ti-tabbyapi-tp1', 'qwen3827b-exl3-sc3bpw-v4-rtx5080-tabbyapi-tp1', 'qwen3827b-exl3-sc3bpw-v4-rtx5060ti-tabbyapi-tp1', 'qwen3827b-exl3-sc3bpw-v4-rtx2000ada-tabbyapi-tp1', 'qwen3827b-exl3-sc4bpw-rtx4000ada-tabbyapi-tp1', 'qwen3827b-exl3-sc4bpw-rtx3090-tabbyapi-tp1', 'qwen3827b-exl3-sc4bpw-rtx3090ti-tabbyapi-tp1', 'qwen3827b-exl3-sc4bpw-rtx4090-tabbyapi-tp1', 'qwen3827b-exl3-sc4bpw-rtxpro4000-tabbyapi-tp1', 'qwen3827b-exl3-sc5bpw-v6-rtxpro4500-tabbyapi-tp1', 'qwen3827b-exl3-sc5bpw-v6-rtx5090-tabbyapi-tp1', 'qwen3827b-exl3-sc5bpw-v6-rtx6000ada-tabbyapi-tp1', 'qwen3827b-exl3-sc5bpw-v6-rtxa6000-tabbyapi-tp1', 'qwen38-27b-nvfp4-rtxpro6000-sglang-tp1']
[2026-09-22T13:49:25-0400] [queue-a] vast balance 0.0 (need > 5.0)
[2026-09-22T13:49:25-0400] [queue-b] runner start: 28 recipes: ['qwen359b-exl3-4bpw-rtx3060-tabbyapi-tp1', 'qwen359b-exl3-4bpw-rtx3080ti-tabbyapi-tp1', 'qwen359b-exl3-4bpw-rtx4070super-tabbyapi-tp1', 'qwen359b-exl3-4bpw-rtx4070-tabbyapi-tp1', 'qwen359b-exl3-4bpw-rtx4070ti-tabbyapi-tp1', 'qwen359b-exl3-4bpw-rtx5070-tabbyapi-tp1', 'qwen359b-exl3-4bpw-rtx3080-tabbyapi-tp1', 'qwen359b-exl3-4bpw-rtx2000ada-tabbyapi-tp1', 'qwen359b-exl3-4bpw-rtx4060ti-tabbyapi-tp1', 'qwen359b-exl3-4bpw-rtx4070tisuper-tabbyapi-tp1', 'qwen359b-exl3-4bpw-rtx4080-tabbyapi-tp1', 'qwen359b-exl3-4bpw-rtx4080super-tabbyapi-tp1', 'qwen359b-exl3-4bpw-rtx5060ti-tabbyapi-tp1', 'qwen359b-exl3-4bpw-rtx5070ti-tabbyapi-tp1', 'qwen359b-exl3-4bpw-rtx5080-tabbyapi-tp1', 'qwen359b-exl3-4bpw-rtx4000ada-tabbyapi-tp1', 'qwen3827b-exl3-4bpw-rtx3090-tabbyapi-tp1', 'qwen3827b-exl3-4bpw-rtx3090ti-tabbyapi-tp1', 'qwen3827b-exl3-4bpw-rtx4090-tabbyapi-tp1', 'qwen3827b-exl3-4bpw-rtx5090-tabbyapi-tp1', 'qwen3827b-exl3-4bpw-rtx6000ada-tabbyapi-tp1', 'qwen3827b-exl3-4bpw-rtxa6000-tabbyapi-tp1', 'qwen3827b-exl3-4bpw-rtxpro4500-tabbyapi-tp1', 'qwen38flashnext-exl3-2-05bpw-h4-ng4-rtxpro4500-tabbyapi-tp1', 'qwen38-awq-int4-rtx4090-vllm-tp1', 'qwen38-awq-int4-rtx3090ti-vllm-tp1', 'qwen38-awq-int4-rtx3090-vllm-tp1', 'qwen36-gptq-int4-rtx3090-vllm-tp1']
[2026-09-22T13:49:27-0400] [queue-b] vast balance 0.0 (need > 5.0)
[2026-09-22T13:50:23-0400] runners: runs/mtp_runner.py started for runs/queue-a.json (18: Qwen3.8-27B sc3bpw/sc4bpw/sc5bpw-v6 + SGLang PRO 6000, cheapest 16 GB cards first) and runs/queue-b.json (28: Qwen3.5-9B 12 GB then 16 GB, plain 4bpw Qwen3.8-27B, Flash-Next, vLLM). Each polls the balance every 10 min, rents only above $5 (then $1.50), --vast-min-cuda 13.2 for tabbyapi-exl3 / 13.0 for sglang+vllm, 90 min hard limit per run, leftover local-ai-validate-* instances destroyed before/after each run, commit after each acceptance. Per-run logs: runs/<recipe>.<epoch>.log.
[2026-09-22T13:59:27-0400] [queue-a] vast balance 0.0 (need > 5.0)
[2026-09-22T13:59:28-0400] [queue-b] vast balance 0.0 (need > 5.0)
[2026-09-22T14:09:28-0400] [queue-a] vast balance 0.0 (need > 5.0)
[2026-09-22T14:09:29-0400] [queue-b] vast balance 0.0 (need > 5.0)
[2026-09-22T14:19:30-0400] [queue-a] vast balance 0.0 (need > 5.0)
[2026-09-22T14:19:30-0400] [queue-b] vast balance 0.0 (need > 5.0)
[2026-09-22T14:29:32-0400] [queue-a] vast balance 0.0 (need > 5.0)
[2026-09-22T14:29:32-0400] [queue-b] vast balance 0.0 (need > 5.0)
[2026-09-22T14:39:33-0400] [queue-b] vast balance 0.0 (need > 5.0)
[2026-09-22T14:39:33-0400] [queue-a] vast balance 0.0 (need > 5.0)
[2026-09-22T14:49:35-0400] [queue-b] vast balance 0.0 (need > 5.0)
[2026-09-22T14:49:35-0400] [queue-a] vast balance 0.0 (need > 5.0)
[2026-09-22T14:59:36-0400] [queue-b] vast balance 0.0 (need > 5.0)
[2026-09-22T14:59:36-0400] [queue-a] vast balance 0.0 (need > 5.0)
[2026-09-22T15:09:38-0400] [queue-b] vast balance 0.0 (need > 5.0)
[2026-09-22T15:09:38-0400] [queue-a] vast balance 0.0 (need > 5.0)
[2026-09-22T15:19:40-0400] [queue-b] vast balance 0.0 (need > 5.0)
[2026-09-22T15:19:40-0400] [queue-a] vast balance 0.0 (need > 5.0)
[2026-09-22T15:29:42-0400] [queue-b] vast balance 0.0 (need > 5.0)
[2026-09-22T15:29:42-0400] [queue-a] vast balance 0.0 (need > 5.0)
[2026-09-22T15:39:44-0400] [queue-b] vast balance 0.0 (need > 5.0)
[2026-09-22T15:39:44-0400] [queue-a] vast balance 0.0 (need > 5.0)
[2026-09-22T15:49:45-0400] [queue-b] vast balance 0.0 (need > 5.0)
[2026-09-22T15:49:45-0400] [queue-a] vast balance 0.0 (need > 5.0)
[2026-09-22T15:59:47-0400] [queue-b] vast balance 0.0 (need > 5.0)
[2026-09-22T15:59:47-0400] [queue-a] vast balance 0.0 (need > 5.0)
[2026-09-22T16:09:49-0400] [queue-a] vast balance 0.0 (need > 5.0)
[2026-09-22T16:09:49-0400] [queue-b] vast balance 0.0 (need > 5.0)
[2026-09-22T16:16:51-0400] funds rule corrected by Sero: spendable = .credit + .balance. vastai show user: credit 45.65, balance 0.00 -> 45.65 > 5. Runner patched (balance() = credit + balance), old runners stopped by pid, restarting both queues now.
[2026-09-22T16:16:51-0400] [queue-a] runner start: 18 recipes: ['qwen3827b-exl3-sc3bpw-v4-rtx4060ti-tabbyapi-tp1', 'qwen3827b-exl3-sc3bpw-v4-rtx4070tisuper-tabbyapi-tp1', 'qwen3827b-exl3-sc3bpw-v4-rtx4080super-tabbyapi-tp1', 'qwen3827b-exl3-sc3bpw-v4-rtx4080-tabbyapi-tp1', 'qwen3827b-exl3-sc3bpw-v4-rtx5070ti-tabbyapi-tp1', 'qwen3827b-exl3-sc3bpw-v4-rtx5080-tabbyapi-tp1', 'qwen3827b-exl3-sc3bpw-v4-rtx5060ti-tabbyapi-tp1', 'qwen3827b-exl3-sc3bpw-v4-rtx2000ada-tabbyapi-tp1', 'qwen3827b-exl3-sc4bpw-rtx4000ada-tabbyapi-tp1', 'qwen3827b-exl3-sc4bpw-rtx3090-tabbyapi-tp1', 'qwen3827b-exl3-sc4bpw-rtx3090ti-tabbyapi-tp1', 'qwen3827b-exl3-sc4bpw-rtx4090-tabbyapi-tp1', 'qwen3827b-exl3-sc4bpw-rtxpro4000-tabbyapi-tp1', 'qwen3827b-exl3-sc5bpw-v6-rtxpro4500-tabbyapi-tp1', 'qwen3827b-exl3-sc5bpw-v6-rtx5090-tabbyapi-tp1', 'qwen3827b-exl3-sc5bpw-v6-rtx6000ada-tabbyapi-tp1', 'qwen3827b-exl3-sc5bpw-v6-rtxa6000-tabbyapi-tp1', 'qwen38-27b-nvfp4-rtxpro6000-sglang-tp1']
 [supervisor] runner balance() now reads credit+balance (Vast keeps top-ups in .credit: credit 45.66, balance 0); both runners restarted by the supervising session
[2026-09-22T16:16:52-0400] [queue-a] runner start: 18 recipes: ['qwen3827b-exl3-sc3bpw-v4-rtx4060ti-tabbyapi-tp1', 'qwen3827b-exl3-sc3bpw-v4-rtx4070tisuper-tabbyapi-tp1', 'qwen3827b-exl3-sc3bpw-v4-rtx4080super-tabbyapi-tp1', 'qwen3827b-exl3-sc3bpw-v4-rtx4080-tabbyapi-tp1', 'qwen3827b-exl3-sc3bpw-v4-rtx5070ti-tabbyapi-tp1', 'qwen3827b-exl3-sc3bpw-v4-rtx5080-tabbyapi-tp1', 'qwen3827b-exl3-sc3bpw-v4-rtx5060ti-tabbyapi-tp1', 'qwen3827b-exl3-sc3bpw-v4-rtx2000ada-tabbyapi-tp1', 'qwen3827b-exl3-sc4bpw-rtx4000ada-tabbyapi-tp1', 'qwen3827b-exl3-sc4bpw-rtx3090-tabbyapi-tp1', 'qwen3827b-exl3-sc4bpw-rtx3090ti-tabbyapi-tp1', 'qwen3827b-exl3-sc4bpw-rtx4090-tabbyapi-tp1', 'qwen3827b-exl3-sc4bpw-rtxpro4000-tabbyapi-tp1', 'qwen3827b-exl3-sc5bpw-v6-rtxpro4500-tabbyapi-tp1', 'qwen3827b-exl3-sc5bpw-v6-rtx5090-tabbyapi-tp1', 'qwen3827b-exl3-sc5bpw-v6-rtx6000ada-tabbyapi-tp1', 'qwen3827b-exl3-sc5bpw-v6-rtxa6000-tabbyapi-tp1', 'qwen38-27b-nvfp4-rtxpro6000-sglang-tp1']
[2026-09-22T16:16:52-0400] [queue-b] runner start: 28 recipes: ['qwen359b-exl3-4bpw-rtx3060-tabbyapi-tp1', 'qwen359b-exl3-4bpw-rtx3080ti-tabbyapi-tp1', 'qwen359b-exl3-4bpw-rtx4070super-tabbyapi-tp1', 'qwen359b-exl3-4bpw-rtx4070-tabbyapi-tp1', 'qwen359b-exl3-4bpw-rtx4070ti-tabbyapi-tp1', 'qwen359b-exl3-4bpw-rtx5070-tabbyapi-tp1', 'qwen359b-exl3-4bpw-rtx3080-tabbyapi-tp1', 'qwen359b-exl3-4bpw-rtx2000ada-tabbyapi-tp1', 'qwen359b-exl3-4bpw-rtx4060ti-tabbyapi-tp1', 'qwen359b-exl3-4bpw-rtx4070tisuper-tabbyapi-tp1', 'qwen359b-exl3-4bpw-rtx4080-tabbyapi-tp1', 'qwen359b-exl3-4bpw-rtx4080super-tabbyapi-tp1', 'qwen359b-exl3-4bpw-rtx5060ti-tabbyapi-tp1', 'qwen359b-exl3-4bpw-rtx5070ti-tabbyapi-tp1', 'qwen359b-exl3-4bpw-rtx5080-tabbyapi-tp1', 'qwen359b-exl3-4bpw-rtx4000ada-tabbyapi-tp1', 'qwen3827b-exl3-4bpw-rtx3090-tabbyapi-tp1', 'qwen3827b-exl3-4bpw-rtx3090ti-tabbyapi-tp1', 'qwen3827b-exl3-4bpw-rtx4090-tabbyapi-tp1', 'qwen3827b-exl3-4bpw-rtx5090-tabbyapi-tp1', 'qwen3827b-exl3-4bpw-rtx6000ada-tabbyapi-tp1', 'qwen3827b-exl3-4bpw-rtxa6000-tabbyapi-tp1', 'qwen3827b-exl3-4bpw-rtxpro4500-tabbyapi-tp1', 'qwen38flashnext-exl3-2-05bpw-h4-ng4-rtxpro4500-tabbyapi-tp1', 'qwen38-awq-int4-rtx4090-vllm-tp1', 'qwen38-awq-int4-rtx3090ti-vllm-tp1', 'qwen38-awq-int4-rtx3090-vllm-tp1', 'qwen36-gptq-int4-rtx3090-vllm-tp1']
[2026-09-22T16:16:53-0400] [queue-a] vast balance 45.649852376080844 (need > 5.0)
[2026-09-22T16:16:54-0400] [queue-a] vast balance 45.649852376080844 (need > 5.0)
[2026-09-22T16:16:54-0400] [queue-b] vast balance 45.649852376080844 (need > 5.0)
[2026-09-22T16:16:54-0400] [queue-b] runner start: 28 recipes: ['qwen359b-exl3-4bpw-rtx3060-tabbyapi-tp1', 'qwen359b-exl3-4bpw-rtx3080ti-tabbyapi-tp1', 'qwen359b-exl3-4bpw-rtx4070super-tabbyapi-tp1', 'qwen359b-exl3-4bpw-rtx4070-tabbyapi-tp1', 'qwen359b-exl3-4bpw-rtx4070ti-tabbyapi-tp1', 'qwen359b-exl3-4bpw-rtx5070-tabbyapi-tp1', 'qwen359b-exl3-4bpw-rtx3080-tabbyapi-tp1', 'qwen359b-exl3-4bpw-rtx2000ada-tabbyapi-tp1', 'qwen359b-exl3-4bpw-rtx4060ti-tabbyapi-tp1', 'qwen359b-exl3-4bpw-rtx4070tisuper-tabbyapi-tp1', 'qwen359b-exl3-4bpw-rtx4080-tabbyapi-tp1', 'qwen359b-exl3-4bpw-rtx4080super-tabbyapi-tp1', 'qwen359b-exl3-4bpw-rtx5060ti-tabbyapi-tp1', 'qwen359b-exl3-4bpw-rtx5070ti-tabbyapi-tp1', 'qwen359b-exl3-4bpw-rtx5080-tabbyapi-tp1', 'qwen359b-exl3-4bpw-rtx4000ada-tabbyapi-tp1', 'qwen3827b-exl3-4bpw-rtx3090-tabbyapi-tp1', 'qwen3827b-exl3-4bpw-rtx3090ti-tabbyapi-tp1', 'qwen3827b-exl3-4bpw-rtx4090-tabbyapi-tp1', 'qwen3827b-exl3-4bpw-rtx5090-tabbyapi-tp1', 'qwen3827b-exl3-4bpw-rtx6000ada-tabbyapi-tp1', 'qwen3827b-exl3-4bpw-rtxa6000-tabbyapi-tp1', 'qwen3827b-exl3-4bpw-rtxpro4500-tabbyapi-tp1', 'qwen38flashnext-exl3-2-05bpw-h4-ng4-rtxpro4500-tabbyapi-tp1', 'qwen38-awq-int4-rtx4090-vllm-tp1', 'qwen38-awq-int4-rtx3090ti-vllm-tp1', 'qwen38-awq-int4-rtx3090-vllm-tp1', 'qwen36-gptq-int4-rtx3090-vllm-tp1']
[2026-09-22T16:16:54-0400] [queue-a] start qwen3827b-exl3-sc3bpw-v4-rtx4060ti-tabbyapi-tp1 on rtx-4060-ti-16gb: --provider vast --vast-min-cuda 13.2 --disk 50 -> runs/qwen3827b-exl3-sc3bpw-v4-rtx4060ti-tabbyapi-tp1.1790108214.log
[2026-09-22T16:16:55-0400] [queue-b] start qwen359b-exl3-4bpw-rtx3060-tabbyapi-tp1 on rtx-3060-12gb: --provider vast --vast-min-cuda 13.2 --disk 50 -> runs/qwen359b-exl3-4bpw-rtx3060-tabbyapi-tp1.1790108215.log
[2026-09-22T16:16:55-0400] [queue-a] start qwen3827b-exl3-sc3bpw-v4-rtx4060ti-tabbyapi-tp1 on rtx-4060-ti-16gb: --provider vast --vast-min-cuda 13.2 --disk 50 -> runs/qwen3827b-exl3-sc3bpw-v4-rtx4060ti-tabbyapi-tp1.1790108215.log
[2026-09-22T16:16:56-0400] [queue-b] vast balance 45.649852376080844 (need > 5.0)
[2026-09-22T16:16:57-0400] [queue-b] start qwen359b-exl3-4bpw-rtx3060-tabbyapi-tp1 on rtx-3060-12gb: --provider vast --vast-min-cuda 13.2 --disk 50 -> runs/qwen359b-exl3-4bpw-rtx3060-tabbyapi-tp1.1790108217.log
2026-09-22T16:20:29-0400 [supervisor] note: at 16:16 both the agent and the supervising session restarted the runners for the credit fix; two duplicate instances (52116075, 52116076) ran for about a minute before the duplicates were killed. One runner per queue since.
[2026-09-22T16:21:05-0400] incident: the restart spawned two runners per queue (4 processes). Killed the duplicates by pid (18140, 18179) and SIGTERMed their validate_rented children, which destroyed their instances 52116075 (4060 Ti, ~2 min at $0.099/h) and 52116076 (3060, ~2 min at $0.066/h) per runs/*.1790108215.log / *.1790108217.log. Surviving: runner 18127 (queue-a, instance 52116066 RTX 4060 Ti) and 18141 (queue-b, instance 52116071 RTX 3060). vastai show instances confirms only those two local-ai-validate instances.
[2026-09-22T16:25:36-0400] [queue-a] destroyed leftover instance 52116071 (local-ai-validate-qwen359b-exl3-4bpw-rtx3060-tabbyapi-tp1) after the run: Are you sure you want to destroy instance 52116071? This is irreversible and will delete all data. [y/N]
[2026-09-22T16:25:36-0400] [queue-a] ACCEPTED qwen3827b-exl3-sc3bpw-v4-rtx4060ti-tabbyapi-tp1 on RTX 4060 Ti: decode 38.2 tok/s (client_post_first_token_estimate), ttft 896 ms over 3 samples; 0.02 (9 min at 0.109/h); 9 min
[2026-09-22T16:25:43-0400] [queue-a] committed 50cadaa2: qwen3827b-exl3-sc3bpw-v4-rtx4060ti-tabbyapi-tp1 accepted and recommended for rtx-4060-ti-16gb
[2026-09-22T16:25:44-0400] [queue-a] vast balance 44.83175879808084 (need > 1.5)
[2026-09-22T16:25:45-0400] [queue-a] start qwen3827b-exl3-sc3bpw-v4-rtx4070tisuper-tabbyapi-tp1 on rtx-4070-ti-super-16gb: --provider vast --vast-min-cuda 13.2 --disk 50 -> runs/qwen3827b-exl3-sc3bpw-v4-rtx4070tisuper-tabbyapi-tp1.1790108745.log
[2026-09-22T16:26:30-0400] incident 2: queue-a's post-run cleanup destroyed queue-b's live instance 52116071 (3060) at 16:25:36 because destroy_ours matched every local-ai-validate-* label. Fixed runs/mtp_runner.py: cleanup only touches labels of recipes in its own queue; pidfile runs/<queue>.pid refuses duplicate starts. Stopped runner parents 18127/18141 (SIGKILL); the in-flight 4070 Ti Super validation (pid 31193, instance 52117473) continues orphaned and destroys its own instance when done; queue-a restarts after it exits, queue-b restarts now (its 3060 run is re-queued first).
[2026-09-22T16:26:30-0400] [queue-b] runner start: 28 recipes: ['qwen359b-exl3-4bpw-rtx3060-tabbyapi-tp1', 'qwen359b-exl3-4bpw-rtx3080ti-tabbyapi-tp1', 'qwen359b-exl3-4bpw-rtx4070super-tabbyapi-tp1', 'qwen359b-exl3-4bpw-rtx4070-tabbyapi-tp1', 'qwen359b-exl3-4bpw-rtx4070ti-tabbyapi-tp1', 'qwen359b-exl3-4bpw-rtx5070-tabbyapi-tp1', 'qwen359b-exl3-4bpw-rtx3080-tabbyapi-tp1', 'qwen359b-exl3-4bpw-rtx2000ada-tabbyapi-tp1', 'qwen359b-exl3-4bpw-rtx4060ti-tabbyapi-tp1', 'qwen359b-exl3-4bpw-rtx4070tisuper-tabbyapi-tp1', 'qwen359b-exl3-4bpw-rtx4080-tabbyapi-tp1', 'qwen359b-exl3-4bpw-rtx4080super-tabbyapi-tp1', 'qwen359b-exl3-4bpw-rtx5060ti-tabbyapi-tp1', 'qwen359b-exl3-4bpw-rtx5070ti-tabbyapi-tp1', 'qwen359b-exl3-4bpw-rtx5080-tabbyapi-tp1', 'qwen359b-exl3-4bpw-rtx4000ada-tabbyapi-tp1', 'qwen3827b-exl3-4bpw-rtx3090-tabbyapi-tp1', 'qwen3827b-exl3-4bpw-rtx3090ti-tabbyapi-tp1', 'qwen3827b-exl3-4bpw-rtx4090-tabbyapi-tp1', 'qwen3827b-exl3-4bpw-rtx5090-tabbyapi-tp1', 'qwen3827b-exl3-4bpw-rtx6000ada-tabbyapi-tp1', 'qwen3827b-exl3-4bpw-rtxa6000-tabbyapi-tp1', 'qwen3827b-exl3-4bpw-rtxpro4500-tabbyapi-tp1', 'qwen38flashnext-exl3-2-05bpw-h4-ng4-rtxpro4500-tabbyapi-tp1', 'qwen38-awq-int4-rtx4090-vllm-tp1', 'qwen38-awq-int4-rtx3090ti-vllm-tp1', 'qwen38-awq-int4-rtx3090-vllm-tp1', 'qwen36-gptq-int4-rtx3090-vllm-tp1']
[2026-09-22T16:26:31-0400] [queue-b] vast balance 44.82901499508084 (need > 5.0)
[2026-09-22T16:26:32-0400] [queue-b] start qwen359b-exl3-4bpw-rtx3060-tabbyapi-tp1 on rtx-3060-12gb: --provider vast --vast-min-cuda 13.2 --disk 50 -> runs/qwen359b-exl3-4bpw-rtx3060-tabbyapi-tp1.1790108792.log
[2026-09-22T16:31:50-0400] [manual] ACCEPTED qwen3827b-exl3-sc3bpw-v4-rtx4070tisuper-tabbyapi-tp1 on RTX 4070S Ti (orphaned run, runs/qwen3827b-exl3-sc3bpw-v4-rtx4070tisuper-tabbyapi-tp1.1790108745.log): decode 62.9 tok/s, ttft 551 ms over 3 samples; 0.02 (5 min at 0.252/h); instance 52117473 destroyed. Published by hand under the commit lock: committed 1456f4cb, recommended for rtx-4070-ti-super-16gb.
[2026-09-22T16:31:55-0400] [queue-a] runner start: 18 recipes: ['qwen3827b-exl3-sc3bpw-v4-rtx4060ti-tabbyapi-tp1', 'qwen3827b-exl3-sc3bpw-v4-rtx4070tisuper-tabbyapi-tp1', 'qwen3827b-exl3-sc3bpw-v4-rtx4080super-tabbyapi-tp1', 'qwen3827b-exl3-sc3bpw-v4-rtx4080-tabbyapi-tp1', 'qwen3827b-exl3-sc3bpw-v4-rtx5070ti-tabbyapi-tp1', 'qwen3827b-exl3-sc3bpw-v4-rtx5080-tabbyapi-tp1', 'qwen3827b-exl3-sc3bpw-v4-rtx5060ti-tabbyapi-tp1', 'qwen3827b-exl3-sc3bpw-v4-rtx2000ada-tabbyapi-tp1', 'qwen3827b-exl3-sc4bpw-rtx4000ada-tabbyapi-tp1', 'qwen3827b-exl3-sc4bpw-rtx3090-tabbyapi-tp1', 'qwen3827b-exl3-sc4bpw-rtx3090ti-tabbyapi-tp1', 'qwen3827b-exl3-sc4bpw-rtx4090-tabbyapi-tp1', 'qwen3827b-exl3-sc4bpw-rtxpro4000-tabbyapi-tp1', 'qwen3827b-exl3-sc5bpw-v6-rtxpro4500-tabbyapi-tp1', 'qwen3827b-exl3-sc5bpw-v6-rtx5090-tabbyapi-tp1', 'qwen3827b-exl3-sc5bpw-v6-rtx6000ada-tabbyapi-tp1', 'qwen3827b-exl3-sc5bpw-v6-rtxa6000-tabbyapi-tp1', 'qwen38-27b-nvfp4-rtxpro6000-sglang-tp1']
[2026-09-22T16:31:55-0400] [queue-a] skip qwen3827b-exl3-sc3bpw-v4-rtx4060ti-tabbyapi-tp1: already validated
[2026-09-22T16:31:55-0400] [queue-a] skip qwen3827b-exl3-sc3bpw-v4-rtx4070tisuper-tabbyapi-tp1: already validated
[2026-09-22T16:31:56-0400] [queue-a] vast balance 44.764895176080856 (need > 1.5)
[2026-09-22T16:31:57-0400] [queue-a] start qwen3827b-exl3-sc3bpw-v4-rtx4080super-tabbyapi-tp1 on rtx-4080-super-16gb: --provider vast --vast-min-cuda 13.2 --disk 50 -> runs/qwen3827b-exl3-sc3bpw-v4-rtx4080super-tabbyapi-tp1.1790109117.log
[2026-09-22T16:41:53-0400] [queue-a] ACCEPTED qwen3827b-exl3-sc3bpw-v4-rtx4080super-tabbyapi-tp1 on RTX 4080S: decode 77.4 tok/s (client_post_first_token_estimate), ttft 763 ms over 3 samples; 0.05 (10 min at 0.306/h); 10 min
[2026-09-22T16:42:01-0400] [queue-a] committed d4b94644: qwen3827b-exl3-sc3bpw-v4-rtx4080super-tabbyapi-tp1 accepted and recommended for rtx-4080-super-16gb
[2026-09-22T16:42:04-0400] [queue-a] vast balance 44.62494571608089 (need > 1.5)
[2026-09-22T16:42:06-0400] [queue-a] start qwen3827b-exl3-sc3bpw-v4-rtx4080-tabbyapi-tp1 on rtx-4080-16gb: --provider vast --vast-min-cuda 13.2 --disk 50 -> runs/qwen3827b-exl3-sc3bpw-v4-rtx4080-tabbyapi-tp1.1790109726.log
[2026-09-22T16:49:20-0400] [queue-a] ACCEPTED qwen3827b-exl3-sc3bpw-v4-rtx4080-tabbyapi-tp1 on RTX 4080: decode 56.6 tok/s (client_post_first_token_estimate), ttft 742 ms over 3 samples; 0.04 (7 min at 0.335/h); 7 min
[2026-09-22T16:49:27-0400] [queue-a] committed 81940f97: qwen3827b-exl3-sc3bpw-v4-rtx4080-tabbyapi-tp1 accepted and recommended for rtx-4080-16gb
[2026-09-22T16:49:29-0400] [queue-a] vast balance 44.06496474108087 (need > 1.5)
[2026-09-22T16:49:30-0400] [queue-a] start qwen3827b-exl3-sc3bpw-v4-rtx5070ti-tabbyapi-tp1 on rtx-5070-ti-16gb: --provider vast --vast-min-cuda 13.2 --disk 50 -> runs/qwen3827b-exl3-sc3bpw-v4-rtx5070ti-tabbyapi-tp1.1790110170.log
[2026-09-22T16:53:41-0400] [queue-a] ACCEPTED qwen3827b-exl3-sc3bpw-v4-rtx5070ti-tabbyapi-tp1 on RTX 5070 Ti: decode 76.2 tok/s (client_post_first_token_estimate), ttft 559 ms over 3 samples; 0.04 (4 min at 0.535/h); 4 min
[2026-09-22T16:53:49-0400] [queue-a] committed 5e2e9a1c: qwen3827b-exl3-sc3bpw-v4-rtx5070ti-tabbyapi-tp1 accepted and recommended for rtx-5070-ti-16gb
[2026-09-22T16:53:50-0400] [queue-a] vast balance 43.94756762908088 (need > 1.5)
[2026-09-22T16:53:51-0400] [queue-a] start qwen3827b-exl3-sc3bpw-v4-rtx5080-tabbyapi-tp1 on rtx-5080-16gb: --provider vast --vast-min-cuda 13.2 --disk 50 -> runs/qwen3827b-exl3-sc3bpw-v4-rtx5080-tabbyapi-tp1.1790110431.log
[2026-09-22T16:57:58-0400] [queue-a] ACCEPTED qwen3827b-exl3-sc3bpw-v4-rtx5080-tabbyapi-tp1 on RTX 5080: decode 77.6 tok/s (client_post_first_token_estimate), ttft 486 ms over 3 samples; 0.02 (4 min at 0.336/h); 4 min
[2026-09-22T16:58:06-0400] [queue-a] committed bac247b2: qwen3827b-exl3-sc3bpw-v4-rtx5080-tabbyapi-tp1 accepted and recommended for rtx-5080-16gb
[2026-09-22T16:58:07-0400] [queue-a] vast balance 43.6444493210809 (need > 1.5)
[2026-09-22T16:58:08-0400] [queue-a] start qwen3827b-exl3-sc3bpw-v4-rtx5060ti-tabbyapi-tp1 on rtx-5060-ti-16gb: --provider vast --vast-min-cuda 13.2 --disk 50 -> runs/qwen3827b-exl3-sc3bpw-v4-rtx5060ti-tabbyapi-tp1.1790110688.log
[2026-09-22T16:58:41-0400] FINDING: qwen359b-exl3-4bpw-rtx3060 load failed in-container: "Required tensor mtp.pre_fc_norm_hidden.weight not found in any *.safetensors file in /workspace/models/Qwen3.5-9B-EXL3-4bpw" (vastai logs 52117600). The turboderp Qwen3.5-9B-exl3 4.00bpw weights at the pinned revision carry no MTP head, so draft_mode: mtp cannot load. Stopped runner queue-b (pid 32572) and SIGTERMed its validator (pid 32627, instance 52117600) before the 15 other Qwen3.5-9B items repeat the failure; checking Hugging Face for a revision/branch with the MTP tensors.
[2026-09-22T17:01:35-0400] Qwen3.5-9B fix: no branch of turboderp/Qwen3.5-9B-exl3 has mtp.* tensors (safetensors headers checked: 4.00/3.00/5.00/6.00bpw all 0 of 1363); TheMelonGod/Qwen3.5-9B-exl3 6hb-4.0bpw (e98453aa, 6.83 GB, 1402 tensors incl. 39 mtp.*, quant_method exl3 4.0 bits head 6) and Ppeerapon/Qwen3.5-9B-EXL3-4.0bpw have it. New instance themelongod-qwen3-5-9b-exl3--6hb-4-0bpw; both qwen359b configs model_name -> Qwen3.5-9B-EXL3-6hb-4bpw; 16 qwen359b recipes repointed. Checks OK, committed 5106fd04. Restarting queue-b.
[2026-09-22T17:01:42-0400] [queue-b] runner start: 28 recipes: ['qwen359b-exl3-4bpw-rtx3060-tabbyapi-tp1', 'qwen359b-exl3-4bpw-rtx3080ti-tabbyapi-tp1', 'qwen359b-exl3-4bpw-rtx4070super-tabbyapi-tp1', 'qwen359b-exl3-4bpw-rtx4070-tabbyapi-tp1', 'qwen359b-exl3-4bpw-rtx4070ti-tabbyapi-tp1', 'qwen359b-exl3-4bpw-rtx5070-tabbyapi-tp1', 'qwen359b-exl3-4bpw-rtx3080-tabbyapi-tp1', 'qwen359b-exl3-4bpw-rtx2000ada-tabbyapi-tp1', 'qwen359b-exl3-4bpw-rtx4060ti-tabbyapi-tp1', 'qwen359b-exl3-4bpw-rtx4070tisuper-tabbyapi-tp1', 'qwen359b-exl3-4bpw-rtx4080-tabbyapi-tp1', 'qwen359b-exl3-4bpw-rtx4080super-tabbyapi-tp1', 'qwen359b-exl3-4bpw-rtx5060ti-tabbyapi-tp1', 'qwen359b-exl3-4bpw-rtx5070ti-tabbyapi-tp1', 'qwen359b-exl3-4bpw-rtx5080-tabbyapi-tp1', 'qwen359b-exl3-4bpw-rtx4000ada-tabbyapi-tp1', 'qwen3827b-exl3-4bpw-rtx3090-tabbyapi-tp1', 'qwen3827b-exl3-4bpw-rtx3090ti-tabbyapi-tp1', 'qwen3827b-exl3-4bpw-rtx4090-tabbyapi-tp1', 'qwen3827b-exl3-4bpw-rtx5090-tabbyapi-tp1', 'qwen3827b-exl3-4bpw-rtx6000ada-tabbyapi-tp1', 'qwen3827b-exl3-4bpw-rtxa6000-tabbyapi-tp1', 'qwen3827b-exl3-4bpw-rtxpro4500-tabbyapi-tp1', 'qwen38flashnext-exl3-2-05bpw-h4-ng4-rtxpro4500-tabbyapi-tp1', 'qwen38-awq-int4-rtx4090-vllm-tp1', 'qwen38-awq-int4-rtx3090ti-vllm-tp1', 'qwen38-awq-int4-rtx3090-vllm-tp1', 'qwen36-gptq-int4-rtx3090-vllm-tp1']
[2026-09-22T17:01:43-0400] [queue-b] vast balance 43.60817348008089 (need > 5.0)
[2026-09-22T17:01:44-0400] [queue-b] start qwen359b-exl3-4bpw-rtx3060-tabbyapi-tp1 on rtx-3060-12gb: --provider vast --vast-min-cuda 13.2 --disk 50 -> runs/qwen359b-exl3-4bpw-rtx3060-tabbyapi-tp1.1790110904.log
[2026-09-22T17:06:00-0400] [queue-b] ACCEPTED qwen359b-exl3-4bpw-rtx3060-tabbyapi-tp1 on RTX 3060: decode 81.0 tok/s (client_post_first_token_estimate), ttft 536 ms over 3 samples; 0.00 (4 min at 0.066/h); 4 min
[2026-09-22T17:06:07-0400] [queue-b] committed fb0b57a2: qwen359b-exl3-4bpw-rtx3060-tabbyapi-tp1 accepted and recommended for rtx-3060-12gb
[2026-09-22T17:06:08-0400] [queue-b] vast balance 42.79618553308089 (need > 1.5)
[2026-09-22T17:06:09-0400] [queue-b] start qwen359b-exl3-4bpw-rtx3080ti-tabbyapi-tp1 on rtx-3080-ti-12gb: --provider vast --vast-min-cuda 13.2 --disk 50 -> runs/qwen359b-exl3-4bpw-rtx3080ti-tabbyapi-tp1.1790111169.log
[2026-09-22T17:07:38-0400] [queue-a] ACCEPTED qwen3827b-exl3-sc3bpw-v4-rtx5060ti-tabbyapi-tp1 on RTX 5060 Ti: decode 39.1 tok/s (client_post_first_token_estimate), ttft 963 ms over 3 samples; 0.03 (9 min at 0.202/h); 9 min
[2026-09-22T17:07:45-0400] [queue-a] committed 0a457ed5: qwen3827b-exl3-sc3bpw-v4-rtx5060ti-tabbyapi-tp1 accepted and recommended for rtx-5060-ti-16gb
[2026-09-22T17:07:46-0400] [queue-a] vast balance 42.784830987080895 (need > 1.5)
[2026-09-22T17:07:47-0400] [queue-a] start qwen3827b-exl3-sc3bpw-v4-rtx2000ada-tabbyapi-tp1 on rtx-2000-ada-16gb: --provider vast --vast-min-cuda 13.2 --disk 50 -> runs/qwen3827b-exl3-sc3bpw-v4-rtx2000ada-tabbyapi-tp1.1790111267.log
[2026-09-22T17:07:50-0400] [queue-a] NO OFFER qwen3827b-exl3-sc3bpw-v4-rtx2000ada-tabbyapi-tp1: no Vast offers for num_gpus=1 rentable=true verified=true gpu_name=RTX_2000Ada gpu_ram>=15 inet_down>=500 disk_space>=55 reliability>0.9 cuda_max_good>=13.2 geolocation notin [CN]
[2026-09-22T17:07:51-0400] [queue-a] vast balance 42.784830987080895 (need > 1.5)
[2026-09-22T17:07:52-0400] [queue-a] start qwen3827b-exl3-sc4bpw-rtx4000ada-tabbyapi-tp1 on rtx-4000-ada-20gb: --provider vast --vast-min-cuda 13.2 --disk 50 -> runs/qwen3827b-exl3-sc4bpw-rtx4000ada-tabbyapi-tp1.1790111272.log
[2026-09-22T17:07:54-0400] [queue-a] NO OFFER qwen3827b-exl3-sc4bpw-rtx4000ada-tabbyapi-tp1: no Vast offers for num_gpus=1 rentable=true verified=true gpu_name=RTX_4000Ada gpu_ram>=19 inet_down>=500 disk_space>=55 reliability>0.9 cuda_max_good>=13.2 geolocation notin [CN]
[2026-09-22T17:07:55-0400] [queue-a] vast balance 42.784830987080895 (need > 1.5)
[2026-09-22T17:07:56-0400] [queue-a] start qwen3827b-exl3-sc4bpw-rtx3090-tabbyapi-tp1 on rtx-3090-24gb: --provider vast --vast-min-cuda 13.2 --disk 50 -> runs/qwen3827b-exl3-sc4bpw-rtx3090-tabbyapi-tp1.1790111276.log
[2026-09-22T17:11:06-0400] [queue-b] ACCEPTED qwen359b-exl3-4bpw-rtx3080ti-tabbyapi-tp1 on RTX 3080 Ti: decode 128.4 tok/s (client_post_first_token_estimate), ttft 523 ms over 3 samples; 0.02 (5 min at 0.269/h); 5 min
[2026-09-22T17:11:16-0400] [queue-b] committed 25f7870c: qwen359b-exl3-4bpw-rtx3080ti-tabbyapi-tp1 accepted and recommended for rtx-3080-ti-12gb
[2026-09-22T17:11:17-0400] [queue-b] vast balance 42.76200069708089 (need > 1.5)
[2026-09-22T17:11:18-0400] [queue-b] start qwen359b-exl3-4bpw-rtx4070super-tabbyapi-tp1 on rtx-4070-super-12gb: --provider vast --vast-min-cuda 13.2 --disk 50 -> runs/qwen359b-exl3-4bpw-rtx4070super-tabbyapi-tp1.1790111478.log
[2026-09-22T17:11:20-0400] [queue-b] NO OFFER qwen359b-exl3-4bpw-rtx4070super-tabbyapi-tp1: no Vast offers for num_gpus=1 rentable=true verified=true gpu_name=RTX_4070S gpu_ram>=11 inet_down>=500 disk_space>=55 reliability>0.9 cuda_max_good>=13.2 geolocation notin [CN]
[2026-09-22T17:11:21-0400] [queue-b] vast balance 42.76200069708089 (need > 1.5)
[2026-09-22T17:11:22-0400] [queue-b] start qwen359b-exl3-4bpw-rtx4070-tabbyapi-tp1 on rtx-4070-12gb: --provider vast --vast-min-cuda 13.2 --disk 50 -> runs/qwen359b-exl3-4bpw-rtx4070-tabbyapi-tp1.1790111482.log
[2026-09-22T17:18:28-0400] [queue-b] ACCEPTED qwen359b-exl3-4bpw-rtx4070-tabbyapi-tp1 on RTX 4070: decode 118.1 tok/s (client_post_first_token_estimate), ttft 525 ms over 3 samples; 0.05 (7 min at 0.468/h); 7 min
[2026-09-22T17:18:36-0400] [queue-b] committed 0f72938d: qwen359b-exl3-4bpw-rtx4070-tabbyapi-tp1 accepted and recommended for rtx-4070-12gb
[2026-09-22T17:18:37-0400] [queue-b] vast balance 42.625106335080886 (need > 1.5)
[2026-09-22T17:18:38-0400] [queue-b] start qwen359b-exl3-4bpw-rtx4070ti-tabbyapi-tp1 on rtx-4070-ti-12gb: --provider vast --vast-min-cuda 13.2 --disk 50 -> runs/qwen359b-exl3-4bpw-rtx4070ti-tabbyapi-tp1.1790111918.log
[2026-09-22T17:18:40-0400] [queue-b] NO OFFER qwen359b-exl3-4bpw-rtx4070ti-tabbyapi-tp1: no Vast offers for num_gpus=1 rentable=true verified=true gpu_name=RTX_4070_Ti gpu_ram>=11 inet_down>=500 disk_space>=55 reliability>0.9 cuda_max_good>=13.2 geolocation notin [CN]
[2026-09-22T17:18:41-0400] [queue-b] vast balance 42.625106335080886 (need > 1.5)
[2026-09-22T17:18:42-0400] [queue-b] start qwen359b-exl3-4bpw-rtx5070-tabbyapi-tp1 on rtx-5070-12gb: --provider vast --vast-min-cuda 13.2 --disk 50 -> runs/qwen359b-exl3-4bpw-rtx5070-tabbyapi-tp1.1790111922.log
[2026-09-22T17:18:44-0400] [queue-b] NO OFFER qwen359b-exl3-4bpw-rtx5070-tabbyapi-tp1: no Vast offers for num_gpus=1 rentable=true verified=true gpu_name=RTX_5070 gpu_ram>=11 inet_down>=500 disk_space>=55 reliability>0.9 cuda_max_good>=13.2 geolocation notin [CN]
[2026-09-22T17:18:45-0400] [queue-b] vast balance 42.625106335080886 (need > 1.5)
[2026-09-22T17:18:46-0400] [queue-b] start qwen359b-exl3-4bpw-rtx3080-tabbyapi-tp1 on rtx-3080-12gb: --provider vast --vast-min-cuda 13.2 --disk 50 -> runs/qwen359b-exl3-4bpw-rtx3080-tabbyapi-tp1.1790111926.log
[2026-09-22T17:18:48-0400] [queue-b] NO OFFER qwen359b-exl3-4bpw-rtx3080-tabbyapi-tp1: no Vast offers for num_gpus=1 rentable=true verified=true gpu_name=RTX_3080 gpu_ram>=11 inet_down>=500 disk_space>=55 reliability>0.9 cuda_max_good>=13.2 geolocation notin [CN]
[2026-09-22T17:18:49-0400] [queue-b] vast balance 42.625106335080886 (need > 1.5)
[2026-09-22T17:18:50-0400] [queue-b] start qwen359b-exl3-4bpw-rtx2000ada-tabbyapi-tp1 on rtx-2000-ada-16gb: --provider vast --vast-min-cuda 13.2 --disk 50 -> runs/qwen359b-exl3-4bpw-rtx2000ada-tabbyapi-tp1.1790111930.log
[2026-09-22T17:18:52-0400] [queue-b] NO OFFER qwen359b-exl3-4bpw-rtx2000ada-tabbyapi-tp1: no Vast offers for num_gpus=1 rentable=true verified=true gpu_name=RTX_2000Ada gpu_ram>=15 inet_down>=500 disk_space>=55 reliability>0.9 cuda_max_good>=13.2 geolocation notin [CN]
[2026-09-22T17:18:54-0400] [queue-b] vast balance 42.625106335080886 (need > 1.5)
[2026-09-22T17:18:54-0400] [queue-b] start qwen359b-exl3-4bpw-rtx4060ti-tabbyapi-tp1 on rtx-4060-ti-16gb: --provider vast --vast-min-cuda 13.2 --disk 50 -> runs/qwen359b-exl3-4bpw-rtx4060ti-tabbyapi-tp1.1790111934.log
[2026-09-22T17:25:18-0400] [queue-b] ACCEPTED qwen359b-exl3-4bpw-rtx4060ti-tabbyapi-tp1 on RTX 4060 Ti: decode 76.8 tok/s (client_post_first_token_estimate), ttft 719 ms over 3 samples; 0.01 (6 min at 0.109/h); 6 min
[2026-09-22T17:25:25-0400] [queue-b] committed 5feb4c23: qwen359b-exl3-4bpw-rtx4060ti-tabbyapi-tp1 accepted
[2026-09-22T17:25:26-0400] [queue-b] vast balance 42.31661732788088 (need > 1.5)
[2026-09-22T17:25:27-0400] [queue-b] start qwen359b-exl3-4bpw-rtx4070tisuper-tabbyapi-tp1 on rtx-4070-ti-super-16gb: --provider vast --vast-min-cuda 13.2 --disk 50 -> runs/qwen359b-exl3-4bpw-rtx4070tisuper-tabbyapi-tp1.1790112327.log
[2026-09-22T17:28:17-0400] [queue-a] FAILED qwen3827b-exl3-sc4bpw-rtx3090-tabbyapi-tp1 rc=1 after 20 min (0.04 (10 min at 0.247/h)): container never started; giving up
[2026-09-22T17:28:18-0400] [queue-a] vast balance 42.301389663880855 (need > 1.5)
[2026-09-22T17:28:19-0400] [queue-a] start qwen3827b-exl3-sc4bpw-rtx3090ti-tabbyapi-tp1 on rtx-3090-ti-24gb: --provider vast --vast-min-cuda 13.2 --disk 50 -> runs/qwen3827b-exl3-sc4bpw-rtx3090ti-tabbyapi-tp1.1790112499.log
[2026-09-22T17:28:24-0400] [queue-b] ACCEPTED qwen359b-exl3-4bpw-rtx4070tisuper-tabbyapi-tp1 on RTX 4070S Ti: decode 145.3 tok/s (client_post_first_token_estimate), ttft 397 ms over 3 samples; 0.01 (3 min at 0.252/h); 3 min
[2026-09-22T17:28:31-0400] [queue-b] committed 00b574b8: qwen359b-exl3-4bpw-rtx4070tisuper-tabbyapi-tp1 accepted
[2026-09-22T17:28:32-0400] [queue-b] vast balance 42.28167977388085 (need > 1.5)
[2026-09-22T17:28:33-0400] analysis: qwen3827b-exl3-sc4bpw-rtx3090 failed on two hosts (52123667, 52125389) that stalled pulling image layer 19ecffd1183d ("Retrying in N seconds" for 10 min each, both destroyed by validate_rented). A host/pull problem, not a recipe problem: queued for a later retry in runs/queue-c.json.
[2026-09-22T17:28:33-0400] [queue-b] start qwen359b-exl3-4bpw-rtx4080-tabbyapi-tp1 on rtx-4080-16gb: --provider vast --vast-min-cuda 13.2 --disk 50 -> runs/qwen359b-exl3-4bpw-rtx4080-tabbyapi-tp1.1790112513.log
[2026-09-22T17:32:23-0400] [queue-b] ACCEPTED qwen359b-exl3-4bpw-rtx4080-tabbyapi-tp1 on RTX 4080: decode 159.9 tok/s (client_post_first_token_estimate), ttft 360 ms over 3 samples; 0.02 (4 min at 0.268/h); 4 min
[2026-09-22T17:32:30-0400] [queue-b] committed 7afcadb9: qwen359b-exl3-4bpw-rtx4080-tabbyapi-tp1 accepted
[2026-09-22T17:32:31-0400] [queue-b] vast balance 41.96674131988087 (need > 1.5)
[2026-09-22T17:32:32-0400] [queue-b] start qwen359b-exl3-4bpw-rtx4080super-tabbyapi-tp1 on rtx-4080-super-16gb: --provider vast --vast-min-cuda 13.2 --disk 50 -> runs/qwen359b-exl3-4bpw-rtx4080super-tabbyapi-tp1.1790112752.log
[2026-09-22T17:32:34-0400] [queue-b] NO OFFER qwen359b-exl3-4bpw-rtx4080super-tabbyapi-tp1: no Vast offers for num_gpus=1 rentable=true verified=true gpu_name=RTX_4080S gpu_ram>=15 inet_down>=500 disk_space>=55 reliability>0.9 cuda_max_good>=13.2 geolocation notin [CN]
[2026-09-22T17:32:35-0400] [queue-b] vast balance 41.96674131988087 (need > 1.5)
[2026-09-22T17:32:36-0400] [queue-b] start qwen359b-exl3-4bpw-rtx5060ti-tabbyapi-tp1 on rtx-5060-ti-16gb: --provider vast --vast-min-cuda 13.2 --disk 50 -> runs/qwen359b-exl3-4bpw-rtx5060ti-tabbyapi-tp1.1790112756.log
[2026-09-22T17:36:44-0400] [queue-a] ACCEPTED qwen3827b-exl3-sc4bpw-rtx3090ti-tabbyapi-tp1 on RTX 3090 Ti: decode 67.2 tok/s (client_post_first_token_estimate), ttft 745 ms over 3 samples; 0.04 (8 min at 0.260/h); 8 min
[2026-09-22T17:36:51-0400] [queue-a] committed 49b4abfc: qwen3827b-exl3-sc4bpw-rtx3090ti-tabbyapi-tp1 accepted and recommended for rtx-3090-ti-24gb
[2026-09-22T17:36:52-0400] [queue-a] vast balance 41.27740111088086 (need > 1.5)
[2026-09-22T17:36:53-0400] [queue-a] start qwen3827b-exl3-sc4bpw-rtx4090-tabbyapi-tp1 on rtx-4090-24gb: --provider vast --vast-min-cuda 13.2 --disk 50 -> runs/qwen3827b-exl3-sc4bpw-rtx4090-tabbyapi-tp1.1790113013.log
[2026-09-22T17:43:07-0400] [queue-a] ACCEPTED qwen3827b-exl3-sc4bpw-rtx4090-tabbyapi-tp1 on RTX 4090: decode 85.6 tok/s (client_post_first_token_estimate), ttft 678 ms over 3 samples; 0.05 (6 min at 0.476/h); 6 min
[2026-09-22T17:43:16-0400] [queue-a] committed b42f82fc: qwen3827b-exl3-sc4bpw-rtx4090-tabbyapi-tp1 accepted and recommended for rtx-4090-24gb
[2026-09-22T17:43:17-0400] [queue-a] vast balance 40.57788452988085 (need > 1.5)
[2026-09-22T17:43:18-0400] [queue-a] start qwen3827b-exl3-sc4bpw-rtxpro4000-tabbyapi-tp1 on rtx-pro-4000-blackwell-24gb: --provider vast --vast-min-cuda 13.2 --disk 50 -> runs/qwen3827b-exl3-sc4bpw-rtxpro4000-tabbyapi-tp1.1790113398.log
[2026-09-22T17:48:39-0400] [queue-a] ACCEPTED qwen3827b-exl3-sc4bpw-rtxpro4000-tabbyapi-tp1 on RTX PRO 4000: decode 57.4 tok/s (client_post_first_token_estimate), ttft 798 ms over 3 samples; 0.03 (5 min at 0.376/h); 5 min
[2026-09-22T17:48:48-0400] [queue-a] committed 40a4390a: qwen3827b-exl3-sc4bpw-rtxpro4000-tabbyapi-tp1 accepted and recommended for rtx-pro-4000-blackwell-24gb
[2026-09-22T17:48:49-0400] [queue-a] vast balance 39.88856405088086 (need > 1.5)
[2026-09-22T17:48:50-0400] [queue-a] start qwen3827b-exl3-sc5bpw-v6-rtxpro4500-tabbyapi-tp1 on rtx-pro-4500-blackwell-32gb: --provider vast --vast-min-cuda 13.2 --disk 50 -> runs/qwen3827b-exl3-sc5bpw-v6-rtxpro4500-tabbyapi-tp1.1790113730.log
[2026-09-22T17:54:46-0400] [queue-a] ACCEPTED qwen3827b-exl3-sc5bpw-v6-rtxpro4500-tabbyapi-tp1 on RTX PRO 4500: decode 64.5 tok/s (client_post_first_token_estimate), ttft 533 ms over 3 samples; 0.03 (6 min at 0.352/h); 6 min
[2026-09-22T17:54:54-0400] [queue-a] committed 4ea57df3: qwen3827b-exl3-sc5bpw-v6-rtxpro4500-tabbyapi-tp1 accepted and recommended for rtx-pro-4500-blackwell-32gb
[2026-09-22T17:54:55-0400] [queue-a] vast balance 39.65339829388084 (need > 1.5)
[2026-09-22T17:54:56-0400] [queue-a] start qwen3827b-exl3-sc5bpw-v6-rtx5090-tabbyapi-tp1 on rtx-5090-32gb: --provider vast --vast-min-cuda 13.2 --disk 50 -> runs/qwen3827b-exl3-sc5bpw-v6-rtx5090-tabbyapi-tp1.1790114096.log
[2026-09-22T17:59:20-0400] [queue-a] ACCEPTED qwen3827b-exl3-sc5bpw-v6-rtx5090-tabbyapi-tp1 on RTX 5090: decode 117.0 tok/s (client_post_first_token_estimate), ttft 527 ms over 3 samples; 0.05 (4 min at 0.637/h); 4 min
[2026-09-22T17:59:27-0400] [queue-a] committed f3fe1dbb: qwen3827b-exl3-sc5bpw-v6-rtx5090-tabbyapi-tp1 accepted and recommended for rtx-5090-32gb
[2026-09-22T17:59:28-0400] [queue-a] vast balance 39.53482771088086 (need > 1.5)
[2026-09-22T17:59:29-0400] [queue-a] start qwen3827b-exl3-sc5bpw-v6-rtx6000ada-tabbyapi-tp1 on rtx-6000-ada-48gb: --provider vast --vast-min-cuda 13.2 --disk 50 -> runs/qwen3827b-exl3-sc5bpw-v6-rtx6000ada-tabbyapi-tp1.1790114369.log
[2026-09-22T17:59:31-0400] [queue-a] NO OFFER qwen3827b-exl3-sc5bpw-v6-rtx6000ada-tabbyapi-tp1: no Vast offers for num_gpus=1 rentable=true verified=true gpu_name=RTX_6000Ada gpu_ram>=47 inet_down>=500 disk_space>=55 reliability>0.9 cuda_max_good>=13.2 geolocation notin [CN]
[2026-09-22T17:59:32-0400] [queue-a] vast balance 39.53482771088086 (need > 1.5)
[2026-09-22T17:59:33-0400] [queue-a] start qwen3827b-exl3-sc5bpw-v6-rtxa6000-tabbyapi-tp1 on rtx-a6000-48gb: --provider vast --vast-min-cuda 13.2 --disk 50 -> runs/qwen3827b-exl3-sc5bpw-v6-rtxa6000-tabbyapi-tp1.1790114373.log
[2026-09-22T18:06:53-0400] [queue-a] ACCEPTED qwen3827b-exl3-sc5bpw-v6-rtxa6000-tabbyapi-tp1 on RTX A6000: decode 58.1 tok/s (client_post_first_token_estimate), ttft 638 ms over 3 samples; 0.05 (7 min at 0.454/h); 7 min
[2026-09-22T18:07:00-0400] [queue-a] committed 4553483c: qwen3827b-exl3-sc5bpw-v6-rtxa6000-tabbyapi-tp1 accepted and recommended for rtx-a6000-48gb
[2026-09-22T18:07:02-0400] [queue-a] vast balance 39.281121595880876 (need > 1.5)
[2026-09-22T18:07:03-0400] [queue-a] start qwen38-27b-nvfp4-rtxpro6000-sglang-tp1 on rtx-pro-6000-blackwell-96gb: --provider vast --vast-min-cuda 13.0 --disk 60 -> runs/qwen38-27b-nvfp4-rtxpro6000-sglang-tp1.1790114823.log
[2026-09-22T18:15:34-0400] [queue-a] ACCEPTED qwen38-27b-nvfp4-rtxpro6000-sglang-tp1 on RTX PRO 6000 WS: decode 88.2 tok/s (client_post_first_token_estimate), ttft 552 ms over 3 samples; 0.28 (8 min at 1.989/h); 9 min
[2026-09-22T18:15:42-0400] [queue-a] committed a840e700: qwen38-27b-nvfp4-rtxpro6000-sglang-tp1 accepted and recommended for rtx-pro-6000-blackwell-96gb
[2026-09-22T18:15:42-0400] [queue-a] pass 1 done; 3 waiting for an offer: ['qwen3827b-exl3-sc3bpw-v4-rtx2000ada-tabbyapi-tp1', 'qwen3827b-exl3-sc4bpw-rtx4000ada-tabbyapi-tp1', 'qwen3827b-exl3-sc5bpw-v6-rtx6000ada-tabbyapi-tp1']; retry in 60 min
[2026-09-22T18:16:02-0400] DEVIATION: qwen38-27b-nvfp4-rtxpro6000-sglang-tp1 rented at $1.989/h (8 min, $0.28; runs/qwen38-27b-nvfp4-rtxpro6000-sglang-tp1.*.log), above the brief's $1/h ceiling: validate_rented.py had no price filter and my queue did not add one. Accepted result kept (88.2 tok/s, commit a840e700). Fix: --vast-max-price (default 1.0) added to the Vast offer query, committed 395631b4; every later run inherits it.
[2026-09-22T18:22:08-0400] analysis: qwen359b-exl3-4bpw-rtx5060ti on Vast instance 52127131: container ran 49 min without serving; vastai logs show huggingface_hub failing with "Temporary failure in name resolution" (host has no DNS), so the weights never downloaded. SIGTERMed the validator (pid 34379) so the instance is destroyed instead of waiting out the 3600 s health timeout; recipe queued for a retry on another host (runs/queue-c.json).
[2026-09-22T18:22:11-0400] [queue-b] FAILED qwen359b-exl3-4bpw-rtx5060ti-tabbyapi-tp1 rc=1 after 50 min (0.17 (49 min at 0.201/h)): terminated
[2026-09-22T18:22:12-0400] [queue-b] vast balance 38.23535214888088 (need > 1.5)
[2026-09-22T18:22:13-0400] [queue-b] start qwen359b-exl3-4bpw-rtx5070ti-tabbyapi-tp1 on rtx-5070-ti-16gb: --provider vast --vast-min-cuda 13.2 --disk 50 -> runs/qwen359b-exl3-4bpw-rtx5070ti-tabbyapi-tp1.1790115733.log
[2026-09-22T18:24:32-0400] [queue-b] ACCEPTED qwen359b-exl3-4bpw-rtx5070ti-tabbyapi-tp1 on RTX 5070 Ti: decode 171.5 tok/s (client_post_first_token_estimate), ttft 440 ms over 3 samples; 0.02 (2 min at 0.535/h); 2 min
[2026-09-22T18:24:39-0400] [queue-b] committed 31f04bfe: qwen359b-exl3-4bpw-rtx5070ti-tabbyapi-tp1 accepted
[2026-09-22T18:24:41-0400] [queue-b] vast balance 38.19766873088088 (need > 1.5)
[2026-09-22T18:24:42-0400] [queue-b] start qwen359b-exl3-4bpw-rtx5080-tabbyapi-tp1 on rtx-5080-16gb: --provider vast --vast-min-cuda 13.2 --disk 50 -> runs/qwen359b-exl3-4bpw-rtx5080-tabbyapi-tp1.1790115882.log
[2026-09-22T18:30:39-0400] [queue-b] ACCEPTED qwen359b-exl3-4bpw-rtx5080-tabbyapi-tp1 on RTX 5080: decode 179.4 tok/s (client_post_first_token_estimate), ttft 361 ms over 3 samples; 0.03 (6 min at 0.298/h); 6 min
[2026-09-22T18:30:46-0400] [queue-b] committed 7fd7cc69: qwen359b-exl3-4bpw-rtx5080-tabbyapi-tp1 accepted
[2026-09-22T18:30:47-0400] [queue-b] vast balance 37.88008296588089 (need > 1.5)
[2026-09-22T18:30:48-0400] [queue-b] start qwen359b-exl3-4bpw-rtx4000ada-tabbyapi-tp1 on rtx-4000-ada-20gb: --provider vast --vast-min-cuda 13.2 --disk 50 -> runs/qwen359b-exl3-4bpw-rtx4000ada-tabbyapi-tp1.1790116248.log
[2026-09-22T18:30:50-0400] [queue-b] NO OFFER qwen359b-exl3-4bpw-rtx4000ada-tabbyapi-tp1: no Vast offers for num_gpus=1 rentable=true verified=true gpu_name=RTX_4000Ada gpu_ram>=19 inet_down>=500 disk_space>=55 reliability>0.9 cuda_max_good>=13.2 dph_total<=1.0 geolocation notin [CN]
[2026-09-22T18:30:51-0400] [queue-b] vast balance 37.88008296588089 (need > 1.5)
[2026-09-22T18:30:52-0400] [queue-b] start qwen3827b-exl3-4bpw-rtx3090-tabbyapi-tp1 on rtx-3090-24gb: --provider vast --vast-min-cuda 13.2 --disk 50 -> runs/qwen3827b-exl3-4bpw-rtx3090-tabbyapi-tp1.1790116252.log
[2026-09-22T18:36:16-0400] [queue-b] ACCEPTED qwen3827b-exl3-4bpw-rtx3090-tabbyapi-tp1 on RTX 3090: decode 58.5 tok/s (client_post_first_token_estimate), ttft 701 ms over 3 samples; 0.03 (5 min at 0.337/h); 5 min
[2026-09-22T18:36:24-0400] [queue-b] committed 4f2a546e: qwen3827b-exl3-4bpw-rtx3090-tabbyapi-tp1 accepted and recommended for rtx-3090-24gb
[2026-09-22T18:36:25-0400] [queue-b] vast balance 37.80223013388088 (need > 1.5)
[2026-09-22T18:36:26-0400] [queue-b] start qwen3827b-exl3-4bpw-rtx3090ti-tabbyapi-tp1 on rtx-3090-ti-24gb: --provider vast --vast-min-cuda 13.2 --disk 50 -> runs/qwen3827b-exl3-4bpw-rtx3090ti-tabbyapi-tp1.1790116586.log
[2026-09-22T18:41:48-0400] [queue-b] ACCEPTED qwen3827b-exl3-4bpw-rtx3090ti-tabbyapi-tp1 on RTX 3090 Ti: decode 69.3 tok/s (client_post_first_token_estimate), ttft 818 ms over 3 samples; 0.02 (5 min at 0.260/h); 5 min
[2026-09-22T18:41:56-0400] [queue-b] committed ea94ebf4: qwen3827b-exl3-4bpw-rtx3090ti-tabbyapi-tp1 accepted
[2026-09-22T18:41:57-0400] [queue-b] vast balance 37.09251536888087 (need > 1.5)
[2026-09-22T18:41:58-0400] [queue-b] start qwen3827b-exl3-4bpw-rtx4090-tabbyapi-tp1 on rtx-4090-24gb: --provider vast --vast-min-cuda 13.2 --disk 50 -> runs/qwen3827b-exl3-4bpw-rtx4090-tabbyapi-tp1.1790116918.log
[2026-09-22T18:47:02-0400] [queue-b] ACCEPTED qwen3827b-exl3-4bpw-rtx4090-tabbyapi-tp1 on RTX 4090: decode 85.6 tok/s (client_post_first_token_estimate), ttft 569 ms over 3 samples; 0.04 (5 min at 0.482/h); 5 min
[2026-09-22T18:47:09-0400] [queue-b] committed a9a40a14: qwen3827b-exl3-4bpw-rtx4090-tabbyapi-tp1 accepted
[2026-09-22T18:47:10-0400] [queue-b] vast balance 37.048262406880895 (need > 1.5)
[2026-09-22T18:47:11-0400] [queue-b] start qwen3827b-exl3-4bpw-rtx5090-tabbyapi-tp1 on rtx-5090-32gb: --provider vast --vast-min-cuda 13.2 --disk 50 -> runs/qwen3827b-exl3-4bpw-rtx5090-tabbyapi-tp1.1790117231.log
[2026-09-22T18:52:56-0400] [queue-b] ACCEPTED qwen3827b-exl3-4bpw-rtx5090-tabbyapi-tp1 on RTX 5090: decode 123.7 tok/s (client_post_first_token_estimate), ttft 650 ms over 3 samples; 0.06 (6 min at 0.629/h); 6 min
[2026-09-22T18:53:04-0400] [queue-b] committed 26bc5213: qwen3827b-exl3-4bpw-rtx5090-tabbyapi-tp1 accepted
[2026-09-22T18:53:05-0400] [queue-b] vast balance 36.823544421780895 (need > 1.5)
[2026-09-22T18:53:06-0400] [queue-b] start qwen3827b-exl3-4bpw-rtx6000ada-tabbyapi-tp1 on rtx-6000-ada-48gb: --provider vast --vast-min-cuda 13.2 --disk 50 -> runs/qwen3827b-exl3-4bpw-rtx6000ada-tabbyapi-tp1.1790117586.log
[2026-09-22T18:53:08-0400] [queue-b] NO OFFER qwen3827b-exl3-4bpw-rtx6000ada-tabbyapi-tp1: no Vast offers for num_gpus=1 rentable=true verified=true gpu_name=RTX_6000Ada gpu_ram>=47 inet_down>=500 disk_space>=55 reliability>0.9 cuda_max_good>=13.2 dph_total<=1.0 geolocation notin [CN]
[2026-09-22T18:53:09-0400] [queue-b] vast balance 36.823544421780895 (need > 1.5)
[2026-09-22T18:53:10-0400] [queue-b] start qwen3827b-exl3-4bpw-rtxa6000-tabbyapi-tp1 on rtx-a6000-48gb: --provider vast --vast-min-cuda 13.2 --disk 50 -> runs/qwen3827b-exl3-4bpw-rtxa6000-tabbyapi-tp1.1790117590.log
2026-09-22T19:12:10-0400 WARNING: watchdog found instance 52136811 running as "omp-vastsweep-3090-anchor" (no run log matches this label); the lane runner that owns it looks gone, so decide to destroy it.
[2026-09-22T19:12:38-0400] [queue-b] ACCEPTED qwen3827b-exl3-4bpw-rtxa6000-tabbyapi-tp1 on RTX A6000: decode 63.5 tok/s (client_post_first_token_estimate), ttft 924 ms over 3 samples; 0.08 (10 min at 0.470/h); 19 min
[2026-09-22T19:12:46-0400] [queue-b] committed 0e407eea: qwen3827b-exl3-4bpw-rtxa6000-tabbyapi-tp1 accepted
[2026-09-22T19:12:47-0400] [queue-b] vast balance 36.624605252380874 (need > 1.5)
[2026-09-22T19:12:48-0400] [queue-b] start qwen3827b-exl3-4bpw-rtxpro4500-tabbyapi-tp1 on rtx-pro-4500-blackwell-32gb: --provider vast --vast-min-cuda 13.2 --disk 50 -> runs/qwen3827b-exl3-4bpw-rtxpro4500-tabbyapi-tp1.1790118768.log
[2026-09-22T19:12:49-0400] note: instance 52136811 "omp-vastsweep-3090-anchor" is not a campaign instance (no local-ai-validate- label; runner cleanup never touches it). Left to its owner / the watchdog.
[2026-09-22T19:15:43-0400] [queue-a] vast balance 36.54889759638088 (need > 1.5)
[2026-09-22T19:15:44-0400] [queue-a] start qwen3827b-exl3-sc3bpw-v4-rtx2000ada-tabbyapi-tp1 on rtx-2000-ada-16gb: --provider vast --vast-min-cuda 13.2 --disk 50 -> runs/qwen3827b-exl3-sc3bpw-v4-rtx2000ada-tabbyapi-tp1.1790118944.log
[2026-09-22T19:15:46-0400] [queue-a] NO OFFER qwen3827b-exl3-sc3bpw-v4-rtx2000ada-tabbyapi-tp1: no Vast offers for num_gpus=1 rentable=true verified=true gpu_name=RTX_2000Ada gpu_ram>=15 inet_down>=500 disk_space>=55 reliability>0.9 cuda_max_good>=13.2 dph_total<=1.0 geolocation notin [CN]
[2026-09-22T19:15:47-0400] [queue-a] vast balance 36.54889759638088 (need > 1.5)
[2026-09-22T19:15:49-0400] [queue-a] start qwen3827b-exl3-sc4bpw-rtx4000ada-tabbyapi-tp1 on rtx-4000-ada-20gb: --provider vast --vast-min-cuda 13.2 --disk 50 -> runs/qwen3827b-exl3-sc4bpw-rtx4000ada-tabbyapi-tp1.1790118949.log
[2026-09-22T19:15:51-0400] [queue-a] NO OFFER qwen3827b-exl3-sc4bpw-rtx4000ada-tabbyapi-tp1: no Vast offers for num_gpus=1 rentable=true verified=true gpu_name=RTX_4000Ada gpu_ram>=19 inet_down>=500 disk_space>=55 reliability>0.9 cuda_max_good>=13.2 dph_total<=1.0 geolocation notin [CN]
[2026-09-22T19:15:52-0400] [queue-a] vast balance 36.54889759638088 (need > 1.5)
[2026-09-22T19:15:53-0400] [queue-a] start qwen3827b-exl3-sc5bpw-v6-rtx6000ada-tabbyapi-tp1 on rtx-6000-ada-48gb: --provider vast --vast-min-cuda 13.2 --disk 50 -> runs/qwen3827b-exl3-sc5bpw-v6-rtx6000ada-tabbyapi-tp1.1790118953.log
[2026-09-22T19:15:55-0400] [queue-a] NO OFFER qwen3827b-exl3-sc5bpw-v6-rtx6000ada-tabbyapi-tp1: no Vast offers for num_gpus=1 rentable=true verified=true gpu_name=RTX_6000Ada gpu_ram>=47 inet_down>=500 disk_space>=55 reliability>0.9 cuda_max_good>=13.2 dph_total<=1.0 geolocation notin [CN]
[2026-09-22T19:15:55-0400] [queue-a] pass 2 done; 3 waiting for an offer: ['qwen3827b-exl3-sc3bpw-v4-rtx2000ada-tabbyapi-tp1', 'qwen3827b-exl3-sc4bpw-rtx4000ada-tabbyapi-tp1', 'qwen3827b-exl3-sc5bpw-v6-rtx6000ada-tabbyapi-tp1']; retry in 60 min
[2026-09-22T19:16:38-0400] offer analysis (vastai search, verified, <=$1/h, no CUDA filter): RTX 4000 Ada (2 offers), RTX 6000 Ada (1), RTX 4080S (2) exist only on cuda_max_good 13.0 hosts, below the tabbyapi-exl3 image floor cuda>=13.2, so they cannot run the image; RTX 2000 Ada, 4070 Super, 4070 Ti have no verified offer at all; RTX 3080 offers are all the 10 GB card; one RTX 5070 offer at 13.2 appeared (queue-b retries it next pass). Runners keep retrying hourly (8 passes); whatever is still missing goes under Blocked.
[2026-09-22T19:17:30-0400] note: accept_recipe.py names the acceptance sweep <recipe>-acceptance, so re-validating a recipe overwrites its previous acceptance sweep on disk; the before-MTP numbers remain at the campaign base commit de896528 and runs/mtp_report.py reads them from there (git show).
[2026-09-22T19:19:00-0400] [queue-b] ACCEPTED qwen3827b-exl3-4bpw-rtxpro4500-tabbyapi-tp1 on RTX PRO 4500: decode 77.2 tok/s (client_post_first_token_estimate), ttft 515 ms over 3 samples; 0.04 (6 min at 0.352/h); 6 min
[2026-09-22T19:19:07-0400] [queue-b] committed dcc208b3: qwen3827b-exl3-4bpw-rtxpro4500-tabbyapi-tp1 accepted
[2026-09-22T19:19:08-0400] [queue-b] vast balance 36.321342822380885 (need > 1.5)
[2026-09-22T19:19:09-0400] [queue-b] start qwen38flashnext-exl3-2-05bpw-h4-ng4-rtxpro4500-tabbyapi-tp1 on rtx-pro-4500-blackwell-32gb: --provider vast --vast-min-cuda 13.2 --disk 50 -> runs/qwen38flashnext-exl3-2-05bpw-h4-ng4-rtxpro4500-tabbyapi-tp1.1790119149.log
[2026-09-22T19:30:22-0400] [queue-b] FAILED qwen38flashnext-exl3-2-05bpw-h4-ng4-rtxpro4500-tabbyapi-tp1 rc=1 after 11 min (0.07 (11 min at 0.352/h)): vast instance exited: success, running ghcr.io/0xsero/tabbyapi-exl3@sha256:0f83e6198dc3be2561652d8df25
[2026-09-22T19:30:23-0400] [queue-b] vast balance 35.27636883738087 (need > 1.5)
[2026-09-22T19:30:24-0400] [queue-b] start qwen38-awq-int4-rtx4090-vllm-tp1 on rtx-4090-24gb: --provider vast --vast-min-cuda 13.0 --disk 60 -> runs/qwen38-awq-int4-rtx4090-vllm-tp1.1790119824.log
[2026-09-22T19:30:45-0400] analysis: qwen38flashnext on 52138309: huggingface_hub 'Not enough free disk space' (weights 58.5 GB, 23 files, container disk 50 GB shared with the ~12 GB image); the download died and the container exited. Re-queued in runs/queue-c.json with --disk 83.
2026-09-22T19:42:11-0400 WARNING: watchdog found instance 52136811 running as "omp-vastsweep-3090-anchor" (no run log matches this label); the lane runner that owns it looks gone, so decide to destroy it.
[2026-09-22T19:50:15-0400] [queue-b] FAILED qwen38-awq-int4-rtx4090-vllm-tp1 rc=1 after 20 min (0.16 (20 min at 0.476/h)): vast instance exited: Error response from daemon: Minimum memory limit can not be less than memory res
[2026-09-22T19:50:16-0400] [queue-b] vast balance 34.95517385238092 (need > 1.5)
[2026-09-22T19:50:17-0400] [queue-b] start qwen38-awq-int4-rtx3090ti-vllm-tp1 on rtx-3090-ti-24gb: --provider vast --vast-min-cuda 13.0 --disk 60 -> runs/qwen38-awq-int4-rtx3090ti-vllm-tp1.1790121017.log
[2026-09-22T19:53:02-0400] analysis: qwen38-awq-int4-rtx4090-vllm on 52139197 ran 17 min after the pull without /v1/models, then the host's docker daemon reported "Minimum memory limit can not be less than memory reservation limit" and the instance exited (runs/qwen38-awq-int4-rtx4090-vllm-tp1.*.log); container logs went with the instance, so whether vLLM itself objected to --speculative-config is not yet known. Re-queued in runs/queue-c.json; the 3090 Ti vLLM run now in flight will show the vLLM startup log.
2026-09-22T20:12:38-0400 WARNING: watchdog found instance 52136811 running as "omp-vastsweep-3090-anchor" (no run log matches this label); the lane runner that owns it looks gone, so decide to destroy it.
[2026-09-22T20:15:56-0400] [queue-a] vast balance 33.90701254338093 (need > 1.5)
[2026-09-22T20:15:57-0400] [queue-a] start qwen3827b-exl3-sc3bpw-v4-rtx2000ada-tabbyapi-tp1 on rtx-2000-ada-16gb: --provider vast --vast-min-cuda 13.2 --disk 50 -> runs/qwen3827b-exl3-sc3bpw-v4-rtx2000ada-tabbyapi-tp1.1790122557.log
[2026-09-22T20:15:59-0400] [queue-a] NO OFFER qwen3827b-exl3-sc3bpw-v4-rtx2000ada-tabbyapi-tp1: no Vast offers for num_gpus=1 rentable=true verified=true gpu_name=RTX_2000Ada gpu_ram>=15 inet_down>=500 disk_space>=55 reliability>0.9 cuda_max_good>=13.2 dph_total<=1.0 geolocation notin [CN]
[2026-09-22T20:16:01-0400] [queue-a] vast balance 33.90701254338093 (need > 1.5)
[2026-09-22T20:16:02-0400] [queue-a] start qwen3827b-exl3-sc4bpw-rtx4000ada-tabbyapi-tp1 on rtx-4000-ada-20gb: --provider vast --vast-min-cuda 13.2 --disk 50 -> runs/qwen3827b-exl3-sc4bpw-rtx4000ada-tabbyapi-tp1.1790122562.log
[2026-09-22T20:16:04-0400] [queue-a] NO OFFER qwen3827b-exl3-sc4bpw-rtx4000ada-tabbyapi-tp1: no Vast offers for num_gpus=1 rentable=true verified=true gpu_name=RTX_4000Ada gpu_ram>=19 inet_down>=500 disk_space>=55 reliability>0.9 cuda_max_good>=13.2 dph_total<=1.0 geolocation notin [CN]
[2026-09-22T20:16:06-0400] [queue-a] vast balance 33.90701254338093 (need > 1.5)
[2026-09-22T20:16:07-0400] [queue-a] start qwen3827b-exl3-sc5bpw-v6-rtx6000ada-tabbyapi-tp1 on rtx-6000-ada-48gb: --provider vast --vast-min-cuda 13.2 --disk 50 -> runs/qwen3827b-exl3-sc5bpw-v6-rtx6000ada-tabbyapi-tp1.1790122567.log
[2026-09-22T20:16:09-0400] [queue-a] NO OFFER qwen3827b-exl3-sc5bpw-v6-rtx6000ada-tabbyapi-tp1: no Vast offers for num_gpus=1 rentable=true verified=true gpu_name=RTX_6000Ada gpu_ram>=47 inet_down>=500 disk_space>=55 reliability>0.9 cuda_max_good>=13.2 dph_total<=1.0 geolocation notin [CN]
[2026-09-22T20:16:09-0400] [queue-a] pass 3 done; 3 waiting for an offer: ['qwen3827b-exl3-sc3bpw-v4-rtx2000ada-tabbyapi-tp1', 'qwen3827b-exl3-sc4bpw-rtx4000ada-tabbyapi-tp1', 'qwen3827b-exl3-sc5bpw-v6-rtx6000ada-tabbyapi-tp1']; retry in 60 min
2026-09-22T20:43:29-0400 WARNING: watchdog found instance 52143534 running as "omp-vastsweep-a4000-16gb" (no run log matches this label); the lane runner that owns it looks gone, so decide to destroy it.
[2026-09-22T20:50:30-0400] [queue-b] FAILED qwen38-awq-int4-rtx3090ti-vllm-tp1 rc=1 after 60 min (0.26 (60 min at 0.260/h)): server did not become healthy within 3600s
[2026-09-22T20:50:31-0400] [queue-b] vast balance 33.5938036183809 (need > 1.5)
[2026-09-22T20:50:32-0400] [queue-b] start qwen38-awq-int4-rtx3090-vllm-tp1 on rtx-3090-24gb: --provider vast --vast-min-cuda 13.0 --disk 60 -> runs/qwen38-awq-int4-rtx3090-vllm-tp1.1790124632.log
[2026-09-22T20:51:59-0400] analysis: qwen38-awq-int4-rtx3090ti-vllm on 52141057: vLLM v0.27.1 accepted --speculative-config mtp (log: "Overriding draft model max model len from 262144 to 40960", "max_num_scheduled_tokens is set to 2048 based on the speculative decoding settings") but /v1/models never answered within 3600 s ($0.26). Container log lost with the instance; the 3090 vLLM run (52147274) is being watched with its log mirrored to runs/vllm-3090-container.log to see where startup stops.
[2026-09-22T21:16:10-0400] [queue-a] vast balance 33.5146325170809 (need > 1.5)
[2026-09-22T21:16:11-0400] [queue-a] start qwen3827b-exl3-sc3bpw-v4-rtx2000ada-tabbyapi-tp1 on rtx-2000-ada-16gb: --provider vast --vast-min-cuda 13.2 --disk 50 -> runs/qwen3827b-exl3-sc3bpw-v4-rtx2000ada-tabbyapi-tp1.1790126171.log
[2026-09-22T21:16:13-0400] [queue-a] NO OFFER qwen3827b-exl3-sc3bpw-v4-rtx2000ada-tabbyapi-tp1: no Vast offers for num_gpus=1 rentable=true verified=true gpu_name=RTX_2000Ada gpu_ram>=15 inet_down>=500 disk_space>=55 reliability>0.9 cuda_max_good>=13.2 dph_total<=1.0 geolocation notin [CN]
[2026-09-22T21:16:14-0400] [queue-a] vast balance 33.5146325170809 (need > 1.5)
[2026-09-22T21:16:16-0400] [queue-a] start qwen3827b-exl3-sc4bpw-rtx4000ada-tabbyapi-tp1 on rtx-4000-ada-20gb: --provider vast --vast-min-cuda 13.2 --disk 50 -> runs/qwen3827b-exl3-sc4bpw-rtx4000ada-tabbyapi-tp1.1790126176.log
[2026-09-22T21:16:18-0400] [queue-a] NO OFFER qwen3827b-exl3-sc4bpw-rtx4000ada-tabbyapi-tp1: no Vast offers for num_gpus=1 rentable=true verified=true gpu_name=RTX_4000Ada gpu_ram>=19 inet_down>=500 disk_space>=55 reliability>0.9 cuda_max_good>=13.2 dph_total<=1.0 geolocation notin [CN]
[2026-09-22T21:16:19-0400] [queue-a] vast balance 33.5126787480809 (need > 1.5)
[2026-09-22T21:16:20-0400] [queue-a] start qwen3827b-exl3-sc5bpw-v6-rtx6000ada-tabbyapi-tp1 on rtx-6000-ada-48gb: --provider vast --vast-min-cuda 13.2 --disk 50 -> runs/qwen3827b-exl3-sc5bpw-v6-rtx6000ada-tabbyapi-tp1.1790126180.log
[2026-09-22T21:16:23-0400] [queue-a] NO OFFER qwen3827b-exl3-sc5bpw-v6-rtx6000ada-tabbyapi-tp1: no Vast offers for num_gpus=1 rentable=true verified=true gpu_name=RTX_6000Ada gpu_ram>=47 inet_down>=500 disk_space>=55 reliability>0.9 cuda_max_good>=13.2 dph_total<=1.0 geolocation notin [CN]
[2026-09-22T21:16:23-0400] [queue-a] pass 4 done; 3 waiting for an offer: ['qwen3827b-exl3-sc3bpw-v4-rtx2000ada-tabbyapi-tp1', 'qwen3827b-exl3-sc4bpw-rtx4000ada-tabbyapi-tp1', 'qwen3827b-exl3-sc5bpw-v6-rtx6000ada-tabbyapi-tp1']; retry in 60 min
[2026-09-22T21:17:32-0400] [queue-b] FAILED qwen38-awq-int4-rtx3090-vllm-tp1 rc=1 after 27 min (0.07 (27 min at 0.148/h)): terminated
[2026-09-22T21:17:33-0400] [queue-b] vast balance 33.51053763108091 (need > 1.5)
[2026-09-22T21:17:34-0400] [queue-b] start qwen36-gptq-int4-rtx3090-vllm-tp1 on rtx-3090-24gb: --provider vast --vast-min-cuda 13.0 --disk 60 -> runs/qwen36-gptq-int4-rtx3090-vllm-tp1.1790126254.log
[2026-09-22T21:17:38-0400] FINDING (vLLM): qwen38-awq-int4-rtx3090-vllm on 52147274: "Loading weights took 4.06 s" then "Failed to load model - not enough GPU memory ... torch.OutOfMemoryError: Tried to allocate 2.37 GiB, 735 MiB free of 23.56 GiB" while creating the MTP draft model's vocab embedding; vLLM restarted three times with the same error (runs/vllm-3090-container.log). The 3090 Ti run (52141057) timed out the same way. So MTP does not fit next to Qwen3.8-27B-AWQ-INT4 on a 24 GB card in vLLM v0.27.1. Validator SIGTERMed; the three qwen38-awq-int4 vLLM recipes (3090, 3090 Ti, 4090) restored from de896528 to their pre-campaign validated state; committed 6def77b2. Blocked item for the report.
[2026-09-22T21:23:06-0400] [queue-b] FAILED qwen36-gptq-int4-rtx3090-vllm-tp1 rc=1 after 6 min (0.02 (5 min at 0.189/h)): vast instance exited: C.52149628
[2026-09-22T21:23:06-0400] [queue-b] pass 1 done; 8 waiting for an offer: ['qwen359b-exl3-4bpw-rtx4070super-tabbyapi-tp1', 'qwen359b-exl3-4bpw-rtx4070ti-tabbyapi-tp1', 'qwen359b-exl3-4bpw-rtx5070-tabbyapi-tp1', 'qwen359b-exl3-4bpw-rtx3080-tabbyapi-tp1', 'qwen359b-exl3-4bpw-rtx2000ada-tabbyapi-tp1', 'qwen359b-exl3-4bpw-rtx4080super-tabbyapi-tp1', 'qwen359b-exl3-4bpw-rtx4000ada-tabbyapi-tp1', 'qwen3827b-exl3-4bpw-rtx6000ada-tabbyapi-tp1']; retry in 60 min
[2026-09-22T21:23:32-0400] [queue-c] runner start: 3 recipes: ['qwen3827b-exl3-sc4bpw-rtx3090-tabbyapi-tp1', 'qwen359b-exl3-4bpw-rtx5060ti-tabbyapi-tp1', 'qwen38flashnext-exl3-2-05bpw-h4-ng4-rtxpro4500-tabbyapi-tp1']
[2026-09-22T21:23:33-0400] [queue-c] vast balance 33.42712947908093 (need > 5.0)
[2026-09-22T21:23:34-0400] [queue-c] start qwen3827b-exl3-sc4bpw-rtx3090-tabbyapi-tp1 on rtx-3090-24gb: --provider vast --vast-min-cuda 13.2 --disk 50 -> runs/qwen3827b-exl3-sc4bpw-rtx3090-tabbyapi-tp1.1790126614.log
[2026-09-22T21:23:37-0400] analysis: qwen36-gptq-int4-rtx3090-vllm on 52149628: main weights (20 s) and MTP draft weights (1.9 s) loaded without OOM, then the container exited ~4.5 min in (status C.52149628) and its log was gone before it could be read. Re-running it by hand with the container log mirrored to runs/vllm-qwen36-3090-container.log. Started runs/queue-c.json (3090 sc4bpw pull-stall retry, 5060 Ti Qwen3.5-9B DNS retry, Flash-Next with --disk 83).
[2026-09-22T21:29:36-0400] [queue-c] ACCEPTED qwen3827b-exl3-sc4bpw-rtx3090-tabbyapi-tp1 on RTX 3090: decode 68.9 tok/s (client_post_first_token_estimate), ttft 1031 ms over 3 samples; 0.01 (6 min at 0.148/h); 6 min
[2026-09-22T21:29:43-0400] [queue-c] committed 3e1a649c: qwen3827b-exl3-sc4bpw-rtx3090-tabbyapi-tp1 accepted and recommended for rtx-3090-24gb
[2026-09-22T21:29:44-0400] [queue-c] vast balance 33.40782301708093 (need > 1.5)
[2026-09-22T21:29:45-0400] [queue-c] start qwen359b-exl3-4bpw-rtx5060ti-tabbyapi-tp1 on rtx-5060-ti-16gb: --provider vast --vast-min-cuda 13.2 --disk 50 -> runs/qwen359b-exl3-4bpw-rtx5060ti-tabbyapi-tp1.1790126985.log
[2026-09-22T21:35:06-0400] [queue-c] ACCEPTED qwen359b-exl3-4bpw-rtx5060ti-tabbyapi-tp1 on RTX 5060 Ti: decode 108.2 tok/s (client_post_first_token_estimate), ttft 546 ms over 3 samples; 0.02 (5 min at 0.177/h); 5 min
[2026-09-22T21:35:14-0400] [queue-c] committed aa512b9a: qwen359b-exl3-4bpw-rtx5060ti-tabbyapi-tp1 accepted
[2026-09-22T21:35:15-0400] [queue-c] vast balance 33.38435312808092 (need > 1.5)
[2026-09-22T21:35:16-0400] [queue-c] start qwen38flashnext-exl3-2-05bpw-h4-ng4-rtxpro4500-tabbyapi-tp1 on rtx-pro-4500-blackwell-32gb: --provider vast --vast-min-cuda 13.2 --disk 83 -> runs/qwen38flashnext-exl3-2-05bpw-h4-ng4-rtxpro4500-tabbyapi-tp1.1790127316.log
[2026-09-22T21:52:51-0400] FINDING (vLLM): qwen36-gptq-int4-rtx3090-vllm re-run by hand on 52150250 ($0.07): draft loads, then "To serve at least one request with the model's max seq len (131072), 1.53 GiB KV cache is needed, which is larger than the available KV cache memory (0.61 GiB)" (runs/vllm-qwen36-3090-container.log); the first attempt (52149628) died the same way. MTP on this recipe would cap the window near 49K tokens, so the recipe is restored from de896528 unchanged (131072 tokens, no draft); committed 653cfc7d. Blocked item for the report.
[2026-09-22T22:16:24-0400] [queue-a] vast balance 31.884962125080918 (need > 1.5)
[2026-09-22T22:16:25-0400] [queue-a] start qwen3827b-exl3-sc3bpw-v4-rtx2000ada-tabbyapi-tp1 on rtx-2000-ada-16gb: --provider vast --vast-min-cuda 13.2 --disk 50 -> runs/qwen3827b-exl3-sc3bpw-v4-rtx2000ada-tabbyapi-tp1.1790129785.log
[2026-09-22T22:16:27-0400] [queue-a] NO OFFER qwen3827b-exl3-sc3bpw-v4-rtx2000ada-tabbyapi-tp1: no Vast offers for num_gpus=1 rentable=true verified=true gpu_name=RTX_2000Ada gpu_ram>=15 inet_down>=500 disk_space>=55 reliability>0.9 cuda_max_good>=13.2 dph_total<=1.0 geolocation notin [CN]
[2026-09-22T22:16:28-0400] [queue-a] vast balance 31.884962125080918 (need > 1.5)
[2026-09-22T22:16:29-0400] [queue-a] start qwen3827b-exl3-sc4bpw-rtx4000ada-tabbyapi-tp1 on rtx-4000-ada-20gb: --provider vast --vast-min-cuda 13.2 --disk 50 -> runs/qwen3827b-exl3-sc4bpw-rtx4000ada-tabbyapi-tp1.1790129789.log
[2026-09-22T22:16:31-0400] [queue-a] NO OFFER qwen3827b-exl3-sc4bpw-rtx4000ada-tabbyapi-tp1: no Vast offers for num_gpus=1 rentable=true verified=true gpu_name=RTX_4000Ada gpu_ram>=19 inet_down>=500 disk_space>=55 reliability>0.9 cuda_max_good>=13.2 dph_total<=1.0 geolocation notin [CN]
[2026-09-22T22:16:32-0400] [queue-a] vast balance 31.884962125080918 (need > 1.5)
[2026-09-22T22:16:33-0400] [queue-a] start qwen3827b-exl3-sc5bpw-v6-rtx6000ada-tabbyapi-tp1 on rtx-6000-ada-48gb: --provider vast --vast-min-cuda 13.2 --disk 50 -> runs/qwen3827b-exl3-sc5bpw-v6-rtx6000ada-tabbyapi-tp1.1790129793.log
[2026-09-22T22:21:27-0400] [queue-a] ACCEPTED qwen3827b-exl3-sc5bpw-v6-rtx6000ada-tabbyapi-tp1 on RTX 6000Ada: decode 71.1 tok/s (client_post_first_token_estimate), ttft 467 ms over 3 samples; 0.06 (5 min at 0.789/h); 5 min
[2026-09-22T22:21:34-0400] [queue-a] committed 2af34c6d: qwen3827b-exl3-sc5bpw-v6-rtx6000ada-tabbyapi-tp1 accepted and recommended for rtx-6000-ada-48gb
[2026-09-22T22:21:34-0400] [queue-a] pass 5 done; 2 waiting for an offer: ['qwen3827b-exl3-sc3bpw-v4-rtx2000ada-tabbyapi-tp1', 'qwen3827b-exl3-sc4bpw-rtx4000ada-tabbyapi-tp1']; retry in 60 min
[2026-09-22T22:23:07-0400] [queue-b] vast balance 31.01664121008092 (need > 1.5)
[2026-09-22T22:23:09-0400] [queue-b] destroyed leftover instance 52151128 (local-ai-validate-qwen38flashnext-exl3-2-05bpw-h4-ng4-rtxpro4500-tabbyapi-tp1) before the run: Are you sure you want to destroy instance 52151128? This is irreversible and will delete all data. [y/N]
[2026-09-22T22:23:09-0400] [queue-b] start qwen359b-exl3-4bpw-rtx4070super-tabbyapi-tp1 on rtx-4070-super-12gb: --provider vast --vast-min-cuda 13.2 --disk 50 -> runs/qwen359b-exl3-4bpw-rtx4070super-tabbyapi-tp1.1790130189.log
[2026-09-22T22:23:11-0400] [queue-b] NO OFFER qwen359b-exl3-4bpw-rtx4070super-tabbyapi-tp1: no Vast offers for num_gpus=1 rentable=true verified=true gpu_name=RTX_4070S gpu_ram>=11 inet_down>=500 disk_space>=55 reliability>0.9 cuda_max_good>=13.2 dph_total<=1.0 geolocation notin [CN]
[2026-09-22T22:23:12-0400] [queue-b] vast balance 31.01664121008092 (need > 1.5)
[2026-09-22T22:23:13-0400] [queue-b] start qwen359b-exl3-4bpw-rtx4070ti-tabbyapi-tp1 on rtx-4070-ti-12gb: --provider vast --vast-min-cuda 13.2 --disk 50 -> runs/qwen359b-exl3-4bpw-rtx4070ti-tabbyapi-tp1.1790130193.log
[2026-09-22T22:23:15-0400] [queue-b] NO OFFER qwen359b-exl3-4bpw-rtx4070ti-tabbyapi-tp1: no Vast offers for num_gpus=1 rentable=true verified=true gpu_name=RTX_4070_Ti gpu_ram>=11 inet_down>=500 disk_space>=55 reliability>0.9 cuda_max_good>=13.2 dph_total<=1.0 geolocation notin [CN]
[2026-09-22T22:23:16-0400] [queue-b] vast balance 31.01664121008092 (need > 1.5)
[2026-09-22T22:23:16-0400] [queue-c] NO OFFER qwen38flashnext-exl3-2-05bpw-h4-ng4-rtxpro4500-tabbyapi-tp1: no Vast offers for num_gpus=1 rentable=true verified=true gpu_name=RTX_PRO_4500 gpu_ram>=31 inet_down>=500 disk_space>=88 reliability>0.9 cuda_max_good>=13.2 dph_total<=1.0 geolocation notin [CN]
[2026-09-22T22:23:16-0400] [queue-c] pass 1 done; 1 waiting for an offer: ['qwen38flashnext-exl3-2-05bpw-h4-ng4-rtxpro4500-tabbyapi-tp1']; retry in 60 min
[2026-09-22T22:23:17-0400] [queue-b] start qwen359b-exl3-4bpw-rtx5070-tabbyapi-tp1 on rtx-5070-12gb: --provider vast --vast-min-cuda 13.2 --disk 50 -> runs/qwen359b-exl3-4bpw-rtx5070-tabbyapi-tp1.1790130197.log
[2026-09-22T22:27:20-0400] [queue-b] ACCEPTED qwen359b-exl3-4bpw-rtx5070-tabbyapi-tp1 on RTX 5070: decode 146.1 tok/s (client_post_first_token_estimate), ttft 346 ms over 3 samples; 0.01 (4 min at 0.161/h); 4 min
[2026-09-22T22:27:27-0400] [queue-b] committed c945376d: qwen359b-exl3-4bpw-rtx5070-tabbyapi-tp1 accepted and recommended for rtx-5070-12gb
[2026-09-22T22:27:28-0400] [queue-b] vast balance 30.96171536608091 (need > 1.5)
[2026-09-22T22:27:29-0400] [queue-b] start qwen359b-exl3-4bpw-rtx3080-tabbyapi-tp1 on rtx-3080-12gb: --provider vast --vast-min-cuda 13.2 --disk 50 -> runs/qwen359b-exl3-4bpw-rtx3080-tabbyapi-tp1.1790130449.log
[2026-09-22T22:27:31-0400] [queue-b] NO OFFER qwen359b-exl3-4bpw-rtx3080-tabbyapi-tp1: no Vast offers for num_gpus=1 rentable=true verified=true gpu_name=RTX_3080 gpu_ram>=11 inet_down>=500 disk_space>=55 reliability>0.9 cuda_max_good>=13.2 dph_total<=1.0 geolocation notin [CN]
[2026-09-22T22:27:32-0400] [queue-b] vast balance 30.958386226080904 (need > 1.5)
[2026-09-22T22:27:33-0400] [queue-b] start qwen359b-exl3-4bpw-rtx2000ada-tabbyapi-tp1 on rtx-2000-ada-16gb: --provider vast --vast-min-cuda 13.2 --disk 50 -> runs/qwen359b-exl3-4bpw-rtx2000ada-tabbyapi-tp1.1790130453.log
[2026-09-22T22:27:35-0400] [queue-b] NO OFFER qwen359b-exl3-4bpw-rtx2000ada-tabbyapi-tp1: no Vast offers for num_gpus=1 rentable=true verified=true gpu_name=RTX_2000Ada gpu_ram>=15 inet_down>=500 disk_space>=55 reliability>0.9 cuda_max_good>=13.2 dph_total<=1.0 geolocation notin [CN]
[2026-09-22T22:27:36-0400] [queue-b] vast balance 30.958386226080904 (need > 1.5)
[2026-09-22T22:27:38-0400] [queue-b] start qwen359b-exl3-4bpw-rtx4080super-tabbyapi-tp1 on rtx-4080-super-16gb: --provider vast --vast-min-cuda 13.2 --disk 50 -> runs/qwen359b-exl3-4bpw-rtx4080super-tabbyapi-tp1.1790130458.log
[2026-09-22T22:37:23-0400] [queue-b] ACCEPTED qwen359b-exl3-4bpw-rtx4080super-tabbyapi-tp1 on RTX 4080S: decode 154.9 tok/s (client_post_first_token_estimate), ttft 699 ms over 3 samples; 0.05 (10 min at 0.306/h); 10 min
[2026-09-22T22:37:30-0400] [queue-b] committed 9d9bef6b: qwen359b-exl3-4bpw-rtx4080super-tabbyapi-tp1 accepted
[2026-09-22T22:37:31-0400] [queue-b] vast balance 30.85520221508088 (need > 1.5)
[2026-09-22T22:37:32-0400] [queue-b] start qwen359b-exl3-4bpw-rtx4000ada-tabbyapi-tp1 on rtx-4000-ada-20gb: --provider vast --vast-min-cuda 13.2 --disk 50 -> runs/qwen359b-exl3-4bpw-rtx4000ada-tabbyapi-tp1.1790131052.log
[2026-09-22T22:37:34-0400] [queue-b] NO OFFER qwen359b-exl3-4bpw-rtx4000ada-tabbyapi-tp1: no Vast offers for num_gpus=1 rentable=true verified=true gpu_name=RTX_4000Ada gpu_ram>=19 inet_down>=500 disk_space>=55 reliability>0.9 cuda_max_good>=13.2 dph_total<=1.0 geolocation notin [CN]
[2026-09-22T22:37:35-0400] [queue-b] vast balance 30.85520221508088 (need > 1.5)
[2026-09-22T22:37:36-0400] [queue-b] start qwen3827b-exl3-4bpw-rtx6000ada-tabbyapi-tp1 on rtx-6000-ada-48gb: --provider vast --vast-min-cuda 13.2 --disk 50 -> runs/qwen3827b-exl3-4bpw-rtx6000ada-tabbyapi-tp1.1790131056.log
[2026-09-22T22:41:16-0400] [queue-b] ACCEPTED qwen3827b-exl3-4bpw-rtx6000ada-tabbyapi-tp1 on RTX 6000Ada: decode 81.7 tok/s (client_post_first_token_estimate), ttft 524 ms over 3 samples; 0.05 (4 min at 0.788/h); 4 min
[2026-09-22T22:41:23-0400] [queue-b] committed 0edbc79a: qwen3827b-exl3-4bpw-rtx6000ada-tabbyapi-tp1 accepted
[2026-09-22T22:41:23-0400] [queue-b] pass 2 done; 5 waiting for an offer: ['qwen359b-exl3-4bpw-rtx4070super-tabbyapi-tp1', 'qwen359b-exl3-4bpw-rtx4070ti-tabbyapi-tp1', 'qwen359b-exl3-4bpw-rtx3080-tabbyapi-tp1', 'qwen359b-exl3-4bpw-rtx2000ada-tabbyapi-tp1', 'qwen359b-exl3-4bpw-rtx4000ada-tabbyapi-tp1']; retry in 60 min
[2026-09-22T22:54:07-0400] incident 3: queue-b's pre-run cleanup destroyed queue-c's live Flash-Next instance 52151128 at 22:23:09 (48 min in, $0.28, the model was loading) because that recipe id is listed in both queues and the cleanup matched every label in the runner's queue. Fixed: cleanup now matches only the label of the recipe the runner is running (runs/mtp_runner.py destroy_ours(rid)); Flash-Next removed from queue-b.json (queue-c owns it). Restarting all runners with the fixed code.
[2026-09-22T22:54:21-0400] [queue-a] runner start: 18 recipes: ['qwen3827b-exl3-sc3bpw-v4-rtx4060ti-tabbyapi-tp1', 'qwen3827b-exl3-sc3bpw-v4-rtx4070tisuper-tabbyapi-tp1', 'qwen3827b-exl3-sc3bpw-v4-rtx4080super-tabbyapi-tp1', 'qwen3827b-exl3-sc3bpw-v4-rtx4080-tabbyapi-tp1', 'qwen3827b-exl3-sc3bpw-v4-rtx5070ti-tabbyapi-tp1', 'qwen3827b-exl3-sc3bpw-v4-rtx5080-tabbyapi-tp1', 'qwen3827b-exl3-sc3bpw-v4-rtx5060ti-tabbyapi-tp1', 'qwen3827b-exl3-sc3bpw-v4-rtx2000ada-tabbyapi-tp1', 'qwen3827b-exl3-sc4bpw-rtx4000ada-tabbyapi-tp1', 'qwen3827b-exl3-sc4bpw-rtx3090-tabbyapi-tp1', 'qwen3827b-exl3-sc4bpw-rtx3090ti-tabbyapi-tp1', 'qwen3827b-exl3-sc4bpw-rtx4090-tabbyapi-tp1', 'qwen3827b-exl3-sc4bpw-rtxpro4000-tabbyapi-tp1', 'qwen3827b-exl3-sc5bpw-v6-rtxpro4500-tabbyapi-tp1', 'qwen3827b-exl3-sc5bpw-v6-rtx5090-tabbyapi-tp1', 'qwen3827b-exl3-sc5bpw-v6-rtx6000ada-tabbyapi-tp1', 'qwen3827b-exl3-sc5bpw-v6-rtxa6000-tabbyapi-tp1', 'qwen38-27b-nvfp4-rtxpro6000-sglang-tp1']
[2026-09-22T22:54:21-0400] [queue-a] skip qwen3827b-exl3-sc3bpw-v4-rtx4060ti-tabbyapi-tp1: already validated
[2026-09-22T22:54:21-0400] [queue-a] skip qwen3827b-exl3-sc3bpw-v4-rtx4070tisuper-tabbyapi-tp1: already validated
[2026-09-22T22:54:21-0400] [queue-a] skip qwen3827b-exl3-sc3bpw-v4-rtx4080super-tabbyapi-tp1: already validated
[2026-09-22T22:54:21-0400] [queue-a] skip qwen3827b-exl3-sc3bpw-v4-rtx4080-tabbyapi-tp1: already validated
[2026-09-22T22:54:21-0400] [queue-a] skip qwen3827b-exl3-sc3bpw-v4-rtx5070ti-tabbyapi-tp1: already validated
[2026-09-22T22:54:21-0400] [queue-a] skip qwen3827b-exl3-sc3bpw-v4-rtx5080-tabbyapi-tp1: already validated
[2026-09-22T22:54:21-0400] [queue-a] skip qwen3827b-exl3-sc3bpw-v4-rtx5060ti-tabbyapi-tp1: already validated
[2026-09-22T22:54:22-0400] [queue-a] vast balance 30.477538940280894 (need > 1.5)
[2026-09-22T22:54:23-0400] [queue-a] start qwen3827b-exl3-sc3bpw-v4-rtx2000ada-tabbyapi-tp1 on rtx-2000-ada-16gb: --provider vast --vast-min-cuda 13.2 --disk 50 -> runs/qwen3827b-exl3-sc3bpw-v4-rtx2000ada-tabbyapi-tp1.1790132063.log
[2026-09-22T22:54:24-0400] [queue-b] runner start: 27 recipes: ['qwen359b-exl3-4bpw-rtx3060-tabbyapi-tp1', 'qwen359b-exl3-4bpw-rtx3080ti-tabbyapi-tp1', 'qwen359b-exl3-4bpw-rtx4070super-tabbyapi-tp1', 'qwen359b-exl3-4bpw-rtx4070-tabbyapi-tp1', 'qwen359b-exl3-4bpw-rtx4070ti-tabbyapi-tp1', 'qwen359b-exl3-4bpw-rtx5070-tabbyapi-tp1', 'qwen359b-exl3-4bpw-rtx3080-tabbyapi-tp1', 'qwen359b-exl3-4bpw-rtx2000ada-tabbyapi-tp1', 'qwen359b-exl3-4bpw-rtx4060ti-tabbyapi-tp1', 'qwen359b-exl3-4bpw-rtx4070tisuper-tabbyapi-tp1', 'qwen359b-exl3-4bpw-rtx4080-tabbyapi-tp1', 'qwen359b-exl3-4bpw-rtx4080super-tabbyapi-tp1', 'qwen359b-exl3-4bpw-rtx5060ti-tabbyapi-tp1', 'qwen359b-exl3-4bpw-rtx5070ti-tabbyapi-tp1', 'qwen359b-exl3-4bpw-rtx5080-tabbyapi-tp1', 'qwen359b-exl3-4bpw-rtx4000ada-tabbyapi-tp1', 'qwen3827b-exl3-4bpw-rtx3090-tabbyapi-tp1', 'qwen3827b-exl3-4bpw-rtx3090ti-tabbyapi-tp1', 'qwen3827b-exl3-4bpw-rtx4090-tabbyapi-tp1', 'qwen3827b-exl3-4bpw-rtx5090-tabbyapi-tp1', 'qwen3827b-exl3-4bpw-rtx6000ada-tabbyapi-tp1', 'qwen3827b-exl3-4bpw-rtxa6000-tabbyapi-tp1', 'qwen3827b-exl3-4bpw-rtxpro4500-tabbyapi-tp1', 'qwen38-awq-int4-rtx4090-vllm-tp1', 'qwen38-awq-int4-rtx3090ti-vllm-tp1', 'qwen38-awq-int4-rtx3090-vllm-tp1', 'qwen36-gptq-int4-rtx3090-vllm-tp1']
[2026-09-22T22:54:24-0400] [queue-b] skip qwen359b-exl3-4bpw-rtx3060-tabbyapi-tp1: already validated
[2026-09-22T22:54:24-0400] [queue-b] skip qwen359b-exl3-4bpw-rtx3080ti-tabbyapi-tp1: already validated
[2026-09-22T22:54:25-0400] [queue-a] NO OFFER qwen3827b-exl3-sc3bpw-v4-rtx2000ada-tabbyapi-tp1: no Vast offers for num_gpus=1 rentable=true verified=true gpu_name=RTX_2000Ada gpu_ram>=15 inet_down>=500 disk_space>=55 reliability>0.9 cuda_max_good>=13.2 dph_total<=1.0 geolocation notin [CN]
[2026-09-22T22:54:25-0400] [queue-b] vast balance 30.477538940280894 (need > 1.5)
[2026-09-22T22:54:26-0400] [queue-a] vast balance 30.477538940280894 (need > 1.5)
[2026-09-22T22:54:26-0400] [queue-b] start qwen359b-exl3-4bpw-rtx4070super-tabbyapi-tp1 on rtx-4070-super-12gb: --provider vast --vast-min-cuda 13.2 --disk 50 -> runs/qwen359b-exl3-4bpw-rtx4070super-tabbyapi-tp1.1790132066.log
[2026-09-22T22:54:27-0400] [queue-c] runner start: 3 recipes: ['qwen3827b-exl3-sc4bpw-rtx3090-tabbyapi-tp1', 'qwen359b-exl3-4bpw-rtx5060ti-tabbyapi-tp1', 'qwen38flashnext-exl3-2-05bpw-h4-ng4-rtxpro4500-tabbyapi-tp1']
[2026-09-22T22:54:27-0400] [queue-c] skip qwen3827b-exl3-sc4bpw-rtx3090-tabbyapi-tp1: already validated
[2026-09-22T22:54:27-0400] [queue-c] skip qwen359b-exl3-4bpw-rtx5060ti-tabbyapi-tp1: already validated
[2026-09-22T22:54:27-0400] [queue-a] start qwen3827b-exl3-sc4bpw-rtx4000ada-tabbyapi-tp1 on rtx-4000-ada-20gb: --provider vast --vast-min-cuda 13.2 --disk 50 -> runs/qwen3827b-exl3-sc4bpw-rtx4000ada-tabbyapi-tp1.1790132067.log
[2026-09-22T22:54:28-0400] [queue-c] vast balance 30.477538940280894 (need > 1.5)
[2026-09-22T22:54:28-0400] [queue-b] NO OFFER qwen359b-exl3-4bpw-rtx4070super-tabbyapi-tp1: no Vast offers for num_gpus=1 rentable=true verified=true gpu_name=RTX_4070S gpu_ram>=11 inet_down>=500 disk_space>=55 reliability>0.9 cuda_max_good>=13.2 dph_total<=1.0 geolocation notin [CN]
[2026-09-22T22:54:28-0400] [queue-b] skip qwen359b-exl3-4bpw-rtx4070-tabbyapi-tp1: already validated
[2026-09-22T22:54:29-0400] [queue-c] start qwen38flashnext-exl3-2-05bpw-h4-ng4-rtxpro4500-tabbyapi-tp1 on rtx-pro-4500-blackwell-32gb: --provider vast --vast-min-cuda 13.2 --disk 83 -> runs/qwen38flashnext-exl3-2-05bpw-h4-ng4-rtxpro4500-tabbyapi-tp1.1790132069.log
[2026-09-22T22:54:29-0400] [queue-a] NO OFFER qwen3827b-exl3-sc4bpw-rtx4000ada-tabbyapi-tp1: no Vast offers for num_gpus=1 rentable=true verified=true gpu_name=RTX_4000Ada gpu_ram>=19 inet_down>=500 disk_space>=55 reliability>0.9 cuda_max_good>=13.2 dph_total<=1.0 geolocation notin [CN]
[2026-09-22T22:54:29-0400] [queue-a] skip qwen3827b-exl3-sc4bpw-rtx3090-tabbyapi-tp1: already validated
[2026-09-22T22:54:29-0400] [queue-a] skip qwen3827b-exl3-sc4bpw-rtx3090ti-tabbyapi-tp1: already validated
[2026-09-22T22:54:29-0400] [queue-a] skip qwen3827b-exl3-sc4bpw-rtx4090-tabbyapi-tp1: already validated
[2026-09-22T22:54:29-0400] [queue-a] skip qwen3827b-exl3-sc4bpw-rtxpro4000-tabbyapi-tp1: already validated
[2026-09-22T22:54:29-0400] [queue-a] skip qwen3827b-exl3-sc5bpw-v6-rtxpro4500-tabbyapi-tp1: already validated
[2026-09-22T22:54:29-0400] [queue-a] skip qwen3827b-exl3-sc5bpw-v6-rtx5090-tabbyapi-tp1: already validated
[2026-09-22T22:54:29-0400] [queue-a] skip qwen3827b-exl3-sc5bpw-v6-rtx6000ada-tabbyapi-tp1: already validated
[2026-09-22T22:54:29-0400] [queue-a] skip qwen3827b-exl3-sc5bpw-v6-rtxa6000-tabbyapi-tp1: already validated
[2026-09-22T22:54:29-0400] [queue-a] skip qwen38-27b-nvfp4-rtxpro6000-sglang-tp1: already validated
[2026-09-22T22:54:29-0400] [queue-a] pass 1 done; 2 waiting for an offer: ['qwen3827b-exl3-sc3bpw-v4-rtx2000ada-tabbyapi-tp1', 'qwen3827b-exl3-sc4bpw-rtx4000ada-tabbyapi-tp1']; retry in 60 min
[2026-09-22T22:54:29-0400] [queue-b] vast balance 30.477538940280894 (need > 1.5)
[2026-09-22T22:54:31-0400] [queue-b] start qwen359b-exl3-4bpw-rtx4070ti-tabbyapi-tp1 on rtx-4070-ti-12gb: --provider vast --vast-min-cuda 13.2 --disk 50 -> runs/qwen359b-exl3-4bpw-rtx4070ti-tabbyapi-tp1.1790132071.log
[2026-09-22T22:54:33-0400] [queue-b] NO OFFER qwen359b-exl3-4bpw-rtx4070ti-tabbyapi-tp1: no Vast offers for num_gpus=1 rentable=true verified=true gpu_name=RTX_4070_Ti gpu_ram>=11 inet_down>=500 disk_space>=55 reliability>0.9 cuda_max_good>=13.2 dph_total<=1.0 geolocation notin [CN]
[2026-09-22T22:54:33-0400] [queue-b] skip qwen359b-exl3-4bpw-rtx5070-tabbyapi-tp1: already validated
[2026-09-22T22:54:34-0400] [queue-b] vast balance 30.477538940280894 (need > 1.5)
[2026-09-22T22:54:35-0400] [queue-b] start qwen359b-exl3-4bpw-rtx3080-tabbyapi-tp1 on rtx-3080-12gb: --provider vast --vast-min-cuda 13.2 --disk 50 -> runs/qwen359b-exl3-4bpw-rtx3080-tabbyapi-tp1.1790132075.log
[2026-09-22T22:54:37-0400] [queue-b] NO OFFER qwen359b-exl3-4bpw-rtx3080-tabbyapi-tp1: no Vast offers for num_gpus=1 rentable=true verified=true gpu_name=RTX_3080 gpu_ram>=11 inet_down>=500 disk_space>=55 reliability>0.9 cuda_max_good>=13.2 dph_total<=1.0 geolocation notin [CN]
[2026-09-22T22:54:39-0400] [queue-b] vast balance 30.476715052380897 (need > 1.5)
[2026-09-22T22:54:40-0400] [queue-b] start qwen359b-exl3-4bpw-rtx2000ada-tabbyapi-tp1 on rtx-2000-ada-16gb: --provider vast --vast-min-cuda 13.2 --disk 50 -> runs/qwen359b-exl3-4bpw-rtx2000ada-tabbyapi-tp1.1790132080.log
[2026-09-22T22:54:42-0400] [queue-b] NO OFFER qwen359b-exl3-4bpw-rtx2000ada-tabbyapi-tp1: no Vast offers for num_gpus=1 rentable=true verified=true gpu_name=RTX_2000Ada gpu_ram>=15 inet_down>=500 disk_space>=55 reliability>0.9 cuda_max_good>=13.2 dph_total<=1.0 geolocation notin [CN]
[2026-09-22T22:54:42-0400] [queue-b] skip qwen359b-exl3-4bpw-rtx4060ti-tabbyapi-tp1: already validated
[2026-09-22T22:54:42-0400] [queue-b] skip qwen359b-exl3-4bpw-rtx4070tisuper-tabbyapi-tp1: already validated
[2026-09-22T22:54:42-0400] [queue-b] skip qwen359b-exl3-4bpw-rtx4080-tabbyapi-tp1: already validated
[2026-09-22T22:54:42-0400] [queue-b] skip qwen359b-exl3-4bpw-rtx4080super-tabbyapi-tp1: already validated
[2026-09-22T22:54:42-0400] [queue-b] skip qwen359b-exl3-4bpw-rtx5060ti-tabbyapi-tp1: already validated
[2026-09-22T22:54:42-0400] [queue-b] skip qwen359b-exl3-4bpw-rtx5070ti-tabbyapi-tp1: already validated
[2026-09-22T22:54:42-0400] [queue-b] skip qwen359b-exl3-4bpw-rtx5080-tabbyapi-tp1: already validated
[2026-09-22T22:54:43-0400] [queue-b] vast balance 30.476715052380897 (need > 1.5)
[2026-09-22T22:54:43-0400] [queue-b] start qwen359b-exl3-4bpw-rtx4000ada-tabbyapi-tp1 on rtx-4000-ada-20gb: --provider vast --vast-min-cuda 13.2 --disk 50 -> runs/qwen359b-exl3-4bpw-rtx4000ada-tabbyapi-tp1.1790132083.log
[2026-09-22T22:54:45-0400] [queue-b] NO OFFER qwen359b-exl3-4bpw-rtx4000ada-tabbyapi-tp1: no Vast offers for num_gpus=1 rentable=true verified=true gpu_name=RTX_4000Ada gpu_ram>=19 inet_down>=500 disk_space>=55 reliability>0.9 cuda_max_good>=13.2 dph_total<=1.0 geolocation notin [CN]
[2026-09-22T22:54:45-0400] [queue-b] skip qwen3827b-exl3-4bpw-rtx3090-tabbyapi-tp1: already validated
[2026-09-22T22:54:45-0400] [queue-b] skip qwen3827b-exl3-4bpw-rtx3090ti-tabbyapi-tp1: already validated
[2026-09-22T22:54:45-0400] [queue-b] skip qwen3827b-exl3-4bpw-rtx4090-tabbyapi-tp1: already validated
[2026-09-22T22:54:45-0400] [queue-b] skip qwen3827b-exl3-4bpw-rtx5090-tabbyapi-tp1: already validated
[2026-09-22T22:54:45-0400] [queue-b] skip qwen3827b-exl3-4bpw-rtx6000ada-tabbyapi-tp1: already validated
[2026-09-22T22:54:45-0400] [queue-b] skip qwen3827b-exl3-4bpw-rtxa6000-tabbyapi-tp1: already validated
[2026-09-22T22:54:45-0400] [queue-b] skip qwen3827b-exl3-4bpw-rtxpro4500-tabbyapi-tp1: already validated
[2026-09-22T22:54:45-0400] [queue-b] skip qwen38-awq-int4-rtx4090-vllm-tp1: already validated
[2026-09-22T22:54:45-0400] [queue-b] skip qwen38-awq-int4-rtx3090ti-vllm-tp1: already validated
[2026-09-22T22:54:45-0400] [queue-b] skip qwen38-awq-int4-rtx3090-vllm-tp1: already validated
[2026-09-22T22:54:45-0400] [queue-b] skip qwen36-gptq-int4-rtx3090-vllm-tp1: already validated
[2026-09-22T22:54:45-0400] [queue-b] pass 1 done; 5 waiting for an offer: ['qwen359b-exl3-4bpw-rtx4070super-tabbyapi-tp1', 'qwen359b-exl3-4bpw-rtx4070ti-tabbyapi-tp1', 'qwen359b-exl3-4bpw-rtx3080-tabbyapi-tp1', 'qwen359b-exl3-4bpw-rtx2000ada-tabbyapi-tp1', 'qwen359b-exl3-4bpw-rtx4000ada-tabbyapi-tp1']; retry in 60 min
[2026-09-22T23:54:30-0400] [queue-a] vast balance 29.316262187380943 (need > 1.5)
[2026-09-22T23:54:31-0400] [queue-a] start qwen3827b-exl3-sc3bpw-v4-rtx2000ada-tabbyapi-tp1 on rtx-2000-ada-16gb: --provider vast --vast-min-cuda 13.2 --disk 50 -> runs/qwen3827b-exl3-sc3bpw-v4-rtx2000ada-tabbyapi-tp1.1790135671.log
[2026-09-22T23:54:33-0400] [queue-a] NO OFFER qwen3827b-exl3-sc3bpw-v4-rtx2000ada-tabbyapi-tp1: no Vast offers for num_gpus=1 rentable=true verified=true gpu_name=RTX_2000Ada gpu_ram>=15 inet_down>=500 disk_space>=55 reliability>0.9 cuda_max_good>=13.2 dph_total<=1.0 geolocation notin [CN]
[2026-09-22T23:54:34-0400] [queue-a] vast balance 29.316262187380943 (need > 1.5)
[2026-09-22T23:54:35-0400] [queue-a] start qwen3827b-exl3-sc4bpw-rtx4000ada-tabbyapi-tp1 on rtx-4000-ada-20gb: --provider vast --vast-min-cuda 13.2 --disk 50 -> runs/qwen3827b-exl3-sc4bpw-rtx4000ada-tabbyapi-tp1.1790135675.log
[2026-09-22T23:54:37-0400] [queue-c] FAILED qwen38flashnext-exl3-2-05bpw-h4-ng4-rtxpro4500-tabbyapi-tp1 rc=1 after 60 min (0.35 (60 min at 0.352/h)): server did not become healthy within 3600s
[2026-09-22T23:54:37-0400] [queue-c] runner finished
[2026-09-22T23:54:37-0400] [queue-a] NO OFFER qwen3827b-exl3-sc4bpw-rtx4000ada-tabbyapi-tp1: no Vast offers for num_gpus=1 rentable=true verified=true gpu_name=RTX_4000Ada gpu_ram>=19 inet_down>=500 disk_space>=55 reliability>0.9 cuda_max_good>=13.2 dph_total<=1.0 geolocation notin [CN]
[2026-09-22T23:54:37-0400] [queue-a] pass 2 done; 2 waiting for an offer: ['qwen3827b-exl3-sc3bpw-v4-rtx2000ada-tabbyapi-tp1', 'qwen3827b-exl3-sc4bpw-rtx4000ada-tabbyapi-tp1']; retry in 60 min
[2026-09-22T23:54:46-0400] [queue-b] vast balance 29.316262187380943 (need > 1.5)
[2026-09-22T23:54:47-0400] [queue-b] start qwen359b-exl3-4bpw-rtx4070super-tabbyapi-tp1 on rtx-4070-super-12gb: --provider vast --vast-min-cuda 13.2 --disk 50 -> runs/qwen359b-exl3-4bpw-rtx4070super-tabbyapi-tp1.1790135687.log
[2026-09-22T23:54:50-0400] [queue-b] NO OFFER qwen359b-exl3-4bpw-rtx4070super-tabbyapi-tp1: no Vast offers for num_gpus=1 rentable=true verified=true gpu_name=RTX_4070S gpu_ram>=11 inet_down>=500 disk_space>=55 reliability>0.9 cuda_max_good>=13.2 dph_total<=1.0 geolocation notin [CN]
[2026-09-22T23:54:51-0400] [queue-b] vast balance 29.316262187380943 (need > 1.5)
[2026-09-22T23:54:52-0400] [queue-b] start qwen359b-exl3-4bpw-rtx4070ti-tabbyapi-tp1 on rtx-4070-ti-12gb: --provider vast --vast-min-cuda 13.2 --disk 50 -> runs/qwen359b-exl3-4bpw-rtx4070ti-tabbyapi-tp1.1790135692.log
[2026-09-22T23:54:54-0400] [queue-b] NO OFFER qwen359b-exl3-4bpw-rtx4070ti-tabbyapi-tp1: no Vast offers for num_gpus=1 rentable=true verified=true gpu_name=RTX_4070_Ti gpu_ram>=11 inet_down>=500 disk_space>=55 reliability>0.9 cuda_max_good>=13.2 dph_total<=1.0 geolocation notin [CN]
[2026-09-22T23:54:55-0400] [queue-b] vast balance 29.316262187380943 (need > 1.5)
[2026-09-22T23:54:57-0400] [queue-b] start qwen359b-exl3-4bpw-rtx3080-tabbyapi-tp1 on rtx-3080-12gb: --provider vast --vast-min-cuda 13.2 --disk 50 -> runs/qwen359b-exl3-4bpw-rtx3080-tabbyapi-tp1.1790135697.log
[2026-09-22T23:54:58-0400] analysis: Flash-Next on 52159252 ($0.35): 58.5 GB of weights; the earlier run was still at "Loading model" 48 min in, and this one hit validate_rented's 3600 s health timeout. One manual attempt with --timeout 7200 and the container log mirrored to runs/flashnext-container.log; if it fails, Flash-Next goes under Blocked.
[2026-09-22T23:54:59-0400] [queue-b] NO OFFER qwen359b-exl3-4bpw-rtx3080-tabbyapi-tp1: no Vast offers for num_gpus=1 rentable=true verified=true gpu_name=RTX_3080 gpu_ram>=11 inet_down>=500 disk_space>=55 reliability>0.9 cuda_max_good>=13.2 dph_total<=1.0 geolocation notin [CN]
[2026-09-22T23:55:00-0400] [queue-b] vast balance 29.316262187380943 (need > 1.5)
[2026-09-22T23:55:02-0400] [queue-b] start qwen359b-exl3-4bpw-rtx2000ada-tabbyapi-tp1 on rtx-2000-ada-16gb: --provider vast --vast-min-cuda 13.2 --disk 50 -> runs/qwen359b-exl3-4bpw-rtx2000ada-tabbyapi-tp1.1790135702.log
[2026-09-22T23:55:05-0400] [queue-b] NO OFFER qwen359b-exl3-4bpw-rtx2000ada-tabbyapi-tp1: no Vast offers for num_gpus=1 rentable=true verified=true gpu_name=RTX_2000Ada gpu_ram>=15 inet_down>=500 disk_space>=55 reliability>0.9 cuda_max_good>=13.2 dph_total<=1.0 geolocation notin [CN]
[2026-09-22T23:55:06-0400] [queue-b] vast balance 29.31121277238094 (need > 1.5)
[2026-09-22T23:55:07-0400] [queue-b] start qwen359b-exl3-4bpw-rtx4000ada-tabbyapi-tp1 on rtx-4000-ada-20gb: --provider vast --vast-min-cuda 13.2 --disk 50 -> runs/qwen359b-exl3-4bpw-rtx4000ada-tabbyapi-tp1.1790135707.log
[2026-09-22T23:55:09-0400] [queue-b] NO OFFER qwen359b-exl3-4bpw-rtx4000ada-tabbyapi-tp1: no Vast offers for num_gpus=1 rentable=true verified=true gpu_name=RTX_4000Ada gpu_ram>=19 inet_down>=500 disk_space>=55 reliability>0.9 cuda_max_good>=13.2 dph_total<=1.0 geolocation notin [CN]
[2026-09-22T23:55:09-0400] [queue-b] pass 2 done; 5 waiting for an offer: ['qwen359b-exl3-4bpw-rtx4070super-tabbyapi-tp1', 'qwen359b-exl3-4bpw-rtx4070ti-tabbyapi-tp1', 'qwen359b-exl3-4bpw-rtx3080-tabbyapi-tp1', 'qwen359b-exl3-4bpw-rtx2000ada-tabbyapi-tp1', 'qwen359b-exl3-4bpw-rtx4000ada-tabbyapi-tp1']; retry in 60 min
[2026-09-23T00:25:43-0400] FINDING (Flash-Next): on the attested image (ExLlamaV3 1.5.1) the 2.05bpw-H4-ng4 config at 262144 tokens fails with "RuntimeError: Insufficient VRAM in split for model and cache" on the RTX PRO 4500 (runs/flashnext-container.log, manual run with --timeout 7200, SIGTERMed and instance destroyed). The same config validated on tabbyapi:cu13@1c13dd (ExLlamaV3 1.5.0) on 2026-09-19. Recipe restored from de896528 (upstream image, validated); committed d8fbb7bc. Blocked item for the report: needs a smaller cache or a fix upstream before it can move to the attested image.
[2026-09-23T00:54:39-0400] [queue-a] vast balance 28.778709080680983 (need > 1.5)
[2026-09-23T00:54:41-0400] [queue-a] start qwen3827b-exl3-sc3bpw-v4-rtx2000ada-tabbyapi-tp1 on rtx-2000-ada-16gb: --provider vast --vast-min-cuda 13.2 --disk 50 -> runs/qwen3827b-exl3-sc3bpw-v4-rtx2000ada-tabbyapi-tp1.1790139280.log
[2026-09-23T00:54:43-0400] [queue-a] NO OFFER qwen3827b-exl3-sc3bpw-v4-rtx2000ada-tabbyapi-tp1: no Vast offers for num_gpus=1 rentable=true verified=true gpu_name=RTX_2000Ada gpu_ram>=15 inet_down>=500 disk_space>=55 reliability>0.9 cuda_max_good>=13.2 dph_total<=1.0 geolocation notin [CN]
[2026-09-23T00:54:44-0400] [queue-a] vast balance 28.778709080680983 (need > 1.5)
[2026-09-23T00:54:45-0400] [queue-a] start qwen3827b-exl3-sc4bpw-rtx4000ada-tabbyapi-tp1 on rtx-4000-ada-20gb: --provider vast --vast-min-cuda 13.2 --disk 50 -> runs/qwen3827b-exl3-sc4bpw-rtx4000ada-tabbyapi-tp1.1790139285.log
[2026-09-23T00:55:10-0400] [queue-b] vast balance 28.778709080680983 (need > 1.5)
[2026-09-23T00:55:11-0400] [queue-b] start qwen359b-exl3-4bpw-rtx4070super-tabbyapi-tp1 on rtx-4070-super-12gb: --provider vast --vast-min-cuda 13.2 --disk 50 -> runs/qwen359b-exl3-4bpw-rtx4070super-tabbyapi-tp1.1790139311.log
[2026-09-23T00:55:13-0400] [queue-b] NO OFFER qwen359b-exl3-4bpw-rtx4070super-tabbyapi-tp1: no Vast offers for num_gpus=1 rentable=true verified=true gpu_name=RTX_4070S gpu_ram>=11 inet_down>=500 disk_space>=55 reliability>0.9 cuda_max_good>=13.2 dph_total<=1.0 geolocation notin [CN]
[2026-09-23T00:55:14-0400] [queue-b] vast balance 28.778709080680983 (need > 1.5)
[2026-09-23T00:55:15-0400] [queue-b] start qwen359b-exl3-4bpw-rtx4070ti-tabbyapi-tp1 on rtx-4070-ti-12gb: --provider vast --vast-min-cuda 13.2 --disk 50 -> runs/qwen359b-exl3-4bpw-rtx4070ti-tabbyapi-tp1.1790139315.log
[2026-09-23T00:55:17-0400] [queue-b] NO OFFER qwen359b-exl3-4bpw-rtx4070ti-tabbyapi-tp1: no Vast offers for num_gpus=1 rentable=true verified=true gpu_name=RTX_4070_Ti gpu_ram>=11 inet_down>=500 disk_space>=55 reliability>0.9 cuda_max_good>=13.2 dph_total<=1.0 geolocation notin [CN]
[2026-09-23T00:55:18-0400] [queue-b] vast balance 28.778709080680983 (need > 1.5)
[2026-09-23T00:55:19-0400] [queue-b] start qwen359b-exl3-4bpw-rtx3080-tabbyapi-tp1 on rtx-3080-12gb: --provider vast --vast-min-cuda 13.2 --disk 50 -> runs/qwen359b-exl3-4bpw-rtx3080-tabbyapi-tp1.1790139319.log
[2026-09-23T00:55:21-0400] [queue-b] NO OFFER qwen359b-exl3-4bpw-rtx3080-tabbyapi-tp1: no Vast offers for num_gpus=1 rentable=true verified=true gpu_name=RTX_3080 gpu_ram>=11 inet_down>=500 disk_space>=55 reliability>0.9 cuda_max_good>=13.2 dph_total<=1.0 geolocation notin [CN]
[2026-09-23T00:55:22-0400] [queue-b] vast balance 28.777876273380983 (need > 1.5)
[2026-09-23T00:55:23-0400] [queue-b] start qwen359b-exl3-4bpw-rtx2000ada-tabbyapi-tp1 on rtx-2000-ada-16gb: --provider vast --vast-min-cuda 13.2 --disk 50 -> runs/qwen359b-exl3-4bpw-rtx2000ada-tabbyapi-tp1.1790139323.log
[2026-09-23T00:55:25-0400] [queue-b] NO OFFER qwen359b-exl3-4bpw-rtx2000ada-tabbyapi-tp1: no Vast offers for num_gpus=1 rentable=true verified=true gpu_name=RTX_2000Ada gpu_ram>=15 inet_down>=500 disk_space>=55 reliability>0.9 cuda_max_good>=13.2 dph_total<=1.0 geolocation notin [CN]
[2026-09-23T00:55:26-0400] [queue-b] vast balance 28.777876273380983 (need > 1.5)
[2026-09-23T00:55:27-0400] [queue-b] start qwen359b-exl3-4bpw-rtx4000ada-tabbyapi-tp1 on rtx-4000-ada-20gb: --provider vast --vast-min-cuda 13.2 --disk 50 -> runs/qwen359b-exl3-4bpw-rtx4000ada-tabbyapi-tp1.1790139327.log
[2026-09-23T00:55:29-0400] [queue-b] NO OFFER qwen359b-exl3-4bpw-rtx4000ada-tabbyapi-tp1: no Vast offers for num_gpus=1 rentable=true verified=true gpu_name=RTX_4000Ada gpu_ram>=19 inet_down>=500 disk_space>=55 reliability>0.9 cuda_max_good>=13.2 dph_total<=1.0 geolocation notin [CN]
[2026-09-23T00:55:29-0400] [queue-b] pass 3 done; 5 waiting for an offer: ['qwen359b-exl3-4bpw-rtx4070super-tabbyapi-tp1', 'qwen359b-exl3-4bpw-rtx4070ti-tabbyapi-tp1', 'qwen359b-exl3-4bpw-rtx3080-tabbyapi-tp1', 'qwen359b-exl3-4bpw-rtx2000ada-tabbyapi-tp1', 'qwen359b-exl3-4bpw-rtx4000ada-tabbyapi-tp1']; retry in 60 min
[2026-09-23T01:04:26-0400] [queue-a] ACCEPTED qwen3827b-exl3-sc4bpw-rtx4000ada-tabbyapi-tp1 on RTX 4000Ada: decode 37.4 tok/s (client_post_first_token_estimate), ttft 891 ms over 3 samples; 0.03 (10 min at 0.175/h); 10 min
[2026-09-23T01:04:33-0400] [queue-a] committed ba4dd954: qwen3827b-exl3-sc4bpw-rtx4000ada-tabbyapi-tp1 accepted and recommended for rtx-4000-ada-20gb
[2026-09-23T01:04:33-0400] [queue-a] pass 3 done; 1 waiting for an offer: ['qwen3827b-exl3-sc3bpw-v4-rtx2000ada-tabbyapi-tp1']; retry in 60 min
[2026-09-23T01:55:31-0400] [queue-b] vast balance 28.692974877580994 (need > 1.5)
[2026-09-23T01:55:32-0400] [queue-b] start qwen359b-exl3-4bpw-rtx4070super-tabbyapi-tp1 on rtx-4070-super-12gb: --provider vast --vast-min-cuda 13.2 --disk 50 -> runs/qwen359b-exl3-4bpw-rtx4070super-tabbyapi-tp1.1790142932.log
[2026-09-23T01:55:34-0400] [queue-b] NO OFFER qwen359b-exl3-4bpw-rtx4070super-tabbyapi-tp1: no Vast offers for num_gpus=1 rentable=true verified=true gpu_name=RTX_4070S gpu_ram>=11 inet_down>=500 disk_space>=55 reliability>0.9 cuda_max_good>=13.2 dph_total<=1.0 geolocation notin [CN]
[2026-09-23T01:55:35-0400] [queue-b] vast balance 28.692974877580994 (need > 1.5)
[2026-09-23T01:55:36-0400] [queue-b] start qwen359b-exl3-4bpw-rtx4070ti-tabbyapi-tp1 on rtx-4070-ti-12gb: --provider vast --vast-min-cuda 13.2 --disk 50 -> runs/qwen359b-exl3-4bpw-rtx4070ti-tabbyapi-tp1.1790142936.log
[2026-09-23T01:55:38-0400] [queue-b] NO OFFER qwen359b-exl3-4bpw-rtx4070ti-tabbyapi-tp1: no Vast offers for num_gpus=1 rentable=true verified=true gpu_name=RTX_4070_Ti gpu_ram>=11 inet_down>=500 disk_space>=55 reliability>0.9 cuda_max_good>=13.2 dph_total<=1.0 geolocation notin [CN]
[2026-09-23T01:55:39-0400] [queue-b] vast balance 28.692974877580994 (need > 1.5)
[2026-09-23T01:55:40-0400] [queue-b] start qwen359b-exl3-4bpw-rtx3080-tabbyapi-tp1 on rtx-3080-12gb: --provider vast --vast-min-cuda 13.2 --disk 50 -> runs/qwen359b-exl3-4bpw-rtx3080-tabbyapi-tp1.1790142940.log
[2026-09-23T01:55:42-0400] [queue-b] NO OFFER qwen359b-exl3-4bpw-rtx3080-tabbyapi-tp1: no Vast offers for num_gpus=1 rentable=true verified=true gpu_name=RTX_3080 gpu_ram>=11 inet_down>=500 disk_space>=55 reliability>0.9 cuda_max_good>=13.2 dph_total<=1.0 geolocation notin [CN]
[2026-09-23T01:55:44-0400] [queue-b] vast balance 28.692974877580994 (need > 1.5)
[2026-09-23T01:55:45-0400] [queue-b] start qwen359b-exl3-4bpw-rtx2000ada-tabbyapi-tp1 on rtx-2000-ada-16gb: --provider vast --vast-min-cuda 13.2 --disk 50 -> runs/qwen359b-exl3-4bpw-rtx2000ada-tabbyapi-tp1.1790142945.log
[2026-09-23T01:55:47-0400] [queue-b] NO OFFER qwen359b-exl3-4bpw-rtx2000ada-tabbyapi-tp1: no Vast offers for num_gpus=1 rentable=true verified=true gpu_name=RTX_2000Ada gpu_ram>=15 inet_down>=500 disk_space>=55 reliability>0.9 cuda_max_good>=13.2 dph_total<=1.0 geolocation notin [CN]
[2026-09-23T01:55:49-0400] [queue-b] vast balance 28.692383055381 (need > 1.5)
[2026-09-23T01:55:49-0400] [queue-b] start qwen359b-exl3-4bpw-rtx4000ada-tabbyapi-tp1 on rtx-4000-ada-20gb: --provider vast --vast-min-cuda 13.2 --disk 50 -> runs/qwen359b-exl3-4bpw-rtx4000ada-tabbyapi-tp1.1790142949.log
[2026-09-23T01:55:52-0400] [queue-b] NO OFFER qwen359b-exl3-4bpw-rtx4000ada-tabbyapi-tp1: no Vast offers for num_gpus=1 rentable=true verified=true gpu_name=RTX_4000Ada gpu_ram>=19 inet_down>=500 disk_space>=55 reliability>0.9 cuda_max_good>=13.2 dph_total<=1.0 geolocation notin [CN]
[2026-09-23T01:55:52-0400] [queue-b] pass 4 done; 5 waiting for an offer: ['qwen359b-exl3-4bpw-rtx4070super-tabbyapi-tp1', 'qwen359b-exl3-4bpw-rtx4070ti-tabbyapi-tp1', 'qwen359b-exl3-4bpw-rtx3080-tabbyapi-tp1', 'qwen359b-exl3-4bpw-rtx2000ada-tabbyapi-tp1', 'qwen359b-exl3-4bpw-rtx4000ada-tabbyapi-tp1']; retry in 60 min
[2026-09-23T02:04:35-0400] [queue-a] vast balance 28.684651229581036 (need > 1.5)
[2026-09-23T02:04:36-0400] [queue-a] start qwen3827b-exl3-sc3bpw-v4-rtx2000ada-tabbyapi-tp1 on rtx-2000-ada-16gb: --provider vast --vast-min-cuda 13.2 --disk 50 -> runs/qwen3827b-exl3-sc3bpw-v4-rtx2000ada-tabbyapi-tp1.1790143476.log
[2026-09-23T02:04:38-0400] [queue-a] NO OFFER qwen3827b-exl3-sc3bpw-v4-rtx2000ada-tabbyapi-tp1: no Vast offers for num_gpus=1 rentable=true verified=true gpu_name=RTX_2000Ada gpu_ram>=15 inet_down>=500 disk_space>=55 reliability>0.9 cuda_max_good>=13.2 dph_total<=1.0 geolocation notin [CN]
[2026-09-23T02:04:38-0400] [queue-a] pass 4 done; 1 waiting for an offer: ['qwen3827b-exl3-sc3bpw-v4-rtx2000ada-tabbyapi-tp1']; retry in 60 min
[2026-09-23T02:55:53-0400] [queue-b] vast balance 28.619272684081054 (need > 1.5)
[2026-09-23T02:55:54-0400] [queue-b] start qwen359b-exl3-4bpw-rtx4070super-tabbyapi-tp1 on rtx-4070-super-12gb: --provider vast --vast-min-cuda 13.2 --disk 50 -> runs/qwen359b-exl3-4bpw-rtx4070super-tabbyapi-tp1.1790146554.log
[2026-09-23T02:55:56-0400] [queue-b] NO OFFER qwen359b-exl3-4bpw-rtx4070super-tabbyapi-tp1: no Vast offers for num_gpus=1 rentable=true verified=true gpu_name=RTX_4070S gpu_ram>=11 inet_down>=500 disk_space>=55 reliability>0.9 cuda_max_good>=13.2 dph_total<=1.0 geolocation notin [CN]
[2026-09-23T02:55:57-0400] [queue-b] vast balance 28.619272684081054 (need > 1.5)
[2026-09-23T02:55:58-0400] [queue-b] start qwen359b-exl3-4bpw-rtx4070ti-tabbyapi-tp1 on rtx-4070-ti-12gb: --provider vast --vast-min-cuda 13.2 --disk 50 -> runs/qwen359b-exl3-4bpw-rtx4070ti-tabbyapi-tp1.1790146558.log
[2026-09-23T02:56:00-0400] [queue-b] NO OFFER qwen359b-exl3-4bpw-rtx4070ti-tabbyapi-tp1: no Vast offers for num_gpus=1 rentable=true verified=true gpu_name=RTX_4070_Ti gpu_ram>=11 inet_down>=500 disk_space>=55 reliability>0.9 cuda_max_good>=13.2 dph_total<=1.0 geolocation notin [CN]
[2026-09-23T02:56:01-0400] [queue-b] vast balance 28.61620461108106 (need > 1.5)
[2026-09-23T02:56:03-0400] [queue-b] start qwen359b-exl3-4bpw-rtx3080-tabbyapi-tp1 on rtx-3080-12gb: --provider vast --vast-min-cuda 13.2 --disk 50 -> runs/qwen359b-exl3-4bpw-rtx3080-tabbyapi-tp1.1790146563.log
[2026-09-23T02:56:05-0400] [queue-b] NO OFFER qwen359b-exl3-4bpw-rtx3080-tabbyapi-tp1: no Vast offers for num_gpus=1 rentable=true verified=true gpu_name=RTX_3080 gpu_ram>=11 inet_down>=500 disk_space>=55 reliability>0.9 cuda_max_good>=13.2 dph_total<=1.0 geolocation notin [CN]
[2026-09-23T02:56:06-0400] [queue-b] vast balance 28.61620461108106 (need > 1.5)
[2026-09-23T02:56:07-0400] [queue-b] start qwen359b-exl3-4bpw-rtx2000ada-tabbyapi-tp1 on rtx-2000-ada-16gb: --provider vast --vast-min-cuda 13.2 --disk 50 -> runs/qwen359b-exl3-4bpw-rtx2000ada-tabbyapi-tp1.1790146567.log
[2026-09-23T02:56:09-0400] [queue-b] NO OFFER qwen359b-exl3-4bpw-rtx2000ada-tabbyapi-tp1: no Vast offers for num_gpus=1 rentable=true verified=true gpu_name=RTX_2000Ada gpu_ram>=15 inet_down>=500 disk_space>=55 reliability>0.9 cuda_max_good>=13.2 dph_total<=1.0 geolocation notin [CN]
[2026-09-23T02:56:10-0400] [queue-b] vast balance 28.61620461108106 (need > 1.5)
[2026-09-23T02:56:11-0400] [queue-b] start qwen359b-exl3-4bpw-rtx4000ada-tabbyapi-tp1 on rtx-4000-ada-20gb: --provider vast --vast-min-cuda 13.2 --disk 50 -> runs/qwen359b-exl3-4bpw-rtx4000ada-tabbyapi-tp1.1790146571.log
[2026-09-23T02:56:13-0400] [queue-b] NO OFFER qwen359b-exl3-4bpw-rtx4000ada-tabbyapi-tp1: no Vast offers for num_gpus=1 rentable=true verified=true gpu_name=RTX_4000Ada gpu_ram>=19 inet_down>=500 disk_space>=55 reliability>0.9 cuda_max_good>=13.2 dph_total<=1.0 geolocation notin [CN]
[2026-09-23T02:56:13-0400] [queue-b] pass 5 done; 5 waiting for an offer: ['qwen359b-exl3-4bpw-rtx4070super-tabbyapi-tp1', 'qwen359b-exl3-4bpw-rtx4070ti-tabbyapi-tp1', 'qwen359b-exl3-4bpw-rtx3080-tabbyapi-tp1', 'qwen359b-exl3-4bpw-rtx2000ada-tabbyapi-tp1', 'qwen359b-exl3-4bpw-rtx4000ada-tabbyapi-tp1']; retry in 60 min
2026-09-23T03:01:21-0400 WARNING: watchdog found instance 52184195 running as "unlabelled" (no run log matches this label); the lane runner that owns it looks gone, so decide to destroy it.
[2026-09-23T03:04:40-0400] [queue-a] vast balance 28.505483413081066 (need > 1.5)
[2026-09-23T03:04:41-0400] [queue-a] start qwen3827b-exl3-sc3bpw-v4-rtx2000ada-tabbyapi-tp1 on rtx-2000-ada-16gb: --provider vast --vast-min-cuda 13.2 --disk 50 -> runs/qwen3827b-exl3-sc3bpw-v4-rtx2000ada-tabbyapi-tp1.1790147081.log
[2026-09-23T03:04:43-0400] [queue-a] NO OFFER qwen3827b-exl3-sc3bpw-v4-rtx2000ada-tabbyapi-tp1: no Vast offers for num_gpus=1 rentable=true verified=true gpu_name=RTX_2000Ada gpu_ram>=15 inet_down>=500 disk_space>=55 reliability>0.9 cuda_max_good>=13.2 dph_total<=1.0 geolocation notin [CN]
[2026-09-23T03:04:43-0400] [queue-a] pass 5 done; 1 waiting for an offer: ['qwen3827b-exl3-sc3bpw-v4-rtx2000ada-tabbyapi-tp1']; retry in 60 min
2026-09-23T03:32:13-0400 WARNING: watchdog found instance 52184195 running as "unlabelled" (no run log matches this label); the lane runner that owns it looks gone, so decide to destroy it.
[2026-09-23T03:56:14-0400] [queue-b] vast balance 28.26341393608105 (need > 1.5)
[2026-09-23T03:56:15-0400] [queue-b] start qwen359b-exl3-4bpw-rtx4070super-tabbyapi-tp1 on rtx-4070-super-12gb: --provider vast --vast-min-cuda 13.2 --disk 50 -> runs/qwen359b-exl3-4bpw-rtx4070super-tabbyapi-tp1.1790150175.log
[2026-09-23T03:56:17-0400] [queue-b] NO OFFER qwen359b-exl3-4bpw-rtx4070super-tabbyapi-tp1: no Vast offers for num_gpus=1 rentable=true verified=true gpu_name=RTX_4070S gpu_ram>=11 inet_down>=500 disk_space>=55 reliability>0.9 cuda_max_good>=13.2 dph_total<=1.0 geolocation notin [CN]
[2026-09-23T03:56:18-0400] [queue-b] vast balance 28.26341393608105 (need > 1.5)
[2026-09-23T03:56:19-0400] [queue-b] start qwen359b-exl3-4bpw-rtx4070ti-tabbyapi-tp1 on rtx-4070-ti-12gb: --provider vast --vast-min-cuda 13.2 --disk 50 -> runs/qwen359b-exl3-4bpw-rtx4070ti-tabbyapi-tp1.1790150179.log
[2026-09-23T03:56:21-0400] [queue-b] NO OFFER qwen359b-exl3-4bpw-rtx4070ti-tabbyapi-tp1: no Vast offers for num_gpus=1 rentable=true verified=true gpu_name=RTX_4070_Ti gpu_ram>=11 inet_down>=500 disk_space>=55 reliability>0.9 cuda_max_good>=13.2 dph_total<=1.0 geolocation notin [CN]
[2026-09-23T03:56:22-0400] [queue-b] vast balance 28.26341393608105 (need > 1.5)
[2026-09-23T03:56:23-0400] [queue-b] start qwen359b-exl3-4bpw-rtx3080-tabbyapi-tp1 on rtx-3080-12gb: --provider vast --vast-min-cuda 13.2 --disk 50 -> runs/qwen359b-exl3-4bpw-rtx3080-tabbyapi-tp1.1790150183.log
[2026-09-23T03:56:25-0400] [queue-b] NO OFFER qwen359b-exl3-4bpw-rtx3080-tabbyapi-tp1: no Vast offers for num_gpus=1 rentable=true verified=true gpu_name=RTX_3080 gpu_ram>=11 inet_down>=500 disk_space>=55 reliability>0.9 cuda_max_good>=13.2 dph_total<=1.0 geolocation notin [CN]
[2026-09-23T03:56:27-0400] [queue-b] vast balance 28.26271611118105 (need > 1.5)
[2026-09-23T03:56:28-0400] [queue-b] start qwen359b-exl3-4bpw-rtx2000ada-tabbyapi-tp1 on rtx-2000-ada-16gb: --provider vast --vast-min-cuda 13.2 --disk 50 -> runs/qwen359b-exl3-4bpw-rtx2000ada-tabbyapi-tp1.1790150188.log
[2026-09-23T03:56:30-0400] [queue-b] NO OFFER qwen359b-exl3-4bpw-rtx2000ada-tabbyapi-tp1: no Vast offers for num_gpus=1 rentable=true verified=true gpu_name=RTX_2000Ada gpu_ram>=15 inet_down>=500 disk_space>=55 reliability>0.9 cuda_max_good>=13.2 dph_total<=1.0 geolocation notin [CN]
[2026-09-23T03:56:31-0400] [queue-b] vast balance 28.26271611118105 (need > 1.5)
[2026-09-23T03:56:32-0400] [queue-b] start qwen359b-exl3-4bpw-rtx4000ada-tabbyapi-tp1 on rtx-4000-ada-20gb: --provider vast --vast-min-cuda 13.2 --disk 50 -> runs/qwen359b-exl3-4bpw-rtx4000ada-tabbyapi-tp1.1790150192.log
[2026-09-23T03:56:34-0400] [queue-b] NO OFFER qwen359b-exl3-4bpw-rtx4000ada-tabbyapi-tp1: no Vast offers for num_gpus=1 rentable=true verified=true gpu_name=RTX_4000Ada gpu_ram>=19 inet_down>=500 disk_space>=55 reliability>0.9 cuda_max_good>=13.2 dph_total<=1.0 geolocation notin [CN]
[2026-09-23T03:56:34-0400] [queue-b] pass 6 done; 5 waiting for an offer: ['qwen359b-exl3-4bpw-rtx4070super-tabbyapi-tp1', 'qwen359b-exl3-4bpw-rtx4070ti-tabbyapi-tp1', 'qwen359b-exl3-4bpw-rtx3080-tabbyapi-tp1', 'qwen359b-exl3-4bpw-rtx2000ada-tabbyapi-tp1', 'qwen359b-exl3-4bpw-rtx4000ada-tabbyapi-tp1']; retry in 60 min
[2026-09-23T04:04:45-0400] [queue-a] vast balance 28.25513627388105 (need > 1.5)
[2026-09-23T04:04:46-0400] [queue-a] start qwen3827b-exl3-sc3bpw-v4-rtx2000ada-tabbyapi-tp1 on rtx-2000-ada-16gb: --provider vast --vast-min-cuda 13.2 --disk 50 -> runs/qwen3827b-exl3-sc3bpw-v4-rtx2000ada-tabbyapi-tp1.1790150686.log
[2026-09-23T04:04:49-0400] [queue-a] NO OFFER qwen3827b-exl3-sc3bpw-v4-rtx2000ada-tabbyapi-tp1: no Vast offers for num_gpus=1 rentable=true verified=true gpu_name=RTX_2000Ada gpu_ram>=15 inet_down>=500 disk_space>=55 reliability>0.9 cuda_max_good>=13.2 dph_total<=1.0 geolocation notin [CN]
[2026-09-23T04:04:49-0400] [queue-a] pass 6 done; 1 waiting for an offer: ['qwen3827b-exl3-sc3bpw-v4-rtx2000ada-tabbyapi-tp1']; retry in 60 min
[2026-09-23T04:56:35-0400] [queue-b] vast balance 28.16225193598106 (need > 1.5)
[2026-09-23T04:56:36-0400] [queue-b] start qwen359b-exl3-4bpw-rtx4070super-tabbyapi-tp1 on rtx-4070-super-12gb: --provider vast --vast-min-cuda 13.2 --disk 50 -> runs/qwen359b-exl3-4bpw-rtx4070super-tabbyapi-tp1.1790153796.log
[2026-09-23T04:56:38-0400] [queue-b] NO OFFER qwen359b-exl3-4bpw-rtx4070super-tabbyapi-tp1: no Vast offers for num_gpus=1 rentable=true verified=true gpu_name=RTX_4070S gpu_ram>=11 inet_down>=500 disk_space>=55 reliability>0.9 cuda_max_good>=13.2 dph_total<=1.0 geolocation notin [CN]
[2026-09-23T04:56:39-0400] [queue-b] vast balance 28.16225193598106 (need > 1.5)
[2026-09-23T04:56:40-0400] [queue-b] start qwen359b-exl3-4bpw-rtx4070ti-tabbyapi-tp1 on rtx-4070-ti-12gb: --provider vast --vast-min-cuda 13.2 --disk 50 -> runs/qwen359b-exl3-4bpw-rtx4070ti-tabbyapi-tp1.1790153800.log
[2026-09-23T05:04:50-0400] [queue-a] vast balance 27.70319580898105 (need > 1.5)
[2026-09-23T05:04:51-0400] [queue-a] start qwen3827b-exl3-sc3bpw-v4-rtx2000ada-tabbyapi-tp1 on rtx-2000-ada-16gb: --provider vast --vast-min-cuda 13.2 --disk 50 -> runs/qwen3827b-exl3-sc3bpw-v4-rtx2000ada-tabbyapi-tp1.1790154291.log
[2026-09-23T05:04:54-0400] [queue-a] NO OFFER qwen3827b-exl3-sc3bpw-v4-rtx2000ada-tabbyapi-tp1: no Vast offers for num_gpus=1 rentable=true verified=true gpu_name=RTX_2000Ada gpu_ram>=15 inet_down>=500 disk_space>=55 reliability>0.9 cuda_max_good>=13.2 dph_total<=1.0 geolocation notin [CN]
[2026-09-23T05:04:54-0400] [queue-a] pass 7 done; 1 waiting for an offer: ['qwen3827b-exl3-sc3bpw-v4-rtx2000ada-tabbyapi-tp1']; retry in 60 min
2026-09-23T05:05:39-0400 WARNING: watchdog found instance 52200590 running as "smallcards-16gb" (no run log matches this label); the lane runner that owns it looks gone, so decide to destroy it.
2026-09-23T05:05:39-0400 WARNING: watchdog found instance 52200711 running as "smallcards-12gb" (no run log matches this label); the lane runner that owns it looks gone, so decide to destroy it.
[2026-09-23T05:06:33-0400] [queue-b] ACCEPTED qwen359b-exl3-4bpw-rtx4070ti-tabbyapi-tp1 on RTX 4070 Ti: decode 102.7 tok/s (client_post_first_token_estimate), ttft 519 ms over 3 samples; 0.04 (10 min at 0.241/h); 10 min
[2026-09-23T05:06:41-0400] [queue-b] committed 0ea0ac3a: qwen359b-exl3-4bpw-rtx4070ti-tabbyapi-tp1 accepted and recommended for rtx-4070-ti-12gb
[2026-09-23T05:06:42-0400] [queue-b] vast balance 27.671272628981043 (need > 1.5)
[2026-09-23T05:06:43-0400] [queue-b] start qwen359b-exl3-4bpw-rtx3080-tabbyapi-tp1 on rtx-3080-12gb: --provider vast --vast-min-cuda 13.2 --disk 50 -> runs/qwen359b-exl3-4bpw-rtx3080-tabbyapi-tp1.1790154403.log
[2026-09-23T05:06:46-0400] [queue-b] NO OFFER qwen359b-exl3-4bpw-rtx3080-tabbyapi-tp1: no Vast offers for num_gpus=1 rentable=true verified=true gpu_name=RTX_3080 gpu_ram>=11 inet_down>=500 disk_space>=55 reliability>0.9 cuda_max_good>=13.2 dph_total<=1.0 geolocation notin [CN]
[2026-09-23T05:06:47-0400] [queue-b] vast balance 27.671272628981043 (need > 1.5)
[2026-09-23T05:06:49-0400] [queue-b] start qwen359b-exl3-4bpw-rtx2000ada-tabbyapi-tp1 on rtx-2000-ada-16gb: --provider vast --vast-min-cuda 13.2 --disk 50 -> runs/qwen359b-exl3-4bpw-rtx2000ada-tabbyapi-tp1.1790154409.log
[2026-09-23T05:06:51-0400] [queue-b] NO OFFER qwen359b-exl3-4bpw-rtx2000ada-tabbyapi-tp1: no Vast offers for num_gpus=1 rentable=true verified=true gpu_name=RTX_2000Ada gpu_ram>=15 inet_down>=500 disk_space>=55 reliability>0.9 cuda_max_good>=13.2 dph_total<=1.0 geolocation notin [CN]
[2026-09-23T05:06:52-0400] [queue-b] vast balance 27.671272628981043 (need > 1.5)
[2026-09-23T05:06:53-0400] [queue-b] start qwen359b-exl3-4bpw-rtx4000ada-tabbyapi-tp1 on rtx-4000-ada-20gb: --provider vast --vast-min-cuda 13.2 --disk 50 -> runs/qwen359b-exl3-4bpw-rtx4000ada-tabbyapi-tp1.1790154413.log
[2026-09-23T05:11:11-0400] [queue-b] ACCEPTED qwen359b-exl3-4bpw-rtx4000ada-tabbyapi-tp1 on RTX 4000Ada: decode 89.9 tok/s (client_post_first_token_estimate), ttft 595 ms over 3 samples; 0.01 (4 min at 0.175/h); 4 min
[2026-09-23T05:11:19-0400] [queue-b] committed ffe41ffd: qwen359b-exl3-4bpw-rtx4000ada-tabbyapi-tp1 accepted
[2026-09-23T05:11:19-0400] [queue-b] pass 7 done; 3 waiting for an offer: ['qwen359b-exl3-4bpw-rtx4070super-tabbyapi-tp1', 'qwen359b-exl3-4bpw-rtx3080-tabbyapi-tp1', 'qwen359b-exl3-4bpw-rtx2000ada-tabbyapi-tp1']; retry in 60 min
2026-09-23T05:36:31-0400 WARNING: watchdog found instance 52200590 running as "smallcards-16gb" (no run log matches this label); the lane runner that owns it looks gone, so decide to destroy it.
2026-09-23T05:36:31-0400 WARNING: watchdog found instance 52200711 running as "smallcards-12gb" (no run log matches this label); the lane runner that owns it looks gone, so decide to destroy it.
[2026-09-23T06:04:56-0400] [queue-a] vast balance 26.81235142398107 (need > 1.5)
[2026-09-23T06:04:57-0400] [queue-a] start qwen3827b-exl3-sc3bpw-v4-rtx2000ada-tabbyapi-tp1 on rtx-2000-ada-16gb: --provider vast --vast-min-cuda 13.2 --disk 50 -> runs/qwen3827b-exl3-sc3bpw-v4-rtx2000ada-tabbyapi-tp1.1790157897.log
[2026-09-23T06:04:59-0400] [queue-a] NO OFFER qwen3827b-exl3-sc3bpw-v4-rtx2000ada-tabbyapi-tp1: no Vast offers for num_gpus=1 rentable=true verified=true gpu_name=RTX_2000Ada gpu_ram>=15 inet_down>=500 disk_space>=55 reliability>0.9 cuda_max_good>=13.2 dph_total<=1.0 geolocation notin [CN]
[2026-09-23T06:04:59-0400] [queue-a] pass 8 done; 1 waiting for an offer: ['qwen3827b-exl3-sc3bpw-v4-rtx2000ada-tabbyapi-tp1']; retry in 60 min
2026-09-23T06:07:48-0400 WARNING: watchdog found instance 52200590 running as "smallcards-16gb" (no run log matches this label); the lane runner that owns it looks gone, so decide to destroy it.
2026-09-23T06:07:48-0400 WARNING: watchdog found instance 52200711 running as "smallcards-12gb" (no run log matches this label); the lane runner that owns it looks gone, so decide to destroy it.
[2026-09-23T06:11:21-0400] [queue-b] vast balance 26.731898036981065 (need > 1.5)
[2026-09-23T06:11:22-0400] [queue-b] start qwen359b-exl3-4bpw-rtx4070super-tabbyapi-tp1 on rtx-4070-super-12gb: --provider vast --vast-min-cuda 13.2 --disk 50 -> runs/qwen359b-exl3-4bpw-rtx4070super-tabbyapi-tp1.1790158282.log
[2026-09-23T06:11:24-0400] [queue-b] NO OFFER qwen359b-exl3-4bpw-rtx4070super-tabbyapi-tp1: no Vast offers for num_gpus=1 rentable=true verified=true gpu_name=RTX_4070S gpu_ram>=11 inet_down>=500 disk_space>=55 reliability>0.9 cuda_max_good>=13.2 dph_total<=1.0 geolocation notin [CN]
[2026-09-23T06:11:25-0400] [queue-b] vast balance 26.731898036981065 (need > 1.5)
[2026-09-23T06:11:26-0400] [queue-b] start qwen359b-exl3-4bpw-rtx3080-tabbyapi-tp1 on rtx-3080-12gb: --provider vast --vast-min-cuda 13.2 --disk 50 -> runs/qwen359b-exl3-4bpw-rtx3080-tabbyapi-tp1.1790158286.log
[2026-09-23T06:11:28-0400] [queue-b] NO OFFER qwen359b-exl3-4bpw-rtx3080-tabbyapi-tp1: no Vast offers for num_gpus=1 rentable=true verified=true gpu_name=RTX_3080 gpu_ram>=11 inet_down>=500 disk_space>=55 reliability>0.9 cuda_max_good>=13.2 dph_total<=1.0 geolocation notin [CN]
[2026-09-23T06:11:29-0400] [queue-b] vast balance 26.731898036981065 (need > 1.5)
[2026-09-23T06:11:30-0400] [queue-b] start qwen359b-exl3-4bpw-rtx2000ada-tabbyapi-tp1 on rtx-2000-ada-16gb: --provider vast --vast-min-cuda 13.2 --disk 50 -> runs/qwen359b-exl3-4bpw-rtx2000ada-tabbyapi-tp1.1790158290.log
[2026-09-23T06:11:33-0400] [queue-b] NO OFFER qwen359b-exl3-4bpw-rtx2000ada-tabbyapi-tp1: no Vast offers for num_gpus=1 rentable=true verified=true gpu_name=RTX_2000Ada gpu_ram>=15 inet_down>=500 disk_space>=55 reliability>0.9 cuda_max_good>=13.2 dph_total<=1.0 geolocation notin [CN]
[2026-09-23T06:11:33-0400] [queue-b] pass 8 done; 3 waiting for an offer: ['qwen359b-exl3-4bpw-rtx4070super-tabbyapi-tp1', 'qwen359b-exl3-4bpw-rtx3080-tabbyapi-tp1', 'qwen359b-exl3-4bpw-rtx2000ada-tabbyapi-tp1']; retry in 60 min
[2026-09-23T07:04:59-0400] [queue-a] runner giving up on ['qwen3827b-exl3-sc3bpw-v4-rtx2000ada-tabbyapi-tp1']: no offer in 8 passes
[2026-09-23T07:04:59-0400] [queue-a] runner finished
[2026-09-23T07:11:33-0400] [queue-b] runner giving up on ['qwen359b-exl3-4bpw-rtx4070super-tabbyapi-tp1', 'qwen359b-exl3-4bpw-rtx3080-tabbyapi-tp1', 'qwen359b-exl3-4bpw-rtx2000ada-tabbyapi-tp1']: no offer in 8 passes
[2026-09-23T07:11:33-0400] [queue-b] runner finished
[2026-09-28T12:07:43-0400] closeout: vastai show instances = only 51539645 (foreign, exited GB10) and 53204612 (label local-ai-lab-rtx-4070-ti-super-16gb, another session's, untouched). Watchdog orphans 52200590 and 52200711 are gone; nothing of ours is billing. Spendable 10.40.
[2026-09-28T12:07:43-0400] closeout offer search for the 4 remaining candidates: RTX_2000Ada 0 verified offers <=$1/h; RTX_3080 12 offers but all the 10 GB variant (recipes are rtx-3080-12gb); RTX_4070S 2 offers at the right 12 GB but cuda_max_good 13.0 and inet_down 80-84 Mbps, below the tabbyapi-exl3 image floor cuda>=13.2 (nvidia-container refuses the image). No rentable card for any of the four: not renting, they stay candidates.
[2026-09-28T12:18:01-0400] regression guard: comparing the recommended set at de896528 with HEAD showed rtx-4070-super-12gb had LOST its recommendation (its only validated recipe was demoted by the campaign and never re-validated), and rtx-2000-ada-16gb had lost a validated Qwen3.8-27B recipe. Restored both from de896528; the 4070 SUPER's config is frozen as qwen359b-exl3-4bpw-128k-q4-nomtp-tabbyapi-config because the shared config now carries MTP + the TheMelonGod quant. Re-derived: 37 cards recommended (same as base), no duplicates, no losses. Full suite green (npm test, typecheck, types, format, gate 146, both catalogs, validate, 65 py tests). Committed 5f7e5adf.
[2026-09-28T12:25:21-0400] plugin sync NOT committed: 'make sync REGISTRY=../registry-v6 REGISTRY_REF=mtp-campaign' on branch v6 produced 36 card kinds against the vendored 38, dropping rx-7600-xt-16gb and rx-9070-xt-16gb, which landed on origin/main (306 commits ahead of this branch's base) during the campaign. Reverted recipes.json in ~/local-omarchy/omarchy-local-ai; the plugin tree is clean at 38 card kinds. The sync has to wait for a rebase on current origin/main.
[2026-09-28T12:25:21-0400] campaign closed. 37 recipes accepted on their exact card, 38 campaign recipes validated, 2 candidates (no rentable card), 4 vLLM + 1 Flash-Next recipe restored to their pre-campaign state, 37 cards recommended (same as base, none lost, none doubled). Result written to MTP-CAMPAIGN.md; registry commits de896528..61027098 on mtp-campaign, nothing pushed.
