2026/09/21 10:28:51.558, 78, 26668, 32623, 73.38, 42
2026/09/21 10:28:52.564, 0, 26670, 32623, 113.05, 37
2026/09/21 10:28:53.564, 0, 26670, 32623, 57.20, 35
2026/09/21 10:28:54.564, 54, 26672, 32623, 49.73, 40
2026/09/21 10:28:55.565, 69, 26672, 32623, 141.15, 43
2026/09/21 10:28:56.565, 63, 26692, 32623, 74.68, 41
2026/09/21 10:28:57.565, 61, 26692, 32623, 136.39, 42
2026/09/21 10:28:58.565, 69, 26692, 32623, 147.50, 43
2026/09/21 10:28:59.566, 82, 26692, 32623, 130.98, 44
2026/09/21 10:29:00.566, 88, 26692, 32623, 148.37, 47
2026/09/21 10:29:01.566, 88, 26692, 32623, 170.49, 48
2026/09/21 10:29:02.566, 77, 26692, 32623, 166.90, 47
2026/09/21 10:29:03.566, 90, 26692, 32623, 171.79, 49
2026/09/21 10:29:04.567, 89, 26692, 32623, 172.75, 49
2026/09/21 10:29:05.567, 31, 26692, 32623, 164.10, 45
2026/09/21 10:29:06.567, 89, 26692, 32623, 163.41, 51
2026/09/21 10:29:07.567, 91, 26692, 32623, 171.12, 52
2026/09/21 10:29:08.568, 90, 26692, 32623, 169.42, 49
2026/09/21 10:29:09.568, 90, 26692, 32623, 158.76, 50
2026/09/21 10:29:10.568, 90, 26692, 32623, 164.95, 51
2026/09/21 10:29:11.568, 75, 26692, 32623, 136.85, 48
2026/09/21 10:29:12.568, 91, 26692, 32623, 144.80, 48
2026/09/21 10:29:13.569, 30, 26692, 32623, 107.43, 44
2026/09/21 10:29:14.569, 42, 26692, 32623, 143.38, 47
2026/09/21 10:29:15.569, 0, 26692, 32623, 77.16, 41
2026/09/21 10:29:16.569, 87, 26696, 32623, 102.82, 48
2026/09/21 10:29:17.570, 91, 26698, 32623, 163.87, 50
2026/09/21 10:29:18.570, 91, 26698, 32623, 164.11, 50
2026/09/21 10:29:19.570, 88, 26698, 32623, 162.49, 51
2026/09/21 10:29:20.570, 35, 26698, 32623, 164.46, 47
2026/09/21 10:29:21.570, 68, 26698, 32623, 170.72, 51
2026/09/21 10:29:22.571, 78, 26698, 32623, 157.33, 51
2026/09/21 10:29:23.571, 92, 26698, 32623, 159.51, 51
2026/09/21 10:29:24.571, 88, 26698, 32623, 150.13, 52
2026/09/21 10:29:25.571, 89, 26698, 32623, 164.81, 53
2026/09/21 10:29:26.572, 90, 26698, 32623, 163.76, 55
2026/09/21 10:29:27.572, 91, 26698, 32623, 165.26, 51
2026/09/21 10:29:28.572, 89, 26698, 32623, 164.64, 52
2026/09/21 10:29:29.573, 16, 26698, 32623, 162.55, 49
2026/09/21 10:29:30.573, 90, 26698, 32623, 156.38, 54
2026/09/21 10:29:31.573, 62, 26698, 32623, 138.93, 50
2026/09/21 10:29:32.573, 27, 26698, 32623, 94.54, 46
2026/09/21 10:29:33.573, 5, 26698, 32623, 53.44, 44
2026/09/21 10:29:34.574, 14, 26698, 32623, 63.65, 44
2026/09/21 10:29:35.574, 14, 26698, 32623, 64.59, 44
2026/09/21 10:29:36.574, 14, 26698, 32623, 62.10, 44
2026/09/21 10:29:37.574, 15, 26698, 32623, 64.21, 43
2026/09/21 10:29:38.574, 13, 26698, 32623, 64.45, 43
2026/09/21 10:29:39.575, 15, 26698, 32623, 64.31, 43
2026/09/21 10:29:40.575, 14, 26698, 32623, 63.90, 43
2026/09/21 10:29:41.575, 22, 26698, 32623, 61.61, 43
2026/09/21 10:29:42.575, 14, 26698, 32623, 63.56, 42
2026/09/21 10:29:43.576, 14, 26698, 32623, 63.42, 42
2026/09/21 10:29:44.576, 15, 26698, 32623, 62.06, 42
2026/09/21 10:29:45.576, 14, 26698, 32623, 63.59, 42
2026/09/21 10:29:46.576, 14, 26698, 32623, 64.07, 42
2026/09/21 10:29:47.576, 15, 26698, 32623, 63.85, 42
2026/09/21 10:29:48.577, 15, 26698, 32623, 62.07, 42
2026/09/21 10:29:49.577, 14, 26698, 32623, 63.18, 42
2026/09/21 10:29:50.577, 15, 26698, 32623, 62.96, 42
2026/09/21 10:29:51.577, 13, 26698, 32623, 63.04, 41
2026/09/21 10:29:52.577, 14, 26700, 32623, 60.80, 42
2026/09/21 10:29:53.578, 14, 26700, 32623, 63.29, 41
2026/09/21 10:29:54.578, 14, 26700, 32623, 63.41, 41
2026/09/21 10:29:55.626, 14, 26700, 32623, 65.49, 42
2026/09/21 10:29:56.626, 1, 26700, 32623, 41.03, 39
2026/09/21 10:29:57.626, 17, 26700, 32623, 64.69, 41
2026/09/21 10:29:58.627, 0, 26700, 32623, 50.17, 39
2026/09/21 10:29:59.627, 0, 26700, 32623, 38.05, 38
2026/09/21 10:30:00.627, 0, 26700, 32623, 37.53, 38
2026/09/21 10:30:01.627, 0, 26700, 32623, 37.60, 38
2026/09/21 10:30:02.627, 0, 26700, 32623, 37.71, 38
2026/09/21 10:30:03.628, 0, 26700, 32623, 38.57, 38
2026/09/21 10:30:04.628, 1, 26700, 32623, 38.28, 37
2026/09/21 10:30:05.628, 81, 26700, 32623, 141.88, 46
2026/09/21 10:30:06.628, 87, 26700, 32623, 170.49, 49
2026/09/21 10:30:07.628, 90, 26700, 32623, 169.67, 49
2026/09/21 10:30:08.629, 90, 26700, 32623, 169.49, 50
2026/09/21 10:30:09.629, 89, 26700, 32623, 102.02, 49
2026/09/21 10:30:10.629, 90, 26700, 32623, 170.62, 50
2026/09/21 10:30:11.630, 0, 26700, 32623, 142.01, 44
2026/09/21 10:30:12.631, 91, 26700, 32623, 125.14, 49
2026/09/21 10:30:13.631, 85, 26700, 32623, 170.28, 50
2026/09/21 10:30:14.631, 91, 26700, 32623, 171.25, 50
2026/09/21 10:30:15.631, 86, 26700, 32623, 169.78, 51
2026/09/21 10:30:16.631, 90, 26700, 32623, 171.35, 52
2026/09/21 10:30:17.632, 90, 26700, 32623, 174.02, 53
2026/09/21 10:30:18.632, 90, 26700, 32623, 173.95, 54
2026/09/21 10:30:19.632, 91, 26700, 32623, 173.29, 53
2026/09/21 10:30:20.632, 67, 26700, 32623, 168.56, 54
2026/09/21 10:30:21.633, 88, 26700, 32623, 162.34, 53
2026/09/21 10:30:22.633, 81, 26700, 32623, 159.49, 52
2026/09/21 10:30:23.633, 67, 26700, 32623, 156.00, 51
2026/09/21 10:30:24.633, 74, 26700, 32623, 147.18, 51
2026/09/21 10:30:25.633, 78, 26700, 32623, 154.20, 51
2026/09/21 10:30:26.634, 70, 26700, 32623, 157.85, 50
2026/09/21 10:30:27.634, 77, 26700, 32623, 156.72, 51
2026/09/21 10:30:28.634, 85, 26700, 32623, 157.12, 53
2026/09/21 10:30:29.634, 80, 26700, 32623, 149.48, 55
2026/09/21 10:30:30.635, 75, 26700, 32623, 150.72, 53
2026/09/21 10:30:31.635, 62, 26700, 32623, 157.20, 52
2026/09/21 10:30:32.635, 68, 26700, 32623, 156.66, 51
2026/09/21 10:30:33.635, 81, 26700, 32623, 155.28, 53
2026/09/21 10:30:34.635, 81, 26700, 32623, 149.85, 55
2026/09/21 10:30:35.636, 82, 26700, 32623, 146.33, 54
2026/09/21 10:30:36.636, 34, 26700, 32623, 132.37, 53
2026/09/21 10:30:37.636, 78, 26700, 32623, 135.26, 52
2026/09/21 10:30:38.636, 83, 26700, 32623, 150.58, 53
2026/09/21 10:30:39.636, 65, 26700, 32623, 141.96, 54
2026/09/21 10:30:40.637, 76, 26700, 32623, 151.29, 52
2026/09/21 10:30:41.637, 69, 26700, 32623, 150.76, 52
2026/09/21 10:30:42.637, 82, 26700, 32623, 139.59, 55
2026/09/21 10:30:43.637, 71, 26700, 32623, 142.28, 52
2026/09/21 10:30:44.638, 60, 26700, 32623, 146.43, 51
2026/09/21 10:30:45.638, 78, 26700, 32623, 155.09, 52
2026/09/21 10:30:46.638, 90, 26700, 32623, 160.15, 55
2026/09/21 10:30:47.638, 92, 26700, 32623, 173.95, 55
2026/09/21 10:30:48.639, 88, 26700, 32623, 173.16, 55
2026/09/21 10:30:49.639, 91, 26700, 32623, 172.98, 55
2026/09/21 10:30:50.639, 90, 26700, 32623, 173.48, 55
2026/09/21 10:30:51.639, 90, 26700, 32623, 174.55, 56
2026/09/21 10:30:52.640, 90, 26700, 32623, 175.64, 58
2026/09/21 10:30:53.640, 90, 26700, 32623, 175.24, 56
2026/09/21 10:30:54.640, 91, 26700, 32623, 175.95, 58
2026/09/21 10:30:55.640, 90, 26700, 32623, 175.49, 56
2026/09/21 10:30:56.640, 91, 26700, 32623, 176.28, 58
2026/09/21 10:30:57.641, 81, 26700, 32623, 173.12, 56
2026/09/21 10:30:58.641, 90, 26700, 32623, 173.64, 57
2026/09/21 10:30:59.641, 86, 26700, 32623, 167.48, 57
2026/09/21 10:31:00.641, 89, 26700, 32623, 170.80, 58
2026/09/21 10:31:01.642, 90, 26700, 32623, 177.23, 58
2026/09/21 10:31:02.642, 90, 26700, 32623, 177.35, 58
2026/09/21 10:31:03.642, 90, 26700, 32623, 155.90, 58
2026/09/21 10:31:04.642, 83, 26700, 32623, 174.16, 56
2026/09/21 10:31:05.643, 92, 26700, 32623, 176.64, 58
2026/09/21 10:31:06.643, 92, 26700, 32623, 174.57, 57
2026/09/21 10:31:07.643, 92, 26700, 32623, 175.84, 57
2026/09/21 10:31:08.643, 89, 26700, 32623, 174.41, 58
2026/09/21 10:31:09.643, 87, 26700, 32623, 168.20, 58
2026/09/21 10:31:10.644, 91, 26700, 32623, 176.88, 56
2026/09/21 10:31:11.644, 91, 26700, 32623, 174.98, 57
2026/09/21 10:31:12.644, 92, 26700, 32623, 176.80, 57
2026/09/21 10:31:13.645, 90, 26700, 32623, 177.26, 59
2026/09/21 10:31:14.645, 90, 26700, 32623, 175.49, 57
2026/09/21 10:31:15.645, 90, 26700, 32623, 176.10, 58
2026/09/21 10:31:16.645, 90, 26700, 32623, 166.79, 57
2026/09/21 10:31:17.645, 90, 26700, 32623, 175.32, 60
2026/09/21 10:31:18.646, 81, 26700, 32623, 171.45, 58
2026/09/21 10:31:19.646, 91, 26700, 32623, 173.30, 58
2026/09/21 10:31:20.646, 88, 26700, 32623, 172.25, 59
2026/09/21 10:31:21.648, 90, 26700, 32623, 176.66, 58
2026/09/21 10:31:22.648, 82, 26700, 32623, 173.90, 58
2026/09/21 10:31:23.650, 91, 26700, 32623, 172.18, 60
2026/09/21 10:31:24.650, 91, 26700, 32623, 176.68, 58
2026/09/21 10:31:25.650, 91, 26700, 32623, 176.43, 59
2026/09/21 10:31:26.650, 89, 26700, 32623, 176.53, 60
2026/09/21 10:31:27.651, 86, 26700, 32623, 175.49, 57
2026/09/21 10:31:28.651, 91, 26700, 32623, 175.43, 59
2026/09/21 10:31:29.651, 90, 26700, 32623, 175.85, 60
2026/09/21 10:31:30.651, 89, 26700, 32623, 176.15, 58
2026/09/21 10:31:31.651, 90, 26700, 32623, 177.38, 61
2026/09/21 10:31:32.652, 92, 26700, 32623, 170.80, 61
2026/09/21 10:31:33.652, 92, 26700, 32623, 167.81, 59
2026/09/21 10:31:34.652, 92, 26700, 32623, 174.51, 59
2026/09/21 10:31:35.652, 91, 26700, 32623, 174.20, 58
2026/09/21 10:31:36.653, 80, 26700, 32623, 176.59, 58
2026/09/21 10:31:37.653, 77, 26700, 32623, 172.04, 59
2026/09/21 10:31:38.653, 89, 26700, 32623, 174.68, 61
2026/09/21 10:31:39.653, 88, 26700, 32623, 160.76, 61
2026/09/21 10:31:40.654, 90, 26700, 32623, 175.80, 60
2026/09/21 10:31:41.654, 90, 26700, 32623, 177.98, 59
2026/09/21 10:31:42.654, 91, 26700, 32623, 177.92, 60
2026/09/21 10:31:43.654, 89, 26700, 32623, 176.77, 61
2026/09/21 10:31:44.654, 90, 26700, 32623, 177.91, 60
2026/09/21 10:31:45.655, 91, 26700, 32623, 175.78, 61
2026/09/21 10:31:46.655, 92, 26700, 32623, 177.36, 60
2026/09/21 10:31:47.655, 91, 26700, 32623, 177.60, 58
2026/09/21 10:31:48.655, 90, 26700, 32623, 178.19, 59
2026/09/21 10:31:49.656, 90, 26700, 32623, 178.10, 58
2026/09/21 10:31:50.656, 84, 26700, 32623, 161.68, 57
2026/09/21 10:31:51.656, 92, 26700, 32623, 175.01, 58
2026/09/21 10:31:52.656, 92, 26700, 32623, 178.93, 62
2026/09/21 10:31:53.657, 92, 26700, 32623, 176.23, 59
2026/09/21 10:31:54.657, 91, 26700, 32623, 175.53, 60
2026/09/21 10:31:55.657, 90, 26700, 32623, 177.09, 60
2026/09/21 10:31:56.657, 88, 26700, 32623, 178.07, 61
2026/09/21 10:31:57.658, 89, 26700, 32623, 177.20, 59
2026/09/21 10:31:58.658, 91, 26700, 32623, 178.03, 59
2026/09/21 10:31:59.658, 90, 26700, 32623, 175.34, 60
2026/09/21 10:32:00.658, 90, 26700, 32623, 176.83, 60
2026/09/21 10:32:01.658, 91, 26700, 32623, 177.78, 60
2026/09/21 10:32:02.659, 89, 26700, 32623, 176.49, 60
2026/09/21 10:32:03.659, 91, 26700, 32623, 178.22, 61
2026/09/21 10:32:04.659, 89, 26700, 32623, 177.16, 61
2026/09/21 10:32:05.659, 90, 26700, 32623, 177.48, 61
2026/09/21 10:32:06.660, 58, 26700, 32623, 172.65, 59
2026/09/21 10:32:07.660, 83, 26700, 32623, 171.13, 60
2026/09/21 10:32:08.660, 82, 26700, 32623, 170.57, 59
2026/09/21 10:32:09.660, 87, 26700, 32623, 166.40, 59
2026/09/21 10:32:10.661, 78, 26700, 32623, 160.96, 61
2026/09/21 10:32:11.661, 76, 26700, 32623, 152.12, 60
2026/09/21 10:32:12.661, 82, 26700, 32623, 156.69, 58
2026/09/21 10:32:13.661, 83, 26700, 32623, 160.18, 58
2026/09/21 10:32:14.662, 75, 26700, 32623, 164.36, 57
2026/09/21 10:32:15.662, 79, 26700, 32623, 161.61, 59
2026/09/21 10:32:16.662, 69, 26700, 32623, 160.48, 57
2026/09/21 10:32:17.662, 75, 26700, 32623, 161.82, 60
2026/09/21 10:32:18.663, 83, 26700, 32623, 156.59, 60
2026/09/21 10:32:19.663, 72, 26700, 32623, 160.60, 56
2026/09/21 10:32:20.663, 66, 26700, 32623, 162.22, 57
2026/09/21 10:32:21.664, 63, 26700, 32623, 152.71, 60
2026/09/21 10:32:22.664, 78, 26700, 32623, 153.41, 60
2026/09/21 10:32:23.664, 61, 26700, 32623, 148.79, 58
2026/09/21 10:32:24.664, 80, 26700, 32623, 152.81, 58
2026/09/21 10:32:25.664, 59, 26700, 32623, 133.86, 55
2026/09/21 10:32:26.665, 52, 26700, 32623, 111.32, 54
2026/09/21 10:32:27.665, 17, 26700, 32623, 79.43, 51
2026/09/21 10:32:28.665, 16, 26700, 32623, 76.73, 51
2026/09/21 10:32:29.666, 15, 26700, 32623, 71.47, 50
2026/09/21 10:32:30.666, 17, 26700, 32623, 71.24, 49
2026/09/21 10:32:31.666, 16, 26700, 32623, 70.82, 49
2026/09/21 10:32:32.666, 15, 26700, 32623, 70.70, 49
2026/09/21 10:32:33.667, 17, 26700, 32623, 71.17, 49
2026/09/21 10:32:34.667, 16, 26700, 32623, 70.65, 48
2026/09/21 10:32:35.667, 2, 26700, 32623, 68.24, 46
2026/09/21 10:32:36.667, 16, 26700, 32623, 72.34, 48
2026/09/21 10:32:37.667, 16, 26700, 32623, 70.86, 48
2026/09/21 10:32:38.668, 17, 26700, 32623, 70.88, 48
2026/09/21 10:32:39.668, 17, 26700, 32623, 70.47, 47
2026/09/21 10:32:40.668, 22, 26700, 32623, 70.38, 46
2026/09/21 10:32:41.668, 85, 26700, 32623, 154.35, 53
2026/09/21 10:32:42.669, 89, 26700, 32623, 172.80, 55
2026/09/21 10:32:43.669, 87, 26700, 32623, 172.59, 57
2026/09/21 10:32:44.669, 86, 26700, 32623, 172.06, 56
2026/09/21 10:32:45.669, 89, 26700, 32623, 171.80, 57
2026/09/21 10:32:46.670, 90, 26700, 32623, 174.73, 56
2026/09/21 10:32:47.671, 90, 26700, 32623, 161.01, 58
2026/09/21 10:32:48.671, 90, 26700, 32623, 174.81, 57
2026/09/21 10:32:49.671, 90, 26700, 32623, 176.79, 58
2026/09/21 10:32:50.671, 73, 26700, 32623, 156.33, 54
2026/09/21 10:32:51.671, 92, 26700, 32623, 176.64, 56
2026/09/21 10:32:52.672, 92, 26700, 32623, 174.86, 56
2026/09/21 10:32:53.672, 92, 26700, 32623, 169.39, 58
2026/09/21 10:32:54.672, 90, 26700, 32623, 175.24, 59
2026/09/21 10:32:55.672, 92, 26700, 32623, 174.75, 58
2026/09/21 10:32:56.673, 91, 26700, 32623, 167.99, 58
2026/09/21 10:32:57.673, 91, 26700, 32623, 151.34, 58
2026/09/21 10:32:58.673, 92, 26700, 32623, 175.02, 57
2026/09/21 10:32:59.673, 92, 26700, 32623, 176.28, 57
2026/09/21 10:33:00.674, 91, 26700, 32623, 173.36, 58
2026/09/21 10:33:01.674, 90, 26700, 32623, 176.94, 57
2026/09/21 10:33:02.674, 90, 26700, 32623, 175.34, 59
2026/09/21 10:33:03.674, 90, 26700, 32623, 169.38, 58
2026/09/21 10:33:04.674, 90, 26700, 32623, 176.00, 58
2026/09/21 10:33:05.675, 89, 26700, 32623, 175.60, 60
2026/09/21 10:33:06.675, 80, 26700, 32623, 174.43, 60
2026/09/21 10:33:07.675, 7, 26700, 32623, 147.53, 53
2026/09/21 10:33:08.675, 89, 26700, 32623, 165.46, 59
2026/09/21 10:33:09.675, 91, 26700, 32623, 176.52, 61
2026/09/21 10:33:10.676, 90, 26700, 32623, 176.09, 59
2026/09/21 10:33:11.676, 91, 26700, 32623, 169.29, 59
2026/09/21 10:33:12.676, 91, 26700, 32623, 174.97, 59
2026/09/21 10:33:13.676, 90, 26700, 32623, 175.28, 59
2026/09/21 10:33:14.676, 91, 26700, 32623, 159.55, 57
2026/09/21 10:33:15.677, 93, 26700, 32623, 174.18, 58
2026/09/21 10:33:16.677, 88, 26700, 32623, 175.79, 58
2026/09/21 10:33:17.677, 91, 26700, 32623, 175.98, 59
2026/09/21 10:33:18.677, 89, 26700, 32623, 162.66, 58
2026/09/21 10:33:19.678, 89, 26700, 32623, 175.50, 58
2026/09/21 10:33:20.678, 92, 26700, 32623, 171.53, 59
2026/09/21 10:33:21.678, 92, 26700, 32623, 174.84, 59
2026/09/21 10:33:22.678, 91, 26700, 32623, 176.34, 60
2026/09/21 10:33:23.678, 88, 26700, 32623, 176.58, 58
2026/09/21 10:33:24.679, 86, 26700, 32623, 168.10, 59
2026/09/21 10:33:25.679, 91, 26700, 32623, 174.34, 60
2026/09/21 10:33:26.679, 90, 26700, 32623, 175.58, 59
2026/09/21 10:33:27.679, 90, 26700, 32623, 177.34, 59
2026/09/21 10:33:28.680, 89, 26700, 32623, 160.14, 59
2026/09/21 10:33:29.680, 89, 26700, 32623, 176.78, 61
2026/09/21 10:33:30.680, 29, 26700, 32623, 167.66, 55
2026/09/21 10:33:31.680, 88, 26700, 32623, 175.54, 58
2026/09/21 10:33:32.680, 90, 26700, 32623, 173.80, 60
2026/09/21 10:33:33.681, 91, 26700, 32623, 175.54, 60
2026/09/21 10:33:34.681, 92, 26700, 32623, 176.02, 59
2026/09/21 10:33:35.681, 91, 26700, 32623, 168.71, 58
2026/09/21 10:33:36.681, 88, 26700, 32623, 175.98, 60
2026/09/21 10:33:37.682, 85, 26700, 32623, 170.71, 59
2026/09/21 10:33:38.682, 90, 26700, 32623, 169.77, 60
2026/09/21 10:33:39.682, 92, 26700, 32623, 159.58, 58
2026/09/21 10:33:40.682, 90, 26700, 32623, 168.88, 58
2026/09/21 10:33:41.682, 88, 26700, 32623, 176.60, 60
2026/09/21 10:33:42.683, 90, 26700, 32623, 177.65, 62
2026/09/21 10:33:43.683, 91, 26700, 32623, 176.04, 61
2026/09/21 10:33:44.683, 90, 26700, 32623, 176.56, 60
2026/09/21 10:33:45.683, 86, 26700, 32623, 176.46, 61
2026/09/21 10:33:46.683, 90, 26700, 32623, 175.83, 60
2026/09/21 10:33:47.684, 86, 26700, 32623, 166.24, 59
2026/09/21 10:33:48.684, 89, 26700, 32623, 174.91, 59
2026/09/21 10:33:49.684, 90, 26700, 32623, 173.92, 60
2026/09/21 10:33:50.685, 89, 26700, 32623, 175.89, 59
2026/09/21 10:33:51.685, 89, 26700, 32623, 177.61, 61
2026/09/21 10:33:52.685, 90, 26700, 32623, 177.12, 60
2026/09/21 10:33:53.685, 91, 26700, 32623, 177.95, 59
2026/09/21 10:33:54.685, 90, 26700, 32623, 177.95, 59
2026/09/21 10:33:55.686, 91, 26700, 32623, 177.99, 62
2026/09/21 10:33:56.686, 92, 26700, 32623, 177.27, 60
2026/09/21 10:33:57.686, 89, 26700, 32623, 174.98, 62
2026/09/21 10:33:58.686, 92, 26700, 32623, 177.17, 60
2026/09/21 10:33:59.686, 91, 26700, 32623, 178.21, 60
2026/09/21 10:34:00.687, 84, 26700, 32623, 176.65, 60
2026/09/21 10:34:01.687, 90, 26700, 32623, 178.64, 59
2026/09/21 10:34:02.687, 91, 26700, 32623, 176.83, 60
2026/09/21 10:34:03.687, 90, 26700, 32623, 178.50, 61
2026/09/21 10:34:04.687, 91, 26700, 32623, 170.18, 60
2026/09/21 10:34:05.688, 91, 26700, 32623, 177.44, 61
2026/09/21 10:34:06.688, 91, 26700, 32623, 177.74, 61
2026/09/21 10:34:07.688, 92, 26700, 32623, 178.88, 60
2026/09/21 10:34:08.688, 91, 26700, 32623, 178.22, 60
2026/09/21 10:34:09.689, 91, 26700, 32623, 178.58, 61
2026/09/21 10:34:10.689, 90, 26700, 32623, 175.30, 60
2026/09/21 10:34:11.689, 90, 26700, 32623, 177.68, 60
2026/09/21 10:34:12.689, 90, 26700, 32623, 178.83, 60
2026/09/21 10:34:13.690, 90, 26700, 32623, 179.02, 62
2026/09/21 10:34:14.690, 89, 26700, 32623, 176.88, 62
2026/09/21 10:34:15.690, 85, 26700, 32623, 167.41, 61
2026/09/21 10:34:16.690, 87, 26700, 32623, 177.41, 62
2026/09/21 10:34:17.691, 90, 26700, 32623, 173.92, 62
2026/09/21 10:34:18.691, 90, 26700, 32623, 178.09, 59
2026/09/21 10:34:19.691, 90, 26700, 32623, 177.52, 61
2026/09/21 10:34:20.691, 90, 26700, 32623, 177.97, 60
2026/09/21 10:34:21.692, 90, 26700, 32623, 168.35, 61
2026/09/21 10:34:22.692, 91, 26700, 32623, 176.88, 61
2026/09/21 10:34:23.692, 92, 26700, 32623, 177.80, 59
2026/09/21 10:34:24.692, 92, 26700, 32623, 178.54, 60
2026/09/21 10:34:25.692, 91, 26700, 32623, 178.81, 62
2026/09/21 10:34:26.693, 90, 26700, 32623, 179.20, 61
2026/09/21 10:34:27.693, 89, 26700, 32623, 178.66, 60
2026/09/21 10:34:28.693, 90, 26700, 32623, 176.74, 62
2026/09/21 10:34:29.693, 88, 26700, 32623, 178.62, 60
2026/09/21 10:34:30.694, 89, 26700, 32623, 177.44, 62
2026/09/21 10:34:31.694, 91, 26700, 32623, 178.61, 60
2026/09/21 10:34:32.694, 88, 26700, 32623, 177.82, 61
2026/09/21 10:34:33.694, 89, 26700, 32623, 177.58, 62
2026/09/21 10:34:34.695, 87, 26700, 32623, 178.74, 62
2026/09/21 10:34:35.695, 90, 26700, 32623, 174.13, 61
2026/09/21 10:34:36.695, 86, 26700, 32623, 169.79, 62
2026/09/21 10:34:37.695, 90, 26700, 32623, 177.69, 61
2026/09/21 10:34:38.696, 78, 26700, 32623, 159.15, 61
2026/09/21 10:34:39.696, 91, 26700, 32623, 171.88, 60
2026/09/21 10:34:40.697, 91, 26700, 32623, 176.70, 59
2026/09/21 10:34:41.697, 91, 26700, 32623, 179.33, 60
2026/09/21 10:34:42.698, 87, 26700, 32623, 177.34, 60
2026/09/21 10:34:43.698, 91, 26700, 32623, 177.35, 62
2026/09/21 10:34:44.698, 92, 26700, 32623, 177.92, 60
2026/09/21 10:34:45.698, 90, 26700, 32623, 177.73, 60
2026/09/21 10:34:46.699, 89, 26700, 32623, 176.57, 61
2026/09/21 10:34:47.699, 90, 26700, 32623, 178.65, 60
2026/09/21 10:34:48.699, 90, 26700, 32623, 179.48, 63
2026/09/21 10:34:49.699, 89, 26700, 32623, 178.20, 62
2026/09/21 10:34:50.699, 91, 26700, 32623, 177.32, 61
2026/09/21 10:34:51.700, 89, 26700, 32623, 178.40, 62
2026/09/21 10:34:52.700, 84, 26700, 32623, 174.38, 60
2026/09/21 10:34:53.700, 90, 26700, 32623, 164.78, 63
2026/09/21 10:34:54.700, 68, 26700, 32623, 149.54, 57
2026/09/21 10:34:55.701, 31, 26700, 32623, 95.55, 54
2026/09/21 10:34:56.701, 16, 26700, 32623, 81.33, 53
2026/09/21 10:34:57.725, 1, 26700, 32623, 71.55, 50
2026/09/21 10:34:58.726, 8, 26700, 32623, 45.45, 49
2026/09/21 10:34:59.726, 17, 26700, 32623, 73.08, 50
2026/09/21 10:35:00.726, 18, 26700, 32623, 72.77, 51
2026/09/21 10:35:01.726, 16, 26700, 32623, 72.92, 50
2026/09/21 10:35:02.727, 16, 26700, 32623, 72.21, 50
2026/09/21 10:35:03.727, 16, 26700, 32623, 72.68, 50
2026/09/21 10:35:04.727, 16, 26700, 32623, 72.10, 50
2026/09/21 10:35:05.727, 18, 26700, 32623, 72.40, 49
2026/09/21 10:35:06.728, 15, 26700, 32623, 71.87, 49
2026/09/21 10:35:07.728, 16, 26700, 32623, 71.89, 49
2026/09/21 10:35:08.728, 13, 26700, 32623, 70.51, 48
2026/09/21 10:35:09.728, 16, 26700, 32623, 70.44, 48
2026/09/21 10:35:10.728, 80, 26700, 32623, 136.87, 53
2026/09/21 10:35:11.729, 84, 26700, 32623, 168.58, 54
2026/09/21 10:35:12.729, 83, 26700, 32623, 175.85, 56
2026/09/21 10:35:13.729, 84, 26700, 32623, 172.37, 55
2026/09/21 10:35:14.729, 90, 26700, 32623, 174.62, 57
2026/09/21 10:35:15.729, 91, 26700, 32623, 168.97, 57
2026/09/21 10:35:16.730, 66, 26700, 32623, 157.97, 57
2026/09/21 10:35:17.730, 90, 26700, 32623, 170.34, 58
2026/09/21 10:35:18.730, 90, 26700, 32623, 176.35, 57
2026/09/21 10:35:19.730, 90, 26700, 32623, 174.85, 59
2026/09/21 10:35:20.731, 92, 26700, 32623, 176.11, 58
2026/09/21 10:35:21.731, 89, 26700, 32623, 173.97, 60
2026/09/21 10:35:22.731, 89, 26700, 32623, 168.71, 59
2026/09/21 10:35:23.731, 88, 26700, 32623, 175.69, 59
2026/09/21 10:35:24.732, 90, 26700, 32623, 168.20, 58
2026/09/21 10:35:25.732, 80, 26700, 32623, 158.26, 56
2026/09/21 10:35:26.732, 37, 26700, 32623, 110.83, 53
2026/09/21 10:35:27.732, 21, 26700, 32623, 79.70, 51
2026/09/21 10:35:28.732, 24, 26700, 32623, 76.09, 50
2026/09/21 10:35:29.733, 14, 26700, 32623, 69.24, 49
2026/09/21 10:35:30.733, 15, 26700, 32623, 67.02, 49
2026/09/21 10:35:31.733, 16, 26700, 32623, 63.83, 49
2026/09/21 10:35:32.733, 3, 26700, 32623, 68.39, 47
2026/09/21 10:35:33.734, 16, 26700, 32623, 46.74, 47
2026/09/21 10:35:34.734, 28, 26700, 32623, 76.43, 49
2026/09/21 10:35:35.734, 17, 26700, 32623, 75.71, 48
2026/09/21 10:35:36.734, 15, 26700, 32623, 70.73, 48
2026/09/21 10:35:37.735, 16, 26700, 32623, 69.10, 48
2026/09/21 10:35:38.735, 16, 26700, 32623, 67.57, 46
2026/09/21 10:35:39.735, 10, 26700, 32623, 64.92, 47
2026/09/21 10:35:40.735, 17, 26700, 32623, 65.44, 47
2026/09/21 10:35:41.735, 16, 26700, 32623, 67.25, 46
2026/09/21 10:35:42.736, 15, 26700, 32623, 67.68, 46
2026/09/21 10:35:43.736, 17, 26700, 32623, 67.02, 46
2026/09/21 10:35:44.736, 13, 26700, 32623, 67.92, 46
2026/09/21 10:35:45.736, 18, 26700, 32623, 67.42, 46
2026/09/21 10:35:46.737, 16, 26700, 32623, 67.60, 46
2026/09/21 10:35:47.737, 15, 26700, 32623, 67.52, 46
2026/09/21 10:35:48.737, 18, 26700, 32623, 68.71, 45
2026/09/21 10:35:49.737, 66, 26700, 32623, 107.18, 49
2026/09/21 10:35:50.738, 81, 26700, 32623, 135.44, 53
2026/09/21 10:35:51.738, 62, 26700, 32623, 149.88, 50
2026/09/21 10:35:52.738, 79, 26700, 32623, 144.13, 52
2026/09/21 10:35:53.738, 80, 26700, 32623, 145.38, 54
2026/09/21 10:35:54.738, 82, 26700, 32623, 142.08, 53
2026/09/21 10:35:55.739, 58, 26700, 32623, 138.88, 52
2026/09/21 10:35:56.739, 67, 26700, 32623, 144.11, 52
2026/09/21 10:35:57.739, 80, 26700, 32623, 140.69, 52
2026/09/21 10:35:58.739, 49, 26700, 32623, 139.75, 53
2026/09/21 10:35:59.740, 64, 26700, 32623, 146.21, 52
2026/09/21 10:36:00.740, 75, 26700, 32623, 148.94, 53
2026/09/21 10:36:01.740, 83, 26700, 32623, 146.84, 55
2026/09/21 10:36:02.740, 31, 26700, 32623, 144.15, 53
2026/09/21 10:36:03.740, 67, 26700, 32623, 154.59, 53
2026/09/21 10:36:04.741, 75, 26700, 32623, 151.76, 53
2026/09/21 10:36:05.741, 90, 26700, 32623, 162.20, 54
2026/09/21 10:36:06.741, 90, 26700, 32623, 168.37, 56
2026/09/21 10:36:07.741, 91, 26700, 32623, 163.52, 56
2026/09/21 10:36:08.742, 85, 26700, 32623, 152.69, 56
2026/09/21 10:36:09.742, 67, 26700, 32623, 131.02, 50
2026/09/21 10:36:10.742, 13, 26700, 32623, 80.03, 48
2026/09/21 10:36:11.742, 18, 26700, 32623, 74.51, 48
2026/09/21 10:36:12.743, 15, 26700, 32623, 68.90, 48
2026/09/21 10:36:13.743, 16, 26700, 32623, 69.15, 46
2026/09/21 10:36:14.743, 17, 26700, 32623, 69.65, 47
2026/09/21 10:36:15.743, 30, 26700, 32623, 73.86, 47
2026/09/21 10:36:16.744, 15, 26700, 32623, 76.59, 47
2026/09/21 10:36:17.744, 16, 26700, 32623, 71.96, 46
2026/09/21 10:36:18.744, 18, 26700, 32623, 68.83, 46
2026/09/21 10:36:19.744, 1, 26700, 32623, 58.31, 44
2026/09/21 10:36:20.744, 17, 26700, 32623, 58.13, 45
2026/09/21 10:36:21.745, 17, 26700, 32623, 69.92, 45
2026/09/21 10:36:22.745, 18, 26700, 32623, 69.96, 45
2026/09/21 10:36:23.745, 12, 26700, 32623, 68.29, 45
2026/09/21 10:36:24.745, 18, 26700, 32623, 65.73, 45
2026/09/21 10:36:25.746, 18, 26700, 32623, 68.79, 45
2026/09/21 10:36:26.746, 17, 26700, 32623, 69.62, 45
2026/09/21 10:36:27.746, 16, 26700, 32623, 68.43, 45
2026/09/21 10:36:28.746, 18, 26700, 32623, 69.48, 44
2026/09/21 10:36:29.747, 17, 26700, 32623, 69.10, 45
2026/09/21 10:36:30.747, 18, 26700, 32623, 68.99, 45
2026/09/21 10:36:31.747, 18, 26700, 32623, 69.58, 45
2026/09/21 10:36:32.747, 18, 26700, 32623, 69.59, 45
2026/09/21 10:36:33.748, 4, 26700, 32623, 68.07, 44
2026/09/21 10:36:34.748, 87, 26700, 32623, 134.79, 51
2026/09/21 10:36:35.748, 91, 26700, 32623, 161.21, 53
2026/09/21 10:36:36.748, 89, 26700, 32623, 163.50, 51
2026/09/21 10:36:37.749, 87, 26700, 32623, 166.32, 54
2026/09/21 10:36:38.749, 91, 26700, 32623, 162.51, 53
2026/09/21 10:36:39.749, 89, 26700, 32623, 165.57, 53
2026/09/21 10:36:40.749, 89, 26700, 32623, 164.99, 53
2026/09/21 10:36:41.750, 42, 26700, 32623, 162.61, 53
2026/09/21 10:36:42.750, 60, 26700, 32623, 164.60, 53
2026/09/21 10:36:43.750, 87, 26700, 32623, 161.99, 55
2026/09/21 10:36:44.750, 89, 26700, 32623, 167.31, 55
2026/09/21 10:36:45.750, 90, 26700, 32623, 164.76, 56
2026/09/21 10:36:46.751, 89, 26700, 32623, 164.46, 57
2026/09/21 10:36:47.751, 91, 26700, 32623, 165.20, 56
2026/09/21 10:36:48.751, 47, 26700, 32623, 153.67, 50
2026/09/21 10:36:49.751, 90, 26700, 32623, 149.61, 57
2026/09/21 10:36:50.752, 22, 26700, 32623, 159.60, 52
2026/09/21 10:36:51.752, 19, 26700, 32623, 133.59, 50
2026/09/21 10:36:52.752, 28, 26700, 32623, 77.72, 49
2026/09/21 10:36:53.752, 19, 26700, 32623, 79.35, 49
2026/09/21 10:36:54.752, 54, 26700, 32623, 62.15, 47
2026/09/21 10:36:55.753, 19, 26700, 32623, 78.94, 48
2026/09/21 10:36:56.753, 19, 26700, 32623, 75.67, 47
2026/09/21 10:36:57.753, 19, 26700, 32623, 70.47, 47
2026/09/21 10:36:58.753, 17, 26700, 32623, 70.10, 46
2026/09/21 10:36:59.754, 18, 26700, 32623, 70.18, 46
2026/09/21 10:37:00.754, 17, 26700, 32623, 70.23, 46
2026/09/21 10:37:01.754, 17, 26700, 32623, 69.95, 46
2026/09/21 10:37:02.754, 3, 26700, 32623, 47.59, 45
2026/09/21 10:37:03.755, 19, 26700, 32623, 70.41, 46
2026/09/21 10:37:04.755, 18, 26700, 32623, 67.65, 45
2026/09/21 10:37:05.755, 18, 26700, 32623, 71.09, 45
2026/09/21 10:37:06.755, 16, 26700, 32623, 70.01, 45
2026/09/21 10:37:07.756, 20, 26700, 32623, 69.61, 45
2026/09/21 10:37:08.756, 19, 26700, 32623, 71.01, 45
2026/09/21 10:37:09.756, 17, 26700, 32623, 70.81, 45
2026/09/21 10:37:10.756, 17, 26700, 32623, 70.64, 44
2026/09/21 10:37:11.756, 18, 26700, 32623, 68.63, 45
2026/09/21 10:37:12.757, 17, 26700, 32623, 70.08, 45
2026/09/21 10:37:13.758, 19, 26700, 32623, 70.49, 45
2026/09/21 10:37:14.758, 18, 26700, 32623, 70.72, 45
2026/09/21 10:37:15.758, 31, 26700, 32623, 72.65, 48
2026/09/21 10:37:16.759, 74, 26700, 32623, 151.90, 48
2026/09/21 10:37:17.759, 87, 26700, 32623, 165.69, 51
2026/09/21 10:37:18.759, 90, 26700, 32623, 162.52, 52
2026/09/21 10:37:19.759, 91, 26700, 32623, 164.73, 52
2026/09/21 10:37:20.759, 90, 26700, 32623, 170.61, 53
2026/09/21 10:37:21.760, 90, 26700, 32623, 169.82, 53
2026/09/21 10:37:22.760, 84, 26700, 32623, 164.13, 53
2026/09/21 10:37:23.760, 89, 26700, 32623, 171.18, 54
2026/09/21 10:37:24.760, 92, 26700, 32623, 165.76, 54
2026/09/21 10:37:25.761, 90, 26700, 32623, 175.13, 54
2026/09/21 10:37:26.761, 90, 26700, 32623, 168.54, 55
2026/09/21 10:37:27.761, 90, 26700, 32623, 169.21, 54
2026/09/21 10:37:28.761, 90, 26700, 32623, 168.95, 56
2026/09/21 10:37:29.762, 92, 26700, 32623, 175.91, 56
2026/09/21 10:37:30.762, 90, 26700, 32623, 174.17, 54
2026/09/21 10:37:31.762, 86, 26700, 32623, 174.52, 55
2026/09/21 10:37:32.762, 90, 26700, 32623, 176.05, 56
2026/09/21 10:37:33.763, 92, 26700, 32623, 175.25, 55
2026/09/21 10:37:34.763, 90, 26700, 32623, 166.95, 55
2026/09/21 10:37:35.763, 83, 26700, 32623, 174.19, 55
2026/09/21 10:37:36.763, 80, 26700, 32623, 156.85, 53
2026/09/21 10:37:37.764, 85, 26700, 32623, 153.76, 57
2026/09/21 10:37:38.764, 30, 26700, 32623, 117.36, 52
2026/09/21 10:37:39.764, 84, 26700, 32623, 158.51, 55
2026/09/21 10:37:40.764, 90, 26700, 32623, 166.44, 56
2026/09/21 10:37:41.764, 87, 26700, 32623, 170.00, 56
2026/09/21 10:37:42.765, 90, 26700, 32623, 171.53, 58
2026/09/21 10:37:43.765, 90, 26700, 32623, 168.07, 56
2026/09/21 10:37:44.765, 92, 26700, 32623, 173.04, 55
2026/09/21 10:37:45.765, 91, 26700, 32623, 164.88, 56
2026/09/21 10:37:46.766, 90, 26700, 32623, 169.95, 56
2026/09/21 10:37:47.766, 90, 26700, 32623, 165.54, 56
2026/09/21 10:37:48.766, 80, 26700, 32623, 161.05, 55
2026/09/21 10:37:49.766, 29, 26700, 32623, 118.29, 51
2026/09/21 10:37:50.767, 18, 26700, 32623, 79.72, 50
2026/09/21 10:37:51.767, 16, 26700, 32623, 75.20, 49
2026/09/21 10:37:52.767, 19, 26700, 32623, 72.13, 49
2026/09/21 10:37:53.767, 18, 26700, 32623, 69.84, 49
2026/09/21 10:37:54.767, 19, 26700, 32623, 71.71, 48
2026/09/21 10:37:55.768, 18, 26700, 32623, 70.99, 48
2026/09/21 10:37:56.768, 19, 26700, 32623, 71.79, 48
2026/09/21 10:37:57.768, 18, 26700, 32623, 72.25, 47
2026/09/21 10:37:58.768, 18, 26700, 32623, 71.25, 47
2026/09/21 10:37:59.769, 1, 26700, 32623, 64.44, 44
2026/09/21 10:38:00.769, 18, 26700, 32623, 71.15, 46
2026/09/21 10:38:01.769, 18, 26700, 32623, 71.59, 47
2026/09/21 10:38:02.769, 19, 26700, 32623, 71.35, 47
2026/09/21 10:38:03.769, 19, 26700, 32623, 71.39, 46
2026/09/21 10:38:04.770, 17, 26700, 32623, 70.85, 45
2026/09/21 10:38:05.770, 19, 26700, 32623, 71.40, 46
2026/09/21 10:38:06.770, 18, 26700, 32623, 70.53, 46
2026/09/21 10:38:07.770, 19, 26700, 32623, 71.01, 46
2026/09/21 10:38:08.771, 19, 26700, 32623, 71.38, 46
2026/09/21 10:38:09.771, 90, 26700, 32623, 109.50, 51
2026/09/21 10:38:10.771, 87, 26700, 32623, 163.46, 52
2026/09/21 10:38:11.771, 90, 26700, 32623, 166.35, 53
2026/09/21 10:38:12.771, 84, 26700, 32623, 162.31, 55
2026/09/21 10:38:13.772, 90, 26700, 32623, 168.12, 53
2026/09/21 10:38:14.772, 90, 26700, 32623, 172.80, 54
2026/09/21 10:38:15.772, 90, 26700, 32623, 176.44, 55
2026/09/21 10:38:16.772, 91, 26700, 32623, 175.12, 56
2026/09/21 10:38:17.773, 84, 26700, 32623, 167.80, 54
2026/09/21 10:38:18.773, 90, 26700, 32623, 176.15, 55
2026/09/21 10:38:19.773, 57, 26700, 32623, 166.90, 56
2026/09/21 10:38:20.773, 89, 26700, 32623, 170.78, 55
2026/09/21 10:38:21.773, 80, 26700, 32623, 166.02, 55
2026/09/21 10:38:22.774, 89, 26700, 32623, 169.26, 56
2026/09/21 10:38:23.774, 90, 26700, 32623, 177.26, 57
2026/09/21 10:38:24.774, 82, 26700, 32623, 171.01, 56
2026/09/21 10:38:25.774, 88, 26700, 32623, 175.29, 57
2026/09/21 10:38:26.775, 90, 26700, 32623, 175.76, 56
2026/09/21 10:38:27.775, 62, 26700, 32623, 169.63, 56
2026/09/21 10:38:28.775, 89, 26700, 32623, 174.47, 58
2026/09/21 10:38:29.775, 87, 26700, 32623, 167.45, 52
2026/09/21 10:38:30.775, 43, 26700, 32623, 138.81, 53
2026/09/21 10:38:31.776, 80, 26700, 32623, 170.51, 54
2026/09/21 10:38:32.776, 89, 26700, 32623, 114.65, 56
2026/09/21 10:38:33.776, 90, 26700, 32623, 167.36, 57
2026/09/21 10:38:34.776, 45, 26700, 32623, 164.01, 57
2026/09/21 10:38:35.776, 66, 26700, 32623, 160.28, 51
2026/09/21 10:38:36.777, 90, 26700, 32623, 161.85, 58
2026/09/21 10:38:37.777, 90, 26700, 32623, 172.05, 58
2026/09/21 10:38:38.777, 89, 26700, 32623, 166.60, 58
2026/09/21 10:38:39.777, 92, 26700, 32623, 164.22, 56
2026/09/21 10:38:40.778, 90, 26700, 32623, 166.42, 56
2026/09/21 10:38:41.778, 60, 26700, 32623, 156.14, 52
2026/09/21 10:38:42.778, 87, 26700, 32623, 156.69, 56
2026/09/21 10:38:43.778, 29, 26700, 32623, 119.29, 52
2026/09/21 10:38:44.778, 18, 26700, 32623, 78.36, 50
2026/09/21 10:38:45.779, 17, 26700, 32623, 76.17, 49
2026/09/21 10:38:46.779, 20, 26700, 32623, 72.26, 49
2026/09/21 10:38:47.779, 19, 26700, 32623, 72.32, 49
2026/09/21 10:38:48.779, 20, 26700, 32623, 71.15, 49
2026/09/21 10:38:49.779, 19, 26700, 32623, 71.43, 48
2026/09/21 10:38:50.780, 17, 26700, 32623, 71.22, 48
2026/09/21 10:38:51.780, 19, 26700, 32623, 71.42, 47
2026/09/21 10:38:52.780, 19, 26700, 32623, 71.68, 47
2026/09/21 10:38:53.780, 20, 26700, 32623, 71.26, 48
2026/09/21 10:38:54.780, 19, 26700, 32623, 70.75, 47
2026/09/21 10:38:55.781, 18, 26700, 32623, 71.45, 47
2026/09/21 10:38:56.782, 1, 26700, 32623, 62.11, 44
2026/09/21 10:38:57.782, 18, 26700, 32623, 70.04, 47
2026/09/21 10:38:58.782, 13, 26700, 32623, 68.20, 46
2026/09/21 10:38:59.783, 18, 26700, 32623, 69.78, 46
2026/09/21 10:39:00.783, 17, 26700, 32623, 69.50, 46
2026/09/21 10:39:01.783, 18, 26700, 32623, 70.19, 46
2026/09/21 10:39:02.799, 16, 26700, 32623, 64.81, 45
2026/09/21 10:39:03.825, 19, 26700, 32623, 70.84, 45
2026/09/21 10:39:04.826, 0, 26700, 32623, 55.62, 43
2026/09/21 10:39:05.826, 0, 26700, 32623, 39.42, 42
2026/09/21 10:39:06.826, 84, 26700, 32623, 41.53, 44
2026/09/21 10:39:07.827, 79, 26700, 32623, 159.54, 51
2026/09/21 10:39:08.827, 90, 26700, 32623, 173.85, 54
2026/09/21 10:39:09.827, 38, 26700, 32623, 168.80, 50
2026/09/21 10:39:10.827, 89, 26700, 32623, 171.57, 55
2026/09/21 10:39:11.828, 74, 26700, 32623, 168.28, 52
2026/09/21 10:39:12.828, 87, 26700, 32623, 175.98, 56
2026/09/21 10:39:13.828, 89, 26700, 32623, 167.01, 55
2026/09/21 10:39:14.829, 89, 26700, 32623, 175.62, 56
2026/09/21 10:39:15.829, 88, 26700, 32623, 166.05, 55
2026/09/21 10:39:16.829, 91, 26700, 32623, 167.04, 55
2026/09/21 10:39:17.830, 90, 26700, 32623, 172.93, 56
2026/09/21 10:39:18.830, 81, 26700, 32623, 174.42, 55
2026/09/21 10:39:19.830, 90, 26700, 32623, 174.96, 57
2026/09/21 10:39:20.830, 89, 26700, 32623, 175.97, 58
2026/09/21 10:39:21.830, 82, 26700, 32623, 174.98, 55
2026/09/21 10:39:22.831, 88, 26700, 32623, 174.80, 56
2026/09/21 10:39:23.831, 89, 26700, 32623, 175.66, 57
2026/09/21 10:39:24.831, 82, 26700, 32623, 171.23, 57
2026/09/21 10:39:25.831, 90, 26700, 32623, 175.65, 58
2026/09/21 10:39:26.832, 50, 26700, 32623, 172.34, 54
2026/09/21 10:39:27.832, 89, 26700, 32623, 171.15, 58
2026/09/21 10:39:28.832, 72, 26700, 32623, 172.33, 58
2026/09/21 10:39:29.832, 50, 26700, 32623, 138.19, 54
2026/09/21 10:39:30.833, 74, 26700, 32623, 165.75, 54
2026/09/21 10:39:31.833, 89, 26700, 32623, 114.69, 55
2026/09/21 10:39:32.833, 88, 26700, 32623, 166.42, 57
2026/09/21 10:39:33.833, 86, 26700, 32623, 172.63, 58
2026/09/21 10:39:34.833, 89, 26700, 32623, 168.46, 57
2026/09/21 10:39:35.834, 45, 26700, 32623, 164.34, 56
2026/09/21 10:39:36.834, 71, 26700, 32623, 166.32, 56
2026/09/21 10:39:37.834, 87, 26700, 32623, 162.59, 56
2026/09/21 10:39:38.834, 89, 26700, 32623, 169.99, 57
2026/09/21 10:39:39.834, 66, 26700, 32623, 147.61, 55
2026/09/21 10:39:40.835, 22, 26700, 32623, 92.51, 51
2026/09/21 10:39:41.835, 18, 26700, 32623, 80.03, 51
2026/09/21 10:39:42.836, 18, 26700, 32623, 74.87, 50
2026/09/21 10:39:43.836, 18, 26700, 32623, 73.19, 49
2026/09/21 10:39:44.837, 17, 26700, 32623, 71.66, 48
2026/09/21 10:39:45.837, 18, 26700, 32623, 69.40, 49
2026/09/21 10:39:46.837, 18, 26700, 32623, 72.51, 48
2026/09/21 10:39:47.837, 18, 26700, 32623, 67.21, 48
2026/09/21 10:39:48.838, 20, 26700, 32623, 72.11, 47
2026/09/21 10:39:49.838, 4, 26700, 32623, 69.62, 46
2026/09/21 10:39:50.838, 15, 26700, 32623, 71.70, 47
2026/09/21 10:39:51.838, 20, 26700, 32623, 70.40, 47
2026/09/21 10:39:52.838, 18, 26700, 32623, 72.17, 47
2026/09/21 10:39:53.839, 18, 26700, 32623, 71.44, 46
2026/09/21 10:39:54.839, 18, 26700, 32623, 69.40, 47
2026/09/21 10:39:55.839, 18, 26700, 32623, 71.78, 47
2026/09/21 10:39:56.840, 20, 26700, 32623, 72.30, 47
2026/09/21 10:39:57.843, 19, 26700, 32623, 72.29, 46
2026/09/21 10:39:58.843, 19, 26700, 32623, 72.34, 46
2026/09/21 10:39:59.843, 19, 26700, 32623, 73.00, 46
2026/09/21 10:40:00.844, 91, 26700, 32623, 113.70, 53
2026/09/21 10:40:01.844, 90, 26700, 32623, 162.91, 52
2026/09/21 10:40:02.844, 90, 26700, 32623, 174.54, 53
2026/09/21 10:40:03.844, 91, 26700, 32623, 175.11, 53
2026/09/21 10:40:04.845, 90, 26700, 32623, 174.97, 55
2026/09/21 10:40:05.845, 90, 26700, 32623, 175.06, 54
2026/09/21 10:40:06.845, 90, 26700, 32623, 167.75, 54
2026/09/21 10:40:07.845, 90, 26700, 32623, 175.36, 55
2026/09/21 10:40:08.846, 90, 26700, 32623, 165.40, 55
2026/09/21 10:40:09.846, 90, 26700, 32623, 170.81, 55
2026/09/21 10:40:10.846, 91, 26700, 32623, 171.94, 56
2026/09/21 10:40:11.846, 90, 26700, 32623, 175.24, 57
2026/09/21 10:40:12.847, 90, 26700, 32623, 176.92, 56
2026/09/21 10:40:13.847, 90, 26700, 32623, 176.52, 55
2026/09/21 10:40:14.847, 90, 26700, 32623, 176.20, 56
2026/09/21 10:40:15.847, 82, 26700, 32623, 173.90, 56
2026/09/21 10:40:16.847, 90, 26700, 32623, 170.34, 58
2026/09/21 10:40:17.848, 90, 26700, 32623, 175.45, 57
2026/09/21 10:40:18.848, 28, 26700, 32623, 157.86, 52
2026/09/21 10:40:19.848, 90, 26700, 32623, 172.11, 57
2026/09/21 10:40:20.849, 92, 26700, 32623, 168.67, 57
2026/09/21 10:40:21.849, 88, 26700, 32623, 177.40, 60
2026/09/21 10:40:22.849, 87, 26700, 32623, 162.72, 56
2026/09/21 10:40:23.849, 90, 26700, 32623, 149.69, 57
2026/09/21 10:40:24.850, 30, 26700, 32623, 135.63, 52
2026/09/21 10:40:25.850, 90, 26700, 32623, 147.11, 55
2026/09/21 10:40:26.850, 91, 26700, 32623, 170.59, 58
2026/09/21 10:40:27.851, 84, 26700, 32623, 166.00, 57
2026/09/21 10:40:28.851, 91, 26700, 32623, 172.32, 58
2026/09/21 10:40:29.851, 91, 26700, 32623, 170.31, 58
2026/09/21 10:40:30.851, 91, 26700, 32623, 167.13, 57
2026/09/21 10:40:31.851, 90, 26700, 32623, 170.25, 57
2026/09/21 10:40:32.852, 88, 26700, 32623, 166.77, 57
2026/09/21 10:40:33.852, 26, 26700, 32623, 114.74, 51
2026/09/21 10:40:34.852, 17, 26700, 32623, 79.72, 51
2026/09/21 10:40:35.852, 1, 26700, 32623, 73.26, 48
2026/09/21 10:40:36.853, 19, 26700, 32623, 61.28, 49
2026/09/21 10:40:37.853, 19, 26700, 32623, 73.75, 49
2026/09/21 10:40:38.853, 19, 26700, 32623, 72.35, 49
2026/09/21 10:40:39.853, 19, 26700, 32623, 72.26, 49
2026/09/21 10:40:40.854, 2, 26700, 32623, 69.44, 46
2026/09/21 10:40:41.854, 18, 26700, 32623, 67.75, 48
2026/09/21 10:40:42.854, 19, 26700, 32623, 66.72, 48
2026/09/21 10:40:43.854, 17, 26700, 32623, 70.03, 48
2026/09/21 10:40:44.854, 19, 26700, 32623, 71.89, 47
2026/09/21 10:40:45.855, 19, 26700, 32623, 72.91, 48
2026/09/21 10:40:46.855, 19, 26700, 32623, 72.57, 48
2026/09/21 10:40:47.855, 20, 26700, 32623, 72.20, 46
2026/09/21 10:40:48.855, 20, 26700, 32623, 72.05, 46
2026/09/21 10:40:49.856, 19, 26700, 32623, 69.53, 46
2026/09/21 10:40:50.856, 17, 26700, 32623, 71.96, 47
2026/09/21 10:40:51.856, 17, 26700, 32623, 71.81, 46
2026/09/21 10:40:52.857, 19, 26700, 32623, 71.68, 47
2026/09/21 10:40:53.857, 3, 26700, 32623, 70.76, 44
2026/09/21 10:40:54.857, 87, 26700, 32623, 131.96, 52
2026/09/21 10:40:55.857, 92, 26700, 32623, 159.71, 54
2026/09/21 10:40:56.857, 92, 26700, 32623, 173.58, 55
2026/09/21 10:40:57.858, 89, 26700, 32623, 169.03, 55
2026/09/21 10:40:58.858, 91, 26700, 32623, 174.81, 54
2026/09/21 10:40:59.858, 91, 26700, 32623, 173.04, 54
2026/09/21 10:41:00.858, 92, 26700, 32623, 168.00, 55
2026/09/21 10:41:01.859, 91, 26700, 32623, 175.49, 56
2026/09/21 10:41:02.859, 88, 26700, 32623, 166.80, 56
2026/09/21 10:41:03.859, 90, 26700, 32623, 169.45, 54
2026/09/21 10:41:04.859, 92, 26700, 32623, 170.07, 57
2026/09/21 10:41:05.859, 90, 26700, 32623, 174.94, 56
2026/09/21 10:41:06.860, 92, 26700, 32623, 173.36, 55
2026/09/21 10:41:07.860, 92, 26700, 32623, 176.06, 55
2026/09/21 10:41:08.860, 91, 26700, 32623, 172.70, 56
2026/09/21 10:41:09.860, 91, 26700, 32623, 174.49, 55
2026/09/21 10:41:10.861, 92, 26700, 32623, 174.64, 57
2026/09/21 10:41:11.861, 92, 26700, 32623, 172.73, 57
2026/09/21 10:41:12.861, 91, 26700, 32623, 176.48, 57
2026/09/21 10:41:13.861, 92, 26700, 32623, 176.23, 56
2026/09/21 10:41:14.862, 90, 26700, 32623, 167.95, 56
2026/09/21 10:41:15.862, 90, 26700, 32623, 176.25, 56
2026/09/21 10:41:16.862, 72, 26700, 32623, 149.82, 54
2026/09/21 10:41:17.862, 90, 26700, 32623, 160.01, 57
2026/09/21 10:41:18.862, 87, 26700, 32623, 115.70, 56
2026/09/21 10:41:19.863, 52, 26700, 32623, 168.96, 56
2026/09/21 10:41:20.863, 73, 26700, 32623, 169.96, 56
2026/09/21 10:41:21.863, 90, 26700, 32623, 169.35, 57
2026/09/21 10:41:22.863, 88, 26700, 32623, 171.96, 59
2026/09/21 10:41:23.864, 88, 26700, 32623, 168.59, 58
2026/09/21 10:41:24.865, 86, 26700, 32623, 166.90, 57
2026/09/21 10:41:25.865, 92, 26700, 32623, 165.87, 58
2026/09/21 10:41:26.865, 80, 26700, 32623, 151.20, 57
2026/09/21 10:41:27.866, 28, 26700, 32623, 106.80, 52
2026/09/21 10:41:28.866, 18, 26700, 32623, 80.00, 51
2026/09/21 10:41:29.866, 18, 26700, 32623, 75.31, 50
2026/09/21 10:41:30.866, 20, 26700, 32623, 73.28, 49
2026/09/21 10:41:31.867, 17, 26700, 32623, 73.17, 49
2026/09/21 10:41:32.867, 0, 26700, 32623, 69.46, 47
2026/09/21 10:41:33.867, 21, 26700, 32623, 72.58, 48
2026/09/21 10:41:34.867, 18, 26700, 32623, 72.42, 48
2026/09/21 10:41:35.868, 19, 26700, 32623, 72.57, 48
2026/09/21 10:41:36.868, 19, 26700, 32623, 72.34, 48
2026/09/21 10:41:37.868, 19, 26700, 32623, 72.67, 47
2026/09/21 10:41:38.868, 19, 26700, 32623, 72.16, 48
2026/09/21 10:41:39.868, 18, 26700, 32623, 71.18, 47
2026/09/21 10:41:40.869, 19, 26700, 32623, 71.98, 47
2026/09/21 10:41:41.869, 21, 26700, 32623, 72.27, 46
2026/09/21 10:41:42.869, 20, 26700, 32623, 70.90, 46
2026/09/21 10:41:43.870, 20, 26700, 32623, 70.41, 46
2026/09/21 10:41:44.872, 20, 26700, 32623, 70.80, 46
2026/09/21 10:41:45.873, 19, 26700, 32623, 72.04, 47
2026/09/21 10:41:46.873, 12, 26700, 32623, 72.44, 45
2026/09/21 10:41:47.873, 84, 26700, 32623, 121.35, 51
2026/09/21 10:41:48.873, 89, 26700, 32623, 161.08, 55
2026/09/21 10:41:49.874, 91, 26700, 32623, 173.18, 55
2026/09/21 10:41:50.874, 90, 26700, 32623, 169.17, 54
2026/09/21 10:41:51.874, 89, 26700, 32623, 172.89, 56
2026/09/21 10:41:52.874, 89, 26700, 32623, 174.88, 56
2026/09/21 10:41:53.874, 89, 26700, 32623, 168.63, 54
2026/09/21 10:41:54.875, 90, 26700, 32623, 174.83, 58
2026/09/21 10:41:55.875, 88, 26700, 32623, 167.10, 56
2026/09/21 10:41:56.875, 87, 26700, 32623, 168.33, 54
2026/09/21 10:41:57.875, 90, 26700, 32623, 169.09, 56
2026/09/21 10:41:58.875, 90, 26700, 32623, 174.80, 56
2026/09/21 10:41:59.876, 91, 26700, 32623, 173.75, 56
2026/09/21 10:42:00.876, 90, 26700, 32623, 176.41, 57
2026/09/21 10:42:01.876, 89, 26700, 32623, 173.96, 57
2026/09/21 10:42:02.882, 91, 26700, 32623, 176.01, 56
2026/09/21 10:42:03.882, 90, 26700, 32623, 170.61, 56
2026/09/21 10:42:04.883, 91, 26700, 32623, 176.07, 56
2026/09/21 10:42:05.883, 86, 26700, 32623, 173.76, 56
2026/09/21 10:42:06.883, 91, 26700, 32623, 171.69, 58
2026/09/21 10:42:07.883, 90, 26700, 32623, 166.39, 57
2026/09/21 10:42:08.883, 91, 26700, 32623, 176.70, 58
2026/09/21 10:42:09.884, 70, 26700, 32623, 154.50, 55
2026/09/21 10:42:10.884, 90, 26700, 32623, 150.97, 58
2026/09/21 10:42:11.884, 24, 26700, 32623, 127.32, 51
2026/09/21 10:42:12.885, 91, 26700, 32623, 149.02, 56
2026/09/21 10:42:13.885, 62, 26700, 32623, 167.54, 55
2026/09/21 10:42:14.885, 91, 26700, 32623, 173.03, 56
2026/09/21 10:42:15.885, 90, 26700, 32623, 167.20, 58
2026/09/21 10:42:16.885, 90, 26700, 32623, 173.77, 57
2026/09/21 10:42:17.886, 92, 26700, 32623, 168.83, 58
2026/09/21 10:42:18.886, 92, 26700, 32623, 170.91, 59
2026/09/21 10:42:19.886, 87, 26700, 32623, 163.98, 57
2026/09/21 10:42:20.886, 29, 26700, 32623, 119.54, 51
2026/09/21 10:42:21.887, 18, 26700, 32623, 80.15, 51
2026/09/21 10:42:22.887, 19, 26700, 32623, 76.87, 50
2026/09/21 10:42:23.925, 20, 26700, 32623, 73.53, 49
2026/09/21 10:42:24.926, 19, 26700, 32623, 72.99, 50
2026/09/21 10:42:25.926, 19, 26700, 32623, 72.97, 49
2026/09/21 10:42:26.926, 19, 26700, 32623, 72.32, 48
2026/09/21 10:42:27.926, 19, 26700, 32623, 73.06, 48
2026/09/21 10:42:28.927, 18, 26700, 32623, 71.58, 48
2026/09/21 10:42:29.927, 20, 26700, 32623, 70.83, 48
2026/09/21 10:42:30.927, 19, 26700, 32623, 72.47, 48
2026/09/21 10:42:31.927, 19, 26700, 32623, 72.65, 47
2026/09/21 10:42:32.928, 19, 26700, 32623, 72.33, 48
2026/09/21 10:42:33.928, 18, 26700, 32623, 72.15, 47
2026/09/21 10:42:34.928, 21, 26700, 32623, 72.59, 46
2026/09/21 10:42:35.928, 19, 26700, 32623, 72.12, 47
2026/09/21 10:42:36.929, 18, 26700, 32623, 72.46, 47
2026/09/21 10:42:37.929, 19, 26700, 32623, 71.59, 46
2026/09/21 10:42:38.929, 21, 26700, 32623, 72.03, 46
2026/09/21 10:42:39.929, 30, 26700, 32623, 73.87, 46
2026/09/21 10:42:40.930, 88, 26700, 32623, 149.04, 51
2026/09/21 10:42:41.930, 90, 26700, 32623, 160.90, 52
2026/09/21 10:42:42.930, 87, 26700, 32623, 173.77, 53
2026/09/21 10:42:43.930, 86, 26700, 32623, 174.16, 54
2026/09/21 10:42:44.930, 75, 26700, 32623, 170.82, 54
2026/09/21 10:42:45.931, 91, 26700, 32623, 172.01, 54
2026/09/21 10:42:46.931, 91, 26700, 32623, 166.84, 57
2026/09/21 10:42:47.931, 78, 26700, 32623, 169.90, 56
2026/09/21 10:42:48.931, 92, 26700, 32623, 164.03, 54
2026/09/21 10:42:49.931, 88, 26700, 32623, 166.03, 55
2026/09/21 10:42:50.932, 88, 26700, 32623, 164.79, 56
2026/09/21 10:42:51.932, 90, 26700, 32623, 173.08, 56
2026/09/21 10:42:52.932, 91, 26700, 32623, 175.12, 56
2026/09/21 10:42:53.933, 90, 26700, 32623, 171.88, 56
2026/09/21 10:42:54.933, 92, 26700, 32623, 175.59, 56
2026/09/21 10:42:55.933, 81, 26700, 32623, 169.39, 58
2026/09/21 10:42:56.933, 90, 26700, 32623, 172.18, 56
2026/09/21 10:42:57.934, 91, 26700, 32623, 171.39, 57
2026/09/21 10:42:58.934, 92, 26700, 32623, 172.14, 57
2026/09/21 10:42:59.934, 92, 26700, 32623, 175.52, 56
2026/09/21 10:43:00.934, 92, 26700, 32623, 168.28, 58
2026/09/21 10:43:01.934, 92, 26700, 32623, 174.71, 57
2026/09/21 10:43:02.935, 71, 26700, 32623, 154.72, 54
2026/09/21 10:43:03.935, 91, 26700, 32623, 155.11, 57
2026/09/21 10:43:04.935, 39, 26700, 32623, 116.59, 52
2026/09/21 10:43:05.935, 90, 26700, 32623, 162.59, 58
2026/09/21 10:43:06.936, 90, 26700, 32623, 172.36, 58
2026/09/21 10:43:07.936, 90, 26700, 32623, 167.89, 58
2026/09/21 10:43:08.936, 90, 26700, 32623, 172.27, 58
2026/09/21 10:43:09.936, 92, 26700, 32623, 169.38, 58
2026/09/21 10:43:10.936, 92, 26700, 32623, 170.45, 56
2026/09/21 10:43:11.937, 89, 26700, 32623, 169.77, 58
2026/09/21 10:43:12.937, 71, 26700, 32623, 158.07, 56
2026/09/21 10:43:13.937, 27, 26700, 32623, 100.26, 52
2026/09/21 10:43:14.938, 19, 26700, 32623, 81.28, 51
2026/09/21 10:43:15.938, 18, 26700, 32623, 75.88, 50
2026/09/21 10:43:16.938, 20, 26700, 32623, 73.74, 49
2026/09/21 10:43:17.938, 19, 26700, 32623, 72.98, 49
2026/09/21 10:43:18.939, 19, 26700, 32623, 73.74, 49
2026/09/21 10:43:19.939, 20, 26700, 32623, 73.62, 48
2026/09/21 10:43:20.939, 18, 26700, 32623, 73.29, 49
2026/09/21 10:43:21.939, 19, 26700, 32623, 72.86, 48
2026/09/21 10:43:22.939, 19, 26700, 32623, 72.58, 47
2026/09/21 10:43:23.940, 17, 26700, 32623, 72.88, 48
2026/09/21 10:43:24.940, 20, 26700, 32623, 72.79, 48
2026/09/21 10:43:25.940, 19, 26700, 32623, 69.01, 47
2026/09/21 10:43:26.940, 19, 26700, 32623, 72.51, 47
2026/09/21 10:43:27.941, 19, 26700, 32623, 72.82, 46
2026/09/21 10:43:28.941, 20, 26700, 32623, 72.78, 47
2026/09/21 10:43:29.941, 20, 26700, 32623, 72.49, 47
2026/09/21 10:43:30.941, 21, 26700, 32623, 73.00, 46
2026/09/21 10:43:31.942, 21, 26700, 32623, 72.67, 46
2026/09/21 10:43:32.942, 0, 26700, 32623, 66.45, 44
2026/09/21 10:43:33.942, 0, 26700, 32623, 39.47, 43
2026/09/21 10:43:34.942, 0, 26700, 32623, 38.53, 42
2026/09/21 10:43:35.942, 85, 26700, 32623, 141.70, 52
2026/09/21 10:43:36.943, 90, 26700, 32623, 164.20, 53
2026/09/21 10:43:37.943, 88, 26700, 32623, 175.10, 56
2026/09/21 10:43:38.943, 88, 26700, 32623, 167.17, 54
2026/09/21 10:43:39.943, 89, 26700, 32623, 174.32, 53
2026/09/21 10:43:40.943, 84, 26700, 32623, 173.27, 56
2026/09/21 10:43:41.944, 86, 26700, 32623, 166.40, 56
2026/09/21 10:43:42.944, 87, 26700, 32623, 173.80, 56
2026/09/21 10:43:43.944, 90, 26700, 32623, 168.33, 54
2026/09/21 10:43:44.944, 90, 26700, 32623, 168.95, 54
2026/09/21 10:43:45.944, 80, 26700, 32623, 163.63, 54
2026/09/21 10:43:46.945, 90, 26700, 32623, 167.61, 54
2026/09/21 10:43:47.945, 89, 26700, 32623, 167.09, 54
2026/09/21 10:43:48.945, 84, 26700, 32623, 161.95, 55
2026/09/21 10:43:49.946, 86, 26700, 32623, 162.06, 56
2026/09/21 10:43:50.946, 90, 26700, 32623, 165.88, 58
2026/09/21 10:43:51.946, 91, 26700, 32623, 158.46, 56
2026/09/21 10:43:52.946, 72, 26700, 32623, 162.65, 54
2026/09/21 10:43:53.947, 90, 26700, 32623, 158.74, 57
2026/09/21 10:43:54.947, 82, 26700, 32623, 167.15, 55
2026/09/21 10:43:55.947, 90, 26700, 32623, 162.49, 58
2026/09/21 10:43:56.947, 70, 26700, 32623, 154.10, 56
2026/09/21 10:43:57.948, 85, 26700, 32623, 164.33, 56
2026/09/21 10:43:58.948, 53, 26700, 32623, 142.69, 54
2026/09/21 10:43:59.948, 90, 26700, 32623, 134.63, 56
2026/09/21 10:44:00.948, 21, 26700, 32623, 137.70, 50
2026/09/21 10:44:01.949, 64, 26700, 32623, 124.38, 54
2026/09/21 10:44:02.949, 79, 26700, 32623, 154.31, 56
2026/09/21 10:44:03.949, 28, 26700, 32623, 142.29, 51
2026/09/21 10:44:04.950, 59, 26700, 32623, 154.67, 56
2026/09/21 10:44:05.950, 63, 26700, 32623, 156.29, 56
2026/09/21 10:44:06.950, 80, 26700, 32623, 158.24, 56
2026/09/21 10:44:07.950, 90, 26700, 32623, 157.08, 55
2026/09/21 10:44:08.950, 89, 26700, 32623, 158.99, 56
2026/09/21 10:44:09.951, 42, 26700, 32623, 145.47, 54
2026/09/21 10:44:10.951, 32, 26700, 32623, 129.27, 52
2026/09/21 10:44:11.951, 18, 26700, 32623, 80.84, 50
2026/09/21 10:44:12.951, 19, 26700, 32623, 77.77, 50
2026/09/21 10:44:13.952, 19, 26700, 32623, 67.87, 49
2026/09/21 10:44:14.952, 20, 26700, 32623, 73.25, 48
2026/09/21 10:44:15.952, 19, 26700, 32623, 73.10, 48
2026/09/21 10:44:16.952, 19, 26700, 32623, 72.56, 48
2026/09/21 10:44:17.953, 13, 26700, 32623, 70.12, 47
2026/09/21 10:44:18.953, 20, 26700, 32623, 70.80, 48
2026/09/21 10:44:19.953, 18, 26700, 32623, 71.84, 47
2026/09/21 10:44:20.953, 18, 26700, 32623, 71.05, 47
2026/09/21 10:44:21.954, 19, 26700, 32623, 72.43, 47
2026/09/21 10:44:22.954, 19, 26700, 32623, 72.30, 47
2026/09/21 10:44:23.954, 20, 26700, 32623, 72.14, 46
2026/09/21 10:44:24.954, 18, 26700, 32623, 72.42, 47
2026/09/21 10:44:25.955, 19, 26700, 32623, 71.81, 47
2026/09/21 10:44:26.955, 18, 26700, 32623, 71.42, 46
2026/09/21 10:44:27.955, 19, 26700, 32623, 70.49, 46
2026/09/21 10:44:28.955, 14, 26700, 32623, 70.96, 45
2026/09/21 10:44:29.956, 19, 26700, 32623, 71.15, 46
2026/09/21 10:44:30.956, 55, 26700, 32623, 76.48, 49
2026/09/21 10:44:31.956, 50, 26700, 32623, 155.43, 50
2026/09/21 10:44:32.956, 89, 26700, 32623, 167.11, 54
2026/09/21 10:44:33.957, 84, 26700, 32623, 173.42, 54
2026/09/21 10:44:34.957, 90, 26700, 32623, 172.93, 54
2026/09/21 10:44:35.957, 80, 26700, 32623, 171.51, 56
2026/09/21 10:44:36.957, 84, 26700, 32623, 173.75, 55
2026/09/21 10:44:37.957, 89, 26700, 32623, 165.91, 55
2026/09/21 10:44:38.958, 75, 26700, 32623, 167.72, 56
2026/09/21 10:44:39.958, 90, 26700, 32623, 165.39, 54
2026/09/21 10:44:40.962, 90, 26700, 32623, 163.44, 56
2026/09/21 10:44:41.963, 84, 26700, 32623, 170.38, 56
2026/09/21 10:44:42.963, 90, 26700, 32623, 173.22, 56
2026/09/21 10:44:43.963, 79, 26700, 32623, 173.20, 56
2026/09/21 10:44:44.963, 74, 26700, 32623, 174.28, 55
2026/09/21 10:44:45.964, 90, 26700, 32623, 172.84, 56
2026/09/21 10:44:46.964, 90, 26700, 32623, 172.50, 57
2026/09/21 10:44:47.964, 90, 26700, 32623, 174.82, 57
2026/09/21 10:44:48.965, 82, 26700, 32623, 174.13, 55
2026/09/21 10:44:49.965, 91, 26700, 32623, 172.56, 57
2026/09/21 10:44:50.965, 91, 26700, 32623, 176.12, 56
2026/09/21 10:44:51.965, 91, 26700, 32623, 168.70, 57
2026/09/21 10:44:52.966, 86, 26700, 32623, 173.98, 57
2026/09/21 10:44:53.966, 74, 26700, 32623, 144.48, 54
2026/09/21 10:44:54.966, 90, 26700, 32623, 161.92, 58
2026/09/21 10:44:55.966, 88, 26700, 32623, 111.14, 56
2026/09/21 10:44:56.967, 89, 26700, 32623, 171.50, 56
2026/09/21 10:44:57.967, 47, 26700, 32623, 167.21, 56
2026/09/21 10:44:58.967, 67, 26700, 32623, 170.43, 56
2026/09/21 10:44:59.967, 90, 26700, 32623, 167.34, 57
2026/09/21 10:45:00.967, 90, 26700, 32623, 162.81, 59
2026/09/21 10:45:01.968, 90, 26700, 32623, 163.77, 58
2026/09/21 10:45:02.968, 92, 26700, 32623, 167.37, 56
2026/09/21 10:45:03.968, 65, 26700, 32623, 153.84, 55
2026/09/21 10:45:04.968, 27, 26700, 32623, 104.60, 50
2026/09/21 10:45:05.968, 21, 26700, 32623, 80.63, 51
2026/09/21 10:45:06.969, 20, 26700, 32623, 71.68, 50
2026/09/21 10:45:07.969, 21, 26700, 32623, 73.57, 49
2026/09/21 10:45:08.969, 18, 26700, 32623, 73.08, 49
2026/09/21 10:45:09.969, 19, 26700, 32623, 73.23, 49
2026/09/21 10:45:10.970, 21, 26700, 32623, 73.22, 48
2026/09/21 10:45:11.970, 19, 26700, 32623, 71.17, 48
2026/09/21 10:45:12.970, 19, 26700, 32623, 72.56, 48
2026/09/21 10:45:13.970, 20, 26700, 32623, 72.81, 48
2026/09/21 10:45:14.971, 19, 26700, 32623, 72.57, 48
2026/09/21 10:45:15.972, 20, 26700, 32623, 72.18, 48
2026/09/21 10:45:16.972, 19, 26700, 32623, 72.04, 47
2026/09/21 10:45:17.972, 20, 26700, 32623, 72.20, 46
2026/09/21 10:45:18.972, 21, 26700, 32623, 72.04, 47
2026/09/21 10:45:19.973, 20, 26700, 32623, 72.62, 47
2026/09/21 10:45:20.973, 19, 26700, 32623, 71.75, 47
2026/09/21 10:45:21.973, 19, 26700, 32623, 72.51, 46
2026/09/21 10:45:22.973, 19, 26700, 32623, 72.29, 46
2026/09/21 10:45:23.973, 34, 26700, 32623, 73.04, 47
2026/09/21 10:45:24.974, 91, 26700, 32623, 147.04, 52
2026/09/21 10:45:25.974, 91, 26700, 32623, 165.38, 52
2026/09/21 10:45:26.974, 89, 26700, 32623, 172.51, 53
2026/09/21 10:45:27.974, 89, 26700, 32623, 172.42, 55
2026/09/21 10:45:28.975, 87, 26700, 32623, 172.27, 53
2026/09/21 10:45:29.975, 90, 26700, 32623, 174.29, 54
2026/09/21 10:45:30.975, 90, 26700, 32623, 167.02, 54
2026/09/21 10:45:31.975, 90, 26700, 32623, 175.64, 56
2026/09/21 10:45:32.976, 80, 26700, 32623, 166.44, 55
2026/09/21 10:45:33.976, 90, 26700, 32623, 163.25, 54
2026/09/21 10:45:34.976, 91, 26700, 32623, 170.68, 57
2026/09/21 10:45:35.976, 89, 26700, 32623, 172.43, 57
2026/09/21 10:45:36.977, 87, 26700, 32623, 175.41, 57
2026/09/21 10:45:37.977, 91, 26700, 32623, 174.36, 56
2026/09/21 10:45:38.977, 86, 26700, 32623, 174.09, 56
2026/09/21 10:45:39.977, 90, 26700, 32623, 174.17, 57
2026/09/21 10:45:40.977, 91, 26700, 32623, 174.76, 56
2026/09/21 10:45:41.978, 84, 26700, 32623, 175.96, 58
2026/09/21 10:45:42.978, 90, 26700, 32623, 174.97, 58
2026/09/21 10:45:43.978, 90, 26700, 32623, 174.74, 56
2026/09/21 10:45:44.978, 91, 26700, 32623, 166.96, 57
2026/09/21 10:45:45.978, 90, 26700, 32623, 177.23, 57
2026/09/21 10:45:46.979, 72, 26700, 32623, 145.83, 54
2026/09/21 10:45:47.979, 82, 26700, 32623, 157.72, 56
2026/09/21 10:45:48.979, 87, 26700, 32623, 118.70, 55
2026/09/21 10:45:49.979, 48, 26700, 32623, 164.47, 55
2026/09/21 10:45:50.980, 74, 26700, 32623, 165.09, 56
2026/09/21 10:45:51.980, 90, 26700, 32623, 168.39, 57
2026/09/21 10:45:52.980, 90, 26700, 32623, 166.65, 57
2026/09/21 10:45:53.980, 89, 26700, 32623, 172.80, 58
2026/09/21 10:45:54.980, 87, 26700, 32623, 169.33, 57
2026/09/21 10:45:55.981, 90, 26700, 32623, 166.73, 57
2026/09/21 10:45:56.981, 79, 26700, 32623, 153.39, 55
2026/09/21 10:45:57.981, 30, 26700, 32623, 105.01, 51
2026/09/21 10:45:58.981, 19, 26700, 32623, 80.84, 50
2026/09/21 10:45:59.981, 20, 26700, 32623, 76.23, 50
2026/09/21 10:46:00.982, 19, 26700, 32623, 72.96, 50
2026/09/21 10:46:01.982, 19, 26700, 32623, 73.22, 49
2026/09/21 10:46:02.982, 27, 26700, 32623, 72.11, 49
2026/09/21 10:46:03.982, 19, 26700, 32623, 74.37, 48
2026/09/21 10:46:04.982, 2, 26700, 32623, 70.39, 46
2026/09/21 10:46:05.984, 18, 26700, 32623, 66.79, 48
2026/09/21 10:46:07.025, 19, 26700, 32623, 68.96, 48
2026/09/21 10:46:08.025, 19, 26700, 32623, 72.13, 48
2026/09/21 10:46:09.026, 19, 26700, 32623, 72.40, 47
2026/09/21 10:46:10.026, 20, 26700, 32623, 72.23, 47
2026/09/21 10:46:11.026, 18, 26700, 32623, 71.91, 47
2026/09/21 10:46:12.026, 18, 26700, 32623, 71.71, 47
2026/09/21 10:46:13.027, 19, 26700, 32623, 71.57, 46
2026/09/21 10:46:14.027, 19, 26700, 32623, 71.71, 46
2026/09/21 10:46:15.027, 18, 26700, 32623, 71.93, 47
2026/09/21 10:46:16.027, 18, 26700, 32623, 71.62, 46
2026/09/21 10:46:17.028, 16, 26700, 32623, 72.45, 45
2026/09/21 10:46:18.028, 90, 26700, 32623, 126.27, 50
2026/09/21 10:46:19.028, 89, 26700, 32623, 163.74, 53
2026/09/21 10:46:20.028, 84, 26700, 32623, 172.02, 54
2026/09/21 10:46:21.028, 91, 26700, 32623, 172.64, 55
2026/09/21 10:46:22.029, 91, 26700, 32623, 170.80, 55
2026/09/21 10:46:23.029, 91, 26700, 32623, 171.37, 55
2026/09/21 10:46:24.029, 90, 26700, 32623, 166.57, 54
2026/09/21 10:46:25.029, 89, 26700, 32623, 173.35, 54
2026/09/21 10:46:26.030, 89, 26700, 32623, 163.00, 54
2026/09/21 10:46:27.030, 84, 26700, 32623, 164.30, 54
2026/09/21 10:46:28.030, 90, 26700, 32623, 167.99, 56
2026/09/21 10:46:29.030, 90, 26700, 32623, 172.43, 55
2026/09/21 10:46:30.031, 90, 26700, 32623, 171.03, 57
2026/09/21 10:46:31.031, 84, 26700, 32623, 169.50, 55
2026/09/21 10:46:32.031, 90, 26700, 32623, 173.02, 55
2026/09/21 10:46:33.031, 87, 26700, 32623, 171.53, 57
2026/09/21 10:46:34.031, 89, 26700, 32623, 170.86, 56
2026/09/21 10:46:35.032, 89, 26700, 32623, 175.98, 58
2026/09/21 10:46:36.032, 39, 26700, 32623, 166.14, 53
2026/09/21 10:46:37.032, 90, 26700, 32623, 164.07, 56
2026/09/21 10:46:38.032, 89, 26700, 32623, 166.05, 57
2026/09/21 10:46:39.033, 90, 26700, 32623, 173.64, 58
2026/09/21 10:46:40.033, 84, 26700, 32623, 162.96, 55
2026/09/21 10:46:41.033, 87, 26700, 32623, 148.68, 59
2026/09/21 10:46:42.033, 27, 26700, 32623, 150.40, 52
2026/09/21 10:46:43.034, 91, 26700, 32623, 133.47, 57
2026/09/21 10:46:44.034, 81, 26700, 32623, 164.09, 55
2026/09/21 10:46:45.034, 91, 26700, 32623, 169.46, 58
2026/09/21 10:46:46.034, 80, 26700, 32623, 163.10, 55
2026/09/21 10:46:47.034, 69, 26700, 32623, 163.91, 56
2026/09/21 10:46:48.035, 89, 26700, 32623, 166.91, 56
2026/09/21 10:46:49.035, 46, 26700, 32623, 168.01, 56
2026/09/21 10:46:50.035, 70, 26700, 32623, 170.52, 56
2026/09/21 10:46:51.035, 47, 26700, 32623, 140.41, 53
2026/09/21 10:46:52.036, 19, 26700, 32623, 83.22, 51
2026/09/21 10:46:53.036, 18, 26700, 32623, 78.89, 51
2026/09/21 10:46:54.036, 18, 26700, 32623, 73.25, 50
2026/09/21 10:46:55.036, 19, 26700, 32623, 72.99, 49
2026/09/21 10:46:56.036, 19, 26700, 32623, 72.64, 49
2026/09/21 10:46:57.037, 20, 26700, 32623, 73.12, 49
2026/09/21 10:46:58.037, 18, 26700, 32623, 72.82, 48
2026/09/21 10:46:59.037, 19, 26700, 32623, 73.11, 48
2026/09/21 10:47:00.037, 20, 26700, 32623, 71.44, 48
2026/09/21 10:47:01.038, 19, 26700, 32623, 73.16, 47
2026/09/21 10:47:02.038, 19, 26700, 32623, 71.76, 47
2026/09/21 10:47:03.038, 19, 26700, 32623, 72.12, 47
2026/09/21 10:47:04.038, 18, 26700, 32623, 71.64, 47
2026/09/21 10:47:05.039, 18, 26700, 32623, 71.84, 47
2026/09/21 10:47:06.039, 16, 26700, 32623, 68.66, 47
2026/09/21 10:47:07.039, 19, 26700, 32623, 71.39, 47
2026/09/21 10:47:08.039, 19, 26700, 32623, 72.27, 47
2026/09/21 10:47:09.039, 21, 26700, 32623, 72.65, 46
2026/09/21 10:47:10.040, 17, 26700, 32623, 71.58, 46
2026/09/21 10:47:11.040, 1, 26700, 32623, 69.62, 44
2026/09/21 10:47:12.040, 81, 26700, 32623, 153.58, 51
2026/09/21 10:47:13.040, 88, 26700, 32623, 126.64, 52
2026/09/21 10:47:14.041, 90, 26700, 32623, 174.32, 54
2026/09/21 10:47:15.041, 90, 26700, 32623, 173.92, 53
2026/09/21 10:47:16.041, 82, 26700, 32623, 170.17, 56
2026/09/21 10:47:17.041, 90, 26700, 32623, 170.90, 56
2026/09/21 10:47:18.043, 90, 26700, 32623, 165.33, 56
2026/09/21 10:47:19.043, 88, 26700, 32623, 175.53, 54
2026/09/21 10:47:20.043, 89, 26700, 32623, 164.24, 54
2026/09/21 10:47:21.043, 90, 26700, 32623, 170.54, 54
2026/09/21 10:47:22.044, 90, 26700, 32623, 168.05, 57
2026/09/21 10:47:23.044, 90, 26700, 32623, 173.88, 58
2026/09/21 10:47:24.044, 89, 26700, 32623, 175.92, 55
2026/09/21 10:47:25.044, 90, 26700, 32623, 175.58, 56
2026/09/21 10:47:26.044, 78, 26700, 32623, 170.78, 55
2026/09/21 10:47:27.045, 90, 26700, 32623, 175.17, 55
2026/09/21 10:47:28.045, 90, 26700, 32623, 174.17, 57
2026/09/21 10:47:29.045, 90, 26700, 32623, 176.45, 57
2026/09/21 10:47:30.045, 91, 26700, 32623, 175.91, 56
2026/09/21 10:47:31.045, 89, 26700, 32623, 175.80, 55
2026/09/21 10:47:32.046, 90, 26700, 32623, 168.10, 56
2026/09/21 10:47:33.046, 91, 26700, 32623, 176.08, 58
2026/09/21 10:47:34.046, 81, 26700, 32623, 158.75, 55
2026/09/21 10:47:35.046, 92, 26700, 32623, 154.55, 57
2026/09/21 10:47:36.047, 28, 26700, 32623, 121.69, 51
2026/09/21 10:47:37.047, 87, 26700, 32623, 168.41, 56
2026/09/21 10:47:38.047, 87, 26700, 32623, 172.52, 57
2026/09/21 10:47:39.047, 84, 26700, 32623, 167.86, 58
2026/09/21 10:47:40.047, 91, 26700, 32623, 166.78, 58
2026/09/21 10:47:41.048, 92, 26700, 32623, 166.52, 57
2026/09/21 10:47:42.048, 91, 26700, 32623, 174.47, 57
2026/09/21 10:47:43.048, 86, 26700, 32623, 167.67, 58
2026/09/21 10:47:44.048, 81, 26700, 32623, 156.62, 55
2026/09/21 10:47:45.049, 22, 26700, 32623, 110.04, 51
2026/09/21 10:47:46.049, 18, 26700, 32623, 81.07, 51
2026/09/21 10:47:47.049, 20, 26700, 32623, 76.17, 50
2026/09/21 10:47:48.049, 19, 26700, 32623, 73.48, 50
2026/09/21 10:47:49.050, 21, 26700, 32623, 73.29, 49
2026/09/21 10:47:50.050, 19, 26700, 32623, 73.20, 49
2026/09/21 10:47:51.050, 19, 26700, 32623, 72.96, 49
2026/09/21 10:47:52.050, 21, 26700, 32623, 73.69, 48
2026/09/21 10:47:53.051, 19, 26700, 32623, 73.15, 48
2026/09/21 10:47:54.051, 19, 26700, 32623, 72.53, 48
2026/09/21 10:47:55.051, 20, 26700, 32623, 72.35, 47
2026/09/21 10:47:56.051, 18, 26700, 32623, 72.71, 48
2026/09/21 10:47:57.051, 20, 26700, 32623, 69.66, 46
2026/09/21 10:47:58.052, 19, 26700, 32623, 72.58, 47
2026/09/21 10:47:59.052, 21, 26700, 32623, 73.07, 47
2026/09/21 10:48:00.052, 19, 26700, 32623, 72.37, 47
2026/09/21 10:48:01.052, 19, 26700, 32623, 71.95, 47
2026/09/21 10:48:02.053, 20, 26700, 32623, 72.67, 47
2026/09/21 10:48:03.053, 21, 26700, 32623, 72.46, 46
2026/09/21 10:48:04.053, 34, 26700, 32623, 73.31, 47
2026/09/21 10:48:05.053, 90, 26700, 32623, 79.04, 49
2026/09/21 10:48:06.054, 90, 26700, 32623, 167.05, 52
2026/09/21 10:48:07.054, 91, 26700, 32623, 174.06, 54
2026/09/21 10:48:08.054, 89, 26700, 32623, 166.12, 53
2026/09/21 10:48:09.054, 91, 26700, 32623, 173.58, 54
2026/09/21 10:48:10.055, 89, 26700, 32623, 174.46, 53
2026/09/21 10:48:11.055, 89, 26700, 32623, 165.18, 54
2026/09/21 10:48:12.055, 85, 26700, 32623, 171.18, 55
2026/09/21 10:48:13.055, 88, 26700, 32623, 166.33, 57
2026/09/21 10:48:14.056, 85, 26700, 32623, 175.50, 54
2026/09/21 10:48:15.056, 89, 26700, 32623, 165.80, 55
2026/09/21 10:48:16.056, 90, 26700, 32623, 174.67, 56
2026/09/21 10:48:17.056, 90, 26700, 32623, 176.93, 57
2026/09/21 10:48:18.056, 89, 26700, 32623, 174.60, 55
2026/09/21 10:48:19.057, 89, 26700, 32623, 177.07, 56
2026/09/21 10:48:20.057, 81, 26700, 32623, 173.00, 57
2026/09/21 10:48:21.057, 83, 26700, 32623, 168.38, 57
2026/09/21 10:48:22.057, 89, 26700, 32623, 173.14, 57
2026/09/21 10:48:23.058, 85, 26700, 32623, 173.50, 58
2026/09/21 10:48:24.058, 89, 26700, 32623, 175.31, 57
2026/09/21 10:48:25.058, 89, 26700, 32623, 166.52, 57
2026/09/21 10:48:26.058, 87, 26700, 32623, 174.74, 58
2026/09/21 10:48:27.059, 45, 26700, 32623, 166.86, 55
2026/09/21 10:48:28.059, 89, 26700, 32623, 139.96, 57
2026/09/21 10:48:29.059, 64, 26700, 32623, 164.64, 55
2026/09/21 10:48:30.059, 90, 26700, 32623, 119.89, 57
2026/09/21 10:48:31.059, 90, 26700, 32623, 168.74, 56
2026/09/21 10:48:32.060, 91, 26700, 32623, 175.01, 57
2026/09/21 10:48:33.061, 90, 26700, 32623, 175.70, 58
2026/09/21 10:48:34.061, 92, 26700, 32623, 176.95, 58
2026/09/21 10:48:35.061, 91, 26700, 32623, 175.41, 58
2026/09/21 10:48:36.061, 90, 26700, 32623, 169.86, 58
2026/09/21 10:48:37.062, 87, 26700, 32623, 168.36, 56
2026/09/21 10:48:38.062, 27, 26700, 32623, 114.49, 51
2026/09/21 10:48:39.062, 18, 26700, 32623, 83.31, 51
2026/09/21 10:48:40.062, 55, 26700, 32623, 80.98, 51
2026/09/21 10:48:41.063, 19, 26700, 32623, 82.54, 50
2026/09/21 10:48:42.063, 20, 26700, 32623, 79.58, 49
2026/09/21 10:48:43.063, 19, 26700, 32623, 73.40, 49
2026/09/21 10:48:44.063, 18, 26700, 32623, 72.24, 48
2026/09/21 10:48:45.064, 19, 26700, 32623, 71.62, 48
2026/09/21 10:48:46.064, 17, 26700, 32623, 72.33, 47
2026/09/21 10:48:47.064, 18, 26700, 32623, 72.39, 48
2026/09/21 10:48:48.064, 17, 26700, 32623, 71.95, 47
2026/09/21 10:48:49.064, 18, 26700, 32623, 71.03, 47
2026/09/21 10:48:50.065, 19, 26700, 32623, 71.52, 47
2026/09/21 10:48:51.065, 20, 26700, 32623, 70.51, 47
2026/09/21 10:48:52.065, 18, 26700, 32623, 71.30, 46
2026/09/21 10:48:53.065, 19, 26700, 32623, 71.15, 47
2026/09/21 10:48:54.066, 18, 26700, 32623, 71.50, 47
2026/09/21 10:48:55.066, 16, 26700, 32623, 70.85, 46
2026/09/21 10:48:56.066, 20, 26700, 32623, 71.06, 46
2026/09/21 10:48:57.066, 18, 26700, 32623, 71.18, 46
2026/09/21 10:48:58.067, 18, 26700, 32623, 70.93, 45
2026/09/21 10:48:59.067, 20, 26700, 32623, 72.87, 46
2026/09/21 10:49:00.067, 27, 26700, 32623, 76.27, 45
2026/09/21 10:49:01.067, 19, 26700, 32623, 79.05, 46
2026/09/21 10:49:02.068, 28, 26700, 32623, 77.93, 46
2026/09/21 10:49:03.068, 19, 26700, 32623, 77.22, 45
2026/09/21 10:49:04.068, 19, 26700, 32623, 72.06, 45
2026/09/21 10:49:05.069, 19, 26700, 32623, 70.39, 45
2026/09/21 10:49:06.069, 18, 26700, 32623, 70.57, 45
2026/09/21 10:49:07.070, 20, 26700, 32623, 70.57, 45
2026/09/21 10:49:08.070, 19, 26700, 32623, 70.76, 45
2026/09/21 10:49:09.070, 18, 26700, 32623, 70.50, 44
2026/09/21 10:49:10.070, 19, 26700, 32623, 70.55, 45
2026/09/21 10:49:11.071, 17, 26700, 32623, 70.28, 44
2026/09/21 10:49:12.071, 18, 26700, 32623, 70.07, 44
2026/09/21 10:49:13.071, 18, 26700, 32623, 70.84, 45
2026/09/21 10:49:14.071, 19, 26700, 32623, 70.57, 44
2026/09/21 10:49:15.071, 19, 26700, 32623, 70.65, 44
2026/09/21 10:49:16.072, 20, 26700, 32623, 70.62, 44
2026/09/21 10:49:17.072, 18, 26700, 32623, 70.73, 44
2026/09/21 10:49:18.072, 18, 26700, 32623, 70.38, 44
2026/09/21 10:49:19.072, 19, 26700, 32623, 70.79, 44
2026/09/21 10:49:20.073, 19, 26700, 32623, 71.03, 44
2026/09/21 10:49:21.073, 28, 26700, 32623, 75.60, 44
2026/09/21 10:49:22.073, 21, 26700, 32623, 77.88, 45
2026/09/21 10:49:23.073, 30, 26700, 32623, 76.81, 44
2026/09/21 10:49:24.074, 19, 26700, 32623, 77.46, 44
2026/09/21 10:49:25.074, 19, 26700, 32623, 74.90, 44
2026/09/21 10:49:26.074, 18, 26700, 32623, 70.73, 44
2026/09/21 10:49:27.074, 18, 26700, 32623, 70.87, 43
2026/09/21 10:49:28.074, 12, 26700, 32623, 69.44, 42
2026/09/21 10:49:29.075, 18, 26700, 32623, 68.89, 43
2026/09/21 10:49:30.075, 19, 26700, 32623, 70.68, 43
2026/09/21 10:49:31.075, 19, 26700, 32623, 70.58, 43
2026/09/21 10:49:32.075, 19, 26700, 32623, 71.43, 43
2026/09/21 10:49:33.076, 19, 26700, 32623, 69.88, 43
2026/09/21 10:49:34.076, 18, 26700, 32623, 71.15, 43
2026/09/21 10:49:35.076, 20, 26700, 32623, 71.08, 44
2026/09/21 10:49:36.076, 11, 26700, 32623, 66.49, 42
2026/09/21 10:49:37.076, 19, 26700, 32623, 69.88, 43
2026/09/21 10:49:38.077, 20, 26700, 32623, 71.06, 43
2026/09/21 10:49:39.077, 19, 26700, 32623, 70.98, 43
2026/09/21 10:49:40.077, 18, 26700, 32623, 70.89, 43
2026/09/21 10:49:41.077, 20, 26700, 32623, 70.69, 43
2026/09/21 10:49:42.078, 19, 26700, 32623, 71.50, 43
2026/09/21 10:49:43.078, 29, 26700, 32623, 72.14, 43
2026/09/21 10:49:44.078, 19, 26700, 32623, 72.61, 43
2026/09/21 10:49:45.078, 28, 26700, 32623, 76.03, 44
2026/09/21 10:49:46.079, 19, 26700, 32623, 77.17, 43
2026/09/21 10:49:47.079, 20, 26700, 32623, 72.47, 43
2026/09/21 10:49:48.079, 18, 26700, 32623, 71.05, 42
2026/09/21 10:49:49.079, 18, 26700, 32623, 69.86, 42
2026/09/21 10:49:50.079, 11, 26700, 32623, 68.97, 42
2026/09/21 10:49:51.080, 18, 26700, 32623, 69.91, 42
2026/09/21 10:49:52.080, 19, 26700, 32623, 70.86, 42
2026/09/21 10:49:53.080, 20, 26700, 32623, 70.29, 43
2026/09/21 10:49:54.080, 19, 26700, 32623, 68.88, 42
2026/09/21 10:49:55.080, 18, 26700, 32623, 70.71, 43
2026/09/21 10:49:56.081, 18, 26700, 32623, 70.10, 42
2026/09/21 10:49:57.081, 19, 26700, 32623, 70.85, 42
2026/09/21 10:49:58.081, 18, 26700, 32623, 69.92, 42
2026/09/21 10:49:59.081, 20, 26700, 32623, 70.01, 42
2026/09/21 10:50:00.082, 19, 26700, 32623, 70.36, 42
2026/09/21 10:50:01.082, 18, 26700, 32623, 70.57, 42
2026/09/21 10:50:02.082, 18, 26700, 32623, 70.74, 42
2026/09/21 10:50:03.082, 19, 26700, 32623, 68.39, 42
2026/09/21 10:50:04.083, 19, 26700, 32623, 71.57, 43
2026/09/21 10:50:05.083, 27, 26700, 32623, 72.31, 43
2026/09/21 10:50:06.083, 2, 26700, 32623, 73.21, 40
2026/09/21 10:50:07.083, 27, 26700, 32623, 77.49, 43
2026/09/21 10:50:08.083, 18, 26700, 32623, 71.30, 42
2026/09/21 10:50:09.084, 18, 26700, 32623, 70.26, 42
2026/09/21 10:50:10.084, 19, 26700, 32623, 70.34, 42
2026/09/21 10:50:11.084, 20, 26700, 32623, 69.90, 42
2026/09/21 10:50:12.084, 19, 26700, 32623, 70.77, 42
2026/09/21 10:50:13.085, 19, 26700, 32623, 69.62, 42
2026/09/21 10:50:14.085, 20, 26700, 32623, 70.73, 42
2026/09/21 10:50:15.087, 19, 26700, 32623, 69.60, 42
2026/09/21 10:50:16.088, 20, 26700, 32623, 70.50, 42
2026/09/21 10:50:17.088, 18, 26700, 32623, 70.51, 42
2026/09/21 10:50:18.088, 20, 26700, 32623, 70.84, 42
2026/09/21 10:50:19.088, 18, 26700, 32623, 67.53, 42
2026/09/21 10:50:20.088, 19, 26700, 32623, 70.56, 42
2026/09/21 10:50:21.089, 18, 26700, 32623, 70.10, 42
2026/09/21 10:50:22.089, 20, 26700, 32623, 68.76, 42
2026/09/21 10:50:23.089, 21, 26700, 32623, 69.87, 42
2026/09/21 10:50:24.089, 18, 26700, 32623, 70.76, 41
2026/09/21 10:50:25.090, 19, 26700, 32623, 70.19, 42
2026/09/21 10:50:26.090, 20, 26700, 32623, 72.41, 42
2026/09/21 10:50:27.091, 87, 26700, 32623, 62.01, 43
2026/09/21 10:50:28.092, 88, 26700, 32623, 161.94, 49
2026/09/21 10:50:29.092, 89, 26700, 32623, 170.42, 51
2026/09/21 10:50:30.092, 32, 26700, 32623, 156.71, 46
2026/09/21 10:50:31.092, 80, 26700, 32623, 159.41, 51
2026/09/21 10:50:32.093, 84, 26700, 32623, 169.47, 52
2026/09/21 10:50:33.093, 88, 26700, 32623, 170.05, 51
2026/09/21 10:50:34.093, 89, 26700, 32623, 164.99, 51
2026/09/21 10:50:35.093, 86, 26700, 32623, 171.65, 52
2026/09/21 10:50:36.094, 91, 26700, 32623, 165.41, 51
2026/09/21 10:50:37.094, 90, 26700, 32623, 165.21, 51
2026/09/21 10:50:38.094, 91, 26700, 32623, 169.20, 51
2026/09/21 10:50:39.094, 90, 26700, 32623, 172.39, 53
2026/09/21 10:50:40.095, 90, 26700, 32623, 174.41, 54
2026/09/21 10:50:41.095, 80, 26700, 32623, 172.45, 53
2026/09/21 10:50:42.095, 90, 26700, 32623, 174.78, 55
2026/09/21 10:50:43.095, 90, 26700, 32623, 172.43, 54
2026/09/21 10:50:44.096, 90, 26700, 32623, 168.80, 55
2026/09/21 10:50:45.097, 79, 26700, 32623, 172.59, 54
2026/09/21 10:50:46.097, 90, 26700, 32623, 171.77, 54
2026/09/21 10:50:47.097, 90, 26700, 32623, 173.83, 54
2026/09/21 10:50:48.097, 75, 26700, 32623, 164.32, 53
2026/09/21 10:50:49.098, 89, 26700, 32623, 170.88, 55
2026/09/21 10:50:50.098, 68, 26700, 32623, 147.91, 54
2026/09/21 10:50:51.098, 90, 26700, 32623, 161.76, 55
2026/09/21 10:50:52.098, 86, 26700, 32623, 111.26, 53
2026/09/21 10:50:53.099, 51, 26700, 32623, 165.73, 53
2026/09/21 10:50:54.099, 87, 26700, 32623, 167.93, 55
2026/09/21 10:50:55.099, 89, 26700, 32623, 174.34, 54
2026/09/21 10:50:56.099, 89, 26700, 32623, 172.88, 56
2026/09/21 10:50:57.099, 90, 26700, 32623, 173.77, 57
2026/09/21 10:50:58.100, 37, 26700, 32623, 169.93, 52
2026/09/21 10:50:59.100, 89, 26700, 32623, 168.31, 56
2026/09/21 10:51:00.101, 67, 26700, 32623, 138.17, 51
2026/09/21 10:51:01.101, 28, 26700, 32623, 82.76, 49
2026/09/21 10:51:02.101, 20, 26700, 32623, 80.34, 48
2026/09/21 10:51:03.101, 24, 26700, 32623, 81.07, 47
2026/09/21 10:51:04.101, 19, 26700, 32623, 78.78,20262026/09/21 10:51:05.127, 21, 26700, 32623, 74.86,20262026/09/21 10:51:06.127, 20, 26700, 32623, 71.04,20262026/09/21 10:51:07.128, 16, 26700, 32623, 68.31,20262026/09/21 10:51:08.128, 17, 26700, 32623, 69.56,20262026/09/21 10:51:09.128, 18, 26700, 32623, 72.32,20262026/09/21 10:51:10.128, 20, 26700, 32623, 72.32,20262026/09/21 10:51:11.129, 18, 26700, 32623, 70.95,20262026/09/21 10:51:12.129, 18, 26700, 32623, 71.68,20262026/09/21 10:51:13.129, 18, 26700, 32623, 71.18,20262026/09/21 10:51:14.129, 18, 26700, 32623, 70.81,20262026/09/21 10:51:15.130, 20, 26700, 32623, 71.62,20262026/09/21 10:51:16.130, 18, 26700, 32623, 71.26,20262026/09/21 10:51:17.130, 19, 26700, 32623, 69.72,20262026/09/21 10:51:18.130, 19, 26700, 32623, 71.64,20262026/09/21 10:51:19.131, 19, 26700, 32623, 71.58,20262026/09/21 10:51:20.131, 18, 26700, 32623, 70.07,20262026/09/21 10:51:21.132, 19, 26700, 32623, 70.96,20262026/09/21 10:51:22.132, 53, 26700, 32623, 75.04,20262026/09/21 10:51:23.132, 21, 26700, 32623, 71.88,20262026/09/21 10:51:24.133, 30, 26700, 32623, 75.60,20262026/09/21 10:51:25.133, 18, 26700, 32623, 77.08,20262026/09/21 10:51:26.133, 9, 26700, 32623, 70.09, 2022026/09/21 10:51:27.133, 19, 26700, 32623, 69.37,20262026/09/21 10:51:28.134, 19, 26700, 32623, 70.90,20262026/09/21 10:51:29.134, 20, 26700, 32623, 70.55,20262026/09/21 10:51:30.134, 18, 26700, 32623, 71.03,20262026/09/21 10:51:31.134, 18, 26700, 32623, 70.87,20262026/09/21 10:51:32.135, 19, 26700, 32623, 71.65,20262026/09/21 10:51:33.135, 21, 26700, 32623, 70.79,20262026/09/21 10:51:34.135, 19, 26700, 32623, 71.72,20262026/09/21 10:51:35.136, 18, 26700, 32623, 71.09,20262026/09/21 10:51:36.136, 22, 26700, 32623, 69.30,20262026/09/21 10:51:37.137, 20, 26700, 32623, 68.72,20262026/09/21 10:51:38.137, 19, 26700, 32623, 71.11,20262026/09/21 10:51:39.137, 18, 26700, 32623, 71.75,20262026/09/21 10:51:40.137, 19, 26700, 32623, 71.67,20262026/09/21 10:51:41.137, 19, 26700, 32623, 71.01,20262026/09/21 10:51:42.138, 20, 26700, 32623, 71.35,20262026/09/21 10:51:43.138, 19, 26700, 32623, 72.81,20262026/09/21 10:51:44.138, 25, 26700, 32623, 74.97,20262026/09/21 10:51:45.138, 10, 26700, 32623, 78.04,20262026/09/21 10:51:46.139, 25, 26700, 32623, 81.06,20262026/09/21 10:51:47.139, 18, 26700, 32623, 76.33,20262026/09/21 10:51:48.139, 18, 26700, 32623, 72.58,20262026/09/21 10:51:49.139, 19, 26700, 32623, 70.95,20262026/09/21 10:51:50.140, 19, 26700, 32623, 70.91,20262026/09/21 10:51:51.140, 19, 26700, 32623, 67.04,20262026/09/21 10:51:52.140, 19, 26700, 32623, 71.46,20262026/09/21 10:51:53.140, 19, 26700, 32623, 70.90,20262026/09/21 10:51:54.141, 18, 26700, 32623, 71.09,20262026/09/21 10:51:55.141, 19, 26700, 32623, 70.96,20262026/09/21 10:51:56.141, 20, 26700, 32623, 70.83,20262026/09/21 10:51:57.141, 19, 26700, 32623, 70.64,20262026/09/21 10:51:58.142, 19, 26700, 32623, 71.33,20262026/09/21 10:51:59.142, 18, 26700, 32623, 71.23,20262026/09/21 10:52:00.142, 19, 26700, 32623, 71.11,20262026/09/21 10:52:01.142, 20, 26700, 32623, 71.07,20262026/09/21 10:52:02.143, 19, 26700, 32623, 71.28,20262026/09/21 10:52:03.143, 19, 26700, 32623, 70.49,20262026/09/21 10:52:04.143, 20, 26700, 32623, 71.32,20262026/09/21 10:52:05.143, 26, 26700, 32623, 71.81,20262026/09/21 10:52:06.143, 4, 26700, 32623, 74.96, 2022026/09/21 10:52:07.144, 35, 26700, 32623, 75.81,20262026/09/21 10:52:08.144, 19, 26700, 32623, 80.41,20262026/09/21 10:52:09.144, 19, 26700, 32623, 76.00,20262026/09/21 10:52:10.145, 19, 26700, 32623, 71.00,20262026/09/21 10:52:11.145, 20, 26700, 32623, 71.01,20262026/09/21 10:52:12.145, 19, 26700, 32623, 70.90,20262026/09/21 10:52:13.145, 19, 26700, 32623, 69.49,20262026/09/21 10:52:14.146, 19, 26700, 32623, 71.04,20262026/09/21 10:52:15.146, 18, 26700, 32623, 70.59,20262026/09/21 10:52:16.146, 14, 26700, 32623, 67.32,20262026/09/21 10:52:17.146, 19, 26700, 32623, 69.22,20262026/09/21 10:52:18.147, 19, 26700, 32623, 70.72,20262026/09/21 10:52:19.147, 20, 26700, 32623, 70.58,20262026/09/21 10:52:20.147, 19, 26700, 32623, 71.15,20262026/09/21 10:52:21.148, 19, 26700, 32623, 70.91,20262026/09/21 10:52:22.149, 20, 26700, 32623, 70.66,20262026/09/21 10:52:23.149, 19, 26700, 32623, 70.81,20262026/09/21 10:52:24.149, 19, 26700, 32623, 70.56,20262026/09/21 10:52:25.149, 20, 26700, 32623, 70.66,20262026/09/21 10:52:26.150, 21, 26700, 32623, 71.08,20262026/09/21 10:52:27.150, 0, 26700, 32623, 65.14, 2022026/09/21 10:52:28.150, 20, 26700, 32623, 76.41,20262026/09/21 10:52:29.150, 30, 26700, 32623, 75.89,20262026/09/21 10:52:30.151, 19, 26700, 32623, 71.08,20262026/09/21 10:52:31.151, 19, 26700, 32623, 70.15,20262026/09/21 10:52:32.151, 19, 26700, 32623, 69.48,20262026/09/21 10:52:33.151, 18, 26700, 32623, 70.26,20262026/09/21 10:52:34.152, 18, 26700, 32623, 70.14,20262026/09/21 10:52:35.157, 20, 26700, 32623, 69.52,20262026/09/21 10:52:36.157, 21, 26700, 32623, 69.79,20262026/09/21 10:52:37.157, 18, 26700, 32623, 70.39,20262026/09/21 10:52:38.157, 19, 26700, 32623, 70.93,20262026/09/21 10:52:39.159, 21, 26700, 32623, 70.27,20262026/09/21 10:52:40.159, 19, 26700, 32623, 70.34, 41
2026/09/21 10:52:41.165, 21, 26700, 32623, 70.71, 41
2026/09/21 10:52:42.165, 20, 26700, 32623, 70.62, 42
2026/09/21 10:52:43.165, 18, 26700, 32623, 70.70, 42
2026/09/21 10:52:44.165, 19, 26700, 32623, 70.78, 41
2026/09/21 10:52:45.166, 20, 26700, 32623, 70.77, 41
2026/09/21 10:52:46.166, 18, 26700, 32623, 70.61, 42
2026/09/21 10:52:47.166, 19, 26700, 32623, 71.13, 42
2026/09/21 10:52:48.166, 17, 26700, 32623, 72.01, 42
2026/09/21 10:52:49.167, 86, 26700, 32623, 61.79, 45
2026/09/21 10:52:50.167, 89, 26700, 32623, 164.96, 48
2026/09/21 10:52:51.167, 87, 26700, 32623, 172.74, 49
2026/09/21 10:52:52.168, 89, 26700, 32623, 164.02, 50
2026/09/21 10:52:53.168, 89, 26700, 32623, 173.47, 52
2026/09/21 10:52:54.168, 89, 26700, 32623, 171.95, 53
2026/09/21 10:52:55.169, 89, 26700, 32623, 162.99, 52
2026/09/21 10:52:56.169, 89, 26700, 32623, 175.32, 52
2026/09/21 10:52:57.169, 80, 26700, 32623, 164.182026/2026/09/21 10:52:58.169, 88, 26700, 32623, 171.952026/2026/09/21 10:52:59.169, 89, 26700, 32623, 167.28, 52
2026/09/21 10:53:00.170, 87, 26700, 32623, 173.19, 53
2026/09/21 10:53:01.170, 89, 26700, 32623, 174.80, 56
2026/09/21 10:53:02.170, 89, 26700, 32623, 175.22, 53
2026/09/21 10:53:03.171, 90, 26700, 32623, 175.26, 53
2026/09/21 10:53:04.172, 84, 26700, 32623, 174.10, 56
2026/09/21 10:53:05.172, 89, 26700, 32623, 173.962026/2026/09/21 10:53:06.172, 89, 26700, 32623, 173.652026/2026/09/21 10:53:07.172, 91, 26700, 32623, 171.222026/2026/09/21 10:53:08.172, 90, 26700, 32623, 174.07, 55
2026/09/21 10:53:09.177, 91, 26700, 32623, 167.57, 54
2026/09/21 10:53:10.178, 89, 26700, 32623, 176.18, 55
2026/09/21 10:53:11.178, 87, 26700, 32623, 161.612026/2026/09/21 10:53:12.178, 90, 26700, 32623, 146.412026/2026/09/21 10:53:13.178, 30, 26700, 32623, 149.582026/2026/09/21 10:53:14.178, 88, 26700, 32623, 132.282026/2026/09/21 10:53:15.179, 90, 26700, 32623, 164.382026/2026/09/21 10:53:16.179, 90, 26700, 32623, 174.022026/2026/09/21 10:53:17.179, 90, 26700, 32623, 173.752026/2026/09/21 10:53:18.179, 89, 26700, 32623, 174.102026/2026/09/21 10:53:19.180, 86, 26700, 32623, 173.762026/2026/09/21 10:53:20.180, 90, 26700, 32623, 166.84, 56
2026/09/21 10:53:21.183, 85, 26700, 32623, 159.10, 54
2026/09/21 10:53:22.183, 25, 26700, 32623, 109.91, 49
2026/09/21 10:53:23.185, 17, 26700, 32623, 83.30, 49
2026/09/21 10:53:24.185, 52, 26700, 32623, 80.00, 48
2026/09/21 10:53:25.185, 18, 26700, 32623, 77.68, 48
2026/09/21 10:53:26.185, 15, 26700, 32623, 71.75, 46
2026/09/21 10:53:27.187, 21, 26700, 32623, 72.65, 46
2026/09/21 10:53:28.188, 18, 26700, 32623, 72.81, 47
2026/09/21 10:53:29.190, 20, 26700, 32623, 71.79, 47
2026/09/21 10:53:30.190, 18, 26700, 32623, 71.97, 46
2026/09/21 10:53:31.190, 20, 26700, 32623, 71.96, 46
2026/09/21 10:53:32.190, 16, 26700, 32623, 71.42, 46
2026/09/21 10:53:33.194, 19, 26700, 32623, 71.80, 46
2026/09/21 10:53:34.194, 21, 26700, 32623, 72.23,20262026/09/21 10:53:35.199, 13, 26700, 32623, 70.22,20262026/09/21 10:53:36.199, 18, 26700, 32623, 70.43,20262026/09/21 10:53:37.200, 20, 26700, 32623, 71.25,20262026/09/21 10:53:38.200, 19, 26700, 32623, 69.02,20262026/09/21 10:53:39.200, 20, 26700, 32623, 69.58,20262026/09/21 10:53:40.200, 17, 26700, 32623, 70.22,20262026/09/21 10:53:41.200, 18, 26700, 32623, 70.82,20262026/09/21 10:53:42.201, 18, 26700, 32623, 71.10,20262026/09/21 10:53:43.201, 20, 26700, 32623, 71.83,20262026/09/21 10:53:44.201, 23, 26700, 32623, 74.42,20262026/09/21 10:53:45.201, 19, 26700, 32623, 76.71,20262026/09/21 10:53:46.207, 23, 26700, 32623, 74.92,20262026/09/21 10:53:47.207, 20, 26700, 32623, 70.67,20262026/09/21 10:53:48.207, 20, 26700, 32623, 69.97,20262026/09/21 10:53:49.207, 18, 26700, 32623, 71.07,20262026/09/21 10:53:50.207, 15, 26700, 32623, 70.71,20262026/09/21 10:53:51.208, 21, 26700, 32623, 71.21,20262026/09/21 10:53:52.208, 18, 26700, 32623, 71.79,20262026/09/21 10:53:53.208, 18, 26700, 32623, 71.19,20262026/09/21 10:53:54.208, 19, 26700, 32623, 71.13,20262026/09/21 10:53:55.208, 17, 26700, 32623, 71.42,20262026/09/21 10:53:56.209, 19, 26700, 32623, 71.05,20262026/09/21 10:53:57.225, 20, 26700, 32623, 71.96,20262026/09/21 10:53:58.226, 18, 26700, 32623, 71.66,20262026/09/21 10:53:59.226, 19, 26700, 32623, 71.39,20262026/09/21 10:54:00.226, 21, 26700, 32623, 71.60,20262026/09/21 10:54:01.226, 18, 26700, 32623, 71.70,20262026/09/21 10:54:02.227, 19, 26700, 32623, 71.75,20262026/09/21 10:54:03.227, 20, 26700, 32623, 70.53,20262026/09/21 10:54:04.227, 20, 26700, 32623, 71.93,20262026/09/21 10:54:05.227, 52, 26700, 32623, 72.58,20262026/09/21 10:54:06.228, 19, 26700, 32623, 73.90,20262026/09/21 10:54:07.228, 27, 26700, 32623, 75.95,20262026/09/21 10:54:08.228, 18, 26700, 32623, 77.25,20262026/09/21 10:54:09.228, 19, 26700, 32623, 74.87,20262026/09/21 10:54:10.229, 19, 26700, 32623, 70.94,20262026/09/21 10:54:11.229, 19, 26700, 32623, 70.73,20262026/09/21 10:54:12.229, 19, 26700, 32623, 71.15,20262026/09/21 10:54:13.229, 18, 26700, 32623, 70.11,20262026/09/21 10:54:14.230, 20, 26700, 32623, 71.34,20262026/09/21 10:54:15.230, 20, 26700, 32623, 70.65,20262026/09/21 10:54:16.230, 18, 26700, 32623, 71.27,20262026/09/21 10:54:17.230, 19, 26700, 32623, 71.83,20262026/09/21 10:54:18.230, 18, 26700, 32623, 68.27,20262026/09/21 10:54:19.231, 20, 26700, 32623, 71.56,20262026/09/21 10:54:20.231, 18, 26700, 32623, 70.80,20262026/09/21 10:54:21.231, 19, 26700, 32623, 70.84,20262026/09/21 10:54:22.231, 18, 26700, 32623, 71.25,20262026/09/21 10:54:23.232, 19, 26700, 32623, 69.82,20262026/09/21 10:54:24.232, 19, 26700, 32623, 70.79,20262026/09/21 10:54:25.232, 18, 26700, 32623, 70.46,20262026/09/21 10:54:26.232, 20, 26700, 32623, 69.02,20262026/09/21 10:54:27.233, 27, 26700, 32623, 73.37,20262026/09/21 10:54:28.233, 17, 26700, 32623, 78.55,20262026/09/21 10:54:29.233, 28, 26700, 32623, 79.01,20262026/09/21 10:54:30.233, 19, 26700, 32623, 77.29,20262026/09/21 10:54:31.233, 20, 26700, 32623, 73.93,20262026/09/21 10:54:32.234, 16, 26700, 32623, 71.23,20262026/09/21 10:54:33.234, 18, 26700, 32623, 71.19,20262026/09/21 10:54:34.234, 20, 26700, 32623, 71.89,20262026/09/21 10:54:35.234, 19, 26700, 32623, 71.37,20262026/09/21 10:54:36.235, 19, 26700, 32623, 68.19,20262026/09/21 10:54:37.235, 19, 26700, 32623, 70.77,20262026/09/21 10:54:38.235, 18, 26700, 32623, 70.24,20262026/09/21 10:54:39.235, 20, 26700, 32623, 71.05,20262026/09/21 10:54:40.236, 20, 26700, 32623, 70.66,20262026/09/21 10:54:41.236, 17, 26700, 32623, 71.15,20262026/09/21 10:54:42.236, 19, 26700, 32623, 71.36,20262026/09/21 10:54:43.236, 20, 26700, 32623, 70.95,20262026/09/21 10:54:44.237, 18, 26700, 32623, 71.16,20262026/09/21 10:54:45.237, 19, 26700, 32623, 71.42,20262026/09/21 10:54:46.237, 21, 26700, 32623, 71.46,20262026/09/21 10:54:47.237, 18, 26700, 32623, 70.94,20262026/09/21 10:54:48.238, 12, 26700, 32623, 72.10,20262026/09/21 10:54:49.238, 20, 26700, 32623, 77.03,20262026/09/21 10:54:50.238, 27, 26700, 32623, 79.88,20262026/09/21 10:54:51.238, 18, 26700, 32623, 76.96,20262026/09/21 10:54:52.239, 19, 26700, 32623, 74.21,20262026/09/21 10:54:53.239, 19, 26700, 32623, 70.65,20262026/09/21 10:54:54.239, 18, 26700, 32623, 70.77,20262026/09/21 10:54:55.239, 18, 26700, 32623, 70.59,20262026/09/21 10:54:56.240, 19, 26700, 32623, 71.31,20262026/09/21 10:54:57.240, 20, 26700, 32623, 70.86,20262026/09/21 10:54:58.240, 18, 26700, 32623, 70.92,20262026/09/21 10:54:59.240, 19, 26700, 32623, 70.90,20262026/09/21 10:55:00.241, 19, 26700, 32623, 71.00,20262026/09/21 10:55:01.241, 18, 26700, 32623, 70.36,20262026/09/21 10:55:02.241, 18, 26700, 32623, 69.69,20262026/09/21 10:55:03.241, 19, 26700, 32623, 71.46,20262026/09/21 10:55:04.242, 19, 26700, 32623, 70.88,20262026/09/21 10:55:05.242, 18, 26700, 32623, 71.02,20262026/09/21 10:55:06.242, 20, 26700, 32623, 70.94,20262026/09/21 10:55:07.242, 19, 26700, 32623, 70.76,20262026/09/21 10:55:08.243, 16, 26700, 32623, 70.67,20262026/09/21 10:55:09.243, 21, 26700, 32623, 71.91,20262026/09/21 10:55:10.243, 0, 26700, 32623, 55.53, 2022026/09/21 10:55:11.243, 0, 26700, 32623, 39.60, 2022026/09/21 10:55:12.243, 0, 26700, 32623, 37.93, 2022026/09/21 10:55:13.244, 0, 26700, 32623, 37.74, 2022026/09/21 10:55:14.244, 16, 26700, 32623, 37.85,20262026/09/21 10:55:15.244, 74, 26700, 32623, 125.132026/2026/09/21 10:55:16.244, 80, 26700, 32623, 162.772026/2026/09/21 10:55:17.244, 88, 26700, 32623, 172.592026/2026/09/21 10:55:18.245, 34, 26700, 32623, 165.072026/2026/09/21 10:55:19.245, 89, 26700, 32623, 166.072026/2026/09/21 10:55:20.245, 90, 26700, 32623, 174.142026/2026/09/21 10:55:21.245, 87, 26700, 32623, 173.592026/2026/09/21 10:55:22.245, 90, 26700, 32623, 174.662026/2026/09/21 10:55:23.246, 84, 26700, 32623, 174.582026/2026/09/21 10:55:24.246, 38, 26700, 32623, 162.672026/2026/09/21 10:55:25.246, 90, 26700, 32623, 167.972026/2026/09/21 10:55:26.247, 38, 26700, 32623, 167.112026/2026/09/21 10:55:27.247, 89, 26700, 32623, 167.202026/2026/09/21 10:55:28.247, 35, 26700, 32623, 165.502026/2026/09/21 10:55:29.247, 90, 26700, 32623, 168.572026/2026/09/21 10:55:30.247, 42, 26700, 32623, 168.072026/2026/09/21 10:55:31.248, 87, 26700, 32623, 172.152026/2026/09/21 10:55:32.248, 90, 26700, 32623, 173.262026/2026/09/21 10:55:33.248, 89, 26700, 32623, 175.802026/2026/09/21 10:55:34.248, 87, 26700, 32623, 175.062026/2026/09/21 10:55:35.249, 90, 26700, 32623, 173.962026/2026/09/21 10:55:36.249, 88, 26700, 32623, 172.032026/2026/09/21 10:55:37.249, 88, 26700, 32623, 175.752026/2026/09/21 10:55:38.249, 90, 26700, 32623, 172.902026/2026/09/21 10:55:39.250, 89, 26700, 32623, 176.932026/2026/09/21 10:55:40.250, 90, 26700, 32623, 176.122026/2026/09/21 10:55:41.250, 89, 26700, 32623, 175.012026/2026/09/21 10:55:42.250, 23, 26700, 32623, 159.332026/2026/09/21 10:55:43.251, 90, 26700, 32623, 165.262026/2026/09/21 10:55:44.251, 47, 26700, 32623, 169.472026/2026/09/21 10:55:45.251, 32, 26700, 32623, 133.512026/2026/09/21 10:55:46.251, 61, 26700, 32623, 134.712026/2026/09/21 10:55:47.252, 24, 26700, 32623, 83.18,20262026/09/21 10:55:48.252, 19, 26700, 32623, 78.54,20262026/09/21 10:55:49.252, 19, 26700, 32623, 75.29,20262026/09/21 10:55:50.252, 17, 26700, 32623, 71.80,20262026/09/21 10:55:51.253, 20, 26700, 32623, 72.68,20262026/09/21 10:55:52.253, 19, 26700, 32623, 72.61,20262026/09/21 10:55:53.253, 19, 26700, 32623, 72.15,20262026/09/21 10:55:54.253, 19, 26700, 32623, 71.77,20262026/09/21 10:55:55.254, 17, 26700, 32623, 70.96,20262026/09/21 10:55:56.254, 18, 26700, 32623, 70.82,20262026/09/21 10:55:57.254, 20, 26700, 32623, 72.12,20262026/09/21 10:55:58.254, 19, 26700, 32623, 72.12,20262026/09/21 10:55:59.254, 18, 26700, 32623, 71.59,20262026/09/21 10:56:00.255, 19, 26700, 32623, 71.87,20262026/09/21 10:56:01.255, 19, 26700, 32623, 71.99,20262026/09/21 10:56:02.255, 20, 26700, 32623, 71.25,20262026/09/21 10:56:03.255, 19, 26700, 32623, 71.03,20262026/09/21 10:56:04.256, 15, 26700, 32623, 71.47,20262026/09/21 10:56:05.256, 18, 26700, 32623, 71.09,20262026/09/21 10:56:06.256, 57, 26700, 32623, 74.04,20262026/09/21 10:56:07.256, 30, 26700, 32623, 82.50,20262026/09/21 10:56:08.257, 16, 26700, 32623, 77.29,20262026/09/21 10:56:09.257, 22, 26700, 32623, 71.08,20262026/09/21 10:56:10.257, 19, 26700, 32623, 70.70,20262026/09/21 10:56:11.257, 16, 26700, 32623, 69.48,20262026/09/21 10:56:12.258, 23, 26700, 32623, 69.44,20262026/09/21 10:56:13.258, 19, 26700, 32623, 70.95,20262026/09/21 10:56:14.258, 17, 26700, 32623, 69.80,20262026/09/21 10:56:15.258, 19, 26700, 32623, 69.41,20262026/09/21 10:56:16.259, 17, 26700, 32623, 69.83,20262026/09/21 10:56:17.259, 19, 26700, 32623, 69.87,20262026/09/21 10:56:18.259, 18, 26700, 32623, 70.21,20262026/09/21 10:56:19.259, 20, 26700, 32623, 69.45,20262026/09/21 10:56:20.259, 15, 26700, 32623, 69.73,20262026/09/21 10:56:21.260, 18, 26700, 32623, 69.51,20262026/09/21 10:56:22.260, 17, 26700, 32623, 70.05,20262026/09/21 10:56:23.260, 20, 26700, 32623, 70.60,20262026/09/21 10:56:24.261, 18, 26700, 32623, 70.66,20262026/09/21 10:56:25.261, 21, 26700, 32623, 70.13,20262026/09/21 10:56:26.261, 19, 26700, 32623, 70.93,20262026/09/21 10:56:27.261, 86, 26700, 32623, 121.392026/2026/09/21 10:56:28.261, 90, 26700, 32623, 162.802026/2026/09/21 10:56:29.262, 89, 26700, 32623, 164.962026/2026/09/21 10:56:30.262, 86, 26700, 32623, 171.652026/2026/09/21 10:56:31.266, 91, 26700, 32623, 167.832026/2026/09/21 10:56:32.266, 89, 26700, 32623, 173.982026/2026/09/21 10:56:33.266, 91, 26700, 32623, 171.922026/2026/09/21 10:56:34.266, 87, 26700, 32623, 172.762026/2026/09/21 10:56:35.267, 92, 26700, 32623, 171.882026/2026/09/21 10:56:36.267, 91, 26700, 32623, 171.182026/2026/09/21 10:56:37.267, 92, 26700, 32623, 164.932026/2026/09/21 10:56:38.267, 85, 26700, 32623, 172.992026/2026/09/21 10:56:39.267, 90, 26700, 32623, 165.152026/2026/09/21 10:56:40.268, 77, 26700, 32623, 169.772026/2026/09/21 10:56:41.268, 91, 26700, 32623, 168.542026/2026/09/21 10:56:42.268, 90, 26700, 32623, 174.232026/2026/09/21 10:56:43.269, 90, 26700, 32623, 165.432026/2026/09/21 10:56:44.269, 86, 26700, 32623, 172.312026/2026/09/21 10:56:45.269, 88, 26700, 32623, 169.302026/2026/09/21 10:56:46.269, 90, 26700, 32623, 172.742026/2026/09/21 10:56:47.269, 90, 26700, 32623, 174.132026/2026/09/21 10:56:48.270, 90, 26700, 32623, 175.072026/2026/09/21 10:56:49.270, 90, 26700, 32623, 170.962026/2026/09/21 10:56:50.270, 84, 26700, 32623, 169.522026/2026/09/21 10:56:51.270, 91, 26700, 32623, 176.042026/2026/09/21 10:56:52.271, 80, 26700, 32623, 169.162026/2026/09/21 10:56:53.271, 77, 26700, 32623, 164.642026/2026/09/21 10:56:54.271, 92, 26700, 32623, 174.302026/2026/09/21 10:56:55.271, 91, 26700, 32623, 155.832026/2026/09/21 10:56:56.272, 89, 26700, 32623, 171.382026/2026/09/21 10:56:57.272, 84, 26700, 32623, 151.102026/2026/09/21 10:56:58.272, 79, 26700, 32623, 138.492026/2026/09/21 10:56:59.272, 33, 26700, 32623, 116.292026/2026/09/21 10:57:00.273, 33, 26700, 32623, 83.36,20262026/09/21 10:57:01.273, 20, 26700, 32623, 79.01,20262026/09/21 10:57:02.273, 18, 26700, 32623, 74.63,20262026/09/21 10:57:03.273, 19, 26700, 32623, 73.03,20262026/09/21 10:57:04.274, 18, 26700, 32623, 72.53,20262026/09/21 10:57:05.274, 20, 26700, 32623, 73.03,20262026/09/21 10:57:06.274, 19, 26700, 32623, 71.89,20262026/09/21 10:57:07.276, 18, 26700, 32623, 72.48,20262026/09/21 10:57:08.276, 18, 26700, 32623, 71.47,20262026/09/21 10:57:09.277, 19, 26700, 32623, 72.52,20262026/09/21 10:57:10.277, 14, 26700, 32623, 71.29,20262026/09/21 10:57:11.277, 17, 26700, 32623, 71.75,20262026/09/21 10:57:12.277, 20, 26700, 32623, 72.05,20262026/09/21 10:57:13.278, 19, 26700, 32623, 72.14,20262026/09/21 10:57:14.278, 19, 26700, 32623, 72.62,20262026/09/21 10:57:15.278, 18, 26700, 32623, 71.44,20262026/09/21 10:57:16.278, 18, 26700, 32623, 71.98,20262026/09/21 10:57:17.278, 19, 26700, 32623, 72.41,20262026/09/21 10:57:18.279, 20, 26700, 32623, 71.60,20262026/09/21 10:57:19.280, 31, 26700, 32623, 75.26,20262026/09/21 10:57:20.280, 25, 26700, 32623, 81.40,20262026/09/21 10:57:21.280, 18, 26700, 32623, 75.80,20262026/09/21 10:57:22.280, 16, 26700, 32623, 70.12,20262026/09/21 10:57:23.281, 19, 26700, 32623, 70.04,20262026/09/21 10:57:24.282, 20, 26700, 32623, 69.76,20262026/09/21 10:57:25.282, 19, 26700, 32623, 70.92,20262026/09/21 10:57:26.282, 19, 26700, 32623, 70.63,20262026/09/21 10:57:27.283, 17, 26700, 32623, 69.80,20262026/09/21 10:57:28.283, 18, 26700, 32623, 67.76,20262026/09/21 10:57:29.283, 16, 26700, 32623, 70.52,20262026/09/21 10:57:30.283, 18, 26700, 32623, 70.20,20262026/09/21 10:57:31.283, 20, 26700, 32623, 70.64,20262026/09/21 10:57:32.284, 15, 26700, 32623, 69.67,20262026/09/21 10:57:33.284, 18, 26700, 32623, 70.70,20262026/09/21 10:57:34.284, 17, 26700, 32623, 69.16,20262026/09/21 10:57:35.284, 18, 26700, 32623, 69.38,20262026/09/21 10:57:36.284, 18, 26700, 32623, 69.62,20262026/09/21 10:57:37.289, 16, 26700, 32623, 70.58,20262026/09/21 10:57:38.289, 19, 26700, 32623, 70.62,20262026/09/21 10:57:39.289, 19, 26700, 32623, 70.43,20262026/09/21 10:57:40.289, 91, 26700, 32623, 108.372026/2026/09/21 10:57:41.290, 90, 26700, 32623, 157.182026/2026/09/21 10:57:42.290, 91, 26700, 32623, 166.792026/2026/09/21 10:57:43.291, 90, 26700, 32623, 169.692026/2026/09/21 10:57:44.291, 90, 26700, 32623, 175.122026/2026/09/21 10:57:45.291, 91, 26700, 32623, 174.142026/2026/09/21 10:57:46.292, 89, 26700, 32623, 173.992026/2026/09/21 10:57:47.292, 89, 26700, 32623, 172.942026/2026/09/21 10:57:48.292, 90, 26700, 32623, 169.492026/2026/09/21 10:57:49.293, 87, 26700, 32623, 171.732026/2026/09/21 10:57:50.293, 87, 26700, 32623, 165.562026/2026/09/21 10:57:51.293, 91, 26700, 32623, 175.022026/2026/09/21 10:57:52.293, 87, 26700, 32623, 166.462026/2026/09/21 10:57:53.294, 90, 26700, 32623, 175.192026/2026/09/21 10:57:54.294, 92, 26700, 32623, 167.782026/2026/09/21 10:57:55.294, 90, 26700, 32623, 174.152026/2026/09/21 10:57:56.294, 89, 26700, 32623, 168.342026/2026/09/21 10:57:57.295, 91, 26700, 32623, 174.042026/2026/09/21 10:57:58.295, 91, 26700, 32623, 175.272026/2026/09/21 10:57:59.296, 90, 26700, 32623, 176.432026/2026/09/21 10:58:00.296, 91, 26700, 32623, 173.102026/2026/09/21 10:58:01.300, 91, 26700, 32623, 175.372026/2026/09/21 10:58:02.301, 91, 26700, 32623, 173.882026/2026/09/21 10:58:03.301, 87, 26700, 32623, 175.522026/2026/09/21 10:58:04.301, 78, 26700, 32623, 173.632026/2026/09/21 10:58:05.301, 90, 26700, 32623, 173.822026/2026/09/21 10:58:06.302, 90, 26700, 32623, 175.842026/2026/09/21 10:58:07.302, 90, 26700, 32623, 172.972026/2026/09/21 10:58:08.302, 83, 26700, 32623, 157.812026/2026/09/21 10:58:09.302, 88, 26700, 32623, 173.872026/2026/09/21 10:58:10.303, 79, 26700, 32623, 151.072026/2026/09/21 10:58:11.303, 81, 26700, 32623, 144.732026/2026/09/21 10:58:12.303, 23, 26700, 32623, 112.892026/2026/09/21 10:58:13.303, 22, 26700, 32623, 83.25,20262026/09/21 10:58:14.303, 20, 26700, 32623, 80.09,20262026/09/21 10:58:15.304, 19, 26700, 32623, 74.25,20262026/09/21 10:58:16.304, 20, 26700, 32623, 72.94,20262026/09/21 10:58:17.304, 19, 26700, 32623, 72.99,20262026/09/21 10:58:18.304, 19, 26700, 32623, 72.49,20262026/09/21 10:58:19.305, 19, 26700, 32623, 72.27,20262026/09/21 10:58:20.325, 18, 26700, 32623, 72.15,20262026/09/21 10:58:21.325, 22, 26700, 32623, 72.59,20262026/09/21 10:58:22.326, 19, 26700, 32623, 70.80,20262026/09/21 10:58:23.326, 19, 26700, 32623, 72.13,20262026/09/21 10:58:24.326, 18, 26700, 32623, 72.47,20262026/09/21 10:58:25.327, 21, 26700, 32623, 72.25,20262026/09/21 10:58:26.327, 17, 26700, 32623, 71.83,20262026/09/21 10:58:27.327, 20, 26700, 32623, 72.51,20262026/09/21 10:58:28.327, 19, 26700, 32623, 72.10,20262026/09/21 10:58:29.328, 19, 26700, 32623, 71.76,20262026/09/21 10:58:30.328, 20, 26700, 32623, 71.46,20262026/09/21 10:58:31.328, 18, 26700, 32623, 70.38,20262026/09/21 10:58:32.328, 31, 26700, 32623, 74.87,20262026/09/21 10:58:33.329, 17, 26700, 32623, 81.45,20262026/09/21 10:58:34.329, 16, 26700, 32623, 75.55,20262026/09/21 10:58:35.329, 20, 26700, 32623, 70.05,20262026/09/21 10:58:36.329, 18, 26700, 32623, 69.85,20262026/09/21 10:58:37.330, 19, 26700, 32623, 70.34,20262026/09/21 10:58:38.330, 20, 26700, 32623, 70.52,20262026/09/21 10:58:39.330, 17, 26700, 32623, 69.67,20262026/09/21 10:58:40.330, 15, 26700, 32623, 69.57,20262026/09/21 10:58:41.330, 19, 26700, 32623, 70.43,20262026/09/21 10:58:42.331, 17, 26700, 32623, 70.06,20262026/09/21 10:58:43.331, 19, 26700, 32623, 70.38,20262026/09/21 10:58:44.331, 18, 26700, 32623, 70.22,20262026/09/21 10:58:45.331, 19, 26700, 32623, 70.19,20262026/09/21 10:58:46.332, 18, 26700, 32623, 70.43,20262026/09/21 10:58:47.332, 19, 26700, 32623, 70.29,20262026/09/21 10:58:48.332, 18, 26700, 32623, 69.31,20262026/09/21 10:58:49.332, 19, 26700, 32623, 70.35,20262026/09/21 10:58:50.333, 18, 26700, 32623, 69.33,20262026/09/21 10:58:51.333, 19, 26700, 32623, 70.19,20262026/09/21 10:58:52.333, 18, 26700, 32623, 70.38,20262026/09/21 10:58:53.333, 85, 26700, 32623, 122.742026/2026/09/21 10:58:54.334, 90, 26700, 32623, 160.832026/2026/09/21 10:58:55.334, 90, 26700, 32623, 168.782026/2026/09/21 10:58:56.334, 82, 26700, 32623, 170.602026/2026/09/21 10:58:57.334, 90, 26700, 32623, 173.072026/2026/09/21 10:58:58.335, 89, 26700, 32623, 172.742026/2026/09/21 10:58:59.335, 90, 26700, 32623, 174.202026/2026/09/21 10:59:00.335, 91, 26700, 32623, 172.142026/2026/09/21 10:59:01.335, 91, 26700, 32623, 170.642026/2026/09/21 10:59:02.336, 91, 26700, 32623, 172.212026/2026/09/21 10:59:03.336, 92, 26700, 32623, 166.352026/2026/09/21 10:59:04.336, 87, 26700, 32623, 174.792026/2026/09/21 10:59:05.336, 91, 26700, 32623, 166.532026/2026/09/21 10:59:06.337, 89, 26700, 32623, 174.232026/2026/09/21 10:59:07.337, 90, 26700, 32623, 166.162026/2026/09/21 10:59:08.337, 80, 26700, 32623, 173.612026/2026/09/21 10:59:09.337, 90, 26700, 32623, 168.502026/2026/09/21 10:59:10.338, 91, 26700, 32623, 172.842026/2026/09/21 10:59:11.338, 90, 26700, 32623, 173.542026/2026/09/21 10:59:12.338, 90, 26700, 32623, 173.842026/2026/09/21 10:59:13.338, 90, 26700, 32623, 173.322026/2026/09/21 10:59:14.339, 86, 26700, 32623, 175.622026/2026/09/21 10:59:15.339, 92, 26700, 32623, 173.302026/2026/09/21 10:59:16.339, 92, 26700, 32623, 175.792026/2026/09/21 10:59:17.343, 89, 26700, 32623, 173.442026/2026/09/21 10:59:18.343, 90, 26700, 32623, 173.652026/2026/09/21 10:59:19.343, 92, 26700, 32623, 171.212026/2026/09/21 10:59:20.343, 73, 26700, 32623, 171.662026/2026/09/21 10:59:21.344, 91, 26700, 32623, 170.862026/2026/09/21 10:59:22.344, 89, 26700, 32623, 174.582026/2026/09/21 10:59:23.344, 73, 26700, 32623, 155.092026/2026/09/21 10:59:24.344, 69, 26700, 32623, 143.972026/2026/09/21 10:59:25.345, 43, 26700, 32623, 95.85,20262026/09/21 10:59:26.345, 16, 26700, 32623, 79.69,20262026/09/21 10:59:27.345, 20, 26700, 32623, 77.49,20262026/09/21 10:59:28.346, 18, 26700, 32623, 72.39,20262026/09/21 10:59:29.346, 20, 26700, 32623, 70.47,20262026/09/21 10:59:30.346, 18, 26700, 32623, 71.92,20262026/09/21 10:59:31.346, 21, 26700, 32623, 72.53,20262026/09/21 10:59:32.347, 19, 26700, 32623, 72.17,20262026/09/21 10:59:33.347, 19, 26700, 32623, 72.05,20262026/09/21 10:59:34.347, 16, 26700, 32623, 71.28,20262026/09/21 10:59:35.348, 20, 26700, 32623, 71.15,20262026/09/21 10:59:36.348, 18, 26700, 32623, 70.61,20262026/09/21 10:59:37.348, 20, 26700, 32623, 71.83,20262026/09/21 10:59:38.348, 18, 26700, 32623, 71.59,20262026/09/21 10:59:39.349, 19, 26700, 32623, 70.99,20262026/09/21 10:59:40.349, 17, 26700, 32623, 71.61,20262026/09/21 10:59:41.349, 21, 26700, 32623, 71.83,20262026/09/21 10:59:42.349, 18, 26700, 32623, 71.54,20262026/09/21 10:59:43.351, 19, 26700, 32623, 71.50,20262026/09/21 10:59:44.351, 18, 26700, 32623, 71.79,20262026/09/21 10:59:45.351, 36, 26700, 32623, 76.88,20262026/09/21 10:59:46.352, 17, 26700, 32623, 81.37,20262026/09/21 10:59:47.352, 20, 26700, 32623, 73.94,20262026/09/21 10:59:48.352, 18, 26700, 32623, 69.46,20262026/09/21 10:59:49.353, 19, 26700, 32623, 71.07,20262026/09/21 10:59:50.353, 18, 26700, 32623, 70.54,20262026/09/21 10:59:51.353, 18, 26700, 32623, 70.32,20262026/09/21 10:59:52.353, 18, 26700, 32623, 68.95,20262026/09/21 10:59:53.354, 18, 26700, 32623, 70.16,20262026/09/21 10:59:54.354, 20, 26700, 32623, 69.31,20262026/09/21 10:59:55.354, 20, 26700, 32623, 67.38,20262026/09/21 10:59:56.354, 17, 26700, 32623, 70.25,20262026/09/21 10:59:57.354, 19, 26700, 32623, 70.13,20262026/09/21 10:59:58.355, 18, 26700, 32623, 70.64,20262026/09/21 10:59:59.355, 20, 26700, 32623, 70.79,20262026/09/21 11:00:00.355, 18, 26700, 32623, 69.99,20262026/09/21 11:00:01.355, 18, 26700, 32623, 70.73,20262026/09/21 11:00:02.356, 17, 26700, 32623, 69.25,20262026/09/21 11:00:03.361, 20, 26700, 32623, 69.26,20262026/09/21 11:00:04.361, 16, 26700, 32623, 69.69,20262026/09/21 11:00:05.361, 20, 26700, 32623, 70.13,20262026/09/21 11:00:06.363, 90, 26700, 32623, 139.542026/2026/09/21 11:00:07.363, 80, 26700, 32623, 162.582026/2026/09/21 11:00:08.363, 88, 26700, 32623, 167.582026/2026/09/21 11:00:09.364, 90, 26700, 32623, 172.822026/2026/09/21 11:00:10.364, 87, 26700, 32623, 168.612026/2026/09/21 11:00:11.364, 89, 26700, 32623, 172.552026/2026/09/21 11:00:12.364, 90, 26700, 32623, 175.292026/2026/09/21 11:00:13.364, 87, 26700, 32623, 175.402026/2026/09/21 11:00:14.365, 79, 26700, 32623, 172.482026/2026/09/21 11:00:15.365, 85, 26700, 32623, 171.932026/2026/09/21 11:00:16.365, 90, 26700, 32623, 167.512026/2026/09/21 11:00:17.365, 90, 26700, 32623, 175.572026/2026/09/21 11:00:18.365, 90, 26700, 32623, 168.782026/2026/09/21 11:00:19.366, 87, 26700, 32623, 174.712026/2026/09/21 11:00:20.366, 90, 26700, 32623, 166.552026/2026/09/21 11:00:21.366, 90, 26700, 32623, 175.262026/2026/09/21 11:00:22.366, 85, 26700, 32623, 167.672026/2026/09/21 11:00:23.366, 90, 26700, 32623, 174.552026/2026/09/21 11:00:24.367, 84, 26700, 32623, 172.422026/2026/09/21 11:00:25.367, 89, 26700, 32623, 168.912026/2026/09/21 11:00:26.367, 89, 26700, 32623, 175.632026/2026/09/21 11:00:27.367, 90, 26700, 32623, 168.592026/2026/09/21 11:00:28.367, 90, 26700, 32623, 174.972026/2026/09/21 11:00:29.368, 88, 26700, 32623, 174.872026/2026/09/21 11:00:30.368, 90, 26700, 32623, 172.942026/2026/09/21 11:00:31.368, 90, 26700, 32623, 176.162026/2026/09/21 11:00:32.368, 89, 26700, 32623, 175.542026/2026/09/21 11:00:33.369, 87, 26700, 32623, 175.182026/2026/09/21 11:00:34.369, 87, 26700, 32623, 172.142026/2026/09/21 11:00:35.369, 90, 26700, 32623, 175.352026/2026/09/21 11:00:36.369, 85, 26700, 32623, 149.482026/2026/09/21 11:00:37.370, 32, 26700, 32623, 134.462026/2026/09/21 11:00:38.370, 27, 26700, 32623, 83.70,20262026/09/21 11:00:39.370, 19, 26700, 32623, 80.50,20262026/09/21 11:00:40.370, 19, 26700, 32623, 76.31,20262026/09/21 11:00:41.370, 20, 26700, 32623, 73.27,20262026/09/21 11:00:42.371, 20, 26700, 32623, 72.09,20262026/09/21 11:00:43.371, 20, 26700, 32623, 72.95,20262026/09/21 11:00:44.371, 17, 26700, 32623, 70.88,20262026/09/21 11:00:45.371, 18, 26700, 32623, 70.16,20262026/09/21 11:00:46.372, 13, 26700, 32623, 69.01,20262026/09/21 11:00:47.372, 11, 26700, 32623, 68.34,20262026/09/21 11:00:48.372, 19, 26700, 32623, 71.54,20262026/09/21 11:00:49.372, 19, 26700, 32623, 72.16,20262026/09/21 11:00:50.373, 19, 26700, 32623, 71.70,20262026/09/21 11:00:51.373, 20, 26700, 32623, 69.84,20262026/09/21 11:00:52.373, 18, 26700, 32623, 69.78,20262026/09/21 11:00:53.373, 20, 26700, 32623, 71.77,20262026/09/21 11:00:54.374, 19, 26700, 32623, 71.71,20262026/09/21 11:00:55.374, 21, 26700, 32623, 71.61,20262026/09/21 11:00:56.374, 18, 26700, 32623, 71.12,20262026/09/21 11:00:57.374, 19, 26700, 32623, 71.35,20262026/09/21 11:00:58.374, 50, 26700, 32623, 79.67,20262026/09/21 11:00:59.375, 19, 26700, 32623, 80.02,20262026/09/21 11:01:00.375, 19, 26700, 32623, 69.69,20262026/09/21 11:01:01.375, 21, 26700, 32623, 68.61,20262026/09/21 11:01:02.375, 19, 26700, 32623, 66.64,20262026/09/21 11:01:03.376, 21, 26700, 32623, 69.29,20262026/09/21 11:01:04.376, 18, 26700, 32623, 68.28,20262026/09/21 11:01:05.376, 28, 26700, 32623, 68.87,20262026/09/21 11:01:06.376, 18, 26700, 32623, 69.03,20262026/09/21 11:01:07.376, 20, 26700, 32623, 69.00,20262026/09/21 11:01:08.377, 17, 26700, 32623, 68.82,20262026/09/21 11:01:09.377, 20, 26700, 32623, 69.39,20262026/09/21 11:01:10.377, 17, 26700, 32623, 68.39,20262026/09/21 11:01:11.377, 19, 26700, 32623, 69.79,20262026/09/21 11:01:12.377, 19, 26700, 32623, 68.25,20262026/09/21 11:01:13.378, 17, 26700, 32623, 68.52,20262026/09/21 11:01:14.378, 18, 26700, 32623, 66.78,20262026/09/21 11:01:15.378, 20, 26700, 32623, 70.11,20262026/09/21 11:01:16.378, 20, 26700, 32623, 67.23,20262026/09/21 11:01:17.378, 19, 26700, 32623, 67.54,20262026/09/21 11:01:18.379, 20, 26700, 32623, 67.72,20262026/09/21 11:01:19.379, 0, 26700, 32623, 61.29, 2022026/09/21 11:01:20.379, 91, 26700, 32623, 126.262026/2026/09/21 11:01:21.379, 90, 26700, 32623, 163.102026/2026/09/21 11:01:22.380, 75, 26700, 32623, 164.852026/2026/09/21 11:01:23.380, 90, 26700, 32623, 171.702026/2026/09/21 11:01:24.380, 90, 26700, 32623, 152.652026/2026/09/21 11:01:25.380, 90, 26700, 32623, 171.022026/2026/09/21 11:01:26.381, 90, 26700, 32623, 173.192026/2026/09/21 11:01:27.381, 87, 26700, 32623, 170.242026/2026/09/21 11:01:28.381, 91, 26700, 32623, 170.842026/2026/09/21 11:01:29.381, 90, 26700, 32623, 170.212026/2026/09/21 11:01:30.382, 90, 26700, 32623, 171.352026/2026/09/21 11:01:31.382, 87, 26700, 32623, 171.912026/2026/09/21 11:01:32.382, 79, 26700, 32623, 171.742026/2026/09/21 11:01:33.382, 90, 26700, 32623, 171.932026/2026/09/21 11:01:34.382, 75, 26700, 32623, 170.242026/2026/09/21 11:01:35.383, 88, 26700, 32623, 167.722026/2026/09/21 11:01:36.383, 91, 26700, 32623, 165.052026/2026/09/21 11:01:37.383, 90, 26700, 32623, 173.052026/2026/09/21 11:01:38.384, 86, 26700, 32623, 174.522026/2026/09/21 11:01:39.384, 91, 26700, 32623, 173.342026/2026/09/21 11:01:40.384, 90, 26700, 32623, 174.322026/2026/09/21 11:01:41.384, 79, 26700, 32623, 173.942026/2026/09/21 11:01:42.385, 89, 26700, 32623, 172.842026/2026/09/21 11:01:43.385, 91, 26700, 32623, 174.072026/2026/09/21 11:01:44.385, 85, 26700, 32623, 159.652026/2026/09/21 11:01:45.385, 90, 26700, 32623, 175.262026/2026/09/21 11:01:46.386, 90, 26700, 32623, 168.332026/2026/09/21 11:01:47.386, 89, 26700, 32623, 174.922026/2026/09/21 11:01:48.386, 81, 26700, 32623, 156.872026/2026/09/21 11:01:49.386, 90, 26700, 32623, 170.652026/2026/09/21 11:01:50.387, 81, 26700, 32623, 152.892026/2026/09/21 11:01:51.387, 89, 26700, 32623, 144.982026/2026/09/21 11:01:52.387, 31, 26700, 32623, 121.422026/2026/09/21 11:01:53.387, 29, 26700, 32623, 83.36,20262026/09/21 11:01:54.387, 18, 26700, 32623, 78.60,20262026/09/21 11:01:55.388, 18, 26700, 32623, 72.63,20262026/09/21 11:01:56.388, 21, 26700, 32623, 71.50,20262026/09/21 11:01:57.388, 19, 26700, 32623, 70.64,20262026/09/21 11:01:58.388, 11, 26700, 32623, 70.63,20262026/09/21 11:01:59.389, 18, 26700, 32623, 71.29,20262026/09/21 11:02:00.389, 12, 26700, 32623, 67.88,20262026/09/21 11:02:01.389, 19, 26700, 32623, 72.57,20262026/09/21 11:02:02.389, 23, 26700, 32623, 68.45,20262026/09/21 11:02:03.389, 3, 26700, 32623, 70.58, 2022026/09/21 11:02:04.390, 20, 26700, 32623, 67.88,20262026/09/21 11:02:05.390, 24, 26700, 32623, 70.95,20262026/09/21 11:02:06.390, 18, 26700, 32623, 69.54,20262026/09/21 11:02:07.390, 20, 26700, 32623, 71.30,20262026/09/21 11:02:08.391, 19, 26700, 32623, 68.53,20262026/09/21 11:02:09.391, 16, 26700, 32623, 69.30,20262026/09/21 11:02:10.391, 19, 26700, 32623, 69.51,20262026/09/21 11:02:11.391, 19, 26700, 32623, 69.81,20262026/09/21 11:02:12.391, 21, 26700, 32623, 72.26,20262026/09/21 11:02:13.392, 25, 26700, 32623, 74.38,20262026/09/21 11:02:14.392, 29, 26700, 32623, 80.64,20262026/09/21 11:02:15.392, 14, 26700, 32623, 76.98,20262026/09/21 11:02:16.392, 20, 26700, 32623, 70.92,20262026/09/21 11:02:17.392, 18, 26700, 32623, 70.20,20262026/09/21 11:02:18.393, 18, 26700, 32623, 70.24,20262026/09/21 11:02:19.393, 19, 26700, 32623, 69.81,20262026/09/21 11:02:20.393, 17, 26700, 32623, 69.64,20262026/09/21 11:02:21.393, 18, 26700, 32623, 69.80,20262026/09/21 11:02:22.394, 19, 26700, 32623, 70.20,20262026/09/21 11:02:23.394, 12, 26700, 32623, 69.20,20262026/09/21 11:02:24.394, 17, 26700, 32623, 69.52,20262026/09/21 11:02:25.394, 19, 26700, 32623, 70.38,20262026/09/21 11:02:26.394, 20, 26700, 32623, 70.30,20262026/09/21 11:02:27.395, 12, 26700, 32623, 68.90,20262026/09/21 11:02:28.395, 18, 26700, 32623, 69.18,20262026/09/21 11:02:29.395, 18, 26700, 32623, 68.85,20262026/09/21 11:02:30.395, 18, 26700, 32623, 70.31,20262026/09/21 11:02:31.395, 19, 26700, 32623, 70.03,20262026/09/21 11:02:32.396, 17, 26700, 32623, 69.80,20262026/09/21 11:02:33.396, 20, 26700, 32623, 70.49,20262026/09/21 11:02:34.396, 88, 26700, 32623, 91.69,20262026/09/21 11:02:35.396, 90, 26700, 32623, 162.122026/2026/09/21 11:02:36.396, 90, 26700, 32623, 164.272026/2026/09/21 11:02:37.397, 87, 26700, 32623, 173.312026/2026/09/21 11:02:38.397, 90, 26700, 32623, 173.992026/2026/09/21 11:02:39.397, 89, 26700, 32623, 173.332026/2026/09/21 11:02:40.398, 90, 26700, 32623, 174.372026/2026/09/21 11:02:41.398, 90, 26700, 32623, 171.942026/2026/09/21 11:02:42.398, 90, 26700, 32623, 168.112026/2026/09/21 11:02:43.398, 88, 26700, 32623, 174.032026/2026/09/21 11:02:44.399, 89, 26700, 32623, 165.972026/2026/09/21 11:02:45.399, 88, 26700, 32623, 174.152026/2026/09/21 11:02:46.399, 89, 26700, 32623, 167.342026/2026/09/21 11:02:47.399, 91, 26700, 32623, 173.402026/2026/09/21 11:02:48.400, 88, 26700, 32623, 169.722026/2026/09/21 11:02:49.400, 89, 26700, 32623, 176.852026/2026/09/21 11:02:50.400, 82, 26700, 32623, 169.102026/2026/09/21 11:02:51.400, 91, 26700, 32623, 175.842026/2026/09/21 11:02:52.401, 90, 26700, 32623, 175.482026/2026/09/21 11:02:53.401, 90, 26700, 32623, 172.812026/2026/09/21 11:02:54.401, 91, 26700, 32623, 175.392026/2026/09/21 11:02:55.401, 90, 26700, 32623, 175.042026/2026/09/21 11:02:56.402, 89, 26700, 32623, 175.552026/2026/09/21 11:02:57.402, 88, 26700, 32623, 174.792026/2026/09/21 11:02:58.402, 92, 26700, 32623, 176.582026/2026/09/21 11:02:59.402, 83, 26700, 32623, 171.522026/2026/09/21 11:03:00.402, 84, 26700, 32623, 172.472026/2026/09/21 11:03:01.403, 91, 26700, 32623, 173.822026/2026/09/21 11:03:02.403, 88, 26700, 32623, 158.482026/2026/09/21 11:03:03.403, 90, 26700, 32623, 175.472026/2026/09/21 11:03:04.403, 86, 26700, 32623, 155.362026/2026/09/21 11:03:05.403, 87, 26700, 32623, 144.252026/2026/09/21 11:03:06.404, 24, 26700, 32623, 122.312026/2026/09/21 11:03:07.404, 32, 26700, 32623, 82.64,20262026/09/21 11:03:08.404, 20, 26700, 32623, 80.00,20262026/09/21 11:03:09.404, 19, 26700, 32623, 75.21,20262026/09/21 11:03:10.425, 18, 26700, 32623, 73.16,20262026/09/21 11:03:11.426, 20, 26700, 32623, 72.04,20262026/09/21 11:03:12.426, 18, 26700, 32623, 73.21,20262026/09/21 11:03:13.426, 20, 26700, 32623, 73.10,20262026/09/21 11:03:14.426, 18, 26700, 32623, 69.91,20262026/09/21 11:03:15.426, 20, 26700, 32623, 71.98, 46
2026/09/21 11:03:16.427, 17, 26700, 32623, 71.85, 46
2026/09/21 11:03:17.427, 20, 26700, 32623, 71.70, 46
2026/09/21 11:03:18.427, 20, 26700, 32623, 68.50, 46
2026/09/21 11:03:19.428, 19, 26700, 32623, 71.90, 46
2026/09/21 11:03:20.428, 19, 26700, 32623, 71.53, 45
2026/09/21 11:03:21.428, 19, 26700, 32623, 71.79, 46
2026/09/21 11:03:22.429, 20, 26700, 32623, 71.95, 46
2026/09/21 11:03:23.429, 19, 26700, 32623, 71.26, 46
2026/09/21 11:03:24.429, 20, 26700, 32623, 71.66, 45
2026/09/21 11:03:25.429, 20, 26700, 32623, 72.37, 45
2026/09/21 11:03:26.430, 27, 26700, 32623, 74.20, 46
2026/09/21 11:03:27.430, 30, 26700, 32623, 81.10, 45
2026/09/21 11:03:28.430, 18, 26700, 32623, 76.27, 46
2026/09/21 11:03:29.430, 18, 26700, 32623, 67.08, 45
2026/09/21 11:03:30.431, 20, 26700, 32623, 70.40, 44
2026/09/21 11:03:31.431, 17, 26700, 32623, 69.57, 45
2026/09/21 11:03:32.431, 17, 26700, 32623, 70.32, 45
2026/09/21 11:03:33.431, 19, 26700, 32623, 70.88, 44
2026/09/21 11:03:34.432, 18, 26700, 32623, 70.49, 45
2026/09/21 11:03:35.432, 18, 26700, 32623, 70.85, 44
2026/09/21 11:03:36.432, 18, 26700, 32623, 69.93, 44
2026/09/21 11:03:37.433, 18, 26700, 32623, 70.75, 45
2026/09/21 11:03:38.433, 19, 26700, 32623, 70.47, 44
2026/09/21 11:03:39.433, 19, 26700, 32623, 69.39, 44
2026/09/21 11:03:40.433, 19, 26700, 32623, 68.52, 43
2026/09/21 11:03:41.434, 20, 26700, 32623, 70.28, 44
2026/09/21 11:03:42.434, 18, 26700, 32623, 70.50, 44
2026/09/21 11:03:43.434, 19, 26700, 32623, 70.05, 43
2026/09/21 11:03:44.435, 18, 26700, 32623, 70.40, 44
2026/09/21 11:03:45.435, 18, 26700, 32623, 69.56, 44
2026/09/21 11:03:46.435, 20, 26700, 32623, 70.85, 43
2026/09/21 11:03:47.436, 90, 26700, 32623, 90.94, 47
2026/09/21 11:03:48.436, 88, 26700, 32623, 158.86, 52
2026/09/21 11:03:49.437, 90, 26700, 32623, 162.30, 51
2026/09/21 11:03:50.437, 90, 26700, 32623, 173.20, 51
2026/09/21 11:03:51.437, 90, 26700, 32623, 173.82, 52
2026/09/21 11:03:52.437, 90, 26700, 32623, 173.47, 53
2026/09/21 11:03:53.438, 91, 26700, 32623, 175.63, 52
2026/09/21 11:03:54.438, 90, 26700, 32623, 173.82, 56
2026/09/21 11:03:55.438, 90, 26700, 32623, 173.55, 54
2026/09/21 11:03:56.439, 91, 26700, 32623, 174.90, 53
2026/09/21 11:03:57.439, 90, 26700, 32623, 167.05, 53
2026/09/21 11:03:58.439, 91, 26700, 32623, 174.33, 54
2026/09/21 11:03:59.440, 87, 26700, 32623, 166.83, 54
2026/09/21 11:04:00.440, 91, 26700, 32623, 175.75, 56
2026/09/21 11:04:01.440, 90, 26700, 32623, 165.12, 56
2026/09/21 11:04:02.441, 90, 26700, 32623, 175.85, 54
2026/09/21 11:04:03.441, 89, 26700, 32623, 164.63, 57
2026/09/21 11:04:04.441, 83, 26700, 32623, 175.45, 57
2026/09/21 11:04:05.447, 89, 26700, 32623, 171.62, 55
2026/09/21 11:04:06.448, 88, 26700, 32623, 174.28, 57
2026/09/21 11:04:07.448, 87, 26700, 32623, 174.762026/2026/09/21 11:04:08.448, 88, 26700, 32623, 175.802026/2026/09/21 11:04:09.448, 90, 26700, 32623, 175.402026/2026/09/21 11:04:10.448, 90, 26700, 32623, 175.482026/2026/09/21 11:04:11.449, 90, 26700, 32623, 170.582026/2026/09/21 11:04:12.449, 84, 26700, 32623, 174.612026/2026/09/21 11:04:13.449, 90, 26700, 32623, 175.202026/2026/09/21 11:04:14.449, 90, 26700, 32623, 176.252026/2026/09/21 11:04:15.450, 91, 26700, 32623, 160.422026/2026/09/21 11:04:16.450, 90, 26700, 32623, 176.482026/2026/09/21 11:04:17.450, 86, 26700, 32623, 154.032026/2026/09/21 11:04:18.450, 86, 26700, 32623, 150.342026/2026/09/21 11:04:19.451, 26, 26700, 32623, 113.862026/2026/09/21 11:04:20.451, 18, 26700, 32623, 83.81,20262026/09/21 11:04:21.451, 18, 26700, 32623, 78.97,20262026/09/21 11:04:22.451, 18, 26700, 32623, 73.75,20262026/09/21 11:04:23.452, 20, 26700, 32623, 72.52,20262026/09/21 11:04:24.452, 20, 26700, 32623, 73.07,20262026/09/21 11:04:25.452, 18, 26700, 32623, 72.83,20262026/09/21 11:04:26.452, 21, 26700, 32623, 72.57,20262026/09/21 11:04:27.453, 19, 26700, 32623, 72.57,20262026/09/21 11:04:28.453, 19, 26700, 32623, 72.13,20262026/09/21 11:04:29.453, 19, 26700, 32623, 72.07,20262026/09/21 11:04:30.453, 19, 26700, 32623, 71.93,20262026/09/21 11:04:31.453, 19, 26700, 32623, 71.87,20262026/09/21 11:04:32.454, 19, 26700, 32623, 71.67,20262026/09/21 11:04:33.454, 18, 26700, 32623, 71.80,20262026/09/21 11:04:34.454, 20, 26700, 32623, 71.51,20262026/09/21 11:04:35.454, 19, 26700, 32623, 71.49,20262026/09/21 11:04:36.455, 20, 26700, 32623, 70.42,20262026/09/21 11:04:37.455, 18, 26700, 32623, 71.64,20262026/09/21 11:04:38.455, 20, 26700, 32623, 72.00,20262026/09/21 11:04:39.455, 27, 26700, 32623, 77.22,20262026/09/21 11:04:40.456, 20, 26700, 32623, 82.17,20262026/09/21 11:04:41.456, 17, 26700, 32623, 71.35,20262026/09/21 11:04:42.456, 15, 26700, 32623, 68.63,20262026/09/21 11:04:43.456, 19, 26700, 32623, 70.38,20262026/09/21 11:04:44.457, 18, 26700, 32623, 70.34,20262026/09/21 11:04:45.457, 20, 26700, 32623, 69.97,20262026/09/21 11:04:46.457, 17, 26700, 32623, 69.85,20262026/09/21 11:04:47.457, 19, 26700, 32623, 69.60,20262026/09/21 11:04:48.458, 19, 26700, 32623, 70.18,20262026/09/21 11:04:49.458, 18, 26700, 32623, 70.68,20262026/09/21 11:04:50.458, 18, 26700, 32623, 70.31,20262026/09/21 11:04:51.458, 21, 26700, 32623, 71.05,20262026/09/21 11:04:52.459, 18, 26700, 32623, 70.32,20262026/09/21 11:04:53.459, 20, 26700, 32623, 69.82,20262026/09/21 11:04:54.459, 17, 26700, 32623, 69.51,20262026/09/21 11:04:55.459, 19, 26700, 32623, 70.59,20262026/09/21 11:04:56.460, 18, 26700, 32623, 70.46,20262026/09/21 11:04:57.460, 20, 26700, 32623, 70.48,20262026/09/21 11:04:58.460, 19, 26700, 32623, 67.89,20262026/09/21 11:04:59.460, 85, 26700, 32623, 82.81,20262026/09/21 11:05:00.461, 83, 26700, 32623, 160.612026/2026/09/21 11:05:01.461, 89, 26700, 32623, 164.222026/2026/09/21 11:05:02.461, 86, 26700, 32623, 175.222026/2026/09/21 11:05:03.461, 90, 26700, 32623, 174.302026/2026/09/21 11:05:04.461, 91, 26700, 32623, 175.922026/2026/09/21 11:05:05.462, 87, 26700, 32623, 173.112026/2026/09/21 11:05:06.462, 88, 26700, 32623, 171.922026/2026/09/21 11:05:07.462, 90, 26700, 32623, 174.012026/2026/09/21 11:05:08.462, 88, 26700, 32623, 171.002026/2026/09/21 11:05:09.463, 90, 26700, 32623, 165.762026/2026/09/21 11:05:10.463, 89, 26700, 32623, 171.962026/2026/09/21 11:05:11.463, 89, 26700, 32623, 167.622026/2026/09/21 11:05:12.463, 89, 26700, 32623, 173.702026/2026/09/21 11:05:13.465, 74, 26700, 32623, 169.642026/2026/09/21 11:05:14.465, 86, 26700, 32623, 173.212026/2026/09/21 11:05:15.466, 58, 26700, 32623, 167.532026/2026/09/21 11:05:16.466, 89, 26700, 32623, 171.492026/2026/09/21 11:05:17.466, 89, 26700, 32623, 176.552026/2026/09/21 11:05:18.466, 89, 26700, 32623, 170.882026/2026/09/21 11:05:19.467, 90, 26700, 32623, 175.922026/2026/09/21 11:05:20.467, 89, 26700, 32623, 175.632026/2026/09/21 11:05:21.467, 89, 26700, 32623, 177.042026/2026/09/21 11:05:22.467, 89, 26700, 32623, 173.992026/2026/09/21 11:05:23.468, 89, 26700, 32623, 176.862026/2026/09/21 11:05:24.468, 87, 26700, 32623, 175.382026/2026/09/21 11:05:25.468, 87, 26700, 32623, 175.992026/2026/09/21 11:05:26.468, 91, 26700, 32623, 174.842026/2026/09/21 11:05:27.469, 91, 26700, 32623, 174.842026/2026/09/21 11:05:28.469, 87, 26700, 32623, 174.872026/2026/09/21 11:05:29.469, 86, 26700, 32623, 169.052026/2026/09/21 11:05:30.469, 77, 26700, 32623, 150.292026/2026/09/21 11:05:31.470, 24, 26700, 32623, 112.432026/2026/09/21 11:05:32.470, 19, 26700, 32623, 83.83,20262026/09/21 11:05:33.470, 19, 26700, 32623, 78.87,20262026/09/21 11:05:34.470, 19, 26700, 32623, 72.51,20262026/09/21 11:05:35.470, 19, 26700, 32623, 72.73,20262026/09/21 11:05:36.471, 16, 26700, 32623, 72.26,20262026/09/21 11:05:37.471, 19, 26700, 32623, 72.76,20262026/09/21 11:05:38.471, 18, 26700, 32623, 72.14,20262026/09/21 11:05:39.471, 18, 26700, 32623, 72.08,20262026/09/21 11:05:40.472, 20, 26700, 32623, 71.93,20262026/09/21 11:05:41.472, 19, 26700, 32623, 72.35,20262026/09/21 11:05:42.472, 20, 26700, 32623, 72.39,20262026/09/21 11:05:43.472, 19, 26700, 32623, 71.43,20262026/09/21 11:05:44.473, 20, 26700, 32623, 71.97,20262026/09/21 11:05:45.473, 19, 26700, 32623, 71.84,20262026/09/21 11:05:46.473, 20, 26700, 32623, 72.04,20262026/09/21 11:05:47.473, 19, 26700, 32623, 71.79,20262026/09/21 11:05:48.473, 19, 26700, 32623, 71.99,20262026/09/21 11:05:49.474, 18, 26700, 32623, 71.48,20262026/09/21 11:05:50.474, 19, 26700, 32623, 72.19,20262026/09/21 11:05:51.474, 27, 26700, 32623, 75.37,20262026/09/21 11:05:52.474, 18, 26700, 32623, 82.46,20262026/09/21 11:05:53.475, 15, 26700, 32623, 75.66,20262026/09/21 11:05:54.475, 20, 26700, 32623, 69.71,20262026/09/21 11:05:55.475, 18, 26700, 32623, 70.62,20262026/09/21 11:05:56.475, 18, 26700, 32623, 70.57,20262026/09/21 11:05:57.476, 19, 26700, 32623, 70.67,20262026/09/21 11:05:58.476, 18, 26700, 32623, 68.74,20262026/09/21 11:05:59.476, 18, 26700, 32623, 70.21,20262026/09/21 11:06:00.476, 19, 26700, 32623, 70.43,20262026/09/21 11:06:01.476, 20, 26700, 32623, 70.41,20262026/09/21 11:06:02.477, 15, 26700, 32623, 69.38,20262026/09/21 11:06:03.477, 19, 26700, 32623, 70.22,20262026/09/21 11:06:04.477, 20, 26700, 32623, 70.59,20262026/09/21 11:06:05.477, 18, 26700, 32623, 70.75,20262026/09/21 11:06:06.478, 18, 26700, 32623, 70.51,20262026/09/21 11:06:07.478, 18, 26700, 32623, 70.08,20262026/09/21 11:06:08.478, 18, 26700, 32623, 70.24,20262026/09/21 11:06:09.478, 20, 26700, 32623, 70.43,20262026/09/21 11:06:10.478, 19, 26700, 32623, 70.16,20262026/09/21 11:06:11.479, 18, 26700, 32623, 70.07,20262026/09/21 11:06:12.479, 66, 26700, 32623, 117.192026/2026/09/21 11:06:13.479, 90, 26700, 32623, 159.892026/2026/09/21 11:06:14.479, 87, 26700, 32623, 168.282026/2026/09/21 11:06:15.480, 92, 26700, 32623, 171.872026/2026/09/21 11:06:16.480, 90, 26700, 32623, 173.602026/2026/09/21 11:06:17.480, 92, 26700, 32623, 171.972026/2026/09/21 11:06:18.480, 89, 26700, 32623, 172.842026/2026/09/21 11:06:19.481, 90, 26700, 32623, 173.642026/2026/09/21 11:06:20.481, 76, 26700, 32623, 164.582026/2026/09/21 11:06:21.481, 91, 26700, 32623, 172.882026/2026/09/21 11:06:22.481, 91, 26700, 32623, 166.822026/2026/09/21 11:06:23.481, 90, 26700, 32623, 167.922026/2026/09/21 11:06:24.482, 86, 26700, 32623, 167.192026/2026/09/21 11:06:25.482, 90, 26700, 32623, 174.812026/2026/09/21 11:06:26.482, 87, 26700, 32623, 167.042026/2026/09/21 11:06:27.482, 91, 26700, 32623, 175.472026/2026/09/21 11:06:28.483, 90, 26700, 32623, 167.562026/2026/09/21 11:06:29.483, 92, 26700, 32623, 173.652026/2026/09/21 11:06:30.484, 85, 26700, 32623, 173.762026/2026/09/21 11:06:31.486, 90, 26700, 32623, 174.912026/2026/09/21 11:06:32.486, 91, 26700, 32623, 172.522026/2026/09/21 11:06:33.486, 90, 26700, 32623, 175.132026/2026/09/21 11:06:34.486, 87, 26700, 32623, 175.822026/2026/09/21 11:06:35.486, 91, 26700, 32623, 174.762026/2026/09/21 11:06:36.487, 81, 26700, 32623, 174.732026/2026/09/21 11:06:37.487, 90, 26700, 32623, 175.102026/2026/09/21 11:06:38.487, 90, 26700, 32623, 173.312026/2026/09/21 11:06:39.487, 91, 26700, 32623, 174.782026/2026/09/21 11:06:40.488, 90, 26700, 32623, 172.702026/2026/09/21 11:06:41.488, 90, 26700, 32623, 174.792026/2026/09/21 11:06:42.488, 58, 26700, 32623, 156.832026/2026/09/21 11:06:43.488, 73, 26700, 32623, 144.562026/2026/09/21 11:06:44.488, 41, 26700, 32623, 99.34,20262026/09/21 11:06:45.489, 18, 26700, 32623, 80.89,20262026/09/21 11:06:46.489, 20, 26700, 32623, 77.56,20262026/09/21 11:06:47.489, 18, 26700, 32623, 72.65,20262026/09/21 11:06:48.489, 17, 26700, 32623, 71.41,20262026/09/21 11:06:49.490, 19, 26700, 32623, 72.49,20262026/09/21 11:06:50.490, 20, 26700, 32623, 71.90,20262026/09/21 11:06:51.490, 20, 26700, 32623, 72.35,20262026/09/21 11:06:52.490, 18, 26700, 32623, 72.92,20262026/09/21 11:06:53.490, 19, 26700, 32623, 72.46,20262026/09/21 11:06:54.491, 19, 26700, 32623, 72.14,20262026/09/21 11:06:55.491, 19, 26700, 32623, 70.89,20262026/09/21 11:06:56.491, 19, 26700, 32623, 71.91,20262026/09/21 11:06:57.491, 20, 26700, 32623, 71.94,20262026/09/21 11:06:58.491, 19, 26700, 32623, 71.79,20262026/09/21 11:06:59.492, 19, 26700, 32623, 71.60,20262026/09/21 11:07:00.492, 19, 26700, 32623, 71.85,20262026/09/21 11:07:01.493, 21, 26700, 32623, 71.46,20262026/09/21 11:07:02.493, 17, 26700, 32623, 70.73,20262026/09/21 11:07:03.493, 14, 26700, 32623, 69.57,20262026/09/21 11:07:04.493, 47, 26700, 32623, 78.70,20262026/09/21 11:07:05.493, 19, 26700, 32623, 79.95,20262026/09/21 11:07:06.494, 31, 26700, 32623, 74.12,20262026/09/21 11:07:07.494, 7, 26700, 32623, 70.55, 2022026/09/21 11:07:08.494, 17, 26700, 32623, 69.80,20262026/09/21 11:07:09.494, 31, 26700, 32623, 69.52,20262026/09/21 11:07:10.495, 18, 26700, 32623, 68.16,20262026/09/21 11:07:11.496, 19, 26700, 32623, 68.62,20262026/09/21 11:07:12.496, 18, 26700, 32623, 67.12,20262026/09/21 11:07:13.499, 21, 26700, 32623, 69.56,20262026/09/21 11:07:14.500, 17, 26700, 32623, 68.15,20262026/09/21 11:07:15.500, 19, 26700, 32623, 69.33,20262026/09/21 11:07:16.500, 18, 26700, 32623, 69.06,20262026/09/21 11:07:17.500, 18, 26700, 32623, 70.29,20262026/09/21 11:07:18.501, 19, 26700, 32623, 67.43,20262026/09/21 11:07:19.501, 19, 26700, 32623, 70.41,20262026/09/21 11:07:20.501, 17, 26700, 32623, 67.59,20262026/09/21 11:07:21.501, 18, 26700, 32623, 68.13,20262026/09/21 11:07:22.502, 21, 26700, 32623, 67.69,20262026/09/21 11:07:23.502, 18, 26700, 32623, 69.92,20262026/09/21 11:07:24.502, 15, 26700, 32623, 66.87,20262026/09/21 11:07:25.502, 0, 26700, 32623, 57.77, 2022026/09/21 11:07:26.502, 71, 26700, 32623, 143.712026/2026/09/21 11:07:27.503, 85, 26700, 32623, 159.712026/2026/09/21 11:07:28.503, 90, 26700, 32623, 170.242026/2026/09/21 11:07:29.503, 90, 26700, 32623, 173.502026/2026/09/21 11:07:30.503, 83, 26700, 32623, 154.822026/2026/09/21 11:07:31.504, 90, 26700, 32623, 172.672026/2026/09/21 11:07:32.504, 89, 26700, 32623, 173.102026/2026/09/21 11:07:33.504, 88, 26700, 32623, 171.042026/2026/09/21 11:07:34.504, 89, 26700, 32623, 174.442026/2026/09/21 11:07:35.504, 87, 26700, 32623, 171.982026/2026/09/21 11:07:36.505, 78, 26700, 32623, 170.292026/2026/09/21 11:07:37.505, 91, 26700, 32623, 173.392026/2026/09/21 11:07:38.505, 85, 26700, 32623, 173.202026/2026/09/21 11:07:39.505, 77, 26700, 32623, 171.352026/2026/09/21 11:07:40.505, 90, 26700, 32623, 173.832026/2026/09/21 11:07:41.506, 90, 26700, 32623, 172.292026/2026/09/21 11:07:42.506, 86, 26700, 32623, 166.152026/2026/09/21 11:07:43.506, 88, 26700, 32623, 175.562026/2026/09/21 11:07:44.506, 84, 26700, 32623, 173.402026/2026/09/21 11:07:45.507, 86, 26700, 32623, 174.072026/2026/09/21 11:07:46.507, 89, 26700, 32623, 174.522026/2026/09/21 11:07:47.507, 90, 26700, 32623, 175.942026/2026/09/21 11:07:48.507, 89, 26700, 32623, 175.812026/2026/09/21 11:07:49.507, 90, 26700, 32623, 175.972026/2026/09/21 11:07:50.508, 73, 26700, 32623, 158.072026/2026/09/21 11:07:51.508, 90, 26700, 32623, 175.642026/2026/09/21 11:07:52.508, 89, 26700, 32623, 173.872026/2026/09/21 11:07:53.511, 90, 26700, 32623, 172.352026/2026/09/21 11:07:54.511, 89, 26700, 32623, 159.962026/2026/09/21 11:07:55.512, 92, 26700, 32623, 175.132026/2026/09/21 11:07:56.512, 64, 26700, 32623, 144.712026/2026/09/21 11:07:57.512, 64, 26700, 32623, 136.722026/2026/09/21 11:07:58.512, 42, 26700, 32623, 96.23,20262026/09/21 11:07:59.513, 19, 26700, 32623, 84.14,20262026/09/21 11:08:00.513, 8, 26700, 32623, 72.68, 2022026/09/21 11:08:01.513, 19, 26700, 32623, 74.15,20262026/09/21 11:08:02.513, 27, 26700, 32623, 69.02,20262026/09/21 11:08:03.513, 4, 26700, 32623, 71.38, 2022026/09/21 11:08:04.514, 18, 26700, 32623, 72.31,20262026/09/21 11:08:05.514, 31, 26700, 32623, 70.61,20262026/09/21 11:08:06.514, 18, 26700, 32623, 72.08,20262026/09/21 11:08:07.514, 18, 26700, 32623, 70.91,20262026/09/21 11:08:08.515, 19, 26700, 32623, 69.41,20262026/09/21 11:08:09.515, 20, 26700, 32623, 71.75,20262026/09/21 11:08:10.515, 19, 26700, 32623, 68.32,20262026/09/21 11:08:11.515, 18, 26700, 32623, 70.97,20262026/09/21 11:08:12.515, 15, 26700, 32623, 68.53,20262026/09/21 11:08:13.516, 20, 26700, 32623, 70.59,20262026/09/21 11:08:14.516, 18, 26700, 32623, 68.61,20262026/09/21 11:08:15.516, 2, 26700, 32623, 67.21, 2022026/09/21 11:08:16.516, 21, 26700, 32623, 70.58,20262026/09/21 11:08:17.517, 19, 26700, 32623, 71.86,20262026/09/21 11:08:18.517, 20, 26700, 32623, 70.58,20262026/09/21 11:08:19.517, 33, 26700, 32623, 77.11,20262026/09/21 11:08:20.517, 18, 26700, 32623, 81.55,20262026/09/21 11:08:21.517, 10, 26700, 32623, 68.11,20262026/09/21 11:08:22.518, 20, 26700, 32623, 68.17,20262026/09/21 11:08:23.519, 17, 26700, 32623, 70.54,20262026/09/21 11:08:24.519, 19, 26700, 32623, 70.60,20262026/09/21 11:08:25.519, 17, 26700, 32623, 70.34,20262026/09/21 11:08:26.520, 19, 26700, 32623, 70.18,20262026/09/21 11:08:27.520, 20, 26700, 32623, 71.00,20262026/09/21 11:08:28.520, 17, 26700, 32623, 70.26,20262026/09/21 11:08:29.527, 19, 26700, 32623, 69.92,20262026/09/21 11:08:30.527, 20, 26700, 32623, 70.22,20262026/09/21 11:08:31.527, 17, 26700, 32623, 70.52,20262026/09/21 11:08:32.528, 18, 26700, 32623, 70.21,20262026/09/21 11:08:33.528, 19, 26700, 32623, 70.25,20262026/09/21 11:08:34.528, 16, 26700, 32623, 69.83,20262026/09/21 11:08:35.528, 18, 26700, 32623, 69.81,20262026/09/21 11:08:36.528, 19, 26700, 32623, 70.57,20262026/09/21 11:08:37.529, 18, 26700, 32623, 70.71,20262026/09/21 11:08:38.529, 20, 26700, 32623, 71.04,20262026/09/21 11:08:39.529, 18, 26700, 32623, 71.01,20262026/09/21 11:08:40.529, 89, 26700, 32623, 136.192026/2026/09/21 11:08:41.530, 90, 26700, 32623, 161.112026/2026/09/21 11:08:42.530, 90, 26700, 32623, 169.882026/2026/09/21 11:08:43.530, 91, 26700, 32623, 173.492026/2026/09/21 11:08:44.530, 65, 26700, 32623, 172.342026/2026/09/21 11:08:45.530, 90, 26700, 32623, 170.132026/2026/09/21 11:08:46.531, 89, 26700, 32623, 174.182026/2026/09/21 11:08:47.531, 84, 26700, 32623, 173.942026/2026/09/21 11:08:48.531, 78, 26700, 32623, 169.492026/2026/09/21 11:08:49.531, 86, 26700, 32623, 173.992026/2026/09/21 11:08:50.531, 88, 26700, 32623, 166.452026/2026/09/21 11:08:51.532, 90, 26700, 32623, 174.592026/2026/09/21 11:08:52.532, 90, 26700, 32623, 168.152026/2026/09/21 11:08:53.532, 91, 26700, 32623, 174.982026/2026/09/21 11:08:54.532, 90, 26700, 32623, 166.472026/2026/09/21 11:08:55.533, 90, 26700, 32623, 173.542026/2026/09/21 11:08:56.533, 85, 26700, 32623, 167.272026/2026/09/21 11:08:57.533, 91, 26700, 32623, 175.122026/2026/09/21 11:08:58.533, 90, 26700, 32623, 173.262026/2026/09/21 11:08:59.533, 91, 26700, 32623, 173.762026/2026/09/21 11:09:00.534, 74, 26700, 32623, 173.302026/2026/09/21 11:09:01.534, 91, 26700, 32623, 172.612026/2026/09/21 11:09:02.534, 77, 26700, 32623, 171.792026/2026/09/21 11:09:03.534, 90, 26700, 32623, 175.892026/2026/09/21 11:09:04.535, 90, 26700, 32623, 175.422026/2026/09/21 11:09:05.535, 89, 26700, 32623, 173.132026/2026/09/21 11:09:06.535, 73, 26700, 32623, 171.282026/2026/09/21 11:09:07.535, 90, 26700, 32623, 173.412026/2026/09/21 11:09:08.535, 92, 26700, 32623, 159.542026/2026/09/21 11:09:09.536, 89, 26700, 32623, 174.182026/2026/09/21 11:09:10.536, 77, 26700, 32623, 144.072026/2026/09/21 11:09:11.536, 66, 26700, 32623, 136.602026/2026/09/21 11:09:12.536, 47, 26700, 32623, 95.18,20262026/09/21 11:09:13.537, 18, 26700, 32623, 83.34,20262026/09/21 11:09:14.537, 17, 26700, 32623, 78.42,20262026/09/21 11:09:15.537, 19, 26700, 32623, 72.85,20262026/09/21 11:09:16.537, 20, 26700, 32623, 72.80,20262026/09/21 11:09:17.538, 21, 26700, 32623, 72.86,20262026/09/21 11:09:18.538, 21, 26700, 32623, 71.88,20262026/09/21 11:09:19.538, 19, 26700, 32623, 72.50,20262026/09/21 11:09:20.538, 20, 26700, 32623, 72.49,20262026/09/21 11:09:21.539, 19, 26700, 32623, 72.33,20262026/09/21 11:09:22.539, 19, 26700, 32623, 72.28,20262026/09/21 11:09:23.539, 18, 26700, 32623, 70.70,20262026/09/21 11:09:24.539, 19, 26700, 32623, 71.63,20262026/09/21 11:09:25.539, 19, 26700, 32623, 71.60,20262026/09/21 11:09:26.541, 11, 26700, 32623, 69.91,20262026/09/21 11:09:27.541, 19, 26700, 32623, 71.44,20262026/09/21 11:09:28.542, 19, 26700, 32623, 71.58,20262026/09/21 11:09:29.542, 18, 26700, 32623, 71.67,20262026/09/21 11:09:30.542, 19, 26700, 32623, 71.40,20262026/09/21 11:09:31.542, 19, 26700, 32623, 70.80,20262026/09/21 11:09:32.543, 29, 26700, 32623, 74.52,20262026/09/21 11:09:33.543, 30, 26700, 32623, 81.61,20262026/09/21 11:09:34.543, 11, 26700, 32623, 77.24,20262026/09/21 11:09:35.543, 18, 26700, 32623, 69.99,20262026/09/21 11:09:36.543, 17, 26700, 32623, 70.54,20262026/09/21 11:09:37.544, 20, 26700, 32623, 71.01,20262026/09/21 11:09:38.544, 17, 26700, 32623, 70.02,20262026/09/21 11:09:39.544, 18, 26700, 32623, 70.22,20262026/09/21 11:09:40.544, 17, 26700, 32623, 70.60,20262026/09/21 11:09:41.545, 20, 26700, 32623, 70.03,20262026/09/21 11:09:42.545, 18, 26700, 32623, 70.66,20262026/09/21 11:09:43.545, 19, 26700, 32623, 68.90,20262026/09/21 11:09:44.545, 19, 26700, 32623, 71.42,20262026/09/21 11:09:45.546, 18, 26700, 32623, 70.41,20262026/09/21 11:09:46.546, 17, 26700, 32623, 70.51,20262026/09/21 11:09:47.546, 18, 26700, 32623, 71.27,20262026/09/21 11:09:48.546, 14, 26700, 32623, 69.98,20262026/09/21 11:09:49.547, 20, 26700, 32623, 70.23,20262026/09/21 11:09:50.547, 19, 26700, 32623, 70.37,20262026/09/21 11:09:51.547, 19, 26700, 32623, 71.04,20262026/09/21 11:09:52.547, 16, 26700, 32623, 70.40,20262026/09/21 11:09:53.547, 74, 26700, 32623, 142.952026/2026/09/21 11:09:54.548, 88, 26700, 32623, 162.462026/2026/09/21 11:09:55.548, 91, 26700, 32623, 166.992026/2026/09/21 11:09:56.548, 83, 26700, 32623, 171.862026/2026/09/21 11:09:57.548, 82, 26700, 32623, 172.472026/2026/09/21 11:09:58.549, 88, 26700, 32623, 173.492026/2026/09/21 11:09:59.549, 90, 26700, 32623, 175.022026/2026/09/21 11:10:00.549, 82, 26700, 32623, 169.272026/2026/09/21 11:10:01.549, 90, 26700, 32623, 171.962026/2026/09/21 11:10:02.550, 80, 26700, 32623, 173.792026/2026/09/21 11:10:03.550, 77, 26700, 32623, 164.132026/2026/09/21 11:10:04.550, 90, 26700, 32623, 172.982026/2026/09/21 11:10:05.550, 73, 26700, 32623, 163.782026/2026/09/21 11:10:06.550, 84, 26700, 32623, 174.462026/2026/09/21 11:10:07.551, 86, 26700, 32623, 166.412026/2026/09/21 11:10:08.551, 84, 26700, 32623, 174.432026/2026/09/21 11:10:09.551, 90, 26700, 32623, 166.882026/2026/09/21 11:10:10.551, 83, 26700, 32623, 173.082026/2026/09/21 11:10:11.552, 90, 26700, 32623, 175.652026/2026/09/21 11:10:12.557, 83, 26700, 32623, 172.812026/2026/09/21 11:10:13.557, 90, 26700, 32623, 175.322026/2026/09/21 11:10:14.557, 83, 26700, 32623, 174.452026/2026/09/21 11:10:15.557, 87, 26700, 32623, 172.172026/2026/09/21 11:10:16.558, 86, 26700, 32623, 174.462026/2026/09/21 11:10:17.558, 90, 26700, 32623, 176.892026/2026/09/21 11:10:18.558, 80, 26700, 32623, 172.782026/2026/09/21 11:10:19.559, 90, 26700, 32623, 176.402026/2026/09/21 11:10:20.559, 81, 26700, 32623, 172.412026/2026/09/21 11:10:21.559, 90, 26700, 32623, 159.072026/2026/09/21 11:10:22.559, 90, 26700, 32623, 171.532026/2026/09/21 11:10:23.559, 60, 26700, 32623, 145.922026/2026/09/21 11:10:24.560, 62, 26700, 32623, 144.762026/2026/09/21 11:10:25.560, 34, 26700, 32623, 93.30,20262026/09/21 11:10:26.560, 19, 26700, 32623, 80.26,20262026/09/21 11:10:27.560, 19, 26700, 32623, 77.60,20262026/09/21 11:10:28.561, 19, 26700, 32623, 73.78,20262026/09/21 11:10:29.561, 18, 26700, 32623, 72.53,20262026/09/21 11:10:30.561, 21, 26700, 32623, 73.18,20262026/09/21 11:10:31.561, 19, 26700, 32623, 72.90,20262026/09/21 11:10:32.562, 17, 26700, 32623, 72.67,20262026/09/21 11:10:33.562, 20, 26700, 32623, 72.11,20262026/09/21 11:10:34.562, 19, 26700, 32623, 72.68,20262026/09/21 11:10:35.562, 21, 26700, 32623, 72.09,20262026/09/21 11:10:36.563, 17, 26700, 32623, 71.20,20262026/09/21 11:10:37.563, 19, 26700, 32623, 71.67,20262026/09/21 11:10:38.563, 20, 26700, 32623, 72.25,20262026/09/21 11:10:39.563, 1, 26700, 32623, 69.07, 2022026/09/21 11:10:40.564, 19, 26700, 32623, 69.85,20262026/09/21 11:10:41.564, 20, 26700, 32623, 72.21,20262026/09/21 11:10:42.564, 20, 26700, 32623, 72.60,20262026/09/21 11:10:43.564, 17, 26700, 32623, 72.20,20262026/09/21 11:10:44.565, 31, 26700, 32623, 71.20,20262026/09/21 11:10:45.565, 27, 26700, 32623, 82.92,20262026/09/21 11:10:46.565, 19, 26700, 32623, 77.87,20262026/09/21 11:10:47.565, 19, 26700, 32623, 69.06,20262026/09/21 11:10:48.565, 17, 26700, 32623, 70.19,20262026/09/21 11:10:49.566, 19, 26700, 32623, 71.06,20262026/09/21 11:10:50.625, 17, 26700, 32623, 70.18,20262026/09/21 11:10:51.626, 18, 26700, 32623, 70.37,20262026/09/21 11:10:52.626, 18, 26700, 32623, 69.89,20262026/09/21 11:10:53.626, 20, 26700, 32623, 69.18,20262026/09/21 11:10:54.626, 18, 26700, 32623, 70.45,20262026/09/21 11:10:55.627, 18, 26700, 32623, 70.34,20262026/09/21 11:10:56.627, 20, 26700, 32623, 70.57,20262026/09/21 11:10:57.627, 15, 26700, 32623, 70.26,20262026/09/21 11:10:58.627, 19, 26700, 32623, 70.78,20262026/09/21 11:10:59.628, 20, 26700, 32623, 70.61,20262026/09/21 11:11:00.628, 19, 26700, 32623, 70.12,20262026/09/21 11:11:01.628, 4, 26700, 32623, 66.32, 2022026/09/21 11:11:02.628, 18, 26700, 32623, 71.39,20262026/09/21 11:11:03.628, 18, 26700, 32623, 70.49,20262026/09/21 11:11:04.629, 19, 26700, 32623, 70.27,20262026/09/21 11:11:05.629, 20, 26700, 32623, 68.84,20262026/09/21 11:11:06.629, 75, 26700, 32623, 137.012026/2026/09/21 11:11:07.629, 89, 26700, 32623, 160.992026/2026/09/21 11:11:08.630, 88, 26700, 32623, 168.462026/2026/09/21 11:11:09.630, 90, 26700, 32623, 173.282026/2026/09/21 11:11:10.630, 87, 26700, 32623, 171.422026/2026/09/21 11:11:11.630, 90, 26700, 32623, 171.622026/2026/09/21 11:11:12.631, 77, 26700, 32623, 170.522026/2026/09/21 11:11:13.631, 89, 26700, 32623, 172.772026/2026/09/21 11:11:14.631, 89, 26700, 32623, 172.352026/2026/09/21 11:11:15.631, 90, 26700, 32623, 172.612026/2026/09/21 11:11:16.631, 90, 26700, 32623, 167.762026/2026/09/21 11:11:17.632, 91, 26700, 32623, 174.272026/2026/09/21 11:11:18.632, 77, 26700, 32623, 167.402026/2026/09/21 11:11:19.632, 90, 26700, 32623, 173.202026/2026/09/21 11:11:20.632, 89, 26700, 32623, 167.802026/2026/09/21 11:11:21.633, 90, 26700, 32623, 174.332026/2026/09/21 11:11:22.633, 91, 26700, 32623, 168.012026/2026/09/21 11:11:23.633, 89, 26700, 32623, 174.102026/2026/09/21 11:11:24.633, 83, 26700, 32623, 174.002026/2026/09/21 11:11:25.633, 86, 26700, 32623, 168.842026/2026/09/21 11:11:26.634, 90, 26700, 32623, 174.322026/2026/09/21 11:11:27.634, 84, 26700, 32623, 173.462026/2026/09/21 11:11:28.634, 90, 26700, 32623, 175.302026/2026/09/21 11:11:29.634, 91, 26700, 32623, 176.032026/2026/09/21 11:11:30.635, 78, 26700, 32623, 173.382026/2026/09/21 11:11:31.635, 90, 26700, 32623, 173.162026/2026/09/21 11:11:32.635, 78, 26700, 32623, 173.162026/2026/09/21 11:11:33.636, 90, 26700, 32623, 174.782026/2026/09/21 11:11:34.636, 90, 26700, 32623, 171.162026/2026/09/21 11:11:35.636, 90, 26700, 32623, 173.362026/2026/09/21 11:11:36.636, 67, 26700, 32623, 139.532026/2026/09/21 11:11:37.637, 57, 26700, 32623, 142.842026/2026/09/21 11:11:38.637, 30, 26700, 32623, 86.14,20262026/09/21 11:11:39.637, 19, 26700, 32623, 79.78,20262026/09/21 11:11:40.637, 20, 26700, 32623, 77.45,20262026/09/21 11:11:41.638, 17, 26700, 32623, 71.94,20262026/09/21 11:11:42.638, 18, 26700, 32623, 71.77,20262026/09/21 11:11:43.638, 20, 26700, 32623, 73.08,20262026/09/21 11:11:44.638, 21, 26700, 32623, 73.22,20262026/09/21 11:11:45.638, 19, 26700, 32623, 72.06,20262026/09/21 11:11:46.639, 20, 26700, 32623, 72.33,20262026/09/21 11:11:47.639, 21, 26700, 32623, 73.08,20262026/09/21 11:11:48.639, 20, 26700, 32623, 71.45,20262026/09/21 11:11:49.639, 21, 26700, 32623, 72.51,20262026/09/21 11:11:50.640, 18, 26700, 32623, 71.73,20262026/09/21 11:11:51.640, 19, 26700, 32623, 71.59,20262026/09/21 11:11:52.640, 20, 26700, 32623, 72.56,20262026/09/21 11:11:53.640, 20, 26700, 32623, 72.32,20262026/09/21 11:11:54.641, 20, 26700, 32623, 72.34,20262026/09/21 11:11:55.641, 17, 26700, 32623, 70.53,20262026/09/21 11:11:56.641, 20, 26700, 32623, 71.67,20262026/09/21 11:11:57.641, 50, 26700, 32623, 73.61,20262026/09/21 11:11:58.641, 30, 26700, 32623, 80.65,20262026/09/21 11:11:59.642, 18, 26700, 32623, 75.93,20262026/09/21 11:12:00.642, 13, 26700, 32623, 66.13,20262026/09/21 11:12:01.642, 20, 26700, 32623, 69.68,20262026/09/21 11:12:02.642, 18, 26700, 32623, 70.46,20262026/09/21 11:12:03.643, 17, 26700, 32623, 69.77,20262026/09/21 11:12:04.643, 17, 26700, 32623, 69.74,20262026/09/21 11:12:05.643, 19, 26700, 32623, 69.88,20262026/09/21 11:12:06.643, 17, 26700, 32623, 69.82,20262026/09/21 11:12:07.643, 17, 26700, 32623, 69.56,20262026/09/21 11:12:08.644, 19, 26700, 32623, 69.32,20262026/09/21 11:12:09.644, 19, 26700, 32623, 67.49,20262026/09/21 11:12:10.644, 17, 26700, 32623, 69.05,20262026/09/21 11:12:11.644, 17, 26700, 32623, 69.76,20262026/09/21 11:12:12.645, 19, 26700, 32623, 69.91,20262026/09/21 11:12:13.645, 18, 26700, 32623, 69.96,20262026/09/21 11:12:14.645, 17, 26700, 32623, 69.48,20262026/09/21 11:12:15.645, 19, 26700, 32623, 68.45,20262026/09/21 11:12:16.646, 15, 26700, 32623, 69.65,20262026/09/21 11:12:17.646, 18, 26700, 32623, 70.38,20262026/09/21 11:12:18.646, 67, 26700, 32623, 77.40,20262026/09/21 11:12:19.646, 75, 26700, 32623, 152.76, 50
2026/09/21 11:12:20.648, 68, 26700, 32623, 153.53, 47
2026/09/21 11:12:21.648, 89, 26700, 32623, 168.46, 53
2026/09/21 11:12:22.649, 84, 26700, 32623, 171.51, 51
2026/09/21 11:12:23.649, 79, 26700, 32623, 173.53, 51
2026/09/21 11:12:24.649, 84, 26700, 32623, 172.66, 55
2026/09/21 11:12:25.649, 89, 26700, 32623, 173.82, 54
2026/09/21 11:12:26.650, 88, 26700, 32623, 171.88, 54
2026/09/21 11:12:27.650, 90, 26700, 32623, 173.49, 55
2026/09/21 11:12:28.650, 70, 26700, 32623, 170.91, 53
2026/09/21 11:12:29.651, 76, 26700, 32623, 165.57, 56
2026/09/21 11:12:30.651, 85, 26700, 32623, 170.07, 51
2026/09/21 11:12:31.651, 88, 26700, 32623, 164.90, 53
2026/09/21 11:12:32.652, 83, 26700, 32623, 172.71, 56
2026/09/21 11:12:33.652, 90, 26700, 32623, 166.49, 54
2026/09/21 11:12:34.652, 85, 26700, 32623, 174.45, 55
2026/09/21 11:12:35.652, 89, 26700, 32623, 164.14, 54
2026/09/21 11:12:36.653, 87, 26700, 32623, 172.04, 55
2026/09/21 11:12:37.653, 91, 26700, 32623, 174.85, 55
2026/09/21 11:12:38.653, 79, 26700, 32623, 172.53, 57
2026/09/21 11:12:39.654, 84, 26700, 32623, 174.38, 56
2026/09/21 11:12:40.654, 82, 26700, 32623, 171.69, 54
2026/09/21 11:12:41.654, 84, 26700, 32623, 174.12, 57
2026/09/21 11:12:42.654, 71, 26700, 32623, 171.06, 57
2026/09/21 11:12:43.655, 82, 26700, 32623, 171.36, 57
2026/09/21 11:12:44.655, 89, 26700, 32623, 175.87, 57
2026/09/21 11:12:45.655, 90, 26700, 32623, 174.78, 57
2026/09/21 11:12:46.656, 90, 26700, 32623, 176.21, 57
2026/09/21 11:12:47.656, 87, 26700, 32623, 171.15, 57
2026/09/21 11:12:48.656, 86, 26700, 32623, 175.12, 56
2026/09/21 11:12:49.657, 65, 26700, 32623, 148.15, 55
2026/09/21 11:12:50.657, 57, 26700, 32623, 139.872026/2026/09/21 11:12:51.657, 23, 26700, 32623, 82.75,20262026/09/21 11:12:52.657, 22, 26700, 32623, 80.89, 48
2026/09/21 11:12:53.658, 19, 26700, 32623, 76.21, 48
2026/09/21 11:12:54.658, 16, 26700, 32623, 71.69, 47
2026/09/21 11:12:55.658, 18, 26700, 32623, 72.64, 47
2026/09/21 11:12:56.658, 21, 26700, 32623, 72.60, 47
2026/09/21 11:12:57.659, 18, 26700, 32623, 72.93, 47
2026/09/21 11:12:58.659, 19, 26700, 32623, 72.41, 47
2026/09/21 11:12:59.659, 9, 26700, 32623, 69.82, 46
2026/09/21 11:13:00.660, 13, 26700, 32623, 62.83, 45
2026/09/21 11:13:01.660, 14, 26700, 32623, 62.45, 46
2026/09/21 11:13:02.660, 11, 26700, 32623, 61.64, 45
2026/09/21 11:13:03.660, 12, 26700, 32623, 64.20, 45
2026/09/21 11:13:04.661, 13, 26700, 32623, 60.33, 44
2026/09/21 11:13:05.661, 10, 26700, 32623, 60.39, 44
2026/09/21 11:13:06.661, 16, 26700, 32623, 60.16, 44
2026/09/21 11:13:07.662, 18, 26700, 32623, 68.92, 44
2026/09/21 11:13:08.662, 20, 26700, 32623, 70.92, 45
2026/09/21 11:13:09.662, 17, 26700, 32623, 71.51, 44
2026/09/21 11:13:10.662, 18, 26700, 32623, 70.78, 44
2026/09/21 11:13:11.663, 18, 26700, 32623, 70.17, 44
2026/09/21 11:13:12.663, 16, 26700, 32623, 70.27, 44
2026/09/21 11:13:13.663, 27, 26700, 32623, 75.71, 45
2026/09/21 11:13:14.663, 30, 26700, 32623, 80.22, 44
2026/09/21 11:13:15.663, 18, 26700, 32623, 72.85, 44
2026/09/21 11:13:16.664, 13, 26700, 32623, 67.85, 44
2026/09/21 11:13:17.664, 14, 26700, 32623, 68.57, 44
2026/09/21 11:13:18.664, 20, 26700, 32623, 68.78, 43
2026/09/21 11:13:19.664, 16, 26700, 32623, 70.57, 44
2026/09/21 11:13:20.665, 18, 26700, 32623, 71.00, 43
2026/09/21 11:13:21.665, 18, 26700, 32623, 70.66, 44
2026/09/21 11:13:22.665, 13, 26700, 32623, 67.96, 43
2026/09/21 11:13:23.666, 20, 26700, 32623, 68.96, 43
2026/09/21 11:13:24.666, 16, 26700, 32623, 69.97, 44
2026/09/21 11:13:25.666, 19, 26700, 32623, 69.78, 43
2026/09/21 11:13:26.666, 20, 26700, 32623, 70.17, 43
2026/09/21 11:13:27.667, 18, 26700, 32623, 70.99, 43
2026/09/21 11:13:28.667, 19, 26700, 32623, 70.25, 43
2026/09/21 11:13:29.667, 18, 26700, 32623, 70.49, 43
2026/09/21 11:13:30.668, 19, 26700, 32623, 69.93, 43
2026/09/21 11:13:31.668, 17, 26700, 32623, 70.04, 43
2026/09/21 11:13:32.668, 19, 26700, 32623, 71.11, 43
2026/09/21 11:13:33.669, 18, 26700, 32623, 70.21, 42
2026/09/21 11:13:34.670, 89, 26700, 32623, 128.91, 50
2026/09/21 11:13:35.670, 92, 26700, 32623, 164.35, 50
2026/09/21 11:13:36.670, 77, 26700, 32623, 169.72, 51
2026/09/21 11:13:37.670, 92, 26700, 32623, 172.38, 52
2026/09/21 11:13:38.671, 88, 26700, 32623, 171.68, 53
2026/09/21 11:13:39.672, 90, 26700, 32623, 171.37, 53
2026/09/21 11:13:40.672, 89, 26700, 32623, 156.32, 53
2026/09/21 11:13:41.672, 90, 26700, 32623, 173.79, 54
2026/09/21 11:13:42.673, 78, 26700, 32623, 171.91, 53
2026/09/21 11:13:43.673, 91, 26700, 32623, 169.94, 54
2026/09/21 11:13:44.673, 85, 26700, 32623, 172.97, 54
2026/09/21 11:13:45.673, 90, 26700, 32623, 172.34, 56
2026/09/21 11:13:46.673, 92, 26700, 32623, 167.73, 53
2026/09/21 11:13:47.674, 86, 26700, 32623, 172.76, 53
2026/09/21 11:13:48.674, 85, 26700, 32623, 167.67, 55
2026/09/21 11:13:49.674, 75, 26700, 32623, 156.15, 52
2026/09/21 11:13:50.674, 24, 26700, 32623, 105.64, 48
2026/09/21 11:13:51.675, 30, 26700, 32623, 74.62, 47
2026/09/21 11:13:52.675, 3, 26700, 32623, 67.30, 47
2026/09/21 11:13:53.675, 32, 26700, 32623, 83.45, 47
2026/09/21 11:13:54.675, 19, 26700, 32623, 76.72, 46
2026/09/21 11:13:55.676, 21, 26700, 32623, 76.61, 45
2026/09/21 11:13:56.676, 19, 26700, 32623, 72.38, 45
2026/09/21 11:13:57.676, 19, 26700, 32623, 72.13, 46
2026/09/21 11:13:58.676, 20, 26700, 32623, 72.50, 45
2026/09/21 11:13:59.676, 18, 26700, 32623, 70.76, 45
2026/09/21 11:14:00.677, 19, 26700, 32623, 72.06, 44
2026/09/21 11:14:01.677, 19, 26700, 32623, 71.06, 44
2026/09/21 11:14:02.677, 18, 26700, 32623, 71.37, 44
2026/09/21 11:14:03.677, 21, 26700, 32623, 71.68, 44
2026/09/21 11:14:04.677, 18, 26700, 32623, 71.31, 44
2026/09/21 11:14:05.678, 20, 26700, 32623, 70.72, 44
2026/09/21 11:14:06.678, 19, 26700, 32623, 70.51, 44
2026/09/21 11:14:07.678, 17, 26700, 32623, 70.93, 44
2026/09/21 11:14:08.678, 20, 26700, 32623, 70.75, 43
2026/09/21 11:14:09.679, 19, 26700, 32623, 71.35, 44
2026/09/21 11:14:10.679, 19, 26700, 32623, 71.02, 43
2026/09/21 11:14:11.679, 19, 26700, 32623, 70.67, 44
2026/09/21 11:14:12.679, 19, 26700, 32623, 70.83, 43
2026/09/21 11:14:13.679, 52, 26700, 32623, 79.36, 44
2026/09/21 11:14:14.680, 20, 26700, 32623, 78.74, 44
2026/09/21 11:14:15.680, 16, 26700, 32623, 73.35, 44
2026/09/21 11:14:16.680, 14, 26700, 32623, 68.68, 43
2026/09/21 11:14:17.680, 17, 26700, 32623, 69.16, 43
2026/09/21 11:14:18.680, 10, 26700, 32623, 68.75, 44
2026/09/21 11:14:19.681, 19, 26700, 32623, 69.66, 43
2026/09/21 11:14:20.681, 17, 26700, 32623, 69.42, 43
2026/09/21 11:14:21.681, 20, 26700, 32623, 70.43, 43
2026/09/21 11:14:22.681, 19, 26700, 32623, 69.67, 42
2026/09/21 11:14:23.682, 19, 26700, 32623, 70.05, 43
2026/09/21 11:14:24.682, 16, 26700, 32623, 69.90, 42
2026/09/21 11:14:25.682, 17, 26700, 32623, 70.37, 43
2026/09/21 11:14:26.682, 19, 26700, 32623, 70.29, 42
2026/09/21 11:14:27.682, 17, 26700, 32623, 70.89, 43
2026/09/21 11:14:28.683, 21, 26700, 32623, 70.89, 42
2026/09/21 11:14:29.683, 17, 26700, 32623, 70.47, 43
2026/09/21 11:14:30.683, 19, 26700, 32623, 70.35, 43
2026/09/21 11:14:31.683, 19, 26700, 32623, 70.67, 42
2026/09/21 11:14:32.683, 17, 26700, 32623, 69.63, 42
2026/09/21 11:14:33.684, 30, 26700, 32623, 72.54, 43
2026/09/21 11:14:34.684, 29, 26700, 32623, 78.03, 43
2026/09/21 11:14:35.725, 18, 26700, 32623, 76.46, 41
2026/09/21 11:14:36.726, 18, 26700, 32623, 68.37, 42
2026/09/21 11:14:37.726, 20, 26700, 32623, 70.80, 42
2026/09/21 11:14:38.726, 18, 26700, 32623, 69.07, 42
2026/09/21 11:14:39.726, 20, 26700, 32623, 70.76, 42
2026/09/21 11:14:40.727, 17, 26700, 32623, 69.92, 43
2026/09/21 11:14:41.727, 20, 26700, 32623, 69.05, 41
2026/09/21 11:14:42.727, 16, 26700, 32623, 69.45, 42
2026/09/21 11:14:43.727, 20, 26700, 32623, 69.96, 41
2026/09/21 11:14:44.728, 18, 26700, 32623, 70.46, 42
2026/09/21 11:14:45.728, 19, 26700, 32623, 70.27, 41
2026/09/21 11:14:46.728, 20, 26700, 32623, 70.97, 41
2026/09/21 11:14:47.728, 17, 26700, 32623, 69.60, 42
2026/09/21 11:14:48.729, 18, 26700, 32623, 69.69, 41
2026/09/21 11:14:49.729, 17, 26700, 32623, 70.11, 42
2026/09/21 11:14:50.729, 18, 26700, 32623, 69.49, 41
2026/09/21 11:14:51.729, 19, 26700, 32623, 69.50, 42
2026/09/21 11:14:52.729, 19, 26700, 32623, 70.52, 41
2026/09/21 11:14:53.730, 18, 26700, 32623, 69.41, 41
2026/09/21 11:14:54.730, 47, 26700, 32623, 78.52, 42
2026/09/21 11:14:55.730, 21, 26700, 32623, 76.95, 42
2026/09/21 11:14:56.730, 18, 26700, 32623, 69.69, 41
2026/09/21 11:14:57.731, 19, 26700, 32623, 69.90, 41
2026/09/21 11:14:58.731, 18, 26700, 32623, 70.32, 42
2026/09/21 11:14:59.731, 18, 26700, 32623, 69.87, 41
2026/09/21 11:15:00.731, 17, 26700, 32623, 70.08, 42
2026/09/21 11:15:01.732, 17, 26700, 32623, 69.62, 41
2026/09/21 11:15:02.733, 17, 26725, 32623, 69.59, 42
2026/09/21 11:15:03.733, 20, 26700, 32623, 70.11, 41
2026/09/21 11:15:04.734, 18, 26700, 32623, 70.02, 41
2026/09/21 11:15:05.734, 17, 26700, 32623, 70.12, 42
2026/09/21 11:15:06.734, 20, 26700, 32623, 70.71, 41
2026/09/21 11:15:07.734, 19, 26700, 32623, 70.06, 41
2026/09/21 11:15:08.735, 17, 26700, 32623, 68.07, 41
2026/09/21 11:15:09.735, 19, 26700, 32623, 70.39, 41
2026/09/21 11:15:10.735, 20, 26700, 32623, 69.76, 41
2026/09/21 11:15:11.736, 18, 26700, 32623, 69.59, 41
2026/09/21 11:15:12.736, 19, 26700, 32623, 69.95, 41
2026/09/21 11:15:13.736, 19, 26700, 32623, 70.13, 41
2026/09/21 11:15:14.737, 27, 26700, 32623, 72.04, 41
2026/09/21 11:15:15.737, 30, 26702, 32623, 76.06, 41
2026/09/21 11:15:16.737, 18, 26702, 32623, 76.33, 41
2026/09/21 11:15:17.737, 21, 26702, 32623, 69.78, 41
2026/09/21 11:15:18.738, 16, 26702, 32623, 69.84, 41
2026/09/21 11:15:19.738, 18, 26702, 32623, 71.34, 41
2026/09/21 11:15:20.738, 16, 26702, 32623, 70.06, 41
2026/09/21 11:15:21.739, 20, 26702, 32623, 70.63, 41
2026/09/21 11:15:22.739, 20, 26702, 32623, 70.60, 41
2026/09/21 11:15:23.739, 20, 26702, 32623, 70.80, 41
2026/09/21 11:15:24.739, 20, 26702, 32623, 70.48, 41
2026/09/21 11:15:25.740, 19, 26702, 32623, 70.68, 41
2026/09/21 11:15:26.740, 18, 26702, 32623, 70.70, 41
2026/09/21 11:15:27.740, 20, 26702, 32623, 70.82, 41
2026/09/21 11:15:28.741, 18, 26702, 32623, 70.34, 41
2026/09/21 11:15:29.741, 19, 26702, 32623, 70.25, 41
2026/09/21 11:15:30.741, 21, 26702, 32623, 70.08, 41
2026/09/21 11:15:31.741, 18, 26702, 32623, 70.22, 41
2026/09/21 11:15:32.742, 16, 26702, 32623, 70.03, 41
2026/09/21 11:15:33.742, 20, 26702, 32623, 71.09, 41
2026/09/21 11:15:34.742, 20, 26702, 32623, 67.93, 40
2026/09/21 11:15:35.743, 27, 26702, 32623, 73.46, 41
2026/09/21 11:15:36.743, 30, 26702, 32623, 78.07, 42
2026/09/21 11:15:37.743, 19, 26702, 32623, 76.95, 42
2026/09/21 11:15:38.743, 3, 26702, 32623, 70.42, 41
2026/09/21 11:15:39.744, 18, 26702, 32623, 72.67, 41
2026/09/21 11:15:40.744, 21, 26702, 32623, 71.28, 41
2026/09/21 11:15:41.744, 20, 26702, 32623, 71.07, 40
2026/09/21 11:15:42.745, 18, 26702, 32623, 71.29, 41
2026/09/21 11:15:43.745, 19, 26702, 32623, 70.83, 41
2026/09/21 11:15:44.745, 19, 26702, 32623, 70.77, 40
2026/09/21 11:15:45.745, 19, 26702, 32623, 71.10, 41
2026/09/21 11:15:46.746, 20, 26702, 32623, 70.64, 41
2026/09/21 11:15:47.746, 19, 26702, 32623, 70.74, 40
2026/09/21 11:15:48.746, 19, 26702, 32623, 70.83, 40
2026/09/21 11:15:49.747, 18, 26702, 32623, 71.52, 41
2026/09/21 11:15:50.747, 21, 26702, 32623, 71.43, 40
2026/09/21 11:15:51.747, 16, 26702, 32623, 68.34, 40
2026/09/21 11:15:52.747, 20, 26702, 32623, 68.85, 41
2026/09/21 11:15:53.748, 18, 26702, 32623, 70.56, 40
2026/09/21 11:15:54.748, 19, 26702, 32623, 71.42, 40
2026/09/21 11:15:55.748, 18, 26702, 32623, 71.38, 41
2026/09/21 11:15:56.749, 38, 26702, 32623, 73.27, 42
2026/09/21 11:15:57.749, 37, 26702, 32623, 77.72, 43
2026/09/21 11:15:58.749, 20, 26702, 32623, 77.79, 41
2026/09/21 11:15:59.749, 19, 26702, 32623, 73.92, 40
2026/09/21 11:16:00.750, 19, 26702, 32623, 70.19, 41
2026/09/21 11:16:01.750, 18, 26702, 32623, 69.14, 40
2026/09/21 11:16:02.750, 19, 26702, 32623, 70.06, 41
2026/09/21 11:16:03.751, 5, 26702, 32623, 57.73, 40
2026/09/21 11:16:04.751, 19, 26702, 32623, 70.78, 41
2026/09/21 11:16:05.751, 20, 26702, 32623, 71.09, 40
2026/09/21 11:16:06.752, 17, 26702, 32623, 70.44, 41
2026/09/21 11:16:07.752, 19, 26702, 32623, 71.01, 40
2026/09/21 11:16:08.752, 17, 26702, 32623, 69.61, 40
2026/09/21 11:16:09.752, 19, 26702, 32623, 70.17, 41
2026/09/21 11:16:10.753, 20, 26702, 32623, 70.61, 40
2026/09/21 11:16:11.753, 20, 26702, 32623, 70.92, 40
2026/09/21 11:16:12.753, 16, 26702, 32623, 69.90, 40
2026/09/21 11:16:13.753, 19, 26702, 32623, 70.29, 40
2026/09/21 11:16:14.754, 18, 26702, 32623, 70.77, 41
2026/09/21 11:16:15.754, 21, 26702, 32623, 69.96, 40
2026/09/21 11:16:16.754, 19, 26702, 32623, 70.00, 40
2026/09/21 11:16:17.754, 20, 26702, 32623, 70.13, 40
2026/09/21 11:16:18.755, 19, 26702, 32623, 77.64, 42
2026/09/21 11:16:19.755, 20, 26702, 32623, 79.41, 41
2026/09/21 11:16:20.755, 4, 26702, 32623, 68.33, 40
2026/09/21 11:16:21.755, 19, 26702, 32623, 69.86, 40
2026/09/21 11:16:22.756, 19, 26702, 32623, 69.90, 40
2026/09/21 11:16:23.756, 19, 26702, 32623, 69.99, 40
2026/09/21 11:16:24.756, 19, 26702, 32623, 69.83, 40
2026/09/21 11:16:25.756, 20, 26702, 32623, 70.00, 40
2026/09/21 11:16:26.756, 19, 26702, 32623, 69.83, 41
2026/09/21 11:16:27.757, 20, 26702, 32623, 60.45, 40
2026/09/21 11:16:28.757, 19, 26702, 32623, 69.87, 41
2026/09/21 11:16:29.757, 19, 26702, 32623, 70.78, 40
2026/09/21 11:16:30.758, 18, 26702, 32623, 70.33, 40
2026/09/21 11:16:31.758, 20, 26702, 32623, 70.36, 40
2026/09/21 11:16:32.758, 17, 26702, 32623, 70.51, 40
2026/09/21 11:16:33.759, 19, 26702, 32623, 70.63, 40
2026/09/21 11:16:34.759, 19, 26702, 32623, 70.14, 40
2026/09/21 11:16:35.759, 18, 26702, 32623, 69.04, 40
2026/09/21 11:16:36.760, 19, 26702, 32623, 67.66, 40
2026/09/21 11:16:37.760, 18, 26702, 32623, 70.32, 40
2026/09/21 11:16:38.760, 35, 26702, 32623, 73.01, 42
2026/09/21 11:16:39.760, 27, 26702, 32623, 78.99, 41
2026/09/21 11:16:40.761, 19, 26702, 32623, 75.48, 41
2026/09/21 11:16:41.761, 13, 26702, 32623, 70.52, 40
2026/09/21 11:16:42.761, 19, 26702, 32623, 70.15, 40
2026/09/21 11:16:43.761, 20, 26702, 32623, 70.07, 40
2026/09/21 11:16:44.762, 18, 26702, 32623, 69.97, 40
2026/09/21 11:16:45.762, 21, 26702, 32623, 70.59, 40
2026/09/21 11:16:46.762, 21, 26702, 32623, 70.65, 40
2026/09/21 11:16:47.763, 20, 26702, 32623, 69.87, 40
2026/09/21 11:16:48.763, 17, 26702, 32623, 69.53, 40
2026/09/21 11:16:49.763, 18, 26702, 32623, 70.52, 40
2026/09/21 11:16:50.763, 21, 26702, 32623, 70.44, 40
2026/09/21 11:16:51.764, 21, 26702, 32623, 70.05, 40
2026/09/21 11:16:52.764, 16, 26702, 32623, 61.17, 40
2026/09/21 11:16:53.764, 19, 26702, 32623, 70.74, 40
2026/09/21 11:16:54.765, 20, 26702, 32623, 70.83, 40
2026/09/21 11:16:55.765, 20, 26702, 32623, 70.07, 40
2026/09/21 11:16:56.765, 19, 26702, 32623, 69.90, 40
2026/09/21 11:16:57.765, 19, 26702, 32623, 70.42, 40
2026/09/21 11:16:58.766, 20, 26702, 32623, 70.73, 40
2026/09/21 11:16:59.766, 29, 26702, 32623, 72.61, 40
2026/09/21 11:17:00.766, 29, 26702, 32623, 76.34, 41
2026/09/21 11:17:01.767, 18, 26702, 32623, 76.74, 41
2026/09/21 11:17:02.767, 20, 26702, 32623, 71.92, 40
2026/09/21 11:17:03.767, 19, 26702, 32623, 70.72, 40
2026/09/21 11:17:04.768, 20, 26702, 32623, 70.49, 41
2026/09/21 11:17:05.768, 19, 26702, 32623, 70.76, 40
2026/09/21 11:17:06.768, 19, 26702, 32623, 70.52, 40
2026/09/21 11:17:07.768, 19, 26702, 32623, 70.08, 40
2026/09/21 11:17:08.769, 17, 26702, 32623, 70.48, 40
2026/09/21 11:17:09.769, 19, 26702, 32623, 70.24, 40
2026/09/21 11:17:10.769, 20, 26702, 32623, 70.63, 40
2026/09/21 11:17:11.769, 18, 26702, 32623, 70.05, 40
2026/09/21 11:17:12.770, 15, 26702, 32623, 67.87,20262026/09/21 11:17:13.770, 19, 26702, 32623, 67.79,20262026/09/21 11:17:14.770, 19, 26702, 32623, 69.60,20262026/09/21 11:17:15.770, 20, 26702, 32623, 70.00, 40
2026/09/21 11:17:16.771, 19, 26702, 32623, 70.61, 40
2026/09/21 11:17:17.771, 18, 26702, 32623, 63.37, 39
2026/09/21 11:17:18.771, 16, 26702, 32623, 68.68, 40
2026/09/21 11:17:19.772, 19, 26702, 32623, 69.25, 40
/09/21 11:17:19.772, 19, 26702, 32623, 69.25, 40
