2026/09/20 15:23:43.613, 0, 22752, 24576, 129.57, 60
2026/09/20 15:23:44.618, 0, 22752, 24576, 129.12, 59
2026/09/20 15:23:45.618, 0, 22752, 24576, 128.59, 59
2026/09/20 15:23:46.619, 0, 22752, 24576, 128.31, 58
2026/09/20 15:23:47.619, 0, 22752, 24576, 127.99, 58
2026/09/20 15:23:48.620, 0, 22752, 24576, 127.64, 58
2026/09/20 15:23:49.620, 0, 22752, 24576, 127.18, 57
2026/09/20 15:23:50.621, 0, 22752, 24576, 126.78, 57
2026/09/20 15:23:51.621, 0, 22752, 24576, 126.45, 57
2026/09/20 15:23:52.621, 0, 22752, 24576, 125.79, 56
2026/09/20 15:23:53.622, 100, 22752, 24576, 249.73, 61
2026/09/20 15:23:54.622, 99, 22752, 24576, 342.51, 62
2026/09/20 15:23:55.623, 100, 22752, 24576, 343.44, 62
2026/09/20 15:23:56.624, 100, 22752, 24576, 342.23, 62
2026/09/20 15:23:57.624, 99, 22752, 24576, 341.90, 63
2026/09/20 15:23:58.625, 100, 22752, 24576, 344.87, 63
2026/09/20 15:23:59.625, 100, 22752, 24576, 345.47, 63
2026/09/20 15:24:00.626, 100, 22752, 24576, 346.02, 63
2026/09/20 15:24:01.626, 100, 22752, 24576, 341.87, 63
2026/09/20 15:24:02.626, 100, 22752, 24576, 342.04, 63
2026/09/20 15:24:03.627, 100, 22752, 24576, 342.51, 63
2026/09/20 15:24:04.627, 100, 22752, 24576, 342.47, 64
2026/09/20 15:24:05.628, 100, 22752, 24576, 342.56, 64
2026/09/20 15:24:06.628, 100, 22752, 24576, 343.64, 64
2026/09/20 15:24:07.629, 100, 22752, 24576, 344.52, 64
2026/09/20 15:24:08.629, 100, 22752, 24576, 345.70, 64
2026/09/20 15:24:09.630, 100, 22752, 24576, 342.36, 64
2026/09/20 15:24:10.631, 100, 22752, 24576, 342.23, 64
2026/09/20 15:24:11.631, 100, 22752, 24576, 342.90, 64
2026/09/20 15:24:12.632, 100, 22752, 24576, 343.14, 64
2026/09/20 15:24:13.632, 100, 22752, 24576, 342.96, 65
2026/09/20 15:24:14.632, 100, 22752, 24576, 343.73, 65
2026/09/20 15:24:15.633, 100, 22752, 24576, 346.09, 64
2026/09/20 15:24:16.633, 100, 22752, 24576, 345.94, 65
2026/09/20 15:24:17.634, 100, 22752, 24576, 341.82, 65
2026/09/20 15:24:18.634, 100, 22752, 24576, 342.37, 65
2026/09/20 15:24:19.635, 99, 22752, 24576, 342.60, 65
2026/09/20 15:24:20.635, 100, 22752, 24576, 342.72, 65
2026/09/20 15:24:21.636, 100, 22752, 24576, 343.11, 65
2026/09/20 15:24:22.636, 100, 22752, 24576, 343.39, 65
2026/09/20 15:24:23.636, 100, 22752, 24576, 346.25, 65
2026/09/20 15:24:24.637, 100, 22752, 24576, 345.42, 65
2026/09/20 15:24:25.637, 100, 22752, 24576, 342.47, 65
2026/09/20 15:24:26.638, 99, 22752, 24576, 342.38, 66
2026/09/20 15:24:27.638, 99, 22752, 24576, 342.60, 66
2026/09/20 15:24:28.639, 100, 22752, 24576, 342.57, 66
2026/09/20 15:24:29.639, 100, 22752, 24576, 342.39, 66
2026/09/20 15:24:30.640, 100, 22752, 24576, 343.09, 66
2026/09/20 15:24:31.640, 100, 22752, 24576, 345.81, 66
2026/09/20 15:24:32.640, 100, 22732, 24576, 345.18, 66
2026/09/20 15:24:33.641, 99, 22752, 24576, 342.87, 66
2026/09/20 15:24:34.641, 100, 22752, 24576, 341.79, 66
2026/09/20 15:24:35.642, 100, 22752, 24576, 341.90, 66
2026/09/20 15:24:36.642, 99, 22752, 24576, 342.96, 66
2026/09/20 15:24:37.643, 99, 22752, 24576, 341.60, 66
2026/09/20 15:24:38.643, 100, 22752, 24576, 342.90, 66
2026/09/20 15:24:39.644, 100, 22752, 24576, 345.80, 66
2026/09/20 15:24:40.644, 100, 22752, 24576, 344.61, 66
2026/09/20 15:24:41.645, 100, 22752, 24576, 342.71, 66
2026/09/20 15:24:42.645, 100, 22752, 24576, 341.91, 66
2026/09/20 15:24:43.646, 100, 22752, 24576, 342.58, 67
2026/09/20 15:24:44.646, 100, 22752, 24576, 342.92, 67
2026/09/20 15:24:45.647, 100, 22752, 24576, 342.57, 67
2026/09/20 15:24:46.647, 100, 22752, 24576, 343.46, 67
2026/09/20 15:24:47.648, 100, 22752, 24576, 345.03, 67
2026/09/20 15:24:48.648, 100, 22752, 24576, 345.29, 66
2026/09/20 15:24:49.648, 100, 22752, 24576, 343.69, 66
2026/09/20 15:24:50.649, 99, 22752, 24576, 341.92, 67
2026/09/20 15:24:51.649, 99, 22752, 24576, 342.16, 67
2026/09/20 15:24:52.649, 100, 22752, 24576, 342.02, 67
2026/09/20 15:24:53.650, 100, 22752, 24576, 342.34, 67
2026/09/20 15:24:54.650, 100, 22752, 24576, 342.60, 67
2026/09/20 15:24:55.650, 100, 22752, 24576, 345.63, 67
2026/09/20 15:24:56.651, 100, 22752, 24576, 344.98, 67
2026/09/20 15:24:57.651, 100, 22752, 24576, 344.61, 67
2026/09/20 15:24:58.652, 100, 22752, 24576, 340.38, 67
2026/09/20 15:24:59.652, 100, 22752, 24576, 341.95, 67
2026/09/20 15:25:00.653, 100, 22752, 24576, 342.83, 67
2026/09/20 15:25:01.654, 100, 22752, 24576, 342.09, 67
2026/09/20 15:25:02.654, 100, 22752, 24576, 342.27, 67
2026/09/20 15:25:03.655, 100, 22752, 24576, 344.86, 67
2026/09/20 15:25:04.655, 100, 22752, 24576, 344.80, 67
2026/09/20 15:25:05.655, 85, 22752, 24576, 346.00, 67
2026/09/20 15:25:06.656, 99, 22752, 24576, 342.18, 67
2026/09/20 15:25:07.656, 100, 22752, 24576, 342.16, 67
2026/09/20 15:25:08.657, 100, 22752, 24576, 342.20, 68
2026/09/20 15:25:09.658, 99, 22752, 24576, 342.46, 68
2026/09/20 15:25:10.658, 99, 22752, 24576, 341.62, 68
2026/09/20 15:25:11.658, 100, 22752, 24576, 344.64, 67
2026/09/20 15:25:12.660, 100, 22752, 24576, 345.69, 67
2026/09/20 15:25:13.660, 100, 22750, 24576, 345.06, 67
2026/09/20 15:25:14.661, 100, 22750, 24576, 341.45, 67
2026/09/20 15:25:15.661, 100, 22750, 24576, 342.07, 67
2026/09/20 15:25:16.662, 100, 22750, 24576, 341.87, 67
2026/09/20 15:25:17.662, 100, 22750, 24576, 341.96, 68
2026/09/20 15:25:18.663, 100, 22750, 24576, 342.09, 68
2026/09/20 15:25:19.663, 100, 22750, 24576, 343.43, 67
2026/09/20 15:25:20.664, 100, 22750, 24576, 345.10, 67
2026/09/20 15:25:21.664, 100, 22750, 24576, 345.47, 67
2026/09/20 15:25:22.665, 100, 22750, 24576, 342.25, 68
2026/09/20 15:25:23.665, 100, 22750, 24576, 342.42, 68
2026/09/20 15:25:24.666, 100, 22750, 24576, 342.63, 68
2026/09/20 15:25:25.669, 100, 22750, 24576, 342.85, 68
2026/09/20 15:25:26.669, 100, 22750, 24576, 343.37, 68
2026/09/20 15:25:27.669, 100, 22750, 24576, 343.43, 68
2026/09/20 15:25:28.670, 100, 22750, 24576, 345.96, 67
2026/09/20 15:25:29.670, 100, 22750, 24576, 345.29, 68
2026/09/20 15:25:30.671, 100, 22750, 24576, 342.55, 67
2026/09/20 15:25:31.671, 100, 22750, 24576, 341.92, 68
2026/09/20 15:25:32.672, 100, 22750, 24576, 342.21, 68
2026/09/20 15:25:33.672, 100, 22750, 24576, 341.82, 68
2026/09/20 15:25:34.672, 100, 22750, 24576, 341.87, 68
2026/09/20 15:25:35.673, 100, 22750, 24576, 343.94, 68
2026/09/20 15:25:36.674, 100, 22750, 24576, 345.52, 68
2026/09/20 15:25:37.674, 100, 22750, 24576, 345.58, 67
2026/09/20 15:25:38.675, 100, 22750, 24576, 342.91, 68
2026/09/20 15:25:39.675, 100, 22750, 24576, 342.46, 68
2026/09/20 15:25:40.676, 100, 22750, 24576, 342.19, 68
2026/09/20 15:25:41.676, 100, 22750, 24576, 343.20, 68
2026/09/20 15:25:42.676, 100, 22750, 24576, 342.78, 68
2026/09/20 15:25:43.677, 100, 22750, 24576, 342.74, 68
2026/09/20 15:25:44.677, 100, 22750, 24576, 345.33, 68
2026/09/20 15:25:45.678, 100, 22750, 24576, 345.81, 68
2026/09/20 15:25:46.678, 100, 22750, 24576, 341.23, 68
2026/09/20 15:25:47.679, 100, 22750, 24576, 342.48, 68
2026/09/20 15:25:48.680, 100, 22750, 24576, 342.20, 68
2026/09/20 15:25:49.680, 100, 22750, 24576, 343.45, 68
2026/09/20 15:25:50.681, 100, 22750, 24576, 342.67, 68
2026/09/20 15:25:51.681, 100, 22750, 24576, 343.90, 69
2026/09/20 15:25:52.682, 100, 22750, 24576, 344.21, 68
2026/09/20 15:25:53.682, 100, 22750, 24576, 345.46, 67
2026/09/20 15:25:54.682, 100, 22750, 24576, 334.22, 68
2026/09/20 15:25:55.685, 100, 22750, 24576, 345.31, 67
2026/09/20 15:25:56.686, 100, 22750, 24576, 346.21, 67
2026/09/20 15:25:57.686, 100, 22750, 24576, 342.39, 68
2026/09/20 15:25:58.687, 100, 22750, 24576, 342.93, 68
2026/09/20 15:25:59.687, 100, 22750, 24576, 345.35, 67
2026/09/20 15:26:00.687, 100, 22750, 24576, 345.17, 68
2026/09/20 15:26:01.688, 100, 22750, 24576, 343.99, 68
2026/09/20 15:26:02.688, 89, 22750, 24576, 342.03, 68
2026/09/20 15:26:03.689, 100, 22750, 24576, 343.65, 67
2026/09/20 15:26:04.689, 100, 22750, 24576, 341.97, 68
2026/09/20 15:26:05.690, 100, 22750, 24576, 337.71, 67
2026/09/20 15:26:06.690, 100, 22750, 24576, 345.93, 67
2026/09/20 15:26:07.690, 100, 22750, 24576, 344.96, 67
2026/09/20 15:26:08.691, 100, 22750, 24576, 332.47, 67
2026/09/20 15:26:09.691, 100, 22750, 24576, 344.12, 67
2026/09/20 15:26:10.692, 100, 22750, 24576, 345.27, 67
2026/09/20 15:26:11.692, 100, 22750, 24576, 343.67, 68
2026/09/20 15:26:12.693, 100, 22750, 24576, 342.13, 67
2026/09/20 15:26:13.693, 100, 22750, 24576, 344.94, 67
2026/09/20 15:26:14.693, 100, 22750, 24576, 346.29, 67
2026/09/20 15:26:15.693, 100, 22750, 24576, 342.98, 68
2026/09/20 15:26:16.694, 60, 22750, 24576, 337.59, 66
2026/09/20 15:26:17.695, 100, 22750, 24576, 341.97, 67
2026/09/20 15:26:18.695, 100, 22750, 24576, 344.50, 67
2026/09/20 15:26:19.696, 100, 22750, 24576, 339.82, 67
2026/09/20 15:26:20.696, 100, 22750, 24576, 345.04, 67
2026/09/20 15:26:21.697, 100, 22750, 24576, 345.38, 67
2026/09/20 15:26:22.697, 100, 22750, 24576, 334.86, 68
2026/09/20 15:26:23.697, 100, 22750, 24576, 344.14, 67
2026/09/20 15:26:24.698, 100, 22750, 24576, 344.33, 67
2026/09/20 15:26:25.698, 100, 22750, 24576, 343.96, 68
2026/09/20 15:26:26.699, 100, 22750, 24576, 342.90, 67
2026/09/20 15:26:27.699, 100, 22750, 24576, 343.75, 67
2026/09/20 15:26:28.699, 100, 22750, 24576, 345.02, 67
2026/09/20 15:26:29.700, 100, 22750, 24576, 342.35, 67
2026/09/20 15:26:30.700, 100, 22750, 24576, 338.15, 67
2026/09/20 15:26:31.701, 100, 22750, 24576, 347.04, 67
2026/09/20 15:26:32.701, 100, 22750, 24576, 345.38, 67
2026/09/20 15:26:33.702, 100, 22750, 24576, 339.45, 67
2026/09/20 15:26:34.702, 100, 22750, 24576, 343.70, 67
2026/09/20 15:26:35.703, 100, 22730, 24576, 345.35, 67
2026/09/20 15:26:36.703, 100, 22750, 24576, 341.82, 67
2026/09/20 15:26:37.704, 99, 22750, 24576, 342.20, 68
2026/09/20 15:26:38.704, 100, 22750, 24576, 342.79, 68
2026/09/20 15:26:39.704, 99, 22750, 24576, 342.60, 68
2026/09/20 15:26:40.705, 100, 22750, 24576, 342.73, 68
2026/09/20 15:26:41.705, 100, 22750, 24576, 343.74, 68
2026/09/20 15:26:42.706, 100, 22750, 24576, 341.08, 68
2026/09/20 15:26:43.706, 100, 22750, 24576, 342.56, 68
2026/09/20 15:26:44.707, 99, 22750, 24576, 342.96, 68
2026/09/20 15:26:45.707, 100, 22750, 24576, 342.35, 68
2026/09/20 15:26:46.707, 99, 22750, 24576, 342.45, 68
2026/09/20 15:26:47.708, 100, 22750, 24576, 344.95, 67
2026/09/20 15:26:48.708, 100, 22750, 24576, 345.46, 67
2026/09/20 15:26:49.709, 100, 22750, 24576, 345.21, 68
2026/09/20 15:26:50.709, 100, 22750, 24576, 342.33, 67
2026/09/20 15:26:51.709, 100, 22750, 24576, 342.08, 68
2026/09/20 15:26:52.710, 100, 22750, 24576, 343.49, 68
2026/09/20 15:26:53.710, 100, 22750, 24576, 342.20, 68
2026/09/20 15:26:54.711, 100, 22750, 24576, 343.66, 68
2026/09/20 15:26:55.711, 100, 22750, 24576, 344.15, 68
2026/09/20 15:26:56.712, 100, 22750, 24576, 342.40, 68
2026/09/20 15:26:57.712, 100, 22750, 24576, 342.86, 68
2026/09/20 15:26:58.713, 100, 22750, 24576, 342.49, 68
2026/09/20 15:26:59.713, 100, 22750, 24576, 342.85, 68
2026/09/20 15:27:00.714, 100, 22750, 24576, 343.47, 68
2026/09/20 15:27:01.714, 100, 22750, 24576, 343.60, 68
2026/09/20 15:27:02.715, 100, 22750, 24576, 345.36, 68
2026/09/20 15:27:03.716, 100, 22750, 24576, 345.48, 68
2026/09/20 15:27:04.716, 100, 22750, 24576, 345.73, 67
2026/09/20 15:27:05.716, 100, 22750, 24576, 340.85, 68
2026/09/20 15:27:06.717, 100, 22750, 24576, 342.24, 68
2026/09/20 15:27:07.717, 100, 22750, 24576, 342.25, 68
2026/09/20 15:27:08.718, 100, 22750, 24576, 342.46, 68
2026/09/20 15:27:09.718, 100, 22750, 24576, 343.10, 68
2026/09/20 15:27:10.719, 100, 22750, 24576, 341.45, 68
2026/09/20 15:27:11.720, 100, 22750, 24576, 341.71, 68
2026/09/20 15:27:12.720, 99, 22750, 24576, 342.55, 68
2026/09/20 15:27:13.720, 100, 22750, 24576, 342.27, 68
2026/09/20 15:27:14.721, 100, 22750, 24576, 342.92, 68
2026/09/20 15:27:15.721, 100, 22750, 24576, 343.37, 69
2026/09/20 15:27:16.722, 100, 22750, 24576, 345.49, 68
2026/09/20 15:27:17.722, 100, 22750, 24576, 345.95, 68
2026/09/20 15:27:18.722, 100, 22750, 24576, 345.92, 68
2026/09/20 15:27:19.723, 100, 22750, 24576, 341.85, 68
2026/09/20 15:27:20.723, 100, 22750, 24576, 342.26, 68
2026/09/20 15:27:21.724, 100, 22750, 24576, 342.47, 68
2026/09/20 15:27:22.725, 100, 22750, 24576, 343.25, 68
2026/09/20 15:27:23.725, 100, 22750, 24576, 343.47, 68
2026/09/20 15:27:24.726, 100, 22750, 24576, 343.89, 68
2026/09/20 15:27:25.726, 100, 22750, 24576, 342.15, 68
2026/09/20 15:27:26.727, 100, 22750, 24576, 343.33, 68
2026/09/20 15:27:27.727, 100, 22750, 24576, 343.20, 68
2026/09/20 15:27:28.728, 100, 22750, 24576, 343.54, 68
2026/09/20 15:27:29.729, 100, 22750, 24576, 343.44, 68
2026/09/20 15:27:30.729, 100, 22750, 24576, 344.91, 68
2026/09/20 15:27:31.729, 100, 22750, 24576, 345.86, 68
2026/09/20 15:27:32.730, 100, 22750, 24576, 345.64, 68
2026/09/20 15:27:33.730, 73, 22750, 24576, 342.94, 68
2026/09/20 15:27:34.731, 100, 22750, 24576, 340.84, 68
2026/09/20 15:27:35.731, 99, 22750, 24576, 342.45, 68
2026/09/20 15:27:36.732, 100, 22750, 24576, 343.23, 68
2026/09/20 15:27:37.732, 99, 22752, 24576, 343.15, 68
2026/09/20 15:27:38.733, 99, 22752, 24576, 343.64, 68
2026/09/20 15:27:39.733, 99, 22752, 24576, 341.92, 68
2026/09/20 15:27:40.734, 100, 22752, 24576, 343.46, 68
2026/09/20 15:27:41.734, 100, 22752, 24576, 342.60, 68
2026/09/20 15:27:42.734, 100, 22752, 24576, 342.42, 68
2026/09/20 15:27:43.735, 99, 22752, 24576, 343.00, 68
2026/09/20 15:27:44.735, 100, 22752, 24576, 344.10, 68
2026/09/20 15:27:45.735, 100, 22752, 24576, 345.23, 68
2026/09/20 15:27:46.736, 100, 22752, 24576, 345.24, 68
2026/09/20 15:27:47.736, 100, 22732, 24576, 345.08, 68
2026/09/20 15:27:48.737, 100, 22752, 24576, 341.68, 68
2026/09/20 15:27:49.737, 100, 22752, 24576, 342.76, 68
2026/09/20 15:27:50.738, 100, 22752, 24576, 342.99, 68
2026/09/20 15:27:51.738, 99, 22752, 24576, 342.36, 68
2026/09/20 15:27:52.739, 100, 22752, 24576, 343.08, 68
2026/09/20 15:27:53.739, 99, 22752, 24576, 344.05, 68
2026/09/20 15:27:54.739, 100, 22752, 24576, 341.55, 68
2026/09/20 15:27:55.740, 100, 22752, 24576, 343.01, 68
2026/09/20 15:27:56.740, 99, 22752, 24576, 343.29, 68
2026/09/20 15:27:57.741, 100, 22752, 24576, 343.35, 68
2026/09/20 15:27:58.741, 99, 22752, 24576, 342.56, 68
2026/09/20 15:27:59.742, 100, 22752, 24576, 344.83, 68
2026/09/20 15:28:00.742, 100, 22752, 24576, 345.09, 68
2026/09/20 15:28:01.743, 100, 22752, 24576, 345.21, 68
2026/09/20 15:28:02.743, 99, 22752, 24576, 344.58, 68
2026/09/20 15:28:03.743, 100, 22752, 24576, 341.05, 68
2026/09/20 15:28:04.744, 100, 22752, 24576, 342.79, 68
2026/09/20 15:28:05.744, 100, 22752, 24576, 342.41, 68
2026/09/20 15:28:06.745, 100, 22752, 24576, 342.45, 68
2026/09/20 15:28:07.745, 100, 22752, 24576, 343.22, 68
2026/09/20 15:28:08.746, 100, 22752, 24576, 342.05, 68
2026/09/20 15:28:09.746, 100, 22752, 24576, 342.86, 68
2026/09/20 15:28:10.747, 99, 22752, 24576, 342.82, 68
2026/09/20 15:28:11.747, 100, 22752, 24576, 342.69, 68
2026/09/20 15:28:12.748, 100, 22752, 24576, 342.70, 68
2026/09/20 15:28:13.748, 100, 22752, 24576, 344.02, 68
2026/09/20 15:28:14.749, 100, 22752, 24576, 345.43, 68
2026/09/20 15:28:15.750, 100, 22752, 24576, 345.98, 68
2026/09/20 15:28:16.750, 100, 22752, 24576, 345.16, 68
2026/09/20 15:28:17.751, 99, 22752, 24576, 342.11, 68
2026/09/20 15:28:18.751, 100, 22752, 24576, 343.27, 68
2026/09/20 15:28:19.752, 100, 22752, 24576, 343.03, 68
2026/09/20 15:28:20.752, 100, 22752, 24576, 343.05, 68
2026/09/20 15:28:21.753, 100, 22752, 24576, 343.28, 68
2026/09/20 15:28:22.753, 99, 22752, 24576, 342.35, 68
2026/09/20 15:28:23.754, 99, 22752, 24576, 342.06, 68
2026/09/20 15:28:24.754, 99, 22752, 24576, 342.45, 68
2026/09/20 15:28:25.755, 100, 22752, 24576, 343.05, 68
2026/09/20 15:28:26.768, 100, 22752, 24576, 343.32, 68
2026/09/20 15:28:27.768, 100, 22752, 24576, 343.06, 69
2026/09/20 15:28:28.769, 100, 22752, 24576, 345.58, 68
2026/09/20 15:28:29.769, 100, 22752, 24576, 345.14, 68
2026/09/20 15:28:30.769, 100, 22752, 24576, 345.36, 68
2026/09/20 15:28:31.770, 100, 22752, 24576, 343.68, 68
2026/09/20 15:28:32.770, 100, 22752, 24576, 342.58, 68
2026/09/20 15:28:33.771, 100, 22752, 24576, 342.66, 68
2026/09/20 15:28:34.772, 100, 22752, 24576, 342.48, 68
2026/09/20 15:28:35.772, 100, 22752, 24576, 342.46, 68
2026/09/20 15:28:36.772, 99, 22754, 24576, 342.71, 68
2026/09/20 15:28:37.779, 100, 22754, 24576, 342.06, 68
2026/09/20 15:28:38.779, 99, 22754, 24576, 343.20, 68
2026/09/20 15:28:39.779, 100, 22754, 24576, 343.16, 68
2026/09/20 15:28:40.780, 100, 22754, 24576, 342.84, 68
2026/09/20 15:28:41.780, 100, 22754, 24576, 343.30, 69
2026/09/20 15:28:42.781, 100, 22754, 24576, 345.85, 68
2026/09/20 15:28:43.781, 100, 22754, 24576, 346.22, 68
2026/09/20 15:28:44.782, 100, 22754, 24576, 346.10, 68
2026/09/20 15:28:45.782, 78, 22754, 24576, 345.36, 68
2026/09/20 15:28:46.783, 100, 22754, 24576, 341.53, 68
2026/09/20 15:28:47.783, 100, 22754, 24576, 342.84, 68
2026/09/20 15:28:48.784, 100, 22754, 24576, 342.79, 68
2026/09/20 15:28:49.784, 99, 22754, 24576, 342.67, 68
2026/09/20 15:28:50.785, 99, 22754, 24576, 342.65, 68
2026/09/20 15:28:51.785, 99, 22754, 24576, 341.09, 68
2026/09/20 15:28:52.785, 100, 22754, 24576, 342.44, 68
2026/09/20 15:28:53.786, 100, 22754, 24576, 342.60, 68
2026/09/20 15:28:54.786, 100, 22754, 24576, 342.64, 68
2026/09/20 15:28:55.787, 99, 22754, 24576, 343.17, 68
2026/09/20 15:28:56.788, 100, 22754, 24576, 344.89, 68
2026/09/20 15:28:57.788, 100, 22754, 24576, 345.87, 68
2026/09/20 15:28:58.788, 100, 22754, 24576, 345.85, 68
2026/09/20 15:28:59.789, 100, 22752, 24576, 345.79, 68
2026/09/20 15:29:00.789, 99, 22752, 24576, 342.82, 68
2026/09/20 15:29:01.790, 99, 22752, 24576, 342.81, 68
2026/09/20 15:29:02.790, 100, 22752, 24576, 342.63, 68
2026/09/20 15:29:03.791, 99, 22752, 24576, 342.27, 68
2026/09/20 15:29:04.791, 100, 22752, 24576, 343.44, 68
2026/09/20 15:29:05.792, 99, 22752, 24576, 341.54, 68
2026/09/20 15:29:06.792, 100, 22752, 24576, 342.54, 68
2026/09/20 15:29:07.793, 100, 22752, 24576, 342.93, 68
2026/09/20 15:29:08.793, 99, 22752, 24576, 343.21, 68
2026/09/20 15:29:09.794, 100, 22752, 24576, 342.94, 68
2026/09/20 15:29:10.794, 99, 22752, 24576, 344.43, 68
2026/09/20 15:29:11.794, 100, 22752, 24576, 345.88, 68
2026/09/20 15:29:12.795, 100, 22752, 24576, 345.84, 68
2026/09/20 15:29:13.795, 100, 22752, 24576, 345.43, 68
2026/09/20 15:29:14.796, 99, 22752, 24576, 342.55, 68
2026/09/20 15:29:15.796, 100, 22752, 24576, 343.11, 68
2026/09/20 15:29:16.797, 100, 22752, 24576, 342.98, 68
2026/09/20 15:29:17.797, 100, 22752, 24576, 342.20, 68
2026/09/20 15:29:18.798, 100, 22752, 24576, 344.14, 69
2026/09/20 15:29:19.798, 100, 22752, 24576, 343.08, 68
2026/09/20 15:29:20.798, 99, 22752, 24576, 341.76, 68
2026/09/20 15:29:21.799, 100, 22752, 24576, 342.54, 68
2026/09/20 15:29:22.800, 99, 22752, 24576, 342.64, 68
2026/09/20 15:29:23.800, 100, 22752, 24576, 342.56, 68
2026/09/20 15:29:24.800, 100, 22752, 24576, 343.21, 68
2026/09/20 15:29:25.801, 100, 22752, 24576, 346.18, 68
2026/09/20 15:29:26.801, 100, 22752, 24576, 346.03, 68
2026/09/20 15:29:27.802, 100, 22752, 24576, 345.62, 68
2026/09/20 15:29:28.802, 100, 22752, 24576, 342.55, 68
2026/09/20 15:29:29.803, 100, 22752, 24576, 343.23, 68
2026/09/20 15:29:30.803, 100, 22752, 24576, 342.79, 68
2026/09/20 15:29:31.803, 100, 22752, 24576, 343.56, 68
2026/09/20 15:29:32.804, 100, 22752, 24576, 343.75, 68
2026/09/20 15:29:33.804, 100, 22752, 24576, 343.04, 68
2026/09/20 15:29:34.807, 100, 22752, 24576, 340.96, 68
2026/09/20 15:29:35.807, 99, 22752, 24576, 343.29, 68
2026/09/20 15:29:36.807, 99, 22752, 24576, 343.19, 68
2026/09/20 15:29:37.808, 100, 22752, 24576, 343.43, 68
2026/09/20 15:29:38.808, 100, 22752, 24576, 343.94, 69
2026/09/20 15:29:39.809, 100, 22752, 24576, 345.49, 68
2026/09/20 15:29:40.809, 100, 22752, 24576, 346.02, 68
2026/09/20 15:29:41.810, 100, 22752, 24576, 346.06, 68
2026/09/20 15:29:42.810, 100, 22752, 24576, 339.48, 68
2026/09/20 15:29:43.811, 100, 22752, 24576, 337.97, 68
2026/09/20 15:29:44.811, 100, 22752, 24576, 341.81, 68
2026/09/20 15:29:45.812, 100, 22752, 24576, 342.22, 68
2026/09/20 15:29:46.812, 100, 22752, 24576, 342.37, 68
2026/09/20 15:29:47.813, 100, 22752, 24576, 342.53, 68
2026/09/20 15:29:48.813, 100, 22752, 24576, 341.52, 68
2026/09/20 15:29:49.814, 100, 22752, 24576, 342.53, 68
2026/09/20 15:29:50.814, 100, 22752, 24576, 342.73, 68
2026/09/20 15:29:51.815, 100, 22752, 24576, 343.58, 68
2026/09/20 15:29:52.815, 100, 22752, 24576, 343.11, 68
2026/09/20 15:29:53.816, 100, 22752, 24576, 344.27, 68
2026/09/20 15:29:54.816, 100, 22752, 24576, 345.18, 68
2026/09/20 15:29:55.817, 100, 22752, 24576, 345.38, 68
2026/09/20 15:29:56.817, 100, 22752, 24576, 345.33, 68
2026/09/20 15:29:57.818, 100, 22752, 24576, 343.04, 68
2026/09/20 15:29:58.819, 100, 22752, 24576, 342.59, 68
2026/09/20 15:29:59.819, 100, 22752, 24576, 342.62, 68
2026/09/20 15:30:00.820, 99, 22752, 24576, 343.00, 68
2026/09/20 15:30:01.821, 100, 22752, 24576, 343.00, 68
2026/09/20 15:30:02.821, 100, 22752, 24576, 344.21, 68
2026/09/20 15:30:03.822, 100, 22752, 24576, 341.34, 68
2026/09/20 15:30:04.824, 99, 22752, 24576, 342.38, 69
2026/09/20 15:30:05.825, 100, 22752, 24576, 342.73, 68
2026/09/20 15:30:06.826, 99, 23014, 24576, 342.88, 68
2026/09/20 15:30:07.827, 99, 22752, 24576, 343.34, 68
2026/09/20 15:30:08.888, 100, 22754, 24576, 345.43, 68
2026/09/20 15:30:09.889, 100, 22754, 24576, 345.23, 68
2026/09/20 15:30:10.890, 100, 22754, 24576, 345.56, 68
2026/09/20 15:30:11.890, 100, 22756, 24576, 312.48, 66
2026/09/20 15:30:12.891, 100, 22756, 24576, 324.74, 67
2026/09/20 15:30:13.891, 100, 22756, 24576, 341.60, 68
2026/09/20 15:30:14.892, 100, 22756, 24576, 329.23, 67
2026/09/20 15:30:15.892, 100, 22756, 24576, 335.72, 67
2026/09/20 15:30:16.893, 100, 22756, 24576, 341.38, 67
2026/09/20 15:30:17.902, 100, 22756, 24576, 333.06, 66
2026/09/20 15:30:18.903, 100, 22756, 24576, 347.00, 67
2026/09/20 15:30:19.903, 100, 22756, 24576, 342.28, 67
2026/09/20 15:30:20.903, 100, 22756, 24576, 332.18, 67
2026/09/20 15:30:21.904, 100, 22756, 24576, 345.06, 67
2026/09/20 15:30:22.904, 100, 22756, 24576, 343.17, 67
2026/09/20 15:30:23.905, 100, 22756, 24576, 336.36, 67
2026/09/20 15:30:24.905, 100, 22756, 24576, 344.18, 67
2026/09/20 15:30:25.906, 100, 22756, 24576, 343.71, 67
2026/09/20 15:30:26.906, 100, 22756, 24576, 328.25, 67
2026/09/20 15:30:27.906, 100, 22756, 24576, 344.05, 67
2026/09/20 15:30:28.907, 100, 22756, 24576, 343.51, 67
2026/09/20 15:30:29.907, 100, 22756, 24576, 336.31, 67
2026/09/20 15:30:30.908, 100, 22756, 24576, 343.42, 67
2026/09/20 15:30:31.908, 100, 22756, 24576, 343.68, 67
2026/09/20 15:30:32.909, 57, 22756, 24576, 338.45, 67
2026/09/20 15:30:33.909, 100, 22756, 24576, 343.30, 67
2026/09/20 15:30:34.910, 100, 22756, 24576, 342.90, 67
2026/09/20 15:30:35.911, 50, 22756, 24576, 338.29, 67
2026/09/20 15:30:36.911, 100, 22756, 24576, 342.82, 67
2026/09/20 15:30:37.911, 100, 22756, 24576, 343.45, 67
2026/09/20 15:30:38.912, 100, 22756, 24576, 337.45, 67
2026/09/20 15:30:39.913, 100, 22756, 24576, 342.52, 67
2026/09/20 15:30:40.913, 100, 22756, 24576, 343.61, 67
2026/09/20 15:30:41.914, 100, 22756, 24576, 329.71, 67
2026/09/20 15:30:42.914, 100, 22756, 24576, 342.79, 67
2026/09/20 15:30:43.915, 100, 22756, 24576, 343.34, 67
2026/09/20 15:30:44.915, 100, 22756, 24576, 338.23, 67
2026/09/20 15:30:45.922, 100, 22756, 24576, 343.05, 67
2026/09/20 15:30:46.923, 100, 22756, 24576, 343.63, 67
2026/09/20 15:30:47.923, 100, 22756, 24576, 339.59, 67
2026/09/20 15:30:48.924, 100, 22756, 24576, 343.13, 67
2026/09/20 15:30:49.924, 100, 22756, 24576, 343.43, 67
2026/09/20 15:30:50.924, 100, 22756, 24576, 340.80, 67
2026/09/20 15:30:51.925, 100, 22756, 24576, 342.56, 67
2026/09/20 15:30:52.925, 100, 22756, 24576, 335.42, 66
2026/09/20 15:30:53.926, 100, 22756, 24576, 337.32, 67
2026/09/20 15:30:54.926, 100, 22756, 24576, 341.90, 67
2026/09/20 15:30:55.926, 100, 22754, 24576, 337.53, 67
2026/09/20 15:30:56.927, 99, 22754, 24576, 341.76, 67
2026/09/20 15:30:57.927, 100, 22754, 24576, 342.43, 67
2026/09/20 15:30:58.928, 100, 22754, 24576, 342.46, 68
2026/09/20 15:30:59.928, 99, 22754, 24576, 342.62, 68
2026/09/20 15:31:00.929, 99, 22754, 24576, 343.02, 68
2026/09/20 15:31:01.929, 100, 22754, 24576, 341.14, 68
2026/09/20 15:31:02.930, 99, 22754, 24576, 342.99, 68
2026/09/20 15:31:03.930, 100, 22754, 24576, 342.59, 68
2026/09/20 15:31:04.931, 100, 22754, 24576, 342.47, 68
2026/09/20 15:31:05.931, 99, 22754, 24576, 343.36, 68
2026/09/20 15:31:06.931, 99, 22754, 24576, 344.39, 68
2026/09/20 15:31:07.932, 100, 22754, 24576, 341.59, 68
2026/09/20 15:31:08.932, 100, 22754, 24576, 342.00, 68
2026/09/20 15:31:09.933, 100, 22754, 24576, 343.40, 68
2026/09/20 15:31:10.933, 99, 22754, 24576, 342.75, 68
2026/09/20 15:31:11.933, 99, 22754, 24576, 343.22, 68
2026/09/20 15:31:12.934, 100, 22754, 24576, 342.09, 68
2026/09/20 15:31:13.934, 100, 22754, 24576, 342.82, 68
2026/09/20 15:31:14.935, 99, 22754, 24576, 342.89, 68
2026/09/20 15:31:15.935, 100, 22754, 24576, 343.29, 68
2026/09/20 15:31:16.936, 100, 22754, 24576, 342.49, 68
2026/09/20 15:31:17.937, 100, 22754, 24576, 344.70, 68
2026/09/20 15:31:18.937, 100, 22754, 24576, 345.55, 68
2026/09/20 15:31:19.937, 100, 22754, 24576, 344.65, 68
2026/09/20 15:31:20.938, 100, 22754, 24576, 344.45, 68
2026/09/20 15:31:21.938, 100, 22754, 24576, 344.82, 68
2026/09/20 15:31:22.939, 100, 22754, 24576, 342.71, 68
2026/09/20 15:31:23.939, 100, 22754, 24576, 344.47, 68
2026/09/20 15:31:24.947, 100, 22754, 24576, 342.83, 68
2026/09/20 15:31:25.947, 100, 22754, 24576, 343.12, 68
2026/09/20 15:31:26.948, 99, 22754, 24576, 342.49, 68
2026/09/20 15:31:27.948, 100, 22754, 24576, 343.21, 68
2026/09/20 15:31:28.949, 99, 22754, 24576, 341.59, 68
2026/09/20 15:31:29.949, 99, 22754, 24576, 342.65, 68
2026/09/20 15:31:30.950, 100, 22754, 24576, 342.74, 68
2026/09/20 15:31:31.950, 100, 22754, 24576, 342.36, 68
2026/09/20 15:31:32.950, 99, 22754, 24576, 343.12, 68
2026/09/20 15:31:33.951, 99, 22754, 24576, 342.83, 68
2026/09/20 15:31:34.951, 100, 22754, 24576, 341.01, 68
2026/09/20 15:31:35.967, 99, 22754, 24576, 342.57, 68
2026/09/20 15:31:36.968, 100, 22754, 24576, 343.30, 68
2026/09/20 15:31:37.968, 99, 22754, 24576, 342.56, 68
2026/09/20 15:31:38.969, 99, 22754, 24576, 342.67, 68
2026/09/20 15:31:39.969, 99, 22756, 24576, 341.62, 68
2026/09/20 15:31:40.970, 99, 22756, 24576, 341.82, 68
2026/09/20 15:31:41.970, 99, 22756, 24576, 341.84, 68
2026/09/20 15:31:42.971, 100, 22756, 24576, 342.86, 68
2026/09/20 15:31:43.971, 100, 22756, 24576, 342.14, 68
2026/09/20 15:31:44.972, 100, 22756, 24576, 343.95, 68
2026/09/20 15:31:45.972, 100, 22756, 24576, 345.54, 68
2026/09/20 15:31:46.974, 100, 22756, 24576, 344.23, 68
2026/09/20 15:31:47.975, 100, 22756, 24576, 344.76, 68
2026/09/20 15:31:48.975, 100, 22756, 24576, 344.89, 68
2026/09/20 15:31:49.976, 100, 22756, 24576, 342.33, 67
2026/09/20 15:31:50.976, 99, 22756, 24576, 345.35, 68
2026/09/20 15:31:51.977, 100, 22756, 24576, 342.45, 68
2026/09/20 15:31:52.977, 100, 22756, 24576, 343.19, 68
2026/09/20 15:31:53.977, 99, 22756, 24576, 342.62, 68
2026/09/20 15:31:54.978, 100, 22756, 24576, 343.06, 68
2026/09/20 15:31:55.978, 96, 22756, 24576, 341.93, 68
2026/09/20 15:31:56.979, 100, 22756, 24576, 343.15, 68
2026/09/20 15:31:57.994, 100, 22756, 24576, 342.43, 68
2026/09/20 15:31:58.995, 100, 22756, 24576, 342.30, 68
2026/09/20 15:31:59.995, 99, 22756, 24576, 342.71, 68
2026/09/20 15:32:00.996, 99, 22756, 24576, 343.20, 68
2026/09/20 15:32:01.996, 100, 22756, 24576, 341.18, 68
2026/09/20 15:32:02.999, 100, 22756, 24576, 342.07, 68
2026/09/20 15:32:03.999, 100, 22756, 24576, 343.13, 68
2026/09/20 15:32:05.000, 99, 22756, 24576, 342.83, 68
2026/09/20 15:32:06.000, 99, 22756, 24576, 342.06, 68
2026/09/20 15:32:07.001, 99, 22756, 24576, 341.53, 68
2026/09/20 15:32:08.001, 99, 22756, 24576, 342.05, 68
2026/09/20 15:32:09.005, 99, 22756, 24576, 342.41, 68
2026/09/20 15:32:10.006, 100, 22756, 24576, 342.92, 68
2026/09/20 15:32:11.006, 100, 22756, 24576, 343.05, 68
2026/09/20 15:32:12.007, 100, 22756, 24576, 344.01, 68
2026/09/20 15:32:13.007, 100, 22756, 24576, 345.34, 67
2026/09/20 15:32:14.008, 100, 22756, 24576, 344.65, 67
2026/09/20 15:32:15.008, 100, 22756, 24576, 345.11, 67
2026/09/20 15:32:16.008, 100, 22756, 24576, 345.17, 67
2026/09/20 15:32:17.009, 100, 22756, 24576, 341.06, 67
2026/09/20 15:32:18.009, 99, 22756, 24576, 345.33, 67
2026/09/20 15:32:19.010, 99, 22756, 24576, 343.09, 68
2026/09/20 15:32:20.034, 100, 22756, 24576, 342.72, 67
2026/09/20 15:32:21.034, 99, 22756, 24576, 342.45, 68
2026/09/20 15:32:22.035, 100, 22756, 24576, 343.27, 68
2026/09/20 15:32:23.035, 99, 22756, 24576, 341.36, 67
2026/09/20 15:32:24.037, 100, 22756, 24576, 342.55, 68
2026/09/20 15:32:25.038, 100, 22756, 24576, 342.91, 68
2026/09/20 15:32:26.038, 99, 22756, 24576, 342.86, 68
2026/09/20 15:32:27.039, 99, 22756, 24576, 343.14, 68
2026/09/20 15:32:28.039, 99, 22756, 24576, 343.33, 67
2026/09/20 15:32:29.039, 100, 22756, 24576, 341.11, 67
2026/09/20 15:32:30.040, 99, 22756, 24576, 342.19, 67
2026/09/20 15:32:31.040, 100, 22756, 24576, 343.36, 68
2026/09/20 15:32:32.041, 99, 22756, 24576, 342.46, 68
2026/09/20 15:32:33.041, 99, 22756, 24576, 342.62, 67
2026/09/20 15:32:34.042, 99, 22756, 24576, 341.57, 67
2026/09/20 15:32:35.042, 99, 22756, 24576, 342.84, 68
2026/09/20 15:32:36.043, 100, 22756, 24576, 342.92, 68
2026/09/20 15:32:37.043, 100, 22756, 24576, 343.11, 67
2026/09/20 15:32:38.043, 100, 22756, 24576, 342.91, 68
2026/09/20 15:32:39.044, 100, 22756, 24576, 344.69, 67
2026/09/20 15:32:40.044, 100, 22756, 24576, 345.36, 67
2026/09/20 15:32:41.045, 100, 22756, 24576, 344.88, 67
2026/09/20 15:32:42.045, 100, 22756, 24576, 344.99, 67
2026/09/20 15:32:43.046, 100, 22756, 24576, 345.02, 66
2026/09/20 15:32:44.047, 100, 22756, 24576, 342.55, 66
2026/09/20 15:32:45.048, 100, 22756, 24576, 342.11, 67
2026/09/20 15:32:46.048, 99, 22756, 24576, 343.09, 67
2026/09/20 15:32:47.049, 100, 22756, 24576, 343.31, 67
2026/09/20 15:32:48.050, 100, 22756, 24576, 342.46, 67
2026/09/20 15:32:49.051, 100, 22756, 24576, 343.44, 67
2026/09/20 15:32:50.051, 100, 22756, 24576, 342.45, 67
2026/09/20 15:32:51.051, 100, 22756, 24576, 343.34, 67
2026/09/20 15:32:52.052, 100, 22756, 24576, 343.11, 67
2026/09/20 15:32:53.052, 99, 22756, 24576, 342.98, 67
2026/09/20 15:32:54.053, 100, 22756, 24576, 343.15, 67
2026/09/20 15:32:55.053, 100, 22756, 24576, 342.75, 66
2026/09/20 15:32:56.054, 100, 22756, 24576, 341.38, 66
2026/09/20 15:32:57.054, 100, 22756, 24576, 342.42, 67
2026/09/20 15:32:58.055, 100, 22756, 24576, 343.16, 67
2026/09/20 15:32:59.057, 100, 22756, 24576, 342.28, 66
2026/09/20 15:33:00.057, 100, 22756, 24576, 340.82, 67
2026/09/20 15:33:01.057, 100, 22756, 24576, 342.59, 66
2026/09/20 15:33:02.058, 100, 22756, 24576, 342.70, 66
2026/09/20 15:33:03.058, 100, 22756, 24576, 342.64, 66
2026/09/20 15:33:04.059, 100, 22756, 24576, 342.18, 66
2026/09/20 15:33:05.059, 99, 22756, 24576, 342.77, 66
2026/09/20 15:33:06.060, 100, 22756, 24576, 344.66, 66
2026/09/20 15:33:07.060, 100, 22756, 24576, 345.60, 66
2026/09/20 15:33:08.061, 100, 22756, 24576, 345.75, 66
2026/09/20 15:33:09.062, 100, 22756, 24576, 345.16, 66
2026/09/20 15:33:10.062, 100, 22756, 24576, 345.50, 66
2026/09/20 15:33:11.063, 100, 22756, 24576, 339.73, 66
2026/09/20 15:33:12.063, 100, 22756, 24576, 342.49, 66
2026/09/20 15:33:13.064, 100, 22756, 24576, 343.25, 66
2026/09/20 15:33:14.064, 99, 22756, 24576, 343.48, 66
2026/09/20 15:33:15.065, 100, 22756, 24576, 343.70, 66
2026/09/20 15:33:16.065, 100, 22756, 24576, 343.80, 66
2026/09/20 15:33:17.066, 100, 22756, 24576, 342.54, 66
2026/09/20 15:33:18.066, 100, 22756, 24576, 343.43, 66
2026/09/20 15:33:19.066, 100, 22756, 24576, 343.77, 66
2026/09/20 15:33:20.067, 100, 22756, 24576, 343.98, 66
2026/09/20 15:33:21.068, 100, 22756, 24576, 343.65, 66
2026/09/20 15:33:22.069, 100, 22756, 24576, 343.24, 66
2026/09/20 15:33:23.069, 99, 22756, 24576, 343.32, 66
2026/09/20 15:33:24.070, 100, 22756, 24576, 343.71, 66
2026/09/20 15:33:25.070, 99, 22756, 24576, 343.36, 66
2026/09/20 15:33:26.070, 100, 22756, 24576, 343.76, 66
2026/09/20 15:33:27.071, 100, 22756, 24576, 341.89, 66
2026/09/20 15:33:28.071, 100, 22756, 24576, 342.65, 65
2026/09/20 15:33:29.072, 100, 22756, 24576, 342.82, 65
2026/09/20 15:33:30.072, 100, 22756, 24576, 343.02, 66
2026/09/20 15:33:31.073, 99, 22756, 24576, 343.28, 66
2026/09/20 15:33:32.074, 100, 22756, 24576, 342.71, 66
2026/09/20 15:33:33.075, 100, 22756, 24576, 345.38, 65
2026/09/20 15:33:34.075, 100, 22756, 24576, 346.67, 65
2026/09/20 15:33:35.076, 100, 22756, 24576, 345.76, 65
2026/09/20 15:33:36.076, 100, 22756, 24576, 345.83, 65
2026/09/20 15:33:37.077, 100, 22756, 24576, 345.69, 65
2026/09/20 15:33:38.077, 100, 22756, 24576, 344.45, 65
2026/09/20 15:33:39.077, 100, 22756, 24576, 343.17, 65
2026/09/20 15:33:40.078, 100, 22756, 24576, 343.61, 65
2026/09/20 15:33:41.078, 100, 22756, 24576, 343.68, 65
2026/09/20 15:33:42.079, 100, 22756, 24576, 343.97, 65
2026/09/20 15:33:43.080, 100, 22756, 24576, 345.27, 65
2026/09/20 15:33:44.080, 100, 22756, 24576, 343.57, 65
2026/09/20 15:33:45.081, 100, 22756, 24576, 343.92, 65
2026/09/20 15:33:46.081, 99, 22756, 24576, 344.66, 65
2026/09/20 15:33:47.082, 100, 22756, 24576, 343.15, 65
2026/09/20 15:33:48.082, 100, 22756, 24576, 343.34, 65
2026/09/20 15:33:49.083, 100, 22756, 24576, 342.76, 65
2026/09/20 15:33:50.083, 100, 22756, 24576, 343.84, 65
2026/09/20 15:33:51.084, 100, 22756, 24576, 343.71, 65
2026/09/20 15:33:52.084, 100, 22756, 24576, 344.10, 65
2026/09/20 15:33:53.084, 100, 22756, 24576, 344.35, 65
2026/09/20 15:33:54.085, 100, 22756, 24576, 346.12, 66
2026/09/20 15:33:55.085, 100, 22756, 24576, 344.34, 65
2026/09/20 15:33:56.086, 100, 22756, 24576, 344.20, 65
2026/09/20 15:33:57.086, 100, 22756, 24576, 343.58, 65
2026/09/20 15:33:58.087, 100, 22756, 24576, 343.91, 65
2026/09/20 15:33:59.087, 100, 22756, 24576, 344.33, 65
2026/09/20 15:34:00.087, 100, 22756, 24576, 345.65, 65
2026/09/20 15:34:01.088, 100, 22756, 24576, 346.32, 64
2026/09/20 15:34:02.088, 100, 22756, 24576, 345.82, 64
2026/09/20 15:34:03.088, 100, 22756, 24576, 346.14, 64
2026/09/20 15:34:04.089, 100, 22756, 24576, 346.36, 64
2026/09/20 15:34:05.089, 83, 22756, 24576, 342.60, 64
2026/09/20 15:34:06.090, 100, 22756, 24576, 343.50, 65
2026/09/20 15:34:07.090, 100, 22756, 24576, 344.41, 65
2026/09/20 15:34:08.091, 99, 22756, 24576, 344.97, 65
2026/09/20 15:34:09.091, 100, 22756, 24576, 344.50, 65
2026/09/20 15:34:10.091, 100, 22756, 24576, 345.49, 65
2026/09/20 15:34:11.092, 100, 22756, 24576, 342.09, 64
2026/09/20 15:34:12.092, 99, 22756, 24576, 343.80, 65
2026/09/20 15:34:13.093, 100, 22756, 24576, 344.43, 65
2026/09/20 15:34:14.093, 99, 22756, 24576, 343.69, 65
2026/09/20 15:34:15.093, 100, 22758, 24576, 344.68, 65
2026/09/20 15:34:16.094, 100, 22758, 24576, 343.94, 65
2026/09/20 15:34:17.094, 100, 22758, 24576, 344.18, 65
2026/09/20 15:34:18.095, 100, 22758, 24576, 344.00, 65
2026/09/20 15:34:19.095, 99, 22758, 24576, 343.87, 65
2026/09/20 15:34:20.095, 100, 22758, 24576, 344.03, 65
2026/09/20 15:34:21.096, 100, 22758, 24576, 344.40, 64
2026/09/20 15:34:22.096, 100, 22758, 24576, 341.65, 64
2026/09/20 15:34:23.097, 99, 22758, 24576, 345.02, 65
2026/09/20 15:34:24.097, 100, 22758, 24576, 344.05, 65
2026/09/20 15:34:25.097, 99, 22758, 24576, 343.96, 65
2026/09/20 15:34:26.098, 99, 22758, 24576, 344.16, 65
2026/09/20 15:34:27.098, 100, 22758, 24576, 345.97, 64
2026/09/20 15:34:28.099, 100, 22758, 24576, 346.59, 64
2026/09/20 15:34:29.099, 100, 22758, 24576, 346.28, 64
2026/09/20 15:34:30.100, 100, 22758, 24576, 346.42, 64
2026/09/20 15:34:31.100, 100, 22758, 24576, 346.30, 64
2026/09/20 15:34:32.101, 100, 22758, 24576, 342.87, 64
2026/09/20 15:34:33.101, 100, 22758, 24576, 343.83, 64
2026/09/20 15:34:34.102, 100, 22758, 24576, 343.51, 64
2026/09/20 15:34:35.102, 100, 22758, 24576, 344.16, 64
2026/09/20 15:34:36.103, 100, 22758, 24576, 344.24, 65
2026/09/20 15:34:37.103, 100, 22758, 24576, 343.10, 64
2026/09/20 15:34:38.104, 99, 22758, 24576, 343.15, 64
2026/09/20 15:34:39.104, 100, 22758, 24576, 343.53, 64
2026/09/20 15:34:40.104, 100, 22758, 24576, 343.33, 64
2026/09/20 15:34:41.105, 100, 22758, 24576, 344.29, 64
2026/09/20 15:34:42.105, 100, 22758, 24576, 344.41, 64
2026/09/20 15:34:43.106, 99, 22758, 24576, 342.91, 64
2026/09/20 15:34:44.106, 99, 22758, 24576, 343.92, 64
2026/09/20 15:34:45.107, 99, 22758, 24576, 344.00, 64
2026/09/20 15:34:46.107, 100, 22758, 24576, 344.30, 65
2026/09/20 15:34:47.108, 100, 22758, 24576, 343.68, 65
2026/09/20 15:34:48.108, 100, 22758, 24576, 344.05, 64
2026/09/20 15:34:49.108, 100, 22758, 24576, 343.44, 64
2026/09/20 15:34:50.109, 100, 22758, 24576, 343.32, 65
2026/09/20 15:34:51.109, 99, 22758, 24576, 344.18, 65
2026/09/20 15:34:52.110, 100, 22758, 24576, 343.01, 64
2026/09/20 15:34:53.111, 100, 22758, 24576, 345.19, 64
2026/09/20 15:34:54.111, 100, 22758, 24576, 346.12, 64
2026/09/20 15:34:55.112, 100, 22758, 24576, 346.44, 64
2026/09/20 15:34:56.112, 100, 22758, 24576, 346.93, 64
2026/09/20 15:34:57.113, 100, 22758, 24576, 346.28, 64
2026/09/20 15:34:58.113, 100, 22758, 24576, 346.70, 64
2026/09/20 15:34:59.114, 99, 22758, 24576, 341.70, 64
2026/09/20 15:35:00.114, 100, 22758, 24576, 342.77, 64
2026/09/20 15:35:01.115, 100, 22758, 24576, 344.10, 65
2026/09/20 15:35:02.115, 100, 22758, 24576, 343.39, 64
2026/09/20 15:35:03.116, 100, 22758, 24576, 343.79, 64
2026/09/20 15:35:04.116, 99, 22758, 24576, 342.83, 64
2026/09/20 15:35:05.116, 100, 22758, 24576, 343.90, 64
2026/09/20 15:35:06.117, 99, 22758, 24576, 343.69, 64
2026/09/20 15:35:07.118, 100, 22758, 24576, 343.20, 65
2026/09/20 15:35:08.118, 100, 22758, 24576, 343.52, 64
2026/09/20 15:35:09.118, 100, 22758, 24576, 345.43, 64
2026/09/20 15:35:10.119, 99, 22758, 24576, 344.20, 64
2026/09/20 15:35:11.119, 100, 22758, 24576, 343.44, 64
2026/09/20 15:35:12.120, 100, 22758, 24576, 343.99, 65
2026/09/20 15:35:13.120, 100, 22758, 24576, 343.44, 64
2026/09/20 15:35:14.121, 100, 22758, 24576, 343.48, 65
2026/09/20 15:35:15.121, 100, 22758, 24576, 342.74, 64
2026/09/20 15:35:16.122, 100, 22758, 24576, 343.11, 64
2026/09/20 15:35:17.122, 99, 22758, 24576, 343.53, 65
2026/09/20 15:35:18.123, 100, 22758, 24576, 343.21, 64
2026/09/20 15:35:19.123, 100, 22758, 24576, 343.15, 65
2026/09/20 15:35:20.124, 100, 22758, 24576, 344.79, 64
2026/09/20 15:35:21.124, 100, 22758, 24576, 346.20, 64
2026/09/20 15:35:22.125, 100, 22758, 24576, 345.68, 64
2026/09/20 15:35:23.125, 100, 22758, 24576, 346.00, 64
2026/09/20 15:35:24.126, 100, 22758, 24576, 345.89, 64
2026/09/20 15:35:25.126, 100, 22758, 24576, 340.14, 64
2026/09/20 15:35:26.126, 100, 22758, 24576, 339.59, 64
2026/09/20 15:35:27.127, 100, 22758, 24576, 343.49, 64
2026/09/20 15:35:28.127, 100, 22758, 24576, 343.61, 64
2026/09/20 15:35:29.128, 99, 22758, 24576, 343.21, 64
2026/09/20 15:35:30.128, 100, 22758, 24576, 343.66, 65
2026/09/20 15:35:31.129, 99, 22758, 24576, 342.54, 64
2026/09/20 15:35:32.129, 100, 22758, 24576, 343.88, 64
2026/09/20 15:35:33.130, 100, 22758, 24576, 344.54, 64
2026/09/20 15:35:34.130, 99, 22758, 24576, 343.82, 64
2026/09/20 15:35:35.131, 100, 22758, 24576, 343.27, 64
2026/09/20 15:35:36.131, 99, 22758, 24576, 343.33, 64
2026/09/20 15:35:37.132, 100, 22758, 24576, 342.03, 64
2026/09/20 15:35:38.132, 100, 22758, 24576, 343.50, 64
2026/09/20 15:35:39.133, 100, 22758, 24576, 343.41, 65
2026/09/20 15:35:40.133, 100, 22760, 24576, 343.36, 65
2026/09/20 15:35:41.134, 100, 22760, 24576, 342.05, 65
2026/09/20 15:35:42.134, 100, 22760, 24576, 341.82, 64
2026/09/20 15:35:43.134, 100, 22760, 24576, 342.27, 65
2026/09/20 15:35:44.135, 100, 22760, 24576, 342.97, 65
2026/09/20 15:35:45.135, 100, 22760, 24576, 343.42, 65
2026/09/20 15:35:46.136, 99, 22760, 24576, 344.08, 65
2026/09/20 15:35:47.136, 100, 22760, 24576, 345.04, 64
2026/09/20 15:35:48.137, 100, 22760, 24576, 345.99, 64
2026/09/20 15:35:49.137, 100, 22760, 24576, 346.33, 64
2026/09/20 15:35:50.138, 100, 22760, 24576, 345.55, 64
2026/09/20 15:35:51.138, 100, 22760, 24576, 345.15, 64
2026/09/20 15:35:52.139, 100, 22760, 24576, 342.03, 64
2026/09/20 15:35:53.139, 100, 22760, 24576, 342.15, 64
2026/09/20 15:35:54.140, 100, 22760, 24576, 343.36, 64
2026/09/20 15:35:55.140, 99, 22760, 24576, 343.08, 64
2026/09/20 15:35:56.141, 100, 22760, 24576, 342.71, 65
2026/09/20 15:35:57.141, 100, 22760, 24576, 343.42, 65
2026/09/20 15:35:58.141, 100, 22760, 24576, 342.55, 64
2026/09/20 15:35:59.142, 100, 22760, 24576, 343.13, 65
2026/09/20 15:36:00.142, 100, 22760, 24576, 343.57, 65
2026/09/20 15:36:01.143, 100, 22760, 24576, 343.16, 65
2026/09/20 15:36:02.143, 100, 22760, 24576, 343.45, 65
2026/09/20 15:36:03.144, 100, 22760, 24576, 343.08, 65
2026/09/20 15:36:04.144, 99, 22760, 24576, 343.14, 65
2026/09/20 15:36:05.145, 100, 22760, 24576, 343.17, 65
2026/09/20 15:36:06.145, 100, 22760, 24576, 343.58, 65
2026/09/20 15:36:07.146, 100, 22760, 24576, 343.36, 65
2026/09/20 15:36:08.146, 100, 22760, 24576, 341.54, 65
2026/09/20 15:36:09.147, 99, 22760, 24576, 342.83, 65
2026/09/20 15:36:10.147, 99, 22760, 24576, 343.11, 65
2026/09/20 15:36:11.148, 100, 22760, 24576, 344.01, 65
2026/09/20 15:36:12.148, 100, 22760, 24576, 343.36, 65
2026/09/20 15:36:13.149, 100, 22760, 24576, 343.68, 65
2026/09/20 15:36:14.149, 100, 22760, 24576, 345.14, 64
2026/09/20 15:36:15.152, 100, 22760, 24576, 346.20, 64
2026/09/20 15:36:16.152, 100, 22760, 24576, 346.01, 64
2026/09/20 15:36:17.153, 100, 22760, 24576, 345.45, 64
2026/09/20 15:36:18.153, 100, 22760, 24576, 345.28, 64
2026/09/20 15:36:19.154, 100, 22760, 24576, 340.41, 64
2026/09/20 15:36:20.154, 100, 22760, 24576, 342.70, 65
2026/09/20 15:36:21.155, 100, 22760, 24576, 343.98, 65
2026/09/20 15:36:22.155, 100, 22760, 24576, 344.43, 65
2026/09/20 15:36:23.156, 100, 22760, 24576, 344.18, 65
2026/09/20 15:36:24.156, 100, 22760, 24576, 344.73, 65
2026/09/20 15:36:25.157, 100, 22760, 24576, 342.87, 65
2026/09/20 15:36:26.157, 100, 22760, 24576, 344.01, 65
2026/09/20 15:36:27.157, 100, 22760, 24576, 344.22, 65
2026/09/20 15:36:28.158, 100, 22760, 24576, 344.52, 65
2026/09/20 15:36:29.158, 100, 22760, 24576, 343.76, 65
2026/09/20 15:36:30.159, 99, 22760, 24576, 343.32, 65
2026/09/20 15:36:31.159, 100, 22760, 24576, 343.72, 65
2026/09/20 15:36:32.159, 99, 22760, 24576, 344.52, 65
2026/09/20 15:36:33.160, 100, 22760, 24576, 344.09, 65
2026/09/20 15:36:34.160, 100, 22760, 24576, 344.23, 65
2026/09/20 15:36:35.161, 100, 22760, 24576, 344.39, 65
2026/09/20 15:36:36.161, 100, 22760, 24576, 343.60, 65
2026/09/20 15:36:37.162, 100, 22760, 24576, 343.90, 65
2026/09/20 15:36:38.162, 99, 22760, 24576, 344.15, 65
2026/09/20 15:36:39.163, 100, 22760, 24576, 343.77, 65
2026/09/20 15:36:40.163, 100, 22760, 24576, 344.38, 65
2026/09/20 15:36:41.164, 100, 22760, 24576, 345.34, 65
2026/09/20 15:36:42.164, 100, 22760, 24576, 345.99, 64
2026/09/20 15:36:43.165, 100, 22760, 24576, 345.67, 64
2026/09/20 15:36:44.165, 100, 22760, 24576, 345.83, 64
2026/09/20 15:36:45.166, 100, 22760, 24576, 345.68, 64
2026/09/20 15:36:46.166, 62, 22760, 24576, 339.58, 65
2026/09/20 15:36:47.167, 99, 22760, 24576, 343.58, 65
2026/09/20 15:36:48.167, 99, 22760, 24576, 345.35, 65
2026/09/20 15:36:49.167, 100, 22760, 24576, 343.48, 65
2026/09/20 15:36:50.168, 99, 22760, 24576, 343.52, 65
2026/09/20 15:36:51.168, 99, 22760, 24576, 345.10, 65
2026/09/20 15:36:52.169, 99, 22760, 24576, 343.01, 65
2026/09/20 15:36:53.169, 100, 22760, 24576, 343.20, 65
2026/09/20 15:36:54.170, 100, 22760, 24576, 343.73, 65
2026/09/20 15:36:55.170, 99, 22760, 24576, 343.11, 65
2026/09/20 15:36:56.171, 99, 22760, 24576, 343.99, 65
2026/09/20 15:36:57.171, 99, 22760, 24576, 343.12, 65
2026/09/20 15:36:58.171, 100, 22760, 24576, 344.36, 65
2026/09/20 15:36:59.172, 100, 22760, 24576, 344.73, 65
2026/09/20 15:37:00.172, 100, 22760, 24576, 343.96, 65
2026/09/20 15:37:01.173, 99, 22760, 24576, 343.45, 65
2026/09/20 15:37:02.173, 99, 22760, 24576, 344.76, 65
2026/09/20 15:37:03.173, 100, 22760, 24576, 341.65, 65
2026/09/20 15:37:04.174, 100, 22760, 24576, 343.81, 65
2026/09/20 15:37:05.174, 100, 22760, 24576, 344.70, 65
2026/09/20 15:37:06.175, 100, 22760, 24576, 343.68, 65
2026/09/20 15:37:07.175, 100, 22760, 24576, 343.56, 65
2026/09/20 15:37:08.176, 100, 22760, 24576, 345.36, 65
2026/09/20 15:37:09.176, 100, 22760, 24576, 345.81, 65
2026/09/20 15:37:10.177, 100, 22760, 24576, 345.98, 64
2026/09/20 15:37:11.177, 100, 22760, 24576, 345.76, 64
2026/09/20 15:37:12.177, 100, 22760, 24576, 345.66, 64
2026/09/20 15:37:13.178, 100, 22760, 24576, 340.21, 65
2026/09/20 15:37:14.179, 100, 22760, 24576, 344.05, 65
2026/09/20 15:37:15.179, 100, 22760, 24576, 344.03, 65
2026/09/20 15:37:16.179, 99, 22760, 24576, 344.11, 65
2026/09/20 15:37:17.180, 100, 22760, 24576, 343.47, 65
2026/09/20 15:37:18.180, 100, 22760, 24576, 343.50, 65
2026/09/20 15:37:19.181, 100, 22760, 24576, 341.94, 65
2026/09/20 15:37:20.181, 100, 22760, 24576, 342.83, 65
2026/09/20 15:37:21.182, 99, 22760, 24576, 343.42, 65
2026/09/20 15:37:22.183, 100, 22760, 24576, 343.03, 65
2026/09/20 15:37:23.184, 100, 22760, 24576, 344.85, 65
2026/09/20 15:37:24.184, 100, 22760, 24576, 342.75, 65
2026/09/20 15:37:25.185, 100, 22760, 24576, 343.58, 65
2026/09/20 15:37:26.185, 100, 22760, 24576, 344.08, 65
2026/09/20 15:37:27.186, 100, 22760, 24576, 342.96, 65
2026/09/20 15:37:28.186, 100, 22760, 24576, 343.64, 65
2026/09/20 15:37:29.186, 100, 22760, 24576, 344.21, 65
2026/09/20 15:37:30.187, 99, 22760, 24576, 342.77, 65
2026/09/20 15:37:31.187, 100, 22760, 24576, 343.40, 65
2026/09/20 15:37:32.188, 100, 22760, 24576, 344.02, 65
2026/09/20 15:37:33.188, 100, 22760, 24576, 343.08, 65
2026/09/20 15:37:34.189, 100, 22760, 24576, 344.40, 65
2026/09/20 15:37:35.189, 100, 22760, 24576, 345.24, 65
2026/09/20 15:37:36.190, 100, 22760, 24576, 345.58, 65
2026/09/20 15:37:37.190, 100, 22760, 24576, 345.42, 65
2026/09/20 15:37:38.190, 100, 22760, 24576, 345.48, 65
2026/09/20 15:37:39.191, 100, 22760, 24576, 345.95, 65
2026/09/20 15:37:40.191, 100, 22760, 24576, 339.71, 65
2026/09/20 15:37:41.192, 99, 22760, 24576, 343.15, 65
2026/09/20 15:37:42.192, 99, 22760, 24576, 343.45, 65
2026/09/20 15:37:43.193, 100, 22760, 24576, 343.67, 65
2026/09/20 15:37:44.193, 100, 22760, 24576, 343.29, 65
2026/09/20 15:37:45.194, 100, 22762, 24576, 334.67, 65
2026/09/20 15:37:46.194, 100, 22762, 24576, 346.15, 65
2026/09/20 15:37:47.195, 100, 22762, 24576, 344.91, 65
2026/09/20 15:37:48.195, 100, 22762, 24576, 335.85, 65
2026/09/20 15:37:49.196, 100, 22762, 24576, 336.43, 65
2026/09/20 15:37:50.196, 100, 22762, 24576, 343.18, 64
2026/09/20 15:37:51.196, 100, 22762, 24576, 343.52, 65
2026/09/20 15:37:52.197, 100, 22762, 24576, 332.39, 65
2026/09/20 15:37:53.197, 100, 22762, 24576, 346.21, 65
2026/09/20 15:37:54.198, 100, 22762, 24576, 344.39, 65
2026/09/20 15:37:55.198, 100, 22762, 24576, 331.64, 65
2026/09/20 15:37:56.199, 100, 22762, 24576, 336.17, 64
2026/09/20 15:37:57.199, 100, 22762, 24576, 343.36, 64
2026/09/20 15:37:58.200, 100, 22762, 24576, 343.62, 64
2026/09/20 15:37:59.200, 31, 22762, 24576, 334.56, 65
2026/09/20 15:38:00.201, 100, 22762, 24576, 346.38, 65
2026/09/20 15:38:01.201, 100, 22762, 24576, 346.21, 65
2026/09/20 15:38:02.202, 100, 22762, 24576, 325.28, 63
2026/09/20 15:38:03.202, 100, 22762, 24576, 332.88, 64
2026/09/20 15:38:04.202, 100, 22762, 24576, 342.97, 64
2026/09/20 15:38:05.203, 100, 22762, 24576, 343.91, 65
2026/09/20 15:38:06.203, 26, 22762, 24576, 334.10, 65
2026/09/20 15:38:07.204, 100, 22762, 24576, 346.46, 65
2026/09/20 15:38:08.204, 100, 22762, 24576, 346.22, 65
2026/09/20 15:38:09.205, 100, 22762, 24576, 331.61, 63
2026/09/20 15:38:10.205, 100, 22762, 24576, 337.78, 64
2026/09/20 15:38:11.205, 100, 22762, 24576, 343.74, 64
2026/09/20 15:38:12.206, 100, 22762, 24576, 343.93, 64
2026/09/20 15:38:13.206, 54, 22762, 24576, 333.63, 65
2026/09/20 15:38:14.207, 100, 22762, 24576, 346.56, 65
2026/09/20 15:38:15.207, 100, 22762, 24576, 346.68, 65
2026/09/20 15:38:16.208, 100, 22762, 24576, 332.28, 63
2026/09/20 15:38:17.208, 100, 22762, 24576, 343.77, 64
2026/09/20 15:38:18.209, 100, 22762, 24576, 343.83, 64
2026/09/20 15:38:19.209, 100, 22762, 24576, 343.94, 64
2026/09/20 15:38:20.210, 35, 22762, 24576, 327.30, 65
2026/09/20 15:38:21.210, 100, 22762, 24576, 346.23, 65
2026/09/20 15:38:22.211, 100, 22762, 24576, 346.89, 65
2026/09/20 15:38:23.211, 100, 22762, 24576, 332.09, 63
2026/09/20 15:38:24.212, 100, 22762, 24576, 340.70, 64
2026/09/20 15:38:25.212, 100, 22762, 24576, 343.73, 64
2026/09/20 15:38:26.213, 100, 22762, 24576, 344.67, 64
2026/09/20 15:38:27.213, 74, 22762, 24576, 335.00, 65
2026/09/20 15:38:28.213, 100, 22762, 24576, 346.28, 65
2026/09/20 15:38:29.214, 100, 22762, 24576, 346.61, 65
2026/09/20 15:38:30.214, 100, 22762, 24576, 332.16, 63
2026/09/20 15:38:31.215, 100, 22762, 24576, 346.59, 64
2026/09/20 15:38:32.215, 100, 22762, 24576, 344.26, 64
2026/09/20 15:38:33.216, 100, 22762, 24576, 344.77, 64
2026/09/20 15:38:34.216, 99, 22762, 24576, 335.16, 65
2026/09/20 15:38:35.217, 100, 22762, 24576, 346.24, 65
2026/09/20 15:38:36.217, 100, 22762, 24576, 346.73, 65
2026/09/20 15:38:37.218, 100, 22760, 24576, 333.56, 65
2026/09/20 15:38:38.218, 100, 22760, 24576, 343.88, 65
2026/09/20 15:38:39.218, 99, 22760, 24576, 343.27, 65
2026/09/20 15:38:40.219, 100, 22760, 24576, 342.91, 65
2026/09/20 15:38:41.219, 100, 22760, 24576, 343.31, 65
2026/09/20 15:38:42.220, 100, 22760, 24576, 343.30, 65
2026/09/20 15:38:43.220, 100, 22760, 24576, 343.91, 65
2026/09/20 15:38:44.221, 100, 22760, 24576, 343.84, 66
2026/09/20 15:38:45.221, 100, 22760, 24576, 344.20, 65
2026/09/20 15:38:46.221, 99, 22760, 24576, 344.17, 65
2026/09/20 15:38:47.222, 100, 22760, 24576, 343.89, 66
2026/09/20 15:38:48.222, 100, 22760, 24576, 343.95, 66
2026/09/20 15:38:49.223, 100, 22760, 24576, 343.51, 66
2026/09/20 15:38:50.223, 100, 22760, 24576, 344.88, 66
2026/09/20 15:38:51.224, 100, 22762, 24576, 344.04, 66
2026/09/20 15:38:52.224, 100, 22762, 24576, 345.26, 66
2026/09/20 15:38:53.225, 100, 22762, 24576, 342.51, 66
2026/09/20 15:38:54.225, 99, 22762, 24576, 344.28, 66
2026/09/20 15:38:55.226, 99, 22762, 24576, 343.43, 66
2026/09/20 15:38:56.226, 99, 22762, 24576, 342.52, 66
2026/09/20 15:38:57.227, 99, 22762, 24576, 343.99, 66
2026/09/20 15:38:58.227, 99, 22762, 24576, 342.68, 66
2026/09/20 15:38:59.228, 99, 22762, 24576, 344.64, 66
2026/09/20 15:39:00.228, 100, 22762, 24576, 342.10, 66
2026/09/20 15:39:01.229, 100, 22762, 24576, 343.34, 66
2026/09/20 15:39:02.229, 100, 22762, 24576, 344.15, 66
2026/09/20 15:39:03.229, 100, 22762, 24576, 342.04, 66
2026/09/20 15:39:04.230, 100, 22762, 24576, 342.90, 66
2026/09/20 15:39:05.230, 100, 22762, 24576, 340.06, 66
2026/09/20 15:39:06.231, 100, 22762, 24576, 340.37, 66
2026/09/20 15:39:07.231, 100, 22762, 24576, 337.49, 66
2026/09/20 15:39:08.232, 100, 22762, 24576, 336.28, 66
2026/09/20 15:39:09.232, 100, 22762, 24576, 337.63, 66
2026/09/20 15:39:10.233, 100, 22762, 24576, 339.10, 66
2026/09/20 15:39:11.233, 99, 22762, 24576, 335.92, 66
2026/09/20 15:39:12.234, 100, 22762, 24576, 336.43, 66
2026/09/20 15:39:13.234, 100, 22762, 24576, 335.03, 66
2026/09/20 15:39:14.235, 100, 22762, 24576, 335.84, 65
2026/09/20 15:39:15.235, 100, 22762, 24576, 335.32, 66
2026/09/20 15:39:16.236, 100, 22762, 24576, 336.56, 65
2026/09/20 15:39:17.236, 100, 22764, 24576, 336.61, 66
2026/09/20 15:39:18.237, 100, 22764, 24576, 336.62, 66
2026/09/20 15:39:19.237, 100, 22764, 24576, 338.45, 66
2026/09/20 15:39:20.238, 100, 22764, 24576, 337.64, 66
2026/09/20 15:39:21.238, 100, 22764, 24576, 338.60, 65
2026/09/20 15:39:22.238, 100, 22764, 24576, 336.59, 66
2026/09/20 15:39:23.239, 100, 22764, 24576, 334.72, 66
2026/09/20 15:39:24.239, 100, 22764, 24576, 336.13, 66
2026/09/20 15:39:25.240, 100, 22764, 24576, 333.94, 66
2026/09/20 15:39:26.240, 100, 22764, 24576, 334.40, 66
2026/09/20 15:39:27.241, 100, 22764, 24576, 335.66, 66
2026/09/20 15:39:28.241, 100, 22764, 24576, 332.94, 66
2026/09/20 15:39:29.242, 100, 22764, 24576, 333.45, 66
2026/09/20 15:39:30.242, 100, 22764, 24576, 334.36, 65
2026/09/20 15:39:31.242, 100, 22764, 24576, 331.75, 65
2026/09/20 15:39:32.243, 100, 22764, 24576, 332.23, 66
2026/09/20 15:39:33.243, 100, 22764, 24576, 341.00, 66
2026/09/20 15:39:34.244, 100, 22764, 24576, 337.95, 66
2026/09/20 15:39:35.244, 100, 22764, 24576, 338.05, 66
2026/09/20 15:39:36.244, 100, 22764, 24576, 335.36, 66
2026/09/20 15:39:37.245, 100, 22764, 24576, 335.31, 66
2026/09/20 15:39:38.245, 100, 22764, 24576, 335.61, 66
2026/09/20 15:39:39.246, 100, 22764, 24576, 345.45, 65
2026/09/20 15:39:40.246, 100, 22764, 24576, 346.41, 65
2026/09/20 15:39:41.247, 100, 22764, 24576, 346.10, 65
2026/09/20 15:39:42.247, 100, 22764, 24576, 345.82, 65
2026/09/20 15:39:43.247, 100, 22764, 24576, 345.57, 65
2026/09/20 15:39:44.248, 100, 22764, 24576, 339.89, 65
2026/09/20 15:39:45.248, 100, 22764, 24576, 343.92, 65
2026/09/20 15:39:46.249, 100, 22764, 24576, 343.95, 65
2026/09/20 15:39:47.249, 100, 22764, 24576, 343.28, 66
2026/09/20 15:39:48.250, 100, 22764, 24576, 343.76, 65
2026/09/20 15:39:49.250, 100, 22764, 24576, 343.41, 66
2026/09/20 15:39:50.251, 100, 22764, 24576, 343.73, 65
2026/09/20 15:39:51.251, 100, 22764, 24576, 343.70, 66
2026/09/20 15:39:52.252, 100, 22764, 24576, 343.86, 66
2026/09/20 15:39:53.252, 100, 22764, 24576, 344.48, 66
2026/09/20 15:39:54.252, 100, 22764, 24576, 344.31, 66
2026/09/20 15:39:55.253, 100, 22764, 24576, 344.35, 66
2026/09/20 15:39:56.254, 100, 22764, 24576, 344.41, 66
2026/09/20 15:39:57.254, 100, 22764, 24576, 343.81, 66
2026/09/20 15:39:58.254, 100, 22764, 24576, 343.58, 66
2026/09/20 15:39:59.255, 100, 22764, 24576, 344.02, 66
2026/09/20 15:40:00.255, 100, 22764, 24576, 344.34, 66
2026/09/20 15:40:01.256, 100, 22764, 24576, 344.20, 66
2026/09/20 15:40:02.256, 100, 22764, 24576, 344.74, 66
2026/09/20 15:40:03.257, 100, 22764, 24576, 343.55, 66
2026/09/20 15:40:04.257, 100, 22764, 24576, 342.24, 66
2026/09/20 15:40:05.258, 100, 22764, 24576, 340.17, 66
2026/09/20 15:40:06.258, 100, 22764, 24576, 343.54, 66
2026/09/20 15:40:07.259, 100, 23026, 24576, 340.36, 66
2026/09/20 15:40:08.262, 100, 22764, 24576, 344.06, 66
2026/09/20 15:40:09.262, 100, 22764, 24576, 338.75, 66
2026/09/20 15:40:10.263, 100, 22764, 24576, 340.87, 66
2026/09/20 15:40:11.263, 100, 22764, 24576, 340.24, 66
2026/09/20 15:40:12.264, 100, 22764, 24576, 338.46, 66
2026/09/20 15:40:13.264, 100, 22764, 24576, 338.75, 66
2026/09/20 15:40:14.264, 100, 22764, 24576, 340.56, 66
2026/09/20 15:40:15.265, 100, 22764, 24576, 338.47, 66
2026/09/20 15:40:16.265, 100, 22764, 24576, 337.11, 66
2026/09/20 15:40:17.266, 100, 22764, 24576, 336.85, 66
2026/09/20 15:40:18.266, 100, 22764, 24576, 335.53, 66
2026/09/20 15:40:19.267, 100, 22764, 24576, 337.09, 66
2026/09/20 15:40:20.267, 100, 22764, 24576, 336.01, 66
2026/09/20 15:40:21.268, 100, 22764, 24576, 333.88, 66
2026/09/20 15:40:22.268, 100, 22764, 24576, 337.02, 66
2026/09/20 15:40:23.269, 100, 22764, 24576, 337.48, 66
2026/09/20 15:40:24.269, 100, 22764, 24576, 336.49, 66
2026/09/20 15:40:25.270, 100, 22764, 24576, 338.17, 66
2026/09/20 15:40:26.270, 100, 22764, 24576, 336.79, 66
2026/09/20 15:40:27.270, 100, 22764, 24576, 336.90, 66
2026/09/20 15:40:28.271, 100, 22764, 24576, 339.15, 66
2026/09/20 15:40:29.271, 100, 22764, 24576, 336.14, 66
2026/09/20 15:40:30.272, 100, 22764, 24576, 335.05, 66
2026/09/20 15:40:31.272, 100, 22764, 24576, 336.34, 66
2026/09/20 15:40:32.273, 100, 22764, 24576, 335.81, 66
2026/09/20 15:40:33.273, 100, 22764, 24576, 335.36, 66
2026/09/20 15:40:34.274, 100, 22764, 24576, 333.75, 66
2026/09/20 15:40:35.274, 100, 22764, 24576, 336.22, 66
2026/09/20 15:40:36.275, 100, 22764, 24576, 334.97, 66
2026/09/20 15:40:37.275, 100, 22764, 24576, 331.99, 66
2026/09/20 15:40:38.276, 100, 22764, 24576, 331.51, 66
2026/09/20 15:40:39.276, 100, 22764, 24576, 342.09, 66
2026/09/20 15:40:40.277, 100, 22764, 24576, 334.93, 66
2026/09/20 15:40:41.277, 100, 22764, 24576, 339.18, 66
2026/09/20 15:40:42.278, 100, 22764, 24576, 335.34, 66
2026/09/20 15:40:43.278, 100, 22764, 24576, 335.62, 66
2026/09/20 15:40:44.279, 100, 22764, 24576, 336.32, 66
2026/09/20 15:40:45.279, 100, 22764, 24576, 345.19, 65
2026/09/20 15:40:46.280, 100, 22764, 24576, 345.76, 65
2026/09/20 15:40:47.280, 100, 22764, 24576, 344.68, 65
2026/09/20 15:40:48.281, 100, 22764, 24576, 345.51, 65
2026/09/20 15:40:49.281, 100, 22764, 24576, 346.05, 65
2026/09/20 15:40:50.282, 100, 22764, 24576, 342.08, 65
2026/09/20 15:40:51.282, 100, 22764, 24576, 342.57, 65
2026/09/20 15:40:52.282, 100, 22764, 24576, 343.23, 65
2026/09/20 15:40:53.283, 100, 22764, 24576, 343.99, 66
2026/09/20 15:40:54.287, 100, 22764, 24576, 344.73, 66
2026/09/20 15:40:55.288, 100, 22764, 24576, 344.62, 65
2026/09/20 15:40:56.288, 100, 22764, 24576, 343.69, 66
2026/09/20 15:40:57.289, 100, 22764, 24576, 344.39, 66
2026/09/20 15:40:58.289, 100, 22764, 24576, 344.70, 66
2026/09/20 15:40:59.289, 100, 22764, 24576, 343.96, 66
2026/09/20 15:41:00.290, 100, 22764, 24576, 344.59, 66
2026/09/20 15:41:01.290, 99, 22764, 24576, 345.03, 66
2026/09/20 15:41:02.291, 100, 22764, 24576, 344.33, 66
2026/09/20 15:41:03.291, 100, 22764, 24576, 343.68, 66
2026/09/20 15:41:04.292, 100, 22764, 24576, 345.31, 66
2026/09/20 15:41:05.292, 100, 22764, 24576, 343.86, 66
2026/09/20 15:41:06.293, 99, 22764, 24576, 343.86, 66
2026/09/20 15:41:07.294, 100, 22764, 24576, 343.35, 66
2026/09/20 15:41:08.294, 100, 22764, 24576, 342.99, 66
2026/09/20 15:41:09.294, 100, 22764, 24576, 344.35, 66
2026/09/20 15:41:10.295, 100, 22764, 24576, 342.60, 66
2026/09/20 15:41:11.295, 100, 22764, 24576, 341.83, 66
2026/09/20 15:41:12.296, 100, 22764, 24576, 343.61, 66
2026/09/20 15:41:13.296, 100, 22764, 24576, 340.55, 66
2026/09/20 15:41:14.297, 99, 22764, 24576, 343.83, 66
2026/09/20 15:41:15.297, 100, 22764, 24576, 343.13, 66
2026/09/20 15:41:16.298, 100, 22764, 24576, 341.27, 66
2026/09/20 15:41:17.298, 100, 22764, 24576, 341.06, 66
2026/09/20 15:41:18.299, 100, 22764, 24576, 340.65, 66
2026/09/20 15:41:19.300, 100, 22764, 24576, 339.08, 66
2026/09/20 15:41:20.300, 100, 22764, 24576, 342.69, 66
2026/09/20 15:41:21.301, 100, 22764, 24576, 340.37, 66
2026/09/20 15:41:22.301, 100, 22764, 24576, 338.42, 66
2026/09/20 15:41:23.301, 100, 22764, 24576, 337.72, 66
2026/09/20 15:41:24.302, 100, 22764, 24576, 337.38, 66
2026/09/20 15:41:25.302, 100, 22764, 24576, 338.39, 66
2026/09/20 15:41:26.302, 100, 22764, 24576, 335.51, 66
2026/09/20 15:41:27.303, 100, 22764, 24576, 337.03, 66
2026/09/20 15:41:28.303, 100, 22764, 24576, 337.13, 66
2026/09/20 15:41:29.304, 100, 22764, 24576, 335.28, 66
2026/09/20 15:41:30.304, 100, 22764, 24576, 335.55, 66
2026/09/20 15:41:31.305, 100, 22764, 24576, 336.45, 66
2026/09/20 15:41:32.305, 100, 22764, 24576, 336.53, 66
2026/09/20 15:41:33.305, 100, 22764, 24576, 336.91, 66
2026/09/20 15:41:34.306, 100, 22764, 24576, 336.06, 66
2026/09/20 15:41:35.306, 100, 22764, 24576, 335.02, 66
2026/09/20 15:41:36.307, 100, 22764, 24576, 334.91, 66
2026/09/20 15:41:37.307, 100, 22764, 24576, 336.33, 66
2026/09/20 15:41:38.308, 100, 22764, 24576, 335.39, 66
2026/09/20 15:41:39.308, 100, 22764, 24576, 335.92, 66
2026/09/20 15:41:40.309, 100, 22764, 24576, 334.93, 66
2026/09/20 15:41:41.309, 100, 22764, 24576, 336.12, 66
2026/09/20 15:41:42.310, 100, 22764, 24576, 335.65, 66
2026/09/20 15:41:43.310, 100, 22764, 24576, 334.92, 66
2026/09/20 15:41:44.311, 100, 22764, 24576, 338.67, 66
2026/09/20 15:41:45.311, 100, 22764, 24576, 340.52, 66
2026/09/20 15:41:46.312, 100, 22764, 24576, 337.24, 66
2026/09/20 15:41:47.312, 100, 22764, 24576, 334.98, 66
2026/09/20 15:41:48.312, 100, 22764, 24576, 336.75, 66
2026/09/20 15:41:49.313, 100, 22764, 24576, 336.79, 66
2026/09/20 15:41:50.313, 100, 22764, 24576, 336.16, 66
2026/09/20 15:41:51.314, 100, 22764, 24576, 340.77, 66
2026/09/20 15:41:52.314, 100, 22764, 24576, 345.53, 65
2026/09/20 15:41:53.314, 100, 22764, 24576, 346.29, 65
2026/09/20 15:41:54.315, 100, 22764, 24576, 346.35, 65
2026/09/20 15:41:55.315, 100, 22764, 24576, 346.30, 65
2026/09/20 15:41:56.316, 100, 22764, 24576, 338.69, 65
2026/09/20 15:41:57.316, 100, 22764, 24576, 338.05, 65
2026/09/20 15:41:58.317, 100, 22764, 24576, 342.10, 65
2026/09/20 15:41:59.317, 100, 22764, 24576, 343.16, 65
2026/09/20 15:42:00.318, 100, 22764, 24576, 343.17, 66
2026/09/20 15:42:01.318, 99, 22764, 24576, 343.54, 66
2026/09/20 15:42:02.320, 100, 22764, 24576, 343.71, 66
2026/09/20 15:42:03.321, 100, 22764, 24576, 343.88, 66
2026/09/20 15:42:04.321, 100, 22764, 24576, 344.21, 66
2026/09/20 15:42:05.322, 100, 22764, 24576, 344.52, 66
2026/09/20 15:42:06.322, 100, 22764, 24576, 344.09, 66
2026/09/20 15:42:07.323, 100, 22764, 24576, 344.58, 66
2026/09/20 15:42:08.323, 99, 22764, 24576, 343.70, 66
2026/09/20 15:42:09.324, 100, 22764, 24576, 343.84, 66
2026/09/20 15:42:10.324, 100, 22764, 24576, 344.06, 66
2026/09/20 15:42:11.325, 100, 22764, 24576, 344.95, 66
2026/09/20 15:42:12.325, 100, 22764, 24576, 343.19, 66
2026/09/20 15:42:13.326, 100, 22764, 24576, 343.63, 66
2026/09/20 15:42:14.326, 100, 22764, 24576, 343.95, 66
2026/09/20 15:42:15.327, 100, 22764, 24576, 343.58, 66
2026/09/20 15:42:16.327, 100, 22764, 24576, 343.39, 66
2026/09/20 15:42:17.327, 100, 22764, 24576, 343.60, 66
2026/09/20 15:42:18.328, 100, 22764, 24576, 344.39, 66
2026/09/20 15:42:19.328, 100, 22764, 24576, 342.02, 66
2026/09/20 15:42:20.329, 100, 22764, 24576, 341.04, 66
2026/09/20 15:42:21.329, 100, 22764, 24576, 344.30, 66
2026/09/20 15:42:22.330, 100, 22764, 24576, 342.75, 66
2026/09/20 15:42:23.330, 100, 22764, 24576, 343.28, 66
2026/09/20 15:42:24.331, 100, 22764, 24576, 343.26, 66
2026/09/20 15:42:25.331, 99, 22764, 24576, 341.01, 66
2026/09/20 15:42:26.332, 100, 22764, 24576, 337.10, 66
2026/09/20 15:42:27.332, 100, 22764, 24576, 336.45, 66
2026/09/20 15:42:28.333, 100, 22764, 24576, 339.08, 66
2026/09/20 15:42:29.333, 100, 22764, 24576, 336.91, 66
2026/09/20 15:42:30.334, 100, 22764, 24576, 336.52, 66
2026/09/20 15:42:31.334, 100, 22764, 24576, 335.66, 66
2026/09/20 15:42:32.335, 100, 22764, 24576, 337.25, 66
2026/09/20 15:42:33.335, 100, 22764, 24576, 338.56, 66
2026/09/20 15:42:34.336, 100, 22764, 24576, 337.18, 66
2026/09/20 15:42:35.336, 100, 22764, 24576, 336.51, 66
2026/09/20 15:42:36.337, 100, 22764, 24576, 335.99, 66
2026/09/20 15:42:37.337, 100, 22764, 24576, 336.48, 66
2026/09/20 15:42:38.338, 100, 22764, 24576, 337.59, 66
2026/09/20 15:42:39.338, 100, 22764, 24576, 337.90, 66
2026/09/20 15:42:40.339, 99, 22764, 24576, 337.16, 66
2026/09/20 15:42:41.339, 100, 22764, 24576, 338.31, 66
2026/09/20 15:42:42.340, 100, 22764, 24576, 337.12, 66
2026/09/20 15:42:43.340, 100, 22764, 24576, 336.39, 66
2026/09/20 15:42:44.341, 100, 22764, 24576, 336.02, 65
2026/09/20 15:42:45.341, 100, 22764, 24576, 335.28, 65
2026/09/20 15:42:46.342, 100, 22764, 24576, 334.67, 65
2026/09/20 15:42:47.342, 100, 22764, 24576, 335.00, 66
2026/09/20 15:42:48.343, 100, 22764, 24576, 335.46, 65
2026/09/20 15:42:49.343, 100, 22764, 24576, 336.40, 66
2026/09/20 15:42:50.344, 100, 22764, 24576, 339.63, 66
2026/09/20 15:42:51.344, 100, 22764, 24576, 336.95, 66
2026/09/20 15:42:52.345, 100, 22764, 24576, 343.27, 65
2026/09/20 15:42:53.345, 100, 22764, 24576, 335.53, 65
2026/09/20 15:42:54.345, 100, 22764, 24576, 336.17, 65
2026/09/20 15:42:55.346, 100, 22764, 24576, 335.77, 65
2026/09/20 15:42:56.346, 100, 22764, 24576, 336.22, 65
2026/09/20 15:42:57.346, 100, 22764, 24576, 337.05, 66
2026/09/20 15:42:58.347, 100, 22764, 24576, 345.39, 65
2026/09/20 15:42:59.347, 100, 22764, 24576, 345.56, 65
2026/09/20 15:43:00.348, 100, 22764, 24576, 345.57, 65
2026/09/20 15:43:01.348, 100, 22764, 24576, 345.68, 65
2026/09/20 15:43:02.350, 100, 22764, 24576, 345.55, 65
2026/09/20 15:43:03.350, 96, 22764, 24576, 339.74, 65
2026/09/20 15:43:04.351, 100, 22764, 24576, 343.37, 65
2026/09/20 15:43:05.351, 100, 22764, 24576, 344.37, 65
2026/09/20 15:43:06.351, 100, 22764, 24576, 344.00, 65
2026/09/20 15:43:07.352, 100, 22764, 24576, 343.92, 65
2026/09/20 15:43:08.352, 100, 22764, 24576, 343.77, 65
2026/09/20 15:43:09.353, 99, 22764, 24576, 343.61, 65
2026/09/20 15:43:10.353, 100, 22764, 24576, 343.92, 65
2026/09/20 15:43:11.353, 100, 22764, 24576, 344.42, 65
2026/09/20 15:43:12.354, 100, 22764, 24576, 344.22, 65
2026/09/20 15:43:13.355, 100, 22764, 24576, 344.71, 65
2026/09/20 15:43:14.355, 100, 22764, 24576, 345.19, 65
2026/09/20 15:43:15.356, 100, 22764, 24576, 344.76, 65
2026/09/20 15:43:16.356, 99, 22764, 24576, 344.48, 65
2026/09/20 15:43:17.357, 100, 22764, 24576, 344.72, 65
2026/09/20 15:43:18.357, 100, 22764, 24576, 343.74, 65
2026/09/20 15:43:19.358, 100, 22764, 24576, 344.77, 65
2026/09/20 15:43:20.358, 100, 22764, 24576, 344.82, 66
2026/09/20 15:43:21.359, 100, 22764, 24576, 344.27, 65
2026/09/20 15:43:22.359, 100, 22764, 24576, 343.04, 65
2026/09/20 15:43:23.360, 100, 22764, 24576, 343.77, 65
2026/09/20 15:43:24.360, 100, 22764, 24576, 344.11, 65
2026/09/20 15:43:25.361, 100, 22764, 24576, 343.82, 65
2026/09/20 15:43:26.361, 100, 22764, 24576, 340.64, 65
2026/09/20 15:43:27.362, 100, 22764, 24576, 343.15, 65
2026/09/20 15:43:28.362, 100, 22764, 24576, 343.51, 65
2026/09/20 15:43:29.363, 99, 22764, 24576, 344.02, 65
2026/09/20 15:43:30.363, 100, 22764, 24576, 339.18, 65
2026/09/20 15:43:31.364, 100, 22764, 24576, 337.91, 65
2026/09/20 15:43:32.364, 100, 22764, 24576, 338.68, 65
2026/09/20 15:43:33.365, 100, 22764, 24576, 332.91, 65
2026/09/20 15:43:34.365, 100, 22764, 24576, 335.48, 65
2026/09/20 15:43:35.366, 100, 22764, 24576, 338.37, 65
2026/09/20 15:43:36.366, 100, 22764, 24576, 337.52, 65
2026/09/20 15:43:37.367, 100, 22764, 24576, 336.35, 65
2026/09/20 15:43:38.367, 100, 22764, 24576, 338.21, 65
2026/09/20 15:43:39.368, 100, 22764, 24576, 337.18, 65
2026/09/20 15:43:40.368, 100, 22764, 24576, 338.14, 65
2026/09/20 15:43:41.369, 99, 22764, 24576, 338.26, 65
2026/09/20 15:43:42.369, 100, 22764, 24576, 338.32, 65
2026/09/20 15:43:43.370, 100, 22764, 24576, 338.05, 65
2026/09/20 15:43:44.370, 100, 22764, 24576, 337.38, 65
2026/09/20 15:43:45.371, 100, 22764, 24576, 336.29, 65
2026/09/20 15:43:46.371, 100, 22764, 24576, 337.70, 65
2026/09/20 15:43:47.372, 100, 22764, 24576, 334.23, 65
2026/09/20 15:43:48.372, 100, 22764, 24576, 335.08, 65
2026/09/20 15:43:49.373, 100, 22764, 24576, 334.53, 65
2026/09/20 15:43:50.373, 99, 22764, 24576, 335.66, 65
2026/09/20 15:43:51.374, 100, 22764, 24576, 334.43, 65
2026/09/20 15:43:52.374, 100, 22764, 24576, 335.87, 65
2026/09/20 15:43:53.375, 100, 22764, 24576, 334.34, 65
2026/09/20 15:43:54.375, 100, 22764, 24576, 334.71, 65
2026/09/20 15:43:55.376, 100, 22764, 24576, 334.13, 64
2026/09/20 15:43:56.376, 100, 22764, 24576, 337.88, 65
2026/09/20 15:43:57.377, 100, 22764, 24576, 339.10, 65
2026/09/20 15:43:58.377, 100, 22764, 24576, 340.74, 64
2026/09/20 15:43:59.378, 100, 22764, 24576, 335.32, 64
2026/09/20 15:44:00.378, 100, 22764, 24576, 336.05, 64
2026/09/20 15:44:01.378, 100, 22764, 24576, 332.86, 64
2026/09/20 15:44:02.379, 100, 22764, 24576, 334.62, 64
2026/09/20 15:44:03.380, 100, 22764, 24576, 337.33, 65
2026/09/20 15:44:04.380, 100, 22764, 24576, 346.36, 64
2026/09/20 15:44:05.380, 100, 22764, 24576, 346.18, 64
2026/09/20 15:44:06.381, 100, 22764, 24576, 345.92, 63
2026/09/20 15:44:07.382, 100, 22764, 24576, 345.72, 64
2026/09/20 15:44:08.382, 100, 22764, 24576, 345.30, 64
2026/09/20 15:44:09.383, 100, 22764, 24576, 338.19, 64
2026/09/20 15:44:10.383, 100, 22764, 24576, 343.83, 64
2026/09/20 15:44:11.383, 100, 22764, 24576, 344.01, 64
2026/09/20 15:44:12.384, 100, 22764, 24576, 343.66, 64
2026/09/20 15:44:13.384, 100, 22764, 24576, 343.67, 64
2026/09/20 15:44:14.385, 100, 22764, 24576, 344.09, 64
2026/09/20 15:44:15.385, 100, 22764, 24576, 344.24, 64
2026/09/20 15:44:16.386, 100, 22764, 24576, 344.32, 64
2026/09/20 15:44:17.386, 100, 22764, 24576, 343.78, 64
2026/09/20 15:44:18.387, 100, 22764, 24576, 344.88, 65
2026/09/20 15:44:19.387, 99, 22764, 24576, 344.33, 64
2026/09/20 15:44:20.388, 100, 22764, 24576, 344.43, 64
2026/09/20 15:44:21.388, 100, 22764, 24576, 344.35, 65
2026/09/20 15:44:22.388, 100, 22764, 24576, 343.93, 64
2026/09/20 15:44:23.389, 99, 22764, 24576, 343.97, 64
2026/09/20 15:44:24.389, 100, 22764, 24576, 343.57, 65
2026/09/20 15:44:25.390, 100, 22764, 24576, 343.51, 65
2026/09/20 15:44:26.390, 100, 22764, 24576, 344.24, 65
2026/09/20 15:44:27.391, 100, 22764, 24576, 344.02, 65
2026/09/20 15:44:28.391, 100, 22764, 24576, 344.73, 65
2026/09/20 15:44:29.391, 100, 22764, 24576, 342.70, 64
2026/09/20 15:44:30.392, 100, 22764, 24576, 343.56, 64
2026/09/20 15:44:31.393, 100, 22764, 24576, 343.94, 64
2026/09/20 15:44:32.393, 99, 22764, 24576, 343.74, 64
2026/09/20 15:44:33.394, 100, 22764, 24576, 341.33, 64
2026/09/20 15:44:34.394, 100, 22764, 24576, 342.23, 64
2026/09/20 15:44:35.395, 100, 22764, 24576, 340.50, 64
2026/09/20 15:44:36.395, 100, 22764, 24576, 340.14, 64
2026/09/20 15:44:37.396, 100, 22764, 24576, 339.80, 64
2026/09/20 15:44:38.396, 100, 22764, 24576, 337.14, 64
2026/09/20 15:44:39.397, 100, 22764, 24576, 341.20, 64
2026/09/20 15:44:40.397, 100, 22764, 24576, 339.02, 64
2026/09/20 15:44:41.398, 100, 22764, 24576, 338.89, 65
2026/09/20 15:44:42.398, 100, 22764, 24576, 337.41, 64
2026/09/20 15:44:43.398, 100, 22764, 24576, 336.21, 64
2026/09/20 15:44:44.399, 100, 22764, 24576, 338.55, 64
2026/09/20 15:44:45.399, 100, 22764, 24576, 335.10, 64
2026/09/20 15:44:46.400, 100, 22764, 24576, 337.85, 64
2026/09/20 15:44:47.400, 100, 22764, 24576, 335.55, 64
2026/09/20 15:44:48.401, 100, 22764, 24576, 340.02, 64
2026/09/20 15:44:49.401, 100, 22764, 24576, 339.17, 64
2026/09/20 15:44:50.402, 100, 22764, 24576, 337.37, 64
2026/09/20 15:44:51.402, 100, 22764, 24576, 336.68, 64
2026/09/20 15:44:52.403, 100, 22764, 24576, 336.38, 64
2026/09/20 15:44:53.403, 100, 22764, 24576, 336.43, 64
2026/09/20 15:44:54.404, 100, 22764, 24576, 334.99, 64
2026/09/20 15:44:55.404, 100, 22766, 24576, 337.44, 64
2026/09/20 15:44:56.405, 100, 22766, 24576, 336.83, 64
2026/09/20 15:44:57.405, 100, 22766, 24576, 335.69, 64
2026/09/20 15:44:58.405, 100, 22766, 24576, 335.70, 64
2026/09/20 15:44:59.406, 100, 22766, 24576, 333.79, 64
2026/09/20 15:45:00.406, 100, 22766, 24576, 333.75, 64
2026/09/20 15:45:01.407, 100, 22766, 24576, 335.07, 64
2026/09/20 15:45:02.407, 100, 22766, 24576, 337.11, 64
2026/09/20 15:45:03.408, 100, 22766, 24576, 333.16, 64
2026/09/20 15:45:04.408, 100, 22766, 24576, 343.92, 64
2026/09/20 15:45:05.409, 100, 22766, 24576, 337.23, 64
2026/09/20 15:45:06.409, 100, 23028, 24576, 338.23, 64
2026/09/20 15:45:07.409, 100, 22766, 24576, 333.23, 64
2026/09/20 15:45:08.410, 99, 22766, 24576, 335.15, 64
2026/09/20 15:45:09.410, 100, 22766, 24576, 335.37, 64
2026/09/20 15:45:10.414, 100, 22766, 24576, 346.03, 63
2026/09/20 15:45:11.415, 100, 22766, 24576, 345.40, 63
2026/09/20 15:45:12.415, 100, 22766, 24576, 345.99, 63
2026/09/20 15:45:13.416, 100, 22766, 24576, 345.95, 63
2026/09/20 15:45:14.416, 100, 22766, 24576, 346.10, 63
2026/09/20 15:45:15.416, 100, 22766, 24576, 341.35, 63
2026/09/20 15:45:16.417, 100, 22766, 24576, 344.48, 64
2026/09/20 15:45:17.417, 100, 22766, 24576, 344.61, 64
2026/09/20 15:45:18.418, 100, 22766, 24576, 344.35, 64
2026/09/20 15:45:19.418, 100, 22766, 24576, 343.45, 64
2026/09/20 15:45:20.419, 99, 22766, 24576, 343.95, 64
2026/09/20 15:45:21.419, 100, 22766, 24576, 344.32, 64
2026/09/20 15:45:22.420, 100, 22766, 24576, 344.55, 64
2026/09/20 15:45:23.420, 100, 22766, 24576, 344.45, 64
2026/09/20 15:45:24.421, 100, 22766, 24576, 344.51, 64
2026/09/20 15:45:25.421, 100, 22766, 24576, 345.04, 64
2026/09/20 15:45:26.422, 99, 22766, 24576, 344.23, 64
2026/09/20 15:45:27.422, 100, 22766, 24576, 343.76, 64
2026/09/20 15:45:28.424, 100, 22766, 24576, 344.68, 64
2026/09/20 15:45:29.424, 100, 22766, 24576, 344.09, 64
2026/09/20 15:45:30.425, 100, 22766, 24576, 344.57, 64
2026/09/20 15:45:31.425, 100, 22766, 24576, 345.33, 64
2026/09/20 15:45:32.425, 100, 22766, 24576, 344.42, 64
2026/09/20 15:45:33.426, 96, 22766, 24576, 343.70, 64
2026/09/20 15:45:34.426, 99, 22766, 24576, 343.94, 64
2026/09/20 15:45:35.427, 100, 22766, 24576, 344.23, 64
2026/09/20 15:45:36.427, 100, 22766, 24576, 342.86, 64
2026/09/20 15:45:37.428, 100, 22766, 24576, 343.50, 64
2026/09/20 15:45:38.428, 100, 22766, 24576, 342.85, 64
2026/09/20 15:45:39.428, 100, 22766, 24576, 343.10, 64
2026/09/20 15:45:40.429, 100, 22766, 24576, 342.34, 64
2026/09/20 15:45:41.429, 100, 22766, 24576, 342.61, 64
2026/09/20 15:45:42.430, 100, 22766, 24576, 340.50, 64
2026/09/20 15:45:43.430, 100, 22766, 24576, 339.35, 64
2026/09/20 15:45:44.431, 100, 22766, 24576, 339.17, 64
2026/09/20 15:45:45.431, 100, 22766, 24576, 335.65, 64
2026/09/20 15:45:46.432, 100, 22766, 24576, 340.28, 64
2026/09/20 15:45:47.432, 100, 22766, 24576, 337.67, 65
2026/09/20 15:45:48.432, 99, 22766, 24576, 337.15, 65
2026/09/20 15:45:49.433, 100, 22766, 24576, 336.63, 64
2026/09/20 15:45:50.433, 100, 22766, 24576, 335.66, 64
2026/09/20 15:45:51.434, 100, 22766, 24576, 337.45, 64
2026/09/20 15:45:52.434, 100, 22766, 24576, 335.39, 64
2026/09/20 15:45:53.435, 100, 22766, 24576, 336.71, 64
2026/09/20 15:45:54.435, 100, 22766, 24576, 338.29, 64
2026/09/20 15:45:55.436, 100, 22766, 24576, 337.52, 64
2026/09/20 15:45:56.436, 100, 22766, 24576, 337.95, 64
2026/09/20 15:45:57.437, 100, 22766, 24576, 337.18, 64
2026/09/20 15:45:58.438, 100, 22766, 24576, 337.67, 64
2026/09/20 15:45:59.438, 100, 22766, 24576, 337.70, 64
2026/09/20 15:46:00.438, 100, 22766, 24576, 337.20, 64
2026/09/20 15:46:01.439, 99, 22766, 24576, 335.13, 64
2026/09/20 15:46:02.439, 100, 22766, 24576, 335.22, 64
2026/09/20 15:46:03.440, 100, 22766, 24576, 335.43, 64
2026/09/20 15:46:04.440, 100, 22766, 24576, 335.65, 64
2026/09/20 15:46:05.440, 100, 22766, 24576, 334.02, 64
2026/09/20 15:46:06.441, 100, 22766, 24576, 334.65, 64
2026/09/20 15:46:07.441, 100, 22766, 24576, 334.67, 64
2026/09/20 15:46:08.442, 100, 22766, 24576, 338.41, 64
2026/09/20 15:46:09.442, 100, 22766, 24576, 331.04, 64
2026/09/20 15:46:10.442, 100, 22766, 24576, 343.14, 64
2026/09/20 15:46:11.443, 100, 22766, 24576, 334.26, 64
2026/09/20 15:46:12.443, 100, 22766, 24576, 338.80, 65
2026/09/20 15:46:13.444, 100, 22766, 24576, 335.51, 64
2026/09/20 15:46:14.444, 100, 22766, 24576, 334.64, 64
2026/09/20 15:46:15.444, 100, 22766, 24576, 335.70, 64
2026/09/20 15:46:16.445, 100, 22766, 24576, 344.76, 64
2026/09/20 15:46:17.445, 100, 22766, 24576, 345.39, 64
2026/09/20 15:46:18.446, 100, 22766, 24576, 345.42, 64
2026/09/20 15:46:19.446, 100, 22766, 24576, 345.00, 64
2026/09/20 15:46:20.446, 100, 22766, 24576, 345.79, 64
2026/09/20 15:46:21.447, 100, 22766, 24576, 340.80, 64
2026/09/20 15:46:22.447, 99, 22766, 24576, 342.43, 64
2026/09/20 15:46:23.448, 99, 22766, 24576, 342.92, 64
2026/09/20 15:46:24.448, 100, 22766, 24576, 343.21, 64
2026/09/20 15:46:25.448, 100, 22766, 24576, 343.44, 64
2026/09/20 15:46:26.449, 100, 22766, 24576, 343.05, 65
2026/09/20 15:46:27.449, 100, 22766, 24576, 343.57, 65
2026/09/20 15:46:28.450, 99, 22766, 24576, 344.68, 65
2026/09/20 15:46:29.450, 100, 22766, 24576, 345.04, 65
2026/09/20 15:46:30.451, 99, 22766, 24576, 344.06, 65
2026/09/20 15:46:31.451, 100, 22766, 24576, 344.60, 65
2026/09/20 15:46:32.452, 100, 22766, 24576, 344.30, 65
2026/09/20 15:46:33.452, 99, 22766, 24576, 344.26, 65
2026/09/20 15:46:34.453, 100, 22766, 24576, 343.65, 65
2026/09/20 15:46:35.454, 100, 22766, 24576, 344.99, 65
2026/09/20 15:46:36.455, 100, 22766, 24576, 342.39, 65
2026/09/20 15:46:37.455, 100, 22766, 24576, 343.78, 65
2026/09/20 15:46:38.456, 100, 22766, 24576, 343.92, 65
2026/09/20 15:46:39.456, 100, 22766, 24576, 344.21, 65
2026/09/20 15:46:40.457, 100, 22766, 24576, 344.33, 65
2026/09/20 15:46:41.457, 100, 22766, 24576, 342.68, 65
2026/09/20 15:46:42.458, 100, 22766, 24576, 341.75, 65
2026/09/20 15:46:43.458, 100, 22766, 24576, 342.12, 65
2026/09/20 15:46:44.459, 100, 22766, 24576, 339.84, 65
2026/09/20 15:46:45.459, 100, 22766, 24576, 344.91, 65
2026/09/20 15:46:46.459, 100, 22766, 24576, 343.26, 65
2026/09/20 15:46:47.460, 100, 22766, 24576, 343.24, 65
2026/09/20 15:46:48.460, 100, 22766, 24576, 342.26, 65
2026/09/20 15:46:49.461, 100, 22766, 24576, 339.03, 65
2026/09/20 15:46:50.461, 100, 22766, 24576, 339.07, 65
2026/09/20 15:46:51.462, 100, 22766, 24576, 341.67, 65
2026/09/20 15:46:52.462, 100, 22766, 24576, 337.74, 65
2026/09/20 15:46:53.463, 100, 22766, 24576, 338.51, 65
2026/09/20 15:46:54.463, 100, 22766, 24576, 337.88, 65
2026/09/20 15:46:55.464, 100, 22766, 24576, 336.81, 65
2026/09/20 15:46:56.464, 100, 22766, 24576, 336.98, 65
2026/09/20 15:46:57.465, 100, 22766, 24576, 338.19, 65
2026/09/20 15:46:58.465, 100, 22766, 24576, 336.92, 65
2026/09/20 15:46:59.466, 100, 22766, 24576, 336.66, 65
2026/09/20 15:47:00.466, 100, 22766, 24576, 337.81, 65
2026/09/20 15:47:01.467, 100, 22766, 24576, 338.77, 65
2026/09/20 15:47:02.467, 100, 22766, 24576, 337.75, 65
2026/09/20 15:47:03.468, 100, 22766, 24576, 339.36, 65
2026/09/20 15:47:04.468, 100, 22766, 24576, 337.12, 65
2026/09/20 15:47:05.468, 100, 22766, 24576, 336.35, 65
2026/09/20 15:47:06.469, 100, 22766, 24576, 335.18, 65
2026/09/20 15:47:07.469, 100, 22766, 24576, 336.08, 65
2026/09/20 15:47:08.470, 100, 22766, 24576, 334.94, 65
2026/09/20 15:47:09.470, 100, 22766, 24576, 335.83, 65
2026/09/20 15:47:10.471, 100, 22766, 24576, 333.82, 65
2026/09/20 15:47:11.471, 100, 22766, 24576, 337.60, 65
2026/09/20 15:47:12.471, 99, 22766, 24576, 335.09, 65
2026/09/20 15:47:13.472, 100, 22766, 24576, 334.09, 65
2026/09/20 15:47:14.472, 100, 22766, 24576, 334.04, 65
2026/09/20 15:47:15.473, 100, 22766, 24576, 331.51, 65
2026/09/20 15:47:16.473, 100, 22766, 24576, 338.48, 65
2026/09/20 15:47:17.473, 99, 22766, 24576, 340.10, 65
2026/09/20 15:47:18.474, 100, 22766, 24576, 335.65, 65
2026/09/20 15:47:19.474, 100, 22766, 24576, 336.86, 65
2026/09/20 15:47:20.475, 100, 22766, 24576, 336.59, 65
2026/09/20 15:47:21.475, 100, 22766, 24576, 334.53, 65
2026/09/20 15:47:22.476, 100, 22766, 24576, 340.47, 65
2026/09/20 15:47:23.476, 100, 22766, 24576, 345.40, 65
2026/09/20 15:47:24.477, 100, 22766, 24576, 345.83, 64
2026/09/20 15:47:25.477, 100, 22766, 24576, 346.34, 64
2026/09/20 15:47:26.478, 100, 22766, 24576, 345.75, 64
2026/09/20 15:47:27.478, 63, 22766, 24576, 340.98, 63
2026/09/20 15:47:28.479, 100, 22766, 24576, 338.15, 64
2026/09/20 15:47:29.479, 100, 22766, 24576, 341.97, 65
2026/09/20 15:47:30.480, 100, 22766, 24576, 343.11, 65
2026/09/20 15:47:31.480, 99, 22766, 24576, 343.33, 65
2026/09/20 15:47:32.481, 100, 22766, 24576, 343.15, 65
2026/09/20 15:47:33.481, 100, 22766, 24576, 343.65, 65
2026/09/20 15:47:34.482, 100, 22766, 24576, 343.82, 65
2026/09/20 15:47:35.482, 99, 22766, 24576, 343.40, 65
2026/09/20 15:47:36.483, 100, 22766, 24576, 343.57, 65
2026/09/20 15:47:37.483, 99, 22766, 24576, 344.48, 65
2026/09/20 15:47:38.484, 100, 22766, 24576, 344.10, 65
2026/09/20 15:47:39.484, 100, 22766, 24576, 344.14, 65
2026/09/20 15:47:40.484, 100, 22766, 24576, 344.83, 65
2026/09/20 15:47:41.485, 99, 22766, 24576, 344.77, 65
2026/09/20 15:47:42.485, 100, 22766, 24576, 343.72, 65
2026/09/20 15:47:43.485, 100, 22766, 24576, 343.24, 65
2026/09/20 15:47:44.486, 100, 22766, 24576, 343.13, 65
2026/09/20 15:47:45.486, 100, 22766, 24576, 343.52, 65
2026/09/20 15:47:46.487, 100, 22766, 24576, 343.59, 65
2026/09/20 15:47:47.487, 100, 22766, 24576, 343.28, 65
2026/09/20 15:47:48.487, 100, 22766, 24576, 344.66, 65
2026/09/20 15:47:49.488, 100, 22766, 24576, 343.44, 66
2026/09/20 15:47:50.488, 100, 22766, 24576, 343.27, 65
2026/09/20 15:47:51.489, 100, 22766, 24576, 340.65, 65
2026/09/20 15:47:52.489, 99, 22766, 24576, 343.08, 65
2026/09/20 15:47:53.490, 100, 22766, 24576, 340.26, 65
2026/09/20 15:47:54.490, 100, 22766, 24576, 343.73, 65
2026/09/20 15:47:55.490, 100, 22766, 24576, 342.35, 66
2026/09/20 15:47:56.491, 100, 22766, 24576, 338.18, 65
2026/09/20 15:47:57.491, 100, 22766, 24576, 339.07, 65
2026/09/20 15:47:58.492, 99, 22766, 24576, 335.58, 65
2026/09/20 15:47:59.492, 100, 22766, 24576, 338.11, 65
2026/09/20 15:48:00.493, 100, 22766, 24576, 336.82, 65
2026/09/20 15:48:01.493, 100, 22766, 24576, 336.33, 65
2026/09/20 15:48:02.493, 100, 22766, 24576, 336.42, 65
2026/09/20 15:48:03.494, 100, 22766, 24576, 335.62, 66
2026/09/20 15:48:04.494, 100, 22766, 24576, 336.43, 65
2026/09/20 15:48:05.495, 100, 22766, 24576, 334.87, 65
2026/09/20 15:48:06.495, 100, 22766, 24576, 336.20, 66
2026/09/20 15:48:07.495, 100, 22766, 24576, 337.64, 65
2026/09/20 15:48:08.496, 100, 22766, 24576, 337.41, 65
2026/09/20 15:48:09.496, 99, 22766, 24576, 338.61, 65
2026/09/20 15:48:10.497, 100, 22766, 24576, 338.04, 65
2026/09/20 15:48:11.497, 100, 22766, 24576, 336.79, 65
2026/09/20 15:48:12.497, 99, 22766, 24576, 337.44, 65
2026/09/20 15:48:13.498, 100, 22766, 24576, 337.05, 65
2026/09/20 15:48:14.498, 100, 22766, 24576, 336.19, 66
2026/09/20 15:48:15.499, 100, 22766, 24576, 335.28, 65
2026/09/20 15:48:16.499, 100, 22766, 24576, 335.99, 65
2026/09/20 15:48:17.500, 100, 22766, 24576, 335.77, 65
2026/09/20 15:48:18.500, 100, 22766, 24576, 335.07, 65
2026/09/20 15:48:19.501, 100, 22766, 24576, 333.88, 65
2026/09/20 15:48:20.501, 99, 22766, 24576, 335.01, 65
2026/09/20 15:48:21.501, 100, 22766, 24576, 334.70, 65
2026/09/20 15:48:22.502, 100, 22766, 24576, 343.01, 66
2026/09/20 15:48:23.502, 100, 22766, 24576, 337.05, 65
2026/09/20 15:48:24.503, 100, 22766, 24576, 332.83, 65
2026/09/20 15:48:25.504, 100, 22766, 24576, 334.80, 66
2026/09/20 15:48:26.504, 100, 22766, 24576, 336.71, 66
2026/09/20 15:48:27.504, 100, 22766, 24576, 335.06, 65
2026/09/20 15:48:28.505, 100, 22766, 24576, 335.95, 66
2026/09/20 15:48:29.505, 100, 22766, 24576, 345.61, 65
2026/09/20 15:48:30.506, 100, 22766, 24576, 345.38, 65
2026/09/20 15:48:31.506, 100, 22766, 24576, 345.45, 65
2026/09/20 15:48:32.506, 100, 22766, 24576, 345.76, 65
2026/09/20 15:48:33.507, 100, 22766, 24576, 345.51, 65
2026/09/20 15:48:34.507, 100, 22766, 24576, 341.64, 65
2026/09/20 15:48:35.507, 99, 22766, 24576, 343.71, 65
2026/09/20 15:48:36.508, 100, 22766, 24576, 344.49, 65
2026/09/20 15:48:37.508, 100, 22766, 24576, 343.05, 65
2026/09/20 15:48:38.508, 100, 22766, 24576, 343.57, 65
2026/09/20 15:48:39.509, 100, 22766, 24576, 343.82, 65
2026/09/20 15:48:40.509, 100, 22766, 24576, 344.45, 65
2026/09/20 15:48:41.510, 100, 22766, 24576, 343.85, 65
2026/09/20 15:48:42.510, 99, 22766, 24576, 343.24, 65
2026/09/20 15:48:43.510, 100, 22766, 24576, 343.82, 65
2026/09/20 15:48:44.511, 100, 22766, 24576, 343.92, 65
2026/09/20 15:48:45.511, 100, 22766, 24576, 342.71, 66
2026/09/20 15:48:46.512, 100, 22766, 24576, 343.61, 66
2026/09/20 15:48:47.512, 100, 22766, 24576, 345.16, 66
2026/09/20 15:48:48.513, 100, 22766, 24576, 345.23, 66
2026/09/20 15:48:49.513, 100, 22766, 24576, 342.22, 66
2026/09/20 15:48:50.513, 99, 22766, 24576, 344.39, 66
2026/09/20 15:48:51.514, 99, 22766, 24576, 343.55, 66
2026/09/20 15:48:52.514, 98, 22766, 24576, 343.61, 66
2026/09/20 15:48:53.515, 100, 22766, 24576, 343.85, 66
2026/09/20 15:48:54.517, 99, 22766, 24576, 342.92, 66
2026/09/20 15:48:55.518, 99, 22766, 24576, 339.36, 66
2026/09/20 15:48:56.518, 100, 22766, 24576, 340.12, 66
2026/09/20 15:48:57.518, 100, 22766, 24576, 341.50, 66
2026/09/20 15:48:58.519, 100, 22766, 24576, 343.63, 66
2026/09/20 15:48:59.519, 100, 22766, 24576, 341.07, 66
2026/09/20 15:49:00.520, 100, 22766, 24576, 341.15, 66
2026/09/20 15:49:01.520, 100, 22766, 24576, 339.23, 66
2026/09/20 15:49:02.520, 100, 22766, 24576, 338.68, 65
2026/09/20 15:49:03.521, 100, 22766, 24576, 337.23, 66
2026/09/20 15:49:04.521, 100, 22766, 24576, 340.05, 65
2026/09/20 15:49:05.522, 100, 22766, 24576, 336.05, 66
2026/09/20 15:49:06.522, 100, 22766, 24576, 336.77, 66
2026/09/20 15:49:07.523, 100, 22766, 24576, 338.45, 66
2026/09/20 15:49:08.523, 100, 22766, 24576, 336.60, 66
2026/09/20 15:49:09.523, 100, 22766, 24576, 337.61, 66
2026/09/20 15:49:10.524, 100, 22766, 24576, 336.43, 65
2026/09/20 15:49:11.524, 98, 22766, 24576, 335.01, 65
2026/09/20 15:49:12.525, 100, 22766, 24576, 335.57, 66
2026/09/20 15:49:13.525, 100, 22766, 24576, 338.73, 66
2026/09/20 15:49:14.526, 100, 22766, 24576, 336.66, 66
2026/09/20 15:49:15.526, 100, 22766, 24576, 337.94, 66
2026/09/20 15:49:16.526, 100, 22766, 24576, 337.23, 66
2026/09/20 15:49:17.527, 100, 22766, 24576, 337.17, 65
2026/09/20 15:49:18.527, 100, 22766, 24576, 336.09, 66
2026/09/20 15:49:19.528, 100, 22766, 24576, 335.43, 66
2026/09/20 15:49:20.528, 100, 22766, 24576, 336.28, 65
2026/09/20 15:49:21.529, 100, 22766, 24576, 336.40, 66
2026/09/20 15:49:22.529, 100, 22766, 24576, 335.48, 65
2026/09/20 15:49:23.530, 100, 22766, 24576, 333.54, 65
2026/09/20 15:49:24.530, 100, 22766, 24576, 334.12, 66
2026/09/20 15:49:25.530, 100, 22766, 24576, 335.61, 66
2026/09/20 15:49:26.531, 100, 22766, 24576, 334.17, 65
2026/09/20 15:49:27.531, 100, 22766, 24576, 333.36, 65
2026/09/20 15:49:28.535, 99, 22766, 24576, 332.68, 66
2026/09/20 15:49:29.536, 100, 22766, 24576, 342.58, 66
2026/09/20 15:49:30.537, 100, 22766, 24576, 334.60, 65
2026/09/20 15:49:31.537, 100, 22766, 24576, 336.04, 66
2026/09/20 15:49:32.538, 100, 22766, 24576, 334.75, 65
2026/09/20 15:49:33.538, 100, 22766, 24576, 335.61, 65
2026/09/20 15:49:34.539, 100, 22766, 24576, 337.03, 66
2026/09/20 15:49:35.539, 100, 22766, 24576, 344.69, 65
2026/09/20 15:49:36.540, 100, 22766, 24576, 345.36, 65
2026/09/20 15:49:37.540, 100, 22766, 24576, 345.40, 65
2026/09/20 15:49:38.541, 100, 22766, 24576, 345.51, 65
2026/09/20 15:49:39.541, 100, 22766, 24576, 345.33, 65
2026/09/20 15:49:40.541, 100, 22766, 24576, 340.69, 65
2026/09/20 15:49:41.542, 100, 22766, 24576, 342.69, 65
2026/09/20 15:49:42.542, 100, 22766, 24576, 343.56, 65
2026/09/20 15:49:43.543, 100, 22766, 24576, 343.58, 65
2026/09/20 15:49:44.543, 100, 22766, 24576, 342.64, 65
2026/09/20 15:49:45.544, 100, 22766, 24576, 343.15, 65
2026/09/20 15:49:46.544, 100, 22766, 24576, 343.33, 65
2026/09/20 15:49:47.545, 100, 22766, 24576, 343.79, 66
2026/09/20 15:49:48.545, 100, 22766, 24576, 344.27, 66
2026/09/20 15:49:49.546, 100, 22766, 24576, 342.84, 65
2026/09/20 15:49:50.546, 100, 22766, 24576, 343.36, 65
2026/09/20 15:49:51.547, 100, 22766, 24576, 343.43, 66
2026/09/20 15:49:52.547, 100, 22766, 24576, 344.16, 66
2026/09/20 15:49:53.548, 100, 22766, 24576, 342.99, 66
2026/09/20 15:49:54.548, 100, 22766, 24576, 343.35, 66
2026/09/20 15:49:55.548, 100, 22766, 24576, 344.31, 66
2026/09/20 15:49:56.549, 100, 22766, 24576, 344.03, 66
2026/09/20 15:49:57.549, 100, 22766, 24576, 344.35, 66
2026/09/20 15:49:58.550, 100, 22766, 24576, 343.77, 66
2026/09/20 15:49:59.550, 100, 22766, 24576, 344.17, 66
2026/09/20 15:50:00.551, 100, 22766, 24576, 343.81, 66
2026/09/20 15:50:01.551, 100, 22766, 24576, 344.05, 66
2026/09/20 15:50:02.552, 100, 22766, 24576, 341.51, 66
2026/09/20 15:50:03.552, 100, 22766, 24576, 343.17, 66
2026/09/20 15:50:04.552, 100, 22766, 24576, 340.74, 66
2026/09/20 15:50:05.583, 100, 22766, 24576, 342.51, 66
2026/09/20 15:50:06.584, 100, 23028, 24576, 339.08, 66
2026/09/20 15:50:07.585, 100, 22766, 24576, 340.18, 66
2026/09/20 15:50:08.585, 100, 22766, 24576, 340.55, 66
2026/09/20 15:50:09.586, 100, 22766, 24576, 340.21, 66
2026/09/20 15:50:10.586, 100, 22766, 24576, 335.14, 66
2026/09/20 15:50:11.586, 100, 22766, 24576, 336.22, 66
2026/09/20 15:50:12.587, 99, 22766, 24576, 340.41, 66
2026/09/20 15:50:13.587, 100, 22766, 24576, 336.75, 66
2026/09/20 15:50:14.588, 100, 22766, 24576, 338.63, 66
2026/09/20 15:50:15.588, 100, 22766, 24576, 334.12, 66
2026/09/20 15:50:16.589, 100, 22766, 24576, 335.11, 66
2026/09/20 15:50:17.589, 100, 22766, 24576, 335.68, 66
2026/09/20 15:50:18.590, 100, 22766, 24576, 338.70, 66
2026/09/20 15:50:19.590, 100, 22766, 24576, 336.06, 66
2026/09/20 15:50:20.591, 100, 22766, 24576, 337.73, 66
2026/09/20 15:50:21.591, 100, 22766, 24576, 336.01, 66
2026/09/20 15:50:22.592, 100, 22766, 24576, 339.72, 66
2026/09/20 15:50:23.592, 100, 22766, 24576, 336.43, 66
2026/09/20 15:50:24.592, 100, 22766, 24576, 336.32, 66
2026/09/20 15:50:25.593, 100, 22766, 24576, 335.53, 66
2026/09/20 15:50:26.593, 100, 22766, 24576, 336.92, 66
2026/09/20 15:50:27.594, 100, 22766, 24576, 336.76, 66
2026/09/20 15:50:28.594, 100, 22766, 24576, 335.25, 66
2026/09/20 15:50:29.595, 100, 22766, 24576, 334.39, 66
2026/09/20 15:50:30.595, 100, 22766, 24576, 335.45, 66
2026/09/20 15:50:31.596, 99, 22766, 24576, 334.77, 65
2026/09/20 15:50:32.596, 100, 22766, 24576, 333.73, 65
2026/09/20 15:50:33.597, 100, 22766, 24576, 337.69, 66
2026/09/20 15:50:34.598, 100, 22766, 24576, 335.55, 66
2026/09/20 15:50:35.598, 100, 22766, 24576, 341.70, 66
2026/09/20 15:50:36.598, 99, 22766, 24576, 337.59, 66
2026/09/20 15:50:37.599, 100, 22766, 24576, 335.55, 66
2026/09/20 15:50:38.599, 100, 22766, 24576, 336.97, 66
2026/09/20 15:50:39.600, 100, 22766, 24576, 337.38, 66
2026/09/20 15:50:40.601, 100, 22766, 24576, 336.87, 66
2026/09/20 15:50:41.602, 100, 22766, 24576, 341.04, 66
2026/09/20 15:50:42.602, 100, 22766, 24576, 345.29, 65
2026/09/20 15:50:43.602, 100, 22766, 24576, 345.97, 65
2026/09/20 15:50:44.603, 100, 22766, 24576, 345.98, 65
2026/09/20 15:50:45.603, 100, 22766, 24576, 346.42, 65
2026/09/20 15:50:46.604, 100, 22766, 24576, 346.34, 65
2026/09/20 15:50:47.604, 100, 22766, 24576, 339.06, 65
2026/09/20 15:50:48.605, 98, 22766, 24576, 341.84, 65
2026/09/20 15:50:49.605, 100, 22766, 24576, 343.43, 65
2026/09/20 15:50:50.606, 100, 22766, 24576, 342.45, 66
2026/09/20 15:50:51.606, 100, 22766, 24576, 343.04, 65
2026/09/20 15:50:52.607, 100, 22766, 24576, 343.51, 66
2026/09/20 15:50:53.607, 100, 22766, 24576, 344.60, 66
2026/09/20 15:50:54.608, 99, 22766, 24576, 344.41, 66
2026/09/20 15:50:55.608, 100, 22766, 24576, 344.73, 66
2026/09/20 15:50:56.608, 100, 22766, 24576, 345.24, 66
2026/09/20 15:50:57.609, 100, 22766, 24576, 343.99, 66
2026/09/20 15:50:58.609, 100, 22766, 24576, 344.71, 66
2026/09/20 15:50:59.610, 100, 22766, 24576, 344.38, 66
2026/09/20 15:51:00.610, 100, 22766, 24576, 344.26, 66
2026/09/20 15:51:01.612, 100, 22766, 24576, 344.26, 66
2026/09/20 15:51:02.612, 100, 22766, 24576, 343.93, 66
2026/09/20 15:51:03.613, 100, 22766, 24576, 345.07, 66
2026/09/20 15:51:04.613, 100, 22766, 24576, 344.56, 66
2026/09/20 15:51:05.614, 100, 22766, 24576, 342.88, 66
2026/09/20 15:51:06.614, 100, 22766, 24576, 342.88, 66
2026/09/20 15:51:07.615, 100, 22766, 24576, 344.98, 66
2026/09/20 15:51:08.615, 100, 22766, 24576, 340.89, 66
2026/09/20 15:51:09.616, 100, 22766, 24576, 342.45, 66
2026/09/20 15:51:10.616, 100, 22766, 24576, 342.42, 66
2026/09/20 15:51:11.617, 99, 22766, 24576, 343.95, 66
2026/09/20 15:51:12.617, 100, 22766, 24576, 342.52, 66
2026/09/20 15:51:13.618, 100, 22766, 24576, 339.97, 66
2026/09/20 15:51:14.619, 100, 22766, 24576, 340.88, 66
2026/09/20 15:51:15.619, 100, 22766, 24576, 338.40, 66
2026/09/20 15:51:16.620, 100, 22766, 24576, 338.55, 66
2026/09/20 15:51:17.620, 100, 22766, 24576, 333.78, 66
2026/09/20 15:51:18.620, 100, 22766, 24576, 337.39, 66
2026/09/20 15:51:19.621, 100, 22766, 24576, 337.46, 66
2026/09/20 15:51:20.621, 100, 22766, 24576, 337.67, 66
2026/09/20 15:51:21.622, 99, 22766, 24576, 335.06, 66
2026/09/20 15:51:22.622, 100, 22766, 24576, 337.12, 66
2026/09/20 15:51:23.623, 100, 22766, 24576, 336.00, 66
2026/09/20 15:51:24.623, 100, 22766, 24576, 336.49, 66
2026/09/20 15:51:25.624, 100, 22766, 24576, 338.36, 66
2026/09/20 15:51:26.624, 100, 22766, 24576, 335.92, 66
2026/09/20 15:51:27.625, 100, 22766, 24576, 336.61, 66
2026/09/20 15:51:28.625, 100, 22766, 24576, 335.95, 66
2026/09/20 15:51:29.626, 100, 22766, 24576, 335.91, 66
2026/09/20 15:51:30.626, 100, 22766, 24576, 336.69, 66
2026/09/20 15:51:31.626, 100, 22766, 24576, 338.20, 66
2026/09/20 15:51:32.627, 100, 22766, 24576, 336.09, 66
2026/09/20 15:51:33.627, 100, 22766, 24576, 337.13, 66
2026/09/20 15:51:34.628, 100, 22766, 24576, 335.78, 66
2026/09/20 15:51:35.628, 100, 22766, 24576, 335.04, 66
2026/09/20 15:51:36.629, 100, 22766, 24576, 335.57, 66
2026/09/20 15:51:37.629, 100, 22766, 24576, 334.31, 66
2026/09/20 15:51:38.630, 100, 22766, 24576, 335.05, 66
2026/09/20 15:51:39.630, 100, 22768, 24576, 332.46, 66
2026/09/20 15:51:40.631, 100, 22768, 24576, 334.24, 66
2026/09/20 15:51:41.631, 100, 22768, 24576, 333.77, 66
2026/09/20 15:51:42.632, 100, 22768, 24576, 343.48, 66
2026/09/20 15:51:43.632, 100, 22768, 24576, 335.80, 66
2026/09/20 15:51:44.633, 100, 22768, 24576, 335.93, 66
2026/09/20 15:51:45.633, 100, 22768, 24576, 335.21, 66
2026/09/20 15:51:46.634, 100, 22768, 24576, 334.83, 66
2026/09/20 15:51:47.635, 100, 22768, 24576, 334.63, 66
2026/09/20 15:51:48.635, 100, 22768, 24576, 345.22, 65
2026/09/20 15:51:49.636, 100, 22768, 24576, 345.43, 65
2026/09/20 15:51:50.636, 100, 22768, 24576, 345.11, 65
2026/09/20 15:51:51.636, 100, 22768, 24576, 344.95, 65
2026/09/20 15:51:52.637, 100, 22768, 24576, 345.18, 65
2026/09/20 15:51:53.637, 100, 22768, 24576, 336.57, 65
2026/09/20 15:51:54.638, 100, 22768, 24576, 343.04, 66
2026/09/20 15:51:55.638, 100, 22768, 24576, 343.66, 66
2026/09/20 15:51:56.639, 100, 22768, 24576, 344.09, 66
2026/09/20 15:51:57.639, 99, 22768, 24576, 344.03, 66
2026/09/20 15:51:58.640, 100, 22768, 24576, 343.63, 66
2026/09/20 15:51:59.640, 100, 22768, 24576, 343.83, 66
2026/09/20 15:52:00.641, 100, 22768, 24576, 344.20, 66
2026/09/20 15:52:01.641, 100, 22768, 24576, 343.96, 66
2026/09/20 15:52:02.641, 100, 22768, 24576, 343.53, 66
2026/09/20 15:52:03.642, 100, 22768, 24576, 343.92, 66
2026/09/20 15:52:04.642, 99, 22768, 24576, 344.10, 66
2026/09/20 15:52:05.643, 100, 22768, 24576, 344.39, 66
2026/09/20 15:52:06.643, 100, 22768, 24576, 345.01, 66
2026/09/20 15:52:07.644, 100, 22768, 24576, 346.15, 66
2026/09/20 15:52:08.644, 100, 22768, 24576, 343.18, 66
2026/09/20 15:52:09.645, 100, 22768, 24576, 343.33, 66
2026/09/20 15:52:10.645, 100, 22768, 24576, 344.67, 66
2026/09/20 15:52:11.646, 100, 22768, 24576, 344.69, 66
2026/09/20 15:52:12.646, 100, 22768, 24576, 343.60, 66
2026/09/20 15:52:13.646, 100, 22768, 24576, 342.41, 66
2026/09/20 15:52:14.647, 100, 22768, 24576, 343.43, 66
2026/09/20 15:52:15.647, 100, 22768, 24576, 341.62, 66
2026/09/20 15:52:16.648, 100, 22768, 24576, 342.10, 66
2026/09/20 15:52:17.648, 100, 22768, 24576, 342.91, 66
2026/09/20 15:52:18.649, 100, 22768, 24576, 342.08, 66
2026/09/20 15:52:19.649, 100, 22768, 24576, 342.32, 66
2026/09/20 15:52:20.649, 100, 22768, 24576, 341.50, 66
2026/09/20 15:52:21.650, 99, 22768, 24576, 341.52, 66
2026/09/20 15:52:22.650, 100, 22768, 24576, 339.71, 66
2026/09/20 15:52:23.651, 100, 22768, 24576, 337.89, 66
2026/09/20 15:52:24.651, 100, 22768, 24576, 339.28, 66
2026/09/20 15:52:25.652, 100, 22768, 24576, 338.11, 66
2026/09/20 15:52:26.652, 100, 22768, 24576, 336.86, 66
2026/09/20 15:52:27.653, 100, 22768, 24576, 335.96, 66
2026/09/20 15:52:28.653, 100, 22768, 24576, 337.58, 66
2026/09/20 15:52:29.654, 100, 22768, 24576, 333.43, 66
2026/09/20 15:52:30.654, 100, 22768, 24576, 334.70, 66
2026/09/20 15:52:31.655, 100, 22768, 24576, 337.80, 66
2026/09/20 15:52:32.655, 100, 22768, 24576, 338.26, 66
2026/09/20 15:52:33.656, 100, 22768, 24576, 337.16, 66
2026/09/20 15:52:34.656, 100, 22768, 24576, 339.56, 66
2026/09/20 15:52:35.656, 100, 22768, 24576, 337.51, 66
2026/09/20 15:52:36.657, 99, 22768, 24576, 337.41, 66
2026/09/20 15:52:37.657, 100, 22768, 24576, 337.44, 66
2026/09/20 15:52:38.658, 100, 22768, 24576, 336.00, 66
2026/09/20 15:52:39.658, 100, 22768, 24576, 336.04, 66
2026/09/20 15:52:40.659, 100, 22768, 24576, 334.53, 66
2026/09/20 15:52:41.659, 100, 22768, 24576, 336.20, 66
2026/09/20 15:52:42.660, 100, 22768, 24576, 335.30, 66
2026/09/20 15:52:43.660, 100, 22768, 24576, 335.68, 66
2026/09/20 15:52:44.660, 100, 22768, 24576, 337.02, 66
2026/09/20 15:52:45.661, 100, 22768, 24576, 335.13, 66
2026/09/20 15:52:46.661, 100, 22768, 24576, 331.85, 66
2026/09/20 15:52:47.662, 100, 22768, 24576, 328.94, 66
2026/09/20 15:52:48.662, 100, 22768, 24576, 342.80, 66
2026/09/20 15:52:49.663, 100, 22768, 24576, 334.54, 66
2026/09/20 15:52:50.663, 100, 22768, 24576, 338.73, 66
2026/09/20 15:52:51.664, 100, 22768, 24576, 333.70, 66
2026/09/20 15:52:52.664, 100, 22768, 24576, 333.90, 66
2026/09/20 15:52:53.665, 100, 22768, 24576, 336.25, 66
2026/09/20 15:52:54.665, 100, 22768, 24576, 341.13, 66
2026/09/20 15:52:55.666, 100, 22768, 24576, 345.80, 65
2026/09/20 15:52:56.666, 100, 22768, 24576, 345.07, 65
2026/09/20 15:52:57.667, 100, 22768, 24576, 346.02, 65
2026/09/20 15:52:58.667, 100, 22768, 24576, 345.91, 65
2026/09/20 15:52:59.668, 68, 22768, 24576, 339.91, 65
2026/09/20 15:53:00.668, 99, 22768, 24576, 339.52, 65
2026/09/20 15:53:01.669, 100, 22768, 24576, 342.09, 65
2026/09/20 15:53:02.669, 100, 22768, 24576, 343.17, 65
2026/09/20 15:53:03.670, 99, 22768, 24576, 342.88, 66
2026/09/20 15:53:04.670, 98, 22768, 24576, 343.27, 66
2026/09/20 15:53:05.671, 100, 22768, 24576, 343.13, 66
2026/09/20 15:53:06.672, 100, 22768, 24576, 343.67, 66
2026/09/20 15:53:07.672, 100, 22768, 24576, 343.14, 66
2026/09/20 15:53:08.673, 100, 22768, 24576, 343.32, 66
2026/09/20 15:53:09.673, 99, 22768, 24576, 343.90, 66
2026/09/20 15:53:10.674, 100, 22768, 24576, 344.16, 66
2026/09/20 15:53:11.674, 100, 22768, 24576, 344.48, 66
2026/09/20 15:53:12.675, 100, 22768, 24576, 343.52, 66
2026/09/20 15:53:13.675, 100, 22768, 24576, 343.36, 66
2026/09/20 15:53:14.676, 100, 22768, 24576, 343.67, 66
2026/09/20 15:53:15.676, 100, 22768, 24576, 343.74, 66
2026/09/20 15:53:16.676, 100, 22768, 24576, 343.69, 66
2026/09/20 15:53:17.677, 100, 22768, 24576, 342.81, 66
2026/09/20 15:53:18.677, 100, 22768, 24576, 343.20, 66
2026/09/20 15:53:19.678, 100, 22768, 24576, 344.48, 66
2026/09/20 15:53:20.678, 100, 22768, 24576, 340.30, 66
2026/09/20 15:53:21.679, 100, 22768, 24576, 343.85, 66
2026/09/20 15:53:22.679, 100, 22768, 24576, 343.84, 66
2026/09/20 15:53:23.680, 100, 22768, 24576, 341.89, 66
2026/09/20 15:53:24.680, 100, 22768, 24576, 341.25, 66
2026/09/20 15:53:25.680, 100, 22768, 24576, 341.91, 66
2026/09/20 15:53:26.681, 100, 22768, 24576, 343.36, 66
2026/09/20 15:53:27.681, 100, 22768, 24576, 341.40, 66
2026/09/20 15:53:28.682, 100, 22768, 24576, 338.97, 66
2026/09/20 15:53:29.682, 100, 22768, 24576, 339.38, 66
2026/09/20 15:53:30.683, 98, 22768, 24576, 337.42, 66
2026/09/20 15:53:31.683, 100, 22768, 24576, 337.91, 66
2026/09/20 15:53:32.684, 100, 22768, 24576, 337.51, 66
2026/09/20 15:53:33.684, 100, 22768, 24576, 338.54, 66
2026/09/20 15:53:34.685, 100, 22768, 24576, 336.42, 66
2026/09/20 15:53:35.685, 100, 22768, 24576, 336.46, 66
2026/09/20 15:53:36.686, 100, 22768, 24576, 335.17, 66
2026/09/20 15:53:37.686, 100, 22768, 24576, 334.66, 66
2026/09/20 15:53:38.687, 100, 22768, 24576, 338.55, 66
2026/09/20 15:53:39.687, 100, 22768, 24576, 336.53, 66
2026/09/20 15:53:40.688, 100, 22768, 24576, 337.58, 66
2026/09/20 15:53:41.688, 99, 22768, 24576, 336.95, 66
2026/09/20 15:53:42.689, 100, 22768, 24576, 336.33, 66
2026/09/20 15:53:43.689, 100, 22768, 24576, 337.77, 66
2026/09/20 15:53:44.689, 99, 22768, 24576, 337.32, 66
2026/09/20 15:53:45.690, 100, 22768, 24576, 337.44, 66
2026/09/20 15:53:46.690, 100, 22768, 24576, 335.88, 66
2026/09/20 15:53:47.691, 100, 22768, 24576, 335.31, 66
2026/09/20 15:53:48.691, 100, 22768, 24576, 336.08, 66
2026/09/20 15:53:49.692, 100, 22768, 24576, 333.59, 66
2026/09/20 15:53:50.692, 100, 22768, 24576, 333.76, 66
2026/09/20 15:53:51.692, 100, 22768, 24576, 334.77, 66
2026/09/20 15:53:52.693, 99, 22768, 24576, 333.20, 66
2026/09/20 15:53:53.693, 100, 22768, 24576, 330.36, 66
2026/09/20 15:53:54.694, 100, 22768, 24576, 331.04, 66
2026/09/20 15:53:55.694, 100, 22768, 24576, 342.91, 66
2026/09/20 15:53:56.695, 100, 22768, 24576, 336.29, 66
2026/09/20 15:53:57.695, 100, 22768, 24576, 335.40, 66
2026/09/20 15:53:58.696, 100, 22768, 24576, 335.74, 66
2026/09/20 15:53:59.696, 100, 22768, 24576, 337.42, 66
2026/09/20 15:54:00.696, 100, 22768, 24576, 336.36, 66
2026/09/20 15:54:01.699, 100, 22768, 24576, 345.12, 65
2026/09/20 15:54:02.699, 100, 22768, 24576, 345.89, 65
2026/09/20 15:54:03.699, 100, 22768, 24576, 345.70, 65
2026/09/20 15:54:04.700, 100, 22768, 24576, 345.75, 65
2026/09/20 15:54:05.700, 100, 22768, 24576, 345.81, 65
2026/09/20 15:54:06.701, 99, 22768, 24576, 338.33, 66
2026/09/20 15:54:07.701, 99, 22768, 24576, 342.63, 65
2026/09/20 15:54:08.702, 100, 22768, 24576, 343.13, 66
2026/09/20 15:54:09.702, 100, 22768, 24576, 343.30, 66
2026/09/20 15:54:10.702, 100, 22768, 24576, 343.83, 66
2026/09/20 15:54:11.703, 100, 22768, 24576, 343.85, 66
2026/09/20 15:54:12.703, 100, 22768, 24576, 343.73, 66
2026/09/20 15:54:13.704, 100, 22768, 24576, 344.15, 66
2026/09/20 15:54:14.704, 99, 22768, 24576, 344.12, 66
2026/09/20 15:54:15.705, 100, 22768, 24576, 344.40, 66
2026/09/20 15:54:16.705, 100, 22768, 24576, 344.04, 66
2026/09/20 15:54:17.706, 100, 22768, 24576, 343.68, 66
2026/09/20 15:54:18.706, 100, 22768, 24576, 344.74, 66
2026/09/20 15:54:19.707, 100, 22768, 24576, 343.88, 66
2026/09/20 15:54:20.707, 100, 22768, 24576, 343.94, 66
2026/09/20 15:54:21.708, 100, 22768, 24576, 343.61, 66
2026/09/20 15:54:22.708, 99, 22768, 24576, 343.60, 66
2026/09/20 15:54:23.708, 99, 22768, 24576, 344.67, 66
2026/09/20 15:54:24.709, 99, 22768, 24576, 344.18, 66
2026/09/20 15:54:25.709, 100, 22768, 24576, 342.51, 66
2026/09/20 15:54:26.710, 100, 22768, 24576, 342.40, 66
2026/09/20 15:54:27.710, 100, 22768, 24576, 340.90, 66
2026/09/20 15:54:28.711, 99, 22768, 24576, 342.67, 66
2026/09/20 15:54:29.711, 100, 22768, 24576, 342.41, 66
2026/09/20 15:54:30.711, 100, 22768, 24576, 343.95, 66
2026/09/20 15:54:31.712, 100, 22768, 24576, 343.34, 66
2026/09/20 15:54:32.712, 100, 22768, 24576, 342.29, 66
2026/09/20 15:54:33.713, 100, 22768, 24576, 341.40, 66
2026/09/20 15:54:34.713, 100, 22768, 24576, 339.15, 66
2026/09/20 15:54:35.714, 99, 22768, 24576, 336.40, 66
2026/09/20 15:54:36.715, 100, 22768, 24576, 342.44, 66
2026/09/20 15:54:37.715, 100, 22768, 24576, 339.87, 66
2026/09/20 15:54:38.715, 100, 22768, 24576, 339.63, 66
2026/09/20 15:54:39.716, 100, 22768, 24576, 338.65, 66
2026/09/20 15:54:40.716, 100, 22768, 24576, 336.21, 66
2026/09/20 15:54:41.717, 100, 22768, 24576, 335.15, 66
2026/09/20 15:54:42.717, 100, 22768, 24576, 336.51, 66
2026/09/20 15:54:43.718, 99, 22768, 24576, 338.95, 66
2026/09/20 15:54:44.718, 100, 22768, 24576, 335.29, 66
2026/09/20 15:54:45.719, 100, 22768, 24576, 337.78, 66
2026/09/20 15:54:46.719, 100, 22768, 24576, 335.87, 66
2026/09/20 15:54:47.720, 100, 22768, 24576, 336.51, 66
2026/09/20 15:54:48.720, 100, 22768, 24576, 336.49, 66
2026/09/20 15:54:49.720, 100, 22768, 24576, 337.33, 66
2026/09/20 15:54:50.721, 100, 22768, 24576, 337.23, 66
2026/09/20 15:54:51.721, 100, 22768, 24576, 336.91, 66
2026/09/20 15:54:52.722, 100, 22768, 24576, 337.22, 66
2026/09/20 15:54:53.722, 100, 22768, 24576, 335.82, 66
2026/09/20 15:54:54.723, 100, 22768, 24576, 335.77, 66
2026/09/20 15:54:55.723, 99, 22768, 24576, 334.85, 66
2026/09/20 15:54:56.724, 100, 22768, 24576, 334.18, 66
2026/09/20 15:54:57.724, 100, 22768, 24576, 332.43, 66
2026/09/20 15:54:58.725, 100, 22768, 24576, 336.68, 66
2026/09/20 15:54:59.725, 100, 22768, 24576, 338.67, 66
2026/09/20 15:55:00.726, 99, 22768, 24576, 337.65, 66
2026/09/20 15:55:01.726, 100, 22768, 24576, 343.93, 66
2026/09/20 15:55:02.727, 100, 22768, 24576, 335.80, 66
2026/09/20 15:55:03.727, 100, 22768, 24576, 338.14, 66
2026/09/20 15:55:04.728, 100, 22768, 24576, 334.15, 66
2026/09/20 15:55:05.728, 100, 22768, 24576, 336.54, 66
2026/09/20 15:55:06.729, 100, 22768, 24576, 336.38, 66
2026/09/20 15:55:07.729, 100, 22768, 24576, 345.30, 66
2026/09/20 15:55:08.731, 100, 22768, 24576, 344.84, 66
2026/09/20 15:55:09.731, 100, 22768, 24576, 344.85, 65
2026/09/20 15:55:10.732, 100, 22768, 24576, 345.90, 65
2026/09/20 15:55:11.733, 100, 22768, 24576, 345.70, 65
2026/09/20 15:55:12.734, 99, 22768, 24576, 340.73, 65
2026/09/20 15:55:13.734, 99, 22768, 24576, 342.85, 66
2026/09/20 15:55:14.735, 99, 22768, 24576, 343.67, 66
2026/09/20 15:55:15.735, 100, 22768, 24576, 342.95, 66
2026/09/20 15:55:16.736, 100, 22768, 24576, 343.57, 66
2026/09/20 15:55:17.736, 100, 22768, 24576, 343.52, 66
2026/09/20 15:55:18.736, 100, 22768, 24576, 344.16, 66
2026/09/20 15:55:19.737, 99, 22768, 24576, 344.48, 66
2026/09/20 15:55:20.737, 100, 22768, 24576, 344.51, 66
2026/09/20 15:55:21.738, 99, 22768, 24576, 344.10, 66
2026/09/20 15:55:22.738, 100, 22768, 24576, 343.96, 66
2026/09/20 15:55:23.739, 100, 22768, 24576, 343.90, 66
2026/09/20 15:55:24.739, 99, 22768, 24576, 343.98, 66
2026/09/20 15:55:25.740, 100, 22768, 24576, 342.94, 66
2026/09/20 15:55:26.740, 100, 22768, 24576, 344.43, 66
2026/09/20 15:55:27.741, 100, 22768, 24576, 344.29, 66
2026/09/20 15:55:28.741, 100, 22768, 24576, 343.23, 66
2026/09/20 15:55:29.741, 100, 22768, 24576, 343.66, 66
2026/09/20 15:55:30.742, 100, 22768, 24576, 343.57, 66
2026/09/20 15:55:31.742, 100, 22768, 24576, 342.19, 66
2026/09/20 15:55:32.743, 100, 22768, 24576, 342.52, 66
2026/09/20 15:55:33.743, 100, 22768, 24576, 343.90, 66
2026/09/20 15:55:34.744, 100, 22768, 24576, 343.70, 66
2026/09/20 15:55:35.744, 100, 22768, 24576, 341.85, 66
2026/09/20 15:55:36.745, 100, 22768, 24576, 341.09, 66
2026/09/20 15:55:37.745, 100, 22768, 24576, 342.38, 66
2026/09/20 15:55:38.746, 100, 22768, 24576, 341.25, 66
2026/09/20 15:55:39.746, 99, 22768, 24576, 341.01, 66
2026/09/20 15:55:40.747, 100, 22768, 24576, 338.86, 66
2026/09/20 15:55:41.747, 100, 22768, 24576, 338.79, 66
2026/09/20 15:55:42.748, 100, 22768, 24576, 342.07, 66
2026/09/20 15:55:43.749, 100, 22768, 24576, 336.85, 66
2026/09/20 15:55:44.749, 99, 22768, 24576, 337.82, 66
2026/09/20 15:55:45.750, 100, 22768, 24576, 337.22, 66
2026/09/20 15:55:46.750, 100, 22768, 24576, 337.52, 66
2026/09/20 15:55:47.750, 100, 22768, 24576, 337.18, 66
2026/09/20 15:55:48.751, 99, 22768, 24576, 334.80, 66
2026/09/20 15:55:49.751, 100, 22768, 24576, 335.12, 66
2026/09/20 15:55:50.752, 100, 22768, 24576, 336.36, 66
2026/09/20 15:55:51.752, 100, 22768, 24576, 335.81, 66
2026/09/20 15:55:52.752, 100, 22768, 24576, 336.26, 66
2026/09/20 15:55:53.753, 100, 22768, 24576, 337.29, 66
2026/09/20 15:55:54.753, 100, 22768, 24576, 335.85, 66
2026/09/20 15:55:55.754, 100, 22768, 24576, 336.95, 66
2026/09/20 15:55:56.754, 100, 22768, 24576, 336.62, 66
2026/09/20 15:55:57.754, 100, 22768, 24576, 337.48, 66
2026/09/20 15:55:58.755, 100, 22768, 24576, 336.60, 66
2026/09/20 15:55:59.755, 100, 22768, 24576, 336.65, 66
2026/09/20 15:56:00.756, 100, 22768, 24576, 334.50, 66
2026/09/20 15:56:01.756, 100, 22768, 24576, 334.70, 66
2026/09/20 15:56:02.757, 100, 22768, 24576, 336.51, 66
2026/09/20 15:56:03.757, 99, 22768, 24576, 335.69, 66
2026/09/20 15:56:04.757, 100, 22768, 24576, 334.83, 66
2026/09/20 15:56:05.758, 100, 22768, 24576, 332.33, 66
2026/09/20 15:56:06.758, 100, 22768, 24576, 330.20, 66
2026/09/20 15:56:07.759, 100, 22768, 24576, 337.81, 66
2026/09/20 15:56:08.759, 100, 22768, 24576, 340.99, 66
2026/09/20 15:56:09.760, 100, 22768, 24576, 334.66, 66
2026/09/20 15:56:10.760, 100, 22768, 24576, 336.19, 66
2026/09/20 15:56:11.761, 100, 22768, 24576, 333.15, 66
2026/09/20 15:56:12.761, 100, 22768, 24576, 336.69, 66
2026/09/20 15:56:13.761, 76, 22768, 24576, 328.21, 66
2026/09/20 15:56:14.762, 100, 22768, 24576, 344.93, 65
2026/09/20 15:56:15.763, 100, 22768, 24576, 344.76, 65
2026/09/20 15:56:16.763, 100, 22768, 24576, 345.02, 65
2026/09/20 15:56:17.763, 100, 22768, 24576, 345.49, 65
2026/09/20 15:56:18.763, 100, 22768, 24576, 345.01, 65
2026/09/20 15:56:19.764, 100, 22768, 24576, 341.85, 66
2026/09/20 15:56:20.764, 100, 22768, 24576, 344.97, 65
2026/09/20 15:56:21.765, 100, 22768, 24576, 344.55, 65
2026/09/20 15:56:22.765, 100, 22768, 24576, 345.54, 65
2026/09/20 15:56:23.766, 100, 22768, 24576, 345.62, 65
2026/09/20 15:56:24.766, 100, 22768, 24576, 342.69, 65
2026/09/20 15:56:25.767, 100, 22768, 24576, 345.06, 65
2026/09/20 15:56:26.767, 100, 22768, 24576, 345.52, 65
2026/09/20 15:56:27.768, 100, 22768, 24576, 345.45, 65
2026/09/20 15:56:28.768, 100, 22768, 24576, 346.68, 65
2026/09/20 15:56:29.769, 100, 22768, 24576, 338.52, 65
2026/09/20 15:56:30.769, 100, 22768, 24576, 345.20, 65
2026/09/20 15:56:31.770, 100, 22768, 24576, 345.18, 65
2026/09/20 15:56:32.770, 100, 22768, 24576, 345.65, 65
2026/09/20 15:56:33.771, 100, 22768, 24576, 345.87, 65
2026/09/20 15:56:34.771, 69, 22768, 24576, 341.47, 63
2026/09/20 15:56:35.771, 100, 22768, 24576, 338.76, 64
2026/09/20 15:56:36.772, 100, 22768, 24576, 343.25, 65
2026/09/20 15:56:37.772, 100, 22768, 24576, 344.88, 65
2026/09/20 15:56:38.773, 100, 22768, 24576, 344.55, 65
2026/09/20 15:56:39.773, 100, 22768, 24576, 345.29, 65
2026/09/20 15:56:40.774, 100, 22768, 24576, 324.84, 65
2026/09/20 15:56:41.774, 100, 22768, 24576, 345.16, 65
2026/09/20 15:56:42.775, 100, 22768, 24576, 345.35, 65
2026/09/20 15:56:43.777, 100, 22768, 24576, 345.47, 65
2026/09/20 15:56:44.777, 100, 22768, 24576, 346.12, 65
2026/09/20 15:56:45.778, 100, 22768, 24576, 337.71, 65
2026/09/20 15:56:46.778, 100, 22768, 24576, 345.54, 65
2026/09/20 15:56:47.779, 100, 22768, 24576, 345.95, 64
2026/09/20 15:56:48.779, 100, 22768, 24576, 345.97, 65
2026/09/20 15:56:49.780, 100, 22768, 24576, 345.75, 65
2026/09/20 15:56:50.780, 48, 22768, 24576, 337.19, 63
2026/09/20 15:56:51.781, 100, 22768, 24576, 338.65, 64
2026/09/20 15:56:52.781, 100, 22768, 24576, 342.91, 64
2026/09/20 15:56:53.782, 100, 22768, 24576, 344.36, 65
2026/09/20 15:56:54.782, 100, 22768, 24576, 345.13, 65
2026/09/20 15:56:55.783, 100, 22768, 24576, 344.52, 65
2026/09/20 15:56:56.783, 100, 22768, 24576, 333.57, 65
2026/09/20 15:56:57.783, 100, 22768, 24576, 344.66, 65
2026/09/20 15:56:58.784, 100, 22768, 24576, 343.99, 65
2026/09/20 15:56:59.784, 100, 22768, 24576, 345.70, 65
2026/09/20 15:57:00.785, 100, 22768, 24576, 346.21, 65
2026/09/20 15:57:01.785, 100, 22768, 24576, 338.68, 65
2026/09/20 15:57:02.786, 100, 22768, 24576, 345.19, 65
2026/09/20 15:57:03.787, 100, 22768, 24576, 345.55, 64
2026/09/20 15:57:04.787, 100, 22768, 24576, 345.54, 65
2026/09/20 15:57:05.787, 100, 22768, 24576, 346.53, 65
2026/09/20 15:57:06.788, 20, 22768, 24576, 326.21, 62
2026/09/20 15:57:07.788, 100, 22768, 24576, 334.05, 64
2026/09/20 15:57:08.789, 100, 22768, 24576, 343.33, 64
2026/09/20 15:57:09.789, 100, 22768, 24576, 344.73, 64
2026/09/20 15:57:10.791, 100, 22768, 24576, 345.12, 65
2026/09/20 15:57:11.792, 100, 22768, 24576, 345.51, 65
2026/09/20 15:57:12.792, 100, 22768, 24576, 341.38, 65
2026/09/20 15:57:13.793, 100, 22768, 24576, 344.40, 65
2026/09/20 15:57:14.793, 100, 22768, 24576, 345.23, 65
2026/09/20 15:57:15.794, 100, 22768, 24576, 345.74, 65
2026/09/20 15:57:16.794, 100, 22768, 24576, 345.67, 64
2026/09/20 15:57:17.794, 100, 22768, 24576, 340.08, 65
2026/09/20 15:57:18.795, 100, 22768, 24576, 344.80, 65
2026/09/20 15:57:19.795, 100, 22768, 24576, 345.64, 64
2026/09/20 15:57:20.796, 100, 22768, 24576, 346.05, 64
2026/09/20 15:57:21.796, 100, 22768, 24576, 345.67, 64
2026/09/20 15:57:22.797, 100, 22768, 24576, 337.24, 64
2026/09/20 15:57:23.797, 100, 22768, 24576, 347.17, 64
2026/09/20 15:57:24.798, 100, 22768, 24576, 345.80, 64
2026/09/20 15:57:25.798, 100, 22768, 24576, 345.57, 64
2026/09/20 15:57:26.799, 100, 22768, 24576, 345.82, 64
2026/09/20 15:57:27.799, 100, 22768, 24576, 345.74, 64
2026/09/20 15:57:28.799, 100, 22768, 24576, 340.39, 64
2026/09/20 15:57:29.800, 100, 22768, 24576, 344.61, 64
2026/09/20 15:57:30.800, 100, 22768, 24576, 345.18, 65
2026/09/20 15:57:31.801, 100, 22768, 24576, 344.91, 65
2026/09/20 15:57:32.801, 100, 22728, 24576, 345.41, 64
2026/09/20 15:57:33.802, 99, 22768, 24576, 337.76, 64
2026/09/20 15:57:34.802, 100, 22768, 24576, 343.18, 65
2026/09/20 15:57:35.803, 100, 22768, 24576, 343.70, 65
2026/09/20 15:57:36.803, 99, 22768, 24576, 343.99, 65
2026/09/20 15:57:37.804, 100, 22768, 24576, 343.79, 65
2026/09/20 15:57:38.804, 99, 22768, 24576, 343.81, 65
2026/09/20 15:57:39.805, 100, 22768, 24576, 344.55, 65
2026/09/20 15:57:40.805, 100, 22768, 24576, 344.95, 65
2026/09/20 15:57:41.806, 100, 22768, 24576, 344.89, 65
2026/09/20 15:57:42.806, 100, 22768, 24576, 344.61, 65
2026/09/20 15:57:43.807, 100, 22768, 24576, 344.74, 65
2026/09/20 15:57:44.807, 99, 22768, 24576, 343.79, 65
2026/09/20 15:57:45.808, 100, 22768, 24576, 344.09, 66
2026/09/20 15:57:46.808, 100, 22768, 24576, 344.51, 65
2026/09/20 15:57:47.808, 100, 22768, 24576, 344.66, 66
2026/09/20 15:57:48.809, 100, 22768, 24576, 344.32, 65
2026/09/20 15:57:49.810, 100, 22768, 24576, 344.09, 65
2026/09/20 15:57:50.810, 99, 22768, 24576, 344.36, 65
2026/09/20 15:57:51.810, 99, 22768, 24576, 342.78, 66
2026/09/20 15:57:52.811, 99, 22768, 24576, 344.36, 66
2026/09/20 15:57:53.811, 99, 22768, 24576, 343.39, 66
2026/09/20 15:57:54.812, 100, 22768, 24576, 342.26, 65
2026/09/20 15:57:55.812, 100, 22768, 24576, 343.01, 65
2026/09/20 15:57:56.813, 100, 22768, 24576, 342.65, 65
2026/09/20 15:57:57.813, 100, 22768, 24576, 341.42, 66
2026/09/20 15:57:58.814, 100, 22768, 24576, 343.04, 66
2026/09/20 15:57:59.814, 100, 22768, 24576, 340.26, 65
2026/09/20 15:58:00.814, 100, 22768, 24576, 340.43, 66
2026/09/20 15:58:01.815, 100, 22768, 24576, 338.09, 65
2026/09/20 15:58:02.815, 100, 22768, 24576, 337.31, 65
2026/09/20 15:58:03.816, 100, 22768, 24576, 339.36, 65
2026/09/20 15:58:04.816, 100, 22768, 24576, 337.91, 65
2026/09/20 15:58:05.817, 100, 22768, 24576, 336.88, 65
2026/09/20 15:58:06.817, 99, 22770, 24576, 336.63, 66
2026/09/20 15:58:07.818, 100, 22770, 24576, 336.50, 65
2026/09/20 15:58:08.818, 100, 22770, 24576, 335.09, 65
2026/09/20 15:58:09.818, 100, 22770, 24576, 335.58, 65
2026/09/20 15:58:10.819, 100, 22770, 24576, 336.55, 65
2026/09/20 15:58:11.819, 100, 22770, 24576, 336.60, 65
2026/09/20 15:58:12.820, 100, 22770, 24576, 339.62, 65
2026/09/20 15:58:13.821, 99, 22770, 24576, 337.33, 65
2026/09/20 15:58:14.821, 100, 22770, 24576, 335.64, 65
2026/09/20 15:58:15.822, 100, 22770, 24576, 336.09, 65
2026/09/20 15:58:16.833, 100, 22770, 24576, 336.99, 65
2026/09/20 15:58:17.834, 100, 22770, 24576, 334.89, 65
2026/09/20 15:58:18.834, 100, 22770, 24576, 335.33, 65
2026/09/20 15:58:19.834, 100, 22770, 24576, 334.87, 65
2026/09/20 15:58:20.835, 100, 22770, 24576, 333.47, 65
2026/09/20 15:58:21.835, 100, 22770, 24576, 335.07, 65
2026/09/20 15:58:22.836, 99, 22770, 24576, 334.02, 65
2026/09/20 15:58:23.836, 100, 22770, 24576, 334.16, 65
2026/09/20 15:58:24.837, 100, 22770, 24576, 335.89, 65
2026/09/20 15:58:25.837, 100, 22770, 24576, 334.80, 65
2026/09/20 15:58:26.837, 100, 22770, 24576, 339.53, 65
2026/09/20 15:58:27.838, 99, 22770, 24576, 331.96, 65
2026/09/20 15:58:28.838, 100, 22770, 24576, 344.13, 65
2026/09/20 15:58:29.839, 100, 22770, 24576, 335.24, 65
2026/09/20 15:58:30.839, 100, 22770, 24576, 335.77, 65
2026/09/20 15:58:31.840, 100, 22770, 24576, 334.83, 65
2026/09/20 15:58:32.840, 100, 22770, 24576, 335.26, 64
2026/09/20 15:58:33.841, 100, 22770, 24576, 336.20, 65
2026/09/20 15:58:34.841, 100, 22770, 24576, 342.63, 65
2026/09/20 15:58:35.842, 100, 22770, 24576, 342.70, 65
2026/09/20 15:58:36.842, 100, 22770, 24576, 344.08, 65
2026/09/20 15:58:37.843, 100, 22770, 24576, 343.63, 65
2026/09/20 15:58:38.843, 100, 22770, 24576, 344.03, 65
2026/09/20 15:58:39.844, 100, 22770, 24576, 344.24, 65
2026/09/20 15:58:40.844, 100, 22770, 24576, 344.37, 65
2026/09/20 15:58:41.845, 100, 22770, 24576, 344.78, 65
2026/09/20 15:58:42.845, 100, 22770, 24576, 344.23, 64
2026/09/20 15:58:43.845, 100, 22770, 24576, 344.57, 65
2026/09/20 15:58:44.846, 100, 22770, 24576, 344.41, 65
2026/09/20 15:58:45.846, 100, 22770, 24576, 344.42, 65
2026/09/20 15:58:46.847, 99, 22770, 24576, 344.58, 65
2026/09/20 15:58:47.847, 100, 22770, 24576, 343.15, 65
2026/09/20 15:58:48.848, 100, 22770, 24576, 344.15, 65
2026/09/20 15:58:49.848, 100, 22770, 24576, 344.92, 65
2026/09/20 15:58:50.848, 100, 22770, 24576, 343.82, 65
2026/09/20 15:58:51.849, 100, 22770, 24576, 343.74, 65
2026/09/20 15:58:52.851, 100, 22770, 24576, 342.68, 65
2026/09/20 15:58:53.851, 100, 22770, 24576, 344.24, 65
2026/09/20 15:58:54.852, 100, 22770, 24576, 343.58, 65
2026/09/20 15:58:55.852, 100, 22770, 24576, 343.14, 65
2026/09/20 15:58:56.853, 100, 22770, 24576, 343.32, 65
2026/09/20 15:58:57.853, 100, 22770, 24576, 341.20, 65
2026/09/20 15:58:58.853, 100, 22770, 24576, 342.71, 65
2026/09/20 15:58:59.854, 100, 22770, 24576, 340.66, 65
2026/09/20 15:59:00.854, 100, 22770, 24576, 342.71, 65
2026/09/20 15:59:01.855, 99, 22770, 24576, 340.78, 65
2026/09/20 15:59:02.856, 100, 22770, 24576, 339.96, 65
2026/09/20 15:59:03.856, 100, 22770, 24576, 340.96, 65
2026/09/20 15:59:04.857, 100, 22770, 24576, 335.60, 65
2026/09/20 15:59:05.857, 100, 22770, 24576, 336.12, 65
2026/09/20 15:59:06.858, 99, 22770, 24576, 340.67, 65
2026/09/20 15:59:07.858, 100, 22770, 24576, 336.99, 64
2026/09/20 15:59:08.858, 100, 22770, 24576, 337.64, 64
2026/09/20 15:59:09.859, 100, 22770, 24576, 335.02, 64
2026/09/20 15:59:10.859, 100, 22770, 24576, 336.99, 65
2026/09/20 15:59:11.860, 100, 22770, 24576, 337.06, 64
2026/09/20 15:59:12.860, 100, 22770, 24576, 338.65, 64
2026/09/20 15:59:13.861, 100, 22770, 24576, 336.82, 64
2026/09/20 15:59:14.861, 100, 22770, 24576, 336.24, 64
2026/09/20 15:59:15.862, 100, 22770, 24576, 338.78, 64
2026/09/20 15:59:16.862, 100, 22770, 24576, 335.40, 65
2026/09/20 15:59:17.863, 100, 22770, 24576, 335.02, 64
2026/09/20 15:59:18.863, 100, 22770, 24576, 334.73, 64
2026/09/20 15:59:19.864, 100, 22770, 24576, 335.81, 64
2026/09/20 15:59:20.864, 100, 22770, 24576, 336.10, 64
2026/09/20 15:59:21.865, 100, 22770, 24576, 336.53, 64
2026/09/20 15:59:22.865, 100, 22770, 24576, 336.49, 64
2026/09/20 15:59:23.866, 100, 22770, 24576, 336.68, 64
2026/09/20 15:59:24.866, 100, 22770, 24576, 335.91, 64
2026/09/20 15:59:25.867, 100, 22772, 24576, 335.18, 64
2026/09/20 15:59:26.867, 100, 22772, 24576, 334.88, 64
2026/09/20 15:59:27.867, 100, 22772, 24576, 336.21, 64
2026/09/20 15:59:28.868, 100, 22772, 24576, 338.68, 64
2026/09/20 15:59:29.868, 100, 22772, 24576, 341.08, 64
2026/09/20 15:59:30.869, 100, 22772, 24576, 334.76, 64
2026/09/20 15:59:31.869, 100, 22772, 24576, 337.08, 64
2026/09/20 15:59:32.870, 100, 22772, 24576, 334.15, 64
2026/09/20 15:59:33.870, 100, 22772, 24576, 333.57, 64
2026/09/20 15:59:34.871, 100, 22772, 24576, 337.90, 65
2026/09/20 15:59:35.871, 100, 22772, 24576, 346.97, 64
2026/09/20 15:59:36.872, 100, 22772, 24576, 345.36, 64
2026/09/20 15:59:37.872, 100, 22772, 24576, 345.77, 63
2026/09/20 15:59:38.872, 100, 22772, 24576, 345.83, 63
2026/09/20 15:59:39.873, 100, 22772, 24576, 346.07, 63
2026/09/20 15:59:40.873, 100, 22772, 24576, 346.05, 63
2026/09/20 15:59:41.874, 100, 22772, 24576, 345.73, 63
2026/09/20 15:59:42.874, 100, 22772, 24576, 345.91, 63
2026/09/20 15:59:43.875, 100, 22772, 24576, 345.28, 63
2026/09/20 15:59:44.875, 100, 22772, 24576, 331.74, 64
2026/09/20 15:59:45.875, 100, 22772, 24576, 342.89, 63
2026/09/20 15:59:46.876, 100, 22772, 24576, 343.63, 64
2026/09/20 15:59:47.876, 100, 22772, 24576, 344.21, 64
2026/09/20 15:59:48.877, 100, 22772, 24576, 344.58, 64
2026/09/20 15:59:49.878, 100, 22772, 24576, 343.55, 64
2026/09/20 15:59:50.878, 100, 22772, 24576, 344.69, 64
2026/09/20 15:59:51.879, 99, 22772, 24576, 344.60, 64
2026/09/20 15:59:52.879, 100, 22772, 24576, 343.71, 64
2026/09/20 15:59:53.880, 100, 22772, 24576, 345.63, 64
2026/09/20 15:59:54.880, 100, 22772, 24576, 344.77, 64
2026/09/20 15:59:55.881, 100, 22772, 24576, 345.08, 64
2026/09/20 15:59:56.881, 100, 22772, 24576, 344.54, 64
2026/09/20 15:59:57.882, 99, 22772, 24576, 344.16, 64
2026/09/20 15:59:58.883, 100, 22772, 24576, 343.72, 64
2026/09/20 15:59:59.884, 100, 22772, 24576, 344.38, 64
2026/09/20 16:00:00.884, 100, 22772, 24576, 344.62, 64
2026/09/20 16:00:01.885, 100, 22772, 24576, 345.27, 64
2026/09/20 16:00:02.885, 100, 22772, 24576, 345.58, 64
2026/09/20 16:00:03.886, 100, 22772, 24576, 344.67, 64
2026/09/20 16:00:04.887, 100, 22772, 24576, 343.29, 65
2026/09/20 16:00:05.887, 100, 22772, 24576, 342.48, 64
2026/09/20 16:00:06.887, 100, 22772, 24576, 342.54, 65
2026/09/20 16:00:08.245, 100, 22772, 24576, 332.61, 65
2026/09/20 16:00:09.245, 99, 22772, 24576, 342.38, 65
2026/09/20 16:00:10.245, 100, 22772, 24576, 341.66, 64
2026/09/20 16:00:11.246, 100, 22772, 24576, 342.36, 65
2026/09/20 16:00:12.246, 100, 22772, 24576, 341.86, 65
2026/09/20 16:00:13.247, 100, 22772, 24576, 341.31, 65
2026/09/20 16:00:14.247, 100, 22772, 24576, 338.37, 65
2026/09/20 16:00:15.248, 99, 22772, 24576, 336.61, 65
2026/09/20 16:00:16.248, 100, 22772, 24576, 339.43, 64
2026/09/20 16:00:17.249, 100, 22772, 24576, 336.23, 64
2026/09/20 16:00:18.249, 100, 22772, 24576, 336.43, 65
2026/09/20 16:00:19.250, 100, 22772, 24576, 336.92, 64
2026/09/20 16:00:20.251, 100, 22772, 24576, 335.85, 64
2026/09/20 16:00:21.251, 100, 22772, 24576, 335.75, 64
2026/09/20 16:00:22.252, 100, 22772, 24576, 336.08, 65
2026/09/20 16:00:23.252, 100, 22772, 24576, 339.38, 65
2026/09/20 16:00:24.253, 100, 22772, 24576, 337.38, 64
2026/09/20 16:00:25.253, 100, 22772, 24576, 336.72, 65
2026/09/20 16:00:26.254, 100, 22772, 24576, 336.61, 64
2026/09/20 16:00:27.254, 100, 22772, 24576, 336.65, 64
2026/09/20 16:00:28.255, 100, 22772, 24576, 335.30, 64
2026/09/20 16:00:29.255, 100, 22772, 24576, 338.70, 65
2026/09/20 16:00:30.255, 100, 22772, 24576, 336.41, 64
2026/09/20 16:00:31.256, 100, 22772, 24576, 336.40, 65
2026/09/20 16:00:32.256, 99, 22772, 24576, 335.75, 64
2026/09/20 16:00:33.257, 100, 22772, 24576, 335.25, 65
2026/09/20 16:00:34.257, 100, 22772, 24576, 333.81, 64
2026/09/20 16:00:35.258, 100, 22772, 24576, 333.24, 65
2026/09/20 16:00:36.258, 100, 22772, 24576, 333.37, 65
2026/09/20 16:00:37.259, 100, 22772, 24576, 335.77, 64
2026/09/20 16:00:38.259, 100, 22772, 24576, 326.90, 64
2026/09/20 16:00:39.260, 100, 22772, 24576, 337.61, 65
2026/09/20 16:00:40.260, 100, 22772, 24576, 343.15, 64
2026/09/20 16:00:41.261, 100, 22772, 24576, 337.96, 65
2026/09/20 16:00:42.261, 100, 22774, 24576, 337.09, 64
2026/09/20 16:00:43.262, 100, 22776, 24576, 337.12, 65
2026/09/20 16:00:44.262, 100, 22776, 24576, 336.96, 65
2026/09/20 16:00:45.263, 100, 22776, 24576, 342.10, 65
2026/09/20 16:00:46.263, 100, 22776, 24576, 343.07, 65
2026/09/20 16:00:47.264, 99, 22776, 24576, 343.58, 64
2026/09/20 16:00:48.264, 100, 22776, 24576, 344.57, 65
2026/09/20 16:00:49.265, 100, 22776, 24576, 343.22, 65
2026/09/20 16:00:50.265, 100, 22776, 24576, 344.16, 65
2026/09/20 16:00:51.266, 100, 22776, 24576, 344.23, 65
2026/09/20 16:00:52.266, 100, 22776, 24576, 344.29, 65
2026/09/20 16:00:53.267, 100, 22776, 24576, 344.30, 65
2026/09/20 16:00:54.267, 100, 22776, 24576, 344.40, 65
2026/09/20 16:00:55.268, 100, 22776, 24576, 343.81, 65
2026/09/20 16:00:56.268, 100, 22776, 24576, 344.45, 65
2026/09/20 16:00:57.269, 100, 22776, 24576, 342.87, 65
2026/09/20 16:00:58.269, 100, 22776, 24576, 343.90, 65
2026/09/20 16:00:59.270, 100, 22776, 24576, 344.29, 65
2026/09/20 16:01:00.270, 99, 22776, 24576, 343.12, 65
2026/09/20 16:01:01.271, 100, 22776, 24576, 343.51, 65
2026/09/20 16:01:02.271, 100, 22776, 24576, 344.13, 65
2026/09/20 16:01:03.272, 100, 22776, 24576, 343.40, 65
2026/09/20 16:01:04.272, 100, 22776, 24576, 342.20, 65
2026/09/20 16:01:05.273, 100, 22776, 24576, 343.91, 65
2026/09/20 16:01:06.273, 100, 22776, 24576, 343.38, 65
2026/09/20 16:01:07.274, 100, 22776, 24576, 344.52, 65
2026/09/20 16:01:08.274, 100, 22776, 24576, 341.95, 65
2026/09/20 16:01:09.275, 99, 22776, 24576, 344.43, 65
2026/09/20 16:01:10.275, 100, 22776, 24576, 344.67, 65
2026/09/20 16:01:11.276, 100, 22776, 24576, 339.63, 65
2026/09/20 16:01:12.276, 100, 22776, 24576, 342.00, 65
2026/09/20 16:01:13.277, 100, 22776, 24576, 341.88, 65
2026/09/20 16:01:14.279, 100, 22776, 24576, 341.55, 65
2026/09/20 16:01:15.280, 100, 22776, 24576, 338.60, 65
2026/09/20 16:01:16.280, 100, 22776, 24576, 340.51, 65
2026/09/20 16:01:17.281, 100, 22776, 24576, 339.36, 65
2026/09/20 16:01:18.281, 100, 22776, 24576, 338.69, 65
2026/09/20 16:01:19.282, 100, 22776, 24576, 336.57, 65
2026/09/20 16:01:20.282, 100, 22776, 24576, 336.17, 65
2026/09/20 16:01:21.283, 100, 22776, 24576, 337.46, 65
2026/09/20 16:01:22.283, 100, 22776, 24576, 336.42, 65
2026/09/20 16:01:23.284, 100, 22776, 24576, 336.51, 65
2026/09/20 16:01:24.284, 100, 22776, 24576, 337.50, 65
2026/09/20 16:01:25.284, 100, 22776, 24576, 336.88, 65
2026/09/20 16:01:26.285, 100, 22776, 24576, 337.39, 65
2026/09/20 16:01:27.285, 100, 22776, 24576, 337.33, 65
2026/09/20 16:01:28.286, 100, 22776, 24576, 335.77, 65
2026/09/20 16:01:29.286, 100, 22776, 24576, 335.02, 65
2026/09/20 16:01:30.287, 100, 22776, 24576, 336.62, 65
2026/09/20 16:01:31.287, 100, 22776, 24576, 335.62, 65
2026/09/20 16:01:32.287, 100, 22776, 24576, 336.86, 65
2026/09/20 16:01:33.288, 100, 22776, 24576, 336.20, 65
2026/09/20 16:01:34.288, 100, 22776, 24576, 336.04, 65
2026/09/20 16:01:35.289, 100, 22776, 24576, 335.41, 65
2026/09/20 16:01:36.289, 100, 22776, 24576, 334.95, 65
2026/09/20 16:01:37.289, 100, 22776, 24576, 333.01, 65
2026/09/20 16:01:38.290, 100, 22776, 24576, 333.27, 65
2026/09/20 16:01:39.290, 100, 22776, 24576, 330.94, 65
2026/09/20 16:01:40.291, 100, 22776, 24576, 339.38, 65
2026/09/20 16:01:41.291, 100, 22776, 24576, 342.49, 65
2026/09/20 16:01:42.291, 100, 22776, 24576, 337.00, 65
2026/09/20 16:01:43.292, 100, 22776, 24576, 336.53, 65
2026/09/20 16:01:44.292, 100, 22776, 24576, 335.50, 65
2026/09/20 16:01:45.293, 99, 22776, 24576, 339.79, 66
2026/09/20 16:01:46.293, 100, 22776, 24576, 344.82, 65
2026/09/20 16:01:47.294, 100, 22776, 24576, 345.81, 64
2026/09/20 16:01:48.294, 100, 22776, 24576, 345.18, 65
2026/09/20 16:01:49.295, 100, 22776, 24576, 345.33, 64
2026/09/20 16:01:50.295, 100, 22776, 24576, 345.17, 64
2026/09/20 16:01:51.295, 100, 22776, 24576, 344.73, 64
2026/09/20 16:01:52.296, 100, 22776, 24576, 345.57, 64
2026/09/20 16:01:53.296, 100, 22776, 24576, 345.30, 64
2026/09/20 16:01:54.297, 100, 22776, 24576, 335.65, 64
2026/09/20 16:01:55.297, 100, 22776, 24576, 345.24, 64
2026/09/20 16:01:56.298, 100, 22776, 24576, 342.89, 65
2026/09/20 16:01:57.298, 100, 22776, 24576, 342.51, 65
2026/09/20 16:01:58.299, 100, 22776, 24576, 342.37, 65
2026/09/20 16:01:59.299, 100, 22776, 24576, 343.04, 65
2026/09/20 16:02:00.300, 100, 22776, 24576, 342.92, 65
2026/09/20 16:02:01.300, 100, 22776, 24576, 343.27, 65
2026/09/20 16:02:02.301, 100, 22776, 24576, 344.13, 65
2026/09/20 16:02:03.301, 99, 22776, 24576, 344.29, 65
2026/09/20 16:02:04.302, 100, 22776, 24576, 344.35, 65
2026/09/20 16:02:05.302, 100, 22776, 24576, 344.08, 65
2026/09/20 16:02:06.303, 100, 22776, 24576, 343.90, 65
2026/09/20 16:02:07.304, 100, 22776, 24576, 345.23, 66
2026/09/20 16:02:08.304, 100, 22776, 24576, 344.00, 66
2026/09/20 16:02:09.305, 100, 22776, 24576, 344.84, 66
2026/09/20 16:02:10.305, 100, 22776, 24576, 344.45, 66
2026/09/20 16:02:11.306, 99, 22776, 24576, 343.94, 66
2026/09/20 16:02:12.306, 99, 22776, 24576, 344.68, 66
2026/09/20 16:02:13.307, 100, 22776, 24576, 343.33, 66
2026/09/20 16:02:14.307, 100, 22776, 24576, 344.36, 66
2026/09/20 16:02:15.310, 99, 22776, 24576, 342.53, 66
2026/09/20 16:02:16.310, 99, 22776, 24576, 341.60, 66
2026/09/20 16:02:17.310, 100, 22776, 24576, 342.30, 66
2026/09/20 16:02:18.311, 100, 22776, 24576, 341.21, 66
2026/09/20 16:02:19.311, 100, 22776, 24576, 343.16, 65
2026/09/20 16:02:20.312, 100, 22776, 24576, 340.99, 66
2026/09/20 16:02:21.312, 100, 22776, 24576, 340.09, 66
2026/09/20 16:02:22.313, 100, 22776, 24576, 340.04, 66
2026/09/20 16:02:23.313, 100, 22776, 24576, 339.01, 66
2026/09/20 16:02:24.313, 100, 22776, 24576, 337.52, 66
2026/09/20 16:02:25.314, 100, 22776, 24576, 334.64, 66
2026/09/20 16:02:26.314, 100, 22776, 24576, 337.52, 66
2026/09/20 16:02:27.315, 100, 22776, 24576, 338.50, 66
2026/09/20 16:02:28.315, 100, 22776, 24576, 337.94, 65
2026/09/20 16:02:29.316, 100, 22776, 24576, 336.55, 66
2026/09/20 16:02:30.316, 100, 22776, 24576, 337.61, 66
2026/09/20 16:02:31.316, 100, 22776, 24576, 337.80, 66
2026/09/20 16:02:32.317, 99, 22776, 24576, 340.86, 66
2026/09/20 16:02:33.317, 100, 22776, 24576, 337.24, 66
2026/09/20 16:02:34.318, 100, 22776, 24576, 340.33, 66
2026/09/20 16:02:35.318, 100, 22776, 24576, 336.31, 66
2026/09/20 16:02:36.318, 100, 22776, 24576, 335.47, 66
2026/09/20 16:02:37.319, 100, 22776, 24576, 335.59, 66
2026/09/20 16:02:38.319, 100, 22776, 24576, 335.92, 66
2026/09/20 16:02:39.320, 100, 22776, 24576, 337.25, 66
2026/09/20 16:02:40.320, 100, 22776, 24576, 334.85, 66
2026/09/20 16:02:41.320, 100, 22776, 24576, 333.87, 65
2026/09/20 16:02:42.321, 100, 22776, 24576, 334.61, 65
2026/09/20 16:02:43.321, 100, 22776, 24576, 334.09, 65
2026/09/20 16:02:44.321, 99, 22776, 24576, 336.29, 66
2026/09/20 16:02:45.322, 100, 22776, 24576, 335.01, 66
2026/09/20 16:02:46.322, 100, 22776, 24576, 333.63, 66
2026/09/20 16:02:47.323, 100, 22776, 24576, 334.43, 66
2026/09/20 16:02:48.323, 100, 22776, 24576, 331.50, 66
2026/09/20 16:02:49.323, 100, 22776, 24576, 332.69, 65
2026/09/20 16:02:50.324, 100, 22776, 24576, 344.51, 66
2026/09/20 16:02:51.324, 100, 22776, 24576, 336.62, 66
2026/09/20 16:02:52.325, 100, 22776, 24576, 334.85, 66
2026/09/20 16:02:53.325, 100, 22776, 24576, 335.56, 66
2026/09/20 16:02:54.326, 100, 22776, 24576, 335.36, 66
2026/09/20 16:02:55.326, 100, 22776, 24576, 340.55, 66
2026/09/20 16:02:56.327, 100, 22776, 24576, 343.34, 66
2026/09/20 16:02:57.327, 100, 22776, 24576, 343.04, 66
2026/09/20 16:02:58.328, 100, 22776, 24576, 343.51, 66
2026/09/20 16:02:59.328, 99, 22776, 24576, 343.88, 66
2026/09/20 16:03:00.328, 100, 22776, 24576, 344.58, 66
2026/09/20 16:03:01.329, 100, 22776, 24576, 344.15, 66
2026/09/20 16:03:02.329, 100, 22776, 24576, 344.27, 66
2026/09/20 16:03:03.330, 100, 22776, 24576, 345.30, 66
2026/09/20 16:03:04.330, 100, 22776, 24576, 344.39, 66
2026/09/20 16:03:05.330, 100, 22776, 24576, 343.21, 66
2026/09/20 16:03:06.331, 100, 22776, 24576, 343.80, 66
2026/09/20 16:03:07.331, 100, 22776, 24576, 344.50, 66
2026/09/20 16:03:08.332, 100, 22776, 24576, 344.46, 66
2026/09/20 16:03:09.332, 100, 22776, 24576, 344.48, 66
2026/09/20 16:03:10.333, 100, 22776, 24576, 342.46, 66
2026/09/20 16:03:11.334, 100, 22776, 24576, 344.13, 66
2026/09/20 16:03:12.334, 100, 22776, 24576, 344.38, 66
2026/09/20 16:03:13.334, 100, 22776, 24576, 344.79, 66
2026/09/20 16:03:14.335, 100, 22776, 24576, 342.34, 66
2026/09/20 16:03:15.335, 100, 22776, 24576, 344.65, 66
2026/09/20 16:03:16.336, 100, 22776, 24576, 343.79, 66
2026/09/20 16:03:17.336, 100, 22776, 24576, 342.47, 66
2026/09/20 16:03:18.336, 100, 22776, 24576, 342.59, 66
2026/09/20 16:03:19.337, 100, 22776, 24576, 341.57, 66
2026/09/20 16:03:20.337, 100, 22776, 24576, 343.50, 66
2026/09/20 16:03:21.338, 100, 22776, 24576, 340.16, 66
2026/09/20 16:03:22.338, 100, 22776, 24576, 340.16, 66
2026/09/20 16:03:23.339, 99, 22776, 24576, 339.11, 66
2026/09/20 16:03:24.339, 100, 22776, 24576, 340.58, 66
2026/09/20 16:03:25.340, 100, 22776, 24576, 338.34, 66
2026/09/20 16:03:26.340, 100, 22776, 24576, 343.03, 66
2026/09/20 16:03:27.340, 100, 22776, 24576, 339.93, 66
2026/09/20 16:03:28.341, 99, 22776, 24576, 339.26, 66
2026/09/20 16:03:29.342, 100, 22776, 24576, 337.35, 66
2026/09/20 16:03:30.342, 100, 22776, 24576, 340.14, 66
2026/09/20 16:03:31.342, 100, 22776, 24576, 335.24, 66
2026/09/20 16:03:32.343, 99, 22776, 24576, 339.23, 66
2026/09/20 16:03:33.344, 100, 22776, 24576, 334.89, 66
2026/09/20 16:03:34.344, 100, 22776, 24576, 334.96, 66
2026/09/20 16:03:35.345, 100, 22776, 24576, 338.18, 66
2026/09/20 16:03:36.345, 100, 22776, 24576, 335.04, 66
2026/09/20 16:03:37.346, 100, 22776, 24576, 337.73, 66
2026/09/20 16:03:38.346, 100, 22776, 24576, 337.33, 66
2026/09/20 16:03:39.347, 100, 22776, 24576, 337.65, 66
2026/09/20 16:03:40.347, 100, 22776, 24576, 336.68, 66
2026/09/20 16:03:41.347, 100, 22776, 24576, 335.46, 66
2026/09/20 16:03:42.348, 100, 22776, 24576, 335.85, 66
2026/09/20 16:03:43.348, 100, 22776, 24576, 334.56, 66
2026/09/20 16:03:44.349, 100, 22776, 24576, 336.96, 66
2026/09/20 16:03:45.349, 100, 22776, 24576, 334.99, 66
2026/09/20 16:03:46.350, 100, 22776, 24576, 334.00, 66
2026/09/20 16:03:47.350, 100, 22776, 24576, 336.06, 66
2026/09/20 16:03:48.351, 100, 22776, 24576, 330.58, 66
2026/09/20 16:03:49.351, 100, 22776, 24576, 339.21, 66
2026/09/20 16:03:50.352, 100, 22776, 24576, 337.27, 66
2026/09/20 16:03:51.352, 100, 22776, 24576, 341.49, 66
2026/09/20 16:03:52.353, 100, 22776, 24576, 334.45, 66
2026/09/20 16:03:53.353, 100, 22776, 24576, 336.65, 66
2026/09/20 16:03:54.353, 100, 22776, 24576, 335.89, 66
2026/09/20 16:03:55.354, 100, 22776, 24576, 335.59, 66
2026/09/20 16:03:56.354, 100, 22776, 24576, 343.12, 67
2026/09/20 16:03:57.355, 100, 22776, 24576, 344.62, 65
2026/09/20 16:03:58.355, 100, 22776, 24576, 344.38, 65
2026/09/20 16:03:59.356, 100, 22776, 24576, 345.80, 65
2026/09/20 16:04:00.356, 100, 22776, 24576, 345.46, 65
2026/09/20 16:04:01.356, 100, 22776, 24576, 345.52, 65
2026/09/20 16:04:02.357, 100, 22776, 24576, 345.25, 65
2026/09/20 16:04:03.357, 100, 22776, 24576, 344.65, 65
2026/09/20 16:04:04.358, 100, 22776, 24576, 345.33, 65
2026/09/20 16:04:05.358, 91, 22776, 24576, 336.62, 65
2026/09/20 16:04:06.359, 100, 22776, 24576, 342.47, 65
2026/09/20 16:04:07.359, 100, 22776, 24576, 343.71, 66
2026/09/20 16:04:08.360, 100, 22776, 24576, 343.48, 66
2026/09/20 16:04:09.360, 100, 22776, 24576, 343.85, 66
2026/09/20 16:04:10.361, 100, 22776, 24576, 343.84, 66
2026/09/20 16:04:11.361, 100, 22776, 24576, 343.78, 66
2026/09/20 16:04:12.362, 100, 22776, 24576, 343.07, 66
2026/09/20 16:04:13.362, 99, 22776, 24576, 343.78, 66
2026/09/20 16:04:14.363, 100, 22776, 24576, 343.95, 66
2026/09/20 16:04:15.363, 100, 22776, 24576, 345.22, 66
2026/09/20 16:04:16.364, 100, 22776, 24576, 344.70, 66
2026/09/20 16:04:17.364, 100, 22776, 24576, 344.65, 66
2026/09/20 16:04:18.365, 100, 22776, 24576, 342.95, 66
2026/09/20 16:04:19.365, 99, 22776, 24576, 344.68, 66
2026/09/20 16:04:20.365, 100, 22776, 24576, 344.73, 66
2026/09/20 16:04:21.366, 100, 22776, 24576, 343.42, 66
2026/09/20 16:04:22.366, 100, 22776, 24576, 343.57, 66
2026/09/20 16:04:23.367, 100, 22776, 24576, 343.71, 66
2026/09/20 16:04:24.367, 100, 22776, 24576, 344.32, 66
2026/09/20 16:04:25.368, 100, 22776, 24576, 343.99, 66
2026/09/20 16:04:26.368, 100, 22776, 24576, 341.16, 66
2026/09/20 16:04:27.368, 100, 22776, 24576, 342.49, 67
2026/09/20 16:04:28.369, 100, 22776, 24576, 342.36, 66
2026/09/20 16:04:29.369, 100, 22776, 24576, 343.27, 66
2026/09/20 16:04:30.370, 99, 22776, 24576, 343.30, 66
2026/09/20 16:04:31.370, 100, 22776, 24576, 341.03, 66
2026/09/20 16:04:32.371, 100, 22776, 24576, 341.42, 66
2026/09/20 16:04:33.371, 100, 22776, 24576, 341.10, 66
2026/09/20 16:04:34.372, 100, 22776, 24576, 338.50, 66
2026/09/20 16:04:35.372, 100, 22776, 24576, 342.26, 66
2026/09/20 16:04:36.372, 100, 22776, 24576, 337.27, 66
2026/09/20 16:04:37.373, 100, 22776, 24576, 338.26, 66
2026/09/20 16:04:38.373, 100, 22776, 24576, 338.75, 66
2026/09/20 16:04:39.374, 100, 22776, 24576, 336.91, 66
2026/09/20 16:04:40.374, 99, 22776, 24576, 337.45, 66
2026/09/20 16:04:41.376, 100, 22776, 24576, 337.32, 66
2026/09/20 16:04:42.377, 100, 22776, 24576, 334.96, 66
2026/09/20 16:04:43.377, 100, 22776, 24576, 338.19, 66
2026/09/20 16:04:44.377, 100, 22776, 24576, 336.56, 66
2026/09/20 16:04:45.378, 100, 22776, 24576, 338.90, 66
2026/09/20 16:04:46.378, 100, 22776, 24576, 336.36, 66
2026/09/20 16:04:47.379, 100, 22776, 24576, 337.98, 66
2026/09/20 16:04:48.379, 100, 22776, 24576, 337.36, 66
2026/09/20 16:04:49.380, 100, 22776, 24576, 336.15, 66
2026/09/20 16:04:50.380, 100, 22776, 24576, 335.02, 66
2026/09/20 16:04:51.381, 100, 22776, 24576, 335.90, 66
2026/09/20 16:04:52.381, 100, 22776, 24576, 336.92, 66
2026/09/20 16:04:53.381, 100, 22776, 24576, 334.05, 66
2026/09/20 16:04:54.382, 100, 22776, 24576, 334.52, 66
2026/09/20 16:04:55.384, 100, 22776, 24576, 335.68, 66
2026/09/20 16:04:56.385, 100, 22776, 24576, 333.62, 66
2026/09/20 16:04:57.385, 100, 22776, 24576, 333.55, 66
2026/09/20 16:04:58.386, 100, 22776, 24576, 338.23, 66
2026/09/20 16:04:59.386, 100, 22776, 24576, 332.41, 66
2026/09/20 16:05:00.386, 100, 22776, 24576, 342.50, 66
2026/09/20 16:05:01.387, 100, 22776, 24576, 335.30, 66
2026/09/20 16:05:02.387, 100, 22776, 24576, 339.13, 66
2026/09/20 16:05:03.388, 100, 22776, 24576, 336.27, 66
2026/09/20 16:05:04.388, 100, 22776, 24576, 334.26, 66
2026/09/20 16:05:05.388, 100, 22776, 24576, 334.56, 66
2026/09/20 16:05:06.389, 100, 22776, 24576, 341.00, 66
2026/09/20 16:05:07.389, 100, 22776, 24576, 341.42, 66
2026/09/20 16:05:08.390, 99, 22776, 24576, 343.33, 66
2026/09/20 16:05:09.390, 99, 22776, 24576, 343.88, 66
2026/09/20 16:05:10.390, 100, 22776, 24576, 343.72, 66
2026/09/20 16:05:11.391, 100, 22776, 24576, 343.61, 66
2026/09/20 16:05:12.391, 100, 22776, 24576, 343.81, 66
2026/09/20 16:05:13.392, 100, 22776, 24576, 343.68, 66
2026/09/20 16:05:14.392, 100, 22776, 24576, 344.49, 66
2026/09/20 16:05:15.393, 99, 22776, 24576, 343.96, 66
2026/09/20 16:05:16.393, 100, 22776, 24576, 343.72, 66
2026/09/20 16:05:17.393, 100, 22776, 24576, 344.34, 66
2026/09/20 16:05:18.394, 99, 22776, 24576, 344.37, 66
2026/09/20 16:05:19.394, 100, 22776, 24576, 343.42, 67
2026/09/20 16:05:20.395, 100, 22776, 24576, 344.29, 66
2026/09/20 16:05:21.395, 100, 22776, 24576, 344.52, 66
2026/09/20 16:05:22.396, 100, 22776, 24576, 344.31, 67
2026/09/20 16:05:23.396, 100, 22776, 24576, 344.99, 67
2026/09/20 16:05:24.397, 100, 22776, 24576, 343.87, 66
2026/09/20 16:05:25.397, 100, 22776, 24576, 343.51, 66
2026/09/20 16:05:26.398, 100, 22776, 24576, 341.91, 66
2026/09/20 16:05:27.398, 100, 22776, 24576, 342.97, 66
2026/09/20 16:05:28.398, 100, 22776, 24576, 343.60, 66
2026/09/20 16:05:29.399, 100, 22776, 24576, 341.84, 67
2026/09/20 16:05:30.399, 100, 22776, 24576, 343.94, 67
2026/09/20 16:05:31.400, 100, 22776, 24576, 343.53, 66
2026/09/20 16:05:32.400, 100, 22776, 24576, 340.92, 66
2026/09/20 16:05:33.401, 100, 22776, 24576, 340.16, 67
2026/09/20 16:05:34.401, 100, 22776, 24576, 341.27, 66
2026/09/20 16:05:35.402, 100, 22776, 24576, 339.97, 66
2026/09/20 16:05:36.402, 100, 22776, 24576, 337.58, 66
2026/09/20 16:05:37.403, 100, 22776, 24576, 343.08, 66
2026/09/20 16:05:38.403, 100, 22776, 24576, 338.27, 66
2026/09/20 16:05:39.404, 100, 22776, 24576, 337.55, 67
2026/09/20 16:05:40.404, 100, 22776, 24576, 336.88, 66
2026/09/20 16:05:41.404, 100, 22776, 24576, 338.09, 66
2026/09/20 16:05:42.405, 100, 22776, 24576, 338.70, 66
2026/09/20 16:05:43.405, 100, 22776, 24576, 335.03, 66
2026/09/20 16:05:44.406, 100, 22776, 24576, 335.97, 66
2026/09/20 16:05:45.406, 100, 22776, 24576, 337.00, 66
2026/09/20 16:05:46.407, 100, 22776, 24576, 338.06, 66
2026/09/20 16:05:47.407, 100, 22776, 24576, 337.46, 66
2026/09/20 16:05:48.408, 100, 22776, 24576, 337.56, 66
2026/09/20 16:05:49.408, 100, 22776, 24576, 336.55, 66
2026/09/20 16:05:50.409, 100, 22776, 24576, 337.01, 67
2026/09/20 16:05:51.409, 100, 22776, 24576, 335.81, 66
2026/09/20 16:05:52.410, 100, 22776, 24576, 336.59, 66
2026/09/20 16:05:53.410, 100, 22776, 24576, 335.00, 67
2026/09/20 16:05:54.411, 100, 22776, 24576, 336.85, 66
2026/09/20 16:05:55.411, 100, 22776, 24576, 337.39, 66
2026/09/20 16:05:56.411, 100, 22776, 24576, 336.38, 66
2026/09/20 16:05:57.412, 100, 22776, 24576, 333.80, 66
2026/09/20 16:05:58.412, 99, 22776, 24576, 333.57, 66
2026/09/20 16:05:59.413, 100, 22776, 24576, 336.52, 66
2026/09/20 16:06:00.413, 100, 22776, 24576, 332.24, 66
2026/09/20 16:06:01.414, 100, 22776, 24576, 334.37, 66
2026/09/20 16:06:02.414, 100, 22776, 24576, 336.33, 66
2026/09/20 16:06:03.415, 100, 22776, 24576, 336.54, 66
2026/09/20 16:06:04.415, 100, 22776, 24576, 338.25, 66
2026/09/20 16:06:05.416, 100, 22776, 24576, 335.80, 66
2026/09/20 16:06:06.419, 100, 22776, 24576, 335.05, 66
2026/09/20 16:06:07.419, 100, 22776, 24576, 345.23, 66
2026/09/20 16:06:08.420, 100, 22776, 24576, 345.70, 65
2026/09/20 16:06:09.420, 100, 22776, 24576, 345.54, 66
2026/09/20 16:06:10.421, 100, 22776, 24576, 344.98, 65
2026/09/20 16:06:11.421, 100, 22776, 24576, 345.17, 65
2026/09/20 16:06:12.422, 100, 22776, 24576, 345.61, 65
2026/09/20 16:06:13.422, 100, 22776, 24576, 345.70, 65
2026/09/20 16:06:14.422, 100, 22776, 24576, 345.56, 65
2026/09/20 16:06:15.423, 100, 22776, 24576, 345.41, 65
2026/09/20 16:06:16.423, 23, 22776, 24576, 326.07, 65
2026/09/20 16:06:17.424, 100, 22776, 24576, 342.60, 65
2026/09/20 16:06:18.424, 99, 22776, 24576, 343.65, 66
2026/09/20 16:06:19.425, 100, 22776, 24576, 343.81, 66
2026/09/20 16:06:20.425, 100, 22776, 24576, 343.71, 66
2026/09/20 16:06:21.426, 100, 22776, 24576, 343.65, 66
2026/09/20 16:06:22.426, 100, 22776, 24576, 343.99, 66
2026/09/20 16:06:23.427, 100, 22776, 24576, 343.87, 66
2026/09/20 16:06:24.427, 99, 22776, 24576, 344.71, 66
2026/09/20 16:06:25.428, 100, 22776, 24576, 344.44, 66
2026/09/20 16:06:26.428, 100, 22776, 24576, 343.38, 66
2026/09/20 16:06:27.429, 100, 22776, 24576, 344.10, 66
2026/09/20 16:06:28.430, 100, 22776, 24576, 343.59, 66
2026/09/20 16:06:29.431, 100, 22776, 24576, 344.10, 66
2026/09/20 16:06:30.431, 99, 22776, 24576, 344.61, 66
2026/09/20 16:06:31.432, 100, 22776, 24576, 344.71, 66
2026/09/20 16:06:32.432, 100, 22776, 24576, 343.49, 66
2026/09/20 16:06:33.433, 100, 22776, 24576, 343.82, 66
2026/09/20 16:06:34.433, 100, 22776, 24576, 344.75, 66
2026/09/20 16:06:35.433, 100, 22776, 24576, 344.32, 66
2026/09/20 16:06:36.434, 100, 22776, 24576, 343.49, 66
2026/09/20 16:06:37.434, 100, 22776, 24576, 340.79, 66
2026/09/20 16:06:38.435, 100, 22776, 24576, 341.91, 66
2026/09/20 16:06:39.435, 100, 22776, 24576, 341.20, 66
2026/09/20 16:06:40.435, 100, 22776, 24576, 343.99, 66
2026/09/20 16:06:41.436, 100, 22776, 24576, 341.09, 66
2026/09/20 16:06:42.436, 100, 22776, 24576, 339.08, 66
2026/09/20 16:06:43.437, 100, 22776, 24576, 339.89, 66
2026/09/20 16:06:44.437, 100, 22776, 24576, 339.39, 66
2026/09/20 16:06:45.437, 100, 22776, 24576, 338.09, 66
2026/09/20 16:06:46.438, 100, 22776, 24576, 340.50, 66
2026/09/20 16:06:47.438, 99, 22776, 24576, 338.26, 66
2026/09/20 16:06:48.439, 100, 22776, 24576, 339.26, 66
2026/09/20 16:06:49.439, 100, 22776, 24576, 339.40, 66
2026/09/20 16:06:50.440, 100, 22776, 24576, 337.84, 66
2026/09/20 16:06:51.440, 100, 22776, 24576, 337.73, 66
2026/09/20 16:06:52.441, 100, 22776, 24576, 337.70, 66
2026/09/20 16:06:53.441, 100, 22776, 24576, 336.68, 66
2026/09/20 16:06:54.441, 100, 22776, 24576, 338.97, 66
2026/09/20 16:06:55.442, 100, 22776, 24576, 338.46, 66
2026/09/20 16:06:56.442, 100, 22776, 24576, 338.22, 66
2026/09/20 16:06:57.443, 100, 22776, 24576, 337.74, 66
2026/09/20 16:06:58.443, 99, 22776, 24576, 339.04, 66
2026/09/20 16:06:59.444, 100, 22776, 24576, 335.75, 66
2026/09/20 16:07:00.444, 100, 22776, 24576, 335.08, 66
2026/09/20 16:07:01.445, 99, 22776, 24576, 337.45, 66
2026/09/20 16:07:02.445, 100, 22776, 24576, 336.37, 66
2026/09/20 16:07:03.445, 100, 22776, 24576, 335.68, 66
2026/09/20 16:07:04.446, 100, 22776, 24576, 334.47, 66
2026/09/20 16:07:05.446, 100, 22776, 24576, 334.99, 66
2026/09/20 16:07:06.446, 100, 22776, 24576, 333.57, 66
2026/09/20 16:07:07.447, 100, 22776, 24576, 332.13, 66
2026/09/20 16:07:08.447, 100, 22776, 24576, 333.67, 66
2026/09/20 16:07:09.448, 99, 22776, 24576, 336.95, 66
2026/09/20 16:07:10.448, 100, 22776, 24576, 331.66, 66
2026/09/20 16:07:11.448, 100, 22776, 24576, 342.44, 66
2026/09/20 16:07:12.449, 100, 22776, 24576, 334.25, 66
2026/09/20 16:07:13.449, 100, 22776, 24576, 337.60, 66
2026/09/20 16:07:14.450, 100, 22776, 24576, 335.93, 66
2026/09/20 16:07:15.450, 100, 22776, 24576, 336.92, 66
2026/09/20 16:07:16.451, 100, 22776, 24576, 337.20, 66
2026/09/20 16:07:17.451, 100, 22776, 24576, 341.58, 66
2026/09/20 16:07:18.451, 99, 22776, 24576, 341.37, 66
2026/09/20 16:07:19.452, 100, 22776, 24576, 343.32, 66
2026/09/20 16:07:20.452, 100, 22776, 24576, 343.95, 66
2026/09/20 16:07:21.453, 100, 22776, 24576, 344.61, 66
2026/09/20 16:07:22.453, 100, 22776, 24576, 343.51, 66
2026/09/20 16:07:23.454, 100, 22776, 24576, 343.86, 66
2026/09/20 16:07:24.454, 99, 22776, 24576, 343.56, 66
2026/09/20 16:07:25.455, 100, 22776, 24576, 344.22, 66
2026/09/20 16:07:26.455, 100, 22776, 24576, 344.76, 66
2026/09/20 16:07:27.455, 100, 22776, 24576, 344.14, 66
2026/09/20 16:07:28.456, 100, 22776, 24576, 343.40, 66
2026/09/20 16:07:29.456, 100, 22776, 24576, 344.01, 66
2026/09/20 16:07:30.457, 100, 22776, 24576, 343.63, 66
2026/09/20 16:07:31.457, 100, 22776, 24576, 343.96, 66
2026/09/20 16:07:32.458, 100, 22776, 24576, 343.65, 66
2026/09/20 16:07:33.458, 100, 22776, 24576, 343.81, 66
2026/09/20 16:07:34.458, 100, 22776, 24576, 343.36, 66
2026/09/20 16:07:35.459, 99, 22776, 24576, 342.54, 66
2026/09/20 16:07:36.459, 99, 22776, 24576, 343.26, 66
2026/09/20 16:07:37.460, 99, 22776, 24576, 341.80, 66
2026/09/20 16:07:38.460, 99, 22776, 24576, 342.54, 66
2026/09/20 16:07:39.460, 100, 22776, 24576, 342.82, 66
2026/09/20 16:07:40.461, 100, 22776, 24576, 341.82, 66
2026/09/20 16:07:41.461, 100, 22776, 24576, 342.30, 66
2026/09/20 16:07:42.462, 100, 22776, 24576, 341.69, 66
2026/09/20 16:07:43.462, 100, 22776, 24576, 340.56, 66
2026/09/20 16:07:44.463, 100, 22776, 24576, 341.00, 66
2026/09/20 16:07:45.463, 100, 22776, 24576, 341.77, 66
2026/09/20 16:07:46.463, 99, 22776, 24576, 338.78, 66
2026/09/20 16:07:47.464, 100, 22776, 24576, 336.72, 66
2026/09/20 16:07:48.464, 100, 22776, 24576, 338.01, 66
2026/09/20 16:07:49.465, 100, 22776, 24576, 338.06, 66
2026/09/20 16:07:50.465, 100, 22776, 24576, 338.82, 66
2026/09/20 16:07:51.465, 100, 22776, 24576, 337.83, 66
2026/09/20 16:07:52.466, 100, 22776, 24576, 337.33, 66
2026/09/20 16:07:53.466, 100, 22776, 24576, 338.76, 66
2026/09/20 16:07:54.467, 100, 22776, 24576, 337.85, 66
2026/09/20 16:07:55.467, 100, 22776, 24576, 337.90, 66
2026/09/20 16:07:56.467, 100, 22776, 24576, 337.57, 66
2026/09/20 16:07:57.468, 100, 22776, 24576, 338.52, 66
2026/09/20 16:07:58.468, 100, 22776, 24576, 337.11, 66
2026/09/20 16:07:59.469, 100, 22776, 24576, 337.06, 66
2026/09/20 16:08:00.469, 100, 22776, 24576, 338.46, 66
2026/09/20 16:08:01.470, 99, 22776, 24576, 338.29, 66
2026/09/20 16:08:02.470, 100, 22776, 24576, 336.11, 66
2026/09/20 16:08:03.471, 100, 22776, 24576, 336.29, 66
2026/09/20 16:08:04.471, 100, 22776, 24576, 334.69, 66
2026/09/20 16:08:05.472, 100, 22776, 24576, 334.94, 66
2026/09/20 16:08:06.472, 100, 22776, 24576, 334.51, 66
2026/09/20 16:08:07.473, 100, 22776, 24576, 335.22, 66
2026/09/20 16:08:08.473, 100, 22776, 24576, 335.10, 66
2026/09/20 16:08:09.474, 100, 22776, 24576, 334.44, 66
2026/09/20 16:08:10.474, 100, 22776, 24576, 331.54, 66
2026/09/20 16:08:11.475, 100, 22776, 24576, 342.36, 66
2026/09/20 16:08:12.475, 100, 22776, 24576, 339.38, 66
2026/09/20 16:08:13.476, 100, 22776, 24576, 335.54, 66
2026/09/20 16:08:14.476, 99, 22776, 24576, 336.44, 66
2026/09/20 16:08:15.476, 100, 22776, 24576, 336.00, 66
2026/09/20 16:08:16.477, 100, 22776, 24576, 335.26, 66
2026/09/20 16:08:17.477, 100, 22776, 24576, 335.36, 66
2026/09/20 16:08:18.478, 100, 22776, 24576, 346.05, 65
2026/09/20 16:08:19.478, 100, 22776, 24576, 343.90, 65
2026/09/20 16:08:20.480, 100, 22776, 24576, 344.34, 65
2026/09/20 16:08:21.481, 100, 22776, 24576, 343.98, 65
2026/09/20 16:08:22.481, 100, 22776, 24576, 344.53, 65
2026/09/20 16:08:23.482, 100, 22776, 24576, 345.31, 65
2026/09/20 16:08:24.482, 100, 22776, 24576, 345.61, 65
2026/09/20 16:08:25.483, 100, 22776, 24576, 345.36, 65
2026/09/20 16:08:26.483, 100, 22752, 24576, 344.48, 65
2026/09/20 16:08:27.484, 100, 22772, 24576, 334.80, 65
2026/09/20 16:08:28.484, 99, 22772, 24576, 341.01, 66
2026/09/20 16:08:29.485, 100, 22772, 24576, 342.96, 66
2026/09/20 16:08:30.485, 99, 22772, 24576, 342.80, 66
2026/09/20 16:08:31.486, 100, 22772, 24576, 343.12, 66
2026/09/20 16:08:32.486, 100, 22772, 24576, 343.69, 66
2026/09/20 16:08:33.487, 99, 22772, 24576, 342.74, 66
2026/09/20 16:08:34.487, 100, 22772, 24576, 343.58, 66
2026/09/20 16:08:35.488, 100, 22772, 24576, 344.12, 66
2026/09/20 16:08:36.489, 100, 22772, 24576, 344.35, 66
2026/09/20 16:08:37.489, 100, 22772, 24576, 343.57, 66
2026/09/20 16:08:38.489, 100, 22772, 24576, 343.81, 66
2026/09/20 16:08:39.490, 100, 22772, 24576, 343.37, 66
2026/09/20 16:08:40.490, 99, 22772, 24576, 343.66, 66
2026/09/20 16:08:41.491, 100, 22772, 24576, 343.86, 66
2026/09/20 16:08:42.491, 100, 22772, 24576, 343.33, 67
2026/09/20 16:08:43.492, 100, 22772, 24576, 343.72, 66
2026/09/20 16:08:44.492, 100, 22772, 24576, 344.34, 67
2026/09/20 16:08:45.492, 100, 22772, 24576, 343.19, 66
2026/09/20 16:08:46.493, 100, 22772, 24576, 342.18, 66
2026/09/20 16:08:47.493, 100, 22772, 24576, 342.71, 66
2026/09/20 16:08:48.494, 100, 22772, 24576, 342.93, 67
2026/09/20 16:08:49.494, 100, 22772, 24576, 342.35, 66
2026/09/20 16:08:50.495, 100, 22772, 24576, 340.65, 67
2026/09/20 16:08:51.495, 100, 22772, 24576, 341.99, 67
2026/09/20 16:08:52.496, 100, 22772, 24576, 342.16, 67
2026/09/20 16:08:53.496, 99, 22772, 24576, 340.97, 66
2026/09/20 16:08:54.496, 100, 22772, 24576, 341.98, 67
2026/09/20 16:08:55.497, 100, 22772, 24576, 339.61, 66
2026/09/20 16:08:56.497, 100, 22772, 24576, 340.19, 66
2026/09/20 16:08:57.498, 100, 22772, 24576, 341.56, 67
2026/09/20 16:08:58.498, 100, 22772, 24576, 338.26, 67
2026/09/20 16:08:59.498, 100, 22772, 24576, 339.16, 66
2026/09/20 16:09:00.499, 100, 22772, 24576, 338.32, 67
2026/09/20 16:09:01.499, 100, 22772, 24576, 334.92, 67
2026/09/20 16:09:02.500, 100, 22772, 24576, 338.70, 67
2026/09/20 16:09:03.500, 100, 22772, 24576, 337.64, 67
2026/09/20 16:09:04.501, 100, 22772, 24576, 336.44, 67
2026/09/20 16:09:05.501, 99, 22772, 24576, 337.73, 67
2026/09/20 16:09:06.501, 100, 22772, 24576, 337.25, 67
2026/09/20 16:09:07.502, 100, 22772, 24576, 340.29, 67
2026/09/20 16:09:08.502, 100, 22772, 24576, 337.64, 67
2026/09/20 16:09:09.503, 100, 22772, 24576, 337.27, 67
2026/09/20 16:09:10.503, 100, 22772, 24576, 335.28, 67
2026/09/20 16:09:11.504, 100, 22772, 24576, 334.97, 67
2026/09/20 16:09:12.504, 100, 22772, 24576, 336.53, 67
2026/09/20 16:09:13.505, 100, 22774, 24576, 335.85, 67
2026/09/20 16:09:14.505, 100, 22774, 24576, 335.85, 66
2026/09/20 16:09:15.505, 100, 22774, 24576, 336.06, 67
2026/09/20 16:09:16.506, 100, 22774, 24576, 335.25, 67
2026/09/20 16:09:17.508, 100, 22774, 24576, 334.13, 67
2026/09/20 16:09:18.509, 100, 22774, 24576, 335.47, 67
2026/09/20 16:09:19.509, 100, 22774, 24576, 332.87, 67
2026/09/20 16:09:20.509, 100, 22774, 24576, 333.81, 66
2026/09/20 16:09:21.510, 100, 22774, 24576, 332.96, 67
2026/09/20 16:09:22.510, 100, 22774, 24576, 339.39, 67
2026/09/20 16:09:23.511, 100, 22774, 24576, 339.41, 67
2026/09/20 16:09:24.511, 99, 22774, 24576, 336.40, 66
2026/09/20 16:09:25.512, 100, 22774, 24576, 334.21, 67
2026/09/20 16:09:26.512, 100, 22774, 24576, 336.68, 67
2026/09/20 16:09:27.512, 100, 22774, 24576, 338.16, 67
2026/09/20 16:09:28.513, 99, 22774, 24576, 342.28, 66
2026/09/20 16:09:29.513, 100, 22774, 24576, 342.26, 67
2026/09/20 16:09:30.513, 100, 22774, 24576, 343.13, 67
2026/09/20 16:09:31.514, 100, 22774, 24576, 343.33, 67
2026/09/20 16:09:32.516, 100, 22774, 24576, 343.01, 67
2026/09/20 16:09:33.516, 100, 22774, 24576, 343.61, 67
2026/09/20 16:09:34.517, 99, 22774, 24576, 343.63, 67
2026/09/20 16:09:35.517, 100, 22774, 24576, 343.36, 67
2026/09/20 16:09:36.518, 100, 22774, 24576, 343.42, 67
2026/09/20 16:09:37.518, 100, 22774, 24576, 343.88, 67
2026/09/20 16:09:38.519, 100, 22774, 24576, 342.87, 67
2026/09/20 16:09:39.519, 100, 22774, 24576, 342.81, 67
2026/09/20 16:09:40.520, 100, 22774, 24576, 344.55, 67
2026/09/20 16:09:41.520, 100, 22774, 24576, 344.55, 67
2026/09/20 16:09:42.521, 100, 22774, 24576, 343.31, 67
2026/09/20 16:09:43.521, 100, 22774, 24576, 344.21, 67
2026/09/20 16:09:44.522, 99, 22774, 24576, 344.03, 67
2026/09/20 16:09:45.522, 99, 22774, 24576, 343.85, 67
2026/09/20 16:09:46.522, 99, 22774, 24576, 344.20, 67
2026/09/20 16:09:47.523, 99, 22774, 24576, 343.26, 67
2026/09/20 16:09:48.523, 99, 22774, 24576, 342.87, 67
2026/09/20 16:09:49.524, 100, 22774, 24576, 342.92, 67
2026/09/20 16:09:50.524, 100, 22774, 24576, 344.02, 67
2026/09/20 16:09:51.525, 100, 22774, 24576, 341.48, 67
2026/09/20 16:09:52.525, 100, 22774, 24576, 344.07, 67
2026/09/20 16:09:53.525, 100, 22774, 24576, 341.70, 67
2026/09/20 16:09:54.526, 100, 22774, 24576, 341.52, 67
2026/09/20 16:09:55.526, 100, 22774, 24576, 341.30, 67
2026/09/20 16:09:56.527, 99, 22774, 24576, 340.89, 67
2026/09/20 16:09:57.527, 100, 22774, 24576, 340.26, 67
2026/09/20 16:09:58.528, 100, 22774, 24576, 344.14, 67
2026/09/20 16:09:59.528, 100, 22774, 24576, 342.58, 67
2026/09/20 16:10:00.529, 100, 22774, 24576, 338.56, 67
2026/09/20 16:10:01.529, 100, 22774, 24576, 338.37, 67
2026/09/20 16:10:02.529, 100, 22774, 24576, 337.51, 67
2026/09/20 16:10:03.530, 100, 22774, 24576, 338.83, 67
2026/09/20 16:10:04.530, 100, 22774, 24576, 336.17, 67
2026/09/20 16:10:05.532, 100, 22774, 24576, 334.55, 67
2026/09/20 16:10:06.533, 100, 23036, 24576, 337.00, 67
2026/09/20 16:10:07.535, 100, 22774, 24576, 336.37, 67
2026/09/20 16:10:08.536, 100, 22774, 24576, 337.56, 67
2026/09/20 16:10:09.536, 100, 22774, 24576, 336.56, 67
2026/09/20 16:10:10.536, 100, 22774, 24576, 337.24, 67
2026/09/20 16:10:11.537, 100, 22774, 24576, 337.24, 67
2026/09/20 16:10:12.537, 100, 22774, 24576, 336.42, 67
2026/09/20 16:10:13.538, 100, 22774, 24576, 336.22, 67
2026/09/20 16:10:14.538, 100, 22774, 24576, 335.49, 67
2026/09/20 16:10:15.538, 100, 22774, 24576, 336.35, 67
2026/09/20 16:10:16.539, 100, 22774, 24576, 335.63, 67
2026/09/20 16:10:17.539, 100, 22774, 24576, 336.08, 67
2026/09/20 16:10:18.540, 100, 22774, 24576, 335.51, 67
2026/09/20 16:10:19.540, 99, 22774, 24576, 334.20, 67
2026/09/20 16:10:20.540, 100, 22774, 24576, 329.69, 67
2026/09/20 16:10:21.541, 100, 22774, 24576, 335.69, 67
2026/09/20 16:10:22.542, 100, 22774, 24576, 338.79, 67
2026/09/20 16:10:23.542, 100, 22774, 24576, 337.50, 67
2026/09/20 16:10:24.542, 99, 22774, 24576, 340.40, 67
2026/09/20 16:10:25.543, 100, 22774, 24576, 336.04, 67
2026/09/20 16:10:26.543, 100, 22774, 24576, 335.81, 67
2026/09/20 16:10:27.544, 100, 22774, 24576, 334.23, 67
2026/09/20 16:10:28.544, 100, 22774, 24576, 343.50, 68
2026/09/20 16:10:29.545, 100, 22774, 24576, 344.61, 67
2026/09/20 16:10:30.545, 100, 22774, 24576, 345.41, 67
2026/09/20 16:10:31.546, 100, 22774, 24576, 344.54, 66
2026/09/20 16:10:32.546, 100, 22774, 24576, 344.44, 66
2026/09/20 16:10:33.547, 100, 22774, 24576, 344.95, 66
2026/09/20 16:10:34.547, 100, 22774, 24576, 345.60, 66
2026/09/20 16:10:35.547, 100, 22774, 24576, 345.48, 66
2026/09/20 16:10:36.548, 100, 22774, 24576, 345.44, 66
2026/09/20 16:10:37.548, 33, 22774, 24576, 331.67, 66
2026/09/20 16:10:38.549, 99, 22774, 24576, 342.03, 66
2026/09/20 16:10:39.549, 99, 22774, 24576, 342.47, 66
2026/09/20 16:10:40.549, 100, 22774, 24576, 342.61, 67
2026/09/20 16:10:41.550, 99, 22774, 24576, 343.08, 67
2026/09/20 16:10:42.550, 100, 22774, 24576, 343.19, 67
2026/09/20 16:10:43.551, 99, 22774, 24576, 343.89, 67
2026/09/20 16:10:44.552, 100, 22774, 24576, 343.59, 67
2026/09/20 16:10:45.552, 100, 22774, 24576, 342.97, 67
2026/09/20 16:10:46.553, 100, 22774, 24576, 343.33, 67
2026/09/20 16:10:47.553, 100, 22774, 24576, 343.02, 67
2026/09/20 16:10:48.553, 100, 22774, 24576, 343.54, 67
2026/09/20 16:10:49.554, 100, 22774, 24576, 343.56, 67
2026/09/20 16:10:50.554, 99, 22774, 24576, 343.16, 67
2026/09/20 16:10:51.555, 100, 22774, 24576, 343.80, 67
2026/09/20 16:10:52.557, 100, 22774, 24576, 343.38, 67
2026/09/20 16:10:53.557, 100, 22774, 24576, 342.82, 67
2026/09/20 16:10:54.558, 100, 22774, 24576, 344.33, 68
2026/09/20 16:10:55.558, 100, 22774, 24576, 342.95, 68
2026/09/20 16:10:56.558, 100, 22774, 24576, 342.79, 67
2026/09/20 16:10:57.559, 100, 22774, 24576, 342.54, 67
2026/09/20 16:10:58.560, 100, 22774, 24576, 341.92, 67
2026/09/20 16:10:59.560, 100, 22774, 24576, 342.81, 67
2026/09/20 16:11:00.560, 100, 22774, 24576, 342.29, 68
2026/09/20 16:11:01.561, 100, 22774, 24576, 343.55, 68
2026/09/20 16:11:02.561, 100, 22774, 24576, 342.15, 68
2026/09/20 16:11:03.562, 99, 22774, 24576, 341.83, 67
2026/09/20 16:11:04.562, 100, 22774, 24576, 341.65, 68
2026/09/20 16:11:05.563, 100, 22774, 24576, 342.51, 68
2026/09/20 16:11:06.563, 100, 22774, 24576, 341.10, 67
2026/09/20 16:11:07.564, 100, 22774, 24576, 340.26, 68
2026/09/20 16:11:08.564, 100, 22774, 24576, 339.27, 68
2026/09/20 16:11:09.564, 100, 22774, 24576, 339.78, 67
2026/09/20 16:11:10.565, 100, 22774, 24576, 341.01, 68
2026/09/20 16:11:11.565, 100, 22774, 24576, 336.76, 68
2026/09/20 16:11:12.566, 100, 22774, 24576, 336.67, 67
2026/09/20 16:11:13.566, 100, 22774, 24576, 336.80, 68
2026/09/20 16:11:14.567, 100, 22774, 24576, 336.99, 67
2026/09/20 16:11:15.567, 100, 22774, 24576, 335.53, 67
2026/09/20 16:11:16.567, 100, 22774, 24576, 336.07, 67
2026/09/20 16:11:17.568, 100, 22774, 24576, 336.34, 68
2026/09/20 16:11:18.568, 100, 22774, 24576, 337.67, 67
2026/09/20 16:11:19.569, 99, 22774, 24576, 336.20, 68
2026/09/20 16:11:20.569, 100, 22774, 24576, 336.60, 68
2026/09/20 16:11:21.570, 100, 22774, 24576, 336.16, 68
2026/09/20 16:11:22.570, 99, 22774, 24576, 337.05, 68
2026/09/20 16:11:23.570, 100, 22774, 24576, 337.60, 68
2026/09/20 16:11:24.571, 100, 22774, 24576, 336.73, 68
2026/09/20 16:11:25.571, 100, 22774, 24576, 336.84, 67
2026/09/20 16:11:26.572, 100, 22774, 24576, 336.66, 68
2026/09/20 16:11:27.572, 100, 22774, 24576, 334.92, 67
2026/09/20 16:11:28.573, 100, 22774, 24576, 335.73, 67
2026/09/20 16:11:29.573, 100, 22774, 24576, 333.37, 67
2026/09/20 16:11:30.573, 99, 22774, 24576, 333.26, 68
2026/09/20 16:11:31.574, 100, 22774, 24576, 335.08, 67
2026/09/20 16:11:32.574, 100, 22774, 24576, 338.08, 68
2026/09/20 16:11:33.575, 100, 22774, 24576, 338.18, 67
2026/09/20 16:11:34.575, 100, 22774, 24576, 333.06, 67
2026/09/20 16:11:35.576, 100, 22774, 24576, 338.38, 67
2026/09/20 16:11:36.576, 100, 22774, 24576, 336.45, 68
2026/09/20 16:11:37.577, 100, 22774, 24576, 337.07, 67
2026/09/20 16:11:38.577, 100, 22774, 24576, 336.24, 68
2026/09/20 16:11:39.577, 99, 22774, 24576, 341.20, 67
2026/09/20 16:11:40.578, 100, 22774, 24576, 341.81, 67
2026/09/20 16:11:41.578, 99, 22774, 24576, 342.57, 67
2026/09/20 16:11:42.579, 100, 22774, 24576, 342.57, 68
2026/09/20 16:11:43.579, 100, 22774, 24576, 342.97, 67
2026/09/20 16:11:44.579, 100, 22774, 24576, 343.10, 67
2026/09/20 16:11:45.580, 99, 22774, 24576, 343.22, 68
2026/09/20 16:11:46.580, 100, 22774, 24576, 343.96, 68
2026/09/20 16:11:47.581, 99, 22774, 24576, 343.47, 68
2026/09/20 16:11:48.581, 100, 22774, 24576, 344.60, 68
2026/09/20 16:11:49.582, 100, 22774, 24576, 344.57, 68
2026/09/20 16:11:50.582, 100, 22774, 24576, 343.80, 68
2026/09/20 16:11:51.582, 100, 22774, 24576, 343.30, 68
2026/09/20 16:11:52.583, 100, 22774, 24576, 344.11, 68
2026/09/20 16:11:53.584, 100, 22774, 24576, 343.38, 68
2026/09/20 16:11:54.584, 100, 22774, 24576, 343.63, 68
2026/09/20 16:11:55.584, 100, 22774, 24576, 343.16, 68
2026/09/20 16:11:56.585, 100, 22774, 24576, 342.76, 68
2026/09/20 16:11:57.585, 100, 22774, 24576, 343.06, 68
2026/09/20 16:11:58.586, 100, 22774, 24576, 343.46, 68
2026/09/20 16:11:59.586, 100, 22774, 24576, 343.04, 68
2026/09/20 16:12:00.586, 100, 22774, 24576, 342.45, 68
2026/09/20 16:12:01.587, 100, 22774, 24576, 341.96, 68
2026/09/20 16:12:02.587, 100, 22774, 24576, 340.59, 68
2026/09/20 16:12:03.588, 100, 22774, 24576, 342.44, 68
2026/09/20 16:12:04.588, 100, 22774, 24576, 342.10, 68
2026/09/20 16:12:05.589, 100, 22774, 24576, 341.15, 68
2026/09/20 16:12:06.589, 100, 22774, 24576, 342.91, 68
2026/09/20 16:12:07.590, 100, 22774, 24576, 340.36, 68
2026/09/20 16:12:08.590, 100, 22774, 24576, 337.58, 68
2026/09/20 16:12:09.591, 100, 22774, 24576, 342.52, 68
2026/09/20 16:12:10.591, 100, 22774, 24576, 341.76, 68
2026/09/20 16:12:11.592, 100, 22774, 24576, 338.97, 68
2026/09/20 16:12:12.592, 100, 22774, 24576, 337.00, 68
2026/09/20 16:12:13.592, 100, 22774, 24576, 336.95, 68
2026/09/20 16:12:14.593, 100, 22774, 24576, 337.95, 68
2026/09/20 16:12:15.593, 100, 22774, 24576, 336.15, 68
2026/09/20 16:12:16.594, 100, 22774, 24576, 334.98, 68
2026/09/20 16:12:17.594, 100, 22774, 24576, 337.85, 68
2026/09/20 16:12:18.594, 100, 22774, 24576, 335.58, 68
2026/09/20 16:12:19.595, 100, 22774, 24576, 336.46, 68
2026/09/20 16:12:20.595, 100, 22774, 24576, 337.92, 68
2026/09/20 16:12:21.595, 100, 22774, 24576, 338.46, 68
2026/09/20 16:12:22.596, 100, 22774, 24576, 339.19, 68
2026/09/20 16:12:23.596, 100, 22774, 24576, 336.65, 67
2026/09/20 16:12:24.596, 100, 22774, 24576, 336.36, 68
2026/09/20 16:12:25.597, 100, 22774, 24576, 338.02, 68
2026/09/20 16:12:26.597, 100, 22774, 24576, 335.29, 67
2026/09/20 16:12:27.598, 100, 22774, 24576, 334.83, 67
2026/09/20 16:12:28.598, 100, 22774, 24576, 335.97, 68
2026/09/20 16:12:29.599, 100, 22774, 24576, 336.15, 68
2026/09/20 16:12:30.599, 100, 22774, 24576, 333.73, 68
2026/09/20 16:12:31.600, 100, 22774, 24576, 335.95, 67
2026/09/20 16:12:32.600, 100, 22774, 24576, 334.98, 68
2026/09/20 16:12:33.601, 100, 22774, 24576, 344.24, 68
2026/09/20 16:12:34.601, 100, 22774, 24576, 341.12, 68
2026/09/20 16:12:35.601, 100, 22774, 24576, 339.15, 68
2026/09/20 16:12:36.602, 100, 22774, 24576, 335.51, 67
2026/09/20 16:12:37.603, 100, 22774, 24576, 337.13, 68
2026/09/20 16:12:38.603, 100, 22774, 24576, 335.23, 68
2026/09/20 16:12:39.603, 100, 22774, 24576, 341.38, 68
2026/09/20 16:12:40.604, 100, 22774, 24576, 345.36, 67
2026/09/20 16:12:41.604, 100, 22774, 24576, 345.90, 67
2026/09/20 16:12:42.605, 100, 22774, 24576, 345.32, 67
2026/09/20 16:12:43.605, 100, 22774, 24576, 345.43, 67
2026/09/20 16:12:44.605, 100, 22774, 24576, 345.59, 67
2026/09/20 16:12:45.606, 100, 22774, 24576, 345.48, 67
2026/09/20 16:12:46.606, 100, 22774, 24576, 344.96, 67
2026/09/20 16:12:47.607, 100, 22774, 24576, 345.07, 67
2026/09/20 16:12:48.607, 74, 22774, 24576, 341.67, 65
2026/09/20 16:12:49.608, 100, 22774, 24576, 335.47, 67
2026/09/20 16:12:50.608, 99, 22774, 24576, 341.14, 67
2026/09/20 16:12:51.609, 100, 22774, 24576, 342.67, 67
2026/09/20 16:12:52.609, 100, 22774, 24576, 342.62, 67
2026/09/20 16:12:53.609, 100, 22774, 24576, 343.09, 67
2026/09/20 16:12:54.610, 100, 22774, 24576, 343.52, 68
2026/09/20 16:12:55.611, 100, 22774, 24576, 343.95, 68
2026/09/20 16:12:56.611, 99, 22774, 24576, 344.07, 68
2026/09/20 16:12:57.612, 100, 22774, 24576, 343.68, 68
2026/09/20 16:12:58.612, 100, 22774, 24576, 343.75, 68
2026/09/20 16:12:59.613, 100, 22774, 24576, 343.33, 68
2026/09/20 16:13:00.613, 100, 22774, 24576, 344.40, 68
2026/09/20 16:13:01.614, 100, 22774, 24576, 343.66, 68
2026/09/20 16:13:02.614, 100, 22774, 24576, 343.91, 68
2026/09/20 16:13:03.615, 100, 22774, 24576, 343.90, 68
2026/09/20 16:13:04.615, 100, 22774, 24576, 342.94, 68
2026/09/20 16:13:05.615, 100, 22774, 24576, 341.96, 68
2026/09/20 16:13:06.616, 100, 22774, 24576, 343.21, 68
2026/09/20 16:13:07.616, 100, 22774, 24576, 343.10, 68
2026/09/20 16:13:08.617, 100, 22774, 24576, 343.36, 68
2026/09/20 16:13:09.617, 100, 22774, 24576, 341.48, 68
2026/09/20 16:13:10.618, 100, 22774, 24576, 342.52, 68
2026/09/20 16:13:11.618, 100, 22774, 24576, 341.58, 68
2026/09/20 16:13:12.619, 100, 22774, 24576, 341.01, 68
2026/09/20 16:13:13.619, 100, 22774, 24576, 343.35, 68
2026/09/20 16:13:14.620, 100, 22774, 24576, 341.18, 68
2026/09/20 16:13:15.620, 100, 22774, 24576, 340.87, 68
2026/09/20 16:13:16.620, 100, 22774, 24576, 340.54, 68
2026/09/20 16:13:17.621, 100, 22774, 24576, 339.96, 68
2026/09/20 16:13:18.621, 100, 22774, 24576, 341.04, 68
2026/09/20 16:13:19.622, 100, 22774, 24576, 341.17, 68
2026/09/20 16:13:20.622, 100, 22774, 24576, 339.81, 68
2026/09/20 16:13:21.623, 100, 22774, 24576, 338.30, 68
2026/09/20 16:13:22.623, 100, 22774, 24576, 337.72, 68
2026/09/20 16:13:23.624, 99, 22774, 24576, 336.80, 68
2026/09/20 16:13:24.624, 100, 22774, 24576, 337.22, 68
2026/09/20 16:13:25.625, 100, 22774, 24576, 337.80, 68
2026/09/20 16:13:26.625, 100, 22774, 24576, 337.30, 68
2026/09/20 16:13:27.625, 100, 22774, 24576, 337.85, 68
2026/09/20 16:13:28.626, 100, 22774, 24576, 338.34, 68
2026/09/20 16:13:29.626, 100, 22774, 24576, 338.25, 68
2026/09/20 16:13:30.627, 100, 22774, 24576, 339.62, 68
2026/09/20 16:13:31.627, 100, 22774, 24576, 337.46, 68
2026/09/20 16:13:32.627, 100, 22774, 24576, 337.03, 68
2026/09/20 16:13:33.628, 100, 22774, 24576, 336.98, 68
2026/09/20 16:13:34.628, 100, 22774, 24576, 336.88, 68
2026/09/20 16:13:35.629, 100, 22774, 24576, 336.27, 67
2026/09/20 16:13:36.629, 100, 22774, 24576, 334.91, 68
2026/09/20 16:13:37.629, 100, 22774, 24576, 336.66, 68
2026/09/20 16:13:38.630, 100, 22774, 24576, 335.04, 68
2026/09/20 16:13:39.630, 100, 22774, 24576, 336.69, 67
2026/09/20 16:13:40.631, 100, 22774, 24576, 335.37, 68
2026/09/20 16:13:41.631, 100, 22774, 24576, 332.75, 67
2026/09/20 16:13:42.632, 100, 22774, 24576, 329.90, 67
2026/09/20 16:13:43.632, 100, 22774, 24576, 336.08, 68
2026/09/20 16:13:44.633, 100, 22774, 24576, 339.51, 68
2026/09/20 16:13:45.633, 100, 22774, 24576, 333.31, 67
2026/09/20 16:13:46.633, 100, 22774, 24576, 335.85, 68
2026/09/20 16:13:47.634, 100, 22774, 24576, 337.45, 68
2026/09/20 16:13:48.634, 99, 22774, 24576, 335.15, 68
2026/09/20 16:13:49.635, 100, 22774, 24576, 337.76, 68
2026/09/20 16:13:50.635, 100, 22774, 24576, 342.08, 67
2026/09/20 16:13:51.635, 100, 22774, 24576, 341.76, 67
2026/09/20 16:13:52.635, 100, 22774, 24576, 342.22, 67
2026/09/20 16:13:53.636, 99, 22774, 24576, 342.70, 67
2026/09/20 16:13:54.636, 99, 22774, 24576, 342.16, 67
2026/09/20 16:13:55.637, 99, 22774, 24576, 342.74, 68
2026/09/20 16:13:56.637, 100, 22774, 24576, 343.20, 68
2026/09/20 16:13:57.637, 100, 22774, 24576, 343.54, 68
2026/09/20 16:13:58.638, 100, 22774, 24576, 342.98, 68
2026/09/20 16:13:59.638, 100, 22774, 24576, 343.85, 68
2026/09/20 16:14:00.639, 100, 22774, 24576, 344.06, 68
2026/09/20 16:14:01.639, 100, 22774, 24576, 343.06, 68
2026/09/20 16:14:02.640, 100, 22774, 24576, 343.38, 68
2026/09/20 16:14:03.640, 100, 22774, 24576, 344.26, 68
2026/09/20 16:14:04.640, 100, 22774, 24576, 344.17, 68
2026/09/20 16:14:05.641, 100, 22774, 24576, 344.05, 68
2026/09/20 16:14:06.641, 100, 22774, 24576, 343.77, 68
2026/09/20 16:14:07.642, 100, 22774, 24576, 343.32, 68
2026/09/20 16:14:08.642, 100, 22774, 24576, 343.60, 68
2026/09/20 16:14:09.643, 100, 22774, 24576, 343.71, 68
2026/09/20 16:14:10.643, 100, 22774, 24576, 342.57, 68
2026/09/20 16:14:11.644, 100, 22774, 24576, 342.60, 68
2026/09/20 16:14:12.644, 100, 22774, 24576, 342.91, 68
2026/09/20 16:14:13.644, 100, 22774, 24576, 343.22, 68
2026/09/20 16:14:14.645, 100, 22774, 24576, 340.33, 68
2026/09/20 16:14:15.645, 100, 22774, 24576, 340.58, 68
2026/09/20 16:14:16.646, 100, 22774, 24576, 343.57, 68
2026/09/20 16:14:17.646, 99, 22774, 24576, 341.93, 68
2026/09/20 16:14:18.647, 100, 22774, 24576, 339.70, 68
2026/09/20 16:14:19.647, 100, 22774, 24576, 339.82, 68
2026/09/20 16:14:20.648, 100, 22774, 24576, 337.70, 68
2026/09/20 16:14:21.648, 100, 22774, 24576, 338.48, 68
2026/09/20 16:14:22.649, 99, 22774, 24576, 337.86, 68
2026/09/20 16:14:23.649, 100, 22774, 24576, 338.91, 68
2026/09/20 16:14:24.649, 100, 22774, 24576, 337.08, 67
2026/09/20 16:14:25.650, 100, 22774, 24576, 337.35, 68
2026/09/20 16:14:26.651, 100, 22774, 24576, 336.27, 68
2026/09/20 16:14:27.651, 100, 22774, 24576, 337.52, 68
2026/09/20 16:14:28.651, 100, 22774, 24576, 337.10, 68
2026/09/20 16:14:29.652, 100, 22774, 24576, 336.93, 68
2026/09/20 16:14:30.652, 100, 22774, 24576, 337.20, 68
2026/09/20 16:14:31.653, 100, 22774, 24576, 338.00, 68
2026/09/20 16:14:32.653, 100, 22774, 24576, 336.87, 68
2026/09/20 16:14:33.654, 100, 22774, 24576, 338.58, 68
2026/09/20 16:14:34.654, 100, 22774, 24576, 338.04, 67
2026/09/20 16:14:35.654, 100, 22774, 24576, 336.11, 68
2026/09/20 16:14:36.655, 100, 22774, 24576, 336.91, 68
2026/09/20 16:14:37.655, 100, 22774, 24576, 336.48, 68
2026/09/20 16:14:38.656, 99, 22774, 24576, 335.99, 68
2026/09/20 16:14:39.656, 100, 22774, 24576, 335.06, 67
2026/09/20 16:14:40.657, 100, 22774, 24576, 334.47, 67
2026/09/20 16:14:41.657, 100, 22774, 24576, 333.91, 67
2026/09/20 16:14:42.658, 100, 22774, 24576, 334.99, 67
2026/09/20 16:14:43.658, 100, 22774, 24576, 331.62, 67
2026/09/20 16:14:44.659, 100, 22774, 24576, 331.55, 67
2026/09/20 16:14:45.659, 100, 22774, 24576, 333.16, 68
2026/09/20 16:14:46.660, 100, 22774, 24576, 338.18, 68
2026/09/20 16:14:47.660, 100, 22774, 24576, 337.89, 67
2026/09/20 16:14:48.660, 99, 22774, 24576, 336.06, 67
2026/09/20 16:14:49.661, 100, 22774, 24576, 336.71, 68
2026/09/20 16:14:50.661, 100, 22774, 24576, 336.51, 68
2026/09/20 16:14:51.662, 100, 22774, 24576, 345.74, 67
2026/09/20 16:14:52.662, 100, 22774, 24576, 345.22, 67
2026/09/20 16:14:53.662, 100, 22774, 24576, 344.74, 67
2026/09/20 16:14:54.663, 100, 22774, 24576, 345.03, 67
2026/09/20 16:14:55.663, 100, 22774, 24576, 344.98, 67
2026/09/20 16:14:56.664, 100, 22774, 24576, 345.39, 67
2026/09/20 16:14:57.664, 100, 22774, 24576, 345.18, 66
2026/09/20 16:14:58.665, 100, 22774, 24576, 344.83, 66
2026/09/20 16:14:59.665, 100, 22774, 24576, 344.73, 66
2026/09/20 16:15:00.666, 100, 22774, 24576, 334.50, 67
2026/09/20 16:15:01.666, 100, 22774, 24576, 341.83, 67
2026/09/20 16:15:02.667, 100, 22774, 24576, 342.63, 67
2026/09/20 16:15:03.667, 100, 22774, 24576, 343.24, 67
2026/09/20 16:15:04.667, 100, 22774, 24576, 343.20, 67
2026/09/20 16:15:05.672, 100, 22789, 24576, 343.50, 68
2026/09/20 16:15:06.674, 100, 22774, 24576, 344.14, 67
2026/09/20 16:15:07.962, 100, 22774, 24576, 343.83, 67
2026/09/20 16:15:08.962, 100, 22774, 24576, 343.74, 68
2026/09/20 16:15:09.963, 100, 22774, 24576, 343.92, 68
2026/09/20 16:15:10.964, 100, 22774, 24576, 344.15, 68
2026/09/20 16:15:11.964, 100, 22774, 24576, 343.79, 68
2026/09/20 16:15:12.965, 100, 22774, 24576, 343.23, 68
2026/09/20 16:15:13.965, 100, 22774, 24576, 344.43, 68
2026/09/20 16:15:14.966, 99, 22774, 24576, 343.99, 68
2026/09/20 16:15:15.966, 100, 22774, 24576, 343.67, 68
2026/09/20 16:15:16.966, 100, 22774, 24576, 343.05, 68
2026/09/20 16:15:17.967, 100, 22774, 24576, 344.07, 68
2026/09/20 16:15:18.967, 100, 22774, 24576, 343.76, 68
2026/09/20 16:15:19.967, 100, 22774, 24576, 343.74, 68
2026/09/20 16:15:20.968, 100, 22774, 24576, 342.47, 68
2026/09/20 16:15:21.968, 100, 22774, 24576, 341.21, 68
2026/09/20 16:15:22.969, 100, 22774, 24576, 341.11, 68
2026/09/20 16:15:23.969, 99, 22774, 24576, 341.92, 68
2026/09/20 16:15:24.969, 100, 22774, 24576, 343.49, 68
2026/09/20 16:15:25.970, 100, 22774, 24576, 343.15, 68
2026/09/20 16:15:26.970, 100, 22774, 24576, 342.34, 68
2026/09/20 16:15:27.971, 100, 22774, 24576, 341.99, 68
2026/09/20 16:15:28.971, 100, 22774, 24576, 340.56, 68
2026/09/20 16:15:29.972, 100, 22774, 24576, 340.16, 68
2026/09/20 16:15:30.972, 100, 22774, 24576, 341.14, 68
2026/09/20 16:15:31.973, 100, 22774, 24576, 337.69, 68
2026/09/20 16:15:32.974, 100, 22774, 24576, 337.60, 68
2026/09/20 16:15:33.975, 100, 22774, 24576, 338.27, 68
2026/09/20 16:15:34.975, 100, 22774, 24576, 335.62, 68
2026/09/20 16:15:35.976, 100, 22774, 24576, 337.61, 68
2026/09/20 16:15:36.976, 100, 22774, 24576, 335.27, 67
2026/09/20 16:15:37.977, 100, 22774, 24576, 336.09, 68
2026/09/20 16:15:38.977, 100, 22774, 24576, 336.84, 68
2026/09/20 16:15:39.977, 100, 22774, 24576, 336.47, 68
2026/09/20 16:15:40.978, 100, 22774, 24576, 337.12, 68
2026/09/20 16:15:41.978, 100, 22774, 24576, 338.70, 68
2026/09/20 16:15:42.979, 100, 22774, 24576, 337.16, 68
2026/09/20 16:15:43.979, 100, 22774, 24576, 337.77, 68
2026/09/20 16:15:44.980, 100, 22774, 24576, 336.44, 68
2026/09/20 16:15:45.981, 100, 22774, 24576, 337.19, 68
2026/09/20 16:15:46.981, 100, 22774, 24576, 336.95, 68
2026/09/20 16:15:47.981, 100, 22774, 24576, 335.57, 68
2026/09/20 16:15:48.982, 100, 22774, 24576, 334.95, 68
2026/09/20 16:15:49.982, 98, 22774, 24576, 335.22, 68
2026/09/20 16:15:50.983, 100, 22774, 24576, 336.23, 67
2026/09/20 16:15:51.983, 100, 22774, 24576, 332.15, 68
2026/09/20 16:15:52.983, 100, 22774, 24576, 334.99, 68
2026/09/20 16:15:53.984, 100, 22774, 24576, 330.98, 67
2026/09/20 16:15:54.984, 99, 22774, 24576, 331.38, 67
2026/09/20 16:15:55.985, 100, 22774, 24576, 341.79, 67
2026/09/20 16:15:56.985, 100, 22774, 24576, 334.99, 68
2026/09/20 16:15:57.986, 100, 22774, 24576, 335.23, 67
2026/09/20 16:15:58.986, 100, 22774, 24576, 335.44, 68
2026/09/20 16:15:59.986, 100, 22774, 24576, 335.55, 68
2026/09/20 16:16:00.987, 100, 22774, 24576, 338.03, 68
2026/09/20 16:16:01.987, 100, 22774, 24576, 342.37, 67
2026/09/20 16:16:02.988, 100, 22774, 24576, 341.81, 67
2026/09/20 16:16:03.989, 100, 22774, 24576, 343.48, 67
2026/09/20 16:16:04.989, 100, 22774, 24576, 343.59, 68
2026/09/20 16:16:05.990, 100, 22774, 24576, 343.41, 68
2026/09/20 16:16:06.990, 100, 22774, 24576, 343.79, 68
2026/09/20 16:16:07.991, 100, 22774, 24576, 343.89, 68
2026/09/20 16:16:08.991, 100, 22774, 24576, 343.76, 68
2026/09/20 16:16:09.992, 100, 22774, 24576, 343.32, 68
2026/09/20 16:16:10.992, 99, 22774, 24576, 344.51, 68
2026/09/20 16:16:11.992, 100, 22774, 24576, 345.51, 68
2026/09/20 16:16:12.993, 100, 22774, 24576, 345.04, 68
2026/09/20 16:16:13.993, 99, 22774, 24576, 343.01, 68
2026/09/20 16:16:14.994, 100, 22774, 24576, 344.11, 68
2026/09/20 16:16:15.994, 100, 22774, 24576, 344.14, 68
2026/09/20 16:16:16.994, 100, 22774, 24576, 344.42, 68
2026/09/20 16:16:17.995, 100, 22774, 24576, 344.58, 68
2026/09/20 16:16:18.995, 100, 22774, 24576, 343.91, 68
2026/09/20 16:16:19.996, 100, 22774, 24576, 343.67, 68
2026/09/20 16:16:20.997, 100, 22774, 24576, 342.48, 68
2026/09/20 16:16:21.997, 100, 22774, 24576, 340.78, 68
2026/09/20 16:16:22.998, 100, 22774, 24576, 342.44, 68
2026/09/20 16:16:23.998, 100, 22774, 24576, 342.90, 68
2026/09/20 16:16:24.999, 100, 22774, 24576, 342.81, 68
2026/09/20 16:16:25.999, 100, 22774, 24576, 340.16, 68
2026/09/20 16:16:27.000, 100, 22774, 24576, 342.47, 68
2026/09/20 16:16:28.000, 100, 22774, 24576, 341.94, 68
2026/09/20 16:16:29.001, 100, 22774, 24576, 342.50, 68
2026/09/20 16:16:30.001, 100, 22774, 24576, 340.62, 68
2026/09/20 16:16:31.002, 100, 22774, 24576, 343.21, 68
2026/09/20 16:16:32.002, 100, 22774, 24576, 338.14, 68
2026/09/20 16:16:33.002, 100, 22774, 24576, 340.96, 68
2026/09/20 16:16:34.003, 100, 22774, 24576, 337.63, 68
2026/09/20 16:16:35.006, 100, 22774, 24576, 338.77, 68
2026/09/20 16:16:36.006, 100, 22774, 24576, 339.47, 68
2026/09/20 16:16:37.007, 100, 22774, 24576, 338.62, 68
2026/09/20 16:16:38.007, 100, 22774, 24576, 337.45, 68
2026/09/20 16:16:39.008, 100, 22774, 24576, 334.37, 68
2026/09/20 16:16:40.008, 100, 22774, 24576, 334.07, 68
2026/09/20 16:16:41.009, 99, 22774, 24576, 339.12, 68
2026/09/20 16:16:42.009, 100, 22774, 24576, 337.10, 67
2026/09/20 16:16:43.010, 100, 22774, 24576, 339.46, 68
2026/09/20 16:16:44.010, 99, 22774, 24576, 339.43, 68
2026/09/20 16:16:45.010, 100, 22774, 24576, 338.03, 67
2026/09/20 16:16:46.011, 100, 22774, 24576, 334.65, 68
2026/09/20 16:16:47.012, 99, 22774, 24576, 338.03, 68
2026/09/20 16:16:48.012, 100, 22774, 24576, 338.01, 68
2026/09/20 16:16:49.013, 100, 22774, 24576, 335.28, 68
2026/09/20 16:16:50.013, 100, 22774, 24576, 335.16, 68
2026/09/20 16:16:51.014, 100, 22774, 24576, 335.71, 68
2026/09/20 16:16:52.014, 100, 22774, 24576, 335.09, 67
2026/09/20 16:16:53.015, 100, 22774, 24576, 333.97, 68
2026/09/20 16:16:54.015, 100, 22774, 24576, 335.92, 67
2026/09/20 16:16:55.016, 99, 22774, 24576, 332.70, 68
2026/09/20 16:16:56.016, 100, 22774, 24576, 343.36, 68
2026/09/20 16:16:57.017, 100, 22774, 24576, 341.88, 68
2026/09/20 16:16:58.018, 100, 22774, 24576, 336.46, 68
2026/09/20 16:16:59.018, 100, 22774, 24576, 340.88, 68
2026/09/20 16:17:00.019, 100, 22774, 24576, 334.85, 68
2026/09/20 16:17:01.019, 100, 22774, 24576, 337.24, 68
2026/09/20 16:17:02.020, 100, 22774, 24576, 335.99, 68
2026/09/20 16:17:03.020, 100, 22774, 24576, 347.09, 67
2026/09/20 16:17:04.021, 100, 22774, 24576, 345.11, 67
2026/09/20 16:17:05.021, 100, 22774, 24576, 345.08, 67
2026/09/20 16:17:06.021, 100, 22774, 24576, 345.61, 67
2026/09/20 16:17:07.022, 100, 22774, 24576, 345.44, 67
2026/09/20 16:17:08.022, 100, 22774, 24576, 345.16, 66
2026/09/20 16:17:09.022, 100, 22774, 24576, 345.21, 67
2026/09/20 16:17:10.023, 100, 22774, 24576, 344.89, 67
2026/09/20 16:17:11.023, 100, 22774, 24576, 345.08, 67
2026/09/20 16:17:12.024, 99, 22774, 24576, 325.87, 67
2026/09/20 16:17:13.024, 100, 22774, 24576, 343.23, 67
2026/09/20 16:17:14.025, 100, 22774, 24576, 344.31, 67
2026/09/20 16:17:15.025, 99, 22774, 24576, 342.85, 67
2026/09/20 16:17:16.025, 100, 22774, 24576, 343.83, 67
2026/09/20 16:17:17.026, 99, 22774, 24576, 344.08, 67
2026/09/20 16:17:18.026, 100, 22774, 24576, 344.11, 67
2026/09/20 16:17:19.027, 100, 22774, 24576, 344.12, 67
2026/09/20 16:17:20.027, 100, 22774, 24576, 343.67, 68
2026/09/20 16:17:21.028, 100, 22774, 24576, 343.97, 68
2026/09/20 16:17:22.028, 100, 22774, 24576, 344.57, 68
2026/09/20 16:17:23.028, 99, 22774, 24576, 344.40, 68
2026/09/20 16:17:24.029, 100, 22774, 24576, 344.17, 68
2026/09/20 16:17:25.029, 100, 22774, 24576, 343.68, 68
2026/09/20 16:17:26.030, 100, 22774, 24576, 344.72, 68
2026/09/20 16:17:27.030, 100, 22774, 24576, 344.43, 68
2026/09/20 16:17:28.031, 100, 22774, 24576, 345.15, 68
2026/09/20 16:17:29.031, 100, 22774, 24576, 343.33, 68
2026/09/20 16:17:30.031, 100, 22774, 24576, 344.33, 68
2026/09/20 16:17:31.032, 100, 22774, 24576, 342.58, 68
2026/09/20 16:17:32.032, 100, 22774, 24576, 344.60, 68
2026/09/20 16:17:33.033, 100, 22774, 24576, 343.79, 68
2026/09/20 16:17:34.033, 100, 22774, 24576, 339.48, 68
2026/09/20 16:17:35.034, 100, 22774, 24576, 343.72, 68
2026/09/20 16:17:36.034, 100, 22774, 24576, 341.83, 68
2026/09/20 16:17:37.034, 100, 22774, 24576, 341.46, 68
2026/09/20 16:17:38.035, 100, 22774, 24576, 342.40, 67
2026/09/20 16:17:39.035, 100, 22774, 24576, 340.07, 67
2026/09/20 16:17:40.036, 99, 22774, 24576, 337.15, 67
2026/09/20 16:17:41.036, 100, 22774, 24576, 340.99, 68
2026/09/20 16:17:42.037, 100, 22774, 24576, 340.81, 68
2026/09/20 16:17:43.037, 100, 22774, 24576, 339.19, 68
2026/09/20 16:17:44.038, 100, 22774, 24576, 339.14, 67
2026/09/20 16:17:45.038, 100, 22774, 24576, 336.09, 67
2026/09/20 16:17:46.039, 100, 22774, 24576, 335.43, 67
2026/09/20 16:17:47.039, 100, 22774, 24576, 336.83, 68
2026/09/20 16:17:48.039, 100, 22774, 24576, 336.35, 67
2026/09/20 16:17:49.040, 100, 22774, 24576, 336.24, 67
2026/09/20 16:17:50.040, 100, 22774, 24576, 338.44, 67
2026/09/20 16:17:51.041, 100, 22774, 24576, 335.65, 67
2026/09/20 16:17:52.041, 100, 22774, 24576, 335.49, 67
2026/09/20 16:17:53.041, 100, 22774, 24576, 333.61, 67
2026/09/20 16:17:54.042, 100, 22774, 24576, 336.88, 67
2026/09/20 16:17:55.042, 99, 22774, 24576, 337.07, 67
2026/09/20 16:17:56.043, 100, 22774, 24576, 336.38, 67
2026/09/20 16:17:57.043, 100, 22774, 24576, 336.47, 67
2026/09/20 16:17:58.044, 100, 22774, 24576, 336.14, 67
2026/09/20 16:17:59.044, 100, 22774, 24576, 335.61, 67
2026/09/20 16:18:00.045, 100, 22774, 24576, 335.88, 67
2026/09/20 16:18:01.046, 100, 22774, 24576, 335.86, 67
2026/09/20 16:18:02.046, 100, 22774, 24576, 335.14, 67
2026/09/20 16:18:03.046, 100, 22774, 24576, 334.66, 67
2026/09/20 16:18:04.047, 100, 22774, 24576, 331.24, 67
2026/09/20 16:18:05.047, 100, 22774, 24576, 340.57, 67
2026/09/20 16:18:06.048, 100, 22774, 24576, 338.31, 67
2026/09/20 16:18:07.048, 100, 22774, 24576, 337.76, 67
2026/09/20 16:18:08.049, 98, 22774, 24576, 333.36, 67
2026/09/20 16:18:09.049, 100, 22774, 24576, 339.30, 67
2026/09/20 16:18:10.049, 100, 22774, 24576, 336.53, 67
2026/09/20 16:18:11.050, 100, 22774, 24576, 337.29, 67
2026/09/20 16:18:12.050, 100, 22774, 24576, 338.61, 67
2026/09/20 16:18:13.051, 99, 22774, 24576, 342.13, 67
2026/09/20 16:18:14.051, 100, 22774, 24576, 342.37, 67
2026/09/20 16:18:15.051, 100, 22774, 24576, 343.22, 67
2026/09/20 16:18:16.052, 99, 22774, 24576, 342.82, 67
2026/09/20 16:18:17.052, 100, 22774, 24576, 343.09, 67
2026/09/20 16:18:18.052, 100, 22774, 24576, 343.99, 67
2026/09/20 16:18:19.053, 99, 22774, 24576, 343.62, 67
2026/09/20 16:18:20.053, 100, 22774, 24576, 344.05, 67
2026/09/20 16:18:21.054, 100, 22774, 24576, 343.30, 67
2026/09/20 16:18:22.054, 100, 22774, 24576, 344.04, 67
2026/09/20 16:18:23.054, 99, 22774, 24576, 344.12, 67
2026/09/20 16:18:24.055, 100, 22774, 24576, 344.65, 67
2026/09/20 16:18:25.055, 100, 22774, 24576, 344.14, 67
2026/09/20 16:18:26.056, 100, 22774, 24576, 343.81, 67
2026/09/20 16:18:27.057, 99, 22774, 24576, 345.11, 67
2026/09/20 16:18:28.057, 100, 22774, 24576, 344.37, 67
2026/09/20 16:18:29.058, 100, 22774, 24576, 344.43, 67
2026/09/20 16:18:30.058, 100, 22774, 24576, 343.19, 67
2026/09/20 16:18:31.058, 100, 22774, 24576, 342.92, 67
2026/09/20 16:18:32.059, 100, 22774, 24576, 341.87, 67
2026/09/20 16:18:33.059, 100, 22774, 24576, 343.31, 67
2026/09/20 16:18:34.060, 100, 22774, 24576, 343.23, 67
2026/09/20 16:18:35.060, 100, 22774, 24576, 342.72, 67
2026/09/20 16:18:36.061, 100, 22774, 24576, 340.93, 67
2026/09/20 16:18:37.061, 100, 22774, 24576, 342.14, 67
2026/09/20 16:18:38.061, 100, 22774, 24576, 343.41, 67
2026/09/20 16:18:39.062, 100, 22774, 24576, 341.21, 67
2026/09/20 16:18:40.062, 100, 22774, 24576, 341.35, 67
2026/09/20 16:18:41.063, 100, 22774, 24576, 340.33, 67
2026/09/20 16:18:42.063, 100, 22774, 24576, 336.75, 66
2026/09/20 16:18:43.064, 100, 22774, 24576, 342.36, 66
2026/09/20 16:18:44.064, 100, 22774, 24576, 334.66, 66
2026/09/20 16:18:45.064, 100, 22774, 24576, 337.97, 66
2026/09/20 16:18:46.065, 100, 22774, 24576, 337.26, 67
2026/09/20 16:18:47.065, 100, 22774, 24576, 337.32, 66
2026/09/20 16:18:48.066, 100, 22774, 24576, 338.41, 67
2026/09/20 16:18:49.066, 100, 22774, 24576, 336.43, 66
2026/09/20 16:18:50.066, 100, 22774, 24576, 335.55, 66
2026/09/20 16:18:51.067, 100, 22774, 24576, 336.10, 66
2026/09/20 16:18:52.067, 100, 22774, 24576, 338.20, 66
2026/09/20 16:18:53.068, 100, 22774, 24576, 336.01, 66
2026/09/20 16:18:54.068, 100, 22774, 24576, 335.98, 66
2026/09/20 16:18:55.069, 100, 22774, 24576, 336.92, 66
2026/09/20 16:18:56.069, 100, 22774, 24576, 336.65, 66
2026/09/20 16:18:57.069, 100, 22774, 24576, 336.45, 66
2026/09/20 16:18:58.070, 100, 22774, 24576, 335.49, 66
2026/09/20 16:18:59.070, 100, 22774, 24576, 335.71, 66
2026/09/20 16:19:00.071, 100, 22774, 24576, 333.46, 66
2026/09/20 16:19:01.071, 100, 22774, 24576, 334.29, 66
2026/09/20 16:19:02.071, 100, 22774, 24576, 337.69, 66
2026/09/20 16:19:03.072, 99, 22774, 24576, 336.59, 66
2026/09/20 16:19:04.073, 100, 22774, 24576, 332.73, 66
2026/09/20 16:19:05.073, 100, 22774, 24576, 334.10, 66
2026/09/20 16:19:06.074, 100, 22774, 24576, 331.93, 66
2026/09/20 16:19:07.074, 100, 22774, 24576, 332.77, 66
2026/09/20 16:19:08.075, 99, 22774, 24576, 336.92, 66
2026/09/20 16:19:09.075, 100, 22774, 24576, 335.54, 66
2026/09/20 16:19:10.075, 100, 22774, 24576, 336.68, 66
2026/09/20 16:19:11.076, 100, 22774, 24576, 333.77, 66
2026/09/20 16:19:12.076, 100, 22774, 24576, 335.72, 66
2026/09/20 16:19:13.077, 100, 22774, 24576, 337.30, 67
2026/09/20 16:19:14.077, 100, 22774, 24576, 346.69, 66
2026/09/20 16:19:15.077, 100, 22774, 24576, 345.28, 65
2026/09/20 16:19:16.078, 100, 22774, 24576, 345.75, 65
2026/09/20 16:19:17.078, 100, 22774, 24576, 345.45, 65
2026/09/20 16:19:18.079, 100, 22774, 24576, 345.16, 65
2026/09/20 16:19:19.079, 100, 22774, 24576, 345.44, 65
2026/09/20 16:19:20.080, 100, 22774, 24576, 344.84, 65
2026/09/20 16:19:21.080, 100, 22774, 24576, 344.75, 65
2026/09/20 16:19:22.081, 100, 22754, 24576, 344.57, 65
2026/09/20 16:19:23.081, 99, 22774, 24576, 335.38, 65
2026/09/20 16:19:24.081, 100, 22774, 24576, 342.28, 65
2026/09/20 16:19:25.082, 100, 22774, 24576, 343.40, 66
2026/09/20 16:19:26.082, 100, 22774, 24576, 342.46, 66
2026/09/20 16:19:27.083, 100, 22774, 24576, 343.23, 66
2026/09/20 16:19:28.083, 100, 22774, 24576, 343.47, 66
2026/09/20 16:19:29.084, 100, 22774, 24576, 343.52, 66
2026/09/20 16:19:30.084, 100, 22774, 24576, 343.90, 66
2026/09/20 16:19:31.104, 100, 22774, 24576, 344.08, 66
2026/09/20 16:19:32.105, 100, 22774, 24576, 344.62, 66
2026/09/20 16:19:33.105, 100, 22774, 24576, 344.99, 66
2026/09/20 16:19:34.106, 100, 22774, 24576, 343.91, 66
2026/09/20 16:19:35.106, 100, 22774, 24576, 344.28, 66
2026/09/20 16:19:36.107, 100, 22774, 24576, 343.94, 66
2026/09/20 16:19:37.107, 100, 22774, 24576, 343.87, 66
2026/09/20 16:19:38.107, 100, 22774, 24576, 343.71, 66
2026/09/20 16:19:39.108, 100, 22774, 24576, 343.75, 66
2026/09/20 16:19:40.108, 100, 22774, 24576, 344.13, 66
2026/09/20 16:19:41.108, 100, 22774, 24576, 344.42, 66
2026/09/20 16:19:42.109, 100, 22774, 24576, 343.39, 67
2026/09/20 16:19:43.109, 100, 22774, 24576, 345.01, 66
2026/09/20 16:19:44.110, 100, 22774, 24576, 341.86, 66
2026/09/20 16:19:45.110, 100, 22774, 24576, 342.26, 66
2026/09/20 16:19:46.111, 100, 22774, 24576, 340.65, 66
2026/09/20 16:19:47.111, 100, 22774, 24576, 343.38, 66
2026/09/20 16:19:48.112, 100, 22774, 24576, 339.40, 66
2026/09/20 16:19:49.112, 100, 22774, 24576, 341.37, 67
2026/09/20 16:19:50.113, 100, 22774, 24576, 339.89, 67
2026/09/20 16:19:51.113, 99, 22774, 24576, 339.65, 66
2026/09/20 16:19:52.114, 100, 22774, 24576, 339.88, 67
2026/09/20 16:19:53.114, 100, 22774, 24576, 343.90, 67
2026/09/20 16:19:54.115, 100, 22774, 24576, 339.28, 66
2026/09/20 16:19:55.115, 100, 22774, 24576, 342.68, 67
2026/09/20 16:19:56.116, 100, 22774, 24576, 340.03, 67
2026/09/20 16:19:57.116, 100, 22774, 24576, 337.31, 66
2026/09/20 16:19:58.116, 100, 22774, 24576, 337.08, 66
2026/09/20 16:19:59.117, 100, 22774, 24576, 336.77, 67
2026/09/20 16:20:00.117, 100, 22774, 24576, 335.70, 66
2026/09/20 16:20:01.118, 100, 22774, 24576, 338.88, 66
2026/09/20 16:20:02.118, 100, 22774, 24576, 337.33, 67
2026/09/20 16:20:03.119, 100, 22774, 24576, 338.55, 66
2026/09/20 16:20:04.119, 100, 22774, 24576, 336.08, 67
2026/09/20 16:20:05.119, 100, 22774, 24576, 336.98, 66
2026/09/20 16:20:06.121, 99, 23036, 24576, 336.52, 66
2026/09/20 16:20:07.122, 100, 22774, 24576, 336.58, 66
2026/09/20 16:20:08.122, 100, 22774, 24576, 335.32, 67
2026/09/20 16:20:09.122, 100, 22774, 24576, 335.96, 67
2026/09/20 16:20:10.123, 100, 22774, 24576, 335.79, 66
2026/09/20 16:20:11.123, 100, 22774, 24576, 334.97, 66
2026/09/20 16:20:12.124, 100, 22774, 24576, 334.37, 66
2026/09/20 16:20:13.124, 100, 22774, 24576, 336.15, 66
2026/09/20 16:20:14.124, 100, 22774, 24576, 334.08, 67
2026/09/20 16:20:15.125, 100, 22774, 24576, 333.74, 66
2026/09/20 16:20:16.125, 100, 22774, 24576, 330.35, 66
2026/09/20 16:20:17.126, 100, 22774, 24576, 335.84, 67
2026/09/20 16:20:18.126, 100, 22774, 24576, 339.79, 66
2026/09/20 16:20:19.127, 99, 22774, 24576, 334.13, 66
2026/09/20 16:20:20.127, 100, 22774, 24576, 336.23, 66
2026/09/20 16:20:21.128, 100, 22774, 24576, 336.36, 67
2026/09/20 16:20:22.128, 100, 22774, 24576, 335.95, 66
2026/09/20 16:20:23.128, 100, 22774, 24576, 336.92, 67
2026/09/20 16:20:24.129, 99, 22774, 24576, 342.93, 66
2026/09/20 16:20:25.129, 100, 22774, 24576, 342.60, 66
2026/09/20 16:20:26.130, 100, 22774, 24576, 342.83, 66
2026/09/20 16:20:27.130, 99, 22774, 24576, 343.31, 67
2026/09/20 16:20:28.130, 100, 22774, 24576, 343.07, 67
2026/09/20 16:20:29.131, 100, 22774, 24576, 342.70, 67
2026/09/20 16:20:30.131, 99, 22774, 24576, 343.42, 66
2026/09/20 16:20:31.132, 100, 22774, 24576, 344.20, 67
2026/09/20 16:20:32.132, 100, 22774, 24576, 343.42, 67
2026/09/20 16:20:33.133, 100, 22774, 24576, 344.37, 67
2026/09/20 16:20:34.133, 99, 22774, 24576, 344.51, 67
2026/09/20 16:20:35.134, 100, 22774, 24576, 344.69, 67
2026/09/20 16:20:36.134, 100, 22774, 24576, 343.70, 67
2026/09/20 16:20:37.135, 100, 22774, 24576, 344.04, 67
2026/09/20 16:20:38.135, 99, 22774, 24576, 345.73, 67
2026/09/20 16:20:39.136, 100, 22774, 24576, 344.55, 67
2026/09/20 16:20:40.136, 100, 22774, 24576, 344.08, 67
2026/09/20 16:20:41.137, 100, 22774, 24576, 343.72, 67
2026/09/20 16:20:42.137, 100, 22774, 24576, 343.31, 67
2026/09/20 16:20:43.138, 100, 22774, 24576, 343.74, 67
2026/09/20 16:20:44.138, 100, 22774, 24576, 342.81, 67
2026/09/20 16:20:45.138, 100, 22774, 24576, 343.41, 67
2026/09/20 16:20:46.139, 100, 22774, 24576, 343.02, 67
2026/09/20 16:20:47.139, 100, 22774, 24576, 341.29, 67
2026/09/20 16:20:48.140, 100, 22774, 24576, 342.35, 67
2026/09/20 16:20:49.140, 99, 22774, 24576, 342.15, 67
2026/09/20 16:20:50.141, 100, 22774, 24576, 340.89, 67
2026/09/20 16:20:51.141, 100, 22774, 24576, 341.54, 67
2026/09/20 16:20:52.141, 100, 22774, 24576, 338.06, 67
2026/09/20 16:20:53.142, 100, 22774, 24576, 337.02, 67
2026/09/20 16:20:54.142, 100, 22774, 24576, 339.82, 67
2026/09/20 16:20:55.143, 100, 22774, 24576, 342.70, 67
2026/09/20 16:20:56.143, 100, 22774, 24576, 339.94, 67
2026/09/20 16:20:57.144, 100, 22774, 24576, 337.56, 67
2026/09/20 16:20:58.144, 100, 22774, 24576, 340.68, 67
2026/09/20 16:20:59.145, 100, 22774, 24576, 337.50, 67
2026/09/20 16:21:00.145, 100, 22774, 24576, 336.25, 67
2026/09/20 16:21:01.146, 100, 22774, 24576, 336.54, 67
2026/09/20 16:21:02.148, 100, 22774, 24576, 336.12, 67
2026/09/20 16:21:03.148, 100, 22774, 24576, 335.40, 67
2026/09/20 16:21:04.149, 100, 22774, 24576, 339.67, 67
2026/09/20 16:21:05.149, 100, 22774, 24576, 336.21, 67
2026/09/20 16:21:06.150, 100, 22774, 24576, 336.45, 67
2026/09/20 16:21:07.150, 100, 22774, 24576, 337.64, 67
2026/09/20 16:21:08.151, 100, 22774, 24576, 337.43, 67
2026/09/20 16:21:09.151, 100, 22774, 24576, 335.98, 67
2026/09/20 16:21:10.151, 100, 22774, 24576, 336.73, 67
2026/09/20 16:21:11.152, 100, 22774, 24576, 335.73, 67
2026/09/20 16:21:12.152, 100, 22774, 24576, 333.74, 67
2026/09/20 16:21:13.153, 100, 22774, 24576, 335.57, 67
2026/09/20 16:21:14.153, 98, 22774, 24576, 334.46, 67
2026/09/20 16:21:15.154, 100, 22774, 24576, 335.80, 67
2026/09/20 16:21:16.154, 100, 22774, 24576, 331.80, 67
2026/09/20 16:21:17.154, 100, 22774, 24576, 337.96, 67
2026/09/20 16:21:18.155, 100, 22774, 24576, 340.20, 67
2026/09/20 16:21:19.155, 99, 22774, 24576, 341.91, 67
2026/09/20 16:21:20.156, 100, 22774, 24576, 336.65, 67
2026/09/20 16:21:21.156, 100, 22774, 24576, 336.02, 67
2026/09/20 16:21:22.157, 100, 22774, 24576, 335.35, 67
2026/09/20 16:21:23.157, 100, 22774, 24576, 335.69, 67
2026/09/20 16:21:24.158, 100, 22774, 24576, 339.04, 67
2026/09/20 16:21:25.158, 100, 22774, 24576, 346.42, 66
2026/09/20 16:21:26.159, 100, 22774, 24576, 345.67, 66
2026/09/20 16:21:27.159, 100, 22774, 24576, 345.66, 66
2026/09/20 16:21:28.159, 100, 22774, 24576, 344.89, 66
2026/09/20 16:21:29.160, 100, 22774, 24576, 345.05, 66
2026/09/20 16:21:30.160, 100, 22774, 24576, 345.23, 66
2026/09/20 16:21:31.161, 100, 22774, 24576, 345.48, 66
2026/09/20 16:21:32.162, 100, 22774, 24576, 345.78, 66
2026/09/20 16:21:33.162, 100, 22774, 24576, 345.65, 65
2026/09/20 16:21:34.162, 99, 22774, 24576, 335.47, 66
2026/09/20 16:21:35.163, 99, 22774, 24576, 340.45, 67
2026/09/20 16:21:36.163, 99, 22774, 24576, 344.23, 66
2026/09/20 16:21:37.164, 100, 22774, 24576, 343.87, 67
2026/09/20 16:21:38.164, 100, 22774, 24576, 343.15, 67
2026/09/20 16:21:39.165, 100, 22774, 24576, 343.46, 67
2026/09/20 16:21:40.165, 100, 22774, 24576, 344.48, 67
2026/09/20 16:21:41.165, 100, 22774, 24576, 344.43, 67
2026/09/20 16:21:42.166, 100, 22774, 24576, 344.61, 67
2026/09/20 16:21:43.168, 100, 22774, 24576, 344.61, 67
2026/09/20 16:21:44.168, 100, 22774, 24576, 345.50, 67
2026/09/20 16:21:45.168, 100, 22774, 24576, 344.83, 67
2026/09/20 16:21:46.169, 99, 22774, 24576, 343.99, 67
2026/09/20 16:21:47.169, 100, 22774, 24576, 343.31, 67
2026/09/20 16:21:48.169, 100, 22774, 24576, 343.75, 67
2026/09/20 16:21:49.170, 100, 22774, 24576, 343.31, 67
2026/09/20 16:21:50.170, 100, 22774, 24576, 343.96, 67
2026/09/20 16:21:51.171, 100, 22774, 24576, 343.12, 67
2026/09/20 16:21:52.172, 100, 22774, 24576, 343.60, 67
2026/09/20 16:21:53.172, 100, 22774, 24576, 344.25, 67
2026/09/20 16:21:54.172, 100, 22774, 24576, 343.23, 67
2026/09/20 16:21:55.173, 100, 22774, 24576, 344.37, 67
2026/09/20 16:21:56.173, 100, 22774, 24576, 344.03, 67
2026/09/20 16:21:57.174, 100, 22774, 24576, 343.11, 67
2026/09/20 16:21:58.174, 100, 22774, 24576, 343.40, 67
2026/09/20 16:21:59.175, 100, 22774, 24576, 342.48, 67
2026/09/20 16:22:00.175, 100, 22774, 24576, 341.35, 67
2026/09/20 16:22:01.175, 99, 22774, 24576, 339.21, 68
2026/09/20 16:22:02.176, 100, 22774, 24576, 339.51, 67
2026/09/20 16:22:03.176, 100, 22774, 24576, 338.88, 67
2026/09/20 16:22:04.177, 100, 22774, 24576, 337.48, 67
2026/09/20 16:22:05.177, 100, 22774, 24576, 338.91, 67
2026/09/20 16:22:06.178, 99, 22774, 24576, 339.30, 67
2026/09/20 16:22:07.179, 100, 22774, 24576, 336.30, 67
2026/09/20 16:22:08.179, 100, 22774, 24576, 336.12, 67
2026/09/20 16:22:09.180, 100, 22774, 24576, 336.74, 67
2026/09/20 16:22:10.181, 99, 22774, 24576, 338.22, 67
2026/09/20 16:22:11.181, 100, 22774, 24576, 334.66, 67
2026/09/20 16:22:12.182, 100, 22774, 24576, 338.35, 67
2026/09/20 16:22:13.182, 100, 22774, 24576, 336.34, 67
2026/09/20 16:22:14.182, 100, 22774, 24576, 338.30, 67
2026/09/20 16:22:15.183, 100, 22774, 24576, 338.91, 67
2026/09/20 16:22:16.183, 100, 22774, 24576, 336.48, 67
2026/09/20 16:22:17.184, 100, 22774, 24576, 337.39, 67
2026/09/20 16:22:18.184, 100, 22774, 24576, 336.41, 67
2026/09/20 16:22:19.184, 100, 22774, 24576, 336.58, 67
2026/09/20 16:22:20.185, 100, 22774, 24576, 335.59, 67
2026/09/20 16:22:21.185, 100, 22774, 24576, 336.44, 67
2026/09/20 16:22:22.186, 100, 22774, 24576, 334.30, 67
2026/09/20 16:22:23.186, 100, 22774, 24576, 336.96, 67
2026/09/20 16:22:24.187, 100, 22774, 24576, 334.36, 67
2026/09/20 16:22:25.187, 100, 22774, 24576, 335.39, 67
2026/09/20 16:22:26.187, 100, 22774, 24576, 332.95, 67
2026/09/20 16:22:27.188, 100, 22774, 24576, 340.21, 67
2026/09/20 16:22:28.188, 100, 22776, 24576, 335.47, 67
2026/09/20 16:22:29.189, 100, 22776, 24576, 340.68, 67
2026/09/20 16:22:30.189, 100, 22776, 24576, 333.89, 67
2026/09/20 16:22:31.190, 100, 22776, 24576, 335.39, 67
2026/09/20 16:22:32.190, 100, 22776, 24576, 336.18, 67
2026/09/20 16:22:33.193, 100, 22776, 24576, 336.55, 67
2026/09/20 16:22:34.194, 100, 22776, 24576, 340.64, 67
2026/09/20 16:22:35.194, 99, 22776, 24576, 342.54, 67
2026/09/20 16:22:36.195, 99, 22776, 24576, 342.46, 67
2026/09/20 16:22:37.195, 99, 22776, 24576, 343.28, 67
2026/09/20 16:22:38.196, 100, 22776, 24576, 342.49, 67
2026/09/20 16:22:39.196, 100, 22776, 24576, 342.91, 67
2026/09/20 16:22:40.197, 100, 22776, 24576, 343.07, 67
2026/09/20 16:22:41.197, 100, 22776, 24576, 343.41, 68
2026/09/20 16:22:42.198, 100, 22776, 24576, 344.12, 67
2026/09/20 16:22:43.198, 100, 22776, 24576, 344.26, 67
2026/09/20 16:22:44.199, 100, 22776, 24576, 343.82, 67
2026/09/20 16:22:45.200, 100, 22776, 24576, 344.70, 67
2026/09/20 16:22:46.200, 100, 22776, 24576, 344.51, 67
2026/09/20 16:22:47.201, 100, 22776, 24576, 343.98, 67
2026/09/20 16:22:48.201, 100, 22776, 24576, 343.04, 68
2026/09/20 16:22:49.202, 100, 22776, 24576, 343.88, 67
2026/09/20 16:22:50.202, 99, 22776, 24576, 344.22, 67
2026/09/20 16:22:51.203, 100, 22776, 24576, 344.03, 67
2026/09/20 16:22:52.203, 100, 22776, 24576, 343.92, 67
2026/09/20 16:22:53.204, 100, 22776, 24576, 343.06, 68
2026/09/20 16:22:54.204, 100, 22776, 24576, 342.68, 68
2026/09/20 16:22:55.204, 100, 22776, 24576, 343.13, 68
2026/09/20 16:22:56.205, 100, 22776, 24576, 342.83, 67
2026/09/20 16:22:57.205, 100, 22776, 24576, 342.21, 68
2026/09/20 16:22:58.206, 99, 22776, 24576, 343.95, 68
2026/09/20 16:22:59.206, 100, 22776, 24576, 341.78, 68
2026/09/20 16:23:00.207, 100, 22776, 24576, 341.89, 68
2026/09/20 16:23:01.207, 100, 22776, 24576, 340.18, 68
2026/09/20 16:23:02.208, 100, 22776, 24576, 341.33, 68
2026/09/20 16:23:03.209, 100, 22776, 24576, 342.86, 67
2026/09/20 16:23:04.209, 100, 22776, 24576, 337.51, 68
2026/09/20 16:23:05.210, 99, 22776, 24576, 337.77, 68
2026/09/20 16:23:06.210, 100, 22776, 24576, 342.78, 67
2026/09/20 16:23:07.211, 100, 22776, 24576, 339.47, 68
2026/09/20 16:23:08.211, 100, 22776, 24576, 337.85, 67
2026/09/20 16:23:09.212, 100, 22776, 24576, 336.69, 67
2026/09/20 16:23:10.212, 100, 22776, 24576, 337.37, 67
2026/09/20 16:23:11.213, 100, 22776, 24576, 337.11, 67
2026/09/20 16:23:12.213, 100, 22776, 24576, 335.30, 67
2026/09/20 16:23:13.214, 100, 22776, 24576, 335.50, 67
2026/09/20 16:23:14.214, 100, 22776, 24576, 337.14, 67
2026/09/20 16:23:15.215, 100, 22776, 24576, 336.39, 67
2026/09/20 16:23:16.215, 100, 22776, 24576, 337.76, 67
2026/09/20 16:23:17.216, 100, 22776, 24576, 337.33, 67
2026/09/20 16:23:18.216, 100, 22776, 24576, 335.98, 67
2026/09/20 16:23:19.217, 100, 22776, 24576, 337.51, 67
2026/09/20 16:23:20.217, 100, 22776, 24576, 336.17, 67
2026/09/20 16:23:21.218, 100, 22776, 24576, 336.31, 67
2026/09/20 16:23:22.237, 99, 22776, 24576, 334.12, 67
2026/09/20 16:23:23.238, 100, 22776, 24576, 336.13, 68
2026/09/20 16:23:24.238, 100, 22776, 24576, 336.76, 68
2026/09/20 16:23:25.239, 100, 22776, 24576, 336.73, 67
2026/09/20 16:23:26.239, 100, 22776, 24576, 332.51, 67
2026/09/20 16:23:27.239, 100, 22776, 24576, 335.53, 67
2026/09/20 16:23:28.240, 100, 22776, 24576, 335.92, 67
2026/09/20 16:23:29.240, 100, 22776, 24576, 342.35, 67
2026/09/20 16:23:30.241, 100, 22776, 24576, 341.70, 68
2026/09/20 16:23:31.241, 100, 22776, 24576, 336.50, 67
2026/09/20 16:23:32.241, 100, 22776, 24576, 340.74, 67
2026/09/20 16:23:33.242, 100, 22776, 24576, 335.38, 67
2026/09/20 16:23:34.242, 100, 22776, 24576, 335.99, 67
2026/09/20 16:23:35.242, 100, 22776, 24576, 338.67, 68
2026/09/20 16:23:36.243, 100, 22776, 24576, 346.46, 67
2026/09/20 16:23:37.243, 100, 22776, 24576, 344.84, 67
2026/09/20 16:23:38.244, 100, 22776, 24576, 344.57, 67
2026/09/20 16:23:39.244, 100, 22776, 24576, 344.31, 66
2026/09/20 16:23:40.245, 100, 22776, 24576, 344.35, 66
2026/09/20 16:23:41.245, 100, 22776, 24576, 344.54, 66
2026/09/20 16:23:42.246, 100, 22776, 24576, 344.69, 66
2026/09/20 16:23:43.246, 100, 22776, 24576, 344.63, 66
2026/09/20 16:23:44.246, 100, 22776, 24576, 344.47, 66
2026/09/20 16:23:45.247, 99, 22776, 24576, 333.13, 67
2026/09/20 16:23:46.247, 100, 22776, 24576, 343.48, 67
2026/09/20 16:23:47.248, 100, 22776, 24576, 343.43, 67
2026/09/20 16:23:48.248, 100, 22776, 24576, 342.78, 67
2026/09/20 16:23:49.249, 100, 22776, 24576, 343.94, 67
2026/09/20 16:23:50.249, 100, 22776, 24576, 343.93, 67
2026/09/20 16:23:51.250, 100, 22776, 24576, 343.83, 67
2026/09/20 16:23:52.250, 100, 22776, 24576, 344.19, 67
2026/09/20 16:23:53.251, 100, 22776, 24576, 343.75, 67
2026/09/20 16:23:54.251, 100, 22776, 24576, 344.59, 67
2026/09/20 16:23:55.252, 100, 22776, 24576, 343.94, 67
2026/09/20 16:23:56.252, 100, 22776, 24576, 344.05, 68
2026/09/20 16:23:57.253, 100, 22776, 24576, 343.42, 68
2026/09/20 16:23:58.253, 99, 22776, 24576, 344.78, 67
2026/09/20 16:23:59.253, 100, 22776, 24576, 343.13, 67
2026/09/20 16:24:00.254, 100, 22776, 24576, 343.14, 67
2026/09/20 16:24:01.254, 100, 22776, 24576, 343.83, 67
2026/09/20 16:24:02.254, 100, 22776, 24576, 343.97, 68
2026/09/20 16:24:03.255, 100, 22776, 24576, 344.46, 68
2026/09/20 16:24:04.256, 100, 22776, 24576, 343.12, 68
2026/09/20 16:24:05.256, 100, 22776, 24576, 343.03, 67
2026/09/20 16:24:06.257, 100, 22776, 24576, 341.00, 68
2026/09/20 16:24:07.257, 100, 22776, 24576, 342.17, 68
2026/09/20 16:24:08.257, 100, 22776, 24576, 341.58, 68
2026/09/20 16:24:09.258, 100, 22776, 24576, 342.30, 68
2026/09/20 16:24:10.258, 100, 22776, 24576, 340.38, 68
2026/09/20 16:24:11.259, 99, 22776, 24576, 340.16, 67
2026/09/20 16:24:12.259, 100, 22776, 24576, 340.83, 68
2026/09/20 16:24:13.260, 100, 22776, 24576, 339.87, 68
2026/09/20 16:24:14.260, 100, 22776, 24576, 341.47, 68
2026/09/20 16:24:15.260, 100, 22776, 24576, 341.27, 68
2026/09/20 16:24:16.261, 100, 22776, 24576, 339.59, 68
2026/09/20 16:24:17.261, 99, 22776, 24576, 338.23, 68
2026/09/20 16:24:18.261, 100, 22776, 24576, 337.47, 67
2026/09/20 16:24:19.262, 100, 22776, 24576, 337.50, 68
2026/09/20 16:24:20.262, 100, 22776, 24576, 336.05, 67
2026/09/20 16:24:21.263, 100, 22776, 24576, 337.73, 68
2026/09/20 16:24:22.263, 100, 22776, 24576, 338.64, 67
2026/09/20 16:24:23.263, 100, 22776, 24576, 337.05, 67
2026/09/20 16:24:24.264, 100, 22776, 24576, 339.39, 67
2026/09/20 16:24:25.264, 100, 22776, 24576, 337.37, 67
2026/09/20 16:24:26.268, 100, 22776, 24576, 337.87, 67
2026/09/20 16:24:27.268, 100, 22776, 24576, 337.02, 67
2026/09/20 16:24:28.268, 100, 22776, 24576, 334.94, 67
2026/09/20 16:24:29.269, 100, 22776, 24576, 335.45, 67
2026/09/20 16:24:30.269, 100, 22776, 24576, 337.39, 68
2026/09/20 16:24:31.270, 100, 22776, 24576, 336.69, 67
2026/09/20 16:24:32.270, 100, 22776, 24576, 335.33, 67
2026/09/20 16:24:33.271, 100, 22776, 24576, 335.55, 67
2026/09/20 16:24:34.271, 100, 22776, 24576, 336.47, 68
2026/09/20 16:24:35.271, 100, 22776, 24576, 334.08, 67
2026/09/20 16:24:36.272, 100, 22776, 24576, 334.80, 68
2026/09/20 16:24:37.272, 100, 22776, 24576, 332.43, 67
2026/09/20 16:24:38.272, 100, 22776, 24576, 337.80, 67
2026/09/20 16:24:39.273, 100, 22776, 24576, 335.65, 68
2026/09/20 16:24:40.273, 100, 22776, 24576, 340.85, 67
2026/09/20 16:24:41.274, 100, 22776, 24576, 333.82, 67
2026/09/20 16:24:42.274, 100, 22776, 24576, 335.45, 67
2026/09/20 16:24:43.275, 100, 22776, 24576, 337.58, 68
2026/09/20 16:24:44.275, 100, 22776, 24576, 333.95, 68
2026/09/20 16:24:45.276, 100, 22776, 24576, 337.63, 67
2026/09/20 16:24:46.276, 100, 22776, 24576, 342.69, 67
2026/09/20 16:24:47.277, 100, 22776, 24576, 343.09, 67
2026/09/20 16:24:48.277, 100, 22776, 24576, 343.10, 67
2026/09/20 16:24:49.278, 100, 22776, 24576, 342.92, 67
2026/09/20 16:24:50.279, 100, 22776, 24576, 343.28, 68
2026/09/20 16:24:51.279, 100, 22776, 24576, 343.87, 67
2026/09/20 16:24:52.280, 100, 22776, 24576, 343.25, 68
2026/09/20 16:24:53.280, 100, 22776, 24576, 343.68, 68
2026/09/20 16:24:54.281, 100, 22776, 24576, 343.71, 67
2026/09/20 16:24:55.281, 100, 22776, 24576, 344.37, 68
2026/09/20 16:24:56.281, 100, 22776, 24576, 344.26, 68
2026/09/20 16:24:57.282, 99, 22776, 24576, 344.20, 68
2026/09/20 16:24:58.282, 100, 22776, 24576, 344.20, 68
2026/09/20 16:24:59.283, 100, 22776, 24576, 343.60, 67
2026/09/20 16:25:00.283, 100, 22776, 24576, 343.39, 67
2026/09/20 16:25:01.284, 100, 22776, 24576, 344.18, 67
2026/09/20 16:25:02.284, 99, 22776, 24576, 342.43, 68
2026/09/20 16:25:03.285, 100, 22776, 24576, 342.97, 68
2026/09/20 16:25:04.285, 100, 22776, 24576, 343.65, 68
2026/09/20 16:25:05.285, 100, 22776, 24576, 342.91, 68
2026/09/20 16:25:06.286, 100, 22776, 24576, 342.68, 68
2026/09/20 16:25:07.286, 100, 22776, 24576, 342.46, 68
2026/09/20 16:25:08.287, 99, 22776, 24576, 342.30, 68
2026/09/20 16:25:09.287, 100, 22776, 24576, 339.62, 68
2026/09/20 16:25:10.288, 100, 22776, 24576, 343.60, 68
2026/09/20 16:25:11.288, 100, 22776, 24576, 340.98, 68
2026/09/20 16:25:12.289, 100, 22776, 24576, 341.97, 68
2026/09/20 16:25:13.289, 100, 22776, 24576, 342.48, 68
2026/09/20 16:25:14.289, 100, 22776, 24576, 339.60, 68
2026/09/20 16:25:15.290, 100, 22776, 24576, 340.21, 68
2026/09/20 16:25:16.291, 100, 22776, 24576, 336.83, 68
2026/09/20 16:25:17.291, 100, 22776, 24576, 338.36, 68
2026/09/20 16:25:18.292, 100, 22776, 24576, 338.61, 68
2026/09/20 16:25:19.292, 100, 22776, 24576, 338.78, 68
2026/09/20 16:25:20.292, 99, 22776, 24576, 339.67, 68
2026/09/20 16:25:21.293, 100, 22776, 24576, 338.07, 67
2026/09/20 16:25:22.293, 100, 22776, 24576, 337.86, 68
2026/09/20 16:25:23.294, 100, 22776, 24576, 337.61, 67
2026/09/20 16:25:24.294, 100, 22776, 24576, 334.87, 67
2026/09/20 16:25:25.294, 100, 22776, 24576, 337.17, 68
2026/09/20 16:25:26.295, 100, 22776, 24576, 336.19, 67
2026/09/20 16:25:27.295, 99, 22776, 24576, 338.05, 68
2026/09/20 16:25:28.296, 100, 22776, 24576, 338.31, 68
2026/09/20 16:25:29.296, 100, 22776, 24576, 337.79, 68
2026/09/20 16:25:30.296, 99, 22776, 24576, 337.97, 68
2026/09/20 16:25:31.297, 100, 22776, 24576, 336.83, 68
2026/09/20 16:25:32.297, 100, 22776, 24576, 337.11, 67
2026/09/20 16:25:33.298, 100, 22776, 24576, 337.80, 67
2026/09/20 16:25:34.300, 100, 22776, 24576, 336.30, 68
2026/09/20 16:25:35.301, 100, 22776, 24576, 336.36, 67
2026/09/20 16:25:36.301, 100, 22776, 24576, 334.78, 68
2026/09/20 16:25:37.301, 100, 22776, 24576, 333.61, 68
2026/09/20 16:25:38.302, 100, 22776, 24576, 333.31, 67
2026/09/20 16:25:39.303, 100, 22776, 24576, 334.15, 68
2026/09/20 16:25:40.303, 100, 22776, 24576, 341.89, 68
2026/09/20 16:25:41.304, 100, 22776, 24576, 341.22, 68
2026/09/20 16:25:42.304, 100, 22776, 24576, 336.85, 68
2026/09/20 16:25:43.304, 100, 22776, 24576, 342.58, 68
2026/09/20 16:25:44.305, 100, 22776, 24576, 335.94, 67
2026/09/20 16:25:45.305, 100, 22776, 24576, 336.37, 67
2026/09/20 16:25:46.306, 100, 22776, 24576, 337.92, 68
2026/09/20 16:25:47.306, 100, 22776, 24576, 347.28, 67
2026/09/20 16:25:48.306, 100, 22776, 24576, 344.36, 67
2026/09/20 16:25:49.307, 100, 22776, 24576, 344.78, 67
2026/09/20 16:25:50.307, 100, 22776, 24576, 344.86, 67
2026/09/20 16:25:51.308, 100, 22776, 24576, 344.64, 66
2026/09/20 16:25:52.308, 100, 22776, 24576, 344.73, 66
2026/09/20 16:25:53.309, 100, 22776, 24576, 344.78, 66
2026/09/20 16:25:54.309, 100, 22776, 24576, 344.87, 67
2026/09/20 16:25:55.310, 100, 22776, 24576, 344.69, 66
2026/09/20 16:25:56.310, 100, 22776, 24576, 337.71, 67
2026/09/20 16:25:57.310, 100, 22776, 24576, 343.26, 67
2026/09/20 16:25:58.311, 100, 22776, 24576, 343.55, 67
2026/09/20 16:25:59.311, 100, 22776, 24576, 342.94, 67
2026/09/20 16:26:00.312, 100, 22776, 24576, 344.16, 67
2026/09/20 16:26:01.312, 100, 22776, 24576, 343.89, 67
2026/09/20 16:26:02.313, 99, 22776, 24576, 344.12, 67
2026/09/20 16:26:03.313, 100, 22776, 24576, 344.28, 67
2026/09/20 16:26:04.314, 100, 22776, 24576, 343.96, 68
2026/09/20 16:26:05.314, 100, 22776, 24576, 344.28, 68
2026/09/20 16:26:06.315, 100, 22776, 24576, 343.76, 68
2026/09/20 16:26:07.315, 100, 22776, 24576, 343.82, 68
2026/09/20 16:26:08.316, 100, 22776, 24576, 343.96, 68
2026/09/20 16:26:09.316, 99, 22776, 24576, 343.92, 68
2026/09/20 16:26:10.317, 100, 22776, 24576, 343.57, 68
2026/09/20 16:26:11.317, 100, 22776, 24576, 343.40, 68
2026/09/20 16:26:12.317, 100, 22776, 24576, 343.57, 68
2026/09/20 16:26:13.318, 100, 22776, 24576, 343.49, 68
2026/09/20 16:26:14.318, 100, 22776, 24576, 343.96, 68
2026/09/20 16:26:15.319, 100, 22776, 24576, 342.75, 68
2026/09/20 16:26:16.319, 100, 22776, 24576, 344.04, 68
2026/09/20 16:26:17.319, 100, 22776, 24576, 342.87, 68
2026/09/20 16:26:18.320, 100, 22776, 24576, 342.04, 68
2026/09/20 16:26:19.320, 100, 22776, 24576, 343.65, 68
2026/09/20 16:26:20.321, 100, 22776, 24576, 344.61, 68
2026/09/20 16:26:21.321, 100, 22776, 24576, 340.16, 68
2026/09/20 16:26:22.322, 99, 22776, 24576, 342.31, 68
2026/09/20 16:26:23.322, 100, 22776, 24576, 339.94, 68
2026/09/20 16:26:24.322, 100, 22776, 24576, 340.92, 68
2026/09/20 16:26:25.323, 100, 22776, 24576, 339.09, 68
2026/09/20 16:26:26.323, 100, 22776, 24576, 337.42, 68
2026/09/20 16:26:27.324, 100, 22776, 24576, 338.30, 68
2026/09/20 16:26:28.324, 100, 22776, 24576, 339.83, 68
2026/09/20 16:26:29.324, 100, 22776, 24576, 341.09, 68
2026/09/20 16:26:30.325, 100, 22776, 24576, 336.40, 68
2026/09/20 16:26:31.325, 100, 22776, 24576, 335.44, 68
2026/09/20 16:26:32.326, 100, 22776, 24576, 335.58, 67
2026/09/20 16:26:33.326, 100, 22776, 24576, 334.91, 68
2026/09/20 16:26:34.327, 100, 22776, 24576, 337.48, 68
2026/09/20 16:26:35.327, 100, 22776, 24576, 338.44, 68
2026/09/20 16:26:36.328, 100, 22776, 24576, 339.01, 68
2026/09/20 16:26:37.328, 100, 22776, 24576, 336.95, 68
2026/09/20 16:26:38.329, 98, 22776, 24576, 338.35, 68
2026/09/20 16:26:39.329, 100, 22776, 24576, 336.57, 68
2026/09/20 16:26:40.329, 100, 22776, 24576, 334.58, 68
2026/09/20 16:26:41.330, 99, 22776, 24576, 335.92, 67
2026/09/20 16:26:42.330, 100, 22776, 24576, 335.51, 68
2026/09/20 16:26:43.331, 100, 22776, 24576, 336.46, 68
2026/09/20 16:26:44.331, 100, 22776, 24576, 338.28, 68
2026/09/20 16:26:45.331, 100, 22776, 24576, 335.45, 68
2026/09/20 16:26:46.332, 100, 22776, 24576, 334.95, 68
2026/09/20 16:26:47.332, 100, 22776, 24576, 333.10, 68
2026/09/20 16:26:48.333, 100, 22776, 24576, 334.03, 68
2026/09/20 16:26:49.333, 99, 22776, 24576, 339.70, 68
2026/09/20 16:26:50.334, 100, 22776, 24576, 334.43, 67
2026/09/20 16:26:51.334, 100, 22776, 24576, 341.55, 68
2026/09/20 16:26:52.335, 100, 22776, 24576, 333.10, 68
2026/09/20 16:26:53.335, 100, 22776, 24576, 334.28, 68
2026/09/20 16:26:54.336, 100, 22776, 24576, 336.90, 68
2026/09/20 16:26:55.336, 100, 22776, 24576, 336.24, 68
2026/09/20 16:26:56.337, 100, 22776, 24576, 338.42, 68
2026/09/20 16:26:57.338, 100, 22776, 24576, 342.58, 67
2026/09/20 16:26:58.339, 100, 22776, 24576, 342.30, 68
2026/09/20 16:26:59.339, 100, 22776, 24576, 343.53, 68
2026/09/20 16:27:00.340, 99, 22776, 24576, 343.58, 68
2026/09/20 16:27:01.340, 100, 22776, 24576, 344.20, 68
2026/09/20 16:27:02.341, 100, 22776, 24576, 343.92, 68
2026/09/20 16:27:03.341, 100, 22776, 24576, 343.61, 68
2026/09/20 16:27:04.342, 99, 22776, 24576, 344.32, 68
2026/09/20 16:27:05.342, 100, 22776, 24576, 344.34, 68
2026/09/20 16:27:06.343, 99, 22776, 24576, 344.81, 68
2026/09/20 16:27:07.343, 100, 22776, 24576, 344.34, 68
2026/09/20 16:27:08.344, 100, 22776, 24576, 344.20, 68
2026/09/20 16:27:09.344, 100, 22776, 24576, 344.49, 68
2026/09/20 16:27:10.345, 100, 22776, 24576, 343.84, 68
2026/09/20 16:27:11.345, 100, 22776, 24576, 344.34, 68
2026/09/20 16:27:12.346, 100, 22776, 24576, 343.54, 68
2026/09/20 16:27:13.346, 100, 22776, 24576, 343.37, 68
2026/09/20 16:27:14.346, 100, 22776, 24576, 343.78, 68
2026/09/20 16:27:15.347, 100, 22776, 24576, 343.63, 68
2026/09/20 16:27:16.347, 100, 22776, 24576, 343.49, 68
2026/09/20 16:27:17.348, 100, 22776, 24576, 342.82, 68
2026/09/20 16:27:18.348, 100, 22776, 24576, 344.28, 68
2026/09/20 16:27:19.349, 100, 22776, 24576, 343.05, 68
2026/09/20 16:27:20.349, 100, 22776, 24576, 342.36, 68
2026/09/20 16:27:21.350, 100, 22776, 24576, 340.97, 68
2026/09/20 16:27:22.350, 100, 22776, 24576, 341.87, 68
2026/09/20 16:27:23.351, 100, 22776, 24576, 341.17, 68
2026/09/20 16:27:24.351, 100, 22776, 24576, 341.82, 68
2026/09/20 16:27:25.351, 100, 22776, 24576, 341.00, 68
2026/09/20 16:27:26.352, 100, 22776, 24576, 339.36, 68
2026/09/20 16:27:27.352, 100, 22776, 24576, 342.28, 68
2026/09/20 16:27:28.353, 100, 22776, 24576, 338.85, 68
2026/09/20 16:27:29.353, 100, 22776, 24576, 337.82, 68
2026/09/20 16:27:30.354, 100, 22776, 24576, 339.17, 68
2026/09/20 16:27:31.354, 100, 22776, 24576, 339.05, 68
2026/09/20 16:27:32.355, 100, 22776, 24576, 339.67, 68
2026/09/20 16:27:33.355, 100, 22776, 24576, 336.08, 68
2026/09/20 16:27:34.356, 100, 22776, 24576, 338.61, 68
2026/09/20 16:27:35.356, 100, 22776, 24576, 337.02, 68
2026/09/20 16:27:36.356, 100, 22776, 24576, 336.72, 68
2026/09/20 16:27:37.357, 100, 22776, 24576, 336.90, 68
2026/09/20 16:27:38.357, 100, 22776, 24576, 335.88, 68
2026/09/20 16:27:39.358, 100, 22776, 24576, 338.35, 68
2026/09/20 16:27:40.358, 100, 22776, 24576, 338.99, 68
2026/09/20 16:27:41.359, 100, 22776, 24576, 338.32, 68
2026/09/20 16:27:42.359, 100, 22776, 24576, 336.77, 68
2026/09/20 16:27:43.359, 100, 22776, 24576, 337.52, 68
2026/09/20 16:27:44.360, 100, 22776, 24576, 337.11, 68
2026/09/20 16:27:45.360, 100, 22776, 24576, 335.60, 68
2026/09/20 16:27:46.361, 100, 22776, 24576, 336.17, 67
2026/09/20 16:27:47.361, 100, 22776, 24576, 335.58, 68
2026/09/20 16:27:48.362, 100, 22776, 24576, 337.16, 67
2026/09/20 16:27:49.362, 100, 22776, 24576, 335.49, 67
2026/09/20 16:27:50.363, 100, 22776, 24576, 329.36, 67
2026/09/20 16:27:51.363, 100, 22776, 24576, 328.88, 68
2026/09/20 16:27:52.363, 100, 22776, 24576, 334.01, 68
2026/09/20 16:27:53.364, 100, 22776, 24576, 336.66, 67
2026/09/20 16:27:54.364, 100, 22776, 24576, 341.25, 68
2026/09/20 16:27:55.365, 100, 22776, 24576, 334.43, 67
2026/09/20 16:27:56.365, 100, 22776, 24576, 333.59, 67
2026/09/20 16:27:57.366, 100, 22776, 24576, 335.94, 67
2026/09/20 16:27:58.366, 100, 22776, 24576, 343.77, 68
2026/09/20 16:27:59.367, 100, 22776, 24576, 345.06, 67
2026/09/20 16:28:00.367, 100, 22776, 24576, 345.41, 67
2026/09/20 16:28:01.368, 100, 22776, 24576, 345.87, 67
2026/09/20 16:28:02.368, 100, 22776, 24576, 345.50, 67
2026/09/20 16:28:03.368, 100, 22776, 24576, 345.08, 67
2026/09/20 16:28:04.369, 100, 22776, 24576, 345.45, 67
2026/09/20 16:28:05.369, 100, 22776, 24576, 345.53, 67
2026/09/20 16:28:06.370, 100, 22776, 24576, 345.67, 66
2026/09/20 16:28:07.370, 100, 22776, 24576, 329.86, 67
2026/09/20 16:28:08.371, 100, 22776, 24576, 342.70, 67
2026/09/20 16:28:09.371, 100, 22776, 24576, 342.75, 67
2026/09/20 16:28:10.372, 100, 22776, 24576, 343.24, 67
2026/09/20 16:28:11.372, 100, 22776, 24576, 343.82, 67
2026/09/20 16:28:12.373, 100, 22776, 24576, 343.44, 67
2026/09/20 16:28:13.373, 100, 22776, 24576, 343.95, 67
2026/09/20 16:28:14.373, 100, 22776, 24576, 343.18, 67
2026/09/20 16:28:15.374, 100, 22776, 24576, 343.03, 68
2026/09/20 16:28:16.374, 100, 22776, 24576, 343.84, 67
2026/09/20 16:28:17.375, 100, 22776, 24576, 344.40, 67
2026/09/20 16:28:18.375, 100, 22776, 24576, 343.65, 68
2026/09/20 16:28:19.376, 100, 22776, 24576, 343.80, 68
2026/09/20 16:28:20.376, 100, 22776, 24576, 343.15, 67
2026/09/20 16:28:21.376, 100, 22776, 24576, 343.43, 68
2026/09/20 16:28:22.377, 99, 22776, 24576, 344.80, 68
2026/09/20 16:28:23.377, 100, 22776, 24576, 344.44, 67
2026/09/20 16:28:24.378, 100, 22776, 24576, 342.73, 68
2026/09/20 16:28:25.378, 100, 22776, 24576, 343.43, 68
2026/09/20 16:28:26.379, 100, 22776, 24576, 342.62, 68
2026/09/20 16:28:27.379, 100, 22776, 24576, 340.40, 68
2026/09/20 16:28:28.380, 100, 22776, 24576, 343.32, 68
2026/09/20 16:28:29.380, 100, 22776, 24576, 343.11, 68
2026/09/20 16:28:30.381, 100, 22776, 24576, 342.26, 68
2026/09/20 16:28:31.381, 99, 22776, 24576, 343.40, 68
2026/09/20 16:28:32.381, 100, 22776, 24576, 341.42, 68
2026/09/20 16:28:33.382, 100, 22776, 24576, 342.05, 68
2026/09/20 16:28:34.382, 100, 22776, 24576, 339.73, 68
2026/09/20 16:28:35.383, 100, 22776, 24576, 340.94, 68
2026/09/20 16:28:36.383, 100, 22776, 24576, 339.91, 68
2026/09/20 16:28:37.384, 100, 22776, 24576, 340.21, 68
2026/09/20 16:28:38.384, 100, 22776, 24576, 341.33, 68
2026/09/20 16:28:39.384, 100, 22776, 24576, 340.84, 68
2026/09/20 16:28:40.385, 100, 22776, 24576, 337.15, 68
2026/09/20 16:28:41.385, 100, 22776, 24576, 337.50, 68
2026/09/20 16:28:42.386, 100, 22776, 24576, 336.55, 68
2026/09/20 16:28:43.386, 100, 22776, 24576, 337.44, 68
2026/09/20 16:28:44.387, 100, 22776, 24576, 335.00, 68
2026/09/20 16:28:45.387, 100, 22776, 24576, 335.54, 68
2026/09/20 16:28:46.389, 100, 22776, 24576, 337.90, 68
2026/09/20 16:28:47.389, 100, 22776, 24576, 338.10, 68
2026/09/20 16:28:48.390, 100, 22776, 24576, 336.28, 68
2026/09/20 16:28:49.390, 100, 22776, 24576, 336.18, 68
2026/09/20 16:28:50.390, 100, 22776, 24576, 336.67, 68
2026/09/20 16:28:51.391, 100, 22776, 24576, 335.30, 68
2026/09/20 16:28:52.391, 100, 22776, 24576, 337.20, 68
2026/09/20 16:28:53.392, 100, 22776, 24576, 336.09, 67
2026/09/20 16:28:54.392, 100, 22776, 24576, 334.48, 68
2026/09/20 16:28:55.393, 100, 22776, 24576, 336.12, 68
2026/09/20 16:28:56.393, 100, 22776, 24576, 335.97, 67
2026/09/20 16:28:57.394, 99, 22776, 24576, 337.59, 68
2026/09/20 16:28:58.394, 100, 22776, 24576, 337.97, 67
2026/09/20 16:28:59.395, 100, 22776, 24576, 333.70, 67
2026/09/20 16:29:00.396, 100, 22776, 24576, 328.94, 67
2026/09/20 16:29:01.396, 100, 22776, 24576, 330.93, 68
2026/09/20 16:29:02.397, 100, 22776, 24576, 336.95, 68
2026/09/20 16:29:03.397, 100, 22776, 24576, 338.11, 67
2026/09/20 16:29:04.398, 100, 22776, 24576, 337.42, 68
2026/09/20 16:29:05.398, 100, 22776, 24576, 336.27, 67
2026/09/20 16:29:06.399, 100, 22776, 24576, 335.71, 67
2026/09/20 16:29:07.399, 100, 22776, 24576, 337.15, 67
2026/09/20 16:29:08.399, 100, 22776, 24576, 341.38, 68
2026/09/20 16:29:09.400, 100, 22776, 24576, 343.02, 67
2026/09/20 16:29:10.400, 100, 22776, 24576, 343.39, 67
2026/09/20 16:29:11.401, 100, 22776, 24576, 344.15, 68
2026/09/20 16:29:12.401, 100, 22776, 24576, 343.51, 67
2026/09/20 16:29:13.403, 99, 22776, 24576, 343.28, 67
2026/09/20 16:29:14.403, 100, 22776, 24576, 343.97, 68
2026/09/20 16:29:15.404, 100, 22776, 24576, 343.89, 68
2026/09/20 16:29:16.404, 100, 22776, 24576, 343.31, 68
2026/09/20 16:29:17.405, 100, 22776, 24576, 343.36, 68
2026/09/20 16:29:18.405, 100, 22776, 24576, 343.33, 68
2026/09/20 16:29:19.406, 100, 22776, 24576, 343.19, 67
2026/09/20 16:29:20.406, 100, 22776, 24576, 344.10, 68
2026/09/20 16:29:21.407, 100, 22776, 24576, 345.00, 68
2026/09/20 16:29:22.407, 100, 22776, 24576, 344.07, 67
2026/09/20 16:29:23.408, 100, 22776, 24576, 343.85, 68
2026/09/20 16:29:24.409, 100, 22776, 24576, 343.79, 68
2026/09/20 16:29:25.410, 100, 22776, 24576, 343.02, 68
2026/09/20 16:29:26.410, 100, 22776, 24576, 342.41, 68
2026/09/20 16:29:27.410, 100, 22776, 24576, 342.67, 68
2026/09/20 16:29:28.411, 100, 22776, 24576, 343.46, 68
2026/09/20 16:29:29.412, 100, 22776, 24576, 342.38, 68
2026/09/20 16:29:30.412, 100, 22776, 24576, 345.01, 68
2026/09/20 16:29:31.413, 100, 22776, 24576, 343.38, 68
2026/09/20 16:29:32.413, 100, 22776, 24576, 341.11, 68
2026/09/20 16:29:33.414, 100, 22776, 24576, 340.11, 68
2026/09/20 16:29:34.414, 100, 22776, 24576, 341.53, 68
2026/09/20 16:29:35.415, 100, 22776, 24576, 341.57, 68
2026/09/20 16:29:36.415, 100, 22776, 24576, 341.10, 68
2026/09/20 16:29:37.416, 100, 22776, 24576, 341.04, 68
2026/09/20 16:29:38.416, 100, 22776, 24576, 339.94, 68
2026/09/20 16:29:39.416, 100, 22776, 24576, 341.64, 68
2026/09/20 16:29:40.417, 100, 22776, 24576, 338.57, 68
2026/09/20 16:29:41.417, 100, 22776, 24576, 337.19, 68
2026/09/20 16:29:42.418, 100, 22776, 24576, 338.00, 68
2026/09/20 16:29:43.418, 100, 22776, 24576, 336.59, 68
2026/09/20 16:29:44.419, 100, 22776, 24576, 338.09, 68
2026/09/20 16:29:45.419, 100, 22776, 24576, 335.19, 67
2026/09/20 16:29:46.420, 100, 22776, 24576, 335.89, 68
2026/09/20 16:29:47.420, 100, 22776, 24576, 337.87, 68
2026/09/20 16:29:48.420, 100, 22776, 24576, 338.44, 68
2026/09/20 16:29:49.421, 100, 22776, 24576, 335.74, 68
2026/09/20 16:29:50.421, 100, 22776, 24576, 336.95, 68
2026/09/20 16:29:51.422, 100, 22776, 24576, 338.36, 67
2026/09/20 16:29:52.422, 100, 22776, 24576, 336.79, 67
2026/09/20 16:29:53.423, 100, 22776, 24576, 337.25, 68
2026/09/20 16:29:54.423, 100, 22776, 24576, 338.01, 68
2026/09/20 16:29:55.424, 100, 22776, 24576, 337.88, 68
2026/09/20 16:29:56.424, 100, 22776, 24576, 336.08, 68
2026/09/20 16:29:57.424, 98, 22776, 24576, 335.59, 68
2026/09/20 16:29:58.425, 100, 22776, 24576, 337.07, 68
2026/09/20 16:29:59.425, 100, 22776, 24576, 335.15, 67
2026/09/20 16:30:00.425, 100, 22776, 24576, 333.47, 67
2026/09/20 16:30:01.426, 100, 22776, 24576, 334.24, 67
2026/09/20 16:30:02.428, 100, 22776, 24576, 329.55, 67
2026/09/20 16:30:03.428, 100, 22776, 24576, 336.44, 67
2026/09/20 16:30:04.428, 100, 22776, 24576, 338.95, 67
2026/09/20 16:30:05.429, 100, 22776, 24576, 339.12, 67
2026/09/20 16:30:06.430, 100, 23038, 24576, 333.79, 67
2026/09/20 16:30:07.430, 100, 22776, 24576, 335.32, 67
2026/09/20 16:30:08.431, 100, 22776, 24576, 336.52, 67
2026/09/20 16:30:09.431, 100, 22776, 24576, 340.66, 68
2026/09/20 16:30:10.432, 100, 22776, 24576, 345.52, 67
2026/09/20 16:30:11.432, 100, 22776, 24576, 344.80, 67
2026/09/20 16:30:12.433, 100, 22776, 24576, 344.95, 67
2026/09/20 16:30:13.433, 100, 22776, 24576, 344.84, 66
2026/09/20 16:30:14.434, 100, 22776, 24576, 344.97, 66
2026/09/20 16:30:15.434, 100, 22776, 24576, 345.07, 66
2026/09/20 16:30:16.435, 100, 22776, 24576, 344.94, 66
2026/09/20 16:30:17.435, 100, 22776, 24576, 344.76, 66
2026/09/20 16:30:18.436, 100, 22776, 24576, 336.11, 66
2026/09/20 16:30:19.436, 100, 22776, 24576, 341.10, 67
2026/09/20 16:30:20.437, 100, 22776, 24576, 342.86, 67
2026/09/20 16:30:21.437, 99, 22776, 24576, 342.48, 67
2026/09/20 16:30:22.438, 100, 22776, 24576, 342.97, 67
2026/09/20 16:30:23.438, 100, 22776, 24576, 343.14, 67
2026/09/20 16:30:24.438, 100, 22776, 24576, 343.73, 67
2026/09/20 16:30:25.439, 99, 22776, 24576, 343.33, 67
2026/09/20 16:30:26.439, 100, 22776, 24576, 343.84, 67
2026/09/20 16:30:27.440, 100, 22776, 24576, 343.76, 67
2026/09/20 16:30:28.440, 100, 22776, 24576, 343.78, 68
2026/09/20 16:30:29.441, 100, 22776, 24576, 343.60, 68
2026/09/20 16:30:30.441, 100, 22776, 24576, 344.11, 68
2026/09/20 16:30:31.442, 100, 22776, 24576, 343.15, 68
2026/09/20 16:30:32.442, 100, 22776, 24576, 344.60, 68
2026/09/20 16:30:33.443, 100, 22776, 24576, 343.71, 68
2026/09/20 16:30:34.443, 100, 22776, 24576, 344.71, 68
2026/09/20 16:30:35.444, 99, 22776, 24576, 343.55, 68
2026/09/20 16:30:36.444, 100, 22776, 24576, 343.00, 68
2026/09/20 16:30:37.445, 100, 22776, 24576, 342.35, 68
2026/09/20 16:30:38.446, 100, 22776, 24576, 342.79, 68
2026/09/20 16:30:39.446, 100, 22776, 24576, 342.23, 68
2026/09/20 16:30:40.447, 99, 22776, 24576, 343.55, 68
2026/09/20 16:30:41.447, 100, 22776, 24576, 340.40, 68
2026/09/20 16:30:42.448, 100, 22776, 24576, 343.92, 68
2026/09/20 16:30:43.449, 100, 22776, 24576, 342.71, 68
2026/09/20 16:30:44.449, 100, 22776, 24576, 342.90, 68
2026/09/20 16:30:45.450, 100, 22776, 24576, 342.85, 68
2026/09/20 16:30:46.450, 100, 22776, 24576, 339.79, 68
2026/09/20 16:30:47.450, 100, 22776, 24576, 338.40, 68
2026/09/20 16:30:48.451, 100, 22776, 24576, 339.98, 68
2026/09/20 16:30:49.452, 100, 22776, 24576, 342.55, 68
2026/09/20 16:30:50.452, 100, 22776, 24576, 339.33, 68
2026/09/20 16:30:51.456, 100, 22776, 24576, 338.01, 68
2026/09/20 16:30:52.457, 99, 22776, 24576, 337.47, 68
2026/09/20 16:30:53.457, 100, 22776, 24576, 336.85, 68
2026/09/20 16:30:54.458, 100, 22776, 24576, 336.17, 68
2026/09/20 16:30:55.458, 100, 22776, 24576, 337.27, 68
2026/09/20 16:30:56.461, 100, 22776, 24576, 337.64, 68
2026/09/20 16:30:57.461, 100, 22776, 24576, 337.16, 68
2026/09/20 16:30:58.461, 100, 22776, 24576, 338.59, 68
2026/09/20 16:30:59.462, 100, 22776, 24576, 337.45, 68
2026/09/20 16:31:00.462, 100, 22776, 24576, 337.12, 68
2026/09/20 16:31:01.463, 100, 22776, 24576, 334.38, 68
2026/09/20 16:31:02.463, 100, 22776, 24576, 336.19, 68
2026/09/20 16:31:03.463, 100, 22776, 24576, 338.12, 67
2026/09/20 16:31:04.464, 100, 22776, 24576, 336.87, 68
2026/09/20 16:31:05.465, 99, 22776, 24576, 336.32, 67
2026/09/20 16:31:06.466, 100, 22776, 24576, 334.05, 68
2026/09/20 16:31:07.466, 100, 22776, 24576, 335.28, 68
2026/09/20 16:31:08.467, 100, 22776, 24576, 335.94, 67
2026/09/20 16:31:09.467, 100, 22776, 24576, 334.16, 68
2026/09/20 16:31:10.468, 100, 22776, 24576, 331.84, 67
2026/09/20 16:31:11.468, 100, 22776, 24576, 333.20, 68
2026/09/20 16:31:12.469, 100, 22776, 24576, 329.12, 67
2026/09/20 16:31:13.469, 100, 22776, 24576, 335.70, 67
2026/09/20 16:31:14.469, 100, 22776, 24576, 337.80, 67
2026/09/20 16:31:15.470, 100, 22776, 24576, 336.41, 67
2026/09/20 16:31:16.470, 100, 22776, 24576, 337.17, 67
2026/09/20 16:31:17.471, 100, 22776, 24576, 333.04, 67
2026/09/20 16:31:18.471, 100, 22776, 24576, 336.94, 67
2026/09/20 16:31:19.472, 100, 22778, 24576, 337.01, 68
2026/09/20 16:31:20.472, 100, 22778, 24576, 330.33, 67
2026/09/20 16:31:21.473, 100, 22778, 24576, 340.59, 67
2026/09/20 16:31:22.474, 100, 22778, 24576, 341.11, 66
2026/09/20 16:31:23.474, 100, 22778, 24576, 341.50, 66
2026/09/20 16:31:24.474, 100, 22778, 24576, 341.58, 66
2026/09/20 16:31:25.475, 100, 22778, 24576, 320.60, 66
2026/09/20 16:31:26.476, 100, 22778, 24576, 342.29, 66
2026/09/20 16:31:27.476, 100, 22778, 24576, 340.31, 66
2026/09/20 16:31:28.476, 100, 22778, 24576, 340.64, 66
2026/09/20 16:31:29.477, 100, 22778, 24576, 340.78, 66
2026/09/20 16:31:30.477, 100, 22778, 24576, 341.01, 66
2026/09/20 16:31:31.478, 47, 22778, 24576, 322.16, 66
2026/09/20 16:31:32.478, 100, 22778, 24576, 340.84, 66
2026/09/20 16:31:33.479, 100, 22778, 24576, 341.14, 66
2026/09/20 16:31:34.479, 100, 22778, 24576, 341.48, 66
2026/09/20 16:31:35.481, 100, 22778, 24576, 341.18, 66
2026/09/20 16:31:36.481, 100, 22778, 24576, 340.87, 66
2026/09/20 16:31:37.481, 100, 22778, 24576, 326.60, 66
2026/09/20 16:31:38.482, 100, 22778, 24576, 340.18, 66
2026/09/20 16:31:39.482, 100, 22778, 24576, 341.39, 66
2026/09/20 16:31:40.483, 100, 22778, 24576, 341.02, 66
2026/09/20 16:31:41.483, 100, 22778, 24576, 341.52, 66
2026/09/20 16:31:42.483, 100, 22778, 24576, 320.47, 66
2026/09/20 16:31:43.484, 100, 22778, 24576, 339.44, 66
2026/09/20 16:31:44.484, 100, 22778, 24576, 340.13, 66
2026/09/20 16:31:45.485, 100, 22778, 24576, 340.47, 66
2026/09/20 16:31:46.485, 100, 22778, 24576, 340.64, 66
2026/09/20 16:31:47.486, 100, 22778, 24576, 340.82, 66
2026/09/20 16:31:48.486, 62, 22778, 24576, 307.70, 66
2026/09/20 16:31:49.486, 100, 22778, 24576, 340.96, 66
2026/09/20 16:31:50.487, 100, 22778, 24576, 341.52, 66
2026/09/20 16:31:51.487, 100, 22778, 24576, 340.54, 65
2026/09/20 16:31:52.488, 100, 22778, 24576, 340.65, 65
2026/09/20 16:31:53.488, 100, 22778, 24576, 340.77, 66
2026/09/20 16:31:54.489, 85, 22778, 24576, 322.65, 66
2026/09/20 16:31:55.489, 100, 22778, 24576, 340.38, 66
2026/09/20 16:31:56.490, 100, 22778, 24576, 341.04, 66
2026/09/20 16:31:57.490, 100, 22778, 24576, 340.98, 66
2026/09/20 16:31:58.491, 100, 22778, 24576, 341.21, 66
2026/09/20 16:31:59.491, 100, 22778, 24576, 328.11, 64
2026/09/20 16:32:00.492, 100, 22778, 24576, 324.57, 65
2026/09/20 16:32:01.492, 100, 22778, 24576, 339.96, 65
2026/09/20 16:32:02.493, 100, 22778, 24576, 340.35, 66
2026/09/20 16:32:03.493, 100, 22778, 24576, 341.32, 66
2026/09/20 16:32:04.493, 100, 22778, 24576, 341.33, 66
2026/09/20 16:32:05.494, 100, 22778, 24576, 321.50, 66
2026/09/20 16:32:06.495, 100, 22778, 24576, 341.07, 66
2026/09/20 16:32:07.496, 100, 22778, 24576, 340.87, 65
2026/09/20 16:32:08.496, 100, 22778, 24576, 340.34, 65
2026/09/20 16:32:09.497, 100, 22778, 24576, 340.55, 65
2026/09/20 16:32:10.497, 100, 22778, 24576, 340.65, 65
2026/09/20 16:32:11.498, 60, 22778, 24576, 322.01, 66
2026/09/20 16:32:12.498, 100, 22778, 24576, 340.38, 66
2026/09/20 16:32:13.498, 100, 22778, 24576, 340.84, 66
2026/09/20 16:32:14.499, 100, 22778, 24576, 341.00, 65
2026/09/20 16:32:15.499, 100, 22778, 24576, 340.90, 65
2026/09/20 16:32:16.500, 100, 22778, 24576, 333.86, 64
2026/09/20 16:32:17.500, 100, 22778, 24576, 319.35, 65
2026/09/20 16:32:18.500, 100, 22778, 24576, 340.26, 65
2026/09/20 16:32:19.501, 100, 22778, 24576, 340.28, 66
2026/09/20 16:32:20.501, 100, 22778, 24576, 341.11, 66
2026/09/20 16:32:21.502, 100, 22778, 24576, 341.25, 65
2026/09/20 16:32:22.502, 100, 22778, 24576, 319.42, 65
2026/09/20 16:32:23.503, 100, 22778, 24576, 344.95, 65
2026/09/20 16:32:24.503, 100, 22778, 24576, 340.73, 65
2026/09/20 16:32:25.504, 100, 22778, 24576, 340.25, 65
2026/09/20 16:32:26.504, 100, 22778, 24576, 340.61, 65
2026/09/20 16:32:27.504, 100, 22778, 24576, 340.50, 65
2026/09/20 16:32:28.505, 7, 22778, 24576, 321.56, 65
2026/09/20 16:32:29.505, 100, 22778, 24576, 340.92, 65
2026/09/20 16:32:30.506, 100, 22778, 24576, 340.74, 65
2026/09/20 16:32:31.506, 100, 22778, 24576, 341.20, 65
2026/09/20 16:32:32.507, 100, 22778, 24576, 341.38, 65
2026/09/20 16:32:33.508, 100, 22778, 24576, 340.72, 65
2026/09/20 16:32:34.508, 100, 22778, 24576, 324.26, 65
2026/09/20 16:32:35.509, 100, 22778, 24576, 340.42, 65
2026/09/20 16:32:36.509, 100, 22778, 24576, 340.62, 65
2026/09/20 16:32:37.510, 100, 22778, 24576, 341.10, 65
2026/09/20 16:32:38.510, 100, 22778, 24576, 341.50, 65
2026/09/20 16:32:39.510, 100, 22778, 24576, 323.03, 65
2026/09/20 16:32:40.511, 100, 22778, 24576, 345.11, 65
2026/09/20 16:32:41.511, 100, 22778, 24576, 339.98, 65
2026/09/20 16:32:42.512, 100, 22778, 24576, 340.17, 65
2026/09/20 16:32:43.512, 100, 22778, 24576, 340.15, 65
2026/09/20 16:32:44.513, 100, 22754, 24576, 340.62, 65
2026/09/20 16:32:45.513, 24, 22774, 24576, 330.10, 66
2026/09/20 16:32:46.514, 100, 22774, 24576, 342.87, 66
2026/09/20 16:32:47.514, 99, 22774, 24576, 343.87, 66
2026/09/20 16:32:48.515, 100, 22774, 24576, 343.64, 66
2026/09/20 16:32:49.515, 99, 22774, 24576, 343.13, 66
2026/09/20 16:32:50.516, 99, 22774, 24576, 343.27, 67
2026/09/20 16:32:51.516, 100, 22774, 24576, 344.17, 66
2026/09/20 16:32:52.517, 100, 22774, 24576, 343.65, 67
2026/09/20 16:32:53.517, 99, 22774, 24576, 343.48, 67
2026/09/20 16:32:54.518, 100, 22774, 24576, 343.85, 67
2026/09/20 16:32:55.518, 99, 22774, 24576, 344.12, 67
2026/09/20 16:32:56.518, 100, 22774, 24576, 343.48, 67
2026/09/20 16:32:57.519, 100, 22774, 24576, 343.72, 67
2026/09/20 16:32:58.520, 100, 22774, 24576, 343.83, 67
2026/09/20 16:32:59.520, 99, 22774, 24576, 344.78, 67
2026/09/20 16:33:00.521, 100, 22774, 24576, 344.00, 67
2026/09/20 16:33:01.521, 100, 22774, 24576, 343.80, 67
2026/09/20 16:33:02.522, 100, 22774, 24576, 343.78, 67
2026/09/20 16:33:03.522, 100, 22774, 24576, 344.60, 67
2026/09/20 16:33:04.523, 100, 22774, 24576, 343.70, 67
2026/09/20 16:33:05.523, 100, 22774, 24576, 342.97, 67
2026/09/20 16:33:06.524, 100, 22774, 24576, 342.10, 67
2026/09/20 16:33:07.524, 100, 22774, 24576, 342.51, 67
2026/09/20 16:33:08.525, 100, 22774, 24576, 342.24, 67
2026/09/20 16:33:09.525, 100, 22774, 24576, 343.93, 67
2026/09/20 16:33:10.526, 99, 22774, 24576, 342.09, 67
2026/09/20 16:33:11.526, 100, 22774, 24576, 339.46, 67
2026/09/20 16:33:12.527, 100, 22774, 24576, 341.57, 67
2026/09/20 16:33:13.527, 100, 22774, 24576, 339.63, 67
2026/09/20 16:33:14.528, 100, 22774, 24576, 339.48, 67
2026/09/20 16:33:15.528, 100, 22774, 24576, 339.88, 67
2026/09/20 16:33:16.528, 100, 22774, 24576, 338.75, 67
2026/09/20 16:33:17.529, 100, 22774, 24576, 340.50, 67
2026/09/20 16:33:18.529, 100, 22774, 24576, 337.25, 67
2026/09/20 16:33:19.530, 100, 22774, 24576, 336.25, 67
2026/09/20 16:33:20.530, 100, 22774, 24576, 336.99, 67
2026/09/20 16:33:21.531, 100, 22774, 24576, 337.22, 67
2026/09/20 16:33:22.531, 100, 22774, 24576, 335.92, 67
2026/09/20 16:33:23.531, 100, 22774, 24576, 337.41, 67
2026/09/20 16:33:24.532, 100, 22774, 24576, 335.82, 67
2026/09/20 16:33:25.532, 100, 22774, 24576, 337.41, 67
2026/09/20 16:33:26.533, 100, 22774, 24576, 336.77, 67
2026/09/20 16:33:27.533, 99, 22774, 24576, 337.01, 67
2026/09/20 16:33:28.534, 100, 22774, 24576, 337.19, 67
2026/09/20 16:33:29.534, 100, 22774, 24576, 338.23, 67
2026/09/20 16:33:30.535, 99, 22774, 24576, 337.32, 66
2026/09/20 16:33:31.536, 100, 22774, 24576, 337.75, 67
2026/09/20 16:33:32.536, 100, 22774, 24576, 334.61, 67
2026/09/20 16:33:33.537, 100, 22774, 24576, 334.90, 66
2026/09/20 16:33:34.537, 100, 22774, 24576, 336.37, 67
2026/09/20 16:33:35.538, 100, 22774, 24576, 337.15, 67
2026/09/20 16:33:36.538, 100, 22774, 24576, 332.72, 66
2026/09/20 16:33:37.538, 100, 22774, 24576, 334.97, 66
2026/09/20 16:33:38.539, 99, 22774, 24576, 338.77, 67
2026/09/20 16:33:39.539, 100, 22774, 24576, 333.80, 67
2026/09/20 16:33:40.540, 100, 22774, 24576, 342.85, 66
2026/09/20 16:33:41.540, 100, 22774, 24576, 332.58, 66
2026/09/20 16:33:42.541, 100, 22774, 24576, 336.49, 66
2026/09/20 16:33:43.542, 100, 22774, 24576, 335.06, 66
2026/09/20 16:33:44.542, 100, 22776, 24576, 336.33, 67
2026/09/20 16:33:45.543, 100, 22776, 24576, 335.77, 66
2026/09/20 16:33:46.543, 100, 22776, 24576, 342.38, 66
2026/09/20 16:33:47.544, 99, 22776, 24576, 340.78, 66
2026/09/20 16:33:48.544, 100, 22776, 24576, 343.97, 66
2026/09/20 16:33:49.545, 99, 22776, 24576, 344.03, 66
2026/09/20 16:33:50.545, 100, 22776, 24576, 343.10, 66
2026/09/20 16:33:51.545, 100, 22776, 24576, 343.93, 66
2026/09/20 16:33:52.546, 100, 22776, 24576, 343.66, 66
2026/09/20 16:33:53.546, 99, 22776, 24576, 343.72, 66
2026/09/20 16:33:54.547, 100, 22776, 24576, 343.93, 66
2026/09/20 16:33:55.547, 99, 22776, 24576, 344.38, 66
2026/09/20 16:33:56.548, 100, 22776, 24576, 343.66, 66
2026/09/20 16:33:57.548, 100, 22776, 24576, 344.39, 66
2026/09/20 16:33:58.549, 100, 22776, 24576, 343.48, 67
2026/09/20 16:33:59.549, 100, 22776, 24576, 344.43, 66
2026/09/20 16:34:00.550, 100, 22776, 24576, 343.39, 66
2026/09/20 16:34:01.550, 100, 22776, 24576, 343.23, 66
2026/09/20 16:34:02.551, 100, 22776, 24576, 343.96, 67
2026/09/20 16:34:03.551, 100, 22776, 24576, 344.71, 66
2026/09/20 16:34:04.565, 100, 22776, 24576, 343.32, 66
2026/09/20 16:34:05.565, 99, 22776, 24576, 343.02, 66
2026/09/20 16:34:06.566, 99, 22776, 24576, 343.95, 66
2026/09/20 16:34:07.566, 100, 22776, 24576, 342.32, 66
2026/09/20 16:34:08.566, 100, 22776, 24576, 341.62, 67
2026/09/20 16:34:09.567, 100, 22776, 24576, 342.81, 66
2026/09/20 16:34:10.567, 100, 22776, 24576, 341.17, 66
2026/09/20 16:34:11.568, 100, 22776, 24576, 343.73, 67
2026/09/20 16:34:12.568, 100, 22776, 24576, 340.11, 66
2026/09/20 16:34:13.569, 100, 22776, 24576, 342.05, 66
2026/09/20 16:34:14.569, 100, 22776, 24576, 341.08, 66
2026/09/20 16:34:15.569, 98, 22776, 24576, 340.82, 66
2026/09/20 16:34:16.570, 100, 22776, 24576, 338.29, 66
2026/09/20 16:34:17.570, 100, 22776, 24576, 342.88, 67
2026/09/20 16:34:18.571, 100, 22776, 24576, 338.43, 66
2026/09/20 16:34:19.571, 100, 22776, 24576, 336.50, 67
2026/09/20 16:34:20.572, 100, 22776, 24576, 338.52, 66
2026/09/20 16:34:21.572, 100, 22776, 24576, 338.73, 66
2026/09/20 16:34:22.572, 100, 22776, 24576, 336.38, 66
2026/09/20 16:34:23.573, 100, 22776, 24576, 338.27, 66
2026/09/20 16:34:24.573, 100, 22778, 24576, 333.27, 66
2026/09/20 16:34:25.573, 100, 22778, 24576, 335.91, 66
2026/09/20 16:34:26.573, 100, 22778, 24576, 338.94, 66
2026/09/20 16:34:27.574, 100, 22778, 24576, 337.17, 66
2026/09/20 16:34:28.574, 100, 22778, 24576, 338.77, 66
2026/09/20 16:34:29.574, 100, 22778, 24576, 336.89, 66
2026/09/20 16:34:30.575, 100, 22778, 24576, 338.33, 66
2026/09/20 16:34:31.575, 100, 22778, 24576, 336.08, 66
2026/09/20 16:34:32.576, 100, 22778, 24576, 337.45, 66
2026/09/20 16:34:33.576, 100, 22778, 24576, 336.51, 66
2026/09/20 16:34:34.577, 100, 22778, 24576, 333.83, 66
2026/09/20 16:34:35.577, 100, 22778, 24576, 334.45, 66
2026/09/20 16:34:36.577, 100, 22778, 24576, 333.96, 66
2026/09/20 16:34:37.578, 99, 22778, 24576, 333.03, 66
2026/09/20 16:34:38.579, 100, 22778, 24576, 332.15, 66
2026/09/20 16:34:39.579, 100, 22778, 24576, 330.23, 66
2026/09/20 16:34:40.580, 100, 22778, 24576, 330.21, 66
2026/09/20 16:34:41.580, 100, 22778, 24576, 337.25, 66
2026/09/20 16:34:42.581, 100, 22778, 24576, 339.48, 66
2026/09/20 16:34:43.581, 100, 22778, 24576, 337.06, 66
2026/09/20 16:34:44.582, 100, 22778, 24576, 335.93, 66
2026/09/20 16:34:45.582, 100, 22778, 24576, 335.11, 66
2026/09/20 16:34:46.582, 100, 22778, 24576, 341.69, 66
2026/09/20 16:34:47.583, 100, 22778, 24576, 344.36, 66
2026/09/20 16:34:48.583, 100, 22778, 24576, 342.78, 66
2026/09/20 16:34:49.584, 99, 22778, 24576, 342.94, 66
2026/09/20 16:34:50.584, 100, 22778, 24576, 343.32, 66
2026/09/20 16:34:51.584, 100, 22778, 24576, 343.23, 66
2026/09/20 16:34:52.585, 100, 22778, 24576, 343.35, 66
2026/09/20 16:34:53.585, 100, 22778, 24576, 343.50, 66
2026/09/20 16:34:54.586, 100, 22778, 24576, 343.19, 66
2026/09/20 16:34:55.586, 100, 22778, 24576, 344.05, 66
2026/09/20 16:34:56.586, 100, 22778, 24576, 343.27, 66
2026/09/20 16:34:57.587, 100, 22778, 24576, 343.20, 67
2026/09/20 16:34:58.587, 100, 22778, 24576, 343.44, 66
2026/09/20 16:34:59.588, 100, 22778, 24576, 343.08, 66
2026/09/20 16:35:00.588, 99, 22778, 24576, 343.49, 66
2026/09/20 16:35:01.588, 100, 22778, 24576, 343.27, 66
2026/09/20 16:35:02.589, 100, 22778, 24576, 343.38, 66
2026/09/20 16:35:03.589, 100, 22778, 24576, 343.82, 66
2026/09/20 16:35:04.590, 100, 22778, 24576, 343.58, 66
2026/09/20 16:35:05.590, 100, 22778, 24576, 343.20, 66
2026/09/20 16:35:06.591, 100, 22778, 24576, 343.17, 67
2026/09/20 16:35:07.591, 100, 22778, 24576, 343.63, 66
2026/09/20 16:35:08.592, 100, 22778, 24576, 342.43, 66
2026/09/20 16:35:09.592, 100, 22778, 24576, 343.18, 67
2026/09/20 16:35:10.593, 100, 22778, 24576, 343.11, 67
2026/09/20 16:35:11.593, 100, 22778, 24576, 337.13, 67
2026/09/20 16:35:12.594, 99, 22778, 24576, 342.40, 66
2026/09/20 16:35:13.594, 100, 22778, 24576, 341.14, 67
2026/09/20 16:35:14.595, 100, 22778, 24576, 339.57, 66
2026/09/20 16:35:15.595, 100, 22778, 24576, 340.32, 66
2026/09/20 16:35:16.596, 100, 22778, 24576, 338.00, 67
2026/09/20 16:35:17.596, 100, 22778, 24576, 338.41, 66
2026/09/20 16:35:18.597, 100, 22778, 24576, 341.83, 66
2026/09/20 16:35:19.597, 100, 22778, 24576, 339.48, 67
2026/09/20 16:35:20.598, 100, 22778, 24576, 339.82, 66
2026/09/20 16:35:21.598, 100, 22778, 24576, 337.32, 66
2026/09/20 16:35:22.599, 100, 22778, 24576, 336.54, 66
2026/09/20 16:35:23.599, 100, 22780, 24576, 338.73, 67
2026/09/20 16:35:24.600, 100, 22780, 24576, 337.39, 66
2026/09/20 16:35:25.600, 100, 22780, 24576, 337.90, 67
2026/09/20 16:35:26.600, 100, 22780, 24576, 336.69, 67
2026/09/20 16:35:27.601, 100, 22780, 24576, 338.40, 66
2026/09/20 16:35:28.601, 100, 22780, 24576, 337.78, 66
2026/09/20 16:35:29.602, 100, 22780, 24576, 337.12, 67
2026/09/20 16:35:30.603, 100, 22780, 24576, 337.43, 67
2026/09/20 16:35:31.603, 100, 22780, 24576, 337.30, 66
2026/09/20 16:35:32.604, 100, 22780, 24576, 336.58, 66
2026/09/20 16:35:33.604, 100, 22780, 24576, 336.80, 67
2026/09/20 16:35:34.604, 100, 22780, 24576, 335.73, 66
2026/09/20 16:35:35.641, 100, 22780, 24576, 335.19, 66
2026/09/20 16:35:36.641, 100, 22780, 24576, 334.02, 66
2026/09/20 16:35:37.642, 100, 22780, 24576, 335.11, 66
2026/09/20 16:35:38.643, 100, 22780, 24576, 336.52, 66
2026/09/20 16:35:39.643, 100, 22780, 24576, 335.83, 67
2026/09/20 16:35:40.643, 100, 22780, 24576, 327.67, 66
2026/09/20 16:35:41.644, 100, 22780, 24576, 332.24, 67
2026/09/20 16:35:42.644, 100, 22780, 24576, 342.29, 67
2026/09/20 16:35:43.645, 100, 22780, 24576, 335.90, 67
2026/09/20 16:35:44.645, 100, 22780, 24576, 341.09, 67
2026/09/20 16:35:45.646, 100, 22780, 24576, 336.79, 66
2026/09/20 16:35:46.646, 100, 22780, 24576, 335.60, 67
2026/09/20 16:35:47.647, 100, 22780, 24576, 337.02, 67
2026/09/20 16:35:48.647, 100, 22780, 24576, 344.81, 66
2026/09/20 16:35:49.648, 100, 22780, 24576, 343.42, 66
2026/09/20 16:35:50.648, 100, 22780, 24576, 344.51, 66
2026/09/20 16:35:51.649, 100, 22780, 24576, 343.93, 66
2026/09/20 16:35:52.649, 100, 22780, 24576, 344.59, 66
2026/09/20 16:35:53.649, 100, 22780, 24576, 344.43, 66
2026/09/20 16:35:54.650, 100, 22780, 24576, 344.66, 66
2026/09/20 16:35:55.650, 100, 22780, 24576, 344.84, 66
2026/09/20 16:35:56.651, 100, 22780, 24576, 344.04, 66
2026/09/20 16:35:57.651, 100, 22780, 24576, 344.21, 65
2026/09/20 16:35:58.652, 100, 22780, 24576, 343.97, 65
2026/09/20 16:35:59.652, 100, 22780, 24576, 344.41, 65
2026/09/20 16:36:00.652, 100, 22780, 24576, 342.02, 66
2026/09/20 16:36:01.653, 100, 22780, 24576, 342.53, 66
2026/09/20 16:36:02.653, 100, 22780, 24576, 342.26, 66
2026/09/20 16:36:03.654, 100, 22780, 24576, 342.62, 66
2026/09/20 16:36:04.654, 99, 22780, 24576, 342.88, 66
2026/09/20 16:36:05.655, 100, 22780, 24576, 342.58, 66
2026/09/20 16:36:06.655, 100, 22780, 24576, 343.02, 67
2026/09/20 16:36:07.656, 100, 22780, 24576, 343.32, 67
2026/09/20 16:36:08.656, 100, 22780, 24576, 343.27, 67
2026/09/20 16:36:09.656, 100, 22780, 24576, 342.77, 67
2026/09/20 16:36:10.657, 100, 22780, 24576, 343.89, 67
2026/09/20 16:36:11.657, 100, 22780, 24576, 344.11, 67
2026/09/20 16:36:12.658, 100, 22780, 24576, 342.57, 67
2026/09/20 16:36:13.658, 100, 22780, 24576, 343.39, 67
2026/09/20 16:36:14.659, 100, 22780, 24576, 343.31, 67
2026/09/20 16:36:15.659, 100, 22780, 24576, 343.69, 67
2026/09/20 16:36:16.660, 100, 22780, 24576, 342.78, 67
2026/09/20 16:36:17.660, 100, 22780, 24576, 343.22, 67
2026/09/20 16:36:18.660, 100, 22780, 24576, 343.04, 67
2026/09/20 16:36:19.661, 100, 22780, 24576, 341.65, 67
2026/09/20 16:36:20.661, 100, 22780, 24576, 340.10, 67
2026/09/20 16:36:21.662, 100, 22780, 24576, 342.43, 67
2026/09/20 16:36:22.662, 100, 22780, 24576, 339.83, 67
2026/09/20 16:36:23.663, 100, 22780, 24576, 342.99, 67
2026/09/20 16:36:24.663, 100, 22780, 24576, 341.89, 67
2026/09/20 16:36:25.664, 100, 22780, 24576, 343.24, 67
2026/09/20 16:36:26.664, 100, 22780, 24576, 341.00, 67
2026/09/20 16:36:27.665, 100, 22780, 24576, 339.99, 67
2026/09/20 16:36:28.665, 100, 22780, 24576, 340.43, 67
2026/09/20 16:36:29.666, 100, 22780, 24576, 339.24, 67
2026/09/20 16:36:30.666, 100, 22780, 24576, 335.08, 67
2026/09/20 16:36:31.667, 100, 22780, 24576, 336.16, 67
2026/09/20 16:36:32.667, 100, 22780, 24576, 339.91, 67
2026/09/20 16:36:33.668, 100, 22780, 24576, 337.60, 67
2026/09/20 16:36:34.668, 100, 22780, 24576, 336.58, 67
2026/09/20 16:36:35.669, 100, 22780, 24576, 338.25, 67
2026/09/20 16:36:36.669, 100, 22780, 24576, 337.38, 67
2026/09/20 16:36:37.670, 100, 22780, 24576, 335.80, 67
2026/09/20 16:36:38.670, 100, 22780, 24576, 339.77, 67
2026/09/20 16:36:39.671, 100, 22780, 24576, 336.81, 67
2026/09/20 16:36:40.671, 100, 22780, 24576, 338.64, 67
2026/09/20 16:36:41.672, 100, 22780, 24576, 337.18, 67
2026/09/20 16:36:42.672, 100, 22780, 24576, 337.12, 67
2026/09/20 16:36:43.673, 100, 22780, 24576, 336.74, 67
2026/09/20 16:36:44.674, 100, 22780, 24576, 335.80, 67
2026/09/20 16:36:45.674, 100, 22780, 24576, 337.07, 67
2026/09/20 16:36:46.675, 100, 22780, 24576, 336.88, 67
2026/09/20 16:36:47.675, 100, 22780, 24576, 335.83, 67
2026/09/20 16:36:48.676, 100, 22780, 24576, 334.33, 67
2026/09/20 16:36:49.676, 100, 22780, 24576, 334.56, 67
2026/09/20 16:36:50.677, 100, 22780, 24576, 333.25, 67
2026/09/20 16:36:51.677, 99, 22780, 24576, 332.98, 67
2026/09/20 16:36:52.678, 100, 22780, 24576, 334.32, 67
2026/09/20 16:36:53.678, 100, 22780, 24576, 337.13, 67
2026/09/20 16:36:54.679, 100, 22780, 24576, 334.48, 67
2026/09/20 16:36:55.679, 100, 22780, 24576, 342.28, 67
2026/09/20 16:36:56.680, 99, 22780, 24576, 333.18, 67
2026/09/20 16:36:57.680, 100, 22780, 24576, 335.94, 67
2026/09/20 16:36:58.680, 100, 22780, 24576, 333.41, 67
2026/09/20 16:36:59.681, 100, 22780, 24576, 335.17, 67
2026/09/20 16:37:00.681, 100, 22780, 24576, 337.54, 67
2026/09/20 16:37:01.682, 99, 22780, 24576, 341.34, 67
2026/09/20 16:37:02.682, 100, 22780, 24576, 340.84, 67
2026/09/20 16:37:03.683, 100, 22780, 24576, 343.26, 67
2026/09/20 16:37:04.683, 99, 22780, 24576, 343.70, 67
2026/09/20 16:37:05.684, 99, 22780, 24576, 343.68, 67
2026/09/20 16:37:06.684, 100, 22780, 24576, 343.11, 67
2026/09/20 16:37:07.685, 100, 22780, 24576, 343.32, 67
2026/09/20 16:37:08.685, 100, 22780, 24576, 343.43, 67
2026/09/20 16:37:09.686, 100, 22780, 24576, 343.51, 68
2026/09/20 16:37:10.686, 100, 22780, 24576, 344.52, 67
2026/09/20 16:37:11.687, 99, 22780, 24576, 343.74, 68
2026/09/20 16:37:12.687, 100, 22780, 24576, 344.62, 67
2026/09/20 16:37:13.688, 100, 22780, 24576, 342.28, 67
2026/09/20 16:37:14.688, 100, 22780, 24576, 343.22, 67
2026/09/20 16:37:15.688, 100, 22780, 24576, 343.35, 67
2026/09/20 16:37:16.689, 100, 22780, 24576, 343.14, 67
2026/09/20 16:37:17.689, 100, 22780, 24576, 343.28, 67
2026/09/20 16:37:18.690, 100, 22780, 24576, 343.57, 68
2026/09/20 16:37:19.690, 100, 22780, 24576, 343.28, 68
2026/09/20 16:37:20.691, 100, 22780, 24576, 342.88, 67
2026/09/20 16:37:21.691, 100, 22780, 24576, 342.10, 68
2026/09/20 16:37:22.692, 100, 22780, 24576, 342.52, 68
2026/09/20 16:37:23.692, 100, 22780, 24576, 344.18, 68
2026/09/20 16:37:24.693, 100, 22780, 24576, 340.99, 68
2026/09/20 16:37:25.693, 99, 22780, 24576, 341.71, 68
2026/09/20 16:37:26.694, 100, 22780, 24576, 341.38, 68
2026/09/20 16:37:27.694, 100, 22780, 24576, 341.31, 68
2026/09/20 16:37:28.695, 100, 22780, 24576, 341.69, 68
2026/09/20 16:37:29.695, 100, 22780, 24576, 341.19, 68
2026/09/20 16:37:30.696, 100, 22780, 24576, 341.98, 68
2026/09/20 16:37:31.696, 100, 22780, 24576, 338.38, 68
2026/09/20 16:37:32.697, 100, 22780, 24576, 340.92, 68
2026/09/20 16:37:33.697, 100, 22780, 24576, 339.61, 68
2026/09/20 16:37:34.698, 100, 22780, 24576, 339.44, 68
2026/09/20 16:37:35.698, 100, 22780, 24576, 338.95, 68
2026/09/20 16:37:36.699, 100, 22780, 24576, 338.29, 67
2026/09/20 16:37:37.699, 100, 22780, 24576, 335.27, 68
2026/09/20 16:37:38.700, 100, 22780, 24576, 337.84, 68
2026/09/20 16:37:39.700, 100, 22780, 24576, 336.45, 67
2026/09/20 16:37:40.700, 100, 22780, 24576, 338.59, 67
2026/09/20 16:37:41.701, 100, 22780, 24576, 337.36, 67
2026/09/20 16:37:42.701, 100, 22780, 24576, 338.62, 67
2026/09/20 16:37:43.702, 100, 22780, 24576, 339.05, 68
2026/09/20 16:37:44.702, 100, 22780, 24576, 337.21, 68
2026/09/20 16:37:45.703, 100, 22780, 24576, 336.72, 67
2026/09/20 16:37:46.703, 100, 22780, 24576, 335.95, 68
2026/09/20 16:37:47.704, 100, 22780, 24576, 337.01, 67
2026/09/20 16:37:48.704, 100, 22780, 24576, 336.34, 68
2026/09/20 16:37:49.705, 100, 22780, 24576, 336.23, 68
2026/09/20 16:37:50.705, 100, 22780, 24576, 334.65, 68
2026/09/20 16:37:51.706, 100, 22780, 24576, 333.92, 68
2026/09/20 16:37:52.706, 100, 22780, 24576, 335.84, 68
2026/09/20 16:37:53.707, 100, 22780, 24576, 335.38, 67
2026/09/20 16:37:54.707, 100, 22780, 24576, 332.29, 67
2026/09/20 16:37:55.707, 100, 22780, 24576, 335.40, 68
2026/09/20 16:37:56.708, 99, 22780, 24576, 330.23, 67
2026/09/20 16:37:57.708, 100, 22780, 24576, 339.19, 68
2026/09/20 16:37:58.709, 100, 22780, 24576, 333.76, 67
2026/09/20 16:37:59.709, 100, 22780, 24576, 337.42, 68
2026/09/20 16:38:00.710, 100, 22780, 24576, 335.42, 67
2026/09/20 16:38:01.710, 100, 22780, 24576, 335.76, 68
2026/09/20 16:38:02.711, 100, 22780, 24576, 344.30, 68
2026/09/20 16:38:03.711, 99, 22780, 24576, 341.78, 67
2026/09/20 16:38:04.712, 100, 22780, 24576, 342.42, 68
2026/09/20 16:38:05.712, 100, 22780, 24576, 343.05, 67
2026/09/20 16:38:06.713, 100, 22780, 24576, 342.98, 67
2026/09/20 16:38:07.713, 100, 22780, 24576, 342.63, 68
2026/09/20 16:38:08.714, 100, 22780, 24576, 342.79, 68
2026/09/20 16:38:09.714, 99, 22780, 24576, 342.99, 68
2026/09/20 16:38:10.715, 100, 22780, 24576, 343.26, 68
2026/09/20 16:38:11.715, 99, 22780, 24576, 343.13, 68
2026/09/20 16:38:12.716, 100, 22780, 24576, 343.25, 68
2026/09/20 16:38:13.716, 100, 22780, 24576, 343.46, 68
2026/09/20 16:38:14.717, 99, 22780, 24576, 343.60, 68
2026/09/20 16:38:15.717, 100, 22780, 24576, 343.57, 68
2026/09/20 16:38:16.718, 100, 22780, 24576, 343.95, 68
2026/09/20 16:38:17.719, 100, 22780, 24576, 343.89, 68
2026/09/20 16:38:18.719, 100, 22780, 24576, 344.00, 68
2026/09/20 16:38:19.720, 100, 22780, 24576, 343.53, 68
2026/09/20 16:38:20.720, 100, 22780, 24576, 343.71, 68
2026/09/20 16:38:21.721, 100, 22780, 24576, 342.13, 68
2026/09/20 16:38:22.721, 100, 22780, 24576, 342.32, 68
2026/09/20 16:38:23.722, 100, 22780, 24576, 342.42, 68
2026/09/20 16:38:24.722, 100, 22780, 24576, 342.79, 68
2026/09/20 16:38:25.723, 100, 22780, 24576, 341.18, 68
2026/09/20 16:38:26.723, 100, 22780, 24576, 339.83, 68
2026/09/20 16:38:27.723, 100, 22780, 24576, 341.26, 68
2026/09/20 16:38:28.724, 100, 22780, 24576, 340.59, 68
2026/09/20 16:38:29.724, 100, 22780, 24576, 341.32, 68
2026/09/20 16:38:30.725, 99, 22780, 24576, 341.38, 68
2026/09/20 16:38:31.725, 100, 22780, 24576, 339.70, 68
2026/09/20 16:38:32.726, 100, 22780, 24576, 341.19, 68
2026/09/20 16:38:33.726, 100, 22780, 24576, 336.33, 68
2026/09/20 16:38:34.727, 100, 22780, 24576, 339.26, 68
2026/09/20 16:38:35.727, 99, 22780, 24576, 338.83, 68
2026/09/20 16:38:36.728, 100, 22780, 24576, 337.21, 68
2026/09/20 16:38:37.728, 100, 22780, 24576, 337.44, 68
2026/09/20 16:38:38.728, 100, 22780, 24576, 337.81, 68
2026/09/20 16:38:39.729, 100, 22780, 24576, 337.60, 68
2026/09/20 16:38:40.729, 100, 22780, 24576, 339.26, 68
2026/09/20 16:38:41.730, 100, 22780, 24576, 337.85, 68
2026/09/20 16:38:42.730, 100, 22780, 24576, 335.51, 68
2026/09/20 16:38:43.733, 100, 22780, 24576, 339.64, 68
2026/09/20 16:38:44.733, 100, 22780, 24576, 336.41, 68
2026/09/20 16:38:45.734, 100, 22780, 24576, 336.33, 68
2026/09/20 16:38:46.734, 100, 22780, 24576, 336.55, 68
2026/09/20 16:38:47.735, 100, 22780, 24576, 334.99, 68
2026/09/20 16:38:48.735, 100, 22780, 24576, 336.91, 68
2026/09/20 16:38:49.735, 100, 22780, 24576, 336.21, 68
2026/09/20 16:38:50.736, 100, 22780, 24576, 336.33, 68
2026/09/20 16:38:51.736, 100, 22780, 24576, 335.76, 68
2026/09/20 16:38:52.737, 100, 22780, 24576, 335.68, 68
2026/09/20 16:38:53.737, 100, 22780, 24576, 335.05, 68
2026/09/20 16:38:54.738, 100, 22780, 24576, 337.39, 68
2026/09/20 16:38:55.738, 100, 22780, 24576, 332.59, 68
2026/09/20 16:38:56.739, 99, 22780, 24576, 335.46, 68
2026/09/20 16:38:57.739, 100, 22780, 24576, 343.57, 68
2026/09/20 16:38:58.739, 100, 22780, 24576, 341.99, 68
2026/09/20 16:38:59.740, 100, 22780, 24576, 333.50, 68
2026/09/20 16:39:00.740, 100, 22780, 24576, 334.39, 68
2026/09/20 16:39:01.741, 100, 22782, 24576, 334.68, 68
2026/09/20 16:39:02.741, 100, 22782, 24576, 335.96, 68
2026/09/20 16:39:03.742, 100, 22782, 24576, 334.00, 68
2026/09/20 16:39:04.742, 100, 22782, 24576, 343.23, 67
2026/09/20 16:39:05.742, 100, 22782, 24576, 343.36, 67
2026/09/20 16:39:06.743, 100, 22782, 24576, 342.90, 67
2026/09/20 16:39:07.744, 100, 22782, 24576, 342.84, 67
2026/09/20 16:39:08.744, 100, 22782, 24576, 343.18, 67
2026/09/20 16:39:09.744, 100, 22782, 24576, 343.17, 67
2026/09/20 16:39:10.745, 100, 22782, 24576, 343.60, 67
2026/09/20 16:39:11.745, 100, 22782, 24576, 344.22, 67
2026/09/20 16:39:12.746, 100, 22782, 24576, 343.78, 67
2026/09/20 16:39:13.746, 100, 22782, 24576, 344.19, 67
2026/09/20 16:39:14.747, 100, 22782, 24576, 343.12, 67
2026/09/20 16:39:15.748, 100, 22782, 24576, 343.76, 67
2026/09/20 16:39:16.749, 100, 22782, 24576, 342.27, 67
2026/09/20 16:39:17.749, 100, 22782, 24576, 342.20, 68
2026/09/20 16:39:18.750, 100, 22782, 24576, 342.32, 68
2026/09/20 16:39:19.750, 100, 22782, 24576, 342.97, 68
2026/09/20 16:39:20.751, 100, 22782, 24576, 343.06, 68
2026/09/20 16:39:21.751, 100, 22782, 24576, 343.44, 68
2026/09/20 16:39:22.752, 100, 22782, 24576, 343.16, 68
2026/09/20 16:39:23.752, 100, 22782, 24576, 343.52, 68
2026/09/20 16:39:24.753, 100, 22782, 24576, 343.79, 68
2026/09/20 16:39:25.753, 100, 22782, 24576, 344.11, 68
2026/09/20 16:39:26.753, 99, 22782, 24576, 343.47, 68
2026/09/20 16:39:27.754, 100, 22782, 24576, 342.49, 68
2026/09/20 16:39:28.754, 100, 22782, 24576, 343.43, 68
2026/09/20 16:39:29.755, 100, 22782, 24576, 344.00, 68
2026/09/20 16:39:30.755, 100, 22782, 24576, 343.94, 68
2026/09/20 16:39:31.755, 99, 22782, 24576, 343.37, 68
2026/09/20 16:39:32.756, 100, 22782, 24576, 342.96, 68
2026/09/20 16:39:33.756, 100, 22782, 24576, 342.98, 68
2026/09/20 16:39:34.757, 100, 22782, 24576, 343.38, 68
2026/09/20 16:39:35.757, 100, 22782, 24576, 342.84, 69
2026/09/20 16:39:36.758, 100, 22782, 24576, 342.70, 68
2026/09/20 16:39:37.758, 100, 22782, 24576, 343.52, 68
2026/09/20 16:39:38.759, 99, 22782, 24576, 340.44, 68
2026/09/20 16:39:39.759, 100, 22782, 24576, 341.54, 68
2026/09/20 16:39:40.760, 100, 22782, 24576, 341.15, 68
2026/09/20 16:39:41.760, 100, 22782, 24576, 340.92, 68
2026/09/20 16:39:42.761, 100, 22782, 24576, 340.54, 68
2026/09/20 16:39:43.761, 100, 22782, 24576, 341.29, 68
2026/09/20 16:39:44.762, 100, 22782, 24576, 338.92, 69
2026/09/20 16:39:45.762, 99, 22782, 24576, 338.07, 68
2026/09/20 16:39:46.763, 100, 22782, 24576, 339.38, 68
2026/09/20 16:39:47.764, 100, 22782, 24576, 338.49, 69
2026/09/20 16:39:48.764, 100, 22782, 24576, 339.65, 68
2026/09/20 16:39:49.765, 100, 22782, 24576, 337.16, 68
2026/09/20 16:39:50.765, 100, 22782, 24576, 335.49, 68
2026/09/20 16:39:51.766, 100, 22782, 24576, 337.05, 68
2026/09/20 16:39:52.766, 100, 22782, 24576, 336.50, 68
2026/09/20 16:39:53.767, 99, 22782, 24576, 338.30, 68
2026/09/20 16:39:54.767, 100, 22782, 24576, 335.82, 68
2026/09/20 16:39:55.767, 100, 22782, 24576, 337.92, 69
2026/09/20 16:39:56.768, 100, 22782, 24576, 337.05, 69
2026/09/20 16:39:57.769, 100, 22782, 24576, 336.67, 68
2026/09/20 16:39:58.770, 100, 22782, 24576, 335.68, 68
2026/09/20 16:39:59.771, 100, 22782, 24576, 336.38, 68
2026/09/20 16:40:00.771, 100, 22782, 24576, 336.88, 69
2026/09/20 16:40:01.772, 100, 22782, 24576, 337.68, 68
2026/09/20 16:40:02.772, 100, 22782, 24576, 336.16, 68
2026/09/20 16:40:03.772, 100, 22782, 24576, 337.51, 69
2026/09/20 16:40:04.773, 100, 22782, 24576, 336.38, 69
2026/09/20 16:40:05.774, 100, 23044, 24576, 337.76, 68
2026/09/20 16:40:06.774, 100, 22782, 24576, 335.26, 68
2026/09/20 16:40:07.775, 100, 22782, 24576, 332.83, 68
2026/09/20 16:40:08.775, 100, 22782, 24576, 334.54, 68
2026/09/20 16:40:09.776, 100, 22782, 24576, 331.77, 68
2026/09/20 16:40:10.776, 100, 22782, 24576, 331.51, 68
2026/09/20 16:40:11.777, 100, 22782, 24576, 342.49, 69
2026/09/20 16:40:12.777, 100, 22782, 24576, 332.35, 68
2026/09/20 16:40:13.778, 100, 22782, 24576, 333.38, 69
2026/09/20 16:40:14.778, 100, 22782, 24576, 335.15, 68
2026/09/20 16:40:15.779, 100, 22782, 24576, 334.14, 68
2026/09/20 16:40:16.779, 100, 22782, 24576, 337.33, 69
2026/09/20 16:40:17.779, 99, 22782, 24576, 342.22, 68
2026/09/20 16:40:18.780, 99, 22782, 24576, 340.73, 68
2026/09/20 16:40:19.780, 99, 22782, 24576, 343.24, 68
2026/09/20 16:40:20.781, 100, 22782, 24576, 343.45, 69
2026/09/20 16:40:21.781, 100, 22782, 24576, 341.95, 69
2026/09/20 16:40:22.782, 100, 22782, 24576, 343.38, 68
2026/09/20 16:40:23.782, 100, 22782, 24576, 344.17, 69
2026/09/20 16:40:24.783, 100, 22782, 24576, 343.69, 69
2026/09/20 16:40:25.783, 100, 22782, 24576, 343.58, 69
2026/09/20 16:40:26.784, 100, 22782, 24576, 344.15, 69
2026/09/20 16:40:27.784, 100, 22782, 24576, 344.09, 69
2026/09/20 16:40:28.785, 100, 22782, 24576, 344.61, 69
2026/09/20 16:40:29.785, 100, 22782, 24576, 342.35, 69
2026/09/20 16:40:30.786, 99, 22782, 24576, 343.84, 69
2026/09/20 16:40:31.786, 100, 22782, 24576, 344.44, 69
2026/09/20 16:40:32.787, 100, 22782, 24576, 343.52, 69
2026/09/20 16:40:33.787, 100, 22782, 24576, 344.07, 69
2026/09/20 16:40:34.788, 100, 22782, 24576, 343.81, 69
2026/09/20 16:40:35.788, 100, 22782, 24576, 344.80, 69
2026/09/20 16:40:36.789, 100, 22782, 24576, 343.01, 69
2026/09/20 16:40:37.789, 100, 22782, 24576, 342.63, 69
2026/09/20 16:40:38.789, 100, 22782, 24576, 343.14, 69
2026/09/20 16:40:39.790, 100, 22782, 24576, 343.21, 69
2026/09/20 16:40:40.790, 100, 22782, 24576, 339.40, 69
2026/09/20 16:40:41.791, 100, 22782, 24576, 341.43, 69
2026/09/20 16:40:42.791, 99, 22782, 24576, 343.20, 69
2026/09/20 16:40:43.792, 100, 22782, 24576, 342.85, 69
2026/09/20 16:40:44.792, 100, 22782, 24576, 342.60, 69
2026/09/20 16:40:45.793, 100, 22782, 24576, 341.14, 69
2026/09/20 16:40:46.793, 100, 22782, 24576, 339.21, 69
2026/09/20 16:40:47.794, 100, 22782, 24576, 337.87, 69
2026/09/20 16:40:48.794, 99, 22782, 24576, 342.89, 69
2026/09/20 16:40:49.795, 100, 22782, 24576, 338.49, 69
2026/09/20 16:40:50.795, 100, 22782, 24576, 338.56, 69
2026/09/20 16:40:51.796, 100, 22782, 24576, 336.93, 69
2026/09/20 16:40:52.796, 99, 22782, 24576, 338.15, 69
2026/09/20 16:40:53.797, 100, 22782, 24576, 335.79, 69
2026/09/20 16:40:54.797, 100, 22782, 24576, 337.23, 69
2026/09/20 16:40:55.798, 100, 22782, 24576, 339.51, 69
2026/09/20 16:40:56.798, 100, 22782, 24576, 339.08, 69
2026/09/20 16:40:57.799, 100, 22782, 24576, 338.91, 69
2026/09/20 16:40:58.799, 100, 22782, 24576, 337.87, 69
2026/09/20 16:40:59.800, 100, 22782, 24576, 338.52, 69
2026/09/20 16:41:00.800, 100, 22782, 24576, 338.02, 69
2026/09/20 16:41:01.801, 100, 22782, 24576, 335.19, 69
2026/09/20 16:41:02.801, 100, 22782, 24576, 338.76, 69
2026/09/20 16:41:03.801, 100, 22782, 24576, 337.03, 69
2026/09/20 16:41:04.802, 100, 22782, 24576, 336.43, 69
2026/09/20 16:41:05.802, 100, 22782, 24576, 335.39, 69
2026/09/20 16:41:06.803, 100, 22782, 24576, 335.01, 69
2026/09/20 16:41:07.804, 100, 22782, 24576, 334.56, 68
2026/09/20 16:41:08.804, 100, 22782, 24576, 333.71, 69
2026/09/20 16:41:09.805, 100, 22782, 24576, 334.11, 69
2026/09/20 16:41:10.805, 100, 22782, 24576, 331.29, 69
2026/09/20 16:41:11.806, 100, 22782, 24576, 343.41, 69
2026/09/20 16:41:12.806, 100, 22782, 24576, 343.72, 69
2026/09/20 16:41:13.807, 100, 22782, 24576, 337.40, 69
2026/09/20 16:41:14.807, 100, 22782, 24576, 338.61, 69
2026/09/20 16:41:15.808, 100, 22782, 24576, 333.83, 69
2026/09/20 16:41:16.808, 100, 22782, 24576, 336.81, 69
2026/09/20 16:41:17.809, 100, 22782, 24576, 334.69, 68
2026/09/20 16:41:18.809, 100, 22782, 24576, 343.07, 69
2026/09/20 16:41:19.810, 100, 22782, 24576, 342.13, 69
2026/09/20 16:41:20.810, 100, 22782, 24576, 343.79, 69
2026/09/20 16:41:21.811, 100, 22782, 24576, 342.61, 69
2026/09/20 16:41:22.811, 100, 22782, 24576, 342.98, 69
2026/09/20 16:41:23.812, 100, 22782, 24576, 342.76, 69
2026/09/20 16:41:24.812, 100, 22782, 24576, 344.06, 69
2026/09/20 16:41:25.813, 99, 22782, 24576, 343.75, 69
2026/09/20 16:41:26.813, 100, 22782, 24576, 343.27, 69
2026/09/20 16:41:27.814, 99, 22782, 24576, 343.47, 69
2026/09/20 16:41:28.814, 100, 22782, 24576, 344.08, 69
2026/09/20 16:41:29.815, 100, 22782, 24576, 344.36, 69
2026/09/20 16:41:30.815, 99, 22782, 24576, 344.56, 69
2026/09/20 16:41:31.816, 100, 22782, 24576, 344.59, 69
2026/09/20 16:41:32.816, 100, 22782, 24576, 344.13, 69
2026/09/20 16:41:33.817, 100, 22782, 24576, 344.61, 69
2026/09/20 16:41:34.818, 100, 22782, 24576, 342.82, 69
2026/09/20 16:41:35.818, 100, 22782, 24576, 343.50, 69
2026/09/20 16:41:36.819, 100, 22782, 24576, 343.66, 69
2026/09/20 16:41:37.819, 100, 22782, 24576, 343.50, 69
2026/09/20 16:41:38.820, 100, 22782, 24576, 342.99, 69
2026/09/20 16:41:39.820, 100, 22782, 24576, 342.99, 69
2026/09/20 16:41:40.821, 100, 22782, 24576, 342.07, 69
2026/09/20 16:41:41.821, 100, 22782, 24576, 342.50, 69
2026/09/20 16:41:42.822, 100, 22782, 24576, 341.08, 69
2026/09/20 16:41:43.822, 100, 22782, 24576, 341.77, 69
2026/09/20 16:41:44.823, 100, 22782, 24576, 341.57, 69
2026/09/20 16:41:45.823, 100, 22782, 24576, 340.25, 69
2026/09/20 16:41:46.824, 100, 22782, 24576, 343.13, 69
2026/09/20 16:41:47.824, 100, 22782, 24576, 340.53, 69
2026/09/20 16:41:48.824, 100, 22782, 24576, 337.04, 69
2026/09/20 16:41:49.825, 100, 22782, 24576, 336.84, 69
2026/09/20 16:41:50.825, 100, 22782, 24576, 339.93, 69
2026/09/20 16:41:51.826, 100, 22782, 24576, 339.09, 69
2026/09/20 16:41:52.826, 100, 22782, 24576, 339.79, 69
2026/09/20 16:41:53.827, 100, 22782, 24576, 338.00, 69
2026/09/20 16:41:54.827, 100, 22782, 24576, 336.53, 69
2026/09/20 16:41:55.828, 100, 22782, 24576, 337.74, 69
2026/09/20 16:41:56.828, 100, 22782, 24576, 337.78, 69
2026/09/20 16:41:57.829, 100, 22782, 24576, 337.19, 69
2026/09/20 16:41:58.829, 99, 22782, 24576, 338.72, 69
2026/09/20 16:41:59.830, 100, 22782, 24576, 336.13, 69
2026/09/20 16:42:00.830, 100, 22782, 24576, 336.89, 69
2026/09/20 16:42:01.831, 99, 22782, 24576, 336.53, 69
2026/09/20 16:42:02.831, 100, 22782, 24576, 338.14, 69
2026/09/20 16:42:03.832, 100, 22782, 24576, 338.08, 69
2026/09/20 16:42:04.832, 99, 22782, 24576, 336.05, 69
2026/09/20 16:42:05.833, 100, 22782, 24576, 337.46, 69
2026/09/20 16:42:06.833, 100, 22782, 24576, 335.83, 69
2026/09/20 16:42:07.834, 100, 22782, 24576, 336.61, 69
2026/09/20 16:42:08.834, 100, 22782, 24576, 337.06, 69
2026/09/20 16:42:09.835, 100, 22782, 24576, 335.02, 69
2026/09/20 16:42:10.835, 100, 22782, 24576, 334.16, 69
2026/09/20 16:42:11.836, 100, 22782, 24576, 331.26, 69
2026/09/20 16:42:12.837, 100, 22782, 24576, 328.57, 69
2026/09/20 16:42:13.837, 100, 22782, 24576, 338.19, 69
2026/09/20 16:42:14.838, 100, 22782, 24576, 342.04, 68
2026/09/20 16:42:15.838, 100, 22782, 24576, 333.82, 69
2026/09/20 16:42:16.839, 100, 22782, 24576, 335.14, 69
2026/09/20 16:42:17.839, 100, 22782, 24576, 335.92, 69
2026/09/20 16:42:18.840, 100, 22782, 24576, 334.95, 69
2026/09/20 16:42:19.840, 100, 22782, 24576, 334.96, 69
2026/09/20 16:42:20.841, 100, 22782, 24576, 343.28, 68
2026/09/20 16:42:21.842, 100, 22782, 24576, 343.66, 67
2026/09/20 16:42:22.842, 100, 22782, 24576, 343.48, 67
2026/09/20 16:42:23.843, 100, 22782, 24576, 343.75, 67
2026/09/20 16:42:24.843, 100, 22782, 24576, 343.74, 67
2026/09/20 16:42:25.844, 100, 22782, 24576, 344.09, 67
2026/09/20 16:42:26.844, 100, 22782, 24576, 343.47, 67
2026/09/20 16:42:27.845, 100, 22782, 24576, 343.70, 67
2026/09/20 16:42:28.845, 100, 22782, 24576, 344.17, 68
2026/09/20 16:42:29.846, 100, 22782, 24576, 344.12, 68
2026/09/20 16:42:30.846, 100, 22782, 24576, 344.41, 67
2026/09/20 16:42:31.847, 100, 22782, 24576, 343.62, 67
2026/09/20 16:42:32.847, 99, 22782, 24576, 341.82, 68
2026/09/20 16:42:33.847, 100, 22782, 24576, 342.55, 68
2026/09/20 16:42:34.848, 100, 22782, 24576, 343.57, 68
2026/09/20 16:42:35.848, 100, 22782, 24576, 343.45, 68
2026/09/20 16:42:36.849, 100, 22782, 24576, 343.46, 68
2026/09/20 16:42:37.850, 100, 22782, 24576, 343.04, 68
2026/09/20 16:42:38.850, 100, 22782, 24576, 343.24, 68
2026/09/20 16:42:39.851, 100, 22782, 24576, 343.69, 68
2026/09/20 16:42:40.851, 100, 22782, 24576, 343.17, 68
2026/09/20 16:42:41.852, 100, 22782, 24576, 343.59, 68
2026/09/20 16:42:42.852, 99, 22782, 24576, 343.74, 68
2026/09/20 16:42:43.853, 100, 22782, 24576, 343.72, 69
2026/09/20 16:42:44.853, 100, 22782, 24576, 344.63, 69
2026/09/20 16:42:45.854, 100, 22782, 24576, 344.33, 69
2026/09/20 16:42:46.854, 100, 22782, 24576, 344.00, 69
2026/09/20 16:42:47.855, 99, 22782, 24576, 343.24, 69
2026/09/20 16:42:48.855, 99, 22782, 24576, 344.59, 69
2026/09/20 16:42:49.856, 100, 22782, 24576, 345.17, 69
2026/09/20 16:42:50.856, 100, 22782, 24576, 343.74, 69
2026/09/20 16:42:51.856, 100, 22782, 24576, 343.71, 69
2026/09/20 16:42:52.857, 100, 22782, 24576, 343.57, 69
2026/09/20 16:42:53.857, 97, 22782, 24576, 343.58, 69
2026/09/20 16:42:54.859, 100, 22782, 24576, 342.61, 69
2026/09/20 16:42:55.859, 100, 22782, 24576, 343.77, 69
2026/09/20 16:42:56.859, 100, 22782, 24576, 342.43, 69
2026/09/20 16:42:57.860, 100, 22782, 24576, 341.47, 69
2026/09/20 16:42:58.860, 100, 22782, 24576, 341.01, 69
2026/09/20 16:42:59.861, 100, 22782, 24576, 341.39, 69
2026/09/20 16:43:00.861, 100, 22782, 24576, 339.38, 69
2026/09/20 16:43:01.862, 100, 22782, 24576, 340.05, 69
2026/09/20 16:43:02.862, 100, 22782, 24576, 338.72, 69
2026/09/20 16:43:03.863, 100, 22782, 24576, 340.50, 69
2026/09/20 16:43:04.863, 100, 22782, 24576, 339.02, 69
2026/09/20 16:43:05.863, 99, 22782, 24576, 338.71, 69
2026/09/20 16:43:06.864, 100, 22782, 24576, 336.96, 69
2026/09/20 16:43:07.864, 100, 22782, 24576, 338.24, 69
2026/09/20 16:43:08.865, 100, 22782, 24576, 337.04, 69
2026/09/20 16:43:09.865, 100, 22782, 24576, 338.69, 69
2026/09/20 16:43:10.865, 100, 22782, 24576, 340.12, 69
2026/09/20 16:43:11.866, 100, 22782, 24576, 336.61, 69
2026/09/20 16:43:12.868, 100, 22782, 24576, 337.97, 69
2026/09/20 16:43:13.868, 100, 22782, 24576, 338.65, 69
2026/09/20 16:43:14.869, 100, 22782, 24576, 337.19, 69
2026/09/20 16:43:15.869, 100, 22782, 24576, 336.27, 69
2026/09/20 16:43:16.869, 100, 22782, 24576, 336.53, 69
2026/09/20 16:43:17.870, 100, 22782, 24576, 336.81, 69
2026/09/20 16:43:18.870, 98, 22782, 24576, 335.28, 69
2026/09/20 16:43:19.871, 100, 22782, 24576, 336.16, 69
2026/09/20 16:43:20.871, 100, 22782, 24576, 336.36, 69
2026/09/20 16:43:21.872, 100, 22782, 24576, 337.06, 69
2026/09/20 16:43:22.872, 100, 22782, 24576, 335.12, 69
2026/09/20 16:43:23.873, 100, 22782, 24576, 335.62, 69
2026/09/20 16:43:24.873, 100, 22782, 24576, 330.66, 69
2026/09/20 16:43:25.874, 100, 22782, 24576, 336.68, 69
2026/09/20 16:43:26.874, 100, 22782, 24576, 336.35, 69
2026/09/20 16:43:27.875, 100, 22782, 24576, 342.17, 69
2026/09/20 16:43:28.875, 100, 22782, 24576, 335.49, 69
2026/09/20 16:43:29.875, 100, 22782, 24576, 334.49, 68
2026/09/20 16:43:30.876, 100, 22782, 24576, 334.42, 69
2026/09/20 16:43:31.876, 100, 22782, 24576, 335.12, 69
2026/09/20 16:43:32.877, 100, 22782, 24576, 335.80, 69
2026/09/20 16:43:33.877, 100, 22782, 24576, 342.55, 69
2026/09/20 16:43:34.877, 100, 22782, 24576, 342.40, 69
2026/09/20 16:43:35.878, 100, 22782, 24576, 342.27, 69
2026/09/20 16:43:36.878, 100, 22782, 24576, 343.64, 69
2026/09/20 16:43:37.879, 100, 22782, 24576, 343.49, 69
2026/09/20 16:43:38.879, 100, 22782, 24576, 343.91, 69
2026/09/20 16:43:39.879, 99, 22782, 24576, 343.64, 69
2026/09/20 16:43:40.880, 100, 22782, 24576, 343.12, 69
2026/09/20 16:43:41.880, 100, 22782, 24576, 343.73, 69
2026/09/20 16:43:42.881, 100, 22782, 24576, 343.85, 69
2026/09/20 16:43:43.881, 100, 22782, 24576, 343.50, 69
2026/09/20 16:43:44.882, 100, 22782, 24576, 344.71, 69
2026/09/20 16:43:45.882, 100, 22782, 24576, 344.07, 69
2026/09/20 16:43:46.883, 100, 22782, 24576, 343.88, 69
2026/09/20 16:43:47.883, 100, 22782, 24576, 344.01, 69
2026/09/20 16:43:48.883, 100, 22782, 24576, 343.36, 69
2026/09/20 16:43:49.884, 100, 22782, 24576, 342.57, 69
2026/09/20 16:43:50.884, 100, 22782, 24576, 343.70, 69
2026/09/20 16:43:51.885, 100, 22782, 24576, 343.23, 69
2026/09/20 16:43:52.885, 100, 22782, 24576, 342.96, 69
2026/09/20 16:43:53.885, 100, 22782, 24576, 344.28, 69
2026/09/20 16:43:54.886, 100, 22782, 24576, 344.05, 69
2026/09/20 16:43:55.886, 100, 22782, 24576, 343.31, 69
2026/09/20 16:43:56.887, 100, 22782, 24576, 340.85, 69
2026/09/20 16:43:57.887, 100, 22782, 24576, 341.92, 69
2026/09/20 16:43:58.888, 100, 22782, 24576, 341.33, 69
2026/09/20 16:43:59.888, 100, 22782, 24576, 342.36, 69
2026/09/20 16:44:00.888, 100, 22782, 24576, 341.84, 69
2026/09/20 16:44:01.891, 100, 22782, 24576, 341.88, 69
2026/09/20 16:44:02.892, 100, 22782, 24576, 338.08, 69
2026/09/20 16:44:03.892, 100, 22782, 24576, 339.04, 69
2026/09/20 16:44:04.893, 100, 22782, 24576, 341.15, 69
2026/09/20 16:44:05.893, 100, 22782, 24576, 338.26, 69
2026/09/20 16:44:06.894, 100, 22782, 24576, 337.70, 69
2026/09/20 16:44:07.894, 100, 22782, 24576, 338.46, 69
2026/09/20 16:44:08.895, 100, 22782, 24576, 337.55, 69
2026/09/20 16:44:09.895, 100, 22782, 24576, 338.49, 69
2026/09/20 16:44:10.896, 100, 22782, 24576, 339.50, 69
2026/09/20 16:44:11.896, 100, 22782, 24576, 337.67, 69
2026/09/20 16:44:12.896, 100, 22782, 24576, 338.00, 69
2026/09/20 16:44:13.897, 100, 22782, 24576, 337.55, 69
2026/09/20 16:44:14.897, 100, 22782, 24576, 339.34, 69
2026/09/20 16:44:15.898, 100, 22782, 24576, 337.55, 69
2026/09/20 16:44:16.898, 100, 22782, 24576, 337.98, 69
2026/09/20 16:44:17.899, 100, 22782, 24576, 336.32, 69
2026/09/20 16:44:18.899, 100, 22782, 24576, 337.67, 69
2026/09/20 16:44:19.900, 100, 22782, 24576, 335.74, 69
2026/09/20 16:44:20.900, 100, 22782, 24576, 335.13, 69
2026/09/20 16:44:21.901, 100, 22782, 24576, 336.00, 69
2026/09/20 16:44:22.902, 100, 22782, 24576, 337.51, 69
2026/09/20 16:44:23.903, 99, 22782, 24576, 334.89, 69
2026/09/20 16:44:24.903, 100, 22782, 24576, 335.32, 69
2026/09/20 16:44:25.904, 100, 22782, 24576, 334.68, 69
2026/09/20 16:44:26.904, 100, 22782, 24576, 334.63, 69
2026/09/20 16:44:27.905, 100, 22782, 24576, 332.10, 69
2026/09/20 16:44:28.905, 99, 22782, 24576, 342.01, 69
2026/09/20 16:44:29.906, 100, 22782, 24576, 337.11, 69
2026/09/20 16:44:30.906, 100, 22782, 24576, 337.63, 69
2026/09/20 16:44:31.907, 100, 22782, 24576, 338.51, 69
2026/09/20 16:44:32.907, 100, 22782, 24576, 337.75, 69
2026/09/20 16:44:33.907, 100, 22782, 24576, 335.06, 69
2026/09/20 16:44:34.908, 100, 22782, 24576, 341.82, 69
2026/09/20 16:44:35.909, 99, 22782, 24576, 343.19, 68
2026/09/20 16:44:36.909, 100, 22782, 24576, 342.95, 69
2026/09/20 16:44:37.910, 100, 22782, 24576, 343.04, 68
2026/09/20 16:44:38.910, 100, 22782, 24576, 343.18, 69
2026/09/20 16:44:39.911, 100, 22782, 24576, 343.88, 69
2026/09/20 16:44:40.911, 99, 22782, 24576, 343.04, 69
2026/09/20 16:44:41.912, 100, 22782, 24576, 343.69, 69
2026/09/20 16:44:42.912, 100, 22782, 24576, 344.45, 69
2026/09/20 16:44:43.913, 100, 22782, 24576, 344.06, 69
2026/09/20 16:44:44.913, 100, 22782, 24576, 344.95, 69
2026/09/20 16:44:45.914, 100, 22782, 24576, 343.38, 69
2026/09/20 16:44:46.914, 100, 22782, 24576, 344.28, 69
2026/09/20 16:44:47.915, 100, 22782, 24576, 343.83, 69
2026/09/20 16:44:48.915, 100, 22782, 24576, 344.47, 69
2026/09/20 16:44:49.916, 100, 22782, 24576, 344.40, 69
2026/09/20 16:44:50.916, 100, 22782, 24576, 343.14, 69
2026/09/20 16:44:51.916, 100, 22782, 24576, 343.28, 69
2026/09/20 16:44:52.917, 100, 22782, 24576, 342.49, 69
2026/09/20 16:44:53.918, 100, 22782, 24576, 342.71, 69
2026/09/20 16:44:54.918, 100, 22782, 24576, 342.46, 69
2026/09/20 16:44:55.918, 100, 22782, 24576, 344.04, 69
2026/09/20 16:44:56.919, 100, 22782, 24576, 344.70, 69
2026/09/20 16:44:57.919, 100, 22782, 24576, 342.63, 69
2026/09/20 16:44:58.920, 100, 22782, 24576, 341.16, 69
2026/09/20 16:44:59.920, 100, 22782, 24576, 340.06, 69
2026/09/20 16:45:00.921, 100, 22782, 24576, 342.55, 69
2026/09/20 16:45:01.921, 99, 22782, 24576, 341.93, 69
2026/09/20 16:45:02.922, 100, 22782, 24576, 341.52, 69
2026/09/20 16:45:03.922, 100, 22782, 24576, 340.66, 69
2026/09/20 16:45:04.923, 100, 22782, 24576, 337.37, 69
2026/09/20 16:45:05.925, 100, 23044, 24576, 335.03, 69
2026/09/20 16:45:06.925, 100, 22782, 24576, 340.72, 69
2026/09/20 16:45:08.014, 100, 22782, 24576, 338.32, 69
2026/09/20 16:45:09.015, 100, 22782, 24576, 336.67, 69
2026/09/20 16:45:10.018, 100, 22782, 24576, 337.59, 69
2026/09/20 16:45:11.018, 100, 22782, 24576, 337.06, 69
2026/09/20 16:45:12.018, 100, 22782, 24576, 335.99, 69
2026/09/20 16:45:13.019, 100, 22782, 24576, 335.42, 69
2026/09/20 16:45:14.019, 100, 22782, 24576, 339.17, 69
2026/09/20 16:45:15.020, 100, 22782, 24576, 337.26, 69
2026/09/20 16:45:16.020, 100, 22782, 24576, 338.40, 69
2026/09/20 16:45:17.021, 100, 22782, 24576, 335.94, 68
2026/09/20 16:45:18.022, 100, 22782, 24576, 338.87, 69
2026/09/20 16:45:19.022, 100, 22782, 24576, 334.57, 69
2026/09/20 16:45:20.023, 100, 22782, 24576, 336.67, 69
2026/09/20 16:45:21.023, 100, 22782, 24576, 336.64, 69
2026/09/20 16:45:22.024, 100, 22782, 24576, 335.83, 69
2026/09/20 16:45:23.024, 100, 22782, 24576, 336.93, 69
2026/09/20 16:45:24.025, 100, 22782, 24576, 337.27, 69
2026/09/20 16:45:25.025, 100, 22782, 24576, 333.68, 69
2026/09/20 16:45:26.026, 100, 22782, 24576, 335.23, 69
2026/09/20 16:45:27.026, 100, 22782, 24576, 334.93, 69
2026/09/20 16:45:28.027, 100, 22782, 24576, 335.19, 68
2026/09/20 16:45:29.027, 100, 22782, 24576, 327.36, 68
2026/09/20 16:45:30.028, 100, 22782, 24576, 338.78, 69
2026/09/20 16:45:31.028, 100, 22782, 24576, 343.60, 68
2026/09/20 16:45:32.029, 100, 22782, 24576, 336.09, 69
2026/09/20 16:45:33.029, 100, 22782, 24576, 335.30, 68
2026/09/20 16:45:34.030, 100, 22782, 24576, 336.68, 69
2026/09/20 16:45:35.030, 100, 22782, 24576, 334.51, 69
2026/09/20 16:45:36.030, 100, 22782, 24576, 335.01, 69
2026/09/20 16:45:37.031, 100, 22782, 24576, 342.84, 68
2026/09/20 16:45:38.031, 100, 22782, 24576, 343.31, 68
2026/09/20 16:45:39.032, 100, 22782, 24576, 343.79, 68
2026/09/20 16:45:40.032, 100, 22782, 24576, 344.07, 67
2026/09/20 16:45:41.033, 100, 22782, 24576, 344.33, 68
2026/09/20 16:45:42.033, 100, 22782, 24576, 344.40, 68
2026/09/20 16:45:43.034, 100, 22782, 24576, 343.94, 68
2026/09/20 16:45:44.034, 100, 22782, 24576, 344.08, 68
2026/09/20 16:45:45.035, 100, 22782, 24576, 344.66, 68
2026/09/20 16:45:46.035, 100, 22782, 24576, 344.38, 68
2026/09/20 16:45:47.036, 100, 22782, 24576, 344.53, 67
2026/09/20 16:45:48.036, 100, 22782, 24576, 344.21, 68
2026/09/20 16:45:49.037, 99, 22782, 24576, 342.73, 68
2026/09/20 16:45:50.037, 100, 22782, 24576, 343.20, 68
2026/09/20 16:45:51.038, 100, 22782, 24576, 343.64, 68
2026/09/20 16:45:52.038, 99, 22782, 24576, 342.77, 68
2026/09/20 16:45:53.039, 99, 22782, 24576, 343.49, 68
2026/09/20 16:45:54.039, 99, 22782, 24576, 343.06, 68
2026/09/20 16:45:55.039, 100, 22782, 24576, 343.17, 69
2026/09/20 16:45:56.040, 100, 22782, 24576, 343.69, 68
2026/09/20 16:45:57.041, 100, 22782, 24576, 344.01, 68
2026/09/20 16:45:58.041, 100, 22782, 24576, 343.88, 69
2026/09/20 16:45:59.042, 100, 22782, 24576, 344.05, 69
2026/09/20 16:46:00.042, 99, 22782, 24576, 343.83, 69
2026/09/20 16:46:01.043, 100, 22782, 24576, 343.75, 69
2026/09/20 16:46:02.043, 100, 22782, 24576, 342.21, 69
2026/09/20 16:46:03.044, 100, 22782, 24576, 343.19, 69
2026/09/20 16:46:04.044, 100, 22782, 24576, 343.92, 69
2026/09/20 16:46:05.045, 100, 22782, 24576, 341.05, 69
2026/09/20 16:46:06.047, 100, 22782, 24576, 342.49, 69
2026/09/20 16:46:07.047, 100, 22782, 24576, 343.89, 69
2026/09/20 16:46:08.048, 100, 22782, 24576, 343.24, 69
2026/09/20 16:46:09.048, 100, 22782, 24576, 342.68, 69
2026/09/20 16:46:10.049, 100, 22782, 24576, 342.80, 69
2026/09/20 16:46:11.049, 100, 22782, 24576, 342.27, 69
2026/09/20 16:46:12.049, 100, 22782, 24576, 341.13, 69
2026/09/20 16:46:13.050, 100, 22782, 24576, 343.91, 69
2026/09/20 16:46:14.051, 100, 22782, 24576, 342.77, 69
2026/09/20 16:46:15.051, 100, 22782, 24576, 342.28, 69
2026/09/20 16:46:16.052, 100, 22782, 24576, 340.38, 69
2026/09/20 16:46:17.052, 100, 22782, 24576, 341.95, 69
2026/09/20 16:46:18.053, 100, 22782, 24576, 339.54, 69
2026/09/20 16:46:19.053, 100, 22782, 24576, 338.46, 69
2026/09/20 16:46:20.054, 100, 22782, 24576, 340.06, 69
2026/09/20 16:46:21.054, 100, 22782, 24576, 338.05, 69
2026/09/20 16:46:22.055, 100, 22782, 24576, 337.37, 69
2026/09/20 16:46:23.055, 100, 22782, 24576, 335.42, 69
2026/09/20 16:46:24.056, 100, 22782, 24576, 336.59, 69
2026/09/20 16:46:25.056, 100, 22782, 24576, 337.59, 69
2026/09/20 16:46:26.058, 100, 22782, 24576, 336.00, 69
2026/09/20 16:46:27.058, 100, 22782, 24576, 337.70, 69
2026/09/20 16:46:28.059, 100, 22782, 24576, 338.62, 69
2026/09/20 16:46:29.059, 100, 22782, 24576, 338.99, 69
2026/09/20 16:46:30.059, 100, 22782, 24576, 336.05, 69
2026/09/20 16:46:31.060, 100, 22782, 24576, 337.90, 69
2026/09/20 16:46:32.060, 100, 22782, 24576, 338.48, 69
2026/09/20 16:46:33.061, 100, 22782, 24576, 337.62, 69
2026/09/20 16:46:34.061, 100, 22782, 24576, 336.47, 69
2026/09/20 16:46:35.062, 100, 22782, 24576, 337.21, 69
2026/09/20 16:46:36.062, 100, 22782, 24576, 336.32, 69
2026/09/20 16:46:37.063, 100, 22782, 24576, 335.65, 69
2026/09/20 16:46:38.063, 100, 22782, 24576, 337.08, 69
2026/09/20 16:46:39.064, 100, 22782, 24576, 337.34, 69
2026/09/20 16:46:40.064, 99, 22782, 24576, 336.93, 69
2026/09/20 16:46:41.065, 100, 22782, 24576, 332.67, 69
2026/09/20 16:46:42.065, 100, 22782, 24576, 335.21, 68
2026/09/20 16:46:43.066, 100, 22782, 24576, 336.14, 69
2026/09/20 16:46:44.066, 100, 22782, 24576, 342.20, 69
2026/09/20 16:46:45.067, 100, 22782, 24576, 335.85, 69
2026/09/20 16:46:46.067, 100, 22782, 24576, 336.37, 69
2026/09/20 16:46:47.068, 100, 22782, 24576, 335.86, 69
2026/09/20 16:46:48.068, 100, 22782, 24576, 335.28, 69
2026/09/20 16:46:49.069, 100, 22782, 24576, 336.20, 69
2026/09/20 16:46:50.069, 99, 22782, 24576, 341.08, 69
2026/09/20 16:46:51.069, 99, 22782, 24576, 343.67, 69
2026/09/20 16:46:52.070, 99, 22782, 24576, 343.26, 69
2026/09/20 16:46:53.070, 100, 22782, 24576, 343.13, 69
2026/09/20 16:46:54.071, 100, 22782, 24576, 343.19, 69
2026/09/20 16:46:55.071, 100, 22782, 24576, 343.74, 69
2026/09/20 16:46:56.072, 100, 22782, 24576, 343.33, 69
2026/09/20 16:46:57.072, 100, 22782, 24576, 343.79, 69
2026/09/20 16:46:58.073, 100, 22782, 24576, 343.91, 69
2026/09/20 16:46:59.073, 100, 22782, 24576, 343.46, 69
2026/09/20 16:47:00.074, 100, 22782, 24576, 343.97, 69
2026/09/20 16:47:01.074, 100, 22782, 24576, 343.57, 69
2026/09/20 16:47:02.075, 100, 22782, 24576, 344.92, 69
2026/09/20 16:47:03.075, 100, 22782, 24576, 343.78, 69
2026/09/20 16:47:04.076, 100, 22782, 24576, 344.21, 69
2026/09/20 16:47:05.076, 99, 22782, 24576, 343.87, 69
2026/09/20 16:47:06.076, 99, 22782, 24576, 344.87, 69
2026/09/20 16:47:07.077, 100, 22782, 24576, 342.50, 69
2026/09/20 16:47:08.077, 100, 22782, 24576, 344.55, 69
2026/09/20 16:47:09.078, 100, 22782, 24576, 342.64, 69
2026/09/20 16:47:10.078, 100, 22782, 24576, 344.36, 69
2026/09/20 16:47:11.078, 100, 22782, 24576, 343.10, 69
2026/09/20 16:47:12.079, 100, 22782, 24576, 342.52, 69
2026/09/20 16:47:13.080, 99, 22782, 24576, 344.17, 69
2026/09/20 16:47:14.081, 99, 22782, 24576, 341.90, 69
2026/09/20 16:47:15.081, 100, 22782, 24576, 342.21, 69
2026/09/20 16:47:16.082, 100, 22782, 24576, 341.53, 69
2026/09/20 16:47:17.082, 100, 22782, 24576, 341.22, 69
2026/09/20 16:47:18.083, 100, 22782, 24576, 342.25, 69
2026/09/20 16:47:19.083, 100, 22782, 24576, 341.80, 69
2026/09/20 16:47:20.084, 99, 22782, 24576, 340.65, 69
2026/09/20 16:47:21.085, 100, 22782, 24576, 342.54, 69
2026/09/20 16:47:22.085, 100, 22782, 24576, 336.73, 69
2026/09/20 16:47:23.085, 100, 22782, 24576, 339.08, 69
2026/09/20 16:47:24.086, 100, 22782, 24576, 338.73, 69
2026/09/20 16:47:25.088, 100, 22782, 24576, 338.13, 69
2026/09/20 16:47:26.088, 100, 22782, 24576, 338.40, 69
2026/09/20 16:47:27.088, 100, 22782, 24576, 336.74, 69
2026/09/20 16:47:28.089, 99, 22782, 24576, 338.48, 69
2026/09/20 16:47:29.089, 100, 22782, 24576, 340.01, 69
2026/09/20 16:47:30.090, 100, 22782, 24576, 337.33, 69
2026/09/20 16:47:31.090, 100, 22782, 24576, 337.72, 69
2026/09/20 16:47:32.091, 100, 22782, 24576, 337.91, 69
2026/09/20 16:47:33.091, 100, 22782, 24576, 337.95, 69
2026/09/20 16:47:34.091, 100, 22782, 24576, 336.46, 69
2026/09/20 16:47:35.092, 100, 22782, 24576, 336.49, 69
2026/09/20 16:47:36.092, 100, 22782, 24576, 338.97, 69
2026/09/20 16:47:37.093, 99, 22782, 24576, 339.83, 69
2026/09/20 16:47:38.093, 100, 22782, 24576, 338.24, 69
2026/09/20 16:47:39.094, 100, 22782, 24576, 337.20, 68
2026/09/20 16:47:40.094, 100, 22782, 24576, 336.94, 69
2026/09/20 16:47:41.095, 100, 22782, 24576, 337.34, 69
2026/09/20 16:47:42.095, 100, 22782, 24576, 333.51, 69
2026/09/20 16:47:43.095, 100, 22782, 24576, 330.74, 68
2026/09/20 16:47:44.096, 100, 22782, 24576, 342.36, 69
2026/09/20 16:47:45.096, 100, 22782, 24576, 342.90, 69
2026/09/20 16:47:46.097, 100, 22782, 24576, 335.37, 69
2026/09/20 16:47:47.098, 100, 22782, 24576, 336.37, 69
2026/09/20 16:47:48.098, 100, 22782, 24576, 334.91, 68
2026/09/20 16:47:49.098, 100, 22782, 24576, 336.40, 69
2026/09/20 16:47:50.099, 100, 22782, 24576, 335.79, 69
2026/09/20 16:47:51.100, 100, 22782, 24576, 341.09, 69
2026/09/20 16:47:52.100, 100, 22782, 24576, 342.96, 68
2026/09/20 16:47:53.100, 100, 22782, 24576, 343.37, 69
2026/09/20 16:47:54.101, 100, 22782, 24576, 344.06, 69
2026/09/20 16:47:55.102, 99, 22782, 24576, 343.64, 68
2026/09/20 16:47:56.102, 99, 22782, 24576, 343.21, 69
2026/09/20 16:47:57.103, 100, 22782, 24576, 343.51, 69
2026/09/20 16:47:58.103, 100, 22782, 24576, 343.96, 69
2026/09/20 16:47:59.104, 100, 22782, 24576, 344.01, 69
2026/09/20 16:48:00.104, 100, 22782, 24576, 343.77, 69
2026/09/20 16:48:01.104, 98, 22782, 24576, 343.71, 68
2026/09/20 16:48:02.105, 100, 22782, 24576, 343.33, 68
2026/09/20 16:48:03.106, 100, 22782, 24576, 343.84, 69
2026/09/20 16:48:04.106, 99, 22782, 24576, 343.99, 68
2026/09/20 16:48:05.107, 100, 22782, 24576, 343.60, 68
2026/09/20 16:48:06.107, 100, 22782, 24576, 342.26, 68
2026/09/20 16:48:07.107, 100, 22782, 24576, 345.11, 69
2026/09/20 16:48:08.108, 100, 22782, 24576, 343.70, 69
2026/09/20 16:48:09.108, 100, 22782, 24576, 344.15, 68
2026/09/20 16:48:10.109, 100, 22782, 24576, 343.67, 69
2026/09/20 16:48:11.109, 100, 22782, 24576, 343.31, 69
2026/09/20 16:48:12.110, 100, 22782, 24576, 342.66, 68
2026/09/20 16:48:13.110, 100, 22782, 24576, 341.63, 69
2026/09/20 16:48:14.111, 100, 22782, 24576, 342.80, 68
2026/09/20 16:48:15.111, 100, 22782, 24576, 342.85, 69
2026/09/20 16:48:16.112, 100, 22782, 24576, 340.32, 69
2026/09/20 16:48:17.112, 100, 22782, 24576, 343.01, 68
2026/09/20 16:48:18.113, 100, 22782, 24576, 340.88, 69
2026/09/20 16:48:19.113, 100, 22782, 24576, 340.83, 68
2026/09/20 16:48:20.114, 100, 22782, 24576, 339.55, 68
2026/09/20 16:48:21.114, 100, 22782, 24576, 338.81, 68
2026/09/20 16:48:22.114, 100, 22782, 24576, 341.10, 68
2026/09/20 16:48:23.115, 99, 22782, 24576, 338.52, 68
2026/09/20 16:48:24.115, 100, 22782, 24576, 341.21, 68
2026/09/20 16:48:25.116, 100, 22782, 24576, 338.69, 68
2026/09/20 16:48:26.117, 100, 22782, 24576, 337.74, 68
2026/09/20 16:48:27.118, 99, 22782, 24576, 336.16, 68
2026/09/20 16:48:28.119, 100, 22782, 24576, 337.53, 68
2026/09/20 16:48:29.119, 100, 22782, 24576, 340.29, 68
2026/09/20 16:48:30.120, 100, 22782, 24576, 339.06, 68
2026/09/20 16:48:31.120, 100, 22782, 24576, 337.54, 68
2026/09/20 16:48:32.121, 100, 22782, 24576, 339.31, 68
2026/09/20 16:48:33.121, 100, 22782, 24576, 336.04, 68
2026/09/20 16:48:34.122, 100, 22782, 24576, 336.60, 68
2026/09/20 16:48:35.122, 100, 22782, 24576, 337.95, 68
2026/09/20 16:48:36.123, 100, 22782, 24576, 336.85, 68
2026/09/20 16:48:37.123, 100, 22782, 24576, 336.37, 68
2026/09/20 16:48:38.124, 100, 22782, 24576, 335.62, 68
2026/09/20 16:48:39.124, 100, 22782, 24576, 336.21, 68
2026/09/20 16:48:40.125, 100, 22782, 24576, 337.36, 68
2026/09/20 16:48:41.125, 100, 22782, 24576, 334.99, 68
2026/09/20 16:48:42.126, 99, 22782, 24576, 333.11, 68
2026/09/20 16:48:43.127, 100, 22782, 24576, 333.28, 68
2026/09/20 16:48:44.127, 100, 22782, 24576, 335.91, 68
2026/09/20 16:48:45.128, 100, 22782, 24576, 329.40, 68
2026/09/20 16:48:46.129, 100, 22782, 24576, 343.93, 68
2026/09/20 16:48:47.130, 99, 22782, 24576, 338.37, 68
2026/09/20 16:48:48.131, 100, 22782, 24576, 334.84, 68
2026/09/20 16:48:49.132, 100, 22782, 24576, 337.66, 68
2026/09/20 16:48:50.133, 100, 22782, 24576, 336.30, 68
2026/09/20 16:48:51.133, 100, 22782, 24576, 336.02, 68
2026/09/20 16:48:52.134, 100, 22782, 24576, 340.54, 68
2026/09/20 16:48:53.134, 100, 22782, 24576, 344.05, 67
2026/09/20 16:48:54.135, 100, 22782, 24576, 344.18, 67
2026/09/20 16:48:55.135, 100, 22782, 24576, 344.67, 67
2026/09/20 16:48:56.136, 100, 22782, 24576, 344.51, 67
2026/09/20 16:48:57.136, 100, 22782, 24576, 344.52, 66
2026/09/20 16:48:58.136, 100, 22782, 24576, 343.95, 66
2026/09/20 16:48:59.137, 100, 22782, 24576, 343.83, 66
2026/09/20 16:49:00.137, 100, 22782, 24576, 343.75, 66
2026/09/20 16:49:01.137, 100, 22782, 24576, 343.57, 66
2026/09/20 16:49:02.138, 100, 22782, 24576, 344.11, 66
2026/09/20 16:49:03.138, 100, 22782, 24576, 343.48, 66
2026/09/20 16:49:04.139, 100, 22782, 24576, 343.63, 66
2026/09/20 16:49:05.139, 100, 22782, 24576, 342.80, 67
2026/09/20 16:49:06.139, 100, 22782, 24576, 343.17, 67
2026/09/20 16:49:07.140, 100, 22782, 24576, 342.52, 67
2026/09/20 16:49:08.140, 100, 22782, 24576, 344.03, 67
2026/09/20 16:49:09.141, 99, 22782, 24576, 343.71, 67
2026/09/20 16:49:10.141, 100, 22782, 24576, 343.29, 67
2026/09/20 16:49:11.142, 100, 22782, 24576, 344.18, 68
2026/09/20 16:49:12.142, 100, 22782, 24576, 344.03, 68
2026/09/20 16:49:13.143, 100, 22782, 24576, 344.45, 67
2026/09/20 16:49:14.143, 100, 22782, 24576, 344.03, 68
2026/09/20 16:49:15.143, 100, 22782, 24576, 343.46, 68
2026/09/20 16:49:16.144, 100, 22782, 24576, 344.27, 67
2026/09/20 16:49:17.144, 100, 22782, 24576, 344.61, 67
2026/09/20 16:49:18.145, 100, 22782, 24576, 344.37, 68
2026/09/20 16:49:19.145, 100, 22782, 24576, 344.11, 68
2026/09/20 16:49:20.146, 100, 22782, 24576, 344.82, 68
2026/09/20 16:49:21.146, 100, 22782, 24576, 343.41, 68
2026/09/20 16:49:22.147, 100, 22782, 24576, 344.23, 68
2026/09/20 16:49:23.147, 100, 22782, 24576, 343.90, 68
2026/09/20 16:49:24.147, 100, 22782, 24576, 343.32, 68
2026/09/20 16:49:25.148, 100, 22782, 24576, 342.68, 68
2026/09/20 16:49:26.148, 100, 22782, 24576, 343.25, 67
2026/09/20 16:49:27.149, 100, 22782, 24576, 341.96, 68
2026/09/20 16:49:28.149, 100, 22782, 24576, 342.38, 68
2026/09/20 16:49:29.150, 100, 22782, 24576, 341.21, 68
2026/09/20 16:49:30.150, 100, 22782, 24576, 342.93, 68
2026/09/20 16:49:31.150, 100, 22782, 24576, 343.36, 68
2026/09/20 16:49:32.151, 100, 22782, 24576, 340.81, 68
2026/09/20 16:49:33.151, 100, 22782, 24576, 338.99, 68
2026/09/20 16:49:34.152, 100, 22782, 24576, 339.66, 68
2026/09/20 16:49:35.152, 100, 22782, 24576, 339.32, 68
2026/09/20 16:49:36.153, 100, 22782, 24576, 339.26, 67
2026/09/20 16:49:37.153, 100, 22782, 24576, 339.88, 67
2026/09/20 16:49:38.154, 100, 22782, 24576, 337.42, 68
2026/09/20 16:49:39.154, 100, 22782, 24576, 336.35, 67
2026/09/20 16:49:40.154, 100, 22782, 24576, 337.46, 68
2026/09/20 16:49:41.155, 100, 22782, 24576, 337.83, 68
2026/09/20 16:49:42.155, 100, 22782, 24576, 336.79, 67
2026/09/20 16:49:43.156, 100, 22782, 24576, 339.99, 68
2026/09/20 16:49:44.156, 100, 22782, 24576, 337.30, 67
2026/09/20 16:49:45.157, 100, 22782, 24576, 338.03, 68
2026/09/20 16:49:46.157, 100, 22782, 24576, 337.69, 67
2026/09/20 16:49:47.158, 100, 22782, 24576, 337.04, 67
2026/09/20 16:49:48.158, 100, 22782, 24576, 336.98, 67
2026/09/20 16:49:49.159, 100, 22782, 24576, 338.51, 67
2026/09/20 16:49:50.159, 100, 22782, 24576, 336.63, 68
2026/09/20 16:49:51.160, 100, 22782, 24576, 336.55, 68
2026/09/20 16:49:52.160, 100, 22782, 24576, 337.07, 67
2026/09/20 16:49:53.161, 100, 22782, 24576, 334.45, 67
2026/09/20 16:49:54.161, 100, 22782, 24576, 335.38, 67
2026/09/20 16:49:55.161, 100, 22782, 24576, 333.72, 67
2026/09/20 16:49:56.162, 99, 22782, 24576, 335.90, 67
2026/09/20 16:49:57.162, 100, 22782, 24576, 332.57, 67
2026/09/20 16:49:58.163, 100, 22782, 24576, 340.69, 67
2026/09/20 16:49:59.163, 100, 22782, 24576, 336.98, 67
2026/09/20 16:50:00.164, 100, 22782, 24576, 339.98, 67
2026/09/20 16:50:01.165, 99, 22782, 24576, 334.10, 67
2026/09/20 16:50:02.165, 100, 22782, 24576, 335.54, 67
2026/09/20 16:50:03.186, 100, 22782, 24576, 335.28, 67
2026/09/20 16:50:04.187, 100, 22782, 24576, 336.01, 67
2026/09/20 16:50:05.187, 100, 22782, 24576, 337.77, 67
2026/09/20 16:50:06.187, 99, 22797, 24576, 342.65, 67
2026/09/20 16:50:07.188, 100, 23044, 24576, 342.69, 67
2026/09/20 16:50:08.189, 100, 22782, 24576, 342.74, 67
2026/09/20 16:50:09.189, 100, 22782, 24576, 342.81, 67
2026/09/20 16:50:10.190, 99, 22782, 24576, 343.19, 67
2026/09/20 16:50:11.191, 99, 22782, 24576, 343.66, 67
2026/09/20 16:50:12.191, 100, 22782, 24576, 344.23, 67
2026/09/20 16:50:13.192, 100, 22782, 24576, 343.62, 67
2026/09/20 16:50:14.192, 99, 22782, 24576, 343.98, 67
2026/09/20 16:50:15.193, 100, 22782, 24576, 343.82, 67
2026/09/20 16:50:16.193, 100, 22782, 24576, 344.27, 67
2026/09/20 16:50:17.193, 100, 22782, 24576, 343.30, 67
2026/09/20 16:50:18.194, 100, 22782, 24576, 343.13, 67
2026/09/20 16:50:19.194, 100, 22782, 24576, 343.98, 67
2026/09/20 16:50:20.195, 100, 22782, 24576, 344.39, 67
2026/09/20 16:50:21.196, 100, 22782, 24576, 343.70, 67
2026/09/20 16:50:22.196, 100, 22782, 24576, 344.17, 67
2026/09/20 16:50:23.197, 100, 22782, 24576, 345.28, 67
2026/09/20 16:50:24.197, 100, 22782, 24576, 344.88, 67
2026/09/20 16:50:25.198, 100, 22782, 24576, 343.17, 67
2026/09/20 16:50:26.198, 100, 22782, 24576, 343.45, 67
2026/09/20 16:50:27.198, 100, 22782, 24576, 343.34, 67
2026/09/20 16:50:28.199, 100, 22782, 24576, 342.24, 67
2026/09/20 16:50:29.199, 100, 22782, 24576, 341.21, 67
2026/09/20 16:50:30.200, 99, 22782, 24576, 342.35, 67
2026/09/20 16:50:31.200, 100, 22782, 24576, 343.10, 67
2026/09/20 16:50:32.201, 100, 22782, 24576, 340.58, 67
2026/09/20 16:50:33.201, 100, 22782, 24576, 341.48, 67
2026/09/20 16:50:34.202, 100, 22782, 24576, 340.21, 67
2026/09/20 16:50:35.202, 100, 22782, 24576, 335.77, 67
2026/09/20 16:50:36.203, 99, 22782, 24576, 342.10, 67
2026/09/20 16:50:37.203, 100, 22782, 24576, 341.45, 67
2026/09/20 16:50:38.203, 100, 22782, 24576, 338.47, 67
2026/09/20 16:50:39.204, 100, 22782, 24576, 338.14, 67
2026/09/20 16:50:40.205, 100, 22782, 24576, 337.97, 67
2026/09/20 16:50:41.205, 100, 22782, 24576, 338.04, 67
2026/09/20 16:50:42.205, 100, 22782, 24576, 336.50, 67
2026/09/20 16:50:43.206, 100, 22782, 24576, 338.01, 67
2026/09/20 16:50:44.206, 99, 22782, 24576, 336.96, 67
2026/09/20 16:50:45.207, 100, 22782, 24576, 336.18, 67
2026/09/20 16:50:46.207, 100, 22782, 24576, 338.68, 67
2026/09/20 16:50:47.208, 100, 22782, 24576, 338.19, 67
2026/09/20 16:50:48.208, 100, 22782, 24576, 337.17, 67
2026/09/20 16:50:49.209, 100, 22782, 24576, 339.80, 67
2026/09/20 16:50:50.209, 100, 22782, 24576, 338.52, 67
2026/09/20 16:50:51.209, 100, 22782, 24576, 336.19, 67
2026/09/20 16:50:52.210, 100, 22782, 24576, 336.64, 67
2026/09/20 16:50:53.210, 100, 22782, 24576, 336.87, 67
2026/09/20 16:50:54.211, 100, 22782, 24576, 334.97, 67
2026/09/20 16:50:55.211, 100, 22782, 24576, 333.72, 67
2026/09/20 16:50:56.212, 100, 22782, 24576, 334.59, 67
2026/09/20 16:50:57.212, 100, 22782, 24576, 334.32, 67
2026/09/20 16:50:58.213, 100, 22782, 24576, 333.10, 67
2026/09/20 16:50:59.213, 100, 22782, 24576, 335.94, 67
2026/09/20 16:51:00.216, 100, 22782, 24576, 341.01, 67
2026/09/20 16:51:01.217, 100, 22782, 24576, 340.38, 67
2026/09/20 16:51:02.217, 100, 22782, 24576, 337.46, 67
2026/09/20 16:51:03.218, 100, 22782, 24576, 338.85, 67
2026/09/20 16:51:04.218, 100, 22782, 24576, 334.89, 67
2026/09/20 16:51:05.219, 100, 22782, 24576, 335.78, 67
2026/09/20 16:51:06.219, 100, 22782, 24576, 338.39, 67
2026/09/20 16:51:07.219, 100, 22782, 24576, 344.73, 67
2026/09/20 16:51:08.220, 99, 22782, 24576, 342.82, 66
2026/09/20 16:51:09.220, 100, 22782, 24576, 342.72, 67
2026/09/20 16:51:10.221, 99, 22782, 24576, 343.75, 67
2026/09/20 16:51:11.221, 100, 22782, 24576, 343.21, 67
2026/09/20 16:51:12.222, 100, 22782, 24576, 343.83, 67
2026/09/20 16:51:13.222, 99, 22782, 24576, 344.34, 67
2026/09/20 16:51:14.222, 100, 22782, 24576, 344.31, 67
2026/09/20 16:51:15.223, 100, 22782, 24576, 344.02, 67
2026/09/20 16:51:16.223, 100, 22782, 24576, 344.27, 67
2026/09/20 16:51:17.224, 100, 22782, 24576, 344.00, 67
2026/09/20 16:51:18.224, 100, 22782, 24576, 344.24, 67
2026/09/20 16:51:19.225, 100, 22782, 24576, 345.27, 67
2026/09/20 16:51:20.225, 100, 22782, 24576, 344.42, 67
2026/09/20 16:51:21.226, 100, 22782, 24576, 343.91, 67
2026/09/20 16:51:22.226, 100, 22782, 24576, 343.98, 67
2026/09/20 16:51:23.227, 100, 22782, 24576, 342.65, 67
2026/09/20 16:51:24.227, 100, 22782, 24576, 343.61, 67
2026/09/20 16:51:25.228, 100, 22782, 24576, 344.47, 67
2026/09/20 16:51:26.228, 100, 22782, 24576, 343.22, 67
2026/09/20 16:51:27.228, 100, 22782, 24576, 342.54, 67
2026/09/20 16:51:28.229, 100, 22782, 24576, 343.42, 67
2026/09/20 16:51:29.229, 100, 22782, 24576, 343.40, 67
2026/09/20 16:51:30.230, 100, 22782, 24576, 343.15, 67
2026/09/20 16:51:31.231, 100, 22782, 24576, 343.29, 67
2026/09/20 16:51:32.231, 100, 22782, 24576, 339.68, 67
2026/09/20 16:51:33.232, 100, 22782, 24576, 341.13, 67
2026/09/20 16:51:34.232, 100, 22782, 24576, 339.63, 67
2026/09/20 16:51:35.232, 100, 22782, 24576, 339.20, 67
2026/09/20 16:51:36.233, 100, 22782, 24576, 342.54, 67
2026/09/20 16:51:37.234, 100, 22782, 24576, 335.06, 67
2026/09/20 16:51:38.234, 100, 22782, 24576, 341.03, 67
2026/09/20 16:51:39.235, 100, 22782, 24576, 338.89, 67
2026/09/20 16:51:40.235, 99, 22782, 24576, 337.42, 67
2026/09/20 16:51:41.236, 100, 22782, 24576, 337.61, 67
2026/09/20 16:51:42.236, 100, 22782, 24576, 336.82, 67
2026/09/20 16:51:43.237, 100, 22782, 24576, 337.54, 67
2026/09/20 16:51:44.237, 100, 22782, 24576, 336.49, 67
2026/09/20 16:51:45.238, 100, 22782, 24576, 336.58, 67
2026/09/20 16:51:46.238, 100, 22782, 24576, 337.96, 67
2026/09/20 16:51:47.239, 100, 22782, 24576, 339.19, 67
2026/09/20 16:51:48.239, 100, 22782, 24576, 336.01, 67
2026/09/20 16:51:49.240, 100, 22782, 24576, 337.37, 67
2026/09/20 16:51:50.241, 100, 22782, 24576, 337.40, 67
2026/09/20 16:51:51.241, 100, 22782, 24576, 336.27, 67
2026/09/20 16:51:52.242, 100, 22782, 24576, 337.39, 67
2026/09/20 16:51:53.242, 100, 22782, 24576, 336.73, 67
2026/09/20 16:51:54.243, 100, 22782, 24576, 336.19, 67
2026/09/20 16:51:55.243, 100, 22782, 24576, 335.46, 67
2026/09/20 16:51:56.243, 100, 22782, 24576, 334.86, 67
2026/09/20 16:51:57.244, 100, 22782, 24576, 334.71, 67
2026/09/20 16:51:58.245, 100, 22782, 24576, 335.06, 67
2026/09/20 16:51:59.245, 100, 22782, 24576, 334.26, 67
2026/09/20 16:52:00.246, 100, 22782, 24576, 331.63, 67
2026/09/20 16:52:01.247, 99, 22782, 24576, 330.76, 67
2026/09/20 16:52:02.247, 100, 22782, 24576, 341.14, 67
2026/09/20 16:52:03.248, 100, 22782, 24576, 337.19, 67
2026/09/20 16:52:04.248, 100, 22782, 24576, 337.51, 67
2026/09/20 16:52:05.248, 100, 22782, 24576, 336.65, 67
2026/09/20 16:52:06.249, 100, 22782, 24576, 335.68, 67
2026/09/20 16:52:07.249, 100, 22782, 24576, 336.88, 67
2026/09/20 16:52:08.250, 100, 22782, 24576, 343.86, 67
2026/09/20 16:52:09.250, 100, 22782, 24576, 343.20, 67
2026/09/20 16:52:10.251, 100, 22782, 24576, 343.73, 66
2026/09/20 16:52:11.251, 100, 22782, 24576, 343.71, 66
2026/09/20 16:52:12.251, 100, 22782, 24576, 344.36, 66
2026/09/20 16:52:13.252, 100, 22782, 24576, 344.44, 66
2026/09/20 16:52:14.252, 100, 22782, 24576, 344.25, 66
2026/09/20 16:52:15.253, 100, 22782, 24576, 343.96, 66
2026/09/20 16:52:16.253, 100, 22782, 24576, 343.98, 66
2026/09/20 16:52:17.254, 100, 22782, 24576, 343.50, 66
2026/09/20 16:52:18.254, 100, 22782, 24576, 343.43, 66
2026/09/20 16:52:19.254, 100, 22782, 24576, 343.70, 66
2026/09/20 16:52:20.255, 100, 22782, 24576, 341.84, 66
2026/09/20 16:52:21.255, 99, 22782, 24576, 341.31, 66
2026/09/20 16:52:22.255, 100, 22782, 24576, 342.11, 67
2026/09/20 16:52:23.256, 100, 22782, 24576, 343.17, 67
2026/09/20 16:52:24.256, 100, 22782, 24576, 342.84, 67
2026/09/20 16:52:25.257, 100, 22782, 24576, 342.78, 67
2026/09/20 16:52:26.257, 100, 22782, 24576, 343.11, 67
2026/09/20 16:52:27.258, 100, 22782, 24576, 343.48, 67
2026/09/20 16:52:28.258, 100, 22782, 24576, 343.99, 67
2026/09/20 16:52:29.258, 100, 22782, 24576, 343.53, 68
2026/09/20 16:52:30.259, 100, 22782, 24576, 344.88, 67
2026/09/20 16:52:31.259, 99, 22782, 24576, 343.98, 67
2026/09/20 16:52:32.260, 100, 22782, 24576, 344.53, 68
2026/09/20 16:52:33.260, 100, 22782, 24576, 342.30, 67
2026/09/20 16:52:34.261, 100, 22782, 24576, 343.53, 67
2026/09/20 16:52:35.261, 100, 22782, 24576, 344.67, 68
2026/09/20 16:52:36.262, 99, 22782, 24576, 344.91, 67
2026/09/20 16:52:37.262, 100, 22782, 24576, 344.37, 68
2026/09/20 16:52:38.264, 100, 22782, 24576, 344.26, 68
2026/09/20 16:52:39.264, 100, 22782, 24576, 342.74, 68
2026/09/20 16:52:40.264, 100, 22782, 24576, 340.08, 68
2026/09/20 16:52:41.265, 100, 22782, 24576, 344.38, 68
2026/09/20 16:52:42.265, 100, 22782, 24576, 344.70, 68
2026/09/20 16:52:43.266, 99, 22782, 24576, 341.56, 68
2026/09/20 16:52:44.266, 100, 22782, 24576, 343.06, 68
2026/09/20 16:52:45.267, 100, 22782, 24576, 344.75, 68
2026/09/20 16:52:46.267, 100, 22782, 24576, 340.57, 68
2026/09/20 16:52:47.268, 100, 22782, 24576, 340.57, 68
2026/09/20 16:52:48.268, 100, 22782, 24576, 340.96, 68
2026/09/20 16:52:49.269, 100, 22782, 24576, 339.85, 68
2026/09/20 16:52:50.269, 99, 22782, 24576, 338.37, 68
2026/09/20 16:52:51.269, 100, 22782, 24576, 339.68, 68
2026/09/20 16:52:52.270, 100, 22782, 24576, 338.67, 68
2026/09/20 16:52:53.270, 100, 22782, 24576, 338.80, 68
2026/09/20 16:52:54.271, 100, 22782, 24576, 338.49, 68
2026/09/20 16:52:55.271, 100, 22782, 24576, 336.15, 68
2026/09/20 16:52:56.272, 100, 22782, 24576, 337.16, 68
2026/09/20 16:52:57.272, 100, 22782, 24576, 336.67, 68
2026/09/20 16:52:58.273, 99, 22782, 24576, 338.96, 68
2026/09/20 16:52:59.273, 100, 22782, 24576, 336.87, 68
2026/09/20 16:53:00.273, 100, 22782, 24576, 336.36, 68
2026/09/20 16:53:01.274, 100, 22782, 24576, 338.40, 68
2026/09/20 16:53:02.274, 100, 22782, 24576, 336.99, 68
2026/09/20 16:53:03.275, 100, 22782, 24576, 337.58, 68
2026/09/20 16:53:04.275, 100, 22782, 24576, 337.66, 68
2026/09/20 16:53:05.275, 100, 22782, 24576, 337.14, 68
2026/09/20 16:53:06.276, 100, 22782, 24576, 334.60, 68
2026/09/20 16:53:07.276, 100, 22782, 24576, 336.77, 68
2026/09/20 16:53:08.277, 100, 22782, 24576, 335.32, 68
2026/09/20 16:53:09.278, 100, 22782, 24576, 336.00, 68
2026/09/20 16:53:10.278, 99, 22782, 24576, 335.83, 68
2026/09/20 16:53:11.278, 100, 22782, 24576, 335.02, 68
2026/09/20 16:53:12.279, 100, 22782, 24576, 335.08, 68
2026/09/20 16:53:13.279, 100, 22782, 24576, 334.35, 68
2026/09/20 16:53:14.280, 100, 22782, 24576, 335.74, 68
2026/09/20 16:53:15.280, 99, 22782, 24576, 340.37, 68
2026/09/20 16:53:16.281, 100, 22782, 24576, 334.32, 68
2026/09/20 16:53:17.281, 100, 22782, 24576, 338.81, 68
2026/09/20 16:53:18.281, 100, 22782, 24576, 334.36, 68
2026/09/20 16:53:19.282, 100, 22782, 24576, 335.69, 68
2026/09/20 16:53:20.282, 100, 22782, 24576, 336.37, 68
2026/09/20 16:53:21.283, 100, 22782, 24576, 338.28, 68
2026/09/20 16:53:22.283, 100, 22782, 24576, 342.80, 68
2026/09/20 16:53:23.283, 100, 22782, 24576, 343.24, 68
2026/09/20 16:53:24.284, 99, 22782, 24576, 343.73, 68
2026/09/20 16:53:25.284, 100, 22782, 24576, 343.81, 68
2026/09/20 16:53:26.285, 100, 22782, 24576, 342.73, 68
2026/09/20 16:53:27.286, 100, 22782, 24576, 342.97, 68
2026/09/20 16:53:28.286, 100, 22782, 24576, 343.96, 68
2026/09/20 16:53:29.286, 99, 22782, 24576, 344.23, 68
2026/09/20 16:53:30.287, 100, 22782, 24576, 343.87, 68
2026/09/20 16:53:31.287, 99, 22782, 24576, 344.32, 68
2026/09/20 16:53:32.288, 100, 22782, 24576, 344.72, 68
2026/09/20 16:53:33.288, 100, 22782, 24576, 343.38, 68
2026/09/20 16:53:34.288, 100, 22782, 24576, 343.90, 68
2026/09/20 16:53:35.289, 100, 22782, 24576, 344.32, 68
2026/09/20 16:53:36.289, 100, 22782, 24576, 344.04, 68
2026/09/20 16:53:37.290, 100, 22782, 24576, 343.10, 68
2026/09/20 16:53:38.290, 100, 22782, 24576, 342.90, 68
2026/09/20 16:53:39.291, 100, 22782, 24576, 342.75, 68
2026/09/20 16:53:40.291, 100, 22782, 24576, 343.27, 68
2026/09/20 16:53:41.292, 100, 22782, 24576, 342.75, 68
2026/09/20 16:53:42.292, 100, 22782, 24576, 345.38, 68
2026/09/20 16:53:43.292, 100, 22782, 24576, 341.80, 68
2026/09/20 16:53:44.293, 100, 22782, 24576, 344.38, 68
2026/09/20 16:53:45.293, 100, 22782, 24576, 342.42, 68
2026/09/20 16:53:46.294, 100, 22782, 24576, 342.98, 68
2026/09/20 16:53:47.294, 100, 22782, 24576, 342.67, 68
2026/09/20 16:53:48.294, 99, 22782, 24576, 341.95, 68
2026/09/20 16:53:49.295, 100, 22782, 24576, 342.32, 68
2026/09/20 16:53:50.296, 100, 22782, 24576, 340.47, 68
2026/09/20 16:53:51.296, 100, 22782, 24576, 338.70, 68
2026/09/20 16:53:52.297, 100, 22782, 24576, 341.77, 69
2026/09/20 16:53:53.297, 99, 22782, 24576, 339.42, 68
2026/09/20 16:53:54.298, 100, 22782, 24576, 338.38, 68
2026/09/20 16:53:55.298, 100, 22782, 24576, 336.94, 68
2026/09/20 16:53:56.298, 100, 22782, 24576, 336.70, 68
2026/09/20 16:53:57.299, 100, 22782, 24576, 337.49, 68
2026/09/20 16:53:58.299, 100, 22782, 24576, 336.69, 68
2026/09/20 16:53:59.300, 100, 22782, 24576, 339.22, 68
2026/09/20 16:54:00.300, 100, 22782, 24576, 337.98, 68
2026/09/20 16:54:01.301, 100, 22782, 24576, 336.06, 68
2026/09/20 16:54:02.301, 100, 22782, 24576, 338.20, 68
2026/09/20 16:54:03.302, 100, 22782, 24576, 336.35, 68
2026/09/20 16:54:04.302, 100, 22782, 24576, 339.02, 68
2026/09/20 16:54:05.302, 100, 22782, 24576, 336.79, 68
2026/09/20 16:54:06.305, 100, 22782, 24576, 339.22, 68
2026/09/20 16:54:07.306, 100, 22782, 24576, 337.47, 68
2026/09/20 16:54:08.306, 100, 22782, 24576, 337.64, 68
2026/09/20 16:54:09.306, 100, 22782, 24576, 337.18, 68
2026/09/20 16:54:10.307, 100, 22782, 24576, 335.06, 68
2026/09/20 16:54:11.307, 100, 22782, 24576, 336.64, 68
2026/09/20 16:54:12.308, 100, 22782, 24576, 335.88, 68
2026/09/20 16:54:13.308, 100, 22782, 24576, 334.50, 68
2026/09/20 16:54:14.308, 100, 22782, 24576, 335.05, 68
2026/09/20 16:54:15.309, 100, 22782, 24576, 331.44, 68
2026/09/20 16:54:16.309, 100, 22782, 24576, 333.43, 68
2026/09/20 16:54:17.310, 100, 22782, 24576, 340.88, 68
2026/09/20 16:54:18.310, 100, 22782, 24576, 336.96, 68
2026/09/20 16:54:19.311, 100, 22782, 24576, 335.54, 68
2026/09/20 16:54:20.311, 100, 22782, 24576, 337.20, 68
2026/09/20 16:54:21.311, 100, 22782, 24576, 335.55, 68
2026/09/20 16:54:22.312, 100, 22782, 24576, 340.33, 69
2026/09/20 16:54:23.312, 100, 22782, 24576, 345.19, 68
2026/09/20 16:54:24.313, 100, 22782, 24576, 344.95, 67
2026/09/20 16:54:25.313, 100, 22782, 24576, 345.13, 67
2026/09/20 16:54:26.314, 100, 22782, 24576, 345.42, 67
2026/09/20 16:54:27.314, 100, 22782, 24576, 345.07, 67
2026/09/20 16:54:28.315, 100, 22782, 24576, 345.00, 67
2026/09/20 16:54:29.315, 100, 22782, 24576, 344.86, 67
2026/09/20 16:54:30.316, 100, 22782, 24576, 344.71, 67
2026/09/20 16:54:31.316, 100, 22776, 24576, 333.99, 65
2026/09/20 16:54:32.317, 100, 22776, 24576, 326.11, 67
2026/09/20 16:54:33.317, 100, 22776, 24576, 341.44, 67
2026/09/20 16:54:34.317, 100, 22776, 24576, 342.02, 68
2026/09/20 16:54:35.318, 100, 22776, 24576, 342.22, 68
2026/09/20 16:54:36.318, 100, 22776, 24576, 342.82, 68
2026/09/20 16:54:37.319, 100, 22776, 24576, 342.49, 68
2026/09/20 16:54:38.319, 100, 22776, 24576, 343.07, 68
2026/09/20 16:54:39.320, 100, 22776, 24576, 343.43, 68
2026/09/20 16:54:40.320, 100, 22776, 24576, 343.59, 68
2026/09/20 16:54:41.320, 100, 22776, 24576, 343.58, 68
2026/09/20 16:54:42.321, 100, 22776, 24576, 343.73, 68
2026/09/20 16:54:43.321, 100, 22776, 24576, 344.26, 68
2026/09/20 16:54:44.322, 100, 22776, 24576, 343.99, 68
2026/09/20 16:54:45.322, 100, 22776, 24576, 344.04, 69
2026/09/20 16:54:46.322, 100, 22776, 24576, 343.58, 68
2026/09/20 16:54:47.323, 100, 22776, 24576, 344.55, 68
2026/09/20 16:54:48.323, 100, 22776, 24576, 343.42, 68
2026/09/20 16:54:49.324, 100, 22776, 24576, 343.56, 68
2026/09/20 16:54:50.324, 100, 22776, 24576, 342.64, 68
2026/09/20 16:54:51.325, 100, 22776, 24576, 344.21, 68
2026/09/20 16:54:52.325, 100, 22776, 24576, 341.92, 68
2026/09/20 16:54:53.326, 100, 22776, 24576, 343.19, 68
2026/09/20 16:54:54.326, 100, 22776, 24576, 343.78, 68
2026/09/20 16:54:55.327, 100, 22776, 24576, 342.27, 69
2026/09/20 16:54:56.327, 100, 22776, 24576, 343.05, 69
2026/09/20 16:54:57.327, 100, 22776, 24576, 340.25, 69
2026/09/20 16:54:58.328, 100, 22776, 24576, 341.05, 69
2026/09/20 16:54:59.328, 99, 22776, 24576, 343.09, 69
2026/09/20 16:55:00.329, 100, 22776, 24576, 340.10, 69
2026/09/20 16:55:01.329, 100, 22776, 24576, 339.54, 68
2026/09/20 16:55:02.330, 100, 22776, 24576, 338.59, 68
2026/09/20 16:55:03.330, 100, 22776, 24576, 339.10, 68
2026/09/20 16:55:04.330, 99, 22776, 24576, 337.51, 69
2026/09/20 16:55:05.331, 100, 22776, 24576, 340.03, 68
2026/09/20 16:55:06.331, 100, 22776, 24576, 336.48, 68
2026/09/20 16:55:07.332, 100, 22776, 24576, 339.05, 68
2026/09/20 16:55:08.332, 99, 22778, 24576, 337.57, 68
2026/09/20 16:55:09.333, 100, 22778, 24576, 335.70, 68
2026/09/20 16:55:10.333, 100, 22778, 24576, 337.30, 68
2026/09/20 16:55:11.334, 100, 22778, 24576, 337.51, 69
2026/09/20 16:55:12.334, 100, 22778, 24576, 337.61, 69
2026/09/20 16:55:13.334, 100, 22778, 24576, 338.88, 68
2026/09/20 16:55:14.335, 100, 22778, 24576, 336.85, 69
2026/09/20 16:55:15.335, 100, 22778, 24576, 335.80, 68
2026/09/20 16:55:16.336, 100, 22778, 24576, 336.03, 69
2026/09/20 16:55:17.336, 100, 22778, 24576, 337.51, 68
2026/09/20 16:55:18.337, 100, 22778, 24576, 336.26, 68
2026/09/20 16:55:19.337, 100, 22778, 24576, 335.67, 68
2026/09/20 16:55:20.337, 100, 22778, 24576, 337.26, 68
2026/09/20 16:55:21.338, 100, 22778, 24576, 334.83, 68
2026/09/20 16:55:22.338, 100, 22778, 24576, 336.27, 68
2026/09/20 16:55:23.339, 100, 22778, 24576, 332.87, 68
2026/09/20 16:55:24.339, 100, 22778, 24576, 334.39, 68
2026/09/20 16:55:25.340, 100, 22778, 24576, 329.41, 68
2026/09/20 16:55:26.340, 100, 22778, 24576, 336.98, 68
2026/09/20 16:55:27.340, 100, 22778, 24576, 341.09, 68
2026/09/20 16:55:28.341, 100, 22778, 24576, 336.44, 68
2026/09/20 16:55:29.341, 100, 22778, 24576, 335.67, 68
2026/09/20 16:55:30.341, 100, 22778, 24576, 336.68, 68
2026/09/20 16:55:31.342, 100, 22780, 24576, 336.78, 69
2026/09/20 16:55:32.342, 100, 22780, 24576, 337.17, 68
2026/09/20 16:55:33.343, 99, 22780, 24576, 342.36, 68
2026/09/20 16:55:34.343, 100, 22780, 24576, 342.30, 68
2026/09/20 16:55:35.343, 100, 22780, 24576, 342.43, 68
2026/09/20 16:55:36.344, 100, 22780, 24576, 343.71, 68
2026/09/20 16:55:37.344, 100, 22780, 24576, 343.19, 69
2026/09/20 16:55:38.345, 100, 22780, 24576, 343.31, 69
2026/09/20 16:55:39.345, 100, 22780, 24576, 343.56, 69
2026/09/20 16:55:40.345, 100, 22780, 24576, 343.27, 69
2026/09/20 16:55:41.346, 100, 22780, 24576, 344.14, 69
2026/09/20 16:55:42.346, 100, 22780, 24576, 344.32, 69
2026/09/20 16:55:43.347, 100, 22780, 24576, 344.08, 69
2026/09/20 16:55:44.347, 99, 22780, 24576, 344.15, 69
2026/09/20 16:55:45.348, 100, 22780, 24576, 344.11, 69
2026/09/20 16:55:46.348, 100, 22780, 24576, 343.51, 68
2026/09/20 16:55:47.348, 100, 22780, 24576, 342.38, 69
2026/09/20 16:55:48.349, 100, 22780, 24576, 342.96, 69
2026/09/20 16:55:49.349, 99, 22780, 24576, 344.02, 68
2026/09/20 16:55:50.350, 98, 22780, 24576, 343.32, 68
2026/09/20 16:55:51.350, 100, 22780, 24576, 342.52, 69
2026/09/20 16:55:52.351, 100, 22780, 24576, 343.93, 69
2026/09/20 16:55:53.351, 100, 22780, 24576, 342.85, 69
2026/09/20 16:55:54.352, 99, 22780, 24576, 343.55, 69
2026/09/20 16:55:55.352, 99, 22780, 24576, 342.66, 69
2026/09/20 16:55:56.353, 100, 22780, 24576, 343.33, 69
2026/09/20 16:55:57.353, 100, 22780, 24576, 341.84, 69
2026/09/20 16:55:58.354, 100, 22780, 24576, 341.81, 69
2026/09/20 16:55:59.354, 100, 22780, 24576, 341.15, 69
2026/09/20 16:56:00.355, 100, 22780, 24576, 342.46, 69
2026/09/20 16:56:01.355, 100, 22780, 24576, 341.60, 69
2026/09/20 16:56:02.356, 100, 22780, 24576, 338.68, 69
2026/09/20 16:56:03.356, 100, 22780, 24576, 338.82, 68
2026/09/20 16:56:04.356, 100, 22780, 24576, 341.82, 69
2026/09/20 16:56:05.357, 100, 22780, 24576, 339.04, 69
2026/09/20 16:56:06.357, 100, 22780, 24576, 338.59, 69
2026/09/20 16:56:07.358, 100, 22780, 24576, 337.07, 69
2026/09/20 16:56:08.358, 100, 22780, 24576, 338.01, 69
2026/09/20 16:56:09.359, 100, 22780, 24576, 337.25, 69
2026/09/20 16:56:10.359, 100, 22780, 24576, 337.36, 69
2026/09/20 16:56:11.359, 100, 22780, 24576, 336.23, 69
2026/09/20 16:56:12.360, 100, 22780, 24576, 338.55, 68
2026/09/20 16:56:13.361, 100, 22780, 24576, 336.63, 69
2026/09/20 16:56:14.361, 100, 22780, 24576, 336.94, 69
2026/09/20 16:56:15.361, 100, 22780, 24576, 337.68, 68
2026/09/20 16:56:16.362, 100, 22780, 24576, 336.60, 68
2026/09/20 16:56:17.362, 100, 22780, 24576, 338.03, 69
2026/09/20 16:56:18.363, 100, 22780, 24576, 336.64, 68
2026/09/20 16:56:19.363, 100, 22780, 24576, 337.57, 69
2026/09/20 16:56:20.364, 100, 22780, 24576, 336.86, 69
2026/09/20 16:56:21.364, 100, 22780, 24576, 337.65, 69
2026/09/20 16:56:22.365, 100, 22780, 24576, 334.56, 68
2026/09/20 16:56:23.365, 100, 22780, 24576, 334.92, 68
2026/09/20 16:56:24.366, 100, 22780, 24576, 335.36, 69
2026/09/20 16:56:25.366, 100, 22782, 24576, 334.98, 68
2026/09/20 16:56:26.367, 100, 22782, 24576, 333.86, 68
2026/09/20 16:56:27.367, 100, 22782, 24576, 337.66, 69
2026/09/20 16:56:28.367, 100, 22782, 24576, 342.08, 68
2026/09/20 16:56:29.368, 100, 22782, 24576, 339.70, 69
2026/09/20 16:56:30.368, 95, 22782, 24576, 338.32, 69
2026/09/20 16:56:31.369, 100, 22782, 24576, 335.05, 69
2026/09/20 16:56:32.369, 100, 22782, 24576, 333.65, 68
2026/09/20 16:56:33.370, 100, 22782, 24576, 335.03, 69
2026/09/20 16:56:34.370, 100, 22782, 24576, 347.29, 69
2026/09/20 16:56:35.370, 99, 22782, 24576, 342.82, 68
2026/09/20 16:56:36.371, 100, 22782, 24576, 342.86, 68
2026/09/20 16:56:37.371, 100, 22782, 24576, 343.67, 69
2026/09/20 16:56:38.372, 100, 22782, 24576, 343.63, 68
2026/09/20 16:56:39.372, 100, 22782, 24576, 343.17, 68
2026/09/20 16:56:40.373, 100, 22782, 24576, 344.14, 69
2026/09/20 16:56:41.373, 100, 22782, 24576, 343.87, 69
2026/09/20 16:56:42.374, 99, 22782, 24576, 344.31, 69
2026/09/20 16:56:43.374, 100, 22782, 24576, 343.84, 69
2026/09/20 16:56:44.374, 100, 22782, 24576, 344.82, 69
2026/09/20 16:56:45.375, 100, 22782, 24576, 344.26, 69
2026/09/20 16:56:46.375, 100, 22782, 24576, 343.27, 68
2026/09/20 16:56:47.376, 100, 22782, 24576, 343.89, 69
2026/09/20 16:56:48.376, 99, 22782, 24576, 344.20, 69
2026/09/20 16:56:49.377, 100, 22782, 24576, 344.38, 69
2026/09/20 16:56:50.377, 100, 22782, 24576, 343.25, 69
2026/09/20 16:56:51.378, 100, 22782, 24576, 342.21, 69
2026/09/20 16:56:52.379, 100, 22782, 24576, 344.01, 69
2026/09/20 16:56:53.379, 100, 22782, 24576, 343.86, 69
2026/09/20 16:56:54.380, 100, 22782, 24576, 343.09, 69
2026/09/20 16:56:55.380, 100, 22782, 24576, 343.33, 69
2026/09/20 16:56:56.381, 100, 22782, 24576, 344.24, 69
2026/09/20 16:56:57.381, 100, 22782, 24576, 343.28, 69
2026/09/20 16:56:58.382, 100, 22782, 24576, 341.17, 69
2026/09/20 16:56:59.382, 100, 22782, 24576, 340.77, 69
2026/09/20 16:57:00.383, 99, 22782, 24576, 342.43, 69
2026/09/20 16:57:01.383, 100, 22782, 24576, 343.24, 69
2026/09/20 16:57:02.384, 100, 22782, 24576, 341.26, 69
2026/09/20 16:57:03.384, 100, 22782, 24576, 341.38, 69
2026/09/20 16:57:04.385, 100, 22782, 24576, 338.35, 69
2026/09/20 16:57:05.385, 100, 22782, 24576, 340.33, 69
2026/09/20 16:57:06.386, 100, 22782, 24576, 339.78, 69
2026/09/20 16:57:07.386, 100, 22782, 24576, 338.82, 69
2026/09/20 16:57:08.386, 100, 22782, 24576, 339.14, 69
2026/09/20 16:57:09.387, 100, 22782, 24576, 337.35, 69
2026/09/20 16:57:10.387, 100, 22782, 24576, 337.24, 69
2026/09/20 16:57:11.388, 100, 22782, 24576, 337.27, 69
2026/09/20 16:57:12.388, 100, 22782, 24576, 340.51, 69
2026/09/20 16:57:13.389, 100, 22782, 24576, 338.40, 69
2026/09/20 16:57:14.389, 100, 22782, 24576, 338.20, 69
2026/09/20 16:57:15.390, 100, 22782, 24576, 336.30, 69
2026/09/20 16:57:16.390, 100, 22782, 24576, 337.69, 69
2026/09/20 16:57:17.391, 100, 22782, 24576, 338.00, 69
2026/09/20 16:57:18.391, 100, 22782, 24576, 338.45, 68
2026/09/20 16:57:19.392, 100, 22782, 24576, 336.65, 68
2026/09/20 16:57:20.392, 100, 22782, 24576, 337.07, 69
2026/09/20 16:57:21.393, 100, 22782, 24576, 335.07, 69
2026/09/20 16:57:22.393, 100, 22782, 24576, 337.50, 69
2026/09/20 16:57:23.394, 100, 22782, 24576, 336.56, 69
2026/09/20 16:57:24.394, 100, 22782, 24576, 336.58, 69
2026/09/20 16:57:25.395, 100, 22782, 24576, 334.60, 68
2026/09/20 16:57:26.395, 100, 22782, 24576, 333.92, 68
2026/09/20 16:57:27.396, 100, 22782, 24576, 334.13, 68
2026/09/20 16:57:28.396, 100, 22782, 24576, 329.12, 69
2026/09/20 16:57:29.397, 100, 22782, 24576, 343.41, 69
2026/09/20 16:57:30.397, 100, 22784, 24576, 337.63, 68
2026/09/20 16:57:31.398, 100, 22784, 24576, 335.83, 68
2026/09/20 16:57:32.398, 100, 22784, 24576, 337.74, 68
2026/09/20 16:57:33.399, 100, 22784, 24576, 336.58, 69
2026/09/20 16:57:34.399, 100, 22784, 24576, 334.39, 69
2026/09/20 16:57:35.400, 100, 22784, 24576, 337.66, 69
2026/09/20 16:57:36.400, 100, 22784, 24576, 343.62, 68
2026/09/20 16:57:37.401, 100, 22784, 24576, 344.20, 68
2026/09/20 16:57:38.401, 100, 22784, 24576, 343.62, 68
2026/09/20 16:57:39.401, 100, 22784, 24576, 343.32, 67
2026/09/20 16:57:40.402, 100, 22784, 24576, 344.17, 67
2026/09/20 16:57:41.402, 100, 22784, 24576, 343.66, 67
2026/09/20 16:57:42.403, 100, 22784, 24576, 343.90, 67
2026/09/20 16:57:43.416, 100, 22784, 24576, 343.94, 67
2026/09/20 16:57:44.417, 100, 22784, 24576, 344.12, 67
2026/09/20 16:57:45.417, 100, 22784, 24576, 343.80, 67
2026/09/20 16:57:46.418, 100, 22784, 24576, 344.21, 67
2026/09/20 16:57:47.433, 100, 22784, 24576, 344.28, 67
2026/09/20 16:57:48.433, 99, 22784, 24576, 342.64, 68
2026/09/20 16:57:49.434, 99, 22784, 24576, 342.48, 68
2026/09/20 16:57:50.434, 99, 22784, 24576, 343.65, 68
2026/09/20 16:57:51.435, 100, 22784, 24576, 343.85, 69
2026/09/20 16:57:52.435, 100, 22784, 24576, 343.61, 68
2026/09/20 16:57:53.435, 100, 22784, 24576, 344.40, 68
2026/09/20 16:57:54.436, 100, 22784, 24576, 344.48, 69
2026/09/20 16:57:55.436, 99, 22784, 24576, 344.29, 69
2026/09/20 16:57:56.437, 100, 22784, 24576, 344.23, 68
2026/09/20 16:57:57.437, 99, 22784, 24576, 343.08, 69
2026/09/20 16:57:58.438, 100, 22784, 24576, 343.28, 69
2026/09/20 16:57:59.438, 100, 22784, 24576, 344.07, 69
2026/09/20 16:58:00.439, 99, 22784, 24576, 344.49, 69
2026/09/20 16:58:01.439, 100, 22784, 24576, 343.71, 69
2026/09/20 16:58:02.440, 100, 22784, 24576, 344.46, 69
2026/09/20 16:58:03.440, 100, 22784, 24576, 343.25, 69
2026/09/20 16:58:04.441, 100, 22784, 24576, 343.04, 69
2026/09/20 16:58:05.441, 100, 22784, 24576, 342.55, 69
2026/09/20 16:58:06.441, 100, 22784, 24576, 343.27, 69
2026/09/20 16:58:07.442, 100, 22784, 24576, 342.59, 69
2026/09/20 16:58:08.442, 100, 22784, 24576, 343.52, 69
2026/09/20 16:58:09.443, 100, 22784, 24576, 343.69, 69
2026/09/20 16:58:10.443, 100, 22784, 24576, 343.26, 69
2026/09/20 16:58:11.444, 100, 22784, 24576, 342.68, 69
2026/09/20 16:58:12.444, 100, 22784, 24576, 342.85, 69
2026/09/20 16:58:13.444, 100, 22784, 24576, 342.77, 69
2026/09/20 16:58:14.445, 100, 22784, 24576, 340.66, 69
2026/09/20 16:58:15.445, 100, 22784, 24576, 342.38, 69
2026/09/20 16:58:16.446, 100, 22784, 24576, 337.42, 69
2026/09/20 16:58:17.446, 100, 22784, 24576, 339.78, 69
2026/09/20 16:58:18.447, 100, 22784, 24576, 338.36, 69
2026/09/20 16:58:19.447, 100, 22784, 24576, 339.33, 69
2026/09/20 16:58:20.448, 100, 22784, 24576, 339.49, 69
2026/09/20 16:58:21.448, 100, 22784, 24576, 336.51, 69
2026/09/20 16:58:22.449, 100, 22784, 24576, 338.08, 69
2026/09/20 16:58:23.449, 100, 22784, 24576, 337.70, 69
2026/09/20 16:58:24.450, 100, 22784, 24576, 338.75, 69
2026/09/20 16:58:25.450, 100, 22784, 24576, 336.13, 69
2026/09/20 16:58:26.451, 100, 22784, 24576, 336.26, 69
2026/09/20 16:58:27.451, 100, 22784, 24576, 339.15, 69
2026/09/20 16:58:28.451, 100, 22784, 24576, 338.71, 69
2026/09/20 16:58:29.452, 100, 22784, 24576, 336.75, 69
2026/09/20 16:58:30.452, 100, 22784, 24576, 336.60, 69
2026/09/20 16:58:31.453, 100, 22784, 24576, 337.01, 69
2026/09/20 16:58:32.453, 100, 22784, 24576, 338.51, 69
2026/09/20 16:58:33.454, 100, 22784, 24576, 337.30, 69
2026/09/20 16:58:34.454, 100, 22784, 24576, 337.37, 69
2026/09/20 16:58:35.455, 100, 22784, 24576, 338.15, 69
2026/09/20 16:58:36.455, 99, 22784, 24576, 336.33, 69
2026/09/20 16:58:37.456, 100, 22784, 24576, 336.27, 69
2026/09/20 16:58:38.456, 100, 22784, 24576, 335.25, 69
2026/09/20 16:58:39.456, 100, 22784, 24576, 335.63, 69
2026/09/20 16:58:40.457, 100, 22784, 24576, 333.03, 69
2026/09/20 16:58:41.457, 100, 22784, 24576, 336.80, 68
2026/09/20 16:58:42.458, 100, 22784, 24576, 336.60, 69
2026/09/20 16:58:43.458, 100, 22784, 24576, 341.62, 69
2026/09/20 16:58:44.459, 100, 22784, 24576, 336.49, 69
2026/09/20 16:58:45.459, 100, 22784, 24576, 335.24, 69
2026/09/20 16:58:46.459, 99, 22784, 24576, 336.30, 69
2026/09/20 16:58:47.460, 100, 22784, 24576, 335.42, 69
2026/09/20 16:58:48.460, 100, 22784, 24576, 337.30, 69
2026/09/20 16:58:49.461, 100, 22784, 24576, 341.89, 68
2026/09/20 16:58:50.461, 100, 22784, 24576, 341.46, 69
2026/09/20 16:58:51.462, 100, 22784, 24576, 343.38, 69
2026/09/20 16:58:52.462, 100, 22784, 24576, 344.11, 69
2026/09/20 16:58:53.462, 100, 22784, 24576, 343.53, 69
2026/09/20 16:58:54.463, 100, 22784, 24576, 342.45, 69
2026/09/20 16:58:55.463, 100, 22784, 24576, 343.37, 69
2026/09/20 16:58:56.464, 99, 22784, 24576, 343.72, 69
2026/09/20 16:58:57.464, 100, 22784, 24576, 343.86, 69
2026/09/20 16:58:58.465, 100, 22784, 24576, 344.50, 69
2026/09/20 16:58:59.466, 100, 22784, 24576, 344.47, 69
2026/09/20 16:59:00.466, 100, 22784, 24576, 345.33, 69
2026/09/20 16:59:01.467, 100, 22784, 24576, 345.22, 69
2026/09/20 16:59:02.467, 100, 22784, 24576, 342.41, 69
2026/09/20 16:59:03.468, 100, 22784, 24576, 343.84, 69
2026/09/20 16:59:04.468, 100, 22784, 24576, 344.00, 69
2026/09/20 16:59:05.469, 100, 22784, 24576, 343.99, 69
2026/09/20 16:59:06.469, 99, 22784, 24576, 344.06, 69
2026/09/20 16:59:07.470, 99, 22784, 24576, 343.39, 69
2026/09/20 16:59:08.470, 99, 22784, 24576, 342.87, 69
2026/09/20 16:59:09.470, 99, 22784, 24576, 343.97, 69
2026/09/20 16:59:10.471, 99, 22784, 24576, 344.08, 69
2026/09/20 16:59:11.471, 100, 22784, 24576, 341.92, 69
2026/09/20 16:59:12.472, 100, 22784, 24576, 340.82, 69
2026/09/20 16:59:13.472, 100, 22784, 24576, 343.54, 69
2026/09/20 16:59:14.472, 100, 22784, 24576, 341.17, 69
2026/09/20 16:59:15.473, 100, 22784, 24576, 342.96, 69
2026/09/20 16:59:16.474, 100, 22784, 24576, 340.22, 69
2026/09/20 16:59:17.474, 100, 22784, 24576, 338.06, 69
2026/09/20 16:59:18.475, 99, 22784, 24576, 338.29, 69
2026/09/20 16:59:19.475, 100, 22784, 24576, 339.25, 69
2026/09/20 16:59:20.476, 100, 22784, 24576, 342.45, 69
2026/09/20 16:59:21.476, 100, 22784, 24576, 338.26, 69
2026/09/20 16:59:22.477, 100, 22784, 24576, 338.07, 69
2026/09/20 16:59:23.477, 100, 22784, 24576, 337.46, 69
2026/09/20 16:59:24.477, 100, 22784, 24576, 340.11, 69
2026/09/20 16:59:25.478, 100, 22784, 24576, 337.64, 69
2026/09/20 16:59:26.478, 100, 22784, 24576, 334.98, 69
2026/09/20 16:59:27.479, 100, 22784, 24576, 335.14, 69
2026/09/20 16:59:28.479, 100, 22784, 24576, 338.79, 69
2026/09/20 16:59:29.480, 100, 22784, 24576, 338.67, 69
2026/09/20 16:59:30.480, 100, 22784, 24576, 336.64, 69
2026/09/20 16:59:31.481, 100, 22784, 24576, 338.58, 69
2026/09/20 16:59:32.482, 100, 22784, 24576, 339.62, 69
2026/09/20 16:59:33.483, 100, 22784, 24576, 337.02, 69
2026/09/20 16:59:34.483, 100, 22784, 24576, 336.98, 69
2026/09/20 16:59:35.484, 100, 22784, 24576, 338.87, 69
2026/09/20 16:59:36.484, 100, 22784, 24576, 337.77, 69
2026/09/20 16:59:37.485, 100, 22784, 24576, 336.46, 69
2026/09/20 16:59:38.485, 100, 22784, 24576, 335.18, 69
2026/09/20 16:59:39.486, 100, 22784, 24576, 336.31, 69
2026/09/20 16:59:40.486, 100, 22784, 24576, 334.75, 69
2026/09/20 16:59:41.487, 100, 22784, 24576, 334.29, 69
2026/09/20 16:59:42.487, 100, 22784, 24576, 330.97, 68
2026/09/20 16:59:43.487, 100, 22784, 24576, 331.55, 69
2026/09/20 16:59:44.488, 100, 22784, 24576, 335.87, 69
2026/09/20 16:59:45.488, 100, 22784, 24576, 337.75, 69
2026/09/20 16:59:46.489, 100, 22784, 24576, 338.83, 69
2026/09/20 16:59:47.489, 100, 22784, 24576, 334.64, 68
2026/09/20 16:59:48.490, 100, 22784, 24576, 337.09, 69
2026/09/20 16:59:49.490, 100, 22784, 24576, 333.90, 69
2026/09/20 16:59:50.491, 100, 22784, 24576, 343.60, 69
2026/09/20 16:59:51.491, 99, 22784, 24576, 342.44, 69
2026/09/20 16:59:52.492, 99, 22784, 24576, 343.59, 69
2026/09/20 16:59:53.492, 99, 22784, 24576, 343.82, 69
2026/09/20 16:59:54.493, 100, 22784, 24576, 343.52, 69
2026/09/20 16:59:55.493, 100, 22784, 24576, 343.71, 69
2026/09/20 16:59:56.494, 100, 22784, 24576, 344.15, 69
2026/09/20 16:59:57.494, 100, 22784, 24576, 343.76, 69
2026/09/20 16:59:58.495, 100, 22784, 24576, 344.14, 69
2026/09/20 16:59:59.495, 100, 22784, 24576, 343.70, 69
2026/09/20 17:00:00.495, 100, 22784, 24576, 343.76, 69
2026/09/20 17:00:01.496, 100, 22784, 24576, 343.92, 69
2026/09/20 17:00:02.497, 100, 22784, 24576, 343.94, 69
2026/09/20 17:00:03.497, 100, 22784, 24576, 343.20, 69
2026/09/20 17:00:04.497, 100, 22784, 24576, 345.43, 69
2026/09/20 17:00:05.498, 99, 22784, 24576, 346.25, 69
2026/09/20 17:00:06.500, 100, 23046, 24576, 341.95, 69
2026/09/20 17:00:07.501, 100, 22784, 24576, 342.71, 69
2026/09/20 17:00:08.502, 100, 22784, 24576, 343.04, 69
2026/09/20 17:00:09.503, 100, 22784, 24576, 343.09, 69
2026/09/20 17:00:10.504, 100, 22784, 24576, 344.05, 69
2026/09/20 17:00:11.504, 100, 22784, 24576, 342.74, 69
2026/09/20 17:00:12.504, 100, 22784, 24576, 342.90, 69
2026/09/20 17:00:13.505, 100, 22784, 24576, 343.30, 69
2026/09/20 17:00:14.506, 100, 22784, 24576, 338.25, 69
2026/09/20 17:00:15.506, 99, 22784, 24576, 339.01, 69
2026/09/20 17:00:16.506, 100, 22784, 24576, 340.54, 69
2026/09/20 17:00:17.507, 100, 22784, 24576, 340.57, 69
2026/09/20 17:00:18.507, 100, 22784, 24576, 342.74, 69
2026/09/20 17:00:19.508, 100, 22784, 24576, 343.30, 69
2026/09/20 17:00:20.508, 100, 22784, 24576, 338.02, 69
2026/09/20 17:00:21.509, 99, 22784, 24576, 337.79, 69
2026/09/20 17:00:22.509, 100, 22784, 24576, 340.86, 69
2026/09/20 17:00:23.510, 100, 22784, 24576, 340.20, 69
2026/09/20 17:00:24.510, 100, 22784, 24576, 337.78, 69
2026/09/20 17:00:25.511, 100, 22784, 24576, 339.32, 69
2026/09/20 17:00:26.511, 100, 22784, 24576, 337.60, 69
2026/09/20 17:00:27.512, 100, 22784, 24576, 337.75, 69
2026/09/20 17:00:28.512, 100, 22784, 24576, 338.49, 69
2026/09/20 17:00:29.513, 100, 22784, 24576, 336.29, 69
2026/09/20 17:00:30.513, 100, 22784, 24576, 338.53, 69
2026/09/20 17:00:31.513, 100, 22784, 24576, 338.60, 69
2026/09/20 17:00:32.514, 99, 22784, 24576, 337.90, 69
2026/09/20 17:00:33.514, 100, 22784, 24576, 337.52, 69
2026/09/20 17:00:34.515, 100, 22784, 24576, 339.28, 69
2026/09/20 17:00:35.515, 99, 22784, 24576, 335.63, 69
2026/09/20 17:00:36.516, 100, 22784, 24576, 338.08, 69
2026/09/20 17:00:37.516, 100, 22784, 24576, 336.13, 69
2026/09/20 17:00:38.517, 100, 22784, 24576, 336.06, 69
2026/09/20 17:00:39.517, 100, 22784, 24576, 336.31, 69
2026/09/20 17:00:40.517, 100, 22784, 24576, 336.56, 69
2026/09/20 17:00:41.518, 100, 22784, 24576, 335.95, 69
2026/09/20 17:00:42.518, 100, 22784, 24576, 334.40, 69
2026/09/20 17:00:43.519, 100, 22784, 24576, 334.00, 68
2026/09/20 17:00:44.519, 100, 22784, 24576, 329.33, 68
2026/09/20 17:00:45.520, 100, 22784, 24576, 342.55, 69
2026/09/20 17:00:46.520, 100, 22784, 24576, 339.42, 68
2026/09/20 17:00:47.521, 100, 22784, 24576, 334.81, 68
2026/09/20 17:00:48.521, 99, 22784, 24576, 337.07, 69
2026/09/20 17:00:49.521, 100, 22784, 24576, 336.74, 68
2026/09/20 17:00:50.522, 100, 22784, 24576, 335.36, 68
2026/09/20 17:00:51.522, 100, 22784, 24576, 335.90, 69
2026/09/20 17:00:52.523, 100, 22784, 24576, 344.70, 67
2026/09/20 17:00:53.523, 100, 22784, 24576, 344.25, 67
2026/09/20 17:00:54.523, 100, 22784, 24576, 343.76, 67
2026/09/20 17:00:55.524, 100, 22784, 24576, 343.66, 67
2026/09/20 17:00:56.524, 100, 22784, 24576, 343.95, 67
2026/09/20 17:00:57.525, 100, 22784, 24576, 343.93, 67
2026/09/20 17:00:58.525, 100, 22784, 24576, 343.57, 67
2026/09/20 17:00:59.525, 100, 22784, 24576, 343.87, 67
2026/09/20 17:01:00.526, 100, 22784, 24576, 344.72, 67
2026/09/20 17:01:01.526, 100, 22784, 24576, 344.03, 67
2026/09/20 17:01:02.527, 100, 22784, 24576, 344.72, 67
2026/09/20 17:01:03.527, 100, 22784, 24576, 343.93, 67
2026/09/20 17:01:04.527, 99, 22784, 24576, 342.70, 68
2026/09/20 17:01:05.528, 99, 22784, 24576, 343.06, 68
2026/09/20 17:01:06.528, 99, 22784, 24576, 343.69, 68
2026/09/20 17:01:07.529, 100, 22784, 24576, 343.53, 68
2026/09/20 17:01:08.530, 100, 22784, 24576, 344.37, 68
2026/09/20 17:01:09.530, 100, 22784, 24576, 344.17, 68
2026/09/20 17:01:10.531, 100, 22784, 24576, 343.98, 68
2026/09/20 17:01:11.531, 99, 22784, 24576, 343.95, 68
2026/09/20 17:01:12.532, 100, 22784, 24576, 344.15, 68
2026/09/20 17:01:13.532, 99, 22784, 24576, 344.08, 68
2026/09/20 17:01:14.533, 100, 22784, 24576, 344.48, 68
2026/09/20 17:01:15.533, 100, 22784, 24576, 344.14, 68
2026/09/20 17:01:16.533, 99, 22784, 24576, 343.92, 68
2026/09/20 17:01:17.534, 100, 22784, 24576, 345.99, 69
2026/09/20 17:01:18.534, 100, 22784, 24576, 343.97, 68
2026/09/20 17:01:19.535, 100, 22784, 24576, 343.99, 68
2026/09/20 17:01:20.535, 100, 22784, 24576, 343.94, 68
2026/09/20 17:01:21.536, 100, 22784, 24576, 342.45, 68
2026/09/20 17:01:22.536, 100, 22784, 24576, 343.05, 68
2026/09/20 17:01:23.537, 100, 22784, 24576, 343.75, 68
2026/09/20 17:01:24.537, 100, 22784, 24576, 342.93, 68
2026/09/20 17:01:25.537, 100, 22784, 24576, 344.14, 68
2026/09/20 17:01:26.538, 100, 22784, 24576, 340.98, 68
2026/09/20 17:01:27.538, 100, 22784, 24576, 343.79, 68
2026/09/20 17:01:28.539, 100, 22784, 24576, 342.63, 68
2026/09/20 17:01:29.539, 100, 22784, 24576, 342.18, 68
2026/09/20 17:01:30.539, 100, 22784, 24576, 341.20, 68
2026/09/20 17:01:31.540, 100, 22784, 24576, 339.74, 68
2026/09/20 17:01:32.540, 100, 22784, 24576, 340.99, 68
2026/09/20 17:01:33.541, 100, 22784, 24576, 341.10, 68
2026/09/20 17:01:34.541, 100, 22784, 24576, 339.57, 68
2026/09/20 17:01:35.542, 100, 22784, 24576, 339.88, 68
2026/09/20 17:01:36.542, 100, 22784, 24576, 339.76, 68
2026/09/20 17:01:37.542, 100, 22784, 24576, 337.59, 68
2026/09/20 17:01:38.543, 100, 22784, 24576, 336.67, 68
2026/09/20 17:01:39.543, 100, 22784, 24576, 337.55, 68
2026/09/20 17:01:40.544, 100, 22784, 24576, 338.13, 68
2026/09/20 17:01:41.544, 100, 22784, 24576, 335.33, 68
2026/09/20 17:01:42.545, 100, 22784, 24576, 336.40, 68
2026/09/20 17:01:43.545, 100, 22784, 24576, 337.58, 68
2026/09/20 17:01:44.545, 100, 22784, 24576, 338.31, 68
2026/09/20 17:01:45.546, 100, 22784, 24576, 338.29, 68
2026/09/20 17:01:46.546, 100, 22784, 24576, 336.30, 68
2026/09/20 17:01:47.547, 100, 22784, 24576, 337.79, 68
2026/09/20 17:01:48.547, 100, 22784, 24576, 337.56, 68
2026/09/20 17:01:49.548, 100, 22784, 24576, 336.02, 68
2026/09/20 17:01:50.548, 100, 22784, 24576, 337.66, 68
2026/09/20 17:01:51.549, 100, 22784, 24576, 335.70, 68
2026/09/20 17:01:52.549, 100, 22784, 24576, 337.37, 68
2026/09/20 17:01:53.550, 100, 22784, 24576, 336.64, 68
2026/09/20 17:01:54.550, 100, 22784, 24576, 334.37, 68
2026/09/20 17:01:55.551, 100, 22784, 24576, 338.07, 68
2026/09/20 17:01:56.551, 100, 22784, 24576, 333.34, 68
2026/09/20 17:01:57.552, 100, 22784, 24576, 338.41, 67
2026/09/20 17:01:58.552, 100, 22784, 24576, 335.12, 68
2026/09/20 17:01:59.553, 100, 22784, 24576, 341.96, 68
2026/09/20 17:02:00.553, 100, 22784, 24576, 334.77, 68
2026/09/20 17:02:01.554, 100, 22784, 24576, 335.86, 68
2026/09/20 17:02:02.554, 100, 22784, 24576, 339.36, 68
2026/09/20 17:02:03.555, 100, 22784, 24576, 335.50, 67
2026/09/20 17:02:04.555, 100, 22784, 24576, 338.26, 68
2026/09/20 17:02:05.555, 100, 22784, 24576, 342.24, 67
2026/09/20 17:02:06.556, 100, 22784, 24576, 342.08, 67
2026/09/20 17:02:07.556, 100, 22784, 24576, 343.02, 67
2026/09/20 17:02:08.557, 100, 22784, 24576, 343.08, 67
2026/09/20 17:02:09.557, 100, 22784, 24576, 342.74, 67
2026/09/20 17:02:10.559, 100, 22784, 24576, 342.73, 67
2026/09/20 17:02:11.560, 100, 22784, 24576, 343.83, 68
2026/09/20 17:02:12.561, 100, 22784, 24576, 343.96, 68
2026/09/20 17:02:13.561, 100, 22784, 24576, 344.47, 68
2026/09/20 17:02:14.562, 100, 22784, 24576, 343.68, 68
2026/09/20 17:02:15.563, 100, 22784, 24576, 344.68, 68
2026/09/20 17:02:16.563, 99, 22784, 24576, 344.29, 68
2026/09/20 17:02:17.564, 100, 22784, 24576, 343.73, 67
2026/09/20 17:02:18.564, 100, 22784, 24576, 344.11, 68
2026/09/20 17:02:19.564, 100, 22784, 24576, 342.79, 68
2026/09/20 17:02:20.565, 100, 22784, 24576, 343.83, 68
2026/09/20 17:02:21.565, 99, 22784, 24576, 343.00, 68
2026/09/20 17:02:22.566, 99, 22784, 24576, 343.27, 68
2026/09/20 17:02:23.566, 100, 22784, 24576, 343.68, 68
2026/09/20 17:02:24.567, 100, 22784, 24576, 342.45, 68
2026/09/20 17:02:25.567, 100, 22784, 24576, 343.08, 68
2026/09/20 17:02:26.568, 100, 22784, 24576, 343.27, 68
2026/09/20 17:02:27.570, 99, 22784, 24576, 340.42, 68
2026/09/20 17:02:28.571, 100, 22784, 24576, 343.36, 68
2026/09/20 17:02:29.571, 100, 22784, 24576, 342.61, 68
2026/09/20 17:02:30.572, 100, 22784, 24576, 343.47, 68
2026/09/20 17:02:31.572, 100, 22784, 24576, 340.87, 68
2026/09/20 17:02:32.573, 100, 22784, 24576, 340.89, 68
2026/09/20 17:02:33.573, 100, 22784, 24576, 340.11, 68
2026/09/20 17:02:34.574, 100, 22784, 24576, 341.81, 68
2026/09/20 17:02:35.574, 100, 22784, 24576, 342.67, 68
2026/09/20 17:02:36.574, 100, 22784, 24576, 338.41, 68
2026/09/20 17:02:37.575, 100, 22784, 24576, 339.25, 68
2026/09/20 17:02:38.575, 100, 22784, 24576, 338.10, 68
2026/09/20 17:02:39.576, 99, 22784, 24576, 337.50, 67
2026/09/20 17:02:40.577, 100, 22784, 24576, 336.87, 68
2026/09/20 17:02:41.577, 100, 22784, 24576, 335.70, 68
2026/09/20 17:02:42.577, 100, 22784, 24576, 338.64, 68
2026/09/20 17:02:43.578, 100, 22784, 24576, 338.47, 68
2026/09/20 17:02:44.578, 100, 22784, 24576, 337.99, 68
2026/09/20 17:02:45.579, 100, 22784, 24576, 337.56, 68
2026/09/20 17:02:46.579, 99, 22784, 24576, 337.80, 68
2026/09/20 17:02:47.580, 100, 22784, 24576, 337.34, 68
2026/09/20 17:02:48.580, 100, 22784, 24576, 338.11, 68
2026/09/20 17:02:49.580, 99, 22784, 24576, 339.08, 68
2026/09/20 17:02:50.581, 100, 22784, 24576, 337.84, 68
2026/09/20 17:02:51.581, 100, 22784, 24576, 337.04, 68
2026/09/20 17:02:52.582, 100, 22784, 24576, 337.73, 68
2026/09/20 17:02:53.583, 100, 22784, 24576, 338.36, 68
2026/09/20 17:02:54.583, 100, 22784, 24576, 336.05, 68
2026/09/20 17:02:55.583, 100, 22784, 24576, 335.76, 67
2026/09/20 17:02:56.584, 100, 22784, 24576, 334.40, 68
2026/09/20 17:02:57.585, 100, 22784, 24576, 332.95, 67
2026/09/20 17:02:58.585, 100, 22784, 24576, 335.78, 68
2026/09/20 17:02:59.585, 100, 22784, 24576, 339.35, 68
2026/09/20 17:03:00.586, 100, 22784, 24576, 343.33, 68
2026/09/20 17:03:01.586, 100, 22784, 24576, 337.58, 68
2026/09/20 17:03:02.587, 99, 22784, 24576, 341.67, 68
2026/09/20 17:03:03.587, 100, 22784, 24576, 335.59, 67
2026/09/20 17:03:04.588, 100, 22784, 24576, 335.15, 68
2026/09/20 17:03:05.589, 100, 22784, 24576, 335.62, 68
2026/09/20 17:03:06.590, 100, 22784, 24576, 346.80, 68
2026/09/20 17:03:07.590, 99, 22784, 24576, 344.02, 67
2026/09/20 17:03:08.591, 100, 22784, 24576, 343.38, 68
2026/09/20 17:03:09.591, 100, 22784, 24576, 343.68, 68
2026/09/20 17:03:10.591, 100, 22784, 24576, 343.59, 68
2026/09/20 17:03:11.592, 100, 22784, 24576, 343.19, 68
2026/09/20 17:03:12.592, 100, 22784, 24576, 344.33, 68
2026/09/20 17:03:13.593, 100, 22784, 24576, 343.83, 68
2026/09/20 17:03:14.594, 99, 22784, 24576, 344.06, 68
2026/09/20 17:03:15.594, 100, 22784, 24576, 343.99, 68
2026/09/20 17:03:16.596, 100, 22784, 24576, 344.97, 68
2026/09/20 17:03:17.596, 100, 22784, 24576, 343.70, 68
2026/09/20 17:03:18.597, 100, 22784, 24576, 344.47, 68
2026/09/20 17:03:19.597, 100, 22784, 24576, 344.10, 68
2026/09/20 17:03:20.598, 98, 22784, 24576, 344.36, 68
2026/09/20 17:03:21.598, 100, 22784, 24576, 344.02, 68
2026/09/20 17:03:22.598, 100, 22784, 24576, 343.55, 68
2026/09/20 17:03:23.599, 100, 22784, 24576, 344.06, 68
2026/09/20 17:03:24.599, 100, 22784, 24576, 343.82, 68
2026/09/20 17:03:25.600, 100, 22784, 24576, 343.29, 68
2026/09/20 17:03:26.600, 100, 22784, 24576, 342.89, 68
2026/09/20 17:03:27.601, 100, 22784, 24576, 342.91, 68
2026/09/20 17:03:28.601, 100, 22784, 24576, 342.85, 68
2026/09/20 17:03:29.602, 100, 22784, 24576, 341.81, 68
2026/09/20 17:03:30.602, 100, 22784, 24576, 341.92, 68
2026/09/20 17:03:31.603, 100, 22784, 24576, 341.54, 68
2026/09/20 17:03:32.603, 99, 22784, 24576, 343.14, 68
2026/09/20 17:03:33.603, 100, 22784, 24576, 340.66, 68
2026/09/20 17:03:34.604, 100, 22784, 24576, 341.84, 68
2026/09/20 17:03:35.605, 100, 22784, 24576, 339.49, 68
2026/09/20 17:03:36.605, 100, 22784, 24576, 337.61, 68
2026/09/20 17:03:37.605, 100, 22784, 24576, 340.49, 68
2026/09/20 17:03:38.606, 100, 22784, 24576, 339.12, 68
2026/09/20 17:03:39.607, 100, 22784, 24576, 338.18, 68
2026/09/20 17:03:40.608, 100, 22784, 24576, 337.59, 68
2026/09/20 17:03:41.608, 100, 22784, 24576, 337.00, 68
2026/09/20 17:03:42.609, 100, 22784, 24576, 336.66, 68
2026/09/20 17:03:43.609, 100, 22784, 24576, 336.37, 68
2026/09/20 17:03:44.610, 100, 22784, 24576, 337.85, 68
2026/09/20 17:03:45.610, 100, 22784, 24576, 336.74, 68
2026/09/20 17:03:46.611, 100, 22784, 24576, 338.02, 68
2026/09/20 17:03:47.611, 100, 22784, 24576, 337.58, 68
2026/09/20 17:03:48.612, 100, 22784, 24576, 339.27, 68
2026/09/20 17:03:49.612, 100, 22784, 24576, 337.42, 68
2026/09/20 17:03:50.613, 100, 22784, 24576, 337.22, 68
2026/09/20 17:03:51.613, 100, 22784, 24576, 337.29, 68
2026/09/20 17:03:52.614, 100, 22784, 24576, 335.24, 68
2026/09/20 17:03:53.614, 100, 22784, 24576, 336.82, 68
2026/09/20 17:03:54.615, 100, 22784, 24576, 335.16, 68
2026/09/20 17:03:55.615, 100, 22784, 24576, 335.01, 68
2026/09/20 17:03:56.615, 100, 22784, 24576, 333.60, 68
2026/09/20 17:03:57.616, 100, 22784, 24576, 332.52, 68
2026/09/20 17:03:58.616, 100, 22784, 24576, 334.33, 68
2026/09/20 17:03:59.617, 100, 22784, 24576, 332.07, 68
2026/09/20 17:04:00.617, 100, 22784, 24576, 329.82, 68
2026/09/20 17:04:01.618, 100, 22784, 24576, 341.36, 68
2026/09/20 17:04:02.619, 100, 22784, 24576, 337.29, 68
2026/09/20 17:04:03.619, 100, 22784, 24576, 336.95, 68
2026/09/20 17:04:04.620, 100, 22784, 24576, 337.10, 68
2026/09/20 17:04:05.620, 100, 22784, 24576, 335.46, 68
2026/09/20 17:04:06.621, 100, 22784, 24576, 336.40, 68
2026/09/20 17:04:07.621, 100, 22784, 24576, 337.61, 68
2026/09/20 17:04:08.622, 100, 22784, 24576, 344.54, 67
2026/09/20 17:04:09.622, 100, 22784, 24576, 343.73, 67
2026/09/20 17:04:10.623, 100, 22784, 24576, 344.34, 67
2026/09/20 17:04:11.623, 100, 22784, 24576, 343.77, 67
2026/09/20 17:04:12.623, 100, 22784, 24576, 343.94, 66
2026/09/20 17:04:13.624, 100, 22784, 24576, 343.76, 67
2026/09/20 17:04:14.624, 100, 22784, 24576, 343.60, 66
2026/09/20 17:04:15.625, 100, 22784, 24576, 343.92, 66
2026/09/20 17:04:16.625, 100, 22784, 24576, 343.79, 67
2026/09/20 17:04:17.626, 100, 22784, 24576, 344.44, 67
2026/09/20 17:04:18.626, 100, 22784, 24576, 343.79, 67
2026/09/20 17:04:19.627, 100, 22784, 24576, 344.19, 67
2026/09/20 17:04:20.628, 100, 22784, 24576, 341.16, 67
2026/09/20 17:04:21.628, 100, 22784, 24576, 343.28, 67
2026/09/20 17:04:22.629, 100, 22784, 24576, 342.88, 67
2026/09/20 17:04:23.629, 100, 22784, 24576, 343.80, 68
2026/09/20 17:04:24.629, 100, 22784, 24576, 343.15, 68
2026/09/20 17:04:25.630, 100, 22784, 24576, 343.28, 67
2026/09/20 17:04:26.630, 100, 22784, 24576, 343.51, 68
2026/09/20 17:04:27.631, 100, 22784, 24576, 344.36, 68
2026/09/20 17:04:28.631, 100, 22784, 24576, 344.13, 68
2026/09/20 17:04:29.632, 100, 22784, 24576, 343.24, 68
2026/09/20 17:04:30.632, 100, 22784, 24576, 344.05, 68
2026/09/20 17:04:31.633, 100, 22784, 24576, 343.99, 68
2026/09/20 17:04:32.633, 100, 22784, 24576, 343.46, 68
2026/09/20 17:04:33.634, 100, 22784, 24576, 343.55, 68
2026/09/20 17:04:34.634, 100, 22784, 24576, 343.45, 68
2026/09/20 17:04:35.635, 100, 22784, 24576, 344.98, 68
2026/09/20 17:04:36.635, 100, 22784, 24576, 343.50, 68
2026/09/20 17:04:37.635, 100, 22784, 24576, 343.02, 68
2026/09/20 17:04:38.636, 100, 22784, 24576, 343.70, 68
2026/09/20 17:04:39.636, 100, 22784, 24576, 343.54, 68
2026/09/20 17:04:40.637, 100, 22784, 24576, 343.25, 68
2026/09/20 17:04:41.637, 100, 22784, 24576, 343.12, 68
2026/09/20 17:04:42.640, 100, 22784, 24576, 344.44, 68
2026/09/20 17:04:43.640, 100, 22784, 24576, 341.29, 68
2026/09/20 17:04:44.641, 100, 22784, 24576, 342.25, 68
2026/09/20 17:04:45.641, 100, 22784, 24576, 342.28, 68
2026/09/20 17:04:46.642, 100, 22784, 24576, 341.22, 68
2026/09/20 17:04:47.642, 99, 22784, 24576, 341.68, 68
2026/09/20 17:04:48.643, 100, 22784, 24576, 340.61, 68
2026/09/20 17:04:49.643, 100, 22784, 24576, 339.01, 68
2026/09/20 17:04:50.643, 100, 22784, 24576, 338.91, 68
2026/09/20 17:04:51.644, 100, 22784, 24576, 340.55, 68
2026/09/20 17:04:52.644, 99, 22784, 24576, 340.07, 68
2026/09/20 17:04:53.645, 100, 22784, 24576, 337.39, 68
2026/09/20 17:04:54.645, 100, 22784, 24576, 338.49, 68
2026/09/20 17:04:55.646, 100, 22784, 24576, 336.61, 68
2026/09/20 17:04:56.646, 99, 22784, 24576, 339.15, 68
2026/09/20 17:04:57.646, 100, 22784, 24576, 335.59, 68
2026/09/20 17:04:58.647, 100, 22784, 24576, 338.11, 68
2026/09/20 17:04:59.647, 100, 22784, 24576, 336.16, 68
2026/09/20 17:05:00.648, 100, 22784, 24576, 337.63, 68
2026/09/20 17:05:01.648, 100, 22784, 24576, 337.96, 68
2026/09/20 17:05:02.649, 100, 22784, 24576, 336.68, 68
2026/09/20 17:05:03.649, 100, 22784, 24576, 338.23, 69
2026/09/20 17:05:04.650, 100, 22784, 24576, 338.36, 68
2026/09/20 17:05:05.650, 100, 22784, 24576, 338.93, 68
2026/09/20 17:05:06.650, 100, 22784, 24576, 337.55, 68
2026/09/20 17:05:07.651, 100, 22784, 24576, 337.09, 68
2026/09/20 17:05:08.651, 100, 22784, 24576, 336.43, 68
2026/09/20 17:05:09.652, 100, 22784, 24576, 336.05, 68
2026/09/20 17:05:10.652, 100, 22784, 24576, 333.93, 68
2026/09/20 17:05:11.653, 100, 22784, 24576, 336.98, 68
2026/09/20 17:05:12.653, 100, 22784, 24576, 331.45, 68
2026/09/20 17:05:13.653, 100, 22784, 24576, 331.85, 68
2026/09/20 17:05:14.654, 100, 22784, 24576, 328.52, 68
2026/09/20 17:05:15.654, 100, 22784, 24576, 339.47, 68
2026/09/20 17:05:16.655, 100, 22784, 24576, 336.71, 68
2026/09/20 17:05:17.655, 100, 22784, 24576, 338.01, 68
2026/09/20 17:05:18.656, 100, 22784, 24576, 335.50, 68
2026/09/20 17:05:19.656, 100, 22784, 24576, 339.64, 68
2026/09/20 17:05:20.657, 98, 22784, 24576, 341.13, 69
2026/09/20 17:05:21.657, 100, 22784, 24576, 342.08, 68
2026/09/20 17:05:22.658, 100, 22784, 24576, 343.71, 68
2026/09/20 17:05:23.658, 100, 22784, 24576, 343.14, 68
2026/09/20 17:05:24.658, 100, 22784, 24576, 343.58, 68
2026/09/20 17:05:25.659, 100, 22784, 24576, 342.73, 68
2026/09/20 17:05:26.659, 100, 22784, 24576, 342.49, 68
2026/09/20 17:05:27.660, 100, 22784, 24576, 343.48, 68
2026/09/20 17:05:28.660, 99, 22784, 24576, 343.09, 68
2026/09/20 17:05:29.661, 100, 22784, 24576, 342.79, 68
2026/09/20 17:05:30.661, 100, 22784, 24576, 343.52, 68
2026/09/20 17:05:31.661, 100, 22784, 24576, 343.60, 68
2026/09/20 17:05:32.662, 100, 22784, 24576, 344.58, 68
2026/09/20 17:05:33.662, 100, 22784, 24576, 343.89, 68
2026/09/20 17:05:34.663, 100, 22784, 24576, 344.62, 69
2026/09/20 17:05:35.663, 99, 22784, 24576, 341.82, 68
2026/09/20 17:05:36.664, 100, 22784, 24576, 343.85, 69
2026/09/20 17:05:37.664, 100, 22784, 24576, 343.34, 68
2026/09/20 17:05:38.665, 100, 22784, 24576, 342.93, 68
2026/09/20 17:05:39.665, 100, 22784, 24576, 343.46, 68
2026/09/20 17:05:40.666, 100, 22784, 24576, 343.81, 68
2026/09/20 17:05:41.666, 100, 22784, 24576, 342.88, 68
2026/09/20 17:05:42.666, 100, 22784, 24576, 341.97, 68
2026/09/20 17:05:43.667, 99, 22784, 24576, 342.48, 68
2026/09/20 17:05:44.667, 100, 22784, 24576, 341.13, 68
2026/09/20 17:05:45.668, 100, 22784, 24576, 341.71, 68
2026/09/20 17:05:46.668, 100, 22784, 24576, 342.70, 68
2026/09/20 17:05:47.669, 100, 22784, 24576, 341.80, 68
2026/09/20 17:05:48.669, 100, 22784, 24576, 342.08, 68
2026/09/20 17:05:49.670, 100, 22784, 24576, 341.34, 68
2026/09/20 17:05:50.670, 99, 22784, 24576, 339.19, 68
2026/09/20 17:05:51.671, 100, 22784, 24576, 340.97, 68
2026/09/20 17:05:52.671, 100, 22784, 24576, 339.49, 68
2026/09/20 17:05:53.672, 100, 22784, 24576, 338.58, 68
2026/09/20 17:05:54.672, 100, 22784, 24576, 337.07, 68
2026/09/20 17:05:55.673, 100, 22784, 24576, 335.95, 68
2026/09/20 17:05:56.674, 100, 22784, 24576, 337.15, 68
2026/09/20 17:05:57.674, 100, 22784, 24576, 335.66, 68
2026/09/20 17:05:58.674, 100, 22784, 24576, 336.72, 68
2026/09/20 17:05:59.675, 100, 22784, 24576, 338.48, 68
2026/09/20 17:06:00.675, 100, 22784, 24576, 339.10, 68
2026/09/20 17:06:01.676, 100, 22784, 24576, 337.49, 68
2026/09/20 17:06:02.676, 100, 22784, 24576, 337.73, 68
2026/09/20 17:06:03.677, 100, 22784, 24576, 336.96, 68
2026/09/20 17:06:04.677, 100, 22784, 24576, 337.71, 68
2026/09/20 17:06:05.678, 100, 22784, 24576, 337.36, 68
2026/09/20 17:06:06.678, 100, 22784, 24576, 336.51, 68
2026/09/20 17:06:07.678, 99, 22784, 24576, 335.73, 68
2026/09/20 17:06:08.679, 100, 22784, 24576, 334.82, 68
2026/09/20 17:06:09.679, 100, 22784, 24576, 335.89, 68
2026/09/20 17:06:10.680, 100, 22784, 24576, 334.86, 68
2026/09/20 17:06:11.681, 100, 22784, 24576, 336.07, 68
2026/09/20 17:06:12.681, 100, 22784, 24576, 336.24, 68
2026/09/20 17:06:13.682, 100, 22784, 24576, 331.54, 68
2026/09/20 17:06:14.682, 100, 22784, 24576, 333.36, 68
2026/09/20 17:06:15.683, 100, 22784, 24576, 332.42, 68
2026/09/20 17:06:16.683, 100, 22784, 24576, 339.12, 68
2026/09/20 17:06:17.684, 100, 22784, 24576, 339.01, 68
2026/09/20 17:06:18.684, 100, 22784, 24576, 335.77, 68
2026/09/20 17:06:19.685, 100, 22784, 24576, 337.18, 68
2026/09/20 17:06:20.685, 100, 22784, 24576, 336.60, 68
2026/09/20 17:06:21.686, 100, 22784, 24576, 343.14, 68
2026/09/20 17:06:22.686, 100, 22784, 24576, 343.49, 68
2026/09/20 17:06:23.687, 100, 22784, 24576, 342.74, 68
2026/09/20 17:06:24.687, 100, 22784, 24576, 343.88, 68
2026/09/20 17:06:25.688, 100, 22784, 24576, 343.59, 68
2026/09/20 17:06:26.688, 99, 22784, 24576, 343.57, 68
2026/09/20 17:06:27.689, 100, 22784, 24576, 343.82, 68
2026/09/20 17:06:28.689, 100, 22784, 24576, 343.04, 68
2026/09/20 17:06:29.690, 100, 22784, 24576, 342.54, 68
2026/09/20 17:06:30.690, 100, 22784, 24576, 343.82, 68
2026/09/20 17:06:31.691, 99, 22784, 24576, 343.56, 68
2026/09/20 17:06:32.691, 100, 22784, 24576, 343.70, 68
2026/09/20 17:06:33.692, 100, 22784, 24576, 344.32, 68
2026/09/20 17:06:34.692, 100, 22784, 24576, 343.79, 68
2026/09/20 17:06:35.693, 100, 22784, 24576, 343.33, 68
2026/09/20 17:06:36.693, 100, 22784, 24576, 342.91, 68
2026/09/20 17:06:37.694, 100, 22784, 24576, 343.35, 68
2026/09/20 17:06:38.694, 100, 22784, 24576, 343.16, 69
2026/09/20 17:06:39.695, 100, 22784, 24576, 342.42, 68
2026/09/20 17:06:40.695, 100, 22784, 24576, 342.66, 69
2026/09/20 17:06:41.695, 100, 22784, 24576, 343.48, 68
2026/09/20 17:06:42.696, 100, 22784, 24576, 343.06, 68
2026/09/20 17:06:43.696, 100, 22784, 24576, 340.74, 68
2026/09/20 17:06:44.697, 100, 22784, 24576, 342.13, 68
2026/09/20 17:06:45.697, 100, 22784, 24576, 342.72, 68
2026/09/20 17:06:46.698, 100, 22784, 24576, 341.36, 68
2026/09/20 17:06:47.698, 100, 22784, 24576, 342.09, 68
2026/09/20 17:06:48.699, 100, 22784, 24576, 341.54, 69
2026/09/20 17:06:49.699, 100, 22784, 24576, 341.49, 68
2026/09/20 17:06:50.700, 100, 22784, 24576, 339.84, 68
2026/09/20 17:06:51.700, 100, 22784, 24576, 339.79, 68
2026/09/20 17:06:52.700, 100, 22784, 24576, 338.81, 69
2026/09/20 17:06:53.701, 99, 22784, 24576, 340.49, 68
2026/09/20 17:06:54.701, 100, 22784, 24576, 338.38, 68
2026/09/20 17:06:55.702, 100, 22784, 24576, 338.61, 68
2026/09/20 17:06:56.702, 100, 22784, 24576, 336.63, 68
2026/09/20 17:06:57.703, 99, 22784, 24576, 337.52, 68
2026/09/20 17:06:58.703, 100, 22784, 24576, 337.70, 68
2026/09/20 17:06:59.704, 100, 22784, 24576, 339.87, 68
2026/09/20 17:07:00.704, 100, 22784, 24576, 340.32, 69
2026/09/20 17:07:01.705, 100, 22784, 24576, 337.27, 69
2026/09/20 17:07:02.705, 100, 22784, 24576, 338.08, 68
2026/09/20 17:07:03.706, 100, 22784, 24576, 339.08, 68
2026/09/20 17:07:04.706, 100, 22784, 24576, 337.36, 68
2026/09/20 17:07:05.707, 100, 22784, 24576, 336.14, 68
2026/09/20 17:07:06.707, 100, 22784, 24576, 336.07, 68
2026/09/20 17:07:07.708, 100, 22784, 24576, 337.00, 68
2026/09/20 17:07:08.708, 100, 22784, 24576, 337.08, 68
2026/09/20 17:07:09.709, 100, 22784, 24576, 335.14, 68
2026/09/20 17:07:10.709, 100, 22784, 24576, 335.04, 68
2026/09/20 17:07:11.710, 100, 22784, 24576, 336.00, 68
2026/09/20 17:07:12.710, 98, 22784, 24576, 336.21, 68
2026/09/20 17:07:13.711, 100, 22784, 24576, 333.56, 68
2026/09/20 17:07:14.711, 100, 22784, 24576, 333.75, 68
2026/09/20 17:07:15.712, 100, 22784, 24576, 328.82, 68
2026/09/20 17:07:16.712, 100, 22784, 24576, 335.80, 68
2026/09/20 17:07:17.712, 99, 22784, 24576, 342.88, 69
2026/09/20 17:07:18.713, 100, 22784, 24576, 339.13, 69
2026/09/20 17:07:19.713, 100, 22784, 24576, 334.92, 68
2026/09/20 17:07:20.714, 100, 22784, 24576, 336.16, 68
2026/09/20 17:07:21.714, 100, 22784, 24576, 333.02, 68
2026/09/20 17:07:22.715, 100, 22784, 24576, 337.15, 68
2026/09/20 17:07:23.715, 100, 22784, 24576, 345.49, 68
2026/09/20 17:07:24.716, 100, 22784, 24576, 343.15, 68
2026/09/20 17:07:25.716, 100, 22784, 24576, 343.46, 68
2026/09/20 17:07:26.717, 100, 22784, 24576, 344.21, 68
2026/09/20 17:07:27.717, 100, 22784, 24576, 344.41, 68
2026/09/20 17:07:28.718, 100, 22784, 24576, 343.96, 67
2026/09/20 17:07:29.718, 100, 22784, 24576, 343.74, 67
2026/09/20 17:07:30.719, 100, 22784, 24576, 343.90, 67
2026/09/20 17:07:31.719, 100, 22784, 24576, 343.98, 67
2026/09/20 17:07:32.720, 100, 22784, 24576, 343.59, 67
2026/09/20 17:07:33.720, 100, 22784, 24576, 343.53, 67
2026/09/20 17:07:34.721, 100, 22784, 24576, 343.43, 67
2026/09/20 17:07:35.721, 100, 22784, 24576, 341.73, 67
2026/09/20 17:07:36.722, 100, 22784, 24576, 342.48, 68
2026/09/20 17:07:37.722, 100, 22784, 24576, 342.51, 68
2026/09/20 17:07:38.723, 100, 22784, 24576, 342.83, 68
2026/09/20 17:07:39.723, 99, 22784, 24576, 342.23, 68
2026/09/20 17:07:40.723, 100, 22784, 24576, 342.54, 68
2026/09/20 17:07:41.724, 100, 22784, 24576, 342.74, 68
2026/09/20 17:07:42.725, 100, 22784, 24576, 342.83, 68
2026/09/20 17:07:43.725, 100, 22784, 24576, 343.62, 68
2026/09/20 17:07:44.726, 100, 22784, 24576, 343.41, 68
2026/09/20 17:07:45.726, 100, 22784, 24576, 343.35, 68
2026/09/20 17:07:46.727, 100, 22784, 24576, 343.39, 69
2026/09/20 17:07:47.727, 100, 22784, 24576, 342.92, 69
2026/09/20 17:07:48.728, 100, 22784, 24576, 343.91, 69
2026/09/20 17:07:49.728, 100, 22784, 24576, 343.59, 69
2026/09/20 17:07:50.728, 100, 22784, 24576, 344.74, 69
2026/09/20 17:07:51.729, 100, 22784, 24576, 343.22, 69
2026/09/20 17:07:52.730, 100, 22784, 24576, 343.01, 69
2026/09/20 17:07:53.730, 100, 22784, 24576, 342.76, 69
2026/09/20 17:07:54.731, 100, 22784, 24576, 342.60, 69
2026/09/20 17:07:55.731, 100, 22784, 24576, 341.53, 69
2026/09/20 17:07:56.731, 100, 22784, 24576, 341.83, 69
2026/09/20 17:07:57.732, 100, 22784, 24576, 342.82, 69
2026/09/20 17:07:58.732, 100, 22784, 24576, 343.31, 69
2026/09/20 17:07:59.733, 100, 22784, 24576, 341.26, 69
2026/09/20 17:08:00.733, 100, 22784, 24576, 343.11, 69
2026/09/20 17:08:01.734, 100, 22784, 24576, 341.29, 69
2026/09/20 17:08:02.734, 100, 22784, 24576, 342.60, 69
2026/09/20 17:08:03.735, 100, 22784, 24576, 340.51, 69
2026/09/20 17:08:04.735, 100, 22784, 24576, 338.89, 68
2026/09/20 17:08:05.736, 100, 22784, 24576, 340.23, 69
2026/09/20 17:08:06.736, 100, 22784, 24576, 339.97, 69
2026/09/20 17:08:07.737, 100, 22784, 24576, 340.33, 69
2026/09/20 17:08:08.737, 100, 22784, 24576, 339.58, 69
2026/09/20 17:08:09.738, 100, 22784, 24576, 336.47, 69
2026/09/20 17:08:10.738, 100, 22784, 24576, 335.93, 69
2026/09/20 17:08:11.739, 99, 22784, 24576, 337.55, 69
2026/09/20 17:08:12.739, 100, 22784, 24576, 337.28, 69
2026/09/20 17:08:13.739, 100, 22784, 24576, 335.27, 69
2026/09/20 17:08:14.740, 100, 22784, 24576, 337.62, 68
2026/09/20 17:08:15.740, 100, 22784, 24576, 339.34, 69
2026/09/20 17:08:16.741, 100, 22784, 24576, 338.42, 69
2026/09/20 17:08:17.741, 100, 22784, 24576, 337.00, 68
2026/09/20 17:08:18.742, 100, 22784, 24576, 337.18, 69
2026/09/20 17:08:19.742, 100, 22784, 24576, 337.91, 69
2026/09/20 17:08:20.743, 100, 22784, 24576, 335.89, 69
2026/09/20 17:08:21.743, 100, 22784, 24576, 336.07, 69
2026/09/20 17:08:22.744, 100, 22784, 24576, 336.13, 69
2026/09/20 17:08:23.744, 100, 22784, 24576, 335.94, 69
2026/09/20 17:08:24.745, 100, 22784, 24576, 334.63, 69
2026/09/20 17:08:25.745, 100, 22784, 24576, 333.75, 69
2026/09/20 17:08:26.746, 100, 22784, 24576, 336.54, 68
2026/09/20 17:08:27.746, 100, 22784, 24576, 335.90, 68
2026/09/20 17:08:28.746, 100, 22784, 24576, 330.51, 68
2026/09/20 17:08:29.747, 100, 22784, 24576, 329.23, 68
2026/09/20 17:08:30.747, 100, 22784, 24576, 340.33, 69
2026/09/20 17:08:31.748, 100, 22784, 24576, 335.27, 69
2026/09/20 17:08:32.748, 100, 22784, 24576, 339.06, 68
2026/09/20 17:08:33.749, 100, 22784, 24576, 334.73, 69
2026/09/20 17:08:34.749, 100, 22784, 24576, 334.66, 69
2026/09/20 17:08:35.750, 100, 22784, 24576, 336.78, 69
2026/09/20 17:08:36.750, 99, 22784, 24576, 340.82, 69
2026/09/20 17:08:37.750, 100, 22784, 24576, 342.40, 68
2026/09/20 17:08:38.751, 99, 22784, 24576, 343.21, 68
2026/09/20 17:08:39.751, 100, 22784, 24576, 342.25, 68
2026/09/20 17:08:40.752, 100, 22784, 24576, 343.28, 68
2026/09/20 17:08:41.752, 100, 22784, 24576, 343.03, 68
2026/09/20 17:08:42.752, 100, 22784, 24576, 342.98, 68
2026/09/20 17:08:43.753, 100, 22784, 24576, 342.83, 68
2026/09/20 17:08:44.753, 100, 22784, 24576, 343.10, 69
2026/09/20 17:08:45.754, 100, 22784, 24576, 343.44, 69
2026/09/20 17:08:46.755, 100, 22784, 24576, 343.55, 69
2026/09/20 17:08:47.756, 99, 22784, 24576, 343.78, 68
2026/09/20 17:08:48.756, 100, 22784, 24576, 344.01, 69
2026/09/20 17:08:49.757, 100, 22784, 24576, 342.90, 69
2026/09/20 17:08:50.757, 100, 22784, 24576, 344.56, 69
2026/09/20 17:08:51.758, 100, 22784, 24576, 342.54, 69
2026/09/20 17:08:52.758, 99, 22784, 24576, 344.42, 69
2026/09/20 17:08:53.758, 100, 22784, 24576, 342.93, 69
2026/09/20 17:08:54.759, 100, 22784, 24576, 344.37, 69
2026/09/20 17:08:55.759, 100, 22784, 24576, 342.63, 69
2026/09/20 17:08:56.760, 100, 22784, 24576, 343.26, 69
2026/09/20 17:08:57.760, 100, 22784, 24576, 341.74, 69
2026/09/20 17:08:58.760, 99, 22784, 24576, 342.82, 69
2026/09/20 17:08:59.761, 100, 22784, 24576, 341.80, 69
2026/09/20 17:09:00.761, 100, 22784, 24576, 341.08, 69
2026/09/20 17:09:01.762, 100, 22784, 24576, 342.96, 69
2026/09/20 17:09:02.762, 100, 22784, 24576, 341.99, 69
2026/09/20 17:09:03.763, 100, 22784, 24576, 340.72, 69
2026/09/20 17:09:04.763, 100, 22784, 24576, 341.32, 69
2026/09/20 17:09:05.764, 100, 22784, 24576, 340.10, 69
2026/09/20 17:09:06.764, 100, 22784, 24576, 337.41, 69
2026/09/20 17:09:07.765, 100, 22784, 24576, 340.05, 69
2026/09/20 17:09:08.765, 100, 22784, 24576, 340.70, 69
2026/09/20 17:09:09.766, 100, 22784, 24576, 341.37, 69
2026/09/20 17:09:10.766, 99, 22784, 24576, 338.45, 69
2026/09/20 17:09:11.767, 100, 22784, 24576, 339.50, 69
2026/09/20 17:09:12.767, 100, 22784, 24576, 336.99, 69
2026/09/20 17:09:13.767, 100, 22784, 24576, 338.04, 69
2026/09/20 17:09:14.768, 100, 22784, 24576, 337.72, 69
2026/09/20 17:09:15.769, 100, 22784, 24576, 336.72, 69
2026/09/20 17:09:16.770, 100, 22784, 24576, 336.80, 69
2026/09/20 17:09:17.770, 99, 22784, 24576, 336.53, 69
2026/09/20 17:09:18.770, 100, 22784, 24576, 337.73, 69
2026/09/20 17:09:19.771, 100, 22784, 24576, 335.87, 69
2026/09/20 17:09:20.771, 99, 22784, 24576, 337.33, 69
2026/09/20 17:09:21.772, 100, 22784, 24576, 338.17, 69
2026/09/20 17:09:22.772, 100, 22784, 24576, 337.42, 68
2026/09/20 17:09:23.773, 100, 22784, 24576, 337.62, 69
2026/09/20 17:09:24.773, 100, 22784, 24576, 337.22, 68
2026/09/20 17:09:25.774, 100, 22784, 24576, 335.67, 69
2026/09/20 17:09:26.774, 100, 22784, 24576, 336.73, 69
2026/09/20 17:09:27.774, 100, 22784, 24576, 334.56, 68
2026/09/20 17:09:28.775, 99, 22784, 24576, 338.36, 69
2026/09/20 17:09:29.775, 100, 22784, 24576, 332.14, 68
2026/09/20 17:09:30.776, 100, 22784, 24576, 331.33, 68
2026/09/20 17:09:31.776, 100, 22784, 24576, 331.39, 69
2026/09/20 17:09:32.777, 100, 22784, 24576, 338.54, 68
2026/09/20 17:09:33.777, 99, 22784, 24576, 338.24, 68
2026/09/20 17:09:34.778, 100, 22784, 24576, 336.46, 68
2026/09/20 17:09:35.778, 100, 22784, 24576, 337.56, 69
2026/09/20 17:09:36.779, 100, 22784, 24576, 336.35, 68
2026/09/20 17:09:37.779, 100, 22784, 24576, 341.51, 69
2026/09/20 17:09:38.780, 100, 22784, 24576, 343.51, 68
2026/09/20 17:09:39.780, 100, 22784, 24576, 342.88, 68
2026/09/20 17:09:40.781, 100, 22784, 24576, 342.84, 69
2026/09/20 17:09:41.781, 100, 22784, 24576, 343.25, 68
2026/09/20 17:09:42.782, 100, 22784, 24576, 343.49, 69
2026/09/20 17:09:43.782, 100, 22784, 24576, 343.15, 68
2026/09/20 17:09:44.783, 100, 22784, 24576, 343.82, 69
2026/09/20 17:09:45.783, 100, 22784, 24576, 343.36, 69
2026/09/20 17:09:46.784, 100, 22784, 24576, 343.76, 69
2026/09/20 17:09:47.784, 100, 22784, 24576, 343.65, 68
2026/09/20 17:09:48.785, 100, 22784, 24576, 344.27, 69
2026/09/20 17:09:49.785, 100, 22784, 24576, 342.38, 69
2026/09/20 17:09:50.786, 100, 22784, 24576, 344.15, 69
2026/09/20 17:09:51.787, 99, 22784, 24576, 343.17, 69
2026/09/20 17:09:52.787, 100, 22784, 24576, 343.10, 69
2026/09/20 17:09:53.788, 100, 22784, 24576, 343.93, 69
2026/09/20 17:09:54.788, 100, 22784, 24576, 343.49, 69
2026/09/20 17:09:55.789, 100, 22784, 24576, 343.88, 69
2026/09/20 17:09:56.789, 100, 22784, 24576, 343.17, 69
2026/09/20 17:09:57.790, 100, 22784, 24576, 342.66, 69
2026/09/20 17:09:58.790, 100, 22784, 24576, 343.10, 69
2026/09/20 17:09:59.790, 100, 22784, 24576, 341.82, 69
2026/09/20 17:10:00.791, 100, 22784, 24576, 342.93, 69
2026/09/20 17:10:01.791, 100, 22784, 24576, 342.51, 69
2026/09/20 17:10:02.792, 100, 22784, 24576, 342.97, 69
2026/09/20 17:10:03.792, 99, 22784, 24576, 341.04, 69
2026/09/20 17:10:04.793, 100, 22784, 24576, 340.07, 69
2026/09/20 17:10:05.794, 100, 23046, 24576, 340.84, 69
2026/09/20 17:10:06.800, 100, 22784, 24576, 338.58, 68
2026/09/20 17:10:07.801, 100, 22784, 24576, 337.98, 69
2026/09/20 17:10:08.801, 100, 22784, 24576, 336.11, 69
2026/09/20 17:10:09.802, 100, 22784, 24576, 340.21, 69
2026/09/20 17:10:10.802, 100, 22784, 24576, 338.32, 69
2026/09/20 17:10:11.803, 100, 22784, 24576, 338.13, 69
2026/09/20 17:10:12.803, 100, 22784, 24576, 337.89, 68
2026/09/20 17:10:13.804, 100, 22784, 24576, 336.26, 69
2026/09/20 17:10:14.804, 100, 22784, 24576, 336.71, 69
2026/09/20 17:10:15.805, 100, 22784, 24576, 338.08, 69
2026/09/20 17:10:16.805, 100, 22784, 24576, 337.67, 68
2026/09/20 17:10:17.806, 100, 22784, 24576, 339.67, 69
2026/09/20 17:10:18.806, 100, 22784, 24576, 337.34, 69
2026/09/20 17:10:19.807, 100, 22784, 24576, 335.90, 68
2026/09/20 17:10:20.807, 100, 22784, 24576, 336.83, 69
2026/09/20 17:10:21.808, 100, 22784, 24576, 334.74, 69
2026/09/20 17:10:22.808, 100, 22784, 24576, 337.24, 69
2026/09/20 17:10:23.809, 100, 22784, 24576, 336.62, 69
2026/09/20 17:10:24.809, 100, 22784, 24576, 336.02, 69
2026/09/20 17:10:25.810, 100, 22784, 24576, 338.20, 68
2026/09/20 17:10:26.810, 100, 22784, 24576, 336.44, 68
2026/09/20 17:10:27.811, 100, 22784, 24576, 337.56, 68
2026/09/20 17:10:28.811, 100, 22784, 24576, 336.26, 69
2026/09/20 17:10:29.812, 100, 22784, 24576, 335.13, 69
2026/09/20 17:10:30.812, 100, 22784, 24576, 334.66, 68
2026/09/20 17:10:31.813, 100, 22784, 24576, 335.59, 68
2026/09/20 17:10:32.813, 100, 22784, 24576, 337.05, 68
2026/09/20 17:10:33.814, 100, 22784, 24576, 344.50, 69
2026/09/20 17:10:34.814, 100, 22784, 24576, 336.69, 69
2026/09/20 17:10:35.814, 100, 22784, 24576, 335.89, 68
2026/09/20 17:10:36.815, 100, 22784, 24576, 335.23, 68
2026/09/20 17:10:37.815, 100, 22784, 24576, 334.66, 69
2026/09/20 17:10:38.816, 100, 22784, 24576, 334.41, 69
2026/09/20 17:10:39.816, 100, 22784, 24576, 345.60, 68
2026/09/20 17:10:40.817, 100, 22784, 24576, 342.34, 68
2026/09/20 17:10:41.817, 100, 22784, 24576, 344.23, 68
2026/09/20 17:10:42.818, 100, 22784, 24576, 344.41, 68
2026/09/20 17:10:43.818, 100, 22784, 24576, 344.35, 68
2026/09/20 17:10:44.818, 100, 22784, 24576, 343.13, 68
2026/09/20 17:10:45.819, 100, 22784, 24576, 344.02, 67
2026/09/20 17:10:46.819, 100, 22784, 24576, 344.41, 67
2026/09/20 17:10:47.820, 100, 22784, 24576, 343.90, 67
2026/09/20 17:10:48.820, 100, 22784, 24576, 344.28, 67
2026/09/20 17:10:49.821, 100, 22784, 24576, 344.28, 67
2026/09/20 17:10:50.821, 100, 22784, 24576, 343.48, 67
2026/09/20 17:10:51.822, 100, 22784, 24576, 341.64, 67
2026/09/20 17:10:52.822, 100, 22784, 24576, 342.24, 68
2026/09/20 17:10:53.823, 100, 22784, 24576, 342.02, 68
2026/09/20 17:10:54.823, 100, 22784, 24576, 342.38, 68
2026/09/20 17:10:55.824, 100, 22784, 24576, 342.03, 68
2026/09/20 17:10:56.824, 100, 22784, 24576, 342.24, 68
2026/09/20 17:10:57.824, 100, 22784, 24576, 342.03, 68
2026/09/20 17:10:58.825, 100, 22784, 24576, 342.84, 68
2026/09/20 17:10:59.825, 100, 22784, 24576, 343.44, 68
2026/09/20 17:11:00.826, 100, 22784, 24576, 343.72, 68
2026/09/20 17:11:01.826, 100, 22784, 24576, 343.81, 69
2026/09/20 17:11:02.827, 100, 22784, 24576, 343.04, 68
2026/09/20 17:11:03.827, 100, 22784, 24576, 343.84, 68
2026/09/20 17:11:04.827, 100, 22784, 24576, 344.49, 68
2026/09/20 17:11:05.828, 100, 22784, 24576, 343.75, 69
2026/09/20 17:11:06.828, 100, 22784, 24576, 343.74, 69
2026/09/20 17:11:07.829, 100, 22784, 24576, 342.99, 68
2026/09/20 17:11:08.829, 100, 22784, 24576, 342.80, 69
2026/09/20 17:11:09.830, 100, 22784, 24576, 343.18, 69
2026/09/20 17:11:10.830, 100, 22784, 24576, 343.50, 69
2026/09/20 17:11:11.831, 100, 22784, 24576, 342.20, 69
2026/09/20 17:11:12.831, 100, 22784, 24576, 341.85, 69
2026/09/20 17:11:13.832, 100, 22784, 24576, 341.17, 69
2026/09/20 17:11:14.832, 100, 22784, 24576, 342.49, 69
2026/09/20 17:11:15.833, 100, 22784, 24576, 343.18, 69
2026/09/20 17:11:16.833, 100, 22784, 24576, 342.60, 69
2026/09/20 17:11:17.834, 100, 22784, 24576, 341.53, 69
2026/09/20 17:11:18.834, 99, 22784, 24576, 342.98, 69
2026/09/20 17:11:19.835, 100, 22784, 24576, 341.03, 69
2026/09/20 17:11:20.835, 100, 22784, 24576, 338.66, 69
2026/09/20 17:11:21.836, 100, 22784, 24576, 336.47, 69
2026/09/20 17:11:22.836, 100, 22784, 24576, 338.85, 69
2026/09/20 17:11:23.837, 99, 22784, 24576, 341.95, 69
2026/09/20 17:11:24.838, 100, 22784, 24576, 337.89, 69
2026/09/20 17:11:25.838, 100, 22784, 24576, 338.97, 69
2026/09/20 17:11:26.839, 100, 22784, 24576, 336.02, 68
2026/09/20 17:11:27.839, 99, 22784, 24576, 339.02, 69
2026/09/20 17:11:28.840, 100, 22784, 24576, 337.08, 69
2026/09/20 17:11:29.840, 100, 22784, 24576, 338.72, 69
2026/09/20 17:11:30.841, 100, 22784, 24576, 336.66, 69
2026/09/20 17:11:31.841, 100, 22784, 24576, 336.68, 69
2026/09/20 17:11:32.842, 100, 22784, 24576, 339.19, 69
2026/09/20 17:11:33.843, 100, 22784, 24576, 338.25, 69
2026/09/20 17:11:34.843, 100, 22784, 24576, 338.68, 69
2026/09/20 17:11:35.844, 100, 22784, 24576, 337.88, 69
2026/09/20 17:11:36.844, 100, 22784, 24576, 338.59, 69
2026/09/20 17:11:37.845, 100, 22784, 24576, 337.90, 69
2026/09/20 17:11:38.846, 100, 22784, 24576, 337.21, 69
2026/09/20 17:11:39.846, 100, 22784, 24576, 334.74, 69
2026/09/20 17:11:40.847, 100, 22784, 24576, 335.73, 68
2026/09/20 17:11:41.847, 100, 22784, 24576, 335.26, 69
2026/09/20 17:11:42.848, 100, 22784, 24576, 335.37, 69
2026/09/20 17:11:43.848, 100, 22784, 24576, 332.70, 68
2026/09/20 17:11:44.849, 100, 22784, 24576, 334.21, 69
2026/09/20 17:11:45.849, 100, 22784, 24576, 336.10, 68
2026/09/20 17:11:46.849, 100, 22784, 24576, 339.38, 69
2026/09/20 17:11:47.850, 100, 22784, 24576, 335.34, 69
2026/09/20 17:11:48.850, 100, 22784, 24576, 337.42, 69
2026/09/20 17:11:49.851, 100, 22784, 24576, 333.39, 69
2026/09/20 17:11:50.851, 100, 22784, 24576, 336.30, 69
2026/09/20 17:11:51.852, 100, 22784, 24576, 337.08, 69
2026/09/20 17:11:52.852, 100, 22784, 24576, 337.80, 69
2026/09/20 17:11:53.852, 100, 22784, 24576, 343.20, 68
2026/09/20 17:11:54.853, 100, 22784, 24576, 343.33, 69
2026/09/20 17:11:55.856, 100, 22784, 24576, 343.79, 68
2026/09/20 17:11:56.856, 100, 22784, 24576, 342.90, 68
2026/09/20 17:11:57.857, 100, 22784, 24576, 343.51, 69
2026/09/20 17:11:58.857, 100, 22784, 24576, 343.51, 69
2026/09/20 17:11:59.858, 100, 22784, 24576, 343.12, 69
2026/09/20 17:12:00.858, 100, 22784, 24576, 343.75, 68
2026/09/20 17:12:01.859, 100, 22784, 24576, 343.20, 69
2026/09/20 17:12:02.859, 100, 22784, 24576, 343.98, 69
2026/09/20 17:12:03.860, 99, 22784, 24576, 343.98, 69
2026/09/20 17:12:04.860, 100, 22784, 24576, 344.74, 69
2026/09/20 17:12:05.861, 100, 22784, 24576, 344.38, 69
2026/09/20 17:12:06.861, 100, 22784, 24576, 345.39, 69
2026/09/20 17:12:07.862, 100, 22784, 24576, 342.79, 69
2026/09/20 17:12:08.862, 99, 22784, 24576, 344.60, 69
2026/09/20 17:12:09.862, 99, 22784, 24576, 343.98, 69
2026/09/20 17:12:10.863, 100, 22784, 24576, 343.88, 69
2026/09/20 17:12:11.863, 100, 22784, 24576, 342.68, 69
2026/09/20 17:12:12.864, 100, 22784, 24576, 344.66, 69
2026/09/20 17:12:13.864, 99, 22784, 24576, 343.89, 69
2026/09/20 17:12:14.865, 99, 22784, 24576, 343.42, 69
2026/09/20 17:12:15.865, 100, 22784, 24576, 341.82, 69
2026/09/20 17:12:16.865, 100, 22784, 24576, 342.37, 69
2026/09/20 17:12:17.866, 100, 22784, 24576, 342.16, 69
2026/09/20 17:12:18.866, 100, 22784, 24576, 340.97, 69
2026/09/20 17:12:19.867, 100, 22784, 24576, 342.14, 69
2026/09/20 17:12:20.867, 100, 22784, 24576, 338.35, 69
2026/09/20 17:12:21.870, 100, 22784, 24576, 341.51, 69
2026/09/20 17:12:22.870, 100, 22784, 24576, 338.50, 69
2026/09/20 17:12:23.871, 100, 22784, 24576, 340.81, 69
2026/09/20 17:12:24.871, 100, 22784, 24576, 340.64, 69
2026/09/20 17:12:25.872, 100, 22784, 24576, 339.17, 69
2026/09/20 17:12:26.872, 100, 22784, 24576, 338.29, 69
2026/09/20 17:12:27.873, 100, 22784, 24576, 338.45, 69
2026/09/20 17:12:28.873, 100, 22784, 24576, 336.91, 69
2026/09/20 17:12:29.874, 100, 22784, 24576, 337.49, 68
2026/09/20 17:12:30.874, 100, 22784, 24576, 336.36, 69
2026/09/20 17:12:31.874, 100, 22784, 24576, 337.49, 69
2026/09/20 17:12:32.875, 100, 22784, 24576, 338.07, 69
2026/09/20 17:12:33.875, 100, 22784, 24576, 337.89, 69
2026/09/20 17:12:34.876, 100, 22784, 24576, 338.38, 69
2026/09/20 17:12:35.876, 100, 22784, 24576, 337.23, 69
2026/09/20 17:12:36.876, 100, 22784, 24576, 336.98, 69
2026/09/20 17:12:37.877, 100, 22784, 24576, 337.14, 69
2026/09/20 17:12:38.877, 100, 22784, 24576, 336.48, 69
2026/09/20 17:12:39.878, 100, 22784, 24576, 337.72, 69
2026/09/20 17:12:40.878, 100, 22784, 24576, 337.15, 69
2026/09/20 17:12:41.879, 100, 22784, 24576, 334.86, 69
2026/09/20 17:12:42.879, 100, 22784, 24576, 336.55, 69
2026/09/20 17:12:43.879, 100, 22784, 24576, 335.69, 69
2026/09/20 17:12:44.880, 99, 22784, 24576, 336.90, 69
2026/09/20 17:12:45.880, 100, 22784, 24576, 334.27, 68
2026/09/20 17:12:46.881, 100, 22784, 24576, 330.88, 69
2026/09/20 17:12:47.882, 100, 22784, 24576, 333.00, 69
2026/09/20 17:12:48.882, 100, 22784, 24576, 340.92, 68
2026/09/20 17:12:49.883, 100, 22784, 24576, 336.46, 69
2026/09/20 17:12:50.883, 100, 22784, 24576, 335.83, 69
2026/09/20 17:12:51.884, 100, 22784, 24576, 338.13, 69
2026/09/20 17:12:52.885, 100, 22784, 24576, 336.99, 69
2026/09/20 17:12:53.885, 100, 22784, 24576, 340.73, 69
2026/09/20 17:12:54.886, 100, 22784, 24576, 343.44, 68
2026/09/20 17:12:55.886, 100, 22784, 24576, 342.85, 68
2026/09/20 17:12:56.887, 99, 22784, 24576, 342.70, 68
2026/09/20 17:12:57.887, 100, 22784, 24576, 342.67, 68
2026/09/20 17:12:58.887, 100, 22784, 24576, 343.18, 68
2026/09/20 17:12:59.888, 100, 22784, 24576, 342.81, 69
2026/09/20 17:13:00.888, 100, 22784, 24576, 343.00, 69
2026/09/20 17:13:01.889, 100, 22784, 24576, 343.11, 69
2026/09/20 17:13:02.889, 100, 22784, 24576, 343.94, 69
2026/09/20 17:13:03.890, 100, 22784, 24576, 344.04, 69
2026/09/20 17:13:04.890, 100, 22784, 24576, 343.57, 69
2026/09/20 17:13:05.891, 100, 22784, 24576, 343.83, 69
2026/09/20 17:13:06.891, 100, 22784, 24576, 344.09, 69
2026/09/20 17:13:07.892, 100, 22784, 24576, 343.60, 69
2026/09/20 17:13:08.892, 100, 22784, 24576, 343.97, 69
2026/09/20 17:13:09.893, 100, 22784, 24576, 344.18, 69
2026/09/20 17:13:10.893, 100, 22784, 24576, 344.06, 69
2026/09/20 17:13:11.894, 100, 22784, 24576, 344.16, 69
2026/09/20 17:13:12.894, 100, 22784, 24576, 343.78, 69
2026/09/20 17:13:13.894, 100, 22784, 24576, 343.95, 69
2026/09/20 17:13:14.895, 100, 22784, 24576, 343.74, 69
2026/09/20 17:13:15.895, 100, 22784, 24576, 341.33, 69
2026/09/20 17:13:16.896, 100, 22784, 24576, 343.48, 69
2026/09/20 17:13:17.896, 100, 22784, 24576, 341.83, 69
2026/09/20 17:13:18.897, 99, 22784, 24576, 339.36, 69
2026/09/20 17:13:19.897, 100, 22784, 24576, 343.57, 69
2026/09/20 17:13:20.897, 100, 22784, 24576, 342.99, 69
2026/09/20 17:13:21.899, 100, 22784, 24576, 341.05, 69
2026/09/20 17:13:22.899, 100, 22784, 24576, 339.10, 69
2026/09/20 17:13:23.900, 100, 22784, 24576, 341.56, 69
2026/09/20 17:13:24.900, 99, 22784, 24576, 336.58, 69
2026/09/20 17:13:25.901, 100, 22784, 24576, 339.65, 69
2026/09/20 17:13:26.901, 100, 22784, 24576, 338.85, 69
2026/09/20 17:13:27.902, 100, 22784, 24576, 338.52, 69
2026/09/20 17:13:28.902, 100, 22784, 24576, 340.11, 69
2026/09/20 17:13:29.904, 100, 22784, 24576, 338.70, 69
2026/09/20 17:13:30.904, 100, 22784, 24576, 337.09, 69
2026/09/20 17:13:31.905, 100, 22784, 24576, 337.53, 69
2026/09/20 17:13:32.905, 99, 22784, 24576, 337.92, 69
2026/09/20 17:13:33.906, 100, 22784, 24576, 336.49, 69
2026/09/20 17:13:34.907, 100, 22784, 24576, 337.75, 69
2026/09/20 17:13:35.907, 100, 22784, 24576, 335.88, 69
2026/09/20 17:13:36.908, 100, 22784, 24576, 337.09, 69
2026/09/20 17:13:37.908, 100, 22784, 24576, 338.25, 69
2026/09/20 17:13:38.909, 100, 22784, 24576, 335.46, 68
2026/09/20 17:13:39.909, 100, 22784, 24576, 334.26, 68
2026/09/20 17:13:40.909, 100, 22784, 24576, 336.00, 69
2026/09/20 17:13:41.910, 99, 22784, 24576, 337.12, 69
2026/09/20 17:13:42.911, 100, 22784, 24576, 337.95, 69
2026/09/20 17:13:43.911, 100, 22784, 24576, 335.50, 68
2026/09/20 17:13:44.911, 100, 22784, 24576, 336.48, 68
2026/09/20 17:13:45.912, 100, 22784, 24576, 334.64, 69
2026/09/20 17:13:46.912, 100, 22784, 24576, 333.80, 69
2026/09/20 17:13:47.913, 100, 22784, 24576, 336.61, 68
2026/09/20 17:13:48.913, 100, 22784, 24576, 333.85, 68
2026/09/20 17:13:49.913, 100, 22784, 24576, 343.26, 69
2026/09/20 17:13:50.914, 100, 22784, 24576, 337.85, 69
2026/09/20 17:13:51.914, 100, 22784, 24576, 337.79, 68
2026/09/20 17:13:52.915, 100, 22784, 24576, 336.73, 68
2026/09/20 17:13:53.915, 100, 22784, 24576, 336.31, 68
2026/09/20 17:13:54.916, 100, 22784, 24576, 334.71, 68
2026/09/20 17:13:55.916, 100, 22784, 24576, 345.59, 68
2026/09/20 17:13:56.916, 100, 22784, 24576, 343.32, 68
2026/09/20 17:13:57.917, 100, 22784, 24576, 343.74, 68
2026/09/20 17:13:58.917, 100, 22784, 24576, 345.01, 68
2026/09/20 17:13:59.918, 100, 22784, 24576, 344.38, 68
2026/09/20 17:14:00.919, 100, 22784, 24576, 344.72, 67
2026/09/20 17:14:01.919, 100, 22784, 24576, 344.83, 67
2026/09/20 17:14:02.920, 100, 22784, 24576, 344.38, 67
2026/09/20 17:14:03.920, 100, 22784, 24576, 343.95, 67
2026/09/20 17:14:04.921, 100, 22784, 24576, 344.17, 67
2026/09/20 17:14:05.921, 100, 22784, 24576, 344.02, 67
2026/09/20 17:14:06.922, 100, 22784, 24576, 344.00, 67
2026/09/20 17:14:07.922, 100, 22784, 24576, 342.38, 67
2026/09/20 17:14:08.922, 99, 22784, 24576, 342.23, 67
2026/09/20 17:14:09.923, 99, 22784, 24576, 342.06, 68
2026/09/20 17:14:10.923, 100, 22784, 24576, 342.86, 68
2026/09/20 17:14:11.924, 100, 22784, 24576, 343.20, 68
2026/09/20 17:14:12.924, 100, 22784, 24576, 343.15, 68
2026/09/20 17:14:13.924, 100, 22784, 24576, 343.00, 68
2026/09/20 17:14:14.925, 100, 22784, 24576, 343.45, 68
2026/09/20 17:14:15.925, 100, 22784, 24576, 343.86, 68
2026/09/20 17:14:16.926, 100, 22784, 24576, 343.30, 68
2026/09/20 17:14:17.926, 100, 22784, 24576, 344.33, 68
2026/09/20 17:14:18.927, 100, 22784, 24576, 343.56, 68
2026/09/20 17:14:19.927, 100, 22784, 24576, 343.84, 68
2026/09/20 17:14:20.927, 100, 22784, 24576, 343.76, 68
2026/09/20 17:14:21.928, 100, 22784, 24576, 344.18, 68
2026/09/20 17:14:22.928, 100, 22784, 24576, 343.76, 68
2026/09/20 17:14:23.928, 100, 22784, 24576, 343.20, 68
2026/09/20 17:14:24.929, 100, 22784, 24576, 343.37, 68
2026/09/20 17:14:25.929, 100, 22784, 24576, 343.11, 68
2026/09/20 17:14:26.930, 100, 22784, 24576, 343.63, 68
2026/09/20 17:14:27.930, 100, 22784, 24576, 342.56, 68
2026/09/20 17:14:28.931, 100, 22784, 24576, 343.38, 68
2026/09/20 17:14:29.931, 100, 22784, 24576, 343.15, 68
2026/09/20 17:14:30.932, 100, 22784, 24576, 341.95, 68
2026/09/20 17:14:31.932, 100, 22784, 24576, 344.69, 68
2026/09/20 17:14:32.933, 100, 22784, 24576, 343.54, 68
2026/09/20 17:14:33.933, 100, 22784, 24576, 340.71, 68
2026/09/20 17:14:34.934, 100, 22784, 24576, 343.11, 68
2026/09/20 17:14:35.934, 100, 22784, 24576, 339.65, 68
2026/09/20 17:14:36.935, 100, 22784, 24576, 340.84, 68
2026/09/20 17:14:37.935, 100, 22784, 24576, 341.87, 68
2026/09/20 17:14:38.936, 100, 22784, 24576, 340.59, 68
2026/09/20 17:14:39.936, 99, 22784, 24576, 340.61, 68
2026/09/20 17:14:40.937, 100, 22784, 24576, 338.50, 68
2026/09/20 17:14:41.937, 100, 22784, 24576, 338.16, 68
2026/09/20 17:14:42.938, 100, 22784, 24576, 336.32, 68
2026/09/20 17:14:43.938, 99, 22784, 24576, 337.34, 68
2026/09/20 17:14:44.939, 100, 22784, 24576, 336.55, 68
2026/09/20 17:14:45.939, 100, 22784, 24576, 337.97, 68
2026/09/20 17:14:46.940, 100, 22784, 24576, 338.28, 68
2026/09/20 17:14:47.940, 100, 22784, 24576, 337.70, 68
2026/09/20 17:14:48.941, 100, 22784, 24576, 337.41, 68
2026/09/20 17:14:49.941, 100, 22784, 24576, 335.79, 68
2026/09/20 17:14:50.942, 100, 22784, 24576, 337.61, 68
2026/09/20 17:14:51.942, 100, 22784, 24576, 337.49, 68
2026/09/20 17:14:52.943, 100, 22784, 24576, 336.63, 68
2026/09/20 17:14:53.943, 100, 22784, 24576, 338.18, 68
2026/09/20 17:14:54.944, 100, 22784, 24576, 336.49, 68
2026/09/20 17:14:55.944, 100, 22784, 24576, 336.77, 68
2026/09/20 17:14:56.945, 100, 22784, 24576, 335.71, 68
2026/09/20 17:14:57.945, 100, 22784, 24576, 336.25, 68
2026/09/20 17:14:58.946, 100, 22784, 24576, 337.35, 68
2026/09/20 17:14:59.946, 100, 22784, 24576, 332.73, 68
2026/09/20 17:15:00.947, 100, 22784, 24576, 334.09, 67
2026/09/20 17:15:01.947, 100, 22784, 24576, 330.76, 67
2026/09/20 17:15:02.948, 100, 22784, 24576, 339.33, 68
2026/09/20 17:15:03.948, 100, 22784, 24576, 334.73, 67
2026/09/20 17:15:04.949, 100, 22784, 24576, 338.29, 68
2026/09/20 17:15:05.966, 100, 22784, 24576, 334.62, 68
2026/09/20 17:15:06.967, 100, 22784, 24576, 335.02, 68
2026/09/20 17:15:08.337, 100, 22784, 24576, 337.57, 68
2026/09/20 17:15:09.337, 100, 22784, 24576, 342.99, 67
2026/09/20 17:15:10.338, 100, 22784, 24576, 342.17, 67
2026/09/20 17:15:11.338, 100, 22784, 24576, 342.54, 67
2026/09/20 17:15:12.339, 100, 22784, 24576, 343.90, 68
2026/09/20 17:15:13.339, 100, 22784, 24576, 343.60, 67
2026/09/20 17:15:14.340, 100, 22784, 24576, 343.70, 68
2026/09/20 17:15:15.340, 100, 22784, 24576, 343.11, 67
2026/09/20 17:15:16.341, 100, 22784, 24576, 343.75, 68
2026/09/20 17:15:17.341, 100, 22784, 24576, 343.74, 68
2026/09/20 17:15:18.342, 100, 22784, 24576, 343.91, 67
2026/09/20 17:15:19.342, 100, 22784, 24576, 344.94, 67
2026/09/20 17:15:20.343, 99, 22784, 24576, 344.31, 68
2026/09/20 17:15:21.343, 100, 22784, 24576, 344.13, 67
2026/09/20 17:15:22.344, 100, 22784, 24576, 344.38, 67
2026/09/20 17:15:23.344, 100, 22784, 24576, 343.89, 67
2026/09/20 17:15:24.347, 100, 22784, 24576, 344.16, 68
2026/09/20 17:15:25.348, 99, 22784, 24576, 344.07, 68
2026/09/20 17:15:26.348, 99, 22784, 24576, 343.24, 67
2026/09/20 17:15:27.349, 100, 22784, 24576, 344.83, 68
2026/09/20 17:15:28.349, 100, 22784, 24576, 344.17, 68
2026/09/20 17:15:29.349, 100, 22784, 24576, 342.54, 68
2026/09/20 17:15:30.350, 100, 22784, 24576, 342.55, 68
2026/09/20 17:15:31.350, 99, 22784, 24576, 343.34, 67
2026/09/20 17:15:32.351, 100, 22784, 24576, 342.79, 67
2026/09/20 17:15:33.351, 100, 22784, 24576, 341.67, 68
2026/09/20 17:15:34.352, 100, 22784, 24576, 343.56, 68
2026/09/20 17:15:35.352, 100, 22784, 24576, 342.49, 67
2026/09/20 17:15:36.353, 100, 22784, 24576, 341.78, 67
2026/09/20 17:15:37.353, 100, 22784, 24576, 341.26, 68
2026/09/20 17:15:38.354, 100, 22784, 24576, 338.97, 67
2026/09/20 17:15:39.354, 100, 22784, 24576, 338.10, 67
2026/09/20 17:15:40.355, 100, 22784, 24576, 343.46, 67
2026/09/20 17:15:41.355, 100, 22784, 24576, 340.76, 67
2026/09/20 17:15:42.356, 100, 22784, 24576, 337.70, 67
2026/09/20 17:15:43.356, 99, 22784, 24576, 336.98, 67
2026/09/20 17:15:44.357, 100, 22784, 24576, 338.93, 67
2026/09/20 17:15:45.357, 100, 22784, 24576, 337.98, 67
2026/09/20 17:15:46.358, 100, 22784, 24576, 334.61, 67
2026/09/20 17:15:47.358, 100, 22784, 24576, 336.16, 67
2026/09/20 17:15:48.359, 100, 22784, 24576, 336.45, 67
2026/09/20 17:15:49.359, 100, 22784, 24576, 337.03, 67
2026/09/20 17:15:50.359, 99, 22784, 24576, 337.45, 67
2026/09/20 17:15:51.360, 100, 22784, 24576, 336.29, 67
2026/09/20 17:15:52.360, 100, 22784, 24576, 337.02, 67
2026/09/20 17:15:53.361, 99, 22784, 24576, 337.18, 67
2026/09/20 17:15:54.361, 100, 22784, 24576, 337.31, 67
2026/09/20 17:15:55.362, 100, 22784, 24576, 335.02, 67
2026/09/20 17:15:56.362, 100, 22784, 24576, 335.71, 67
2026/09/20 17:15:57.363, 100, 22784, 24576, 335.66, 67
2026/09/20 17:15:58.363, 100, 22784, 24576, 335.72, 67
2026/09/20 17:15:59.364, 100, 22784, 24576, 335.12, 67
2026/09/20 17:16:00.364, 100, 22784, 24576, 336.38, 67
2026/09/20 17:16:01.365, 100, 22784, 24576, 334.31, 67
2026/09/20 17:16:02.365, 100, 22784, 24576, 330.43, 67
2026/09/20 17:16:03.366, 100, 22784, 24576, 331.75, 67
2026/09/20 17:16:04.366, 100, 22784, 24576, 331.20, 67
2026/09/20 17:16:05.366, 100, 22784, 24576, 340.46, 67
2026/09/20 17:16:06.367, 99, 22784, 24576, 336.38, 67
2026/09/20 17:16:07.367, 100, 22784, 24576, 335.21, 67
2026/09/20 17:16:08.368, 100, 22784, 24576, 334.00, 67
2026/09/20 17:16:09.368, 100, 22784, 24576, 336.24, 67
2026/09/20 17:16:10.368, 100, 22784, 24576, 346.01, 66
2026/09/20 17:16:11.369, 100, 22784, 24576, 345.14, 66
2026/09/20 17:16:12.369, 100, 22784, 24576, 345.84, 66
2026/09/20 17:16:13.369, 100, 22784, 24576, 345.26, 66
2026/09/20 17:16:14.370, 100, 22784, 24576, 344.55, 66
2026/09/20 17:16:15.370, 100, 22784, 24576, 345.10, 66
2026/09/20 17:16:16.371, 100, 22784, 24576, 345.56, 66
2026/09/20 17:16:17.371, 100, 22784, 24576, 345.77, 66
2026/09/20 17:16:18.372, 100, 22784, 24576, 345.57, 66
2026/09/20 17:16:19.372, 54, 22780, 24576, 329.83, 66
2026/09/20 17:16:20.372, 99, 22780, 24576, 342.74, 66
2026/09/20 17:16:21.373, 100, 22780, 24576, 343.78, 66
2026/09/20 17:16:22.373, 100, 22780, 24576, 343.12, 66
2026/09/20 17:16:23.374, 99, 22780, 24576, 343.91, 66
2026/09/20 17:16:24.374, 99, 22780, 24576, 343.98, 67
2026/09/20 17:16:25.375, 100, 22780, 24576, 343.84, 67
2026/09/20 17:16:26.375, 100, 22780, 24576, 344.65, 67
2026/09/20 17:16:27.376, 100, 22780, 24576, 344.90, 67
2026/09/20 17:16:28.376, 100, 22780, 24576, 344.52, 67
2026/09/20 17:16:29.377, 99, 22780, 24576, 345.07, 67
2026/09/20 17:16:30.377, 100, 22780, 24576, 344.36, 67
2026/09/20 17:16:31.377, 100, 22780, 24576, 343.87, 67
2026/09/20 17:16:32.378, 100, 22780, 24576, 344.03, 67
2026/09/20 17:16:33.378, 99, 22780, 24576, 344.03, 67
2026/09/20 17:16:34.379, 100, 22780, 24576, 343.48, 67
2026/09/20 17:16:35.379, 100, 22780, 24576, 343.23, 67
2026/09/20 17:16:36.380, 100, 22780, 24576, 342.70, 67
2026/09/20 17:16:37.380, 100, 22780, 24576, 343.32, 67
2026/09/20 17:16:38.381, 100, 22780, 24576, 343.32, 67
2026/09/20 17:16:39.381, 100, 22780, 24576, 343.38, 67
2026/09/20 17:16:40.382, 100, 22780, 24576, 343.31, 67
2026/09/20 17:16:41.382, 100, 22780, 24576, 342.00, 67
2026/09/20 17:16:42.383, 100, 22780, 24576, 342.97, 67
2026/09/20 17:16:43.383, 100, 22780, 24576, 341.65, 67
2026/09/20 17:16:44.384, 99, 22780, 24576, 343.85, 67
2026/09/20 17:16:45.384, 100, 22780, 24576, 341.41, 67
2026/09/20 17:16:46.384, 100, 22780, 24576, 341.80, 67
2026/09/20 17:16:47.385, 100, 22780, 24576, 340.34, 67
2026/09/20 17:16:48.385, 100, 22780, 24576, 339.33, 67
2026/09/20 17:16:49.386, 100, 22780, 24576, 338.44, 67
2026/09/20 17:16:50.386, 99, 22780, 24576, 338.87, 67
2026/09/20 17:16:51.387, 100, 22780, 24576, 339.17, 67
2026/09/20 17:16:52.387, 100, 22780, 24576, 338.83, 67
2026/09/20 17:16:53.387, 100, 22780, 24576, 337.89, 67
2026/09/20 17:16:54.388, 100, 22780, 24576, 336.43, 67
2026/09/20 17:16:55.388, 100, 22780, 24576, 335.99, 67
2026/09/20 17:16:56.389, 100, 22780, 24576, 335.55, 67
2026/09/20 17:16:57.389, 100, 22780, 24576, 336.63, 67
2026/09/20 17:16:58.390, 100, 22780, 24576, 336.70, 67
2026/09/20 17:16:59.390, 100, 22780, 24576, 337.88, 67
2026/09/20 17:17:00.391, 100, 22780, 24576, 336.28, 67
2026/09/20 17:17:01.391, 99, 22780, 24576, 338.26, 67
2026/09/20 17:17:02.392, 100, 22780, 24576, 337.12, 67
2026/09/20 17:17:03.392, 100, 22780, 24576, 336.69, 67
2026/09/20 17:17:04.393, 99, 22780, 24576, 337.18, 67
2026/09/20 17:17:05.393, 100, 22780, 24576, 336.75, 67
2026/09/20 17:17:06.394, 100, 22780, 24576, 336.46, 67
2026/09/20 17:17:07.394, 100, 22780, 24576, 333.80, 67
2026/09/20 17:17:08.395, 100, 22780, 24576, 334.43, 67
2026/09/20 17:17:09.395, 100, 22780, 24576, 334.41, 67
2026/09/20 17:17:10.396, 100, 22780, 24576, 331.62, 67
2026/09/20 17:17:11.396, 100, 22780, 24576, 335.52, 67
2026/09/20 17:17:12.397, 100, 22780, 24576, 338.43, 67
2026/09/20 17:17:13.397, 100, 22780, 24576, 333.82, 67
2026/09/20 17:17:14.398, 100, 22780, 24576, 342.96, 67
2026/09/20 17:17:15.398, 100, 22780, 24576, 332.37, 67
2026/09/20 17:17:16.398, 100, 22780, 24576, 337.78, 67
2026/09/20 17:17:17.399, 100, 22780, 24576, 335.14, 67
2026/09/20 17:17:18.399, 100, 22780, 24576, 336.48, 67
2026/09/20 17:17:19.400, 100, 22782, 24576, 338.03, 67
2026/09/20 17:17:20.400, 100, 22782, 24576, 341.04, 67
2026/09/20 17:17:21.401, 100, 22782, 24576, 341.44, 67
2026/09/20 17:17:22.401, 99, 22782, 24576, 343.98, 67
2026/09/20 17:17:23.401, 99, 22782, 24576, 343.32, 67
2026/09/20 17:17:24.402, 100, 22782, 24576, 344.08, 67
2026/09/20 17:17:25.403, 100, 22782, 24576, 343.81, 67
2026/09/20 17:17:26.404, 100, 22782, 24576, 344.46, 67
2026/09/20 17:17:27.411, 100, 22782, 24576, 344.46, 67
2026/09/20 17:17:28.411, 100, 22782, 24576, 343.68, 67
2026/09/20 17:17:29.413, 99, 22782, 24576, 343.56, 67
2026/09/20 17:17:30.414, 100, 22782, 24576, 343.33, 67
2026/09/20 17:17:31.414, 100, 22782, 24576, 343.87, 67
2026/09/20 17:17:32.415, 99, 22782, 24576, 343.92, 67
2026/09/20 17:17:33.415, 100, 22782, 24576, 344.83, 67
2026/09/20 17:17:34.417, 100, 22782, 24576, 343.08, 67
2026/09/20 17:17:35.417, 100, 22782, 24576, 343.55, 67
2026/09/20 17:17:36.418, 100, 22782, 24576, 343.32, 67
2026/09/20 17:17:37.418, 100, 22782, 24576, 344.61, 67
2026/09/20 17:17:38.419, 100, 22782, 24576, 344.00, 67
2026/09/20 17:17:39.419, 100, 22782, 24576, 342.93, 67
2026/09/20 17:17:40.420, 100, 22782, 24576, 342.57, 67
2026/09/20 17:17:41.420, 100, 22782, 24576, 343.48, 67
2026/09/20 17:17:42.421, 100, 22782, 24576, 342.26, 67
2026/09/20 17:17:43.421, 100, 22782, 24576, 343.67, 67
2026/09/20 17:17:44.422, 100, 22782, 24576, 340.66, 67
2026/09/20 17:17:45.422, 100, 22782, 24576, 341.96, 67
2026/09/20 17:17:46.423, 100, 22782, 24576, 341.54, 67
2026/09/20 17:17:47.423, 100, 22782, 24576, 342.96, 68
2026/09/20 17:17:48.424, 100, 22782, 24576, 340.39, 67
2026/09/20 17:17:49.424, 100, 22782, 24576, 340.67, 67
2026/09/20 17:17:50.424, 100, 22782, 24576, 340.18, 67
2026/09/20 17:17:51.425, 100, 22782, 24576, 338.83, 67
2026/09/20 17:17:52.425, 100, 22782, 24576, 338.69, 67
2026/09/20 17:17:53.426, 100, 22782, 24576, 338.58, 67
2026/09/20 17:17:54.426, 100, 22782, 24576, 338.39, 67
2026/09/20 17:17:55.427, 100, 22782, 24576, 337.68, 67
2026/09/20 17:17:56.427, 100, 22782, 24576, 334.59, 67
2026/09/20 17:17:57.428, 99, 22782, 24576, 338.23, 67
2026/09/20 17:17:58.429, 100, 22782, 24576, 336.89, 67
2026/09/20 17:17:59.429, 100, 22782, 24576, 335.36, 67
2026/09/20 17:18:00.430, 100, 22782, 24576, 336.53, 67
2026/09/20 17:18:01.430, 100, 22782, 24576, 337.94, 68
2026/09/20 17:18:02.432, 100, 22782, 24576, 337.46, 67
2026/09/20 17:18:03.433, 100, 22782, 24576, 337.61, 68
2026/09/20 17:18:04.433, 100, 22782, 24576, 337.24, 67
2026/09/20 17:18:05.434, 100, 22782, 24576, 336.91, 67
2026/09/20 17:18:06.434, 100, 22782, 24576, 336.93, 67
2026/09/20 17:18:07.435, 100, 22782, 24576, 335.42, 67
2026/09/20 17:18:08.435, 100, 22782, 24576, 335.18, 67
2026/09/20 17:18:09.436, 100, 22782, 24576, 335.69, 67
2026/09/20 17:18:10.436, 100, 22782, 24576, 335.54, 67
2026/09/20 17:18:11.437, 100, 22782, 24576, 334.89, 67
2026/09/20 17:18:12.437, 100, 22782, 24576, 335.12, 67
2026/09/20 17:18:13.438, 100, 22782, 24576, 331.51, 67
2026/09/20 17:18:14.438, 100, 22782, 24576, 329.56, 67
2026/09/20 17:18:15.439, 100, 22782, 24576, 335.32, 67
2026/09/20 17:18:16.439, 100, 22782, 24576, 335.58, 67
2026/09/20 17:18:17.440, 100, 22782, 24576, 338.13, 67
2026/09/20 17:18:18.440, 100, 22782, 24576, 336.29, 67
2026/09/20 17:18:19.441, 100, 22782, 24576, 335.04, 67
2026/09/20 17:18:20.441, 100, 22782, 24576, 335.71, 67
2026/09/20 17:18:21.442, 100, 22782, 24576, 344.54, 67
2026/09/20 17:18:22.442, 99, 22782, 24576, 341.85, 67
2026/09/20 17:18:23.443, 99, 22782, 24576, 342.36, 67
2026/09/20 17:18:24.443, 100, 22782, 24576, 343.29, 67
2026/09/20 17:18:25.444, 100, 22782, 24576, 343.50, 67
2026/09/20 17:18:26.444, 100, 22782, 24576, 343.25, 67
2026/09/20 17:18:27.445, 100, 22782, 24576, 343.80, 67
2026/09/20 17:18:28.445, 99, 22782, 24576, 343.77, 67
2026/09/20 17:18:29.446, 100, 22782, 24576, 343.41, 68
2026/09/20 17:18:30.446, 100, 22782, 24576, 344.17, 67
2026/09/20 17:18:31.447, 100, 22782, 24576, 344.28, 68
2026/09/20 17:18:32.447, 99, 22782, 24576, 343.83, 68
2026/09/20 17:18:33.448, 100, 22782, 24576, 343.07, 67
2026/09/20 17:18:34.448, 100, 22782, 24576, 343.30, 67
2026/09/20 17:18:35.449, 100, 22782, 24576, 343.96, 67
2026/09/20 17:18:36.449, 99, 22782, 24576, 343.56, 68
2026/09/20 17:18:37.449, 100, 22782, 24576, 343.00, 68
2026/09/20 17:18:38.450, 100, 22782, 24576, 343.36, 68
2026/09/20 17:18:39.450, 100, 22782, 24576, 342.97, 68
2026/09/20 17:18:40.451, 100, 22782, 24576, 343.43, 68
2026/09/20 17:18:41.451, 100, 22782, 24576, 342.62, 68
2026/09/20 17:18:42.452, 100, 22782, 24576, 342.20, 68
2026/09/20 17:18:43.452, 100, 22782, 24576, 343.36, 68
2026/09/20 17:18:44.453, 100, 22782, 24576, 342.48, 68
2026/09/20 17:18:45.454, 100, 22782, 24576, 342.44, 68
2026/09/20 17:18:46.454, 99, 22782, 24576, 342.25, 68
2026/09/20 17:18:47.454, 100, 22782, 24576, 342.63, 68
2026/09/20 17:18:48.455, 100, 22782, 24576, 341.18, 68
2026/09/20 17:18:49.456, 100, 22782, 24576, 341.84, 68
2026/09/20 17:18:50.456, 100, 22782, 24576, 340.67, 68
2026/09/20 17:18:51.457, 100, 22782, 24576, 339.65, 68
2026/09/20 17:18:52.457, 99, 22782, 24576, 337.67, 68
2026/09/20 17:18:53.457, 100, 22782, 24576, 339.81, 68
2026/09/20 17:18:54.458, 100, 22782, 24576, 337.18, 68
2026/09/20 17:18:55.458, 100, 22782, 24576, 336.28, 68
2026/09/20 17:18:56.459, 100, 22782, 24576, 336.62, 68
2026/09/20 17:18:57.459, 100, 22782, 24576, 336.63, 68
2026/09/20 17:18:58.460, 100, 22782, 24576, 336.37, 68
2026/09/20 17:18:59.460, 100, 22782, 24576, 338.93, 68
2026/09/20 17:19:00.461, 100, 22782, 24576, 338.73, 68
2026/09/20 17:19:01.461, 100, 22782, 24576, 337.26, 67
2026/09/20 17:19:02.462, 100, 22782, 24576, 335.74, 68
2026/09/20 17:19:03.462, 100, 22782, 24576, 335.13, 68
2026/09/20 17:19:04.464, 100, 22782, 24576, 337.48, 67
2026/09/20 17:19:05.464, 100, 22782, 24576, 338.05, 68
2026/09/20 17:19:06.465, 100, 22782, 24576, 336.33, 68
2026/09/20 17:19:07.465, 100, 22784, 24576, 337.68, 68
2026/09/20 17:19:08.466, 100, 22784, 24576, 337.46, 68
2026/09/20 17:19:09.466, 100, 22784, 24576, 336.32, 68
2026/09/20 17:19:10.467, 100, 22784, 24576, 334.96, 68
2026/09/20 17:19:11.467, 100, 22784, 24576, 336.36, 68
2026/09/20 17:19:12.467, 100, 22784, 24576, 333.07, 68
2026/09/20 17:19:13.468, 100, 22784, 24576, 335.74, 68
2026/09/20 17:19:14.468, 100, 22784, 24576, 332.22, 67
2026/09/20 17:19:15.469, 100, 22784, 24576, 329.18, 68
2026/09/20 17:19:16.469, 100, 22784, 24576, 337.39, 68
2026/09/20 17:19:17.470, 100, 22784, 24576, 340.15, 67
2026/09/20 17:19:18.470, 100, 22784, 24576, 333.84, 68
2026/09/20 17:19:19.471, 100, 22784, 24576, 334.96, 68
2026/09/20 17:19:20.471, 100, 22784, 24576, 335.76, 67
2026/09/20 17:19:21.471, 100, 22784, 24576, 335.27, 68
2026/09/20 17:19:22.472, 100, 22784, 24576, 336.04, 68
2026/09/20 17:19:23.473, 100, 22784, 24576, 344.09, 67
2026/09/20 17:19:24.473, 100, 22784, 24576, 344.13, 67
2026/09/20 17:19:25.473, 100, 22784, 24576, 343.35, 67
2026/09/20 17:19:26.474, 100, 22784, 24576, 343.29, 66
2026/09/20 17:19:27.474, 100, 22784, 24576, 343.93, 66
2026/09/20 17:19:28.475, 100, 22784, 24576, 342.96, 66
2026/09/20 17:19:29.475, 100, 22784, 24576, 343.06, 66
2026/09/20 17:19:30.476, 100, 22784, 24576, 343.38, 67
2026/09/20 17:19:31.476, 100, 22784, 24576, 344.17, 67
2026/09/20 17:19:32.477, 100, 22784, 24576, 343.82, 67
2026/09/20 17:19:33.477, 100, 22784, 24576, 344.41, 67
2026/09/20 17:19:34.478, 100, 22784, 24576, 344.93, 67
2026/09/20 17:19:35.478, 99, 22784, 24576, 342.03, 67
2026/09/20 17:19:36.479, 100, 22784, 24576, 342.18, 67
2026/09/20 17:19:37.479, 100, 22784, 24576, 343.42, 67
2026/09/20 17:19:38.479, 100, 22784, 24576, 342.94, 68
2026/09/20 17:19:39.480, 100, 22784, 24576, 343.19, 67
2026/09/20 17:19:40.480, 100, 22784, 24576, 344.06, 67
2026/09/20 17:19:41.481, 100, 22784, 24576, 343.59, 68
2026/09/20 17:19:42.482, 99, 22784, 24576, 343.18, 68
2026/09/20 17:19:43.482, 100, 22784, 24576, 343.74, 68
2026/09/20 17:19:44.483, 99, 22784, 24576, 343.46, 68
2026/09/20 17:19:45.483, 100, 22784, 24576, 343.73, 68
2026/09/20 17:19:46.483, 100, 22784, 24576, 344.73, 68
2026/09/20 17:19:47.484, 99, 22784, 24576, 344.97, 68
2026/09/20 17:19:48.484, 100, 22784, 24576, 344.25, 68
2026/09/20 17:19:49.485, 100, 22784, 24576, 342.94, 68
2026/09/20 17:19:50.485, 100, 22784, 24576, 343.86, 68
2026/09/20 17:19:51.485, 100, 22784, 24576, 342.99, 68
2026/09/20 17:19:52.486, 100, 22784, 24576, 344.02, 68
2026/09/20 17:19:53.486, 100, 22784, 24576, 343.27, 68
2026/09/20 17:19:54.487, 100, 22784, 24576, 342.19, 68
2026/09/20 17:19:55.487, 100, 22784, 24576, 343.74, 68
2026/09/20 17:19:56.488, 100, 22784, 24576, 342.33, 68
2026/09/20 17:19:57.488, 100, 22784, 24576, 340.58, 68
2026/09/20 17:19:58.489, 100, 22784, 24576, 342.56, 68
2026/09/20 17:19:59.489, 100, 22784, 24576, 341.99, 68
2026/09/20 17:20:00.490, 100, 22784, 24576, 340.91, 68
2026/09/20 17:20:01.490, 100, 22784, 24576, 341.38, 68
2026/09/20 17:20:02.491, 99, 22784, 24576, 341.60, 68
2026/09/20 17:20:03.491, 100, 22784, 24576, 340.44, 68
2026/09/20 17:20:04.492, 100, 22784, 24576, 338.55, 68
2026/09/20 17:20:05.492, 100, 22784, 24576, 338.25, 68
2026/09/20 17:20:06.493, 100, 22784, 24576, 338.94, 68
2026/09/20 17:20:07.493, 99, 22784, 24576, 339.43, 68
2026/09/20 17:20:08.495, 100, 22784, 24576, 337.14, 68
2026/09/20 17:20:09.496, 100, 22784, 24576, 334.25, 68
2026/09/20 17:20:10.839, 99, 22784, 24576, 336.46, 68
2026/09/20 17:20:11.839, 100, 22784, 24576, 336.34, 68
2026/09/20 17:20:12.840, 100, 22784, 24576, 337.04, 68
2026/09/20 17:20:13.840, 100, 22784, 24576, 338.54, 68
2026/09/20 17:20:14.841, 100, 22784, 24576, 338.46, 68
2026/09/20 17:20:15.841, 100, 22784, 24576, 337.45, 68
2026/09/20 17:20:16.841, 100, 22784, 24576, 336.74, 68
2026/09/20 17:20:17.842, 100, 22784, 24576, 337.11, 68
2026/09/20 17:20:18.842, 100, 22784, 24576, 339.65, 68
2026/09/20 17:20:19.843, 100, 22784, 24576, 334.96, 68
2026/09/20 17:20:20.843, 100, 22784, 24576, 336.39, 68
2026/09/20 17:20:21.844, 100, 22784, 24576, 338.08, 68
2026/09/20 17:20:22.844, 100, 22784, 24576, 336.31, 68
2026/09/20 17:20:23.844, 100, 22784, 24576, 336.39, 68
2026/09/20 17:20:24.845, 100, 22784, 24576, 334.60, 68
2026/09/20 17:20:25.845, 100, 22784, 24576, 336.69, 68
2026/09/20 17:20:26.846, 100, 22784, 24576, 331.63, 68
2026/09/20 17:20:27.846, 100, 22784, 24576, 334.18, 68
2026/09/20 17:20:28.847, 100, 22784, 24576, 330.21, 68
2026/09/20 17:20:29.847, 100, 22784, 24576, 342.59, 68
2026/09/20 17:20:30.848, 100, 22784, 24576, 333.72, 68
2026/09/20 17:20:31.848, 100, 22784, 24576, 338.77, 68
2026/09/20 17:20:32.850, 100, 22784, 24576, 334.61, 68
2026/09/20 17:20:33.850, 100, 22784, 24576, 335.92, 68
2026/09/20 17:20:34.851, 100, 22784, 24576, 335.30, 68
2026/09/20 17:20:35.851, 100, 22784, 24576, 337.60, 68
2026/09/20 17:20:36.851, 100, 22784, 24576, 342.04, 68
2026/09/20 17:20:37.852, 100, 22784, 24576, 342.38, 68
2026/09/20 17:20:38.852, 100, 22784, 24576, 342.00, 68
2026/09/20 17:20:39.853, 100, 22784, 24576, 342.85, 68
2026/09/20 17:20:40.853, 100, 22784, 24576, 342.80, 68
2026/09/20 17:20:41.854, 100, 22784, 24576, 343.67, 68
2026/09/20 17:20:42.854, 100, 22784, 24576, 343.34, 68
2026/09/20 17:20:43.855, 100, 22784, 24576, 343.54, 68
2026/09/20 17:20:44.855, 100, 22784, 24576, 343.14, 68
2026/09/20 17:20:45.855, 100, 22784, 24576, 343.79, 68
2026/09/20 17:20:46.856, 99, 22784, 24576, 342.86, 68
2026/09/20 17:20:47.856, 100, 22784, 24576, 343.08, 68
2026/09/20 17:20:48.857, 100, 22784, 24576, 343.77, 68
2026/09/20 17:20:49.858, 100, 22784, 24576, 343.39, 68
2026/09/20 17:20:50.858, 100, 22784, 24576, 343.41, 68
2026/09/20 17:20:51.859, 99, 22784, 24576, 343.09, 68
2026/09/20 17:20:52.859, 99, 22784, 24576, 341.77, 68
2026/09/20 17:20:53.860, 100, 22784, 24576, 343.01, 69
2026/09/20 17:20:54.860, 100, 22784, 24576, 342.38, 68
2026/09/20 17:20:55.860, 100, 22784, 24576, 341.50, 68
2026/09/20 17:20:56.861, 99, 22784, 24576, 342.96, 68
2026/09/20 17:20:57.861, 99, 22784, 24576, 342.42, 68
2026/09/20 17:20:58.862, 100, 22784, 24576, 342.50, 68
2026/09/20 17:20:59.862, 100, 22784, 24576, 340.95, 68
2026/09/20 17:21:00.863, 100, 22784, 24576, 342.43, 68
2026/09/20 17:21:01.863, 100, 22784, 24576, 341.77, 68
2026/09/20 17:21:02.864, 100, 22784, 24576, 339.80, 68
2026/09/20 17:21:03.865, 100, 22784, 24576, 341.91, 68
2026/09/20 17:21:04.865, 100, 22784, 24576, 340.90, 69
2026/09/20 17:21:05.865, 100, 22784, 24576, 339.16, 68
2026/09/20 17:21:06.866, 100, 22784, 24576, 337.80, 69
2026/09/20 17:21:07.866, 100, 22784, 24576, 341.91, 68
2026/09/20 17:21:08.866, 100, 22784, 24576, 337.45, 68
2026/09/20 17:21:09.867, 100, 22784, 24576, 337.36, 68
2026/09/20 17:21:10.867, 100, 22784, 24576, 337.24, 68
2026/09/20 17:21:11.868, 100, 22784, 24576, 337.98, 68
2026/09/20 17:21:12.868, 100, 22784, 24576, 337.23, 68
2026/09/20 17:21:13.869, 100, 22784, 24576, 337.25, 68
2026/09/20 17:21:14.870, 100, 22784, 24576, 336.13, 68
2026/09/20 17:21:15.870, 100, 22784, 24576, 336.57, 68
2026/09/20 17:21:16.871, 100, 22784, 24576, 337.11, 68
2026/09/20 17:21:17.871, 100, 22784, 24576, 336.05, 68
2026/09/20 17:21:18.872, 100, 22784, 24576, 336.77, 68
2026/09/20 17:21:19.872, 99, 22784, 24576, 336.50, 68
2026/09/20 17:21:20.873, 100, 22784, 24576, 336.49, 69
2026/09/20 17:21:21.873, 100, 22784, 24576, 337.35, 68
2026/09/20 17:21:22.874, 100, 22784, 24576, 337.29, 68
2026/09/20 17:21:23.874, 100, 22784, 24576, 335.69, 68
2026/09/20 17:21:24.874, 100, 22784, 24576, 335.91, 68
2026/09/20 17:21:25.875, 100, 22784, 24576, 334.57, 68
2026/09/20 17:21:26.875, 100, 22784, 24576, 335.47, 68
2026/09/20 17:21:27.876, 100, 22784, 24576, 334.12, 68
2026/09/20 17:21:28.876, 100, 22784, 24576, 334.83, 68
2026/09/20 17:21:29.877, 100, 22784, 24576, 335.72, 68
2026/09/20 17:21:30.878, 100, 22784, 24576, 339.26, 68
2026/09/20 17:21:31.878, 100, 22784, 24576, 339.34, 68
2026/09/20 17:21:32.879, 99, 22784, 24576, 338.69, 68
2026/09/20 17:21:33.880, 100, 22784, 24576, 333.52, 69
2026/09/20 17:21:34.881, 100, 22784, 24576, 336.19, 68
2026/09/20 17:21:35.881, 100, 22784, 24576, 335.11, 68
2026/09/20 17:21:36.882, 100, 22784, 24576, 342.64, 69
2026/09/20 17:21:37.882, 100, 22784, 24576, 342.65, 68
2026/09/20 17:21:38.883, 100, 22784, 24576, 342.15, 68
2026/09/20 17:21:39.883, 100, 22784, 24576, 343.39, 68
2026/09/20 17:21:40.884, 100, 22784, 24576, 343.52, 68
2026/09/20 17:21:41.884, 100, 22784, 24576, 342.85, 68
2026/09/20 17:21:42.885, 100, 22784, 24576, 343.17, 68
2026/09/20 17:21:43.885, 100, 22784, 24576, 343.32, 68
2026/09/20 17:21:44.885, 99, 22784, 24576, 343.23, 68
2026/09/20 17:21:45.886, 100, 22784, 24576, 343.51, 68
2026/09/20 17:21:46.886, 100, 22784, 24576, 343.38, 69
2026/09/20 17:21:47.887, 100, 22784, 24576, 343.30, 68
2026/09/20 17:21:48.887, 100, 22784, 24576, 343.70, 68
2026/09/20 17:21:49.887, 100, 22784, 24576, 343.99, 69
2026/09/20 17:21:50.888, 99, 22784, 24576, 344.00, 69
2026/09/20 17:21:51.888, 100, 22784, 24576, 342.90, 68
2026/09/20 17:21:52.889, 100, 22784, 24576, 342.71, 69
2026/09/20 17:21:53.889, 100, 22784, 24576, 342.48, 69
2026/09/20 17:21:54.889, 100, 22784, 24576, 343.20, 68
2026/09/20 17:21:55.890, 100, 22784, 24576, 342.57, 68
2026/09/20 17:21:56.890, 100, 22784, 24576, 343.02, 69
2026/09/20 17:21:57.891, 100, 22784, 24576, 343.24, 69
2026/09/20 17:21:58.891, 100, 22784, 24576, 343.42, 69
2026/09/20 17:21:59.892, 100, 22784, 24576, 342.92, 69
2026/09/20 17:22:00.892, 100, 22784, 24576, 343.39, 69
2026/09/20 17:22:01.893, 100, 22784, 24576, 340.77, 69
2026/09/20 17:22:02.893, 99, 22784, 24576, 342.21, 69
2026/09/20 17:22:03.894, 100, 22784, 24576, 341.73, 69
2026/09/20 17:22:04.894, 100, 22784, 24576, 341.38, 68
2026/09/20 17:22:05.895, 100, 22784, 24576, 340.21, 69
2026/09/20 17:22:06.895, 100, 22784, 24576, 340.17, 69
2026/09/20 17:22:07.896, 100, 22784, 24576, 334.86, 68
2026/09/20 17:22:08.896, 100, 22784, 24576, 340.89, 68
2026/09/20 17:22:09.897, 100, 22784, 24576, 338.86, 69
2026/09/20 17:22:10.897, 100, 22784, 24576, 338.61, 69
2026/09/20 17:22:11.898, 100, 22784, 24576, 338.96, 68
2026/09/20 17:22:12.898, 100, 22784, 24576, 337.93, 68
2026/09/20 17:22:13.899, 100, 22784, 24576, 337.70, 68
2026/09/20 17:22:14.899, 100, 22784, 24576, 338.05, 68
2026/09/20 17:22:15.900, 100, 22784, 24576, 337.22, 68
2026/09/20 17:22:16.900, 100, 22784, 24576, 339.38, 68
2026/09/20 17:22:17.900, 100, 22784, 24576, 337.61, 68
2026/09/20 17:22:18.901, 100, 22784, 24576, 336.93, 68
2026/09/20 17:22:19.901, 100, 22784, 24576, 338.63, 69
2026/09/20 17:22:20.902, 100, 22784, 24576, 337.96, 69
2026/09/20 17:22:21.902, 100, 22784, 24576, 337.22, 68
2026/09/20 17:22:22.903, 100, 22784, 24576, 338.35, 69
2026/09/20 17:22:23.903, 100, 22784, 24576, 336.90, 69
2026/09/20 17:22:24.904, 100, 22784, 24576, 333.85, 68
2026/09/20 17:22:25.904, 100, 22784, 24576, 335.60, 68
2026/09/20 17:22:26.904, 100, 22784, 24576, 334.83, 68
2026/09/20 17:22:27.905, 100, 22784, 24576, 335.58, 68
2026/09/20 17:22:28.905, 100, 22784, 24576, 336.43, 69
2026/09/20 17:22:29.906, 100, 22784, 24576, 333.97, 68
2026/09/20 17:22:30.906, 100, 22784, 24576, 335.92, 68
2026/09/20 17:22:31.907, 100, 22784, 24576, 335.10, 69
2026/09/20 17:22:32.907, 100, 22784, 24576, 343.45, 69
2026/09/20 17:22:33.907, 100, 22784, 24576, 336.03, 69
2026/09/20 17:22:34.908, 100, 22784, 24576, 335.57, 68
2026/09/20 17:22:35.908, 100, 22784, 24576, 335.62, 68
2026/09/20 17:22:36.909, 100, 22784, 24576, 334.28, 69
2026/09/20 17:22:37.909, 100, 22784, 24576, 334.93, 68
2026/09/20 17:22:38.910, 100, 22784, 24576, 344.72, 68
2026/09/20 17:22:39.910, 100, 22784, 24576, 342.83, 68
2026/09/20 17:22:40.910, 100, 22784, 24576, 343.62, 68
2026/09/20 17:22:41.911, 100, 22784, 24576, 343.19, 68
2026/09/20 17:22:42.911, 100, 22784, 24576, 343.55, 68
2026/09/20 17:22:43.912, 100, 22784, 24576, 344.23, 67
2026/09/20 17:22:44.912, 100, 22784, 24576, 343.89, 67
2026/09/20 17:22:45.912, 100, 22784, 24576, 343.69, 67
2026/09/20 17:22:46.913, 100, 22784, 24576, 344.04, 67
2026/09/20 17:22:47.913, 100, 22784, 24576, 343.73, 67
2026/09/20 17:22:48.914, 100, 22784, 24576, 342.73, 67
2026/09/20 17:22:49.914, 100, 22784, 24576, 343.26, 67
2026/09/20 17:22:50.915, 100, 22784, 24576, 341.36, 67
2026/09/20 17:22:51.915, 100, 22784, 24576, 342.32, 68
2026/09/20 17:22:52.915, 100, 22784, 24576, 342.37, 68
2026/09/20 17:22:53.916, 100, 22784, 24576, 342.70, 68
2026/09/20 17:22:54.917, 100, 22784, 24576, 342.50, 68
2026/09/20 17:22:55.917, 100, 22784, 24576, 342.70, 68
2026/09/20 17:22:56.917, 100, 22784, 24576, 342.97, 68
2026/09/20 17:22:57.918, 100, 22784, 24576, 343.30, 68
2026/09/20 17:22:58.918, 100, 22784, 24576, 343.51, 68
2026/09/20 17:22:59.919, 100, 22784, 24576, 343.30, 68
2026/09/20 17:23:00.919, 100, 22784, 24576, 343.75, 68
2026/09/20 17:23:01.919, 100, 22784, 24576, 343.17, 68
2026/09/20 17:23:02.920, 100, 22784, 24576, 342.89, 68
2026/09/20 17:23:03.920, 100, 22784, 24576, 342.78, 68
2026/09/20 17:23:04.921, 100, 22784, 24576, 343.79, 69
2026/09/20 17:23:05.921, 100, 22784, 24576, 343.56, 69
2026/09/20 17:23:06.922, 100, 22784, 24576, 343.33, 69
2026/09/20 17:23:07.922, 100, 22784, 24576, 343.19, 69
2026/09/20 17:23:08.923, 100, 22784, 24576, 344.06, 69
2026/09/20 17:23:09.923, 100, 22784, 24576, 343.50, 69
2026/09/20 17:23:10.923, 100, 22784, 24576, 342.27, 69
2026/09/20 17:23:11.924, 100, 22784, 24576, 342.46, 69
2026/09/20 17:23:12.924, 100, 22784, 24576, 342.40, 69
2026/09/20 17:23:13.925, 100, 22784, 24576, 341.87, 68
2026/09/20 17:23:14.925, 100, 22784, 24576, 341.65, 69
2026/09/20 17:23:15.926, 100, 22784, 24576, 341.48, 69
2026/09/20 17:23:16.926, 100, 22784, 24576, 339.77, 69
2026/09/20 17:23:17.926, 99, 22784, 24576, 340.68, 69
2026/09/20 17:23:18.927, 100, 22784, 24576, 341.67, 69
2026/09/20 17:23:19.927, 100, 22784, 24576, 337.84, 69
2026/09/20 17:23:20.928, 100, 22784, 24576, 339.41, 69
2026/09/20 17:23:21.928, 100, 22784, 24576, 339.51, 69
2026/09/20 17:23:22.929, 99, 22784, 24576, 339.68, 69
2026/09/20 17:23:23.929, 100, 22784, 24576, 339.32, 69
2026/09/20 17:23:24.930, 100, 22784, 24576, 337.21, 69
2026/09/20 17:23:25.930, 100, 22784, 24576, 337.32, 69
2026/09/20 17:23:26.931, 99, 22784, 24576, 336.34, 69
2026/09/20 17:23:27.931, 100, 22784, 24576, 338.51, 69
2026/09/20 17:23:28.931, 100, 22784, 24576, 337.51, 69
2026/09/20 17:23:29.932, 100, 22784, 24576, 337.91, 69
2026/09/20 17:23:30.932, 100, 22784, 24576, 337.23, 69
2026/09/20 17:23:31.933, 100, 22784, 24576, 336.08, 69
2026/09/20 17:23:32.933, 100, 22784, 24576, 335.95, 69
2026/09/20 17:23:33.934, 100, 22784, 24576, 336.43, 68
2026/09/20 17:23:34.934, 100, 22784, 24576, 335.19, 69
2026/09/20 17:23:35.935, 100, 22784, 24576, 337.91, 69
2026/09/20 17:23:36.935, 100, 22784, 24576, 335.73, 69
2026/09/20 17:23:37.936, 100, 22784, 24576, 335.29, 69
2026/09/20 17:23:38.936, 100, 22784, 24576, 335.59, 69
2026/09/20 17:23:39.937, 100, 22784, 24576, 335.96, 68
2026/09/20 17:23:40.937, 100, 22784, 24576, 335.80, 69
2026/09/20 17:23:41.937, 100, 22784, 24576, 336.63, 68
2026/09/20 17:23:42.938, 100, 22784, 24576, 332.52, 68
