2026/09/21 07:12:59.960, 0, 22550, 23028, 23.14, 42
2026/09/21 07:13:00.970, 0, 22550, 23028, 23.13, 41
2026/09/21 07:13:01.970, 73, 22550, 23028, 248.14, 56
2026/09/21 07:13:02.970, 100, 22550, 23028, 434.90, 57
2026/09/21 07:13:03.970, 100, 22550, 23028, 449.41, 59
2026/09/21 07:13:04.971, 100, 22550, 23028, 445.66, 59
2026/09/21 07:13:05.971, 100, 22550, 23028, 442.42, 59
2026/09/21 07:13:06.971, 100, 22550, 23028, 440.99, 58
2026/09/21 07:13:07.972, 77, 22550, 23028, 426.85, 59
2026/09/21 07:13:08.972, 91, 22550, 23028, 427.97, 61
2026/09/21 07:13:09.972, 49, 22550, 23028, 416.73, 61
2026/09/21 07:13:10.972, 74, 22550, 23028, 410.52, 61
2026/09/21 07:13:11.973, 95, 22550, 23028, 420.86, 61
2026/09/21 07:13:12.973, 100, 22550, 23028, 425.69, 60
2026/09/21 07:13:13.973, 100, 22550, 23028, 424.07, 61
2026/09/21 07:13:14.973, 100, 22550, 23028, 374.92, 63
2026/09/21 07:13:15.973, 100, 22550, 23028, 391.68, 62
2026/09/21 07:13:16.974, 80, 22550, 23028, 330.27, 57
2026/09/21 07:13:17.974, 66, 22550, 23028, 288.99, 58
2026/09/21 07:13:18.974, 72, 22550, 23028, 266.23, 55
2026/09/21 07:13:19.974, 70, 22550, 23028, 290.95, 58
2026/09/21 07:13:20.975, 83, 22550, 23028, 299.60, 58
2026/09/21 07:13:21.975, 0, 22550, 23028, 135.57, 50
2026/09/21 07:13:22.975, 0, 22550, 23028, 113.86, 50
2026/09/21 07:13:23.975, 100, 22550, 23028, 223.60, 58
2026/09/21 07:13:24.976, 100, 22550, 23028, 434.13, 63
2026/09/21 07:13:25.976, 100, 22550, 23028, 449.18, 63
2026/09/21 07:13:26.976, 100, 22550, 23028, 446.34, 64
2026/09/21 07:13:27.976, 100, 22550, 23028, 441.67, 64
2026/09/21 07:13:28.977, 100, 22550, 23028, 440.59, 65
2026/09/21 07:13:29.977, 100, 22550, 23028, 435.71, 65
2026/09/21 07:13:30.977, 100, 22550, 23028, 430.89, 65
2026/09/21 07:13:31.978, 100, 22550, 23028, 431.05, 65
2026/09/21 07:13:32.978, 100, 22550, 23028, 429.81, 64
2026/09/21 07:13:33.978, 100, 22550, 23028, 426.13, 64
2026/09/21 07:13:34.979, 100, 22550, 23028, 423.26, 65
2026/09/21 07:13:35.979, 100, 22550, 23028, 422.32, 65
2026/09/21 07:13:36.979, 100, 22550, 23028, 419.02, 65
2026/09/21 07:13:37.980, 100, 22550, 23028, 418.54, 65
2026/09/21 07:13:38.980, 100, 22550, 23028, 392.61, 67
2026/09/21 07:13:39.980, 100, 22550, 23028, 415.11, 66
2026/09/21 07:13:40.981, 95, 22550, 23028, 414.01, 67
2026/09/21 07:13:41.981, 100, 22550, 23028, 420.39, 66
2026/09/21 07:13:42.981, 100, 22550, 23028, 415.37, 66
2026/09/21 07:13:43.982, 100, 22550, 23028, 410.67, 67
2026/09/21 07:13:44.982, 100, 22550, 23028, 408.72, 67
2026/09/21 07:13:45.982, 100, 22550, 23028, 405.85, 66
2026/09/21 07:13:46.982, 100, 22550, 23028, 413.57, 67
2026/09/21 07:13:47.983, 100, 22550, 23028, 408.52, 67
2026/09/21 07:13:48.983, 100, 22550, 23028, 407.97, 67
2026/09/21 07:13:49.983, 100, 22550, 23028, 409.20, 69
2026/09/21 07:13:50.983, 100, 22550, 23028, 409.13, 67
2026/09/21 07:13:51.984, 100, 22550, 23028, 404.15, 68
2026/09/21 07:13:52.984, 100, 22550, 23028, 404.63, 69
2026/09/21 07:13:53.984, 100, 22550, 23028, 405.72, 67
2026/09/21 07:13:54.985, 100, 22550, 23028, 406.45, 69
2026/09/21 07:13:55.985, 100, 22550, 23028, 404.08, 69
2026/09/21 07:13:56.985, 100, 22550, 23028, 404.77, 69
2026/09/21 07:13:57.985, 100, 22550, 23028, 405.51, 69
2026/09/21 07:13:58.986, 100, 22550, 23028, 403.42, 68
2026/09/21 07:13:59.986, 100, 22550, 23028, 367.36, 69
2026/09/21 07:14:00.986, 100, 22550, 23028, 408.04, 69
2026/09/21 07:14:01.987, 100, 22550, 23028, 406.41, 69
2026/09/21 07:14:02.987, 100, 22550, 23028, 403.19, 68
2026/09/21 07:14:03.987, 100, 22550, 23028, 403.84, 70
2026/09/21 07:14:04.987, 100, 22550, 23028, 401.62, 70
2026/09/21 07:14:05.988, 93, 22550, 23028, 401.77, 68
2026/09/21 07:14:06.988, 100, 22550, 23028, 402.63, 69
2026/09/21 07:14:07.988, 100, 22550, 23028, 399.00, 70
2026/09/21 07:14:08.988, 100, 22550, 23028, 404.14, 70
2026/09/21 07:14:09.989, 100, 22550, 23028, 403.50, 69
2026/09/21 07:14:10.989, 100, 22550, 23028, 397.76, 71
2026/09/21 07:14:11.989, 100, 22550, 23028, 407.79, 71
2026/09/21 07:14:12.989, 100, 22550, 23028, 401.32, 71
2026/09/21 07:14:13.990, 100, 22550, 23028, 402.41, 71
2026/09/21 07:14:14.990, 100, 22550, 23028, 395.91, 71
2026/09/21 07:14:15.991, 90, 22550, 23028, 398.89, 69
2026/09/21 07:14:16.991, 100, 22550, 23028, 402.66, 69
2026/09/21 07:14:17.991, 100, 22550, 23028, 393.42, 70
2026/09/21 07:14:18.992, 100, 22550, 23028, 401.43, 70
2026/09/21 07:14:19.992, 100, 22550, 23028, 394.91, 70
2026/09/21 07:14:20.992, 100, 22550, 23028, 403.22, 70
2026/09/21 07:14:21.993, 100, 22550, 23028, 393.05, 71
2026/09/21 07:14:22.993, 90, 22550, 23028, 399.75, 70
2026/09/21 07:14:23.993, 100, 22550, 23028, 389.24, 70
2026/09/21 07:14:24.993, 90, 22550, 23028, 390.95, 70
2026/09/21 07:14:25.994, 100, 22550, 23028, 398.12, 71
2026/09/21 07:14:26.994, 79, 22550, 23028, 363.02, 66
2026/09/21 07:14:27.994, 100, 22550, 23028, 398.85, 71
2026/09/21 07:14:28.995, 100, 22550, 23028, 394.62, 72
2026/09/21 07:14:29.995, 100, 22550, 23028, 402.30, 71
2026/09/21 07:14:30.995, 100, 22550, 23028, 399.57, 72
2026/09/21 07:14:31.996, 100, 22550, 23028, 400.28, 70
2026/09/21 07:14:32.996, 100, 22550, 23028, 391.97, 71
2026/09/21 07:14:33.996, 100, 22550, 23028, 401.70, 71
2026/09/21 07:14:34.997, 100, 22550, 23028, 396.55, 71
2026/09/21 07:14:35.997, 100, 22550, 23028, 395.60, 72
2026/09/21 07:14:36.997, 100, 22550, 23028, 397.93, 71
2026/09/21 07:14:37.997, 100, 22550, 23028, 395.43, 72
2026/09/21 07:14:38.998, 100, 22550, 23028, 395.78, 71
2026/09/21 07:14:39.998, 100, 22550, 23028, 399.14, 72
2026/09/21 07:14:40.998, 100, 22550, 23028, 391.38, 71
2026/09/21 07:14:41.999, 100, 22550, 23028, 399.18, 71
2026/09/21 07:14:42.999, 100, 22550, 23028, 390.76, 72
2026/09/21 07:14:43.999, 100, 22550, 23028, 398.95, 72
2026/09/21 07:14:45.000, 100, 22550, 23028, 393.67, 71
2026/09/21 07:14:46.000, 100, 22550, 23028, 395.58, 71
2026/09/21 07:14:47.000, 100, 22550, 23028, 393.63, 71
2026/09/21 07:14:48.000, 100, 22550, 23028, 395.60, 71
2026/09/21 07:14:49.001, 95, 22550, 23028, 393.63, 72
2026/09/21 07:14:50.001, 100, 22550, 23028, 395.17, 71
2026/09/21 07:14:51.001, 100, 22550, 23028, 393.70, 71
2026/09/21 07:14:52.001, 100, 22550, 23028, 391.24, 72
2026/09/21 07:14:53.002, 100, 22550, 23028, 395.78, 73
2026/09/21 07:14:54.002, 100, 22550, 23028, 395.33, 72
2026/09/21 07:14:55.002, 100, 22550, 23028, 401.03, 72
2026/09/21 07:14:56.003, 100, 22550, 23028, 369.71, 72
2026/09/21 07:14:57.003, 100, 22550, 23028, 397.62, 71
2026/09/21 07:14:58.003, 100, 22550, 23028, 362.74, 72
2026/09/21 07:14:59.003, 100, 22550, 23028, 402.46, 72
2026/09/21 07:15:00.004, 74, 22550, 23028, 363.60, 69
2026/09/21 07:15:01.004, 85, 22550, 23028, 322.49, 67
2026/09/21 07:15:02.004, 84, 22550, 23028, 324.99, 68
2026/09/21 07:15:03.005, 88, 22550, 23028, 326.20, 69
2026/09/21 07:15:04.005, 84, 22550, 23028, 322.58, 67
2026/09/21 07:15:05.005, 75, 22550, 23028, 319.74, 68
2026/09/21 07:15:06.006, 0, 22550, 23028, 216.81, 60
2026/09/21 07:15:07.007, 0, 22550, 23028, 81.01, 58
2026/09/21 07:15:08.008, 100, 22550, 23028, 401.80, 71
2026/09/21 07:15:09.009, 100, 22550, 23028, 445.27, 72
2026/09/21 07:15:10.009, 100, 22550, 23028, 445.24, 72
2026/09/21 07:15:11.009, 100, 22550, 23028, 443.89, 71
2026/09/21 07:15:12.009, 100, 22550, 23028, 443.17, 72
2026/09/21 07:15:13.010, 88, 22550, 23028, 435.53, 73
2026/09/21 07:15:14.010, 94, 22550, 23028, 431.88, 72
2026/09/21 07:15:15.010, 100, 22550, 23028, 431.44, 72
2026/09/21 07:15:16.010, 100, 22550, 23028, 432.54, 73
2026/09/21 07:15:17.011, 100, 22550, 23028, 428.34, 72
2026/09/21 07:15:18.011, 95, 22550, 23028, 424.60, 72
2026/09/21 07:15:19.012, 90, 22550, 23028, 424.17, 73
2026/09/21 07:15:20.012, 100, 22550, 23028, 422.55, 72
2026/09/21 07:15:21.012, 100, 22550, 23028, 381.82, 73
2026/09/21 07:15:22.013, 100, 22550, 23028, 383.92, 73
2026/09/21 07:15:23.013, 65, 22550, 23028, 322.27, 68
2026/09/21 07:15:24.013, 67, 22550, 23028, 292.73, 67
2026/09/21 07:15:25.013, 59, 22550, 23028, 273.98, 64
2026/09/21 07:15:26.014, 82, 22550, 23028, 295.33, 65
2026/09/21 07:15:27.014, 80, 22550, 23028, 297.91, 66
2026/09/21 07:15:28.014, 100, 22550, 23028, 346.98, 72
2026/09/21 07:15:29.015, 94, 22550, 23028, 447.50, 72
2026/09/21 07:15:30.015, 100, 22550, 23028, 444.43, 72
2026/09/21 07:15:31.015, 100, 22550, 23028, 443.39, 73
2026/09/21 07:15:32.015, 100, 22550, 23028, 440.82, 72
2026/09/21 07:15:33.016, 100, 22550, 23028, 438.80, 74
2026/09/21 07:15:34.016, 100, 22550, 23028, 437.62, 73
2026/09/21 07:15:35.017, 100, 22550, 23028, 434.70, 74
2026/09/21 07:15:36.017, 100, 22550, 23028, 428.43, 73
2026/09/21 07:15:37.017, 100, 22550, 23028, 429.82, 74
2026/09/21 07:15:38.017, 100, 22550, 23028, 430.35, 73
2026/09/21 07:15:39.018, 100, 22550, 23028, 425.72, 73
2026/09/21 07:15:40.018, 100, 22550, 23028, 423.29, 74
2026/09/21 07:15:41.018, 100, 22550, 23028, 398.99, 73
2026/09/21 07:15:42.019, 100, 22550, 23028, 395.42, 73
2026/09/21 07:15:43.019, 74, 22550, 23028, 358.10, 69
2026/09/21 07:15:44.019, 66, 22550, 23028, 285.60, 68
2026/09/21 07:15:45.020, 80, 22550, 23028, 290.82, 68
2026/09/21 07:15:46.020, 78, 22550, 23028, 306.90, 65
2026/09/21 07:15:47.020, 79, 22550, 23028, 308.23, 68
2026/09/21 07:15:48.021, 100, 22550, 23028, 315.55, 72
2026/09/21 07:15:49.021, 100, 22550, 23028, 450.47, 73
2026/09/21 07:15:50.021, 98, 22550, 23028, 447.68, 71
2026/09/21 07:15:51.021, 100, 22550, 23028, 440.40, 73
2026/09/21 07:15:52.022, 100, 22550, 23028, 442.40, 74
2026/09/21 07:15:53.022, 100, 22550, 23028, 441.73, 74
2026/09/21 07:15:54.022, 100, 22550, 23028, 439.71, 73
2026/09/21 07:15:55.023, 100, 22550, 23028, 436.82, 73
2026/09/21 07:15:56.023, 100, 22550, 23028, 430.80, 73
2026/09/21 07:15:57.024, 100, 22550, 23028, 430.29, 74
2026/09/21 07:15:58.024, 100, 22550, 23028, 427.40, 73
2026/09/21 07:15:59.027, 100, 22550, 23028, 424.95, 74
2026/09/21 07:16:00.027, 100, 22550, 23028, 424.89, 72
2026/09/21 07:16:01.027, 100, 22550, 23028, 379.59, 74
2026/09/21 07:16:02.028, 63, 22550, 23028, 390.71, 74
2026/09/21 07:16:03.028, 100, 22550, 23028, 386.94, 71
2026/09/21 07:16:04.028, 79, 22550, 23028, 317.63, 68
2026/09/21 07:16:05.028, 81, 22550, 23028, 306.98, 68
2026/09/21 07:16:06.029, 74, 22550, 23028, 292.94, 66
2026/09/21 07:16:07.029, 74, 22550, 23028, 290.92, 66
2026/09/21 07:16:08.029, 100, 22550, 23028, 280.02, 72
2026/09/21 07:16:09.029, 100, 22550, 23028, 451.46, 74
2026/09/21 07:16:10.030, 100, 22550, 23028, 450.00, 73
2026/09/21 07:16:11.030, 100, 22550, 23028, 446.43, 73
2026/09/21 07:16:12.030, 84, 22550, 23028, 436.58, 74
2026/09/21 07:16:13.031, 100, 22550, 23028, 432.77, 73
2026/09/21 07:16:14.031, 100, 22550, 23028, 436.66, 74
2026/09/21 07:16:15.031, 100, 22550, 23028, 435.12, 74
2026/09/21 07:16:16.031, 100, 22550, 23028, 431.26, 74
2026/09/21 07:16:17.032, 100, 22550, 23028, 429.25, 74
2026/09/21 07:16:18.032, 100, 22550, 23028, 427.67, 73
2026/09/21 07:16:19.032, 100, 22550, 23028, 423.73, 74
2026/09/21 07:16:20.032, 100, 22550, 23028, 422.55, 73
2026/09/21 07:16:21.033, 32, 22550, 23028, 392.70, 64
2026/09/21 07:16:22.033, 100, 22550, 23028, 384.41, 73
2026/09/21 07:16:23.033, 94, 22550, 23028, 389.54, 66
2026/09/21 07:16:24.033, 74, 22550, 23028, 322.61, 68
2026/09/21 07:16:25.034, 66, 22550, 23028, 291.79, 68
2026/09/21 07:16:26.034, 68, 22550, 23028, 275.85, 67
2026/09/21 07:16:27.034, 70, 22550, 23028, 299.73, 68
2026/09/21 07:16:28.035, 62, 22550, 23028, 289.24, 67
2026/09/21 07:16:29.035, 100, 22550, 23028, 346.65, 73
2026/09/21 07:16:30.035, 100, 22550, 23028, 442.39, 74
2026/09/21 07:16:31.036, 100, 22550, 23028, 447.93, 73
2026/09/21 07:16:32.036, 100, 22550, 23028, 444.58, 74
2026/09/21 07:16:33.036, 100, 22550, 23028, 444.10, 74
2026/09/21 07:16:34.052, 100, 22550, 23028, 441.41, 74
2026/09/21 07:16:35.053, 100, 22550, 23028, 437.82, 74
2026/09/21 07:16:36.053, 100, 22550, 23028, 435.48, 73
2026/09/21 07:16:37.053, 100, 22550, 23028, 429.33, 74
2026/09/21 07:16:38.054, 100, 22550, 23028, 431.05, 74
2026/09/21 07:16:39.054, 100, 22550, 23028, 431.43, 75
2026/09/21 07:16:40.054, 100, 22550, 23028, 427.93, 74
2026/09/21 07:16:41.054, 100, 22550, 23028, 424.64, 74
2026/09/21 07:16:42.055, 100, 22550, 23028, 380.85, 74
2026/09/21 07:16:43.055, 100, 22550, 23028, 397.90, 74
2026/09/21 07:16:44.056, 75, 22550, 23028, 364.83, 70
2026/09/21 07:16:45.056, 68, 22550, 23028, 292.96, 66
2026/09/21 07:16:46.057, 76, 22550, 23028, 295.46, 69
2026/09/21 07:16:47.057, 66, 22550, 23028, 295.00, 69
2026/09/21 07:16:48.057, 70, 22550, 23028, 293.19, 67
2026/09/21 07:16:49.058, 0, 22550, 23028, 161.11, 61
2026/09/21 07:16:50.058, 100, 22550, 23028, 131.23, 71
2026/09/21 07:16:51.058, 100, 22550, 23028, 453.37, 73
2026/09/21 07:16:52.058, 100, 22550, 23028, 447.82, 73
2026/09/21 07:16:53.059, 100, 22550, 23028, 447.64, 73
2026/09/21 07:16:54.059, 95, 22550, 23028, 439.54, 73
2026/09/21 07:16:55.059, 100, 22550, 23028, 438.09, 73
2026/09/21 07:16:56.060, 100, 22550, 23028, 439.21, 74
2026/09/21 07:16:57.060, 100, 22550, 23028, 436.70, 74
2026/09/21 07:16:58.060, 100, 22550, 23028, 433.45, 75
2026/09/21 07:16:59.060, 100, 22550, 23028, 429.62, 74
2026/09/21 07:17:00.061, 100, 22550, 23028, 429.58, 74
2026/09/21 07:17:01.061, 100, 22550, 23028, 427.87, 73
2026/09/21 07:17:02.061, 100, 22550, 23028, 427.05, 74
2026/09/21 07:17:03.062, 66, 22550, 23028, 393.65, 73
2026/09/21 07:17:04.062, 100, 22550, 23028, 413.14, 74
2026/09/21 07:17:05.062, 44, 22550, 23028, 367.39, 72
2026/09/21 07:17:06.063, 73, 22550, 23028, 323.39, 69
2026/09/21 07:17:07.063, 69, 22550, 23028, 308.33, 66
2026/09/21 07:17:08.063, 77, 22550, 23028, 307.63, 69
2026/09/21 07:17:09.063, 79, 22550, 23028, 312.44, 69
2026/09/21 07:17:10.064, 100, 22550, 23028, 302.23, 73
2026/09/21 07:17:11.064, 100, 22550, 23028, 451.21, 73
2026/09/21 07:17:12.064, 100, 22550, 23028, 448.63, 73
2026/09/21 07:17:13.065, 87, 22550, 23028, 440.59, 74
2026/09/21 07:17:14.065, 100, 22550, 23028, 438.57, 74
2026/09/21 07:17:15.065, 100, 22550, 23028, 441.68, 74
2026/09/21 07:17:16.065, 100, 22550, 23028, 439.01, 74
2026/09/21 07:17:17.065, 100, 22550, 23028, 437.95, 75
2026/09/21 07:17:18.066, 100, 22550, 23028, 435.67, 74
2026/09/21 07:17:19.066, 100, 22550, 23028, 430.25, 74
2026/09/21 07:17:20.066, 100, 22550, 23028, 427.30, 75
2026/09/21 07:17:21.067, 100, 22550, 23028, 429.59, 74
2026/09/21 07:17:22.067, 100, 22550, 23028, 424.36, 74
2026/09/21 07:17:23.067, 100, 22550, 23028, 397.51, 75
2026/09/21 07:17:24.068, 22, 22550, 23028, 391.48, 72
2026/09/21 07:17:25.068, 100, 22550, 23028, 369.08, 73
2026/09/21 07:17:26.068, 77, 22550, 23028, 324.58, 69
2026/09/21 07:17:27.069, 66, 22550, 23028, 291.27, 67
2026/09/21 07:17:28.069, 66, 22550, 23028, 283.03, 65
2026/09/21 07:17:29.069, 72, 22550, 23028, 286.27, 66
2026/09/21 07:17:30.069, 0, 22550, 23028, 265.38, 62
2026/09/21 07:17:31.070, 100, 22550, 23028, 382.41, 72
2026/09/21 07:17:32.070, 100, 22550, 23028, 448.18, 73
2026/09/21 07:17:33.070, 100, 22550, 23028, 446.61, 73
2026/09/21 07:17:34.070, 100, 22550, 23028, 445.67, 74
2026/09/21 07:17:35.071, 100, 22550, 23028, 441.98, 74
2026/09/21 07:17:36.071, 100, 22550, 23028, 439.62, 73
2026/09/21 07:17:37.071, 92, 22550, 23028, 434.41, 74
2026/09/21 07:17:38.072, 95, 22550, 23028, 431.15, 75
2026/09/21 07:17:39.072, 97, 22550, 23028, 430.63, 73
2026/09/21 07:17:40.072, 97, 22550, 23028, 428.61, 74
2026/09/21 07:17:41.072, 91, 22550, 23028, 426.02, 75
2026/09/21 07:17:42.073, 97, 22550, 23028, 421.89, 74
2026/09/21 07:17:43.073, 100, 22550, 23028, 421.06, 75
2026/09/21 07:17:44.073, 100, 22550, 23028, 393.11, 74
2026/09/21 07:17:45.073, 100, 22550, 23028, 392.42, 75
2026/09/21 07:17:46.074, 80, 22550, 23028, 346.42, 71
2026/09/21 07:17:47.074, 74, 22550, 23028, 307.47, 68
2026/09/21 07:17:48.074, 76, 22550, 23028, 304.00, 68
2026/09/21 07:17:49.075, 83, 22550, 23028, 314.32, 69
2026/09/21 07:17:50.075, 1, 22550, 23028, 274.31, 70
2026/09/21 07:17:51.075, 100, 22550, 23028, 420.49, 74
2026/09/21 07:17:52.075, 100, 22550, 23028, 446.05, 74
2026/09/21 07:17:53.076, 100, 22550, 23028, 447.38, 75
2026/09/21 07:17:54.076, 100, 22550, 23028, 444.12, 74
2026/09/21 07:17:55.076, 98, 22550, 23028, 440.67, 75
2026/09/21 07:17:56.076, 94, 22550, 23028, 436.42, 75
2026/09/21 07:17:57.077, 100, 22550, 23028, 435.10, 74
2026/09/21 07:17:58.077, 100, 22550, 23028, 435.77, 75
2026/09/21 07:17:59.077, 100, 22550, 23028, 427.83, 75
2026/09/21 07:18:00.078, 100, 22550, 23028, 427.40, 75
2026/09/21 07:18:01.078, 100, 22550, 23028, 426.68, 74
2026/09/21 07:18:02.079, 94, 22550, 23028, 424.16, 75
2026/09/21 07:18:03.079, 85, 22550, 23028, 421.55, 66
2026/09/21 07:18:04.079, 100, 22550, 23028, 394.55, 75
2026/09/21 07:18:05.080, 100, 22550, 23028, 395.41, 68
2026/09/21 07:18:06.080, 76, 22550, 23028, 314.84, 68
2026/09/21 07:18:07.080, 82, 22550, 23028, 299.64, 70
2026/09/21 07:18:08.080, 70, 22550, 23028, 309.51, 69
2026/09/21 07:18:09.081, 66, 22550, 23028, 292.68, 64
2026/09/21 07:18:10.081, 64, 22550, 23028, 289.77, 65
2026/09/21 07:18:11.081, 100, 22550, 23028, 326.87, 74
2026/09/21 07:18:12.082, 92, 22550, 23028, 445.89, 73
2026/09/21 07:18:13.082, 100, 22550, 23028, 442.51, 74
2026/09/21 07:18:14.082, 100, 22550, 23028, 444.20, 75
2026/09/21 07:18:15.083, 100, 22550, 23028, 440.28, 74
2026/09/21 07:18:16.083, 100, 22550, 23028, 439.47, 75
2026/09/21 07:18:17.083, 100, 22550, 23028, 436.44, 75
2026/09/21 07:18:18.084, 100, 22550, 23028, 432.08, 75
2026/09/21 07:18:19.084, 100, 22550, 23028, 430.72, 74
2026/09/21 07:18:20.084, 100, 22550, 23028, 427.74, 75
2026/09/21 07:18:21.084, 100, 22550, 23028, 425.13, 75
2026/09/21 07:18:22.085, 100, 22550, 23028, 424.36, 74
2026/09/21 07:18:23.085, 100, 22550, 23028, 424.78, 74
2026/09/21 07:18:24.085, 100, 22550, 23028, 386.09, 75
2026/09/21 07:18:25.086, 100, 22550, 23028, 390.50, 75
2026/09/21 07:18:26.086, 74, 22550, 23028, 365.23, 71
2026/09/21 07:18:27.086, 85, 22550, 23028, 309.85, 69
2026/09/21 07:18:28.086, 74, 22550, 23028, 307.28, 69
2026/09/21 07:18:29.087, 66, 22550, 23028, 297.12, 70
2026/09/21 07:18:30.087, 85, 22550, 23028, 315.69, 68
2026/09/21 07:18:31.087, 0, 22550, 23028, 117.15, 61
2026/09/21 07:18:32.087, 100, 22550, 23028, 233.57, 72
2026/09/21 07:18:33.088, 100, 22550, 23028, 450.17, 73
2026/09/21 07:18:34.088, 95, 22550, 23028, 447.15, 74
2026/09/21 07:18:35.088, 100, 22550, 23028, 439.59, 73
2026/09/21 07:18:36.088, 100, 22550, 23028, 445.63, 73
2026/09/21 07:18:37.089, 100, 22550, 23028, 439.29, 74
2026/09/21 07:18:38.089, 100, 22550, 23028, 440.57, 75
2026/09/21 07:18:39.089, 100, 22550, 23028, 434.30, 75
2026/09/21 07:18:40.090, 100, 22550, 23028, 431.71, 74
2026/09/21 07:18:41.090, 100, 22550, 23028, 428.86, 74
2026/09/21 07:18:42.090, 100, 22550, 23028, 428.71, 75
2026/09/21 07:18:43.090, 100, 22550, 23028, 427.04, 74
2026/09/21 07:18:44.091, 100, 22550, 23028, 425.49, 74
2026/09/21 07:18:45.091, 100, 22550, 23028, 395.81, 74
2026/09/21 07:18:46.091, 100, 22550, 23028, 395.24, 74
2026/09/21 07:18:47.092, 88, 22550, 23028, 390.80, 73
2026/09/21 07:18:48.092, 83, 22550, 23028, 303.31, 68
2026/09/21 07:18:49.092, 66, 22550, 23028, 300.04, 70
2026/09/21 07:18:50.095, 76, 22550, 23028, 295.05, 70
2026/09/21 07:18:51.096, 82, 22550, 23028, 305.44, 70
2026/09/21 07:18:52.096, 100, 22550, 23028, 302.18, 73
2026/09/21 07:18:53.096, 100, 22550, 23028, 450.69, 73
2026/09/21 07:18:54.097, 100, 22550, 23028, 449.18, 73
2026/09/21 07:18:55.097, 73, 22550, 23028, 435.81, 74
2026/09/21 07:18:56.097, 100, 22550, 23028, 433.75, 75
2026/09/21 07:18:57.098, 100, 22550, 23028, 440.08, 74
2026/09/21 07:18:58.098, 100, 22550, 23028, 435.92, 74
2026/09/21 07:18:59.098, 100, 22550, 23028, 434.42, 74
2026/09/21 07:19:00.099, 100, 22550, 23028, 434.59, 74
2026/09/21 07:19:01.099, 100, 22550, 23028, 430.11, 75
2026/09/21 07:19:02.099, 100, 22550, 23028, 427.19, 75
2026/09/21 07:19:03.100, 100, 22550, 23028, 426.75, 75
2026/09/21 07:19:04.100, 100, 22550, 23028, 426.05, 75
2026/09/21 07:19:05.100, 100, 22550, 23028, 397.57, 74
2026/09/21 07:19:06.101, 34, 22550, 23028, 397.81, 68
2026/09/21 07:19:07.101, 100, 22550, 23028, 373.45, 73
2026/09/21 07:19:08.101, 78, 22550, 23028, 331.28, 70
2026/09/21 07:19:09.101, 78, 22550, 23028, 303.99, 68
2026/09/21 07:19:10.102, 79, 22550, 23028, 300.10, 70
2026/09/21 07:19:11.102, 76, 22550, 23028, 307.61, 68
2026/09/21 07:19:12.102, 100, 22550, 23028, 248.00, 70
2026/09/21 07:19:13.103, 100, 22550, 23028, 453.38, 74
2026/09/21 07:19:14.103, 100, 22550, 23028, 449.14, 74
2026/09/21 07:19:15.103, 100, 22550, 23028, 446.88, 74
2026/09/21 07:19:16.103, 97, 22550, 23028, 440.86, 75
2026/09/21 07:19:17.104, 99, 22550, 23028, 439.11, 74
2026/09/21 07:19:18.104, 100, 22550, 23028, 437.63, 74
2026/09/21 07:19:19.104, 100, 22550, 23028, 433.85, 74
2026/09/21 07:19:20.105, 100, 22550, 23028, 434.11, 74
2026/09/21 07:19:21.105, 100, 22550, 23028, 430.68, 75
2026/09/21 07:19:22.105, 100, 22550, 23028, 430.27, 75
2026/09/21 07:19:23.106, 100, 22550, 23028, 427.36, 73
2026/09/21 07:19:24.106, 100, 22550, 23028, 423.98, 75
2026/09/21 07:19:25.106, 51, 22550, 23028, 400.60, 66
2026/09/21 07:19:26.107, 100, 22550, 23028, 410.15, 75
2026/09/21 07:19:27.107, 38, 22550, 23028, 370.98, 66
2026/09/21 07:19:28.107, 82, 22550, 23028, 321.48, 71
2026/09/21 07:19:29.107, 77, 22550, 23028, 303.10, 70
2026/09/21 07:19:30.108, 66, 22550, 23028, 309.95, 66
2026/09/21 07:19:31.108, 76, 22550, 23028, 298.69, 69
2026/09/21 07:19:32.108, 100, 22550, 23028, 280.05, 72
2026/09/21 07:19:33.109, 100, 22550, 23028, 455.08, 74
2026/09/21 07:19:34.109, 100, 22550, 23028, 447.62, 74
2026/09/21 07:19:35.109, 100, 22550, 23028, 447.38, 74
2026/09/21 07:19:36.109, 97, 22550, 23028, 444.69, 75
2026/09/21 07:19:37.110, 100, 22550, 23028, 442.90, 74
2026/09/21 07:19:38.110, 100, 22550, 23028, 444.28, 76
2026/09/21 07:19:39.110, 100, 22550, 23028, 442.67, 76
2026/09/21 07:19:40.111, 100, 22550, 23028, 436.59, 75
2026/09/21 07:19:41.111, 100, 22550, 23028, 425.90, 76
2026/09/21 07:19:42.111, 100, 22550, 23028, 425.44, 74
2026/09/21 07:19:43.111, 100, 22550, 23028, 425.68, 75
2026/09/21 07:19:44.112, 100, 22550, 23028, 422.83, 76
2026/09/21 07:19:45.112, 56, 22550, 23028, 397.08, 66
2026/09/21 07:19:46.112, 100, 22550, 23028, 407.67, 75
2026/09/21 07:19:47.113, 32, 22550, 23028, 359.14, 66
2026/09/21 07:19:48.113, 74, 22550, 23028, 326.81, 71
2026/09/21 07:19:49.113, 71, 22550, 23028, 305.89, 70
2026/09/21 07:19:50.113, 78, 22550, 23028, 306.77, 68
2026/09/21 07:19:51.114, 84, 22550, 23028, 307.49, 70
2026/09/21 07:19:52.114, 100, 22550, 23028, 286.70, 74
2026/09/21 07:19:53.114, 100, 22550, 23028, 451.28, 75
2026/09/21 07:19:54.115, 100, 22550, 23028, 449.33, 75
2026/09/21 07:19:55.115, 100, 22550, 23028, 448.51, 74
2026/09/21 07:19:56.115, 93, 22550, 23028, 442.65, 75
2026/09/21 07:19:57.115, 100, 22550, 23028, 439.08, 75
2026/09/21 07:19:58.116, 100, 22550, 23028, 437.32, 75
2026/09/21 07:19:59.116, 100, 22550, 23028, 433.41, 76
2026/09/21 07:20:00.116, 100, 22550, 23028, 432.14, 75
2026/09/21 07:20:01.117, 100, 22550, 23028, 428.39, 75
2026/09/21 07:20:02.117, 100, 22550, 23028, 425.77, 75
2026/09/21 07:20:03.117, 100, 22550, 23028, 427.17, 75
2026/09/21 07:20:04.118, 100, 22550, 23028, 427.40, 74
2026/09/21 07:20:05.118, 44, 22550, 23028, 388.67, 74
2026/09/21 07:20:06.118, 100, 22550, 23028, 409.84, 74
2026/09/21 07:20:07.119, 34, 22550, 23028, 373.35, 72
2026/09/21 07:20:08.119, 72, 22550, 23028, 320.07, 69
2026/09/21 07:20:09.119, 76, 22550, 23028, 307.67, 70
2026/09/21 07:20:10.120, 74, 22550, 23028, 302.53, 67
2026/09/21 07:20:11.120, 82, 22550, 23028, 300.71, 70
2026/09/21 07:20:12.120, 0, 22550, 23028, 247.23, 62
2026/09/21 07:20:13.120, 93, 22550, 23028, 346.58, 73
2026/09/21 07:20:14.121, 100, 22550, 23028, 448.44, 75
2026/09/21 07:20:15.121, 100, 22550, 23028, 448.40, 75
2026/09/21 07:20:16.122, 100, 22550, 23028, 445.81, 75
2026/09/21 07:20:17.122, 100, 22550, 23028, 445.13, 75
2026/09/21 07:20:18.122, 100, 22550, 23028, 444.48, 76
2026/09/21 07:20:19.122, 100, 22550, 23028, 442.30, 75
2026/09/21 07:20:20.123, 100, 22550, 23028, 435.06, 74
2026/09/21 07:20:21.123, 100, 22550, 23028, 428.21, 73
2026/09/21 07:20:22.123, 100, 22550, 23028, 429.30, 74
2026/09/21 07:20:23.124, 100, 22550, 23028, 429.07, 74
2026/09/21 07:20:24.124, 100, 22550, 23028, 425.42, 75
2026/09/21 07:20:25.124, 100, 22550, 23028, 423.35, 74
2026/09/21 07:20:26.124, 100, 22550, 23028, 381.37, 75
2026/09/21 07:20:27.125, 100, 22550, 23028, 404.24, 75
2026/09/21 07:20:28.125, 100, 22550, 23028, 314.93, 72
2026/09/21 07:20:29.125, 82, 22550, 23028, 339.69, 70
2026/09/21 07:20:30.125, 79, 22550, 23028, 312.91, 69
2026/09/21 07:20:31.126, 84, 22550, 23028, 315.20, 70
2026/09/21 07:20:32.126, 67, 22550, 23028, 320.14, 69
2026/09/21 07:20:33.126, 78, 22550, 23028, 294.10, 68
2026/09/21 07:20:34.126, 77, 22550, 23028, 294.07, 66
2026/09/21 07:20:35.127, 85, 22550, 23028, 310.55, 69
2026/09/21 07:20:36.127, 65, 22550, 23028, 300.98, 69
2026/09/21 07:20:37.127, 72, 22550, 23028, 305.69, 69
2026/09/21 07:20:38.128, 78, 22550, 23028, 295.55, 66
2026/09/21 07:20:39.128, 85, 22550, 23028, 304.45, 69
2026/09/21 07:20:40.128, 80, 22550, 23028, 309.61, 67
2026/09/21 07:20:41.128, 66, 22550, 23028, 313.45, 67
2026/09/21 07:20:42.129, 73, 22550, 23028, 299.89, 68
2026/09/21 07:20:43.129, 69, 22550, 23028, 300.92, 69
2026/09/21 07:20:44.130, 80, 22550, 23028, 307.02, 68
2026/09/21 07:20:45.130, 73, 22550, 23028, 299.61, 67
2026/09/21 07:20:46.130, 62, 22550, 23028, 302.04, 68
2026/09/21 07:20:47.130, 82, 22550, 23028, 286.40, 66
2026/09/21 07:20:48.131, 78, 22550, 23028, 298.98, 67
2026/09/21 07:20:49.131, 81, 22550, 23028, 320.02, 68
2026/09/21 07:20:50.131, 83, 22550, 23028, 318.65, 67
2026/09/21 07:20:51.132, 81, 22550, 23028, 315.31, 68
2026/09/21 07:20:52.132, 0, 22550, 23028, 264.10, 60
2026/09/21 07:20:53.132, 99, 22550, 23028, 348.52, 72
2026/09/21 07:20:54.133, 100, 22550, 23028, 447.42, 73
2026/09/21 07:20:55.133, 100, 22550, 23028, 446.37, 73
2026/09/21 07:20:56.133, 100, 22550, 23028, 445.76, 74
2026/09/21 07:20:57.133, 100, 22550, 23028, 443.62, 73
2026/09/21 07:20:58.134, 100, 22550, 23028, 439.57, 74
2026/09/21 07:20:59.134, 100, 22550, 23028, 437.14, 74
2026/09/21 07:21:00.134, 100, 22550, 23028, 434.98, 68
2026/09/21 07:21:01.135, 100, 22550, 23028, 426.98, 73
2026/09/21 07:21:02.135, 100, 22550, 23028, 431.11, 73
2026/09/21 07:21:03.135, 100, 22550, 23028, 430.53, 73
2026/09/21 07:21:04.136, 100, 22550, 23028, 426.12, 74
2026/09/21 07:21:05.136, 100, 22550, 23028, 425.67, 73
2026/09/21 07:21:06.136, 100, 22550, 23028, 401.04, 74
2026/09/21 07:21:07.137, 100, 22550, 23028, 397.63, 74
2026/09/21 07:21:08.137, 100, 22550, 23028, 329.95, 71
2026/09/21 07:21:09.138, 82, 22550, 23028, 333.74, 70
2026/09/21 07:21:10.138, 84, 22550, 23028, 319.78, 69
2026/09/21 07:21:11.138, 79, 22550, 23028, 318.28, 70
2026/09/21 07:21:12.138, 78, 22550, 23028, 316.32, 68
2026/09/21 07:21:13.139, 84, 22550, 23028, 306.01, 69
2026/09/21 07:21:14.139, 78, 22550, 23028, 318.00, 67
2026/09/21 07:21:15.139, 82, 22550, 23028, 314.46, 67
2026/09/21 07:21:16.140, 79, 22550, 23028, 317.55, 69
2026/09/21 07:21:17.140, 0, 22550, 23028, 287.92, 61
2026/09/21 07:21:18.140, 81, 22550, 23028, 303.43, 68
2026/09/21 07:21:19.140, 74, 22550, 23028, 291.35, 65
2026/09/21 07:21:20.141, 75, 22550, 23028, 292.90, 66
2026/09/21 07:21:21.141, 76, 22550, 23028, 300.77, 66
2026/09/21 07:21:22.141, 0, 22550, 23028, 275.05, 61
2026/09/21 07:21:23.141, 65, 22550, 23028, 279.51, 68
2026/09/21 07:21:24.142, 75, 22550, 23028, 285.48, 67
2026/09/21 07:21:25.142, 81, 22550, 23028, 305.82, 68
2026/09/21 07:21:26.142, 70, 22550, 23028, 301.40, 67
2026/09/21 07:21:27.142, 26, 22550, 23028, 285.98, 61
2026/09/21 07:21:28.143, 71, 22550, 23028, 295.86, 67
2026/09/21 07:21:29.143, 66, 22550, 23028, 290.43, 66
2026/09/21 07:21:30.144, 85, 22550, 23028, 298.21, 64
2026/09/21 07:21:31.144, 71, 22550, 23028, 304.72, 67
2026/09/21 07:21:32.144, 0, 22550, 23028, 275.51, 60
2026/09/21 07:21:33.145, 100, 22550, 23028, 337.76, 70
2026/09/21 07:21:34.145, 100, 22550, 23028, 445.59, 72
2026/09/21 07:21:35.145, 100, 22550, 23028, 448.44, 72
2026/09/21 07:21:36.145, 100, 22550, 23028, 446.87, 73
2026/09/21 07:21:37.146, 100, 22550, 23028, 442.89, 73
2026/09/21 07:21:38.146, 100, 22550, 23028, 440.52, 73
2026/09/21 07:21:39.146, 100, 22550, 23028, 436.95, 73
2026/09/21 07:21:40.148, 100, 22550, 23028, 435.45, 73
2026/09/21 07:21:41.148, 100, 22550, 23028, 433.44, 72
2026/09/21 07:21:42.148, 100, 22550, 23028, 431.28, 72
2026/09/21 07:21:43.149, 100, 22550, 23028, 427.73, 73
2026/09/21 07:21:44.149, 100, 22550, 23028, 424.39, 72
2026/09/21 07:21:45.149, 100, 22550, 23028, 423.32, 73
2026/09/21 07:21:46.150, 100, 22550, 23028, 378.56, 73
2026/09/21 07:21:47.150, 100, 22550, 23028, 380.21, 73
2026/09/21 07:21:48.150, 0, 22550, 23028, 302.48, 62
2026/09/21 07:21:49.150, 75, 22550, 23028, 306.47, 69
2026/09/21 07:21:50.151, 72, 22550, 23028, 303.86, 68
2026/09/21 07:21:51.151, 83, 22550, 23028, 308.26, 68
2026/09/21 07:21:52.151, 75, 22550, 23028, 317.18, 69
2026/09/21 07:21:53.152, 60, 22550, 23028, 250.58, 69
2026/09/21 07:21:54.152, 80, 22550, 23028, 319.98, 67
2026/09/21 07:21:55.152, 76, 22550, 23028, 309.14, 66
2026/09/21 07:21:56.153, 81, 22550, 23028, 313.71, 66
2026/09/21 07:21:57.153, 83, 22550, 23028, 304.12, 67
2026/09/21 07:21:58.153, 100, 22550, 23028, 257.76, 69
2026/09/21 07:21:59.153, 84, 22550, 23028, 325.73, 67
2026/09/21 07:22:00.154, 64, 22550, 23028, 289.16, 67
2026/09/21 07:22:01.154, 69, 22550, 23028, 270.52, 67
2026/09/21 07:22:02.154, 64, 22550, 23028, 286.40, 64
2026/09/21 07:22:03.155, 47, 22550, 23028, 283.10, 60
2026/09/21 07:22:04.155, 72, 22550, 23028, 280.13, 65
2026/09/21 07:22:05.155, 80, 22550, 23028, 303.03, 65
2026/09/21 07:22:06.156, 77, 22550, 23028, 294.25, 66
2026/09/21 07:22:07.156, 78, 22550, 23028, 316.46, 65
2026/09/21 07:22:08.156, 26, 22550, 23028, 279.15, 67
2026/09/21 07:22:09.156, 77, 22550, 23028, 323.40, 65
2026/09/21 07:22:10.157, 57, 22550, 23028, 309.67, 67
2026/09/21 07:22:11.157, 85, 22550, 23028, 311.24, 67
2026/09/21 07:22:12.157, 82, 22550, 23028, 309.34, 66
2026/09/21 07:22:13.158, 0, 22550, 23028, 203.88, 59
2026/09/21 07:22:14.158, 0, 22550, 23028, 117.26, 58
2026/09/21 07:22:15.158, 0, 22550, 23028, 77.97, 57
2026/09/21 07:22:16.159, 100, 22550, 23028, 157.71, 69
2026/09/21 07:22:17.159, 100, 22550, 23028, 451.02, 70
2026/09/21 07:22:18.159, 96, 22550, 23028, 448.33, 71
2026/09/21 07:22:19.160, 100, 22550, 23028, 447.73, 71
2026/09/21 07:22:20.160, 100, 22550, 23028, 449.13, 71
2026/09/21 07:22:21.160, 100, 22550, 23028, 448.73, 72
2026/09/21 07:22:22.161, 100, 22550, 23028, 447.14, 72
2026/09/21 07:22:23.161, 96, 22550, 23028, 442.09, 72
2026/09/21 07:22:24.161, 100, 22550, 23028, 442.24, 72
2026/09/21 07:22:25.162, 100, 22550, 23028, 443.10, 72
2026/09/21 07:22:26.162, 100, 22550, 23028, 440.84, 72
2026/09/21 07:22:27.162, 100, 22550, 23028, 439.34, 72
2026/09/21 07:22:28.162, 100, 22550, 23028, 437.71, 72
2026/09/21 07:22:29.163, 100, 22550, 23028, 435.48, 72
2026/09/21 07:22:30.163, 100, 22550, 23028, 434.20, 73
2026/09/21 07:22:31.163, 100, 22550, 23028, 435.64, 73
2026/09/21 07:22:32.164, 100, 22550, 23028, 431.82, 72
2026/09/21 07:22:33.164, 100, 22550, 23028, 433.01, 73
2026/09/21 07:22:34.164, 100, 22550, 23028, 428.09, 73
2026/09/21 07:22:35.165, 100, 22550, 23028, 429.95, 73
2026/09/21 07:22:36.165, 100, 22550, 23028, 429.64, 74
2026/09/21 07:22:37.165, 100, 22550, 23028, 427.01, 73
2026/09/21 07:22:38.166, 100, 22550, 23028, 423.52, 74
2026/09/21 07:22:39.166, 100, 22550, 23028, 427.68, 74
2026/09/21 07:22:40.166, 100, 22550, 23028, 422.91, 74
2026/09/21 07:22:41.167, 100, 22550, 23028, 421.77, 73
2026/09/21 07:22:42.167, 100, 22550, 23028, 360.34, 73
2026/09/21 07:22:43.167, 100, 22550, 23028, 421.98, 74
2026/09/21 07:22:44.167, 9, 22550, 23028, 366.86, 63
2026/09/21 07:22:45.168, 100, 22550, 23028, 355.07, 72
2026/09/21 07:22:46.168, 98, 22550, 23028, 398.51, 72
2026/09/21 07:22:47.168, 99, 22550, 23028, 280.27, 65
2026/09/21 07:22:48.169, 99, 22550, 23028, 223.47, 65
2026/09/21 07:22:49.169, 99, 22550, 23028, 216.82, 65
2026/09/21 07:22:50.169, 98, 22550, 23028, 201.42, 63
2026/09/21 07:22:51.170, 99, 22550, 23028, 212.26, 65
2026/09/21 07:22:52.170, 68, 21120, 23028, 226.93, 66
2026/09/21 07:22:53.170, 70, 21120, 23028, 282.89, 66
2026/09/21 07:22:54.171, 65, 21120, 23028, 287.05, 66
2026/09/21 07:22:55.171, 65, 21120, 23028, 279.11, 66
2026/09/21 07:22:56.171, 62, 21120, 23028, 274.92, 64
2026/09/21 07:22:57.171, 74, 21120, 23028, 286.93, 67
2026/09/21 07:22:58.172, 8, 21792, 23028, 210.00, 59
2026/09/21 07:22:59.172, 100, 21792, 23028, 428.04, 71
2026/09/21 07:23:00.172, 100, 21792, 23028, 447.38, 72
2026/09/21 07:23:01.173, 100, 21792, 23028, 444.62, 72
2026/09/21 07:23:02.173, 97, 21792, 23028, 446.02, 71
2026/09/21 07:23:03.173, 100, 21792, 23028, 445.93, 72
2026/09/21 07:23:04.174, 100, 21792, 23028, 446.43, 72
2026/09/21 07:23:05.175, 100, 21792, 23028, 444.74, 72
2026/09/21 07:23:06.175, 100, 21792, 23028, 447.47, 73
2026/09/21 07:23:07.175, 100, 21792, 23028, 445.60, 74
2026/09/21 07:23:08.175, 96, 21792, 23028, 443.43, 74
2026/09/21 07:23:09.176, 100, 21792, 23028, 437.50, 73
2026/09/21 07:23:10.176, 100, 21792, 23028, 440.34, 73
2026/09/21 07:23:11.177, 100, 21792, 23028, 435.96, 73
2026/09/21 07:23:12.177, 100, 21792, 23028, 436.01, 73
2026/09/21 07:23:13.177, 100, 21792, 23028, 433.40, 73
2026/09/21 07:23:14.177, 100, 21792, 23028, 431.54, 74
2026/09/21 07:23:15.178, 100, 21792, 23028, 431.55, 74
2026/09/21 07:23:16.178, 100, 21792, 23028, 432.92, 72
2026/09/21 07:23:17.178, 100, 21792, 23028, 428.32, 74
2026/09/21 07:23:18.179, 100, 21792, 23028, 429.83, 73
2026/09/21 07:23:19.179, 100, 21792, 23028, 428.00, 74
2026/09/21 07:23:20.179, 100, 21792, 23028, 426.45, 74
2026/09/21 07:23:21.179, 100, 21792, 23028, 426.40, 75
2026/09/21 07:23:22.180, 100, 21792, 23028, 428.40, 75
2026/09/21 07:23:23.181, 100, 21792, 23028, 425.27, 75
2026/09/21 07:23:24.182, 28, 21792, 23028, 399.30, 68
2026/09/21 07:23:25.182, 100, 21792, 23028, 368.70, 74
2026/09/21 07:23:26.182, 100, 21792, 23028, 422.85, 73
2026/09/21 07:23:27.183, 100, 21792, 23028, 367.27, 73
2026/09/21 07:23:28.183, 100, 21792, 23028, 399.78, 74
2026/09/21 07:23:29.183, 64, 21792, 23028, 341.94, 68
2026/09/21 07:23:30.184, 42, 21792, 23028, 258.57, 66
2026/09/21 07:23:31.184, 50, 21792, 23028, 243.86, 66
2026/09/21 07:23:32.184, 62, 21792, 23028, 237.72, 67
2026/09/21 07:23:33.184, 64, 21792, 23028, 247.59, 67
2026/09/21 07:23:34.185, 68, 21792, 23028, 252.04, 67
2026/09/21 07:23:35.185, 56, 21792, 23028, 251.69, 68
2026/09/21 07:23:36.185, 0, 21792, 23028, 233.54, 60
2026/09/21 07:23:37.186, 94, 21792, 23028, 348.46, 72
2026/09/21 07:23:38.186, 100, 21792, 23028, 447.76, 73
2026/09/21 07:23:39.186, 100, 21792, 23028, 448.76, 73
2026/09/21 07:23:40.187, 100, 21792, 23028, 449.35, 73
2026/09/21 07:23:41.187, 94, 21792, 23028, 445.97, 74
2026/09/21 07:23:42.187, 100, 21792, 23028, 445.20, 74
2026/09/21 07:23:43.188, 100, 21792, 23028, 446.77, 74
2026/09/21 07:23:44.190, 100, 21792, 23028, 445.97, 74
2026/09/21 07:23:45.190, 100, 21792, 23028, 443.13, 74
2026/09/21 07:23:46.190, 100, 21792, 23028, 442.82, 74
2026/09/21 07:23:47.191, 100, 21792, 23028, 440.35, 74
2026/09/21 07:23:48.191, 100, 21792, 23028, 440.35, 71
2026/09/21 07:23:49.191, 96, 21792, 23028, 434.22, 74
2026/09/21 07:23:50.192, 85, 21792, 23028, 431.92, 74
2026/09/21 07:23:51.192, 100, 21792, 23028, 429.72, 75
2026/09/21 07:23:52.192, 100, 21792, 23028, 435.27, 75
2026/09/21 07:23:53.192, 100, 21792, 23028, 430.68, 75
2026/09/21 07:23:54.193, 100, 21792, 23028, 428.06, 74
2026/09/21 07:23:55.193, 100, 21792, 23028, 428.89, 75
2026/09/21 07:23:56.193, 100, 21792, 23028, 428.83, 75
2026/09/21 07:23:57.194, 100, 21792, 23028, 428.55, 74
2026/09/21 07:23:58.194, 100, 21792, 23028, 426.94, 75
2026/09/21 07:23:59.194, 90, 21792, 23028, 423.49, 75
2026/09/21 07:24:00.195, 93, 21792, 23028, 423.85, 75
2026/09/21 07:24:01.195, 100, 21792, 23028, 423.77, 74
2026/09/21 07:24:02.195, 100, 21792, 23028, 424.16, 75
2026/09/21 07:24:03.195, 100, 21792, 23028, 360.89, 75
2026/09/21 07:24:04.196, 100, 21792, 23028, 422.28, 74
2026/09/21 07:24:05.196, 100, 21792, 23028, 370.95, 74
2026/09/21 07:24:06.196, 100, 21792, 23028, 397.85, 75
2026/09/21 07:24:07.196, 64, 21792, 23028, 382.82, 71
2026/09/21 07:24:08.197, 64, 21792, 23028, 283.16, 69
2026/09/21 07:24:09.197, 66, 21792, 23028, 281.85, 68
2026/09/21 07:24:10.197, 66, 21792, 23028, 282.05, 67
2026/09/21 07:24:11.198, 67, 21792, 23028, 284.06, 66
2026/09/21 07:24:12.198, 62, 21792, 23028, 269.00, 67
2026/09/21 07:24:13.198, 45, 21792, 23028, 277.43, 63
2026/09/21 07:24:14.199, 100, 21792, 23028, 310.42, 74
2026/09/21 07:24:15.199, 92, 21792, 23028, 448.01, 73
2026/09/21 07:24:16.199, 100, 21792, 23028, 447.53, 74
2026/09/21 07:24:17.200, 100, 21792, 23028, 449.07, 75
2026/09/21 07:24:18.200, 100, 21792, 23028, 445.95, 74
2026/09/21 07:24:19.200, 99, 21792, 23028, 445.59, 69
2026/09/21 07:24:20.200, 100, 21792, 23028, 439.44, 74
2026/09/21 07:24:21.201, 100, 21792, 23028, 443.81, 74
2026/09/21 07:24:22.201, 100, 21792, 23028, 443.80, 73
2026/09/21 07:24:23.201, 100, 21792, 23028, 442.08, 74
2026/09/21 07:24:24.202, 100, 21792, 23028, 438.20, 75
2026/09/21 07:24:25.202, 100, 21792, 23028, 440.75, 75
2026/09/21 07:24:26.203, 100, 21792, 23028, 436.73, 75
2026/09/21 07:24:27.203, 100, 21792, 23028, 435.84, 75
2026/09/21 07:24:28.203, 100, 21792, 23028, 434.04, 75
2026/09/21 07:24:29.204, 100, 21792, 23028, 429.09, 73
2026/09/21 07:24:30.204, 99, 21792, 23028, 428.54, 74
2026/09/21 07:24:31.204, 96, 21792, 23028, 426.69, 74
2026/09/21 07:24:32.205, 99, 21792, 23028, 426.68, 74
2026/09/21 07:24:33.205, 100, 21792, 23028, 424.43, 72
2026/09/21 07:24:34.205, 100, 21792, 23028, 426.88, 75
2026/09/21 07:24:35.206, 100, 21792, 23028, 428.55, 76
2026/09/21 07:24:36.206, 100, 21792, 23028, 422.85, 75
2026/09/21 07:24:37.206, 100, 21792, 23028, 422.75, 75
2026/09/21 07:24:38.207, 100, 21792, 23028, 420.95, 76
2026/09/21 07:24:39.207, 100, 21792, 23028, 421.68, 76
2026/09/21 07:24:40.208, 100, 21792, 23028, 355.83, 75
2026/09/21 07:24:41.208, 100, 21792, 23028, 423.12, 76
2026/09/21 07:24:42.208, 18, 21792, 23028, 361.27, 72
2026/09/21 07:24:43.209, 100, 21792, 23028, 369.38, 75
2026/09/21 07:24:44.209, 84, 21792, 23028, 388.99, 73
2026/09/21 07:24:45.209, 73, 21792, 23028, 308.05, 68
2026/09/21 07:24:46.210, 76, 21792, 23028, 261.15, 69
2026/09/21 07:24:47.210, 64, 21792, 23028, 265.46, 70
2026/09/21 07:24:48.210, 63, 21792, 23028, 280.09, 69
2026/09/21 07:24:49.210, 63, 21792, 23028, 285.60, 66
2026/09/21 07:24:50.211, 65, 21792, 23028, 280.95, 66
2026/09/21 07:24:51.211, 100, 21792, 23028, 234.56, 73
2026/09/21 07:24:52.212, 100, 21792, 23028, 453.76, 73
2026/09/21 07:24:53.212, 100, 21792, 23028, 448.27, 73
2026/09/21 07:24:54.212, 100, 21792, 23028, 448.50, 69
2026/09/21 07:24:55.212, 100, 21792, 23028, 444.36, 74
2026/09/21 07:24:56.213, 100, 21792, 23028, 448.97, 75
2026/09/21 07:24:57.213, 100, 21792, 23028, 446.55, 75
2026/09/21 07:24:58.213, 100, 21792, 23028, 445.71, 75
2026/09/21 07:24:59.214, 100, 21792, 23028, 447.08, 75
2026/09/21 07:25:00.214, 93, 21792, 23028, 441.30, 74
2026/09/21 07:25:01.214, 100, 21792, 23028, 439.23, 75
2026/09/21 07:25:02.215, 100, 21792, 23028, 438.38, 74
2026/09/21 07:25:03.215, 100, 21792, 23028, 439.31, 76
2026/09/21 07:25:04.215, 100, 21792, 23028, 437.16, 76
2026/09/21 07:25:05.216, 100, 21792, 23028, 433.12, 76
2026/09/21 07:25:06.216, 100, 21792, 23028, 434.51, 74
2026/09/21 07:25:07.216, 100, 21792, 23028, 433.74, 76
2026/09/21 07:25:08.217, 100, 21792, 23028, 433.08, 76
2026/09/21 07:25:09.217, 100, 21792, 23028, 429.68, 76
2026/09/21 07:25:10.217, 100, 21792, 23028, 429.27, 76
2026/09/21 07:25:11.218, 100, 21792, 23028, 429.08, 76
2026/09/21 07:25:12.218, 100, 21792, 23028, 426.48, 76
2026/09/21 07:25:13.218, 100, 21792, 23028, 425.66, 75
2026/09/21 07:25:14.219, 100, 21792, 23028, 427.17, 75
2026/09/21 07:25:15.219, 100, 21792, 23028, 425.76, 75
2026/09/21 07:25:16.219, 100, 21792, 23028, 425.70, 75
2026/09/21 07:25:17.220, 10, 21792, 23028, 381.21, 65
2026/09/21 07:25:18.220, 100, 21792, 23028, 367.87, 75
2026/09/21 07:25:19.220, 100, 21792, 23028, 419.39, 76
2026/09/21 07:25:20.220, 100, 21792, 23028, 369.71, 76
2026/09/21 07:25:21.221, 100, 21792, 23028, 386.81, 76
2026/09/21 07:25:22.221, 67, 21792, 23028, 356.51, 70
2026/09/21 07:25:23.221, 63, 21792, 23028, 261.80, 69
2026/09/21 07:25:24.221, 73, 21792, 23028, 261.23, 67
2026/09/21 07:25:25.222, 63, 21792, 23028, 262.54, 66
2026/09/21 07:25:26.222, 67, 21792, 23028, 272.13, 70
2026/09/21 07:25:27.222, 56, 21792, 23028, 275.39, 66
2026/09/21 07:25:28.222, 65, 21792, 23028, 266.49, 67
2026/09/21 07:25:29.223, 0, 21792, 23028, 141.18, 61
2026/09/21 07:25:30.223, 0, 21792, 23028, 104.59, 61
2026/09/21 07:25:31.223, 100, 21792, 23028, 117.82, 72
2026/09/21 07:25:32.223, 100, 21792, 23028, 453.21, 72
2026/09/21 07:25:33.224, 100, 21792, 23028, 448.30, 72
2026/09/21 07:25:34.224, 94, 21792, 23028, 445.27, 74
2026/09/21 07:25:35.224, 100, 21792, 23028, 446.00, 74
2026/09/21 07:25:36.225, 100, 21792, 23028, 446.71, 74
2026/09/21 07:25:37.225, 100, 21792, 23028, 446.15, 75
2026/09/21 07:25:38.225, 100, 21792, 23028, 442.89, 74
2026/09/21 07:25:39.226, 100, 21792, 23028, 442.13, 72
2026/09/21 07:25:40.226, 76, 21792, 23028, 433.54, 74
2026/09/21 07:25:41.226, 100, 21792, 23028, 441.36, 75
2026/09/21 07:25:42.226, 100, 21792, 23028, 438.56, 75
2026/09/21 07:25:43.227, 100, 21792, 23028, 437.92, 75
2026/09/21 07:25:44.227, 100, 21792, 23028, 435.36, 75
2026/09/21 07:25:45.227, 100, 21792, 23028, 435.65, 75
2026/09/21 07:25:46.228, 100, 21792, 23028, 431.29, 74
2026/09/21 07:25:47.228, 100, 21792, 23028, 429.31, 75
2026/09/21 07:25:48.228, 100, 21792, 23028, 430.78, 76
2026/09/21 07:25:49.229, 100, 21792, 23028, 432.48, 75
2026/09/21 07:25:50.229, 100, 21792, 23028, 430.36, 76
2026/09/21 07:25:51.229, 100, 21792, 23028, 424.88, 74
2026/09/21 07:25:52.230, 100, 21792, 23028, 427.83, 76
2026/09/21 07:25:53.230, 100, 21792, 23028, 427.34, 75
2026/09/21 07:25:54.230, 100, 21792, 23028, 425.51, 74
2026/09/21 07:25:55.230, 100, 21792, 23028, 424.41, 74
2026/09/21 07:25:56.231, 100, 21792, 23028, 426.12, 76
2026/09/21 07:25:57.231, 76, 21792, 23028, 359.74, 68
2026/09/21 07:25:58.232, 99, 21792, 23028, 414.85, 75
2026/09/21 07:25:59.232, 100, 21792, 23028, 424.38, 76
2026/09/21 07:26:00.232, 100, 21792, 23028, 368.95, 75
2026/09/21 07:26:01.233, 45, 21792, 23028, 390.78, 69
2026/09/21 07:26:02.233, 53, 21792, 23028, 332.32, 70
2026/09/21 07:26:03.233, 76, 21792, 23028, 282.12, 70
2026/09/21 07:26:04.233, 69, 21792, 23028, 285.90, 68
2026/09/21 07:26:05.234, 72, 21792, 23028, 291.14, 70
2026/09/21 07:26:06.234, 67, 21792, 23028, 287.45, 67
2026/09/21 07:26:07.235, 63, 21792, 23028, 285.82, 69
2026/09/21 07:26:08.235, 100, 21792, 23028, 249.88, 73
2026/09/21 07:26:09.235, 100, 21792, 23028, 452.39, 73
2026/09/21 07:26:10.236, 100, 21792, 23028, 448.87, 74
2026/09/21 07:26:11.236, 96, 21792, 23028, 446.92, 73
2026/09/21 07:26:12.236, 100, 21792, 23028, 447.21, 75
2026/09/21 07:26:13.237, 100, 21792, 23028, 447.59, 74
2026/09/21 07:26:14.237, 100, 21792, 23028, 448.08, 74
2026/09/21 07:26:15.237, 100, 21792, 23028, 447.76, 76
2026/09/21 07:26:16.238, 93, 21792, 23028, 441.69, 75
2026/09/21 07:26:17.238, 97, 21792, 23028, 438.66, 76
2026/09/21 07:26:18.238, 100, 21792, 23028, 441.45, 76
2026/09/21 07:26:19.239, 100, 21792, 23028, 437.96, 75
2026/09/21 07:26:20.239, 100, 21792, 23028, 438.57, 76
2026/09/21 07:26:21.239, 100, 21792, 23028, 436.10, 76
2026/09/21 07:26:22.239, 100, 21792, 23028, 434.86, 76
2026/09/21 07:26:23.240, 100, 21792, 23028, 432.50, 75
2026/09/21 07:26:24.240, 100, 21792, 23028, 428.70, 76
2026/09/21 07:26:25.240, 100, 21792, 23028, 429.72, 75
2026/09/21 07:26:26.241, 100, 21792, 23028, 431.85, 76
2026/09/21 07:26:27.241, 100, 21792, 23028, 429.29, 76
2026/09/21 07:26:28.241, 100, 21792, 23028, 429.02, 76
2026/09/21 07:26:29.242, 100, 21792, 23028, 428.79, 76
2026/09/21 07:26:30.242, 100, 21792, 23028, 426.19, 75
2026/09/21 07:26:31.243, 100, 21792, 23028, 422.62, 75
2026/09/21 07:26:32.243, 100, 21792, 23028, 422.94, 75
2026/09/21 07:26:33.244, 100, 21792, 23028, 422.16, 75
2026/09/21 07:26:34.244, 10, 21792, 23028, 352.38, 65
2026/09/21 07:26:35.245, 100, 21792, 23028, 391.14, 75
2026/09/21 07:26:36.245, 100, 21792, 23028, 420.36, 76
2026/09/21 07:26:37.245, 100, 21792, 23028, 360.61, 75
2026/09/21 07:26:38.246, 100, 21792, 23028, 390.75, 75
2026/09/21 07:26:39.246, 71, 21792, 23028, 351.61, 71
2026/09/21 07:26:40.246, 44, 21792, 23028, 242.51, 69
2026/09/21 07:26:41.247, 68, 21792, 23028, 255.12, 69
2026/09/21 07:26:42.247, 67, 21792, 23028, 249.58, 70
2026/09/21 07:26:43.247, 62, 21792, 23028, 250.09, 66
2026/09/21 07:26:44.249, 67, 21792, 23028, 251.62, 66
2026/09/21 07:26:45.253, 58, 21792, 23028, 252.13, 68
2026/09/21 07:26:46.253, 0, 21792, 23028, 221.44, 62
2026/09/21 07:26:47.253, 100, 21792, 23028, 303.91, 73
2026/09/21 07:26:48.254, 97, 21792, 23028, 448.42, 73
2026/09/21 07:26:49.254, 100, 21792, 23028, 447.14, 74
2026/09/21 07:26:50.254, 100, 21792, 23028, 448.42, 75
2026/09/21 07:26:51.254, 100, 21792, 23028, 449.14, 75
2026/09/21 07:26:52.255, 95, 21792, 23028, 444.88, 75
2026/09/21 07:26:53.255, 100, 21792, 23028, 442.21, 74
2026/09/21 07:26:54.255, 100, 21792, 23028, 444.57, 74
2026/09/21 07:26:55.256, 100, 21792, 23028, 443.80, 75
2026/09/21 07:26:56.256, 100, 21792, 23028, 441.50, 75
2026/09/21 07:26:57.256, 100, 21792, 23028, 439.64, 75
2026/09/21 07:26:58.256, 100, 21792, 23028, 437.54, 75
2026/09/21 07:26:59.257, 100, 21792, 23028, 436.28, 75
2026/09/21 07:27:00.257, 100, 21792, 23028, 433.66, 75
2026/09/21 07:27:01.257, 100, 21792, 23028, 433.15, 76
2026/09/21 07:27:02.258, 96, 21792, 23028, 430.77, 76
2026/09/21 07:27:03.258, 93, 21792, 23028, 430.17, 76
2026/09/21 07:27:04.258, 82, 21792, 23028, 422.86, 75
2026/09/21 07:27:05.259, 94, 21792, 23028, 421.87, 76
2026/09/21 07:27:06.259, 98, 21792, 23028, 427.06, 76
2026/09/21 07:27:07.259, 100, 21792, 23028, 426.61, 75
2026/09/21 07:27:08.259, 100, 21792, 23028, 427.11, 75
2026/09/21 07:27:09.260, 100, 21792, 23028, 425.60, 75
2026/09/21 07:27:10.260, 100, 21792, 23028, 425.47, 76
2026/09/21 07:27:11.260, 100, 21792, 23028, 424.08, 74
2026/09/21 07:27:12.260, 100, 21792, 23028, 422.98, 75
2026/09/21 07:27:13.261, 100, 21792, 23028, 362.94, 75
2026/09/21 07:27:14.261, 100, 21792, 23028, 427.08, 75
2026/09/21 07:27:15.261, 90, 21792, 23028, 363.04, 74
2026/09/21 07:27:16.262, 100, 21792, 23028, 392.55, 75
2026/09/21 07:27:17.262, 100, 21792, 23028, 399.52, 74
2026/09/21 07:27:18.262, 74, 21792, 23028, 311.02, 68
2026/09/21 07:27:19.262, 56, 21792, 23028, 279.22, 68
2026/09/21 07:27:20.263, 71, 21792, 23028, 283.39, 68
2026/09/21 07:27:21.263, 75, 21792, 23028, 286.21, 69
2026/09/21 07:27:22.263, 72, 21792, 23028, 285.55, 68
2026/09/21 07:27:23.263, 50, 21792, 23028, 264.00, 70
2026/09/21 07:27:24.264, 100, 21792, 23028, 278.17, 74
2026/09/21 07:27:25.264, 100, 21792, 23028, 451.73, 74
2026/09/21 07:27:26.264, 91, 21792, 23028, 446.07, 75
2026/09/21 07:27:27.265, 100, 21792, 23028, 444.43, 75
2026/09/21 07:27:28.265, 100, 21792, 23028, 449.64, 75
2026/09/21 07:27:29.265, 100, 21792, 23028, 448.33, 75
2026/09/21 07:27:30.266, 100, 21792, 23028, 448.14, 76
2026/09/21 07:27:31.266, 92, 21792, 23028, 442.10, 75
2026/09/21 07:27:32.266, 100, 21792, 23028, 440.55, 75
2026/09/21 07:27:33.267, 100, 21792, 23028, 441.43, 75
2026/09/21 07:27:34.267, 100, 21792, 23028, 439.37, 75
2026/09/21 07:27:35.271, 100, 21792, 23028, 432.37, 75
2026/09/21 07:27:36.271, 100, 21792, 23028, 430.64, 76
2026/09/21 07:27:37.271, 100, 21792, 23028, 436.31, 75
2026/09/21 07:27:38.272, 100, 21792, 23028, 431.46, 75
2026/09/21 07:27:39.272, 100, 21792, 23028, 433.07, 76
2026/09/21 07:27:40.272, 100, 21792, 23028, 433.58, 75
2026/09/21 07:27:41.272, 100, 21792, 23028, 431.53, 75
2026/09/21 07:27:42.273, 100, 21792, 23028, 429.67, 75
2026/09/21 07:27:43.273, 100, 21792, 23028, 423.14, 76
2026/09/21 07:27:44.273, 100, 21792, 23028, 426.90, 75
2026/09/21 07:27:45.274, 100, 21792, 23028, 426.77, 75
2026/09/21 07:27:46.274, 100, 21792, 23028, 423.99, 76
2026/09/21 07:27:47.274, 93, 21792, 23028, 423.31, 76
2026/09/21 07:27:48.275, 99, 21792, 23028, 421.33, 75
2026/09/21 07:27:49.275, 100, 21792, 23028, 420.88, 76
2026/09/21 07:27:50.275, 100, 21792, 23028, 364.96, 76
2026/09/21 07:27:51.276, 100, 21792, 23028, 420.67, 76
2026/09/21 07:27:52.276, 100, 21792, 23028, 363.08, 75
2026/09/21 07:27:53.276, 100, 21792, 23028, 386.09, 76
2026/09/21 07:27:54.277, 59, 21792, 23028, 385.80, 70
2026/09/21 07:27:55.277, 71, 21792, 23028, 286.17, 68
2026/09/21 07:27:56.277, 75, 21792, 23028, 284.52, 68
2026/09/21 07:27:57.278, 69, 21792, 23028, 283.38, 66
2026/09/21 07:27:58.278, 54, 21792, 23028, 267.34, 70
2026/09/21 07:27:59.278, 55, 21792, 23028, 271.02, 67
2026/09/21 07:28:00.278, 75, 21792, 23028, 274.92, 67
2026/09/21 07:28:01.279, 100, 21792, 23028, 310.14, 74
2026/09/21 07:28:02.279, 100, 21792, 23028, 417.00, 75
2026/09/21 07:28:03.279, 100, 21792, 23028, 444.81, 75
2026/09/21 07:28:04.280, 100, 21792, 23028, 448.73, 74
2026/09/21 07:28:05.280, 100, 21792, 23028, 448.48, 74
2026/09/21 07:28:06.281, 100, 21792, 23028, 446.59, 75
2026/09/21 07:28:07.281, 100, 21792, 23028, 443.66, 76
2026/09/21 07:28:08.281, 97, 21792, 23028, 443.13, 75
2026/09/21 07:28:09.281, 100, 21792, 23028, 442.34, 76
2026/09/21 07:28:10.282, 100, 21792, 23028, 443.65, 76
2026/09/21 07:28:11.282, 100, 21792, 23028, 440.46, 75
2026/09/21 07:28:12.282, 100, 21792, 23028, 440.19, 75
2026/09/21 07:28:13.282, 100, 21792, 23028, 437.55, 76
2026/09/21 07:28:14.283, 100, 21792, 23028, 435.33, 76
2026/09/21 07:28:15.283, 100, 21792, 23028, 435.23, 76
2026/09/21 07:28:16.284, 100, 21792, 23028, 429.83, 76
2026/09/21 07:28:17.284, 100, 21792, 23028, 433.60, 74
2026/09/21 07:28:18.284, 100, 21792, 23028, 430.88, 75
2026/09/21 07:28:19.285, 100, 21792, 23028, 428.82, 75
2026/09/21 07:28:20.285, 100, 21792, 23028, 426.51, 76
2026/09/21 07:28:21.285, 100, 21792, 23028, 428.83, 76
2026/09/21 07:28:22.285, 100, 21792, 23028, 425.31, 76
2026/09/21 07:28:23.286, 100, 21792, 23028, 426.59, 75
2026/09/21 07:28:24.286, 100, 21792, 23028, 424.94, 75
2026/09/21 07:28:25.286, 100, 21792, 23028, 424.83, 75
2026/09/21 07:28:26.286, 100, 21792, 23028, 387.64, 75
2026/09/21 07:28:27.287, 100, 21792, 23028, 422.75, 76
2026/09/21 07:28:28.287, 54, 21792, 23028, 365.35, 74
2026/09/21 07:28:29.287, 100, 21792, 23028, 381.22, 75
2026/09/21 07:28:30.287, 11, 21792, 23028, 389.48, 67
2026/09/21 07:28:31.288, 100, 21792, 23028, 388.50, 70
2026/09/21 07:28:32.288, 53, 21792, 23028, 305.15, 69
2026/09/21 07:28:33.288, 72, 21792, 23028, 277.23, 70
2026/09/21 07:28:34.288, 65, 21792, 23028, 279.02, 67
2026/09/21 07:28:35.289, 64, 21792, 23028, 280.13, 71
2026/09/21 07:28:36.289, 72, 21792, 23028, 280.92, 70
2026/09/21 07:28:37.289, 62, 21792, 23028, 278.88, 66
2026/09/21 07:28:38.289, 0, 21792, 23028, 209.96, 62
2026/09/21 07:28:39.290, 0, 21792, 23028, 119.85, 61
2026/09/21 07:28:40.290, 0, 21792, 23028, 79.27, 60
2026/09/21 07:28:41.290, 100, 21792, 23028, 133.16, 71
2026/09/21 07:28:42.291, 100, 21792, 23028, 452.41, 73
2026/09/21 07:28:43.291, 100, 21792, 23028, 450.31, 73
2026/09/21 07:28:44.291, 99, 21792, 23028, 443.32, 73
2026/09/21 07:28:45.291, 100, 21792, 23028, 449.12, 74
2026/09/21 07:28:46.292, 100, 21792, 23028, 447.87, 74
2026/09/21 07:28:47.292, 100, 21792, 23028, 447.68, 74
2026/09/21 07:28:48.292, 100, 21792, 23028, 445.28, 74
2026/09/21 07:28:49.292, 91, 21824, 23028, 440.77, 74
2026/09/21 07:28:50.293, 100, 21824, 23028, 438.47, 75
2026/09/21 07:28:51.293, 100, 21824, 23028, 441.27, 75
2026/09/21 07:28:52.293, 100, 21824, 23028, 436.48, 74
2026/09/21 07:28:53.294, 100, 21824, 23028, 439.70, 74
2026/09/21 07:28:54.294, 100, 21824, 23028, 436.22, 75
2026/09/21 07:28:55.294, 100, 21824, 23028, 426.99, 75
2026/09/21 07:28:56.295, 100, 21824, 23028, 433.10, 74
2026/09/21 07:28:57.295, 100, 21824, 23028, 432.85, 75
2026/09/21 07:28:58.296, 100, 21824, 23028, 430.18, 75
2026/09/21 07:28:59.296, 100, 21824, 23028, 429.85, 76
2026/09/21 07:29:00.296, 100, 21824, 23028, 427.83, 76
2026/09/21 07:29:01.296, 100, 21824, 23028, 430.47, 75
2026/09/21 07:29:02.297, 100, 21824, 23028, 426.28, 76
2026/09/21 07:29:03.297, 100, 21824, 23028, 425.62, 75
2026/09/21 07:29:04.297, 100, 21824, 23028, 423.54, 74
2026/09/21 07:29:05.298, 100, 21824, 23028, 420.60, 75
2026/09/21 07:29:06.298, 100, 21824, 23028, 420.31, 76
2026/09/21 07:29:07.298, 19, 21824, 23028, 352.60, 73
2026/09/21 07:29:08.299, 100, 21824, 23028, 397.64, 75
2026/09/21 07:29:09.299, 100, 21824, 23028, 422.68, 76
2026/09/21 07:29:10.300, 100, 21824, 23028, 368.90, 75
2026/09/21 07:29:11.300, 84, 21824, 23028, 384.22, 66
2026/09/21 07:29:12.300, 76, 21824, 23028, 346.36, 69
2026/09/21 07:29:13.301, 70, 21824, 23028, 282.83, 67
2026/09/21 07:29:14.301, 64, 21824, 23028, 280.51, 67
2026/09/21 07:29:15.301, 65, 21824, 23028, 281.96, 66
2026/09/21 07:29:16.301, 77, 21824, 23028, 274.48, 68
2026/09/21 07:29:17.301, 77, 21824, 23028, 284.46, 68
2026/09/21 07:29:18.302, 0, 21824, 23028, 213.20, 62
2026/09/21 07:29:19.302, 100, 21824, 23028, 432.70, 73
2026/09/21 07:29:20.302, 100, 21824, 23028, 446.66, 74
2026/09/21 07:29:21.303, 100, 21824, 23028, 447.45, 73
2026/09/21 07:29:22.303, 100, 21824, 23028, 440.66, 73
2026/09/21 07:29:23.303, 100, 21824, 23028, 441.74, 74
2026/09/21 07:29:24.304, 100, 21824, 23028, 445.51, 75
2026/09/21 07:29:25.304, 100, 21824, 23028, 444.48, 74
2026/09/21 07:29:26.304, 100, 21824, 23028, 444.69, 76
2026/09/21 07:29:27.304, 100, 21824, 23028, 442.26, 76
2026/09/21 07:29:28.305, 97, 21824, 23028, 438.42, 76
2026/09/21 07:29:29.305, 100, 21824, 23028, 437.12, 75
2026/09/21 07:29:30.305, 100, 21824, 23028, 440.30, 76
2026/09/21 07:29:31.306, 100, 21824, 23028, 436.43, 75
2026/09/21 07:29:32.306, 100, 21824, 23028, 433.04, 76
2026/09/21 07:29:33.306, 100, 21824, 23028, 431.76, 74
2026/09/21 07:29:34.306, 100, 21824, 23028, 434.22, 76
2026/09/21 07:29:35.306, 100, 21824, 23028, 430.25, 75
2026/09/21 07:29:36.307, 100, 21824, 23028, 429.51, 75
2026/09/21 07:29:37.307, 100, 21824, 23028, 431.37, 76
2026/09/21 07:29:38.307, 100, 21824, 23028, 429.10, 75
2026/09/21 07:29:39.307, 100, 21824, 23028, 425.81, 75
2026/09/21 07:29:40.308, 100, 21824, 23028, 425.57, 76
2026/09/21 07:29:41.308, 100, 21824, 23028, 426.54, 76
2026/09/21 07:29:42.308, 100, 21824, 23028, 426.10, 76
2026/09/21 07:29:43.309, 100, 21824, 23028, 421.95, 76
2026/09/21 07:29:44.309, 49, 21824, 23028, 406.06, 75
2026/09/21 07:29:45.309, 100, 21824, 23028, 358.03, 76
2026/09/21 07:29:46.309, 100, 21824, 23028, 421.26, 76
2026/09/21 07:29:47.310, 100, 21824, 23028, 367.95, 75
2026/09/21 07:29:48.310, 100, 21824, 23028, 393.27, 75
2026/09/21 07:29:49.310, 64, 21824, 23028, 371.00, 69
2026/09/21 07:29:50.310, 73, 21824, 23028, 278.69, 71
2026/09/21 07:29:51.311, 72, 21824, 23028, 282.65, 70
2026/09/21 07:29:52.311, 66, 21824, 23028, 281.79, 69
2026/09/21 07:29:53.311, 68, 21824, 23028, 276.09, 68
2026/09/21 07:29:54.311, 67, 21824, 23028, 285.29, 67
2026/09/21 07:29:55.312, 0, 21824, 23028, 250.33, 63
2026/09/21 07:29:56.312, 93, 21824, 23028, 350.59, 74
2026/09/21 07:29:57.312, 100, 21824, 23028, 450.74, 75
2026/09/21 07:29:58.312, 100, 21824, 23028, 449.04, 75
2026/09/21 07:29:59.312, 100, 21824, 23028, 446.79, 75
2026/09/21 07:30:00.313, 100, 21824, 23028, 447.12, 75
2026/09/21 07:30:01.313, 100, 21824, 23028, 446.47, 75
2026/09/21 07:30:02.313, 100, 21824, 23028, 446.68, 75
2026/09/21 07:30:03.314, 100, 21824, 23028, 445.21, 76
2026/09/21 07:30:04.314, 100, 22215, 23028, 442.98, 76
2026/09/21 07:30:05.325, 100, 21824, 23028, 442.01, 76
2026/09/21 07:30:06.615, 100, 21824, 23028, 440.76, 76
2026/09/21 07:30:07.615, 100, 21824, 23028, 433.06, 76
2026/09/21 07:30:08.616, 99, 21824, 23028, 437.22, 75
2026/09/21 07:30:09.616, 96, 21824, 23028, 433.79, 74
2026/09/21 07:30:10.616, 92, 21824, 23028, 430.28, 73
2026/09/21 07:30:11.617, 100, 21824, 23028, 430.09, 75
2026/09/21 07:30:12.617, 100, 21824, 23028, 430.56, 75
2026/09/21 07:30:13.618, 100, 21824, 23028, 429.54, 76
2026/09/21 07:30:14.618, 100, 21824, 23028, 428.10, 76
2026/09/21 07:30:15.618, 100, 21824, 23028, 428.05, 75
2026/09/21 07:30:16.618, 97, 21824, 23028, 427.91, 76
2026/09/21 07:30:17.618, 96, 21824, 23028, 426.15, 75
2026/09/21 07:30:18.619, 93, 21824, 23028, 421.42, 76
2026/09/21 07:30:19.619, 100, 21824, 23028, 426.78, 77
2026/09/21 07:30:20.619, 100, 21824, 23028, 422.54, 77
2026/09/21 07:30:21.620, 100, 21824, 23028, 422.82, 75
2026/09/21 07:30:22.620, 100, 21824, 23028, 361.76, 76
2026/09/21 07:30:23.620, 100, 21824, 23028, 420.00, 75
2026/09/21 07:30:24.620, 100, 21824, 23028, 357.29, 75
2026/09/21 07:30:25.621, 100, 21824, 23028, 393.26, 75
2026/09/21 07:30:26.621, 100, 21824, 23028, 402.54, 74
2026/09/21 07:30:27.621, 52, 21824, 23028, 276.70, 68
2026/09/21 07:30:28.622, 68, 21824, 23028, 267.59, 70
2026/09/21 07:30:29.622, 68, 21824, 23028, 273.77, 69
2026/09/21 07:30:30.622, 76, 21824, 23028, 283.44, 70
2026/09/21 07:30:31.623, 47, 21824, 23028, 277.40, 70
2026/09/21 07:30:32.623, 58, 21824, 23028, 258.54, 66
2026/09/21 07:30:33.623, 23, 21824, 23028, 185.11, 62
2026/09/21 07:30:34.624, 100, 21824, 23028, 429.31, 73
2026/09/21 07:30:35.624, 100, 21824, 23028, 447.57, 74
2026/09/21 07:30:36.624, 100, 21824, 23028, 447.85, 75
2026/09/21 07:30:37.625, 97, 21824, 23028, 447.01, 73
2026/09/21 07:30:38.625, 100, 21824, 23028, 446.08, 75
2026/09/21 07:30:39.625, 100, 21824, 23028, 447.35, 75
2026/09/21 07:30:40.625, 100, 21824, 23028, 446.67, 75
2026/09/21 07:30:41.626, 100, 21824, 23028, 446.58, 76
2026/09/21 07:30:42.626, 100, 21824, 23028, 446.33, 75
2026/09/21 07:30:43.626, 96, 21824, 23028, 441.31, 76
2026/09/21 07:30:44.627, 100, 21824, 23028, 438.38, 75
2026/09/21 07:30:45.627, 100, 21824, 23028, 439.82, 76
2026/09/21 07:30:46.627, 100, 21824, 23028, 437.31, 76
2026/09/21 07:30:47.628, 100, 21824, 23028, 436.73, 75
2026/09/21 07:30:48.628, 100, 21824, 23028, 434.98, 76
2026/09/21 07:30:49.628, 100, 21824, 23028, 430.25, 75
2026/09/21 07:30:50.629, 100, 21824, 23028, 431.51, 75
2026/09/21 07:30:51.629, 100, 21824, 23028, 429.25, 75
2026/09/21 07:30:52.629, 100, 21824, 23028, 428.47, 76
2026/09/21 07:30:53.630, 100, 21824, 23028, 428.60, 76
2026/09/21 07:30:54.630, 100, 21824, 23028, 426.90, 75
2026/09/21 07:30:55.630, 100, 21824, 23028, 426.88, 76
2026/09/21 07:30:56.630, 100, 21824, 23028, 425.48, 76
2026/09/21 07:30:57.631, 100, 21824, 23028, 423.51, 76
2026/09/21 07:30:58.631, 100, 21824, 23028, 425.09, 75
2026/09/21 07:30:59.631, 17, 21824, 23028, 396.02, 66
2026/09/21 07:31:00.632, 100, 21824, 23028, 365.88, 75
2026/09/21 07:31:01.632, 100, 21824, 23028, 421.32, 76
2026/09/21 07:31:02.632, 100, 21824, 23028, 364.71, 75
2026/09/21 07:31:03.633, 100, 21824, 23028, 394.02, 76
2026/09/21 07:31:04.633, 68, 21824, 23028, 359.51, 72
2026/09/21 07:31:05.634, 64, 21824, 23028, 277.56, 68
2026/09/21 07:31:06.634, 73, 21824, 23028, 285.31, 69
2026/09/21 07:31:07.634, 71, 21824, 23028, 286.33, 70
2026/09/21 07:31:08.634, 73, 21824, 23028, 282.31, 68
2026/09/21 07:31:09.635, 71, 21824, 23028, 286.08, 70
2026/09/21 07:31:10.635, 0, 21824, 23028, 230.87, 62
2026/09/21 07:31:11.636, 100, 21824, 23028, 396.85, 73
2026/09/21 07:31:12.636, 100, 21824, 23028, 443.79, 74
2026/09/21 07:31:13.636, 100, 21824, 23028, 448.94, 75
2026/09/21 07:31:14.637, 100, 21824, 23028, 446.65, 75
2026/09/21 07:31:15.637, 100, 21824, 23028, 443.75, 75
2026/09/21 07:31:16.637, 100, 21824, 23028, 446.22, 76
2026/09/21 07:31:17.638, 100, 21824, 23028, 444.56, 76
2026/09/21 07:31:18.638, 100, 21824, 23028, 444.60, 76
2026/09/21 07:31:19.638, 100, 21824, 23028, 443.27, 76
2026/09/21 07:31:20.638, 100, 21824, 23028, 443.36, 76
2026/09/21 07:31:21.639, 92, 21824, 23028, 436.01, 74
2026/09/21 07:31:22.639, 96, 21824, 23028, 432.73, 76
2026/09/21 07:31:23.639, 100, 21824, 23028, 434.25, 75
2026/09/21 07:31:24.640, 100, 21824, 23028, 436.96, 75
2026/09/21 07:31:25.640, 100, 21824, 23028, 433.15, 76
2026/09/21 07:31:26.640, 100, 21824, 23028, 435.10, 75
2026/09/21 07:31:27.640, 100, 21824, 23028, 422.49, 75
2026/09/21 07:31:28.641, 100, 21824, 23028, 429.35, 76
2026/09/21 07:31:29.641, 100, 21824, 23028, 430.43, 75
2026/09/21 07:31:30.641, 100, 21824, 23028, 428.04, 77
2026/09/21 07:31:31.641, 100, 21824, 23028, 426.70, 76
2026/09/21 07:31:32.642, 100, 21824, 23028, 427.01, 76
2026/09/21 07:31:33.642, 100, 21824, 23028, 424.11, 77
2026/09/21 07:31:34.642, 97, 21824, 23028, 424.32, 76
2026/09/21 07:31:35.643, 99, 21824, 23028, 421.61, 77
2026/09/21 07:31:36.643, 100, 21824, 23028, 424.24, 76
2026/09/21 07:31:37.643, 100, 21824, 23028, 365.83, 77
2026/09/21 07:31:38.643, 100, 21824, 23028, 422.00, 76
2026/09/21 07:31:39.644, 100, 21824, 23028, 368.96, 76
2026/09/21 07:31:40.644, 100, 21824, 23028, 388.02, 76
2026/09/21 07:31:41.644, 68, 21824, 23028, 380.48, 72
2026/09/21 07:31:42.644, 70, 21824, 23028, 274.23, 71
2026/09/21 07:31:43.645, 67, 21824, 23028, 286.22, 70
2026/09/21 07:31:44.645, 66, 21824, 23028, 270.85, 70
2026/09/21 07:31:45.645, 71, 21824, 23028, 282.43, 66
2026/09/21 07:31:46.646, 52, 21824, 23028, 273.76, 68
2026/09/21 07:31:47.646, 52, 21824, 23028, 264.51, 69
2026/09/21 07:31:48.646, 100, 21824, 23028, 232.84, 74
2026/09/21 07:31:49.646, 100, 21824, 23028, 450.89, 74
2026/09/21 07:31:50.647, 100, 21824, 23028, 450.04, 74
2026/09/21 07:31:51.647, 97, 21824, 23028, 446.08, 75
2026/09/21 07:31:52.647, 100, 21824, 23028, 445.66, 75
2026/09/21 07:31:53.648, 100, 21824, 23028, 441.98, 75
2026/09/21 07:31:54.648, 100, 21824, 23028, 438.27, 75
2026/09/21 07:31:55.648, 100, 21824, 23028, 434.66, 74
2026/09/21 07:31:56.648, 100, 21824, 23028, 434.52, 75
2026/09/21 07:31:57.648, 100, 21824, 23028, 432.40, 76
2026/09/21 07:31:58.649, 100, 21824, 23028, 430.74, 76
2026/09/21 07:31:59.652, 100, 21824, 23028, 426.69, 76
2026/09/21 07:32:00.652, 100, 21824, 23028, 424.60, 76
2026/09/21 07:32:01.653, 100, 21824, 23028, 390.62, 76
2026/09/21 07:32:02.653, 68, 21824, 23028, 392.49, 75
2026/09/21 07:32:03.653, 100, 21824, 23028, 389.58, 73
2026/09/21 07:32:04.653, 99, 21824, 23028, 283.50, 72
2026/09/21 07:32:05.654, 61, 21824, 23028, 284.94, 71
2026/09/21 07:32:06.654, 69, 21824, 23028, 272.75, 68
2026/09/21 07:32:07.654, 63, 21824, 23028, 273.70, 70
2026/09/21 07:32:08.654, 63, 21824, 23028, 266.17, 69
2026/09/21 07:32:09.655, 56, 21824, 23028, 270.08, 67
2026/09/21 07:32:10.655, 73, 21824, 23028, 260.70, 68
2026/09/21 07:32:11.655, 100, 21824, 23028, 240.38, 71
2026/09/21 07:32:12.655, 76, 21824, 23028, 326.89, 67
2026/09/21 07:32:13.656, 71, 21824, 23028, 277.42, 66
2026/09/21 07:32:14.656, 65, 21824, 23028, 273.86, 66
2026/09/21 07:32:15.656, 53, 21824, 23028, 276.12, 69
2026/09/21 07:32:16.657, 48, 21824, 23028, 261.90, 67
2026/09/21 07:32:17.657, 65, 21824, 23028, 249.60, 66
2026/09/21 07:32:18.657, 0, 21824, 23028, 196.02, 60
2026/09/21 07:32:19.657, 65, 21824, 23028, 275.82, 68
2026/09/21 07:32:20.658, 58, 21824, 23028, 249.12, 64
2026/09/21 07:32:21.658, 71, 21824, 23028, 258.57, 65
2026/09/21 07:32:22.658, 61, 21824, 23028, 257.50, 66
2026/09/21 07:32:23.659, 62, 21824, 23028, 260.35, 64
2026/09/21 07:32:24.659, 64, 21824, 23028, 256.16, 64
2026/09/21 07:32:25.659, 73, 21824, 23028, 256.70, 63
2026/09/21 07:32:26.659, 0, 21824, 23028, 185.39, 59
2026/09/21 07:32:27.660, 71, 21824, 23028, 275.86, 65
2026/09/21 07:32:28.660, 64, 21824, 23028, 272.78, 63
2026/09/21 07:32:29.660, 60, 21824, 23028, 266.66, 64
2026/09/21 07:32:30.661, 60, 21824, 23028, 268.67, 67
2026/09/21 07:32:31.661, 71, 21824, 23028, 273.80, 65
2026/09/21 07:32:32.661, 65, 21824, 23028, 260.93, 63
2026/09/21 07:32:33.661, 65, 21824, 23028, 264.37, 63
2026/09/21 07:32:34.662, 94, 21824, 23028, 273.53, 65
2026/09/21 07:32:35.662, 63, 21824, 23028, 270.64, 66
2026/09/21 07:32:36.662, 57, 21824, 23028, 262.77, 63
2026/09/21 07:32:37.663, 64, 21824, 23028, 264.61, 64
2026/09/21 07:32:38.663, 57, 21824, 23028, 263.24, 66
2026/09/21 07:32:39.663, 73, 21824, 23028, 270.43, 64
2026/09/21 07:32:40.663, 63, 21824, 23028, 270.86, 63
2026/09/21 07:32:41.664, 100, 21824, 23028, 227.45, 70
2026/09/21 07:32:42.664, 100, 21824, 23028, 450.73, 70
2026/09/21 07:32:43.664, 100, 21824, 23028, 449.29, 71
2026/09/21 07:32:44.665, 100, 21824, 23028, 448.55, 69
2026/09/21 07:32:45.665, 96, 21824, 23028, 438.61, 72
2026/09/21 07:32:46.665, 100, 21824, 23028, 441.10, 72
2026/09/21 07:32:47.665, 100, 21824, 23028, 440.20, 71
2026/09/21 07:32:48.669, 100, 21824, 23028, 435.16, 72
2026/09/21 07:32:49.669, 100, 21824, 23028, 433.61, 72
2026/09/21 07:32:50.670, 100, 21824, 23028, 430.16, 72
2026/09/21 07:32:51.670, 100, 21824, 23028, 427.68, 71
2026/09/21 07:32:52.670, 100, 21824, 23028, 427.81, 73
2026/09/21 07:32:53.670, 100, 21824, 23028, 422.80, 72
2026/09/21 07:32:54.671, 100, 21824, 23028, 406.92, 73
2026/09/21 07:32:55.671, 34, 21824, 23028, 397.73, 71
2026/09/21 07:32:56.671, 100, 21824, 23028, 376.17, 71
2026/09/21 07:32:57.671, 94, 21824, 23028, 306.27, 66
2026/09/21 07:32:58.671, 72, 21824, 23028, 284.75, 68
2026/09/21 07:32:59.672, 53, 21824, 23028, 267.85, 66
2026/09/21 07:33:00.672, 72, 21824, 23028, 260.18, 65
2026/09/21 07:33:01.672, 74, 21824, 23028, 266.71, 64
2026/09/21 07:33:02.673, 73, 21824, 23028, 267.67, 64
2026/09/21 07:33:03.673, 71, 21824, 23028, 268.38, 66
2026/09/21 07:33:04.673, 98, 21824, 23028, 251.61, 69
2026/09/21 07:33:05.673, 70, 21824, 23028, 321.14, 65
2026/09/21 07:33:06.674, 67, 21824, 23028, 279.63, 65
2026/09/21 07:33:07.674, 73, 21824, 23028, 280.96, 64
2026/09/21 07:33:08.674, 63, 21824, 23028, 271.53, 64
2026/09/21 07:33:09.675, 69, 21824, 23028, 278.17, 64
2026/09/21 07:33:10.675, 71, 21824, 23028, 268.13, 66
2026/09/21 07:33:11.675, 100, 21824, 23028, 262.22, 69
2026/09/21 07:33:12.675, 65, 21824, 23028, 306.79, 64
2026/09/21 07:33:13.676, 62, 21824, 23028, 273.36, 63
2026/09/21 07:33:14.676, 69, 21824, 23028, 275.07, 64
2026/09/21 07:33:15.676, 39, 21824, 23028, 238.81, 65
2026/09/21 07:33:16.676, 68, 21824, 23028, 235.51, 65
2026/09/21 07:33:17.677, 45, 21824, 23028, 237.43, 65
2026/09/21 07:33:18.681, 0, 21824, 23028, 227.04, 58
2026/09/21 07:33:19.681, 67, 21824, 23028, 254.35, 66
2026/09/21 07:33:20.681, 46, 21824, 23028, 256.04, 65
2026/09/21 07:33:21.681, 47, 21824, 23028, 245.39, 61
2026/09/21 07:33:22.682, 70, 21824, 23028, 230.55, 65
2026/09/21 07:33:23.682, 50, 21824, 23028, 247.81, 61
2026/09/21 07:33:24.682, 69, 21824, 23028, 243.00, 60
2026/09/21 07:33:25.682, 40, 21824, 23028, 234.74, 63
2026/09/21 07:33:26.683, 53, 21824, 23028, 237.13, 64
2026/09/21 07:33:27.683, 93, 21824, 23028, 192.97, 66
2026/09/21 07:33:28.683, 64, 21824, 23028, 302.91, 61
2026/09/21 07:33:29.684, 58, 21824, 23028, 251.52, 61
2026/09/21 07:33:30.684, 76, 21824, 23028, 275.49, 63
2026/09/21 07:33:31.684, 71, 21824, 23028, 278.71, 65
2026/09/21 07:33:32.684, 56, 21824, 23028, 265.95, 65
2026/09/21 07:33:33.684, 70, 21824, 23028, 276.08, 64
2026/09/21 07:33:34.685, 0, 21824, 23028, 202.99, 62
2026/09/21 07:33:35.685, 100, 21824, 23028, 445.88, 68
2026/09/21 07:33:36.685, 100, 21824, 23028, 448.03, 69
2026/09/21 07:33:37.686, 100, 21824, 23028, 445.84, 69
2026/09/21 07:33:38.686, 100, 21824, 23028, 444.89, 70
2026/09/21 07:33:39.686, 98, 21824, 23028, 435.12, 69
2026/09/21 07:33:40.687, 75, 21824, 23028, 429.04, 71
2026/09/21 07:33:41.687, 100, 21824, 23028, 434.19, 71
2026/09/21 07:33:42.687, 100, 21824, 23028, 432.47, 70
2026/09/21 07:33:43.688, 100, 21824, 23028, 428.70, 70
2026/09/21 07:33:44.688, 100, 21824, 23028, 417.25, 72
2026/09/21 07:33:45.688, 100, 21824, 23028, 426.52, 70
2026/09/21 07:33:46.688, 100, 21824, 23028, 424.24, 72
2026/09/21 07:33:47.689, 44, 21824, 23028, 403.51, 71
2026/09/21 07:33:48.689, 100, 21824, 23028, 397.10, 72
2026/09/21 07:33:49.689, 60, 21824, 23028, 382.26, 72
2026/09/21 07:33:50.689, 99, 21824, 23028, 266.13, 69
2026/09/21 07:33:51.689, 63, 21824, 23028, 323.76, 66
2026/09/21 07:33:52.690, 47, 21824, 23028, 261.92, 64
2026/09/21 07:33:53.690, 56, 21824, 23028, 234.50, 63
2026/09/21 07:33:54.690, 57, 21824, 23028, 245.37, 62
2026/09/21 07:33:55.691, 47, 21824, 23028, 243.05, 61
2026/09/21 07:33:56.691, 49, 21824, 23028, 230.80, 61
2026/09/21 07:33:57.691, 63, 21824, 23028, 239.64, 63
2026/09/21 07:33:58.692, 29, 21824, 23028, 156.57, 57
2026/09/21 07:33:59.692, 70, 21824, 23028, 314.73, 65
2026/09/21 07:34:00.693, 72, 21824, 23028, 276.02, 66
2026/09/21 07:34:01.693, 62, 21824, 23028, 279.89, 62
2026/09/21 07:34:02.693, 75, 21824, 23028, 278.93, 65
2026/09/21 07:34:03.693, 65, 21824, 23028, 273.96, 64
2026/09/21 07:34:04.694, 71, 21824, 23028, 278.97, 65
2026/09/21 07:34:05.694, 4, 21824, 23028, 194.29, 57
2026/09/21 07:34:06.694, 44, 21824, 23028, 295.05, 62
2026/09/21 07:34:07.694, 44, 21824, 23028, 237.97, 61
2026/09/21 07:34:08.695, 73, 21824, 23028, 236.32, 64
2026/09/21 07:34:09.695, 61, 21824, 23028, 262.94, 63
2026/09/21 07:34:10.695, 57, 21824, 23028, 254.13, 61
2026/09/21 07:34:11.696, 66, 21824, 23028, 239.21, 64
2026/09/21 07:34:12.697, 50, 21824, 23028, 235.22, 61
2026/09/21 07:34:13.697, 0, 21824, 23028, 207.63, 57
2026/09/21 07:34:14.697, 100, 21824, 23028, 221.96, 66
2026/09/21 07:34:15.697, 57, 21824, 23028, 254.91, 63
2026/09/21 07:34:16.698, 40, 21824, 23028, 225.22, 59
2026/09/21 07:34:17.698, 55, 21824, 23028, 210.20, 63
2026/09/21 07:34:18.698, 41, 21824, 23028, 205.52, 60
2026/09/21 07:34:19.698, 61, 21824, 23028, 218.88, 62
2026/09/21 07:34:20.699, 60, 21824, 23028, 268.98, 61
2026/09/21 07:34:21.699, 40, 21824, 23028, 228.35, 58
2026/09/21 07:34:22.699, 39, 21824, 23028, 195.35, 57
2026/09/21 07:34:23.700, 0, 21824, 23028, 107.24, 55
2026/09/21 07:34:24.700, 72, 21824, 23028, 231.76, 64
2026/09/21 07:34:25.700, 46, 21824, 23028, 241.99, 62
2026/09/21 07:34:26.700, 40, 21824, 23028, 201.74, 58
2026/09/21 07:34:27.701, 43, 21824, 23028, 197.51, 61
2026/09/21 07:34:28.701, 33, 21824, 23028, 200.66, 61
2026/09/21 07:34:29.701, 62, 21824, 23028, 222.08, 59
2026/09/21 07:34:30.701, 59, 21824, 23028, 271.40, 59
2026/09/21 07:34:31.701, 55, 21824, 23028, 243.96, 61
2026/09/21 07:34:32.704, 46, 21824, 23028, 216.73, 59
2026/09/21 07:34:33.704, 0, 21824, 23028, 99.97, 54
2026/09/21 07:34:34.704, 0, 21824, 23028, 75.40, 53
2026/09/21 07:34:35.705, 0, 21824, 23028, 69.70, 53
2026/09/21 07:34:36.705, 0, 21824, 23028, 64.22, 52
2026/09/21 07:34:37.705, 0, 21824, 23028, 63.95, 52
2026/09/21 07:34:38.705, 0, 21824, 23028, 63.78, 51
2026/09/21 07:34:39.706, 0, 21824, 23028, 63.68, 51
2026/09/21 07:34:40.706, 0, 21824, 23028, 63.50, 51
2026/09/21 07:34:41.706, 0, 21824, 23028, 63.37, 51
2026/09/21 07:34:42.706, 100, 21824, 23028, 143.51, 62
2026/09/21 07:34:43.707, 100, 21824, 23028, 399.94, 64
2026/09/21 07:34:44.707, 100, 21824, 23028, 450.39, 66
2026/09/21 07:34:45.707, 100, 21824, 23028, 421.52, 66
2026/09/21 07:34:46.708, 91, 21824, 23028, 443.24, 66
2026/09/21 07:34:47.708, 94, 21824, 23028, 402.35, 67
2026/09/21 07:34:48.709, 100, 21824, 23028, 445.37, 68
2026/09/21 07:34:49.709, 100, 21824, 23028, 438.36, 67
2026/09/21 07:34:50.709, 100, 21824, 23028, 443.79, 68
2026/09/21 07:34:51.710, 100, 21824, 23028, 445.42, 67
2026/09/21 07:34:52.710, 100, 21824, 23028, 438.46, 67
2026/09/21 07:34:53.710, 100, 21824, 23028, 439.60, 69
2026/09/21 07:34:54.711, 100, 21824, 23028, 436.97, 68
2026/09/21 07:34:55.711, 81, 21824, 23028, 425.42, 69
2026/09/21 07:34:56.711, 72, 21824, 23028, 421.97, 66
2026/09/21 07:34:57.712, 100, 21824, 23028, 426.49, 68
2026/09/21 07:34:58.712, 100, 21824, 23028, 433.75, 69
2026/09/21 07:34:59.712, 100, 21824, 23028, 435.15, 68
2026/09/21 07:35:00.712, 100, 21824, 23028, 428.85, 69
2026/09/21 07:35:01.713, 100, 21824, 23028, 428.47, 69
2026/09/21 07:35:02.713, 100, 21824, 23028, 427.79, 70
2026/09/21 07:35:03.713, 100, 21888, 23028, 432.19, 70
2026/09/21 07:35:04.713, 100, 21888, 23028, 427.94, 70
2026/09/21 07:35:05.714, 84, 21888, 23028, 423.95, 65
2026/09/21 07:35:06.714, 81, 21888, 23028, 416.35, 70
2026/09/21 07:35:07.714, 100, 21888, 23028, 414.45, 70
2026/09/21 07:35:08.714, 100, 21888, 23028, 345.95, 69
2026/09/21 07:35:09.715, 100, 21888, 23028, 427.20, 71
2026/09/21 07:35:10.715, 100, 21888, 23028, 336.82, 69
2026/09/21 07:35:11.715, 100, 21888, 23028, 378.63, 70
2026/09/21 07:35:12.715, 100, 21888, 23028, 396.57, 69
2026/09/21 07:35:13.716, 6, 21888, 23028, 388.64, 62
2026/09/21 07:35:14.716, 64, 21888, 23028, 266.82, 62
2026/09/21 07:35:15.716, 62, 21888, 23028, 255.01, 62
2026/09/21 07:35:16.716, 64, 21888, 23028, 249.86, 64
2026/09/21 07:35:17.717, 59, 21888, 23028, 256.25, 61
2026/09/21 07:35:18.717, 55, 21888, 23028, 247.65, 62
2026/09/21 07:35:19.717, 56, 21888, 23028, 252.42, 62
2026/09/21 07:35:20.717, 48, 21888, 23028, 240.22, 65
2026/09/21 07:35:21.718, 100, 21888, 23028, 378.55, 70
2026/09/21 07:35:22.719, 91, 21888, 23028, 430.59, 70
2026/09/21 07:35:23.719, 100, 21888, 23028, 443.52, 71
2026/09/21 07:35:24.719, 100, 21888, 23028, 447.70, 71
2026/09/21 07:35:25.720, 100, 21888, 23028, 449.38, 71
2026/09/21 07:35:26.720, 100, 21888, 23028, 448.95, 71
2026/09/21 07:35:27.720, 88, 21888, 23028, 440.34, 72
2026/09/21 07:35:28.720, 71, 21888, 23028, 386.19, 70
2026/09/21 07:35:29.721, 100, 21888, 23028, 433.35, 71
2026/09/21 07:35:30.724, 100, 21888, 23028, 385.51, 69
2026/09/21 07:35:31.724, 100, 21888, 23028, 440.76, 72
2026/09/21 07:35:32.724, 100, 21888, 23028, 409.42, 72
2026/09/21 07:35:33.724, 100, 21888, 23028, 434.21, 72
2026/09/21 07:35:34.728, 100, 21888, 23028, 362.94, 70
2026/09/21 07:35:35.728, 100, 21888, 23028, 432.20, 72
2026/09/21 07:35:36.728, 100, 21888, 23028, 437.84, 73
2026/09/21 07:35:37.728, 100, 21888, 23028, 430.08, 72
2026/09/21 07:35:38.729, 100, 21888, 23028, 434.20, 72
2026/09/21 07:35:39.729, 100, 21888, 23028, 434.18, 73
2026/09/21 07:35:40.729, 100, 21888, 23028, 433.38, 72
2026/09/21 07:35:41.729, 100, 21888, 23028, 429.64, 72
2026/09/21 07:35:42.730, 100, 21888, 23028, 427.88, 73
2026/09/21 07:35:43.733, 100, 21888, 23028, 425.44, 72
2026/09/21 07:35:44.733, 100, 21888, 23028, 428.64, 73
2026/09/21 07:35:45.733, 91, 21888, 23028, 421.42, 73
2026/09/21 07:35:46.735, 62, 21888, 23028, 416.71, 63
2026/09/21 07:35:47.737, 100, 21888, 23028, 383.00, 72
2026/09/21 07:35:48.737, 100, 21888, 23028, 416.55, 74
2026/09/21 07:35:49.737, 100, 21888, 23028, 371.71, 72
2026/09/21 07:35:50.737, 100, 21888, 23028, 400.99, 73
2026/09/21 07:35:51.738, 100, 21888, 23028, 405.63, 72
2026/09/21 07:35:52.738, 54, 21888, 23028, 365.63, 67
2026/09/21 07:35:53.738, 54, 21888, 23028, 252.81, 68
2026/09/21 07:35:54.739, 72, 21888, 23028, 252.85, 66
2026/09/21 07:35:55.739, 69, 21888, 23028, 260.20, 67
2026/09/21 07:35:56.739, 60, 21888, 23028, 253.07, 64
2026/09/21 07:35:57.740, 56, 21888, 23028, 263.58, 67
2026/09/21 07:35:58.740, 65, 21888, 23028, 264.58, 67
2026/09/21 07:35:59.740, 100, 21888, 23028, 353.22, 72
2026/09/21 07:36:00.740, 100, 21888, 23028, 449.30, 72
2026/09/21 07:36:01.741, 84, 21888, 23028, 443.62, 71
2026/09/21 07:36:02.741, 100, 21888, 23028, 443.17, 72
2026/09/21 07:36:03.741, 100, 21888, 23028, 448.66, 73
2026/09/21 07:36:04.741, 100, 21888, 23028, 449.55, 72
2026/09/21 07:36:05.742, 100, 21888, 23028, 443.64, 73
2026/09/21 07:36:06.742, 25, 21888, 23028, 421.18, 63
2026/09/21 07:36:07.742, 71, 21888, 23028, 412.88, 72
2026/09/21 07:36:08.743, 75, 21888, 23028, 406.93, 72
2026/09/21 07:36:09.743, 100, 21888, 23028, 435.33, 73
2026/09/21 07:36:10.743, 100, 21888, 23028, 418.49, 73
2026/09/21 07:36:11.743, 100, 21888, 23028, 431.67, 74
2026/09/21 07:36:12.744, 100, 21888, 23028, 399.32, 72
2026/09/21 07:36:13.744, 100, 21888, 23028, 435.23, 74
2026/09/21 07:36:14.744, 100, 21888, 23028, 434.07, 74
2026/09/21 07:36:15.745, 100, 21888, 23028, 432.08, 73
2026/09/21 07:36:16.745, 100, 21888, 23028, 433.02, 74
2026/09/21 07:36:17.745, 100, 21888, 23028, 431.09, 73
2026/09/21 07:36:18.746, 100, 21888, 23028, 431.63, 73
2026/09/21 07:36:19.746, 100, 21888, 23028, 426.02, 74
2026/09/21 07:36:20.747, 100, 21888, 23028, 423.46, 73
2026/09/21 07:36:21.747, 100, 21888, 23028, 389.64, 74
2026/09/21 07:36:26.808, 100, 21888, 23028, 422.76, 74
2026/09/21 07:36:27.808, 100, 21888, 23028, 374.46, 73
2026/09/21 07:36:28.809, 100, 21888, 23028, 394.72, 73
2026/09/21 07:36:29.809, 100, 21888, 23028, 404.56, 74
2026/09/21 07:36:30.809, 69, 21888, 23028, 368.58, 69
2026/09/21 07:36:31.809, 65, 21888, 23028, 284.79, 69
2026/09/21 07:36:32.810, 48, 21888, 23028, 281.17, 68
2026/09/21 07:36:33.810, 75, 21888, 23028, 272.07, 66
2026/09/21 07:36:34.810, 63, 21888, 23028, 276.12, 67
2026/09/21 07:36:35.810, 73, 21888, 23028, 277.51, 67
2026/09/21 07:36:36.811, 79, 21888, 23028, 277.36, 72
2026/09/21 07:36:37.811, 100, 21888, 23028, 440.00, 72
2026/09/21 07:36:38.812, 100, 21888, 23028, 450.56, 73
2026/09/21 07:36:39.812, 100, 21888, 23028, 449.77, 74
2026/09/21 07:36:40.812, 88, 21888, 23028, 442.57, 73
2026/09/21 07:36:41.813, 100, 21888, 23028, 443.47, 74
2026/09/21 07:36:42.813, 100, 21888, 23028, 445.88, 73
2026/09/21 07:36:43.814, 100, 21888, 23028, 446.52, 74
2026/09/21 07:36:44.814, 100, 21888, 23028, 403.11, 74
2026/09/21 07:36:45.814, 100, 21888, 23028, 443.92, 74
2026/09/21 07:36:46.815, 100, 21888, 23028, 410.25, 73
2026/09/21 07:36:47.815, 100, 21888, 23028, 441.63, 74
2026/09/21 07:36:48.815, 100, 21888, 23028, 419.37, 74
2026/09/21 07:36:49.816, 98, 21888, 23028, 438.91, 67
2026/09/21 07:36:50.816, 100, 21888, 23028, 415.02, 73
2026/09/21 07:36:51.816, 96, 21888, 23028, 437.05, 74
2026/09/21 07:36:52.816, 95, 21888, 23028, 430.59, 74
2026/09/21 07:36:53.817, 100, 21888, 23028, 433.08, 73
2026/09/21 07:36:54.817, 87, 21888, 23028, 425.04, 74
2026/09/21 07:36:55.817, 100, 21888, 23028, 426.60, 75
2026/09/21 07:36:56.817, 100, 21888, 23028, 428.01, 75
2026/09/21 07:36:57.818, 100, 21888, 23028, 426.94, 74
2026/09/21 07:36:58.818, 100, 21888, 23028, 423.41, 74
2026/09/21 07:36:59.819, 100, 21888, 23028, 427.57, 75
2026/09/21 07:37:00.819, 100, 21888, 23028, 425.73, 74
2026/09/21 07:37:01.819, 100, 21888, 23028, 403.40, 73
2026/09/21 07:37:02.819, 100, 21888, 23028, 422.62, 75
2026/09/21 07:37:03.820, 58, 21888, 23028, 410.00, 65
2026/09/21 07:37:04.820, 86, 21888, 23028, 331.62, 66
2026/09/21 07:37:05.820, 100, 21888, 23028, 386.62, 73
2026/09/21 07:37:06.821, 100, 21888, 23028, 398.23, 74
2026/09/21 07:37:07.821, 70, 21888, 23028, 349.73, 68
2026/09/21 07:37:08.821, 60, 21888, 23028, 268.24, 66
2026/09/21 07:37:09.822, 74, 21888, 23028, 274.49, 67
2026/09/21 07:37:10.822, 56, 21888, 23028, 274.46, 69
2026/09/21 07:37:11.822, 65, 21888, 23028, 266.59, 68
2026/09/21 07:37:12.822, 72, 21888, 23028, 277.50, 67
2026/09/21 07:37:13.823, 72, 21888, 23028, 286.18, 73
2026/09/21 07:37:14.823, 100, 21888, 23028, 439.49, 73
2026/09/21 07:37:15.824, 100, 21888, 23028, 448.11, 73
2026/09/21 07:37:16.824, 100, 21888, 23028, 448.09, 74
2026/09/21 07:37:17.824, 93, 21888, 23028, 445.93, 74
2026/09/21 07:37:18.825, 100, 21888, 23028, 443.59, 74
2026/09/21 07:37:19.825, 100, 21888, 23028, 441.33, 75
2026/09/21 07:37:20.825, 100, 21888, 23028, 446.52, 74
2026/09/21 07:37:21.826, 100, 21888, 23028, 418.51, 75
2026/09/21 07:37:22.826, 100, 21888, 23028, 442.65, 75
2026/09/21 07:37:23.826, 100, 21888, 23028, 418.15, 73
2026/09/21 07:37:24.826, 100, 21888, 23028, 440.60, 75
2026/09/21 07:37:25.827, 100, 21888, 23028, 416.40, 75
2026/09/21 07:37:26.827, 98, 21888, 23028, 432.38, 67
2026/09/21 07:37:27.827, 99, 21888, 23028, 415.94, 72
2026/09/21 07:37:28.828, 88, 21888, 23028, 430.00, 75
2026/09/21 07:37:29.828, 93, 21888, 23028, 426.55, 75
2026/09/21 07:37:30.828, 97, 21888, 23028, 426.32, 74
2026/09/21 07:37:31.829, 86, 21888, 23028, 421.92, 75
2026/09/21 07:37:32.829, 91, 21888, 23028, 428.41, 76
2026/09/21 07:37:33.829, 93, 21888, 23028, 425.67, 75
2026/09/21 07:37:34.829, 92, 21888, 23028, 424.03, 74
2026/09/21 07:37:35.830, 99, 21888, 23028, 423.09, 72
2026/09/21 07:37:36.830, 100, 21888, 23028, 424.21, 74
2026/09/21 07:37:37.830, 100, 21888, 23028, 422.77, 74
2026/09/21 07:37:38.831, 100, 21888, 23028, 424.67, 74
2026/09/21 07:37:39.831, 100, 21888, 23028, 398.73, 75
2026/09/21 07:37:40.831, 100, 21888, 23028, 421.43, 74
2026/09/21 07:37:41.832, 100, 21888, 23028, 357.67, 74
2026/09/21 07:37:42.832, 100, 21888, 23028, 402.70, 74
2026/09/21 07:37:43.832, 100, 21888, 23028, 368.00, 72
2026/09/21 07:37:44.832, 40, 21888, 23028, 363.08, 71
2026/09/21 07:37:45.833, 64, 21888, 23028, 302.40, 67
2026/09/21 07:37:46.833, 70, 21888, 23028, 271.48, 66
2026/09/21 07:37:47.833, 67, 21888, 23028, 275.82, 70
2026/09/21 07:37:48.833, 67, 21888, 23028, 270.33, 69
2026/09/21 07:37:49.834, 66, 21888, 23028, 274.44, 66
2026/09/21 07:37:50.834, 65, 21888, 23028, 279.25, 69
2026/09/21 07:37:51.834, 100, 21888, 23028, 367.95, 74
2026/09/21 07:37:52.834, 100, 21888, 23028, 451.00, 74
2026/09/21 07:37:53.835, 100, 21888, 23028, 446.13, 74
2026/09/21 07:37:54.835, 100, 21888, 23028, 450.80, 74
2026/09/21 07:37:55.835, 100, 21888, 23028, 448.49, 75
2026/09/21 07:37:56.835, 100, 21888, 23028, 449.21, 74
2026/09/21 07:37:57.836, 100, 21888, 23028, 445.70, 74
2026/09/21 07:37:58.836, 56, 21888, 23028, 412.81, 74
2026/09/21 07:37:59.836, 100, 21888, 23028, 444.58, 74
2026/09/21 07:38:00.836, 100, 21888, 23028, 420.68, 75
2026/09/21 07:38:01.836, 100, 21888, 23028, 441.92, 75
2026/09/21 07:38:02.837, 100, 21888, 23028, 420.12, 74
2026/09/21 07:38:03.837, 100, 21888, 23028, 439.28, 74
2026/09/21 07:38:04.837, 100, 21888, 23028, 418.72, 75
2026/09/21 07:38:05.837, 100, 21888, 23028, 436.94, 75
2026/09/21 07:38:06.838, 100, 21888, 23028, 433.10, 75
2026/09/21 07:38:07.838, 100, 21888, 23028, 433.68, 76
2026/09/21 07:38:08.839, 100, 21888, 23028, 432.84, 76
2026/09/21 07:38:09.839, 100, 21888, 23028, 432.70, 76
2026/09/21 07:38:10.839, 100, 21888, 23028, 430.50, 76
2026/09/21 07:38:11.840, 100, 21888, 23028, 428.48, 75
2026/09/21 07:38:12.840, 100, 21888, 23028, 428.15, 76
2026/09/21 07:38:13.840, 100, 21888, 23028, 426.55, 74
2026/09/21 07:38:14.841, 100, 21888, 23028, 424.33, 74
2026/09/21 07:38:15.842, 100, 21888, 23028, 421.85, 74
2026/09/21 07:38:16.842, 100, 21888, 23028, 403.74, 74
2026/09/21 07:38:17.842, 100, 21888, 23028, 421.23, 76
2026/09/21 07:38:18.843, 9, 21888, 23028, 362.21, 65
2026/09/21 07:38:19.843, 100, 21888, 23028, 365.90, 75
2026/09/21 07:38:20.843, 56, 21888, 23028, 405.58, 73
2026/09/21 07:38:21.844, 94, 21888, 23028, 401.02, 75
2026/09/21 07:38:22.844, 66, 21888, 23028, 312.17, 68
2026/09/21 07:38:23.844, 72, 21888, 23028, 270.48, 71
2026/09/21 07:38:24.845, 65, 21888, 23028, 264.91, 68
2026/09/21 07:38:25.845, 60, 21888, 23028, 270.25, 67
2026/09/21 07:38:26.845, 49, 21888, 23028, 258.54, 66
2026/09/21 07:38:27.846, 72, 21888, 23028, 263.26, 69
2026/09/21 07:38:28.846, 100, 21888, 23028, 286.78, 71
2026/09/21 07:38:29.846, 100, 21888, 23028, 449.09, 74
2026/09/21 07:38:30.846, 100, 21888, 23028, 451.79, 74
2026/09/21 07:38:31.847, 100, 21888, 23028, 448.97, 74
2026/09/21 07:38:32.847, 93, 21888, 23028, 446.54, 74
2026/09/21 07:38:33.847, 100, 21888, 23028, 445.41, 75
2026/09/21 07:38:34.848, 100, 21888, 23028, 446.58, 75
2026/09/21 07:38:35.848, 100, 21888, 23028, 448.44, 75
2026/09/21 07:38:36.848, 100, 21888, 23028, 414.56, 75
2026/09/21 07:38:37.849, 100, 21888, 23028, 442.82, 75
2026/09/21 07:38:38.849, 100, 21888, 23028, 420.92, 75
2026/09/21 07:38:39.849, 98, 21888, 23028, 438.67, 74
2026/09/21 07:38:40.850, 99, 21888, 23028, 415.09, 74
2026/09/21 07:38:41.850, 25, 21888, 23028, 414.29, 71
2026/09/21 07:38:42.851, 92, 21888, 23028, 409.02, 74
2026/09/21 07:38:43.851, 94, 21888, 23028, 432.44, 75
2026/09/21 07:38:44.851, 100, 21888, 23028, 426.38, 75
2026/09/21 07:38:45.851, 100, 21888, 23028, 430.69, 75
2026/09/21 07:38:46.852, 100, 21888, 23028, 428.68, 74
2026/09/21 07:38:47.852, 100, 21888, 23028, 434.10, 75
2026/09/21 07:38:48.855, 97, 21888, 23028, 422.38, 75
2026/09/21 07:38:49.855, 98, 21888, 23028, 428.62, 75
2026/09/21 07:38:50.855, 97, 21888, 23028, 423.87, 74
2026/09/21 07:38:51.856, 98, 21888, 23028, 425.49, 75
2026/09/21 07:38:52.856, 100, 21888, 23028, 422.85, 75
2026/09/21 07:38:53.857, 100, 21888, 23028, 423.83, 76
2026/09/21 07:38:54.857, 100, 21888, 23028, 392.82, 76
2026/09/21 07:38:55.857, 100, 21888, 23028, 422.44, 75
2026/09/21 07:38:56.858, 100, 21888, 23028, 354.38, 75
2026/09/21 07:38:57.858, 100, 21888, 23028, 398.87, 74
2026/09/21 07:38:58.858, 100, 21888, 23028, 401.13, 74
2026/09/21 07:38:59.859, 100, 21888, 23028, 396.82, 73
2026/09/21 07:39:00.859, 72, 21888, 23028, 300.16, 71
2026/09/21 07:39:01.859, 74, 21888, 23028, 285.12, 71
2026/09/21 07:39:02.860, 78, 21888, 23028, 282.79, 70
2026/09/21 07:39:03.860, 62, 21888, 23028, 278.79, 68
2026/09/21 07:39:04.860, 62, 21888, 23028, 278.06, 67
2026/09/21 07:39:05.860, 68, 21888, 23028, 274.22, 68
2026/09/21 07:39:06.861, 81, 21888, 23028, 407.40, 67
2026/09/21 07:39:07.861, 100, 21888, 23028, 449.61, 75
2026/09/21 07:39:09.648, 100, 21888, 23028, 447.65, 74
2026/09/21 07:39:10.649, 100, 21888, 23028, 447.61, 74
2026/09/21 07:39:11.649, 100, 21888, 23028, 448.73, 75
2026/09/21 07:39:12.649, 100, 21888, 23028, 446.94, 74
2026/09/21 07:39:13.650, 100, 21888, 23028, 445.24, 75
2026/09/21 07:39:14.650, 100, 21888, 23028, 404.67, 75
2026/09/21 07:39:15.650, 57, 21888, 23028, 425.48, 66
2026/09/21 07:39:16.651, 100, 21888, 23028, 427.56, 76
2026/09/21 07:39:17.651, 100, 21888, 23028, 426.29, 75
2026/09/21 07:39:18.651, 100, 21888, 23028, 437.31, 76
2026/09/21 07:39:19.651, 100, 21888, 23028, 418.99, 74
2026/09/21 07:39:20.652, 100, 21888, 23028, 436.23, 76
2026/09/21 07:39:21.652, 100, 21888, 23028, 437.30, 76
2026/09/21 07:39:22.652, 100, 21888, 23028, 430.64, 75
2026/09/21 07:39:23.653, 100, 21888, 23028, 431.05, 75
2026/09/21 07:39:24.653, 100, 21888, 23028, 430.05, 76
2026/09/21 07:39:25.653, 100, 21888, 23028, 430.62, 76
2026/09/21 07:39:26.654, 100, 21888, 23028, 429.61, 75
2026/09/21 07:39:27.654, 100, 21888, 23028, 427.59, 76
2026/09/21 07:39:28.655, 100, 21888, 23028, 426.66, 76
2026/09/21 07:39:29.655, 100, 21888, 23028, 428.01, 75
2026/09/21 07:39:30.655, 100, 21888, 23028, 421.72, 76
2026/09/21 07:39:31.656, 100, 21888, 23028, 406.05, 74
2026/09/21 07:39:32.656, 95, 21888, 23028, 425.42, 76
2026/09/21 07:39:33.656, 100, 21888, 23028, 424.45, 75
2026/09/21 07:39:34.657, 74, 21888, 23028, 368.82, 75
2026/09/21 07:39:35.657, 100, 21888, 23028, 403.31, 76
2026/09/21 07:39:36.657, 100, 21888, 23028, 401.23, 76
2026/09/21 07:39:37.658, 74, 21888, 23028, 337.68, 68
2026/09/21 07:39:38.658, 49, 21888, 23028, 267.09, 71
2026/09/21 07:39:39.658, 48, 21888, 23028, 257.35, 70
2026/09/21 07:39:40.659, 70, 21888, 23028, 264.94, 70
2026/09/21 07:39:41.659, 65, 21888, 23028, 277.99, 68
2026/09/21 07:39:42.659, 72, 21888, 23028, 271.78, 67
2026/09/21 07:39:43.660, 73, 21888, 23028, 271.02, 65
2026/09/21 07:39:44.660, 100, 21888, 23028, 423.73, 74
2026/09/21 07:39:45.660, 100, 21888, 23028, 449.15, 74
2026/09/21 07:39:46.661, 100, 21888, 23028, 447.55, 75
2026/09/21 07:39:47.661, 100, 21888, 23028, 449.41, 75
2026/09/21 07:39:48.661, 100, 21888, 23028, 443.10, 75
2026/09/21 07:39:49.662, 100, 21888, 23028, 446.00, 75
2026/09/21 07:39:50.662, 100, 21888, 23028, 444.87, 75
2026/09/21 07:39:51.662, 100, 21888, 23028, 421.95, 75
2026/09/21 07:39:52.663, 100, 21888, 23028, 444.24, 76
2026/09/21 07:39:53.663, 100, 21888, 23028, 425.72, 75
2026/09/21 07:39:54.663, 100, 21888, 23028, 441.18, 75
2026/09/21 07:39:55.664, 100, 21888, 23028, 421.00, 75
2026/09/21 07:39:56.664, 96, 21888, 23028, 437.56, 68
2026/09/21 07:39:57.664, 100, 21888, 23028, 415.91, 71
2026/09/21 07:39:58.665, 96, 21888, 23028, 432.93, 75
2026/09/21 07:39:59.665, 92, 21888, 23028, 428.41, 76
2026/09/21 07:40:00.666, 95, 21888, 23028, 428.99, 75
2026/09/21 07:40:01.666, 94, 21888, 23028, 428.35, 75
2026/09/21 07:40:02.666, 97, 21888, 23028, 428.54, 75
2026/09/21 07:40:03.666, 93, 21888, 23028, 426.69, 75
2026/09/21 07:40:04.667, 95, 21888, 23028, 425.98, 76
2026/09/21 07:40:05.667, 95, 21888, 23028, 423.33, 75
2026/09/21 07:40:06.667, 100, 21888, 23028, 426.53, 74
2026/09/21 07:40:07.668, 100, 21888, 23028, 425.54, 75
2026/09/21 07:40:08.668, 100, 21888, 23028, 426.64, 75
2026/09/21 07:40:09.668, 100, 21888, 23028, 404.60, 75
2026/09/21 07:40:10.668, 100, 21888, 23028, 419.80, 76
2026/09/21 07:40:11.669, 100, 21888, 23028, 362.62, 75
2026/09/21 07:40:12.669, 100, 21888, 23028, 397.01, 76
2026/09/21 07:40:13.669, 100, 21888, 23028, 407.54, 76
2026/09/21 07:40:14.669, 94, 21888, 23028, 396.59, 73
2026/09/21 07:40:15.670, 74, 21888, 23028, 302.16, 68
2026/09/21 07:40:16.670, 70, 21888, 23028, 287.78, 71
2026/09/21 07:40:17.670, 59, 21888, 23028, 273.93, 69
2026/09/21 07:40:18.670, 68, 21888, 23028, 274.18, 67
2026/09/21 07:40:19.671, 76, 21888, 23028, 283.76, 68
2026/09/21 07:40:20.671, 74, 21888, 23028, 286.03, 70
2026/09/21 07:40:21.671, 100, 21888, 23028, 429.84, 73
2026/09/21 07:40:22.672, 100, 21888, 23028, 446.95, 75
2026/09/21 07:40:23.672, 100, 21888, 23028, 447.15, 75
2026/09/21 07:40:24.672, 100, 21888, 23028, 449.86, 75
2026/09/21 07:40:25.672, 100, 21888, 23028, 446.83, 75
2026/09/21 07:40:26.673, 100, 21888, 23028, 446.09, 76
2026/09/21 07:40:27.673, 100, 21888, 23028, 449.04, 76
2026/09/21 07:40:28.673, 100, 21888, 23028, 446.86, 75
2026/09/21 07:40:29.674, 100, 21888, 23028, 445.26, 75
2026/09/21 07:40:30.674, 100, 21888, 23028, 441.35, 74
2026/09/21 07:40:31.674, 99, 21888, 23028, 440.01, 76
2026/09/21 07:40:32.674, 94, 21888, 23028, 433.55, 76
2026/09/21 07:40:33.675, 100, 21888, 23028, 435.45, 75
2026/09/21 07:40:34.675, 100, 21888, 23028, 433.52, 75
2026/09/21 07:40:35.675, 100, 21888, 23028, 433.58, 76
2026/09/21 07:40:36.675, 100, 21888, 23028, 435.55, 75
2026/09/21 07:40:37.676, 100, 21888, 23028, 430.69, 76
2026/09/21 07:40:38.676, 100, 21888, 23028, 430.55, 76
2026/09/21 07:40:39.676, 100, 21888, 23028, 427.80, 76
2026/09/21 07:40:40.676, 100, 21888, 23028, 427.37, 75
2026/09/21 07:40:41.677, 100, 21888, 23028, 426.14, 76
2026/09/21 07:40:42.677, 100, 21888, 23028, 425.11, 75
2026/09/21 07:40:43.677, 100, 21888, 23028, 426.66, 76
2026/09/21 07:40:44.678, 97, 21888, 23028, 425.13, 76
2026/09/21 07:40:45.678, 66, 21888, 23028, 407.35, 72
2026/09/21 07:40:46.678, 100, 21888, 23028, 403.33, 76
2026/09/21 07:40:47.678, 100, 21888, 23028, 424.24, 74
2026/09/21 07:40:48.679, 100, 21888, 23028, 371.51, 76
2026/09/21 07:40:49.679, 100, 21888, 23028, 395.33, 77
2026/09/21 07:40:50.679, 100, 21888, 23028, 404.17, 75
2026/09/21 07:40:51.680, 66, 21888, 23028, 361.86, 69
2026/09/21 07:40:52.680, 70, 21888, 23028, 286.68, 69
2026/09/21 07:40:53.680, 73, 21888, 23028, 275.89, 69
2026/09/21 07:40:54.680, 75, 21888, 23028, 284.60, 70
2026/09/21 07:40:55.681, 64, 21888, 23028, 275.20, 70
2026/09/21 07:40:56.681, 63, 21888, 23028, 255.30, 65
2026/09/21 07:40:57.681, 59, 21888, 23028, 257.49, 66
2026/09/21 07:40:58.682, 0, 21888, 23028, 123.77, 61
2026/09/21 07:40:59.683, 0, 21888, 23028, 108.86, 61
2026/09/21 07:41:00.683, 0, 21888, 23028, 80.46, 60
2026/09/21 07:41:01.683, 0, 21888, 23028, 73.48, 59
2026/09/21 07:41:02.684, 0, 21888, 23028, 66.47, 58
2026/09/21 07:41:03.684, 96, 21888, 23028, 225.23, 71
2026/09/21 07:41:04.684, 100, 21888, 23028, 449.45, 72
2026/09/21 07:41:05.684, 100, 21888, 23028, 449.16, 72
2026/09/21 07:41:06.685, 100, 21888, 23028, 448.39, 72
2026/09/21 07:41:07.685, 98, 21888, 23028, 446.64, 72
2026/09/21 07:41:08.685, 100, 21888, 23028, 443.67, 73
2026/09/21 07:41:09.686, 100, 21888, 23028, 445.39, 74
2026/09/21 07:41:10.686, 100, 21888, 23028, 443.60, 73
2026/09/21 07:41:11.686, 100, 21888, 23028, 442.40, 74
2026/09/21 07:41:12.686, 100, 21888, 23028, 440.89, 74
2026/09/21 07:41:13.687, 100, 21888, 23028, 437.23, 74
2026/09/21 07:41:14.687, 100, 21888, 23028, 437.56, 74
2026/09/21 07:41:15.687, 95, 21888, 23028, 431.15, 74
2026/09/21 07:41:16.688, 96, 21888, 23028, 433.22, 74
2026/09/21 07:41:17.688, 100, 21888, 23028, 432.35, 75
2026/09/21 07:41:18.688, 100, 21888, 23028, 435.58, 74
2026/09/21 07:41:19.688, 100, 21888, 23028, 431.10, 74
2026/09/21 07:41:20.689, 100, 21888, 23028, 430.26, 74
2026/09/21 07:41:21.689, 100, 21888, 23028, 429.49, 75
2026/09/21 07:41:22.689, 100, 21888, 23028, 431.33, 75
2026/09/21 07:41:23.689, 100, 21888, 23028, 428.22, 74
2026/09/21 07:41:24.690, 100, 21888, 23028, 425.90, 75
2026/09/21 07:41:25.690, 83, 21888, 23028, 422.76, 75
2026/09/21 07:41:26.690, 99, 21888, 23028, 418.75, 75
2026/09/21 07:41:27.690, 100, 21888, 23028, 420.95, 75
2026/09/21 07:41:28.691, 100, 21888, 23028, 421.54, 75
2026/09/21 07:41:29.691, 100, 21888, 23028, 369.28, 75
2026/09/21 07:41:30.691, 100, 21888, 23028, 423.09, 74
2026/09/21 07:41:31.692, 100, 21888, 23028, 369.22, 74
2026/09/21 07:41:32.692, 100, 21888, 23028, 382.54, 75
2026/09/21 07:41:33.692, 100, 21888, 23028, 366.69, 71
2026/09/21 07:41:34.693, 70, 21888, 23028, 279.43, 68
2026/09/21 07:41:35.693, 63, 21888, 23028, 262.28, 68
2026/09/21 07:41:36.693, 66, 21888, 23028, 272.24, 70
2026/09/21 07:41:37.693, 63, 21888, 23028, 275.04, 66
2026/09/21 07:41:38.693, 74, 21888, 23028, 263.06, 67
2026/09/21 07:41:39.694, 60, 21888, 23028, 263.78, 69
2026/09/21 07:41:40.694, 100, 21888, 23028, 335.84, 73
2026/09/21 07:41:41.694, 100, 21888, 23028, 450.62, 74
2026/09/21 07:41:42.695, 96, 21888, 23028, 448.46, 74
2026/09/21 07:41:43.695, 100, 21888, 23028, 448.96, 74
2026/09/21 07:41:44.695, 100, 21888, 23028, 448.75, 74
2026/09/21 07:41:45.696, 100, 21888, 23028, 446.18, 74
2026/09/21 07:41:46.696, 100, 21888, 23028, 445.66, 75
2026/09/21 07:41:47.696, 94, 21888, 23028, 441.86, 74
2026/09/21 07:41:48.697, 98, 21888, 23028, 418.79, 75
2026/09/21 07:41:49.697, 100, 21888, 23028, 442.75, 75
2026/09/21 07:41:50.697, 100, 21888, 23028, 422.84, 75
2026/09/21 07:41:51.697, 100, 21888, 23028, 438.21, 74
2026/09/21 07:41:52.698, 100, 21888, 23028, 420.60, 75
2026/09/21 07:41:53.698, 100, 21888, 23028, 435.50, 75
2026/09/21 07:41:54.698, 100, 21888, 23028, 419.92, 75
2026/09/21 07:41:55.699, 100, 21888, 23028, 431.21, 76
2026/09/21 07:41:56.699, 100, 21888, 23028, 426.76, 74
2026/09/21 07:41:57.699, 100, 21888, 23028, 429.33, 75
2026/09/21 07:41:58.699, 100, 21888, 23028, 431.14, 75
2026/09/21 07:41:59.700, 100, 21888, 23028, 431.31, 74
2026/09/21 07:42:00.700, 100, 21888, 23028, 425.16, 75
2026/09/21 07:42:01.700, 100, 21888, 23028, 424.98, 74
2026/09/21 07:42:02.701, 100, 21888, 23028, 425.00, 75
2026/09/21 07:42:03.701, 100, 21888, 23028, 425.30, 76
2026/09/21 07:42:04.701, 100, 21888, 23028, 424.75, 76
2026/09/21 07:42:05.701, 100, 21888, 23028, 422.19, 74
2026/09/21 07:42:06.702, 21, 21888, 23028, 380.40, 64
2026/09/21 07:42:07.702, 100, 21888, 23028, 369.23, 76
2026/09/21 07:42:08.702, 100, 21888, 23028, 416.26, 76
2026/09/21 07:42:09.702, 100, 21888, 23028, 316.26, 74
2026/09/21 07:42:10.703, 100, 21888, 23028, 391.53, 74
2026/09/21 07:42:11.704, 62, 21888, 23028, 377.91, 68
2026/09/21 07:42:12.704, 63, 21888, 23028, 280.30, 68
2026/09/21 07:42:13.704, 65, 21888, 23028, 282.73, 67
2026/09/21 07:42:14.704, 71, 21888, 23028, 283.56, 68
2026/09/21 07:42:15.705, 75, 21888, 23028, 282.67, 68
2026/09/21 07:42:16.705, 69, 21888, 23028, 284.88, 69
2026/09/21 07:42:17.705, 100, 21888, 23028, 308.49, 74
2026/09/21 07:42:18.706, 100, 21888, 23028, 452.41, 74
2026/09/21 07:42:19.706, 100, 21888, 23028, 449.53, 74
2026/09/21 07:42:20.706, 96, 21888, 23028, 447.29, 74
2026/09/21 07:42:21.707, 100, 21888, 23028, 446.05, 75
2026/09/21 07:42:22.707, 100, 21888, 23028, 448.26, 75
2026/09/21 07:42:23.707, 100, 21888, 23028, 445.26, 74
2026/09/21 07:42:24.708, 100, 21888, 23028, 444.35, 75
2026/09/21 07:42:25.708, 100, 21888, 23028, 445.35, 74
2026/09/21 07:42:26.708, 98, 21888, 23028, 414.61, 75
2026/09/21 07:42:27.708, 40, 21888, 23028, 421.54, 75
2026/09/21 07:42:28.709, 100, 21888, 23028, 439.70, 74
2026/09/21 07:42:29.709, 100, 21888, 23028, 418.88, 75
2026/09/21 07:42:30.710, 100, 21888, 23028, 436.49, 75
2026/09/21 07:42:31.710, 100, 21888, 23028, 418.48, 75
2026/09/21 07:42:32.710, 100, 21888, 23028, 433.86, 75
2026/09/21 07:42:33.711, 100, 21888, 23028, 435.02, 76
2026/09/21 07:42:34.711, 100, 21888, 23028, 434.00, 74
2026/09/21 07:42:35.711, 100, 21888, 23028, 432.81, 76
2026/09/21 07:42:36.712, 100, 21888, 23028, 431.30, 75
2026/09/21 07:42:37.712, 100, 21888, 23028, 428.28, 75
2026/09/21 07:42:38.712, 100, 21888, 23028, 427.61, 76
2026/09/21 07:42:39.712, 100, 21888, 23028, 425.76, 76
2026/09/21 07:42:40.713, 100, 21888, 23028, 425.80, 75
2026/09/21 07:42:41.713, 100, 21888, 23028, 425.08, 74
2026/09/21 07:42:42.713, 100, 21888, 23028, 423.54, 75
2026/09/21 07:42:43.713, 16, 21888, 23028, 389.11, 68
2026/09/21 07:42:44.714, 100, 21888, 23028, 354.95, 75
2026/09/21 07:42:45.714, 100, 21888, 23028, 419.58, 76
2026/09/21 07:42:46.714, 100, 21888, 23028, 377.92, 75
2026/09/21 07:42:47.715, 100, 21888, 23028, 400.81, 75
2026/09/21 07:42:48.715, 64, 21888, 23028, 355.94, 70
2026/09/21 07:42:49.716, 69, 21888, 23028, 277.89, 68
2026/09/21 07:42:50.716, 67, 21888, 23028, 288.01, 69
2026/09/21 07:42:51.716, 65, 21888, 23028, 279.40, 68
2026/09/21 07:42:52.717, 65, 21888, 23028, 283.44, 68
2026/09/21 07:42:53.717, 65, 21888, 23028, 280.96, 68
2026/09/21 07:42:54.717, 100, 21888, 23028, 319.10, 74
2026/09/21 07:42:55.718, 100, 21888, 23028, 450.97, 74
2026/09/21 07:42:56.718, 100, 21888, 23028, 450.07, 74
2026/09/21 07:42:57.718, 100, 21888, 23028, 446.77, 75
2026/09/21 07:42:58.718, 100, 21888, 23028, 449.15, 75
2026/09/21 07:42:59.719, 100, 21888, 23028, 449.11, 75
2026/09/21 07:43:00.719, 100, 21888, 23028, 445.48, 74
2026/09/21 07:43:01.719, 100, 21888, 23028, 444.76, 75
2026/09/21 07:43:02.720, 30, 21888, 23028, 420.81, 74
2026/09/21 07:43:03.720, 96, 21888, 23028, 407.57, 74
2026/09/21 07:43:04.720, 100, 21888, 23028, 422.91, 74
2026/09/21 07:43:05.720, 100, 21888, 23028, 440.65, 76
2026/09/21 07:43:06.721, 100, 21888, 23028, 421.34, 75
2026/09/21 07:43:07.721, 100, 21888, 23028, 436.26, 75
2026/09/21 07:43:08.722, 100, 21888, 23028, 417.29, 76
2026/09/21 07:43:09.722, 100, 21888, 23028, 430.78, 74
2026/09/21 07:43:10.722, 100, 21888, 23028, 431.03, 76
2026/09/21 07:43:11.723, 100, 21888, 23028, 429.78, 75
2026/09/21 07:43:12.723, 100, 21888, 23028, 430.10, 76
2026/09/21 07:43:13.723, 100, 21888, 23028, 429.55, 76
2026/09/21 07:43:14.724, 100, 21888, 23028, 428.50, 76
2026/09/21 07:43:15.724, 100, 21888, 23028, 425.58, 76
2026/09/21 07:43:16.725, 100, 21888, 23028, 424.84, 75
2026/09/21 07:43:17.725, 100, 21888, 23028, 423.78, 75
2026/09/21 07:43:18.725, 100, 21888, 23028, 420.42, 75
2026/09/21 07:43:19.726, 100, 21888, 23028, 418.72, 75
2026/09/21 07:43:20.726, 68, 21888, 23028, 413.54, 75
2026/09/21 07:43:21.726, 100, 21888, 23028, 382.42, 75
2026/09/21 07:43:22.727, 100, 21888, 23028, 420.48, 74
2026/09/21 07:43:23.727, 100, 21888, 23028, 373.57, 75
2026/09/21 07:43:24.727, 100, 21888, 23028, 404.05, 75
2026/09/21 07:43:25.727, 48, 21888, 23028, 337.92, 69
2026/09/21 07:43:26.728, 71, 21888, 23028, 266.22, 71
2026/09/21 07:43:27.728, 44, 21888, 23028, 261.90, 67
2026/09/21 07:43:28.728, 68, 21888, 23028, 252.68, 69
2026/09/21 07:43:29.729, 77, 21888, 23028, 281.15, 70
2026/09/21 07:43:30.729, 68, 21888, 23028, 284.10, 67
2026/09/21 07:43:31.729, 73, 21888, 23028, 281.55, 69
2026/09/21 07:43:32.730, 100, 21888, 23028, 422.76, 75
2026/09/21 07:43:33.730, 100, 21888, 23028, 448.49, 74
2026/09/21 07:43:34.730, 100, 21888, 23028, 448.53, 74
2026/09/21 07:43:35.730, 100, 21888, 23028, 447.36, 74
2026/09/21 07:43:36.731, 100, 21888, 23028, 440.79, 74
2026/09/21 07:43:37.731, 100, 21888, 23028, 446.95, 74
2026/09/21 07:43:38.731, 100, 21888, 23028, 444.42, 75
2026/09/21 07:43:39.732, 100, 21888, 23028, 445.19, 75
2026/09/21 07:43:40.732, 100, 21888, 23028, 418.08, 75
2026/09/21 07:43:41.732, 100, 21888, 23028, 441.74, 75
2026/09/21 07:43:42.732, 100, 21888, 23028, 420.15, 75
2026/09/21 07:43:43.733, 100, 21888, 23028, 439.00, 75
2026/09/21 07:43:44.733, 100, 21888, 23028, 420.64, 76
2026/09/21 07:43:45.733, 89, 21888, 23028, 429.97, 76
2026/09/21 07:43:46.734, 99, 21888, 23028, 418.05, 76
2026/09/21 07:43:47.736, 95, 21888, 23028, 430.95, 74
2026/09/21 07:43:48.736, 94, 21888, 23028, 426.60, 74
2026/09/21 07:43:49.736, 96, 21888, 23028, 425.09, 75
2026/09/21 07:43:50.737, 96, 21888, 23028, 426.51, 75
2026/09/21 07:43:51.737, 90, 21888, 23028, 426.51, 74
2026/09/21 07:43:52.737, 93, 21888, 23028, 420.87, 76
2026/09/21 07:43:53.738, 98, 21888, 23028, 426.76, 75
2026/09/21 07:43:54.738, 100, 21888, 23028, 424.94, 76
2026/09/21 07:43:55.738, 100, 21888, 23028, 422.30, 76
2026/09/21 07:43:56.739, 100, 21888, 23028, 421.39, 75
2026/09/21 07:43:57.739, 100, 21888, 23028, 422.55, 75
2026/09/21 07:43:58.739, 100, 21888, 23028, 373.30, 75
2026/09/21 07:43:59.740, 100, 21888, 23028, 421.72, 76
2026/09/21 07:44:00.740, 100, 21888, 23028, 374.49, 74
2026/09/21 07:44:01.740, 100, 21888, 23028, 402.83, 75
2026/09/21 07:44:02.740, 94, 21888, 23028, 394.72, 70
2026/09/21 07:44:03.741, 63, 21888, 23028, 287.98, 70
2026/09/21 07:44:04.741, 68, 21888, 23028, 280.37, 70
2026/09/21 07:44:05.741, 64, 21888, 23028, 284.14, 70
2026/09/21 07:44:06.742, 63, 21888, 23028, 280.74, 70
2026/09/21 07:44:07.742, 68, 21888, 23028, 280.24, 70
2026/09/21 07:44:08.742, 65, 21888, 23028, 282.91, 70
2026/09/21 07:44:09.743, 100, 21888, 23028, 427.90, 73
2026/09/21 07:44:10.743, 100, 21888, 23028, 445.36, 75
2026/09/21 07:44:11.743, 100, 21888, 23028, 448.30, 75
2026/09/21 07:44:12.744, 100, 21888, 23028, 449.21, 71
2026/09/21 07:44:13.744, 100, 21888, 23028, 442.45, 75
2026/09/21 07:44:14.744, 100, 21888, 23028, 446.36, 75
2026/09/21 07:44:15.745, 100, 21888, 23028, 444.61, 75
2026/09/21 07:44:16.745, 100, 21888, 23028, 444.59, 76
2026/09/21 07:44:17.746, 100, 21888, 23028, 421.24, 76
2026/09/21 07:44:18.746, 100, 21888, 23028, 440.70, 76
2026/09/21 07:44:19.746, 100, 21888, 23028, 415.14, 75
2026/09/21 07:44:20.747, 100, 21888, 23028, 437.14, 71
2026/09/21 07:44:21.747, 100, 21888, 23028, 417.09, 71
2026/09/21 07:44:22.747, 84, 21888, 23028, 429.02, 67
2026/09/21 07:44:23.748, 92, 21888, 23028, 415.06, 75
2026/09/21 07:44:24.748, 94, 21888, 23028, 429.67, 74
2026/09/21 07:44:25.748, 91, 21888, 23028, 430.33, 76
2026/09/21 07:44:26.748, 94, 21888, 23028, 424.66, 76
2026/09/21 07:44:27.749, 93, 21888, 23028, 426.44, 76
2026/09/21 07:44:28.749, 84, 21888, 23028, 422.88, 75
2026/09/21 07:44:29.749, 88, 21888, 23028, 420.43, 72
2026/09/21 07:44:30.750, 100, 21888, 23028, 424.64, 74
2026/09/21 07:44:31.751, 100, 21888, 23028, 427.20, 76
2026/09/21 07:44:32.751, 100, 21888, 23028, 426.01, 76
2026/09/21 07:44:33.751, 100, 21888, 23028, 421.11, 76
2026/09/21 07:44:34.752, 100, 21888, 23028, 420.38, 76
2026/09/21 07:44:35.753, 100, 21888, 23028, 359.56, 76
2026/09/21 07:44:36.753, 100, 21888, 23028, 424.32, 75
2026/09/21 07:44:37.753, 44, 21888, 23028, 356.41, 75
2026/09/21 07:44:38.753, 100, 21888, 23028, 372.64, 74
2026/09/21 07:44:39.754, 100, 21888, 23028, 404.07, 74
2026/09/21 07:44:40.755, 66, 21888, 23028, 297.26, 67
2026/09/21 07:44:41.755, 63, 21888, 23028, 258.50, 67
2026/09/21 07:44:42.756, 63, 21888, 23028, 266.23, 70
2026/09/21 07:44:43.756, 69, 21888, 23028, 268.82, 69
2026/09/21 07:44:44.756, 67, 21888, 23028, 284.71, 70
2026/09/21 07:44:45.756, 77, 21888, 23028, 290.02, 68
2026/09/21 07:44:46.757, 100, 21888, 23028, 362.03, 74
2026/09/21 07:44:47.757, 100, 21888, 23028, 451.07, 75
2026/09/21 07:44:48.760, 100, 21888, 23028, 443.42, 75
2026/09/21 07:44:49.760, 100, 21888, 23028, 449.76, 75
2026/09/21 07:44:50.761, 100, 21888, 23028, 449.33, 75
2026/09/21 07:44:51.761, 100, 21888, 23028, 448.64, 75
2026/09/21 07:44:52.761, 98, 21888, 23028, 445.20, 73
2026/09/21 07:44:53.762, 99, 21888, 23028, 437.82, 75
2026/09/21 07:44:54.762, 100, 21888, 23028, 400.24, 75
2026/09/21 07:44:55.762, 100, 21888, 23028, 439.16, 76
2026/09/21 07:44:56.763, 100, 21888, 23028, 400.88, 75
2026/09/21 07:44:57.763, 100, 21888, 23028, 437.75, 76
2026/09/21 07:44:58.763, 100, 21888, 23028, 406.56, 75
2026/09/21 07:44:59.763, 100, 21888, 23028, 433.08, 75
2026/09/21 07:45:00.764, 100, 21888, 23028, 401.88, 75
2026/09/21 07:45:01.764, 100, 21888, 23028, 430.84, 75
2026/09/21 07:45:02.764, 100, 21888, 23028, 431.08, 75
2026/09/21 07:45:03.764, 100, 21888, 23028, 428.91, 75
2026/09/21 07:45:04.765, 100, 21888, 23028, 429.14, 76
2026/09/21 07:45:05.766, 100, 22279, 23028, 426.16, 74
2026/09/21 07:45:06.768, 100, 22279, 23028, 426.20, 76
2026/09/21 07:45:07.769, 100, 21888, 23028, 424.59, 75
2026/09/21 07:45:08.770, 100, 21888, 23028, 424.48, 75
2026/09/21 07:45:09.770, 100, 21888, 23028, 426.40, 75
2026/09/21 07:45:10.770, 100, 21888, 23028, 421.21, 75
2026/09/21 07:45:11.771, 88, 21888, 23028, 421.67, 75
2026/09/21 07:45:12.771, 100, 21888, 23028, 421.98, 75
2026/09/21 07:45:13.771, 100, 21888, 23028, 351.34, 75
2026/09/21 07:45:14.771, 100, 21888, 23028, 421.70, 76
2026/09/21 07:45:15.772, 100, 21888, 23028, 367.34, 75
2026/09/21 07:45:16.772, 100, 21888, 23028, 401.65, 76
2026/09/21 07:45:17.772, 40, 21888, 23028, 366.61, 71
2026/09/21 07:45:18.772, 40, 21888, 23028, 241.41, 68
2026/09/21 07:45:19.773, 66, 21888, 23028, 267.82, 68
2026/09/21 07:45:20.773, 66, 21888, 23028, 246.02, 65
2026/09/21 07:45:21.773, 61, 21888, 23028, 260.52, 66
2026/09/21 07:45:22.773, 77, 21888, 23028, 246.65, 66
2026/09/21 07:45:23.774, 61, 21888, 23028, 250.74, 66
2026/09/21 07:45:24.774, 51, 21888, 23028, 253.82, 72
2026/09/21 07:45:25.775, 100, 21888, 23028, 435.72, 73
2026/09/21 07:45:26.775, 100, 21888, 23028, 446.54, 73
2026/09/21 07:45:27.776, 100, 21888, 23028, 447.62, 74
2026/09/21 07:45:28.776, 93, 21888, 23028, 444.76, 75
2026/09/21 07:45:29.777, 100, 21888, 23028, 444.36, 75
2026/09/21 07:45:30.777, 100, 21888, 23028, 447.07, 75
2026/09/21 07:45:31.777, 100, 21888, 23028, 447.39, 75
2026/09/21 07:45:32.778, 100, 21888, 23028, 445.52, 75
2026/09/21 07:45:33.778, 100, 21888, 23028, 411.28, 75
2026/09/21 07:45:34.778, 100, 21888, 23028, 442.82, 75
2026/09/21 07:45:35.779, 100, 21888, 23028, 421.06, 74
2026/09/21 07:45:36.779, 85, 21888, 23028, 428.53, 67
2026/09/21 07:45:37.779, 89, 21888, 23028, 411.22, 75
2026/09/21 07:45:38.780, 28, 21888, 23028, 412.23, 68
2026/09/21 07:45:39.780, 91, 21888, 23028, 401.38, 75
2026/09/21 07:45:40.780, 93, 21888, 23028, 431.74, 76
2026/09/21 07:45:41.780, 97, 21888, 23028, 430.15, 75
2026/09/21 07:45:42.781, 89, 21888, 23028, 427.92, 75
2026/09/21 07:45:43.781, 95, 21888, 23028, 424.96, 76
2026/09/21 07:45:44.781, 93, 21888, 23028, 426.10, 76
2026/09/21 07:45:45.782, 92, 21888, 23028, 422.73, 74
2026/09/21 07:45:46.782, 98, 21888, 23028, 424.55, 76
2026/09/21 07:45:47.782, 100, 21888, 23028, 425.80, 75
2026/09/21 07:45:48.783, 100, 21888, 23028, 425.06, 75
2026/09/21 07:45:49.783, 100, 21888, 23028, 424.45, 75
2026/09/21 07:45:50.783, 100, 21888, 23028, 422.53, 76
2026/09/21 07:45:51.784, 100, 21888, 23028, 366.55, 75
2026/09/21 07:45:52.784, 100, 21888, 23028, 420.66, 74
2026/09/21 07:45:53.784, 94, 21888, 23028, 352.88, 74
2026/09/21 07:45:54.785, 100, 21888, 23028, 383.41, 75
2026/09/21 07:45:55.785, 100, 21888, 23028, 401.73, 74
2026/09/21 07:45:56.785, 67, 21888, 23028, 308.89, 71
2026/09/21 07:45:57.785, 65, 21888, 23028, 283.30, 68
2026/09/21 07:45:58.786, 64, 21888, 23028, 283.40, 67
2026/09/21 07:45:59.786, 74, 21888, 23028, 286.64, 69
2026/09/21 07:46:00.786, 71, 21888, 23028, 285.56, 70
2026/09/21 07:46:01.787, 69, 21888, 23028, 282.45, 70
2026/09/21 07:46:02.787, 100, 21888, 23028, 424.57, 73
2026/09/21 07:46:03.787, 100, 21888, 23028, 448.59, 74
2026/09/21 07:46:04.788, 100, 21888, 23028, 448.16, 75
2026/09/21 07:46:05.788, 100, 21888, 23028, 449.78, 75
2026/09/21 07:46:06.788, 100, 21888, 23028, 445.46, 75
2026/09/21 07:46:07.788, 100, 21888, 23028, 444.74, 75
2026/09/21 07:46:08.789, 100, 21888, 23028, 445.28, 76
2026/09/21 07:46:09.789, 100, 21888, 23028, 443.98, 75
2026/09/21 07:46:10.789, 100, 21888, 23028, 416.31, 75
2026/09/21 07:46:11.790, 100, 21888, 23028, 442.28, 76
2026/09/21 07:46:12.790, 100, 21888, 23028, 423.11, 75
2026/09/21 07:46:13.790, 100, 21888, 23028, 438.37, 76
2026/09/21 07:46:14.791, 100, 21888, 23028, 418.19, 76
2026/09/21 07:46:15.791, 98, 21888, 23028, 435.46, 68
2026/09/21 07:46:16.791, 100, 21888, 23028, 415.17, 72
2026/09/21 07:46:17.791, 97, 21888, 23028, 431.83, 75
2026/09/21 07:46:18.792, 96, 21888, 23028, 432.46, 75
2026/09/21 07:46:19.792, 92, 21888, 23028, 432.15, 76
2026/09/21 07:46:20.792, 96, 21888, 23028, 425.99, 75
2026/09/21 07:46:21.792, 96, 21888, 23028, 429.11, 76
2026/09/21 07:46:22.793, 98, 21888, 23028, 425.01, 76
2026/09/21 07:46:23.793, 100, 21888, 23028, 426.40, 74
2026/09/21 07:46:24.793, 100, 21888, 23028, 422.83, 76
2026/09/21 07:46:25.793, 100, 21888, 23028, 422.46, 77
2026/09/21 07:46:26.794, 100, 21888, 23028, 421.78, 76
2026/09/21 07:46:27.794, 100, 21888, 23028, 423.17, 76
2026/09/21 07:46:28.794, 100, 21888, 23028, 377.02, 76
2026/09/21 07:46:29.794, 100, 21888, 23028, 423.43, 76
2026/09/21 07:46:30.795, 100, 21888, 23028, 368.78, 75
2026/09/21 07:46:31.795, 100, 21888, 23028, 394.77, 76
2026/09/21 07:46:32.795, 99, 21888, 23028, 404.65, 73
2026/09/21 07:46:33.796, 73, 21888, 23028, 287.62, 70
2026/09/21 07:46:34.796, 66, 21888, 23028, 279.07, 68
2026/09/21 07:46:35.796, 66, 21888, 23028, 266.81, 68
2026/09/21 07:46:36.797, 55, 21888, 23028, 274.73, 67
2026/09/21 07:46:37.797, 59, 21888, 23028, 265.87, 69
2026/09/21 07:46:38.797, 54, 21888, 23028, 256.50, 69
2026/09/21 07:46:39.798, 100, 21888, 23028, 354.64, 74
2026/09/21 07:46:40.798, 100, 21888, 23028, 450.92, 75
2026/09/21 07:46:41.799, 100, 21888, 23028, 447.57, 74
2026/09/21 07:46:42.799, 100, 21888, 23028, 445.94, 75
2026/09/21 07:46:43.799, 100, 21888, 23028, 449.98, 74
2026/09/21 07:46:44.800, 100, 21888, 23028, 449.01, 75
2026/09/21 07:46:45.800, 93, 21888, 23028, 442.81, 75
2026/09/21 07:46:46.800, 100, 21888, 23028, 442.82, 76
2026/09/21 07:46:47.801, 100, 21888, 23028, 443.69, 76
2026/09/21 07:46:48.801, 100, 21888, 23028, 442.05, 76
2026/09/21 07:46:49.802, 100, 21888, 23028, 441.04, 76
2026/09/21 07:46:50.802, 100, 21888, 23028, 438.29, 75
2026/09/21 07:46:51.802, 100, 21888, 23028, 436.36, 75
2026/09/21 07:46:52.803, 100, 21888, 23028, 435.81, 76
2026/09/21 07:46:53.803, 100, 21888, 23028, 431.29, 74
2026/09/21 07:46:54.803, 100, 21888, 23028, 433.33, 76
2026/09/21 07:46:55.804, 100, 21888, 23028, 429.10, 75
2026/09/21 07:46:56.804, 98, 21888, 23028, 429.86, 75
2026/09/21 07:46:57.804, 100, 21888, 23028, 429.09, 75
2026/09/21 07:46:58.805, 100, 21888, 23028, 428.30, 76
2026/09/21 07:46:59.805, 100, 21888, 23028, 428.05, 76
2026/09/21 07:47:00.806, 100, 21888, 23028, 426.36, 75
2026/09/21 07:47:01.806, 100, 21888, 23028, 423.97, 74
2026/09/21 07:47:02.806, 100, 21888, 23028, 423.04, 76
2026/09/21 07:47:03.807, 100, 21888, 23028, 421.08, 75
2026/09/21 07:47:04.808, 100, 21888, 23028, 423.38, 76
2026/09/21 07:47:05.808, 100, 21888, 23028, 364.49, 75
2026/09/21 07:47:06.808, 100, 21888, 23028, 417.99, 76
2026/09/21 07:47:07.808, 21, 21888, 23028, 363.63, 65
2026/09/21 07:47:08.809, 100, 21888, 23028, 367.85, 75
2026/09/21 07:47:09.809, 100, 21888, 23028, 406.44, 74
2026/09/21 07:47:10.809, 67, 21888, 23028, 312.43, 69
2026/09/21 07:47:11.809, 68, 21888, 23028, 279.52, 68
2026/09/21 07:47:12.810, 65, 21888, 23028, 285.02, 68
2026/09/21 07:47:13.810, 63, 21888, 23028, 282.42, 67
2026/09/21 07:47:14.810, 77, 21888, 23028, 286.61, 70
2026/09/21 07:47:15.811, 71, 21888, 23028, 285.22, 68
2026/09/21 07:47:16.811, 0, 21888, 23028, 133.96, 61
2026/09/21 07:47:17.811, 0, 21888, 23028, 114.82, 61
2026/09/21 07:47:18.812, 0, 21888, 23028, 79.89, 60
2026/09/21 07:47:19.812, 0, 21888, 23028, 72.80, 59
2026/09/21 07:47:20.812, 0, 21888, 23028, 65.71, 59
2026/09/21 07:47:21.812, 100, 21888, 23028, 256.54, 71
2026/09/21 07:47:22.813, 100, 21888, 23028, 446.29, 72
2026/09/21 07:47:23.814, 100, 21888, 23028, 448.12, 72
2026/09/21 07:47:24.815, 100, 21888, 23028, 446.65, 72
2026/09/21 07:47:25.815, 100, 21888, 23028, 442.25, 73
2026/09/21 07:47:26.815, 100, 21888, 23028, 447.83, 74
2026/09/21 07:47:27.816, 100, 21888, 23028, 443.02, 74
2026/09/21 07:47:28.816, 100, 21888, 23028, 444.34, 74
2026/09/21 07:47:29.816, 100, 21888, 23028, 443.14, 74
2026/09/21 07:47:30.816, 100, 21888, 23028, 443.64, 74
2026/09/21 07:47:31.817, 95, 21888, 23028, 436.64, 75
2026/09/21 07:47:32.817, 100, 21888, 23028, 437.28, 75
2026/09/21 07:47:33.817, 100, 21888, 23028, 435.80, 75
2026/09/21 07:47:34.818, 100, 21888, 23028, 437.15, 75
2026/09/21 07:47:35.819, 100, 21888, 23028, 435.52, 74
2026/09/21 07:47:36.819, 100, 21888, 23028, 433.42, 74
2026/09/21 07:47:37.819, 100, 21888, 23028, 433.78, 75
2026/09/21 07:47:38.820, 100, 21888, 23028, 432.01, 75
2026/09/21 07:47:39.820, 100, 21888, 23028, 430.59, 74
2026/09/21 07:47:40.820, 100, 21888, 23028, 426.36, 75
2026/09/21 07:47:41.820, 100, 21888, 23028, 428.78, 75
2026/09/21 07:47:42.821, 100, 21888, 23028, 426.54, 74
2026/09/21 07:47:43.821, 100, 21888, 23028, 423.64, 75
2026/09/21 07:47:44.821, 100, 21888, 23028, 424.99, 75
2026/09/21 07:47:45.821, 96, 21888, 23028, 422.24, 72
2026/09/21 07:47:46.822, 99, 21888, 23028, 422.33, 75
2026/09/21 07:47:47.822, 100, 21888, 23028, 361.52, 75
2026/09/21 07:47:48.822, 100, 21888, 23028, 421.38, 75
2026/09/21 07:47:49.822, 100, 21888, 23028, 368.69, 74
2026/09/21 07:47:50.823, 100, 21888, 23028, 398.57, 75
2026/09/21 07:47:51.823, 69, 21888, 23028, 366.91, 70
2026/09/21 07:47:52.823, 77, 21888, 23028, 284.27, 70
2026/09/21 07:47:53.824, 75, 21888, 23028, 282.88, 70
2026/09/21 07:47:54.824, 75, 21888, 23028, 283.82, 69
2026/09/21 07:47:55.824, 65, 21888, 23028, 284.41, 66
2026/09/21 07:47:56.824, 70, 21888, 23028, 280.55, 68
2026/09/21 07:47:57.825, 100, 21888, 23028, 317.79, 73
2026/09/21 07:47:58.825, 100, 21888, 23028, 451.46, 74
2026/09/21 07:47:59.825, 100, 21888, 23028, 450.01, 74
2026/09/21 07:48:00.826, 87, 21888, 23028, 443.88, 70
2026/09/21 07:48:01.826, 100, 21888, 23028, 442.06, 75
2026/09/21 07:48:02.826, 100, 21888, 23028, 445.46, 75
2026/09/21 07:48:03.827, 100, 21888, 23028, 445.26, 74
2026/09/21 07:48:04.827, 100, 21888, 23028, 444.86, 75
2026/09/21 07:48:05.827, 100, 21888, 23028, 443.08, 75
2026/09/21 07:48:06.828, 88, 21888, 23028, 415.24, 74
2026/09/21 07:48:07.828, 45, 21888, 23028, 418.15, 66
2026/09/21 07:48:08.828, 100, 21888, 23028, 419.31, 74
2026/09/21 07:48:09.829, 100, 21888, 23028, 419.47, 75
2026/09/21 07:48:10.829, 100, 21888, 23028, 432.83, 75
2026/09/21 07:48:11.829, 100, 21888, 23028, 419.10, 76
2026/09/21 07:48:12.830, 100, 21888, 23028, 430.82, 75
2026/09/21 07:48:13.830, 100, 21888, 23028, 430.75, 75
2026/09/21 07:48:14.830, 100, 21888, 23028, 423.54, 75
2026/09/21 07:48:15.831, 100, 21888, 23028, 424.67, 75
2026/09/21 07:48:16.831, 100, 21888, 23028, 422.77, 74
2026/09/21 07:48:17.831, 100, 21888, 23028, 425.15, 75
2026/09/21 07:48:18.831, 100, 21888, 23028, 424.10, 74
2026/09/21 07:48:19.832, 100, 21888, 23028, 424.01, 75
2026/09/21 07:48:20.832, 90, 21888, 23028, 422.70, 71
2026/09/21 07:48:21.832, 90, 21888, 23028, 418.60, 76
2026/09/21 07:48:22.833, 100, 21888, 23028, 423.20, 76
2026/09/21 07:48:23.833, 100, 21888, 23028, 423.50, 76
2026/09/21 07:48:24.834, 100, 21888, 23028, 365.23, 75
2026/09/21 07:48:25.834, 100, 21888, 23028, 421.05, 74
2026/09/21 07:48:26.834, 100, 21888, 23028, 379.74, 74
2026/09/21 07:48:27.834, 100, 21888, 23028, 400.19, 75
2026/09/21 07:48:28.835, 60, 21888, 23028, 377.30, 71
2026/09/21 07:48:29.835, 64, 21888, 23028, 271.04, 69
2026/09/21 07:48:30.835, 62, 21888, 23028, 269.78, 70
2026/09/21 07:48:31.836, 59, 21888, 23028, 263.98, 67
2026/09/21 07:48:32.836, 59, 21888, 23028, 265.02, 69
2026/09/21 07:48:33.836, 63, 21888, 23028, 261.47, 66
2026/09/21 07:48:34.836, 65, 21888, 23028, 271.67, 66
2026/09/21 07:48:35.837, 100, 21888, 23028, 366.90, 74
2026/09/21 07:48:36.837, 95, 21888, 23028, 446.01, 75
2026/09/21 07:48:37.837, 100, 21888, 23028, 444.58, 75
2026/09/21 07:48:38.837, 100, 21888, 23028, 449.61, 75
2026/09/21 07:48:39.838, 100, 21888, 23028, 450.11, 75
2026/09/21 07:48:40.838, 100, 21888, 23028, 445.00, 73
2026/09/21 07:48:41.838, 100, 21888, 23028, 444.75, 75
2026/09/21 07:48:42.839, 100, 21888, 23028, 447.35, 75
2026/09/21 07:48:43.839, 100, 21888, 23028, 420.76, 75
2026/09/21 07:48:44.839, 100, 21888, 23028, 443.05, 76
2026/09/21 07:48:45.839, 100, 21888, 23028, 420.97, 75
2026/09/21 07:48:46.840, 100, 21888, 23028, 438.19, 76
2026/09/21 07:48:47.840, 100, 21888, 23028, 420.14, 75
2026/09/21 07:48:48.840, 100, 21888, 23028, 434.45, 75
2026/09/21 07:48:49.841, 100, 21888, 23028, 408.63, 75
2026/09/21 07:48:50.841, 100, 21888, 23028, 429.60, 75
2026/09/21 07:48:51.841, 100, 21888, 23028, 435.24, 74
2026/09/21 07:48:52.841, 100, 21888, 23028, 432.04, 75
2026/09/21 07:48:53.842, 100, 21888, 23028, 431.72, 75
2026/09/21 07:48:54.842, 100, 21888, 23028, 429.06, 75
2026/09/21 07:48:55.851, 100, 21888, 23028, 425.70, 75
2026/09/21 07:48:56.852, 100, 21888, 23028, 426.83, 74
2026/09/21 07:48:57.852, 100, 21888, 23028, 427.74, 76
2026/09/21 07:48:58.852, 100, 21888, 23028, 425.78, 76
2026/09/21 07:48:59.852, 100, 21888, 23028, 425.99, 76
2026/09/21 07:49:00.853, 100, 21888, 23028, 424.25, 74
2026/09/21 07:49:01.853, 100, 21888, 23028, 381.54, 76
2026/09/21 07:49:02.855, 100, 21888, 23028, 422.03, 75
2026/09/21 07:49:03.855, 96, 21888, 23028, 421.31, 68
2026/09/21 07:49:04.855, 47, 21888, 23028, 358.31, 75
2026/09/21 07:49:05.856, 100, 21888, 23028, 384.58, 73
2026/09/21 07:49:06.856, 72, 21888, 23028, 336.39, 68
2026/09/21 07:49:07.856, 70, 21888, 23028, 282.68, 66
2026/09/21 07:49:08.856, 78, 21888, 23028, 284.42, 67
2026/09/21 07:49:09.857, 73, 21888, 23028, 285.39, 69
2026/09/21 07:49:10.857, 73, 21888, 23028, 273.29, 69
2026/09/21 07:49:11.857, 61, 21888, 23028, 276.76, 67
2026/09/21 07:49:12.858, 100, 21888, 23028, 376.32, 74
2026/09/21 07:49:13.858, 91, 21888, 23028, 446.69, 75
2026/09/21 07:49:14.858, 100, 21888, 23028, 446.36, 75
2026/09/21 07:49:15.858, 100, 21888, 23028, 449.36, 75
2026/09/21 07:49:16.859, 100, 21888, 23028, 450.03, 76
2026/09/21 07:49:17.859, 100, 21888, 23028, 448.46, 73
2026/09/21 07:49:18.859, 100, 21888, 23028, 442.22, 75
2026/09/21 07:49:19.860, 100, 21888, 23028, 446.65, 75
2026/09/21 07:49:20.860, 100, 21888, 23028, 390.14, 75
2026/09/21 07:49:21.860, 100, 21888, 23028, 438.92, 76
2026/09/21 07:49:22.860, 100, 21888, 23028, 401.93, 75
2026/09/21 07:49:23.861, 100, 21888, 23028, 438.18, 76
2026/09/21 07:49:24.861, 100, 21888, 23028, 374.56, 75
2026/09/21 07:49:25.861, 100, 21888, 23028, 436.96, 76
2026/09/21 07:49:26.861, 100, 21888, 23028, 393.34, 74
2026/09/21 07:49:27.862, 100, 21888, 23028, 432.87, 75
2026/09/21 07:49:28.862, 100, 21888, 23028, 428.58, 75
2026/09/21 07:49:29.862, 100, 21888, 23028, 428.35, 75
2026/09/21 07:49:30.863, 100, 21888, 23028, 429.75, 75
2026/09/21 07:49:31.863, 100, 21888, 23028, 427.29, 75
2026/09/21 07:49:32.863, 100, 21888, 23028, 427.83, 76
2026/09/21 07:49:33.863, 100, 21888, 23028, 427.05, 75
2026/09/21 07:49:34.864, 100, 21888, 23028, 423.73, 75
2026/09/21 07:49:35.864, 100, 21888, 23028, 425.01, 75
2026/09/21 07:49:36.864, 100, 21888, 23028, 424.11, 74
2026/09/21 07:49:37.864, 100, 21888, 23028, 421.78, 76
2026/09/21 07:49:38.865, 100, 21888, 23028, 374.86, 74
2026/09/21 07:49:39.865, 100, 21888, 23028, 419.20, 76
2026/09/21 07:49:40.865, 11, 21888, 23028, 377.08, 69
2026/09/21 07:49:41.866, 100, 21888, 23028, 360.82, 75
2026/09/21 07:49:42.866, 97, 21888, 23028, 407.02, 74
2026/09/21 07:49:43.866, 48, 21888, 23028, 307.15, 70
2026/09/21 07:49:44.867, 59, 21888, 23028, 253.94, 69
2026/09/21 07:49:45.867, 76, 21888, 23028, 267.64, 67
2026/09/21 07:49:46.868, 48, 21888, 23028, 265.17, 69
2026/09/21 07:49:47.868, 57, 21888, 23028, 266.59, 67
2026/09/21 07:49:48.868, 48, 21888, 23028, 278.21, 69
2026/09/21 07:49:49.869, 100, 21888, 23028, 328.77, 74
2026/09/21 07:49:50.869, 100, 21888, 23028, 447.54, 74
2026/09/21 07:49:51.869, 100, 21888, 23028, 449.63, 72
2026/09/21 07:49:52.869, 100, 21888, 23028, 446.18, 75
2026/09/21 07:49:53.870, 100, 21888, 23028, 446.43, 75
2026/09/21 07:49:54.870, 100, 21888, 23028, 447.76, 75
2026/09/21 07:49:55.870, 100, 21888, 23028, 445.82, 76
2026/09/21 07:49:56.871, 100, 21888, 23028, 443.12, 74
2026/09/21 07:49:57.871, 26, 21888, 23028, 418.09, 65
2026/09/21 07:49:58.872, 90, 21888, 23028, 406.38, 75
2026/09/21 07:49:59.872, 88, 21888, 23028, 406.54, 75
2026/09/21 07:50:00.872, 100, 21888, 23028, 430.15, 75
2026/09/21 07:50:01.872, 100, 21888, 23028, 412.02, 75
2026/09/21 07:50:02.873, 100, 21888, 23028, 437.05, 75
2026/09/21 07:50:03.873, 100, 21888, 23028, 412.28, 75
2026/09/21 07:50:04.873, 100, 21888, 23028, 430.43, 75
2026/09/21 07:50:05.874, 100, 21888, 23028, 431.32, 74
2026/09/21 07:50:06.874, 100, 21888, 23028, 429.21, 75
2026/09/21 07:50:07.874, 100, 21888, 23028, 431.73, 75
2026/09/21 07:50:08.875, 100, 21888, 23028, 426.10, 75
2026/09/21 07:50:09.875, 100, 21888, 23028, 427.81, 75
2026/09/21 07:50:10.875, 100, 21888, 23028, 427.56, 74
2026/09/21 07:50:11.876, 100, 21888, 23028, 426.72, 76
2026/09/21 07:50:12.876, 100, 21888, 23028, 423.10, 76
2026/09/21 07:50:13.876, 91, 21888, 23028, 423.23, 75
2026/09/21 07:50:14.876, 97, 21888, 23028, 420.97, 74
2026/09/21 07:50:15.877, 100, 21888, 23028, 419.85, 76
2026/09/21 07:50:16.877, 100, 21888, 23028, 372.36, 76
2026/09/21 07:50:17.877, 100, 21888, 23028, 421.53, 75
2026/09/21 07:50:18.878, 100, 21888, 23028, 379.86, 75
2026/09/21 07:50:19.878, 100, 21888, 23028, 397.82, 75
2026/09/21 07:50:20.878, 72, 21888, 23028, 367.94, 69
2026/09/21 07:50:21.879, 50, 21888, 23028, 262.09, 70
2026/09/21 07:50:22.879, 62, 21888, 23028, 267.81, 65
2026/09/21 07:50:23.879, 63, 21888, 23028, 265.39, 67
2026/09/21 07:50:24.879, 41, 21888, 23028, 264.03, 69
2026/09/21 07:50:25.880, 59, 21888, 23028, 267.85, 66
2026/09/21 07:50:26.880, 56, 21888, 23028, 266.95, 66
2026/09/21 07:50:27.880, 100, 21888, 23028, 397.35, 72
2026/09/21 07:50:28.880, 100, 21888, 23028, 447.03, 74
2026/09/21 07:50:29.881, 100, 21888, 23028, 447.02, 75
2026/09/21 07:50:30.881, 100, 21888, 23028, 447.07, 74
2026/09/21 07:50:31.881, 100, 21888, 23028, 447.85, 75
2026/09/21 07:50:32.881, 95, 21888, 23028, 445.41, 75
2026/09/21 07:50:33.882, 100, 21888, 23028, 444.69, 75
2026/09/21 07:50:34.882, 100, 21888, 23028, 444.74, 75
2026/09/21 07:50:35.882, 100, 21888, 23028, 400.91, 76
2026/09/21 07:50:36.883, 100, 21888, 23028, 442.12, 76
2026/09/21 07:50:37.883, 100, 21888, 23028, 424.91, 75
2026/09/21 07:50:38.883, 100, 21888, 23028, 437.29, 76
2026/09/21 07:50:39.884, 100, 21888, 23028, 417.75, 75
2026/09/21 07:50:40.884, 100, 21888, 23028, 433.89, 75
2026/09/21 07:50:41.884, 100, 21888, 23028, 415.49, 76
2026/09/21 07:50:42.884, 100, 21888, 23028, 435.24, 75
2026/09/21 07:50:43.885, 100, 21888, 23028, 428.41, 76
2026/09/21 07:50:44.885, 100, 21888, 23028, 434.52, 75
2026/09/21 07:50:45.885, 100, 21888, 23028, 430.41, 75
2026/09/21 07:50:46.885, 100, 21888, 23028, 429.85, 76
2026/09/21 07:50:47.886, 100, 21888, 23028, 428.25, 75
2026/09/21 07:50:48.886, 100, 21888, 23028, 426.12, 76
2026/09/21 07:50:49.886, 100, 21888, 23028, 424.42, 76
2026/09/21 07:50:50.887, 100, 21888, 23028, 423.84, 75
2026/09/21 07:50:51.887, 100, 21888, 23028, 421.20, 76
2026/09/21 07:50:52.888, 100, 21888, 23028, 422.18, 76
2026/09/21 07:50:53.888, 100, 21888, 23028, 369.28, 75
2026/09/21 07:50:54.888, 100, 21888, 23028, 420.12, 75
2026/09/21 07:50:55.888, 62, 21888, 23028, 407.32, 66
2026/09/21 07:50:56.889, 21, 21888, 23028, 334.80, 74
2026/09/21 07:50:57.889, 100, 21888, 23028, 379.67, 74
2026/09/21 07:50:58.889, 66, 21888, 23028, 328.91, 67
2026/09/21 07:50:59.889, 56, 21888, 23028, 253.74, 65
2026/09/21 07:51:00.890, 51, 21888, 23028, 258.72, 69
2026/09/21 07:51:01.890, 46, 21888, 23028, 249.06, 67
2026/09/21 07:51:02.890, 42, 21888, 23028, 260.12, 67
2026/09/21 07:51:03.891, 56, 21888, 23028, 243.49, 68
2026/09/21 07:51:04.891, 75, 21888, 23028, 256.52, 67
2026/09/21 07:51:05.891, 76, 21888, 23028, 413.21, 73
2026/09/21 07:51:06.892, 100, 21888, 23028, 442.88, 74
2026/09/21 07:51:07.892, 100, 21888, 23028, 447.31, 74
2026/09/21 07:51:08.892, 100, 21888, 23028, 448.07, 75
2026/09/21 07:51:09.893, 95, 21888, 23028, 446.17, 74
2026/09/21 07:51:10.893, 100, 21888, 23028, 443.15, 75
2026/09/21 07:51:11.893, 100, 21888, 23028, 444.74, 75
2026/09/21 07:51:12.893, 100, 21888, 23028, 443.49, 74
2026/09/21 07:51:13.894, 100, 21888, 23028, 415.40, 74
2026/09/21 07:51:14.894, 100, 21888, 23028, 443.15, 75
2026/09/21 07:51:15.895, 100, 21888, 23028, 421.18, 75
2026/09/21 07:51:16.895, 100, 21888, 23028, 437.37, 76
2026/09/21 07:51:17.896, 100, 21888, 23028, 405.28, 75
2026/09/21 07:51:18.896, 100, 21888, 23028, 436.62, 75
2026/09/21 07:51:19.900, 100, 21888, 23028, 397.09, 74
2026/09/21 07:51:20.900, 100, 21888, 23028, 434.02, 75
2026/09/21 07:51:21.900, 100, 21888, 23028, 429.52, 74
2026/09/21 07:51:22.901, 100, 21888, 23028, 429.60, 75
2026/09/21 07:51:23.901, 100, 21888, 23028, 429.07, 74
2026/09/21 07:51:24.901, 100, 21888, 23028, 429.91, 75
2026/09/21 07:51:25.901, 100, 21888, 23028, 427.16, 76
2026/09/21 07:51:26.902, 100, 21888, 23028, 423.85, 76
2026/09/21 07:51:27.902, 100, 21888, 23028, 425.02, 75
2026/09/21 07:51:28.902, 100, 21888, 23028, 421.65, 74
2026/09/21 07:51:29.903, 100, 21888, 23028, 423.36, 74
2026/09/21 07:51:30.903, 100, 21888, 23028, 423.70, 75
2026/09/21 07:51:31.903, 100, 21888, 23028, 381.69, 75
2026/09/21 07:51:32.903, 100, 21888, 23028, 420.79, 75
2026/09/21 07:51:33.904, 23, 21888, 23028, 362.37, 65
2026/09/21 07:51:34.904, 100, 21888, 23028, 367.31, 74
2026/09/21 07:51:35.904, 99, 21888, 23028, 402.31, 73
2026/09/21 07:51:36.905, 77, 21888, 23028, 308.97, 71
2026/09/21 07:51:37.905, 72, 21888, 23028, 264.05, 70
2026/09/21 07:51:38.905, 73, 21888, 23028, 269.88, 69
2026/09/21 07:51:39.905, 68, 21888, 23028, 274.52, 67
2026/09/21 07:51:40.906, 48, 21888, 23028, 271.85, 64
2026/09/21 07:51:41.906, 71, 21888, 23028, 270.40, 69
2026/09/21 07:51:42.906, 100, 21888, 23028, 356.33, 74
2026/09/21 07:51:43.907, 100, 21888, 23028, 451.20, 74
2026/09/21 07:51:44.907, 97, 21888, 23028, 442.01, 73
2026/09/21 07:51:45.907, 100, 21888, 23028, 450.28, 74
2026/09/21 07:51:46.907, 100, 21888, 23028, 449.29, 75
2026/09/21 07:51:47.908, 100, 21888, 23028, 448.15, 75
2026/09/21 07:51:48.908, 100, 21888, 23028, 445.76, 75
2026/09/21 07:51:49.909, 95, 21888, 23028, 438.12, 73
2026/09/21 07:51:50.909, 100, 21888, 23028, 411.71, 74
2026/09/21 07:51:51.909, 100, 21888, 23028, 443.38, 75
2026/09/21 07:51:52.910, 100, 21888, 23028, 419.96, 75
2026/09/21 07:51:53.910, 100, 21888, 23028, 437.34, 75
2026/09/21 07:51:54.910, 100, 21888, 23028, 419.47, 75
2026/09/21 07:51:55.911, 100, 21888, 23028, 435.82, 76
2026/09/21 07:51:56.911, 100, 21888, 23028, 419.46, 75
2026/09/21 07:51:57.912, 100, 21888, 23028, 434.12, 76
2026/09/21 07:51:58.912, 100, 21888, 23028, 433.81, 76
2026/09/21 07:51:59.912, 100, 21888, 23028, 430.65, 75
2026/09/21 07:52:00.913, 100, 21888, 23028, 427.35, 75
2026/09/21 07:52:01.913, 100, 21888, 23028, 430.41, 76
2026/09/21 07:52:02.913, 100, 21888, 23028, 429.45, 75
2026/09/21 07:52:03.914, 100, 21888, 23028, 427.36, 75
2026/09/21 07:52:04.914, 100, 21888, 23028, 424.93, 75
2026/09/21 07:52:05.915, 100, 21888, 23028, 423.28, 76
2026/09/21 07:52:06.915, 100, 21888, 23028, 423.95, 75
2026/09/21 07:52:07.915, 100, 21888, 23028, 421.13, 75
2026/09/21 07:52:08.916, 12, 21888, 23028, 365.48, 65
2026/09/21 07:52:09.916, 100, 21888, 23028, 386.09, 76
2026/09/21 07:52:10.916, 100, 21888, 23028, 417.05, 74
2026/09/21 07:52:11.917, 100, 21888, 23028, 370.78, 75
2026/09/21 07:52:12.917, 75, 21888, 23028, 394.73, 75
2026/09/21 07:52:13.917, 52, 21888, 23028, 334.78, 67
2026/09/21 07:52:14.918, 60, 21888, 23028, 262.24, 70
2026/09/21 07:52:15.918, 67, 21888, 23028, 272.61, 68
2026/09/21 07:52:16.918, 58, 21888, 23028, 274.42, 68
2026/09/21 07:52:17.918, 68, 21888, 23028, 275.70, 67
2026/09/21 07:52:18.919, 70, 21888, 23028, 276.68, 69
2026/09/21 07:52:19.919, 100, 21888, 23028, 309.72, 73
2026/09/21 07:52:20.919, 100, 21888, 23028, 451.33, 73
2026/09/21 07:52:21.920, 100, 21888, 23028, 448.12, 74
2026/09/21 07:52:22.920, 96, 21888, 23028, 448.26, 75
2026/09/21 07:52:23.921, 100, 21888, 23028, 440.02, 75
2026/09/21 07:52:24.921, 100, 21888, 23028, 449.68, 75
2026/09/21 07:52:25.921, 100, 21888, 23028, 445.67, 75
2026/09/21 07:52:26.922, 100, 21888, 23028, 442.03, 75
2026/09/21 07:52:27.922, 100, 21888, 23028, 439.17, 75
2026/09/21 07:52:28.923, 100, 21888, 23028, 399.49, 74
2026/09/21 07:52:29.923, 100, 21888, 23028, 438.07, 75
2026/09/21 07:52:30.923, 100, 21888, 23028, 402.30, 75
2026/09/21 07:52:31.923, 98, 21888, 23028, 438.21, 74
2026/09/21 07:52:32.924, 100, 21888, 23028, 412.81, 76
2026/09/21 07:52:33.924, 76, 21888, 23028, 426.32, 76
2026/09/21 07:52:34.924, 91, 21888, 23028, 414.38, 75
2026/09/21 07:52:35.924, 87, 21888, 23028, 424.06, 75
2026/09/21 07:52:36.925, 92, 21888, 23028, 429.86, 75
2026/09/21 07:52:37.926, 88, 21888, 23028, 424.07, 74
2026/09/21 07:52:38.926, 87, 21888, 23028, 421.73, 74
2026/09/21 07:52:39.926, 88, 21888, 23028, 421.32, 76
2026/09/21 07:52:40.926, 97, 21888, 23028, 425.34, 76
2026/09/21 07:52:41.927, 100, 21888, 23028, 425.79, 76
2026/09/21 07:52:42.927, 100, 21888, 23028, 423.23, 76
2026/09/21 07:52:43.927, 100, 21888, 23028, 423.74, 76
2026/09/21 07:52:44.928, 100, 21888, 23028, 421.49, 76
2026/09/21 07:52:45.928, 100, 21888, 23028, 420.48, 74
2026/09/21 07:52:46.928, 100, 21888, 23028, 368.89, 75
2026/09/21 07:52:47.929, 100, 21888, 23028, 422.98, 75
2026/09/21 07:52:48.929, 93, 21888, 23028, 366.27, 74
2026/09/21 07:52:49.930, 100, 21888, 23028, 400.60, 75
2026/09/21 07:52:50.930, 100, 21888, 23028, 401.10, 74
2026/09/21 07:52:51.930, 65, 21888, 23028, 290.50, 71
2026/09/21 07:52:52.930, 49, 21888, 23028, 271.01, 70
2026/09/21 07:52:53.930, 71, 21888, 23028, 273.70, 67
2026/09/21 07:52:54.931, 70, 21888, 23028, 274.53, 69
2026/09/21 07:52:55.931, 66, 21888, 23028, 267.93, 67
2026/09/21 07:52:56.931, 67, 21888, 23028, 281.25, 67
2026/09/21 07:52:57.931, 100, 21888, 23028, 374.82, 74
2026/09/21 07:52:58.932, 95, 21888, 23028, 447.81, 75
2026/09/21 07:52:59.932, 100, 21888, 23028, 447.60, 75
2026/09/21 07:53:00.932, 100, 21888, 23028, 449.46, 75
2026/09/21 07:53:01.932, 100, 21888, 23028, 449.33, 75
2026/09/21 07:53:02.933, 100, 21888, 23028, 448.96, 72
2026/09/21 07:53:03.933, 100, 21888, 23028, 444.66, 75
2026/09/21 07:53:04.933, 100, 21888, 23028, 448.50, 76
2026/09/21 07:53:05.933, 100, 21888, 23028, 443.86, 75
2026/09/21 07:53:06.934, 100, 21888, 23028, 441.45, 76
2026/09/21 07:53:07.934, 100, 21888, 23028, 441.49, 76
2026/09/21 07:53:08.934, 100, 21888, 23028, 439.51, 75
2026/09/21 07:53:09.934, 100, 21888, 23028, 438.40, 76
2026/09/21 07:53:10.935, 100, 21888, 23028, 436.07, 76
2026/09/21 07:53:11.935, 100, 21888, 23028, 435.35, 74
2026/09/21 07:53:12.935, 100, 21888, 23028, 432.63, 74
2026/09/21 07:53:13.935, 97, 21888, 23028, 427.19, 74
2026/09/21 07:53:14.936, 95, 21888, 23028, 425.55, 75
2026/09/21 07:53:15.936, 98, 21888, 23028, 430.95, 75
2026/09/21 07:53:16.936, 98, 21888, 23028, 426.49, 75
2026/09/21 07:53:17.936, 100, 21888, 23028, 428.30, 74
2026/09/21 07:53:18.936, 100, 21888, 23028, 428.83, 75
2026/09/21 07:53:19.937, 100, 21888, 23028, 425.89, 75
2026/09/21 07:53:20.937, 100, 21888, 23028, 425.96, 75
2026/09/21 07:53:21.937, 100, 21888, 23028, 424.14, 75
2026/09/21 07:53:22.937, 100, 21888, 23028, 422.83, 76
2026/09/21 07:53:23.938, 100, 21888, 23028, 369.60, 75
2026/09/21 07:53:24.938, 100, 21888, 23028, 421.83, 76
2026/09/21 07:53:25.938, 77, 21888, 23028, 362.39, 75
2026/09/21 07:53:26.938, 100, 21888, 23028, 389.74, 74
2026/09/21 07:53:27.939, 100, 21888, 23028, 404.23, 74
2026/09/21 07:53:28.939, 73, 21888, 23028, 287.51, 70
2026/09/21 07:53:29.939, 65, 21888, 23028, 273.46, 66
2026/09/21 07:53:30.940, 50, 21888, 23028, 263.43, 68
2026/09/21 07:53:31.940, 66, 21888, 23028, 258.95, 66
2026/09/21 07:53:32.940, 56, 21888, 23028, 267.50, 67
2026/09/21 07:53:33.940, 64, 21888, 23028, 264.25, 69
2026/09/21 07:53:34.941, 0, 21888, 23028, 211.76, 61
2026/09/21 07:53:35.941, 88, 21888, 23028, 363.56, 73
2026/09/21 07:53:36.941, 100, 21888, 23028, 445.80, 73
2026/09/21 07:53:37.942, 100, 21888, 23028, 443.46, 74
2026/09/21 07:53:38.942, 100, 21888, 23028, 443.36, 75
2026/09/21 07:53:39.942, 100, 21888, 23028, 444.01, 74
2026/09/21 07:53:40.943, 100, 21888, 23028, 439.13, 75
2026/09/21 07:53:41.943, 100, 21888, 23028, 437.45, 73
2026/09/21 07:53:42.943, 91, 21888, 23028, 428.97, 74
2026/09/21 07:53:43.944, 96, 21888, 23028, 428.79, 74
2026/09/21 07:53:44.944, 96, 21888, 23028, 427.68, 74
2026/09/21 07:53:45.944, 99, 21888, 23028, 427.55, 75
2026/09/21 07:53:46.944, 100, 21888, 23028, 424.76, 75
2026/09/21 07:53:47.945, 100, 21888, 23028, 423.98, 74
2026/09/21 07:53:48.945, 100, 21888, 23028, 386.47, 75
2026/09/21 07:53:49.945, 100, 21888, 23028, 392.66, 74
2026/09/21 07:53:50.946, 0, 21888, 23028, 263.15, 63
2026/09/21 07:53:51.946, 77, 21888, 23028, 286.92, 69
2026/09/21 07:53:52.946, 69, 21888, 23028, 281.19, 69
2026/09/21 07:53:53.946, 51, 21888, 23028, 278.81, 69
2026/09/21 07:53:54.947, 61, 21888, 23028, 274.12, 69
2026/09/21 07:53:55.947, 61, 21888, 23028, 281.20, 66
2026/09/21 07:53:56.947, 72, 21888, 23028, 282.83, 68
2026/09/21 07:53:57.947, 97, 21888, 23028, 312.63, 71
2026/09/21 07:53:58.947, 38, 21888, 23028, 273.52, 67
2026/09/21 07:53:59.948, 65, 21888, 23028, 270.51, 68
2026/09/21 07:54:00.948, 68, 21888, 23028, 280.59, 66
2026/09/21 07:54:01.948, 66, 21888, 23028, 271.67, 66
2026/09/21 07:54:02.948, 68, 21888, 23028, 273.49, 67
2026/09/21 07:54:03.948, 62, 21888, 23028, 271.57, 65
2026/09/21 07:54:04.948, 100, 21888, 23028, 310.11, 70
2026/09/21 07:54:05.949, 70, 21888, 23028, 263.12, 65
2026/09/21 07:54:06.949, 76, 21888, 23028, 277.23, 66
2026/09/21 07:54:07.949, 73, 21888, 23028, 268.57, 67
2026/09/21 07:54:08.949, 67, 21888, 23028, 268.10, 67
2026/09/21 07:54:09.949, 57, 21888, 23028, 266.73, 66
2026/09/21 07:54:10.950, 62, 21888, 23028, 276.50, 64
2026/09/21 07:54:11.950, 100, 21888, 23028, 304.59, 69
2026/09/21 07:54:12.950, 64, 21888, 23028, 259.73, 65
2026/09/21 07:54:13.950, 71, 21888, 23028, 264.65, 66
2026/09/21 07:54:14.951, 64, 21888, 23028, 277.93, 67
2026/09/21 07:54:15.951, 66, 21888, 23028, 274.63, 67
2026/09/21 07:54:16.951, 77, 21888, 23028, 283.23, 65
2026/09/21 07:54:17.951, 55, 21888, 23028, 272.14, 62
2026/09/21 07:54:18.952, 100, 21888, 23028, 324.16, 69
2026/09/21 07:54:19.952, 74, 21888, 23028, 248.12, 65
2026/09/21 07:54:20.952, 74, 21888, 23028, 274.36, 61
2026/09/21 07:54:21.952, 59, 21888, 23028, 247.78, 66
2026/09/21 07:54:22.952, 49, 21888, 23028, 261.41, 65
2026/09/21 07:54:23.953, 60, 21888, 23028, 252.49, 62
2026/09/21 07:54:24.953, 69, 21888, 23028, 254.04, 63
2026/09/21 07:54:25.953, 94, 21888, 23028, 265.24, 67
2026/09/21 07:54:26.953, 39, 21888, 23028, 305.17, 59
2026/09/21 07:54:27.954, 73, 21888, 23028, 235.28, 65
2026/09/21 07:54:28.954, 73, 21888, 23028, 264.01, 64
2026/09/21 07:54:29.954, 75, 21888, 23028, 275.10, 64
2026/09/21 07:54:30.954, 65, 21888, 23028, 278.96, 64
2026/09/21 07:54:31.954, 73, 21888, 23028, 270.82, 64
2026/09/21 07:54:32.955, 72, 21888, 23028, 274.88, 66
2026/09/21 07:54:33.955, 12, 21888, 23028, 297.70, 61
2026/09/21 07:54:34.955, 61, 21888, 23028, 229.24, 62
2026/09/21 07:54:35.955, 56, 21888, 23028, 269.16, 64
2026/09/21 07:54:36.956, 65, 21888, 23028, 265.58, 61
2026/09/21 07:54:37.956, 53, 21888, 23028, 258.86, 63
2026/09/21 07:54:38.956, 66, 21888, 23028, 268.50, 65
2026/09/21 07:54:39.956, 69, 21888, 23028, 261.57, 64
2026/09/21 07:54:40.956, 13, 21888, 23028, 318.95, 62
2026/09/21 07:54:41.957, 38, 21888, 23028, 215.60, 64
2026/09/21 07:54:42.957, 54, 21888, 23028, 248.82, 61
2026/09/21 07:54:43.957, 70, 21888, 23028, 272.14, 62
2026/09/21 07:54:44.957, 57, 21888, 23028, 256.07, 63
2026/09/21 07:54:45.957, 65, 21888, 23028, 256.73, 61
2026/09/21 07:54:46.958, 61, 21888, 23028, 257.05, 64
2026/09/21 07:54:47.958, 100, 21888, 23028, 289.88, 66
2026/09/21 07:54:48.958, 32, 21888, 23028, 222.32, 60
2026/09/21 07:54:49.959, 71, 21888, 23028, 254.71, 63
2026/09/21 07:54:50.959, 60, 21888, 23028, 268.47, 60
2026/09/21 07:54:51.959, 66, 21888, 23028, 257.27, 64
2026/09/21 07:54:52.959, 63, 21888, 23028, 265.04, 61
2026/09/21 07:54:53.960, 70, 21888, 23028, 256.97, 63
2026/09/21 07:54:54.960, 7, 21888, 23028, 243.38, 57
2026/09/21 07:54:55.960, 72, 21888, 23028, 314.33, 63
2026/09/21 07:54:56.960, 72, 21888, 23028, 273.35, 63
2026/09/21 07:54:57.961, 72, 21888, 23028, 274.55, 63
2026/09/21 07:54:58.962, 69, 21888, 23028, 274.61, 64
2026/09/21 07:54:59.962, 73, 21888, 23028, 272.78, 63
2026/09/21 07:55:00.962, 64, 21888, 23028, 277.49, 62
2026/09/21 07:55:01.962, 0, 21888, 23028, 199.48, 56
2026/09/21 07:55:02.963, 100, 21888, 23028, 386.07, 67
2026/09/21 07:55:03.963, 100, 21888, 23028, 444.81, 68
2026/09/21 07:55:04.963, 100, 21888, 23028, 445.87, 69
2026/09/21 07:55:05.963, 100, 21888, 23028, 445.03, 69
2026/09/21 07:55:06.963, 100, 21888, 23028, 442.56, 70
2026/09/21 07:55:07.964, 95, 21888, 23028, 436.91, 70
2026/09/21 07:55:08.964, 96, 21888, 23028, 435.88, 69
2026/09/21 07:55:09.964, 100, 21888, 23028, 433.39, 71
2026/09/21 07:55:10.964, 100, 21888, 23028, 433.02, 70
2026/09/21 07:55:11.965, 100, 21888, 23028, 430.54, 70
2026/09/21 07:55:12.965, 100, 21888, 23028, 429.24, 71
2026/09/21 07:55:13.965, 90, 21888, 23028, 424.74, 71
2026/09/21 07:55:14.966, 98, 21888, 23028, 420.42, 65
2026/09/21 07:55:15.966, 100, 21888, 23028, 393.91, 70
2026/09/21 07:55:16.966, 100, 21888, 23028, 403.40, 65
2026/09/21 07:55:17.966, 0, 21888, 23028, 202.74, 58
2026/09/21 07:55:18.967, 100, 21888, 23028, 197.31, 68
2026/09/21 07:55:19.967, 65, 21888, 23028, 282.49, 65
2026/09/21 07:55:20.967, 73, 21888, 23028, 271.30, 62
2026/09/21 07:55:21.968, 50, 21888, 23028, 258.37, 65
2026/09/21 07:55:22.968, 68, 21888, 23028, 265.17, 63
2026/09/21 07:55:23.968, 68, 21888, 23028, 256.57, 62
2026/09/21 07:55:24.968, 44, 21888, 23028, 265.25, 62
2026/09/21 07:55:25.969, 98, 21888, 23028, 279.00, 67
2026/09/21 07:55:26.969, 26, 21888, 23028, 257.66, 60
2026/09/21 07:55:27.969, 55, 21888, 23028, 237.80, 62
2026/09/21 07:55:28.969, 59, 21888, 23028, 250.18, 61
2026/09/21 07:55:29.970, 74, 21888, 23028, 268.12, 64
2026/09/21 07:55:30.970, 49, 21888, 23028, 257.50, 63
2026/09/21 07:55:31.970, 59, 21888, 23028, 251.39, 61
2026/09/21 07:55:32.971, 61, 21888, 23028, 255.89, 62
2026/09/21 07:55:33.971, 48, 21888, 23028, 323.55, 65
2026/09/21 07:55:34.971, 64, 21888, 23028, 179.10, 61
2026/09/21 07:55:35.971, 59, 21888, 23028, 260.60, 60
2026/09/21 07:55:36.972, 65, 21888, 23028, 250.97, 59
2026/09/21 07:55:37.972, 52, 21888, 23028, 247.69, 63
2026/09/21 07:55:38.972, 60, 21888, 23028, 250.36, 62
2026/09/21 07:55:39.973, 66, 21888, 23028, 251.80, 63
2026/09/21 07:55:40.973, 51, 21888, 23028, 254.06, 57
2026/09/21 07:55:41.973, 25, 21888, 23028, 294.34, 59
2026/09/21 07:55:42.973, 56, 21888, 23028, 200.85, 58
2026/09/21 07:55:43.974, 65, 21888, 23028, 245.51, 59
2026/09/21 07:55:44.974, 70, 21888, 23028, 261.02, 63
2026/09/21 07:55:45.974, 63, 21888, 23028, 264.86, 59
2026/09/21 07:55:46.975, 72, 21888, 23028, 259.91, 63
2026/09/21 07:55:47.975, 64, 21888, 23028, 264.12, 60
2026/09/21 07:55:48.975, 90, 21888, 23028, 327.32, 65
2026/09/21 07:55:49.975, 72, 21888, 23028, 202.41, 62
2026/09/21 07:55:50.976, 72, 21888, 23028, 270.55, 62
2026/09/21 07:55:51.976, 57, 21888, 23028, 257.05, 61
2026/09/21 07:55:52.976, 62, 21888, 23028, 270.72, 61
2026/09/21 07:55:53.976, 63, 21888, 23028, 266.81, 60
2026/09/21 07:55:54.977, 73, 21888, 23028, 268.03, 62
2026/09/21 07:55:55.977, 93, 21888, 23028, 306.72, 64
2026/09/21 07:55:56.977, 40, 21888, 23028, 239.52, 60
2026/09/21 07:55:57.977, 62, 21888, 23028, 246.21, 60
2026/09/21 07:55:58.978, 64, 21888, 23028, 267.63, 59
2026/09/21 07:55:59.978, 62, 21888, 23028, 265.73, 62
2026/09/21 07:56:00.978, 65, 21888, 23028, 258.25, 60
2026/09/21 07:56:01.978, 74, 21888, 23028, 267.58, 63
2026/09/21 07:56:02.979, 56, 21888, 23028, 256.10, 56
2026/09/21 07:56:03.979, 6, 21888, 23028, 295.30, 56
2026/09/21 07:56:04.980, 71, 21888, 23028, 212.01, 61
2026/09/21 07:56:05.980, 58, 21888, 23028, 251.69, 58
2026/09/21 07:56:06.980, 72, 21888, 23028, 259.77, 62
2026/09/21 07:56:07.981, 69, 21888, 23028, 258.81, 62
2026/09/21 07:56:08.981, 58, 21888, 23028, 251.28, 60
2026/09/21 07:56:09.982, 65, 21888, 23028, 261.79, 59
2026/09/21 07:56:10.982, 58, 21888, 23028, 329.78, 64
2026/09/21 07:56:11.983, 76, 21888, 23028, 193.00, 61
2026/09/21 07:56:12.983, 66, 21888, 23028, 260.16, 61
2026/09/21 07:56:13.983, 71, 21888, 23028, 261.81, 61
2026/09/21 07:56:14.983, 62, 21888, 23028, 264.29, 59
2026/09/21 07:56:15.984, 61, 21888, 23028, 255.23, 61
2026/09/21 07:56:16.984, 68, 21888, 23028, 254.22, 60
2026/09/21 07:56:17.984, 92, 21888, 23028, 257.98, 61
2026/09/21 07:56:18.984, 39, 21888, 23028, 292.56, 57
2026/09/21 07:56:19.985, 74, 21888, 23028, 178.98, 61
2026/09/21 07:56:20.985, 67, 21888, 23028, 252.99, 61
2026/09/21 07:56:21.985, 60, 21888, 23028, 257.80, 61
2026/09/21 07:56:22.985, 58, 21888, 23028, 242.96, 58
2026/09/21 07:56:23.986, 49, 21888, 23028, 251.39, 59
2026/09/21 07:56:24.986, 72, 21888, 23028, 231.07, 61
2026/09/21 07:56:25.986, 61, 21888, 23028, 248.92, 60
2026/09/21 07:56:26.987, 68, 21888, 23028, 322.25, 58
2026/09/21 07:56:27.987, 66, 21888, 23028, 255.98, 60
2026/09/21 07:56:28.987, 58, 21888, 23028, 248.36, 61
2026/09/21 07:56:29.989, 68, 21888, 23028, 263.67, 59
2026/09/21 07:56:30.989, 65, 21888, 23028, 277.71, 61
2026/09/21 07:56:31.989, 71, 21888, 23028, 275.98, 61
2026/09/21 07:56:32.990, 0, 21888, 23028, 231.85, 54
2026/09/21 07:56:33.990, 100, 21888, 23028, 324.29, 66
2026/09/21 07:56:34.990, 100, 21888, 23028, 447.80, 67
2026/09/21 07:56:35.991, 100, 21888, 23028, 449.88, 67
2026/09/21 07:56:36.991, 100, 21888, 23028, 443.28, 67
2026/09/21 07:56:37.991, 100, 21888, 23028, 443.96, 68
2026/09/21 07:56:38.992, 100, 21888, 23028, 442.35, 68
2026/09/21 07:56:39.992, 100, 21888, 23028, 435.88, 69
2026/09/21 07:56:40.992, 100, 21888, 23028, 436.85, 69
2026/09/21 07:56:41.993, 99, 21888, 23028, 433.20, 68
2026/09/21 07:56:42.993, 100, 21888, 23028, 428.28, 68
2026/09/21 07:56:43.993, 100, 21888, 23028, 427.16, 69
2026/09/21 07:56:44.994, 100, 21888, 23028, 424.95, 69
2026/09/21 07:56:45.994, 100, 21888, 23028, 423.47, 70
2026/09/21 07:56:46.994, 100, 21888, 23028, 393.95, 68
2026/09/21 07:56:47.995, 100, 21888, 23028, 397.74, 69
2026/09/21 07:56:48.995, 0, 21888, 23028, 259.57, 58
2026/09/21 07:56:49.995, 39, 21888, 23028, 253.03, 60
2026/09/21 07:56:50.996, 72, 21888, 23028, 255.69, 65
2026/09/21 07:56:51.996, 64, 21888, 23028, 276.88, 62
2026/09/21 07:56:52.996, 65, 21888, 23028, 272.75, 60
2026/09/21 07:56:53.996, 65, 21888, 23028, 274.03, 61
2026/09/21 07:56:54.997, 76, 21888, 23028, 271.22, 64
2026/09/21 07:56:55.997, 59, 21888, 23028, 270.26, 63
2026/09/21 07:56:56.997, 32, 21888, 23028, 313.51, 58
2026/09/21 07:56:57.997, 71, 21888, 23028, 213.07, 64
2026/09/21 07:56:58.998, 75, 21888, 23028, 273.77, 64
2026/09/21 07:56:59.998, 68, 21888, 23028, 267.01, 60
2026/09/21 07:57:00.998, 68, 21888, 23028, 270.58, 63
2026/09/21 07:57:01.999, 47, 21888, 23028, 243.54, 58
2026/09/21 07:57:02.999, 66, 21888, 23028, 248.72, 60
2026/09/21 07:57:03.999, 100, 21888, 23028, 300.56, 66
2026/09/21 07:57:04.999, 10, 21888, 23028, 205.38, 56
2026/09/21 07:57:06.000, 70, 21888, 23028, 220.20, 62
2026/09/21 07:57:07.000, 53, 21888, 23028, 243.33, 58
2026/09/21 07:57:08.000, 62, 21888, 23028, 245.51, 62
2026/09/21 07:57:09.001, 76, 21888, 23028, 241.35, 62
2026/09/21 07:57:10.001, 56, 21888, 23028, 241.53, 59
2026/09/21 07:57:11.001, 40, 21888, 23028, 240.95, 61
2026/09/21 07:57:12.001, 100, 21888, 23028, 243.39, 63
2026/09/21 07:57:13.003, 38, 21888, 23028, 274.21, 56
2026/09/21 07:57:14.003, 45, 21888, 23028, 171.77, 61
2026/09/21 07:57:15.003, 73, 21888, 23028, 241.97, 59
2026/09/21 07:57:16.003, 66, 21888, 23028, 259.94, 58
2026/09/21 07:57:17.004, 55, 21888, 23028, 256.60, 60
2026/09/21 07:57:18.004, 63, 21888, 23028, 250.74, 58
2026/09/21 07:57:19.004, 67, 21888, 23028, 264.28, 61
2026/09/21 07:57:20.004, 100, 21888, 23028, 269.83, 64
2026/09/21 07:57:21.004, 39, 21888, 23028, 275.27, 55
2026/09/21 07:57:22.004, 41, 21888, 23028, 201.81, 61
2026/09/21 07:57:23.005, 65, 21888, 23028, 233.74, 60
2026/09/21 07:57:24.005, 58, 21888, 23028, 240.42, 61
2026/09/21 07:57:25.005, 75, 21888, 23028, 258.08, 60
2026/09/21 07:57:26.006, 66, 21888, 23028, 276.67, 62
2026/09/21 07:57:27.006, 60, 21888, 23028, 269.53, 61
2026/09/21 07:57:28.006, 100, 21888, 23028, 303.34, 64
2026/09/21 07:57:29.007, 62, 21888, 23028, 224.82, 59
2026/09/21 07:57:30.007, 70, 21888, 23028, 270.58, 59
2026/09/21 07:57:31.007, 59, 21888, 23028, 253.68, 59
2026/09/21 07:57:32.007, 65, 21888, 23028, 246.29, 57
2026/09/21 07:57:33.008, 47, 21888, 23028, 254.18, 61
2026/09/21 07:57:34.008, 53, 21888, 23028, 255.51, 60
2026/09/21 07:57:35.008, 51, 21888, 23028, 245.46, 55
2026/09/21 07:57:36.008, 40, 21888, 23028, 295.64, 55
2026/09/21 07:57:37.009, 67, 21888, 23028, 177.53, 59
2026/09/21 07:57:38.009, 41, 21888, 23028, 253.60, 61
2026/09/21 07:57:39.009, 59, 21888, 23028, 246.77, 59
2026/09/21 07:57:40.009, 71, 21888, 23028, 244.73, 58
2026/09/21 07:57:41.009, 56, 21888, 23028, 250.66, 59
2026/09/21 07:57:42.010, 66, 21888, 23028, 248.83, 61
2026/09/21 07:57:43.010, 100, 21888, 23028, 280.36, 64
2026/09/21 07:57:44.010, 39, 21888, 23028, 294.89, 55
2026/09/21 07:57:45.010, 60, 21888, 23028, 236.98, 58
2026/09/21 07:57:46.011, 60, 21888, 23028, 263.83, 61
2026/09/21 07:57:47.011, 59, 21888, 23028, 263.23, 58
2026/09/21 07:57:48.011, 58, 21888, 23028, 268.50, 58
2026/09/21 07:57:49.011, 55, 21888, 23028, 268.14, 58
2026/09/21 07:57:50.012, 20, 21888, 23028, 247.84, 61
2026/09/21 07:57:51.012, 39, 21888, 23028, 291.99, 55
2026/09/21 07:57:52.012, 57, 21888, 23028, 215.28, 58
2026/09/21 07:57:53.012, 65, 21888, 23028, 264.73, 61
2026/09/21 07:57:54.012, 77, 21888, 23028, 270.27, 58
2026/09/21 07:57:55.013, 47, 21888, 23028, 263.46, 60
2026/09/21 07:57:56.013, 61, 21888, 23028, 260.52, 58
2026/09/21 07:57:57.013, 59, 21888, 23028, 270.06, 58
2026/09/21 07:57:58.013, 65, 21888, 23028, 313.37, 61
2026/09/21 07:57:59.014, 63, 21888, 23028, 250.34, 57
2026/09/21 07:58:00.014, 53, 21888, 23028, 241.57, 59
2026/09/21 07:58:01.014, 60, 21888, 23028, 258.96, 58
2026/09/21 07:58:02.014, 71, 21888, 23028, 244.01, 60
2026/09/21 07:58:03.015, 71, 21888, 23028, 258.19, 59
2026/09/21 07:58:04.015, 61, 21888, 23028, 242.09, 58
2026/09/21 07:58:05.015, 0, 21888, 23028, 178.01, 53
2026/09/21 07:58:06.015, 0, 21888, 23028, 98.91, 53
2026/09/21 07:58:07.015, 0, 21888, 23028, 74.03, 52
2026/09/21 07:58:08.016, 0, 21888, 23028, 67.89, 51
2026/09/21 07:58:09.016, 0, 21888, 23028, 61.83, 51
2026/09/21 07:58:10.016, 0, 21888, 23028, 61.45, 51
2026/09/21 07:58:11.016, 4, 22368, 23028, 61.42, 57
2026/09/21 07:58:12.017, 100, 22400, 23028, 454.02, 63
2026/09/21 07:58:13.017, 100, 22432, 23028, 444.03, 64
2026/09/21 07:58:14.017, 100, 22432, 23028, 444.46, 65
2026/09/21 07:58:15.018, 100, 22432, 23028, 445.47, 66
2026/09/21 07:58:16.018, 94, 22432, 23028, 440.27, 65
2026/09/21 07:58:17.018, 100, 22432, 23028, 435.86, 67
2026/09/21 07:58:18.019, 100, 22432, 23028, 438.00, 66
2026/09/21 07:58:19.019, 100, 22432, 23028, 433.29, 67
2026/09/21 07:58:20.019, 100, 22432, 23028, 430.49, 67
2026/09/21 07:58:21.020, 100, 22432, 23028, 427.41, 67
2026/09/21 07:58:22.020, 100, 22432, 23028, 425.17, 67
2026/09/21 07:58:23.020, 100, 22432, 23028, 425.34, 68
2026/09/21 07:58:24.020, 96, 22432, 23028, 422.78, 67
2026/09/21 07:58:25.021, 98, 22432, 23028, 420.55, 68
2026/09/21 07:58:26.021, 100, 22432, 23028, 421.35, 68
2026/09/21 07:58:27.025, 100, 22432, 23028, 383.71, 69
2026/09/21 07:58:28.025, 100, 22432, 23028, 416.46, 68
2026/09/21 07:58:29.028, 100, 22432, 23028, 410.95, 69
2026/09/21 07:58:30.030, 100, 22432, 23028, 410.43, 69
2026/09/21 07:58:31.031, 93, 22432, 23028, 410.95, 69
2026/09/21 07:58:32.031, 100, 22432, 23028, 413.80, 68
2026/09/21 07:58:33.032, 100, 22432, 23028, 409.01, 69
2026/09/21 07:58:34.033, 100, 22432, 23028, 407.95, 68
2026/09/21 07:58:35.033, 100, 22432, 23028, 411.04, 70
2026/09/21 07:58:36.033, 100, 22432, 23028, 411.51, 69
2026/09/21 07:58:37.034, 100, 22432, 23028, 401.29, 70
2026/09/21 07:58:38.035, 100, 22432, 23028, 405.40, 69
2026/09/21 07:58:39.036, 100, 22432, 23028, 404.52, 69
2026/09/21 07:58:40.037, 100, 22432, 23028, 411.43, 69
2026/09/21 07:58:41.037, 100, 22432, 23028, 406.70, 69
2026/09/21 07:58:42.038, 100, 22432, 23028, 403.93, 70
2026/09/21 07:58:43.038, 84, 22432, 23028, 400.58, 70
2026/09/21 07:58:44.038, 100, 22432, 23028, 399.98, 71
2026/09/21 07:58:45.038, 100, 22432, 23028, 405.55, 70
2026/09/21 07:58:46.039, 97, 22432, 23028, 405.97, 70
2026/09/21 07:58:47.039, 100, 22432, 23028, 406.95, 70
2026/09/21 07:58:48.039, 100, 22432, 23028, 380.99, 69
2026/09/21 07:58:49.040, 94, 22432, 23028, 402.78, 71
2026/09/21 07:58:50.040, 100, 22432, 23028, 403.55, 70
2026/09/21 07:58:51.040, 100, 22432, 23028, 401.40, 70
2026/09/21 07:58:52.041, 100, 22432, 23028, 404.07, 70
2026/09/21 07:58:53.041, 100, 22432, 23028, 402.19, 71
2026/09/21 07:58:54.041, 100, 22432, 23028, 402.54, 71
2026/09/21 07:58:55.042, 100, 22432, 23028, 405.07, 70
2026/09/21 07:58:56.042, 100, 22432, 23028, 399.05, 71
2026/09/21 07:58:57.042, 96, 22432, 23028, 402.58, 70
2026/09/21 07:58:58.042, 100, 22432, 23028, 404.52, 70
2026/09/21 07:58:59.043, 100, 22432, 23028, 397.48, 72
2026/09/21 07:59:00.043, 100, 22432, 23028, 407.37, 72
2026/09/21 07:59:01.043, 100, 22432, 23028, 401.53, 72
2026/09/21 07:59:02.043, 85, 22432, 23028, 397.12, 72
2026/09/21 07:59:03.044, 100, 22432, 23028, 398.00, 72
2026/09/21 07:59:04.044, 100, 22432, 23028, 399.19, 72
2026/09/21 07:59:05.045, 100, 22432, 23028, 403.62, 70
2026/09/21 07:59:06.045, 100, 22432, 23028, 394.23, 72
2026/09/21 07:59:07.046, 100, 22432, 23028, 403.65, 71
2026/09/21 07:59:08.046, 100, 22432, 23028, 395.12, 72
2026/09/21 07:59:09.046, 98, 22432, 23028, 399.81, 72
2026/09/21 07:59:10.046, 100, 22432, 23028, 394.03, 72
2026/09/21 07:59:11.047, 100, 22432, 23028, 399.98, 71
2026/09/21 07:59:12.047, 100, 22432, 23028, 399.88, 71
2026/09/21 07:59:13.047, 100, 22432, 23028, 394.38, 72
2026/09/21 07:59:14.048, 100, 22432, 23028, 400.52, 72
2026/09/21 07:59:15.048, 100, 22432, 23028, 364.40, 72
2026/09/21 07:59:16.048, 100, 22432, 23028, 400.49, 72
2026/09/21 07:59:17.048, 100, 22432, 23028, 392.85, 72
2026/09/21 07:59:18.049, 100, 22432, 23028, 401.64, 71
2026/09/21 07:59:19.050, 100, 22432, 23028, 395.87, 71
2026/09/21 07:59:20.050, 100, 22432, 23028, 398.67, 72
2026/09/21 07:59:21.050, 100, 22432, 23028, 391.79, 73
2026/09/21 07:59:22.051, 100, 22432, 23028, 400.11, 71
2026/09/21 07:59:23.051, 100, 22432, 23028, 397.21, 71
2026/09/21 07:59:24.052, 100, 22432, 23028, 395.69, 72
2026/09/21 07:59:25.052, 100, 22432, 23028, 398.66, 71
2026/09/21 07:59:26.053, 100, 22432, 23028, 398.92, 73
2026/09/21 07:59:27.053, 100, 22432, 23028, 397.42, 71
2026/09/21 07:59:28.054, 100, 22432, 23028, 398.26, 72
2026/09/21 07:59:29.054, 100, 22432, 23028, 396.52, 73
2026/09/21 07:59:30.054, 100, 22432, 23028, 398.32, 71
2026/09/21 07:59:31.055, 100, 22432, 23028, 392.57, 72
2026/09/21 07:59:32.055, 100, 22432, 23028, 396.43, 72
2026/09/21 07:59:33.055, 100, 22432, 23028, 391.85, 73
2026/09/21 07:59:34.056, 100, 22432, 23028, 397.85, 73
2026/09/21 07:59:35.056, 100, 22432, 23028, 393.78, 72
2026/09/21 07:59:36.057, 100, 22432, 23028, 394.11, 72
2026/09/21 07:59:37.057, 100, 22432, 23028, 391.03, 72
2026/09/21 07:59:38.057, 100, 22432, 23028, 393.68, 73
2026/09/21 07:59:39.058, 100, 22432, 23028, 390.49, 72
2026/09/21 07:59:40.058, 100, 22432, 23028, 394.92, 73
2026/09/21 07:59:41.058, 93, 22432, 23028, 393.77, 73
2026/09/21 07:59:42.059, 100, 22432, 23028, 395.33, 72
2026/09/21 07:59:43.059, 100, 22432, 23028, 397.74, 74
2026/09/21 07:59:44.059, 100, 22432, 23028, 377.39, 72
2026/09/21 07:59:45.059, 100, 22432, 23028, 395.83, 73
2026/09/21 07:59:46.060, 100, 22464, 23028, 360.84, 72
2026/09/21 07:59:47.060, 100, 22464, 23028, 396.92, 72
2026/09/21 07:59:48.060, 86, 22464, 23028, 354.33, 69
2026/09/21 07:59:49.061, 83, 22464, 23028, 330.42, 67
2026/09/21 07:59:50.061, 87, 22464, 23028, 328.18, 68
2026/09/21 07:59:51.061, 84, 22464, 23028, 328.61, 69
2026/09/21 07:59:52.062, 87, 22464, 23028, 331.90, 68
2026/09/21 07:59:53.062, 85, 22464, 23028, 326.99, 69
2026/09/21 07:59:54.063, 0, 22464, 23028, 141.57, 59
2026/09/21 07:59:55.064, 100, 22464, 23028, 391.74, 70
2026/09/21 07:59:56.064, 100, 22464, 23028, 446.87, 72
2026/09/21 07:59:57.064, 100, 22464, 23028, 446.11, 72
2026/09/21 07:59:58.064, 100, 22464, 23028, 445.23, 72
2026/09/21 07:59:59.065, 100, 22464, 23028, 435.68, 72
2026/09/21 08:00:00.065, 98, 22464, 23028, 434.67, 73
2026/09/21 08:00:01.066, 88, 22464, 23028, 433.44, 73
2026/09/21 08:00:02.066, 93, 22464, 23028, 432.18, 71
2026/09/21 08:00:03.066, 98, 22464, 23028, 430.01, 72
2026/09/21 08:00:04.067, 95, 22464, 23028, 426.53, 72
2026/09/21 08:00:05.068, 93, 22464, 23028, 427.85, 73
2026/09/21 08:00:06.326, 96, 22464, 23028, 425.38, 72
2026/09/21 08:00:07.327, 100, 22464, 23028, 421.81, 72
2026/09/21 08:00:08.328, 100, 22464, 23028, 422.47, 73
2026/09/21 08:00:09.328, 100, 22464, 23028, 420.05, 73
2026/09/21 08:00:10.328, 100, 22464, 23028, 400.79, 73
2026/09/21 08:00:11.328, 100, 22464, 23028, 414.86, 72
2026/09/21 08:00:12.329, 100, 22464, 23028, 413.68, 74
2026/09/21 08:00:13.329, 100, 22464, 23028, 415.07, 72
2026/09/21 08:00:14.330, 98, 22464, 23028, 413.64, 74
2026/09/21 08:00:15.331, 100, 22464, 23028, 412.28, 72
2026/09/21 08:00:16.331, 100, 22464, 23028, 409.08, 74
2026/09/21 08:00:17.331, 100, 22464, 23028, 412.51, 72
2026/09/21 08:00:18.332, 100, 22464, 23028, 405.40, 73
2026/09/21 08:00:19.332, 100, 22464, 23028, 412.38, 73
2026/09/21 08:00:20.333, 100, 22464, 23028, 409.62, 73
2026/09/21 08:00:21.333, 100, 22464, 23028, 406.42, 73
2026/09/21 08:00:22.333, 100, 22464, 23028, 407.89, 73
2026/09/21 08:00:23.333, 100, 22464, 23028, 407.95, 73
2026/09/21 08:00:24.334, 100, 22464, 23028, 403.55, 73
2026/09/21 08:00:25.334, 100, 22464, 23028, 405.18, 74
2026/09/21 08:00:26.335, 100, 22464, 23028, 408.80, 73
2026/09/21 08:00:27.335, 100, 22464, 23028, 403.95, 73
2026/09/21 08:00:28.335, 100, 22464, 23028, 401.51, 74
2026/09/21 08:00:29.335, 93, 22464, 23028, 402.70, 73
2026/09/21 08:00:30.336, 100, 22464, 23028, 402.03, 74
2026/09/21 08:00:31.336, 100, 22464, 23028, 374.73, 74
2026/09/21 08:00:32.336, 100, 22464, 23028, 405.87, 74
2026/09/21 08:00:33.336, 100, 22464, 23028, 403.08, 73
2026/09/21 08:00:34.337, 100, 22464, 23028, 401.20, 73
2026/09/21 08:00:35.337, 100, 22464, 23028, 402.40, 74
2026/09/21 08:00:36.337, 100, 22464, 23028, 401.62, 74
2026/09/21 08:00:37.338, 100, 22464, 23028, 402.02, 73
2026/09/21 08:00:38.338, 100, 22464, 23028, 400.23, 74
2026/09/21 08:00:39.339, 100, 22464, 23028, 403.55, 73
2026/09/21 08:00:40.339, 100, 22464, 23028, 401.61, 73
2026/09/21 08:00:41.339, 100, 22464, 23028, 395.49, 74
2026/09/21 08:00:42.340, 100, 22464, 23028, 397.42, 73
2026/09/21 08:00:43.340, 100, 22464, 23028, 402.44, 73
2026/09/21 08:00:44.340, 100, 22464, 23028, 398.79, 73
2026/09/21 08:00:45.341, 100, 22464, 23028, 400.30, 74
2026/09/21 08:00:46.341, 100, 22464, 23028, 400.57, 73
2026/09/21 08:00:47.341, 100, 22464, 23028, 397.02, 73
2026/09/21 08:00:48.342, 100, 22464, 23028, 401.33, 74
2026/09/21 08:00:49.342, 100, 22464, 23028, 400.00, 73
2026/09/21 08:00:50.343, 100, 22464, 23028, 397.71, 75
2026/09/21 08:00:51.343, 100, 22464, 23028, 400.55, 73
2026/09/21 08:00:52.343, 100, 22464, 23028, 398.44, 74
2026/09/21 08:00:53.344, 100, 22464, 23028, 399.04, 73
2026/09/21 08:00:54.345, 98, 22464, 23028, 396.50, 73
2026/09/21 08:00:55.345, 100, 22464, 23028, 394.70, 75
2026/09/21 08:00:56.346, 99, 22464, 23028, 397.79, 73
2026/09/21 08:00:57.346, 100, 22464, 23028, 399.00, 75
2026/09/21 08:00:58.346, 100, 22464, 23028, 373.41, 73
2026/09/21 08:00:59.347, 100, 22464, 23028, 399.46, 73
2026/09/21 08:01:00.347, 100, 22464, 23028, 394.87, 73
2026/09/21 08:01:01.347, 100, 22464, 23028, 396.27, 73
2026/09/21 08:01:02.348, 100, 22464, 23028, 394.23, 74
2026/09/21 08:01:03.348, 100, 22464, 23028, 399.95, 75
2026/09/21 08:01:04.348, 100, 22464, 23028, 398.57, 74
2026/09/21 08:01:05.348, 100, 22464, 23028, 398.06, 73
2026/09/21 08:01:06.349, 100, 22464, 23028, 393.72, 74
2026/09/21 08:01:07.349, 100, 22464, 23028, 399.75, 73
2026/09/21 08:01:08.350, 100, 22464, 23028, 389.33, 75
2026/09/21 08:01:09.350, 100, 22464, 23028, 401.47, 73
2026/09/21 08:01:10.350, 100, 22464, 23028, 393.24, 74
2026/09/21 08:01:11.351, 100, 22464, 23028, 398.03, 75
2026/09/21 08:01:12.351, 100, 22464, 23028, 395.03, 74
2026/09/21 08:01:13.352, 100, 22464, 23028, 398.57, 74
2026/09/21 08:01:14.352, 100, 22464, 23028, 394.60, 75
2026/09/21 08:01:15.353, 100, 22464, 23028, 397.13, 74
2026/09/21 08:01:16.354, 100, 22464, 23028, 396.98, 74
2026/09/21 08:01:17.354, 100, 22464, 23028, 398.24, 74
2026/09/21 08:01:18.355, 100, 22464, 23028, 394.65, 74
2026/09/21 08:01:19.355, 100, 22464, 23028, 400.99, 74
2026/09/21 08:01:20.356, 96, 22464, 23028, 394.84, 75
2026/09/21 08:01:21.356, 100, 22464, 23028, 399.96, 74
2026/09/21 08:01:22.356, 95, 22464, 23028, 395.49, 73
2026/09/21 08:01:23.357, 100, 22464, 23028, 393.76, 74
2026/09/21 08:01:24.357, 100, 22464, 23028, 393.25, 74
2026/09/21 08:01:25.358, 100, 22464, 23028, 395.05, 75
2026/09/21 08:01:26.358, 100, 22464, 23028, 400.07, 74
2026/09/21 08:01:27.358, 100, 22464, 23028, 370.75, 75
2026/09/21 08:01:28.359, 100, 22464, 23028, 399.60, 74
2026/09/21 08:01:29.359, 100, 22464, 23028, 373.35, 73
2026/09/21 08:01:30.360, 100, 22464, 23028, 397.32, 75
2026/09/21 08:01:31.360, 75, 22464, 23028, 363.41, 69
2026/09/21 08:01:32.360, 76, 22464, 23028, 313.59, 69
2026/09/21 08:01:33.361, 86, 22464, 23028, 317.03, 70
2026/09/21 08:01:34.362, 88, 22464, 23028, 312.54, 70
2026/09/21 08:01:35.362, 82, 22464, 23028, 321.42, 69
2026/09/21 08:01:36.362, 66, 22464, 23028, 318.34, 66
2026/09/21 08:01:37.363, 0, 22464, 23028, 248.18, 61
2026/09/21 08:01:38.363, 100, 22464, 23028, 248.85, 73
2026/09/21 08:01:39.363, 100, 22464, 23028, 450.48, 73
2026/09/21 08:01:40.364, 91, 22464, 23028, 444.55, 74
2026/09/21 08:01:41.364, 100, 22464, 23028, 442.57, 74
2026/09/21 08:01:42.364, 100, 22464, 23028, 442.21, 74
2026/09/21 08:01:43.365, 100, 22464, 23028, 442.54, 74
2026/09/21 08:01:44.365, 100, 22464, 23028, 437.78, 74
2026/09/21 08:01:45.366, 100, 22464, 23028, 433.35, 74
2026/09/21 08:01:46.366, 100, 22464, 23028, 432.53, 73
2026/09/21 08:01:47.366, 100, 22464, 23028, 430.92, 73
2026/09/21 08:01:48.366, 100, 22464, 23028, 427.48, 75
2026/09/21 08:01:49.367, 100, 22464, 23028, 426.83, 73
2026/09/21 08:01:50.367, 100, 22464, 23028, 424.39, 73
2026/09/21 08:01:51.368, 100, 22464, 23028, 421.47, 74
2026/09/21 08:01:52.368, 100, 22464, 23028, 421.90, 73
2026/09/21 08:01:53.368, 100, 22464, 23028, 392.57, 74
2026/09/21 08:01:54.369, 96, 22464, 23028, 418.86, 75
2026/09/21 08:01:55.369, 100, 22464, 23028, 417.48, 75
2026/09/21 08:01:56.369, 100, 22464, 23028, 414.92, 73
2026/09/21 08:01:57.370, 100, 22464, 23028, 415.92, 74
2026/09/21 08:01:58.370, 100, 22464, 23028, 413.14, 74
2026/09/21 08:01:59.370, 100, 22464, 23028, 411.75, 74
2026/09/21 08:02:00.370, 100, 22464, 23028, 414.12, 74
2026/09/21 08:02:01.371, 100, 22464, 23028, 412.01, 73
2026/09/21 08:02:02.371, 100, 22464, 23028, 409.69, 74
2026/09/21 08:02:03.371, 100, 22464, 23028, 405.17, 74
2026/09/21 08:02:04.372, 100, 22464, 23028, 408.79, 75
2026/09/21 08:02:05.372, 100, 22464, 23028, 406.89, 74
2026/09/21 08:02:06.373, 100, 22464, 23028, 404.35, 75
2026/09/21 08:02:07.373, 100, 22464, 23028, 408.28, 74
2026/09/21 08:02:08.374, 100, 22464, 23028, 408.81, 75
2026/09/21 08:02:09.374, 100, 22464, 23028, 404.16, 75
2026/09/21 08:02:10.374, 100, 22464, 23028, 403.11, 75
2026/09/21 08:02:11.375, 100, 22464, 23028, 409.27, 74
2026/09/21 08:02:12.375, 100, 22464, 23028, 402.09, 75
2026/09/21 08:02:13.375, 100, 22464, 23028, 402.41, 74
2026/09/21 08:02:14.376, 100, 22464, 23028, 403.01, 74
2026/09/21 08:02:15.376, 100, 22464, 23028, 370.30, 75
2026/09/21 08:02:16.376, 100, 22464, 23028, 398.62, 75
2026/09/21 08:02:17.376, 100, 22464, 23028, 405.44, 75
2026/09/21 08:02:18.377, 100, 22464, 23028, 401.11, 75
2026/09/21 08:02:19.377, 100, 22464, 23028, 403.02, 75
2026/09/21 08:02:20.377, 100, 22464, 23028, 406.01, 76
2026/09/21 08:02:21.377, 100, 22464, 23028, 400.19, 75
2026/09/21 08:02:22.378, 99, 22464, 23028, 402.51, 74
2026/09/21 08:02:23.378, 100, 22464, 23028, 402.16, 74
2026/09/21 08:02:24.379, 100, 22464, 23028, 396.05, 75
2026/09/21 08:02:25.379, 100, 22464, 23028, 399.77, 75
2026/09/21 08:02:26.380, 100, 22464, 23028, 400.21, 74
2026/09/21 08:02:27.380, 94, 22464, 23028, 399.22, 75
2026/09/21 08:02:28.381, 100, 22464, 23028, 400.64, 74
2026/09/21 08:02:29.381, 100, 22464, 23028, 398.48, 74
2026/09/21 08:02:30.381, 100, 22464, 23028, 400.16, 76
2026/09/21 08:02:31.382, 100, 22464, 23028, 398.96, 75
2026/09/21 08:02:32.382, 100, 22464, 23028, 403.43, 74
2026/09/21 08:02:33.383, 100, 22464, 23028, 396.42, 75
2026/09/21 08:02:34.383, 99, 22464, 23028, 399.46, 72
2026/09/21 08:02:35.383, 100, 22464, 23028, 395.11, 75
2026/09/21 08:02:36.384, 100, 22464, 23028, 400.87, 74
2026/09/21 08:02:37.384, 100, 22464, 23028, 399.85, 75
2026/09/21 08:02:38.384, 100, 22464, 23028, 401.27, 74
2026/09/21 08:02:39.385, 100, 22464, 23028, 402.40, 74
2026/09/21 08:02:40.385, 100, 22464, 23028, 397.68, 75
2026/09/21 08:02:41.385, 100, 22464, 23028, 401.63, 75
2026/09/21 08:02:42.386, 100, 22464, 23028, 360.20, 75
2026/09/21 08:02:43.386, 100, 22464, 23028, 401.55, 74
2026/09/21 08:02:44.387, 100, 22464, 23028, 398.15, 75
2026/09/21 08:02:45.387, 100, 22464, 23028, 401.52, 74
2026/09/21 08:02:46.387, 100, 22464, 23028, 396.78, 74
2026/09/21 08:02:47.387, 100, 22464, 23028, 395.15, 75
2026/09/21 08:02:48.387, 100, 22464, 23028, 397.33, 76
2026/09/21 08:02:49.388, 100, 22464, 23028, 402.04, 74
2026/09/21 08:02:50.388, 100, 22464, 23028, 393.22, 75
2026/09/21 08:02:51.388, 100, 22464, 23028, 400.72, 74
2026/09/21 08:02:52.388, 100, 22464, 23028, 398.71, 74
2026/09/21 08:02:53.389, 100, 22464, 23028, 397.79, 74
2026/09/21 08:02:54.389, 100, 22464, 23028, 398.12, 76
2026/09/21 08:02:55.389, 100, 22464, 23028, 399.32, 74
2026/09/21 08:02:56.390, 100, 22464, 23028, 395.02, 76
2026/09/21 08:02:57.390, 100, 22464, 23028, 398.88, 76
2026/09/21 08:02:58.390, 100, 22464, 23028, 398.72, 74
2026/09/21 08:02:59.391, 100, 22464, 23028, 398.92, 74
2026/09/21 08:03:00.391, 100, 22464, 23028, 394.72, 75
2026/09/21 08:03:01.392, 100, 22464, 23028, 398.06, 75
2026/09/21 08:03:02.392, 100, 22464, 23028, 396.12, 75
2026/09/21 08:03:03.392, 100, 22464, 23028, 397.68, 75
2026/09/21 08:03:04.392, 100, 22464, 23028, 394.79, 75
2026/09/21 08:03:05.393, 100, 22464, 23028, 397.60, 75
2026/09/21 08:03:06.393, 100, 22464, 23028, 395.76, 75
2026/09/21 08:03:07.393, 100, 22464, 23028, 400.89, 74
2026/09/21 08:03:08.394, 100, 22464, 23028, 398.47, 74
2026/09/21 08:03:09.394, 100, 22464, 23028, 398.74, 76
2026/09/21 08:03:10.394, 98, 22464, 23028, 393.09, 67
2026/09/21 08:03:11.395, 100, 22464, 23028, 374.97, 75
2026/09/21 08:03:12.395, 100, 22464, 23028, 398.93, 75
2026/09/21 08:03:13.395, 100, 22464, 23028, 373.85, 74
2026/09/21 08:03:14.396, 88, 22464, 23028, 377.01, 74
2026/09/21 08:03:15.396, 84, 22464, 23028, 362.12, 71
2026/09/21 08:03:16.396, 87, 22464, 23028, 326.65, 71
2026/09/21 08:03:17.397, 74, 22464, 23028, 332.46, 69
2026/09/21 08:03:18.397, 86, 22464, 23028, 332.19, 71
2026/09/21 08:03:19.397, 82, 22464, 23028, 336.20, 70
2026/09/21 08:03:20.398, 50, 22464, 23028, 318.06, 64
2026/09/21 08:03:21.398, 100, 22464, 23028, 164.92, 72
2026/09/21 08:03:22.398, 100, 22464, 23028, 451.02, 73
2026/09/21 08:03:23.399, 100, 22464, 23028, 447.90, 74
2026/09/21 08:03:24.399, 100, 22464, 23028, 446.39, 73
2026/09/21 08:03:25.399, 86, 22464, 23028, 440.74, 74
2026/09/21 08:03:26.400, 100, 22464, 23028, 436.66, 74
2026/09/21 08:03:27.400, 100, 22464, 23028, 435.95, 75
2026/09/21 08:03:28.400, 100, 22464, 23028, 437.25, 74
2026/09/21 08:03:29.401, 100, 22464, 23028, 432.72, 75
2026/09/21 08:03:30.401, 100, 22464, 23028, 428.41, 74
2026/09/21 08:03:31.401, 100, 22464, 23028, 428.99, 75
2026/09/21 08:03:32.402, 100, 22464, 23028, 426.92, 74
2026/09/21 08:03:33.402, 100, 22464, 23028, 426.41, 75
2026/09/21 08:03:34.402, 100, 22464, 23028, 422.03, 75
2026/09/21 08:03:35.403, 100, 22464, 23028, 419.69, 75
2026/09/21 08:03:36.403, 99, 22464, 23028, 420.99, 69
2026/09/21 08:03:37.403, 100, 22464, 23028, 390.83, 75
2026/09/21 08:03:38.404, 100, 22464, 23028, 417.78, 74
2026/09/21 08:03:39.404, 100, 22464, 23028, 416.29, 75
2026/09/21 08:03:40.404, 100, 22464, 23028, 414.62, 76
2026/09/21 08:03:41.405, 100, 22464, 23028, 412.12, 75
2026/09/21 08:03:42.405, 100, 22464, 23028, 413.66, 75
2026/09/21 08:03:43.406, 100, 22464, 23028, 410.92, 75
2026/09/21 08:03:44.406, 100, 22464, 23028, 407.86, 76
2026/09/21 08:03:45.407, 100, 22464, 23028, 408.87, 74
2026/09/21 08:03:46.407, 95, 22464, 23028, 409.76, 75
2026/09/21 08:03:47.407, 100, 22464, 23028, 406.93, 75
2026/09/21 08:03:48.408, 100, 22464, 23028, 407.32, 74
2026/09/21 08:03:49.408, 100, 22464, 23028, 408.35, 76
2026/09/21 08:03:50.408, 100, 22464, 23028, 407.46, 74
2026/09/21 08:03:51.409, 100, 22464, 23028, 403.70, 76
2026/09/21 08:03:52.409, 100, 22464, 23028, 404.95, 75
2026/09/21 08:03:53.409, 96, 22464, 23028, 404.11, 76
2026/09/21 08:03:54.410, 100, 22464, 23028, 408.84, 74
2026/09/21 08:03:55.410, 100, 22464, 23028, 401.24, 75
2026/09/21 08:03:56.410, 100, 22464, 23028, 404.20, 75
2026/09/21 08:03:57.411, 100, 22464, 23028, 406.56, 76
2026/09/21 08:03:58.411, 100, 22464, 23028, 377.77, 74
2026/09/21 08:03:59.411, 89, 22464, 23028, 402.71, 74
2026/09/21 08:04:00.412, 100, 22464, 23028, 400.29, 74
2026/09/21 08:04:01.412, 100, 22464, 23028, 399.85, 74
2026/09/21 08:04:02.413, 100, 22464, 23028, 401.22, 74
2026/09/21 08:04:03.413, 100, 22464, 23028, 403.63, 75
2026/09/21 08:04:04.413, 100, 22464, 23028, 402.11, 74
2026/09/21 08:04:05.414, 100, 22464, 23028, 396.95, 76
2026/09/21 08:04:06.414, 100, 22464, 23028, 406.87, 74
2026/09/21 08:04:07.414, 100, 22464, 23028, 400.03, 75
2026/09/21 08:04:08.415, 100, 22464, 23028, 400.32, 75
2026/09/21 08:04:09.416, 100, 22464, 23028, 396.54, 75
2026/09/21 08:04:10.416, 100, 22464, 23028, 399.35, 76
2026/09/21 08:04:11.416, 100, 22464, 23028, 402.39, 76
2026/09/21 08:04:12.417, 100, 22464, 23028, 398.63, 76
2026/09/21 08:04:13.418, 100, 22464, 23028, 405.10, 74
2026/09/21 08:04:14.418, 100, 22464, 23028, 397.80, 74
2026/09/21 08:04:15.418, 92, 22464, 23028, 396.40, 76
2026/09/21 08:04:16.419, 100, 22464, 23028, 401.53, 75
2026/09/21 08:04:17.420, 100, 22464, 23028, 396.07, 76
2026/09/21 08:04:18.420, 100, 22464, 23028, 402.25, 74
2026/09/21 08:04:19.421, 100, 22464, 23028, 394.68, 75
2026/09/21 08:04:20.421, 100, 22464, 23028, 402.17, 76
2026/09/21 08:04:21.422, 100, 22464, 23028, 399.58, 75
2026/09/21 08:04:22.422, 100, 22464, 23028, 401.85, 75
2026/09/21 08:04:23.422, 100, 22464, 23028, 396.71, 75
2026/09/21 08:04:24.423, 100, 22464, 23028, 401.08, 76
2026/09/21 08:04:25.423, 100, 22464, 23028, 374.29, 75
2026/09/21 08:04:26.424, 100, 22464, 23028, 397.36, 74
2026/09/21 08:04:27.425, 100, 22464, 23028, 395.25, 76
2026/09/21 08:04:28.425, 94, 22464, 23028, 397.14, 76
2026/09/21 08:04:29.426, 100, 22464, 23028, 401.12, 75
2026/09/21 08:04:30.426, 95, 22464, 23028, 396.63, 74
2026/09/21 08:04:31.427, 100, 22464, 23028, 397.31, 76
2026/09/21 08:04:32.427, 96, 22464, 23028, 397.58, 76
2026/09/21 08:04:33.427, 100, 22464, 23028, 398.05, 74
2026/09/21 08:04:34.428, 96, 22464, 23028, 394.32, 76
2026/09/21 08:04:35.429, 100, 22464, 23028, 396.39, 74
2026/09/21 08:04:36.429, 88, 22464, 23028, 392.43, 75
2026/09/21 08:04:37.429, 100, 22464, 23028, 400.18, 76
2026/09/21 08:04:38.430, 100, 22464, 23028, 399.50, 75
2026/09/21 08:04:39.430, 100, 22464, 23028, 399.59, 75
2026/09/21 08:04:40.431, 94, 22464, 23028, 392.48, 75
2026/09/21 08:04:41.431, 100, 22464, 23028, 396.78, 76
2026/09/21 08:04:42.431, 89, 22464, 23028, 395.32, 75
2026/09/21 08:04:43.438, 100, 22464, 23028, 394.14, 74
2026/09/21 08:04:44.438, 100, 22464, 23028, 395.78, 74
2026/09/21 08:04:45.438, 100, 22464, 23028, 395.08, 74
2026/09/21 08:04:46.440, 100, 22464, 23028, 395.57, 74
2026/09/21 08:04:47.440, 100, 22464, 23028, 394.68, 75
2026/09/21 08:04:48.440, 100, 22464, 23028, 394.50, 74
2026/09/21 08:04:49.441, 100, 22464, 23028, 393.99, 74
2026/09/21 08:04:50.441, 100, 22464, 23028, 397.47, 75
2026/09/21 08:04:51.441, 100, 22464, 23028, 392.62, 76
2026/09/21 08:04:52.442, 100, 22464, 23028, 399.51, 75
2026/09/21 08:04:53.442, 100, 22464, 23028, 369.25, 73
2026/09/21 08:04:54.443, 100, 22464, 23028, 396.44, 74
2026/09/21 08:04:55.448, 93, 22464, 23028, 393.56, 76
2026/09/21 08:04:56.448, 100, 22496, 23028, 374.93, 75
2026/09/21 08:04:57.449, 100, 22496, 23028, 375.82, 74
2026/09/21 08:04:58.449, 86, 22496, 23028, 344.45, 71
2026/09/21 08:04:59.449, 90, 22496, 23028, 327.35, 71
2026/09/21 08:05:00.449, 82, 22496, 23028, 324.61, 71
2026/09/21 08:05:01.450, 84, 22496, 23028, 323.02, 70
2026/09/21 08:05:02.450, 73, 22496, 23028, 325.82, 71
2026/09/21 08:05:03.450, 0, 22496, 23028, 279.17, 63
2026/09/21 08:05:04.450, 100, 22496, 23028, 200.43, 73
2026/09/21 08:05:05.451, 100, 22496, 23028, 450.40, 74
2026/09/21 08:05:06.451, 100, 22496, 23028, 449.38, 74
2026/09/21 08:05:07.452, 91, 22496, 23028, 440.86, 73
2026/09/21 08:05:08.452, 100, 22496, 23028, 434.01, 75
2026/09/21 08:05:09.452, 100, 22496, 23028, 439.79, 75
2026/09/21 08:05:10.453, 100, 22496, 23028, 437.89, 75
2026/09/21 08:05:11.453, 100, 22496, 23028, 434.10, 75
2026/09/21 08:05:12.453, 100, 22496, 23028, 431.14, 75
2026/09/21 08:05:13.454, 100, 22496, 23028, 430.24, 76
2026/09/21 08:05:14.454, 100, 22496, 23028, 428.31, 76
2026/09/21 08:05:15.455, 100, 22496, 23028, 425.40, 76
2026/09/21 08:05:16.455, 100, 22496, 23028, 425.04, 76
2026/09/21 08:05:17.455, 100, 22496, 23028, 423.89, 75
2026/09/21 08:05:18.456, 100, 22496, 23028, 422.36, 74
2026/09/21 08:05:19.456, 48, 22496, 23028, 402.42, 75
2026/09/21 08:05:20.456, 100, 22496, 23028, 386.36, 75
2026/09/21 08:05:21.457, 100, 22496, 23028, 416.06, 76
2026/09/21 08:05:22.457, 100, 22496, 23028, 411.06, 75
2026/09/21 08:05:23.457, 100, 22496, 23028, 415.22, 76
2026/09/21 08:05:24.458, 100, 22496, 23028, 415.97, 76
2026/09/21 08:05:25.458, 100, 22496, 23028, 415.45, 74
2026/09/21 08:05:26.459, 100, 22496, 23028, 411.50, 76
2026/09/21 08:05:27.459, 100, 22496, 23028, 412.47, 74
2026/09/21 08:05:28.459, 100, 22496, 23028, 408.87, 74
2026/09/21 08:05:29.460, 88, 22496, 23028, 404.91, 75
2026/09/21 08:05:30.460, 100, 22496, 23028, 406.58, 76
2026/09/21 08:05:31.460, 100, 22496, 23028, 402.83, 75
2026/09/21 08:05:32.461, 100, 22496, 23028, 406.28, 75
2026/09/21 08:05:33.461, 100, 22496, 23028, 407.45, 75
2026/09/21 08:05:34.461, 100, 22496, 23028, 404.62, 76
2026/09/21 08:05:35.461, 100, 22496, 23028, 406.38, 76
2026/09/21 08:05:36.462, 100, 22496, 23028, 406.90, 76
2026/09/21 08:05:37.462, 100, 22496, 23028, 408.31, 74
2026/09/21 08:05:38.463, 100, 22496, 23028, 402.78, 75
2026/09/21 08:05:39.463, 100, 22496, 23028, 401.55, 76
2026/09/21 08:05:40.463, 100, 22496, 23028, 404.27, 76
2026/09/21 08:05:41.464, 100, 22496, 23028, 376.04, 76
2026/09/21 08:05:42.464, 91, 22496, 23028, 404.56, 75
2026/09/21 08:05:43.464, 100, 22496, 23028, 403.84, 75
2026/09/21 08:05:44.465, 100, 22496, 23028, 400.62, 75
2026/09/21 08:05:45.465, 100, 22496, 23028, 403.60, 76
2026/09/21 08:05:46.466, 100, 22496, 23028, 403.83, 75
2026/09/21 08:05:47.466, 100, 22496, 23028, 401.60, 74
2026/09/21 08:05:48.466, 100, 22496, 23028, 401.79, 75
2026/09/21 08:05:49.467, 100, 22496, 23028, 398.91, 74
2026/09/21 08:05:50.467, 96, 22496, 23028, 400.03, 75
2026/09/21 08:05:51.467, 100, 22496, 23028, 399.65, 76
2026/09/21 08:05:52.468, 100, 22496, 23028, 397.96, 76
2026/09/21 08:05:53.468, 100, 22496, 23028, 402.83, 75
2026/09/21 08:05:54.468, 100, 22496, 23028, 399.26, 75
2026/09/21 08:05:55.468, 94, 22496, 23028, 399.71, 73
2026/09/21 08:05:56.469, 100, 22496, 23028, 398.70, 76
2026/09/21 08:05:57.469, 100, 22496, 23028, 398.96, 75
2026/09/21 08:05:58.469, 100, 22496, 23028, 400.36, 74
2026/09/21 08:05:59.470, 100, 22496, 23028, 397.91, 76
2026/09/21 08:06:00.470, 100, 22496, 23028, 403.91, 74
2026/09/21 08:06:01.470, 100, 22496, 23028, 395.78, 76
2026/09/21 08:06:02.471, 94, 22496, 23028, 400.32, 75
2026/09/21 08:06:03.471, 100, 22496, 23028, 397.83, 75
2026/09/21 08:06:04.471, 100, 22496, 23028, 395.61, 75
2026/09/21 08:06:05.472, 100, 22496, 23028, 401.68, 74
2026/09/21 08:06:06.472, 100, 22496, 23028, 398.89, 74
2026/09/21 08:06:07.472, 100, 22496, 23028, 401.65, 74
2026/09/21 08:06:08.472, 100, 22496, 23028, 376.96, 76
2026/09/21 08:06:09.473, 100, 22496, 23028, 403.89, 75
2026/09/21 08:06:10.474, 100, 22496, 23028, 397.59, 75
2026/09/21 08:06:11.474, 100, 22496, 23028, 401.58, 75
2026/09/21 08:06:12.474, 100, 22496, 23028, 398.93, 75
2026/09/21 08:06:13.475, 100, 22496, 23028, 400.15, 75
2026/09/21 08:06:14.475, 100, 22496, 23028, 394.38, 76
2026/09/21 08:06:15.476, 100, 22496, 23028, 400.23, 75
2026/09/21 08:06:16.476, 100, 22496, 23028, 399.60, 74
2026/09/21 08:06:17.476, 100, 22496, 23028, 397.22, 76
2026/09/21 08:06:18.477, 100, 22496, 23028, 400.80, 74
2026/09/21 08:06:19.477, 100, 22496, 23028, 397.61, 76
2026/09/21 08:06:20.478, 100, 22496, 23028, 399.41, 74
2026/09/21 08:06:21.478, 100, 22496, 23028, 397.51, 75
2026/09/21 08:06:22.478, 100, 22496, 23028, 397.23, 76
2026/09/21 08:06:23.478, 100, 22496, 23028, 398.41, 74
2026/09/21 08:06:24.479, 100, 22496, 23028, 394.79, 75
2026/09/21 08:06:25.480, 100, 22496, 23028, 399.87, 75
2026/09/21 08:06:26.481, 100, 22496, 23028, 396.12, 76
2026/09/21 08:06:27.481, 100, 22496, 23028, 396.46, 76
2026/09/21 08:06:28.482, 100, 22496, 23028, 395.29, 74
2026/09/21 08:06:29.482, 100, 22496, 23028, 396.08, 76
2026/09/21 08:06:30.482, 100, 22496, 23028, 395.17, 74
2026/09/21 08:06:31.482, 100, 22496, 23028, 397.61, 76
2026/09/21 08:06:32.483, 100, 22496, 23028, 395.59, 75
2026/09/21 08:06:33.483, 100, 22496, 23028, 396.87, 76
2026/09/21 08:06:34.483, 99, 22496, 23028, 396.91, 75
2026/09/21 08:06:35.484, 100, 22496, 23028, 397.12, 75
2026/09/21 08:06:36.484, 100, 22496, 23028, 400.59, 74
2026/09/21 08:06:37.484, 100, 22496, 23028, 372.02, 75
2026/09/21 08:06:38.484, 100, 22496, 23028, 396.75, 76
2026/09/21 08:06:39.485, 100, 22496, 23028, 373.04, 76
2026/09/21 08:06:40.485, 98, 22496, 23028, 397.14, 75
2026/09/21 08:06:41.485, 85, 22496, 23028, 342.71, 71
2026/09/21 08:06:42.485, 78, 22496, 23028, 317.97, 71
2026/09/21 08:06:43.486, 87, 22496, 23028, 323.85, 70
2026/09/21 08:06:44.486, 83, 22496, 23028, 325.49, 70
2026/09/21 08:06:45.486, 89, 22496, 23028, 328.32, 71
2026/09/21 08:06:46.487, 85, 22496, 23028, 329.42, 71
2026/09/21 08:06:47.487, 0, 22496, 23028, 178.69, 62
2026/09/21 08:06:48.487, 0, 22496, 23028, 108.53, 61
2026/09/21 08:06:49.487, 0, 22496, 23028, 79.75, 60
2026/09/21 08:06:50.488, 0, 22496, 23028, 72.79, 59
2026/09/21 08:06:51.488, 0, 22496, 23028, 65.96, 59
2026/09/21 08:06:52.488, 0, 22496, 23028, 65.84, 58
2026/09/21 08:06:53.489, 100, 22496, 23028, 133.36, 70
2026/09/21 08:06:54.489, 100, 22496, 23028, 451.27, 71
2026/09/21 08:06:55.489, 100, 22496, 23028, 448.69, 71
2026/09/21 08:06:56.489, 87, 22496, 23028, 439.74, 73
2026/09/21 08:06:57.490, 100, 22496, 23028, 440.19, 72
2026/09/21 08:06:58.490, 100, 22496, 23028, 440.52, 73
2026/09/21 08:06:59.490, 100, 22496, 23028, 438.90, 73
2026/09/21 08:07:00.491, 100, 22496, 23028, 434.96, 73
2026/09/21 08:07:01.491, 100, 22496, 23028, 427.95, 73
2026/09/21 08:07:02.491, 100, 22496, 23028, 428.44, 73
2026/09/21 08:07:03.491, 100, 22496, 23028, 428.75, 72
2026/09/21 08:07:04.492, 100, 22496, 23028, 426.83, 73
2026/09/21 08:07:05.492, 100, 22496, 23028, 425.11, 73
2026/09/21 08:07:06.492, 100, 22496, 23028, 424.31, 73
2026/09/21 08:07:07.492, 100, 22496, 23028, 421.34, 74
2026/09/21 08:07:08.493, 45, 22496, 23028, 401.90, 64
2026/09/21 08:07:09.493, 100, 22496, 23028, 394.28, 74
2026/09/21 08:07:10.493, 100, 22496, 23028, 416.64, 73
2026/09/21 08:07:11.493, 100, 22496, 23028, 412.42, 74
2026/09/21 08:07:12.495, 100, 22496, 23028, 415.50, 73
2026/09/21 08:07:13.495, 100, 22496, 23028, 414.73, 73
2026/09/21 08:07:14.495, 96, 22496, 23028, 413.56, 74
2026/09/21 08:07:15.496, 100, 22496, 23028, 410.48, 75
2026/09/21 08:07:16.496, 100, 22496, 23028, 411.54, 73
2026/09/21 08:07:17.496, 100, 22496, 23028, 411.22, 74
2026/09/21 08:07:18.497, 100, 22496, 23028, 409.39, 74
2026/09/21 08:07:19.497, 100, 22496, 23028, 411.94, 75
2026/09/21 08:07:20.497, 100, 22496, 23028, 409.50, 75
2026/09/21 08:07:21.497, 100, 22496, 23028, 408.04, 73
2026/09/21 08:07:22.498, 95, 22496, 23028, 404.96, 75
2026/09/21 08:07:23.498, 100, 22496, 23028, 408.23, 74
2026/09/21 08:07:24.498, 100, 22496, 23028, 404.55, 75
2026/09/21 08:07:25.499, 100, 22496, 23028, 405.21, 74
2026/09/21 08:07:26.500, 100, 22496, 23028, 407.06, 74
2026/09/21 08:07:27.500, 100, 22496, 23028, 404.54, 75
2026/09/21 08:07:28.500, 100, 22496, 23028, 406.27, 74
2026/09/21 08:07:29.501, 100, 22496, 23028, 402.58, 74
2026/09/21 08:07:30.501, 100, 22496, 23028, 379.73, 74
2026/09/21 08:07:31.501, 100, 22496, 23028, 404.14, 73
2026/09/21 08:07:32.502, 100, 22496, 23028, 404.18, 74
2026/09/21 08:07:33.502, 100, 22496, 23028, 402.62, 74
2026/09/21 08:07:34.502, 100, 22496, 23028, 401.19, 74
2026/09/21 08:07:35.502, 100, 22496, 23028, 405.14, 75
2026/09/21 08:07:36.503, 100, 22496, 23028, 402.11, 74
2026/09/21 08:07:37.503, 100, 22496, 23028, 401.73, 73
2026/09/21 08:07:38.503, 100, 22496, 23028, 403.78, 74
2026/09/21 08:07:39.504, 100, 22496, 23028, 397.99, 75
2026/09/21 08:07:40.504, 100, 22496, 23028, 401.34, 75
2026/09/21 08:07:41.504, 100, 22496, 23028, 400.80, 74
2026/09/21 08:07:42.504, 99, 22496, 23028, 403.62, 75
2026/09/21 08:07:43.505, 100, 22496, 23028, 404.16, 74
2026/09/21 08:07:44.505, 100, 22496, 23028, 399.73, 74
2026/09/21 08:07:45.505, 100, 22496, 23028, 399.03, 76
2026/09/21 08:07:46.505, 100, 22496, 23028, 399.10, 75
2026/09/21 08:07:47.506, 100, 22496, 23028, 407.10, 74
2026/09/21 08:07:48.506, 100, 22496, 23028, 396.57, 74
2026/09/21 08:07:49.506, 94, 22496, 23028, 397.52, 74
2026/09/21 08:07:50.506, 100, 22496, 23028, 398.43, 75
2026/09/21 08:07:51.507, 100, 22496, 23028, 396.98, 75
2026/09/21 08:07:52.507, 100, 22496, 23028, 400.45, 76
2026/09/21 08:07:53.507, 100, 22496, 23028, 398.72, 74
2026/09/21 08:07:54.507, 100, 22496, 23028, 399.67, 74
2026/09/21 08:07:55.508, 100, 22496, 23028, 395.54, 75
2026/09/21 08:07:56.508, 100, 22496, 23028, 402.41, 74
2026/09/21 08:07:57.509, 100, 22496, 23028, 370.41, 75
2026/09/21 08:07:58.509, 100, 22496, 23028, 402.04, 76
2026/09/21 08:07:59.509, 100, 22496, 23028, 398.25, 75
2026/09/21 08:08:00.510, 100, 22496, 23028, 400.65, 75
2026/09/21 08:08:01.510, 100, 22496, 23028, 397.75, 75
2026/09/21 08:08:02.510, 100, 22496, 23028, 400.44, 74
2026/09/21 08:08:03.510, 100, 22496, 23028, 393.53, 75
2026/09/21 08:08:04.511, 100, 22496, 23028, 398.98, 75
2026/09/21 08:08:05.511, 100, 22496, 23028, 398.85, 74
2026/09/21 08:08:06.511, 100, 22496, 23028, 395.46, 75
2026/09/21 08:08:07.545, 100, 22496, 23028, 396.65, 74
2026/09/21 08:08:08.545, 100, 22496, 23028, 396.49, 75
2026/09/21 08:08:09.549, 100, 22496, 23028, 399.11, 74
2026/09/21 08:08:10.549, 100, 22496, 23028, 397.92, 74
2026/09/21 08:08:11.551, 100, 22496, 23028, 394.55, 76
2026/09/21 08:08:12.551, 100, 22496, 23028, 397.97, 75
2026/09/21 08:08:13.551, 100, 22496, 23028, 396.94, 74
2026/09/21 08:08:14.551, 100, 22496, 23028, 399.14, 74
2026/09/21 08:08:15.552, 100, 22496, 23028, 396.47, 75
2026/09/21 08:08:16.552, 100, 22496, 23028, 400.61, 75
2026/09/21 08:08:17.552, 100, 22496, 23028, 395.98, 76
2026/09/21 08:08:18.552, 100, 22496, 23028, 397.55, 76
2026/09/21 08:08:19.553, 100, 22496, 23028, 396.27, 76
2026/09/21 08:08:20.553, 100, 22496, 23028, 396.16, 75
2026/09/21 08:08:21.553, 100, 22496, 23028, 397.35, 76
2026/09/21 08:08:22.553, 100, 22496, 23028, 399.83, 75
2026/09/21 08:08:23.554, 100, 22496, 23028, 399.64, 75
2026/09/21 08:08:24.554, 100, 22496, 23028, 401.96, 74
2026/09/21 08:08:25.554, 91, 22496, 23028, 389.99, 67
2026/09/21 08:08:26.554, 100, 22496, 23028, 367.23, 76
2026/09/21 08:08:27.555, 100, 22496, 23028, 398.23, 75
2026/09/21 08:08:28.555, 100, 22496, 23028, 364.90, 75
2026/09/21 08:08:29.555, 42, 22496, 23028, 369.20, 73
2026/09/21 08:08:30.555, 69, 22496, 23028, 351.87, 69
2026/09/21 08:08:31.556, 83, 22496, 23028, 318.29, 71
2026/09/21 08:08:32.556, 75, 22496, 23028, 315.42, 71
2026/09/21 08:08:33.556, 71, 22496, 23028, 314.45, 68
2026/09/21 08:08:34.556, 85, 22496, 23028, 319.05, 71
2026/09/21 08:08:35.557, 84, 22496, 23028, 324.86, 71
2026/09/21 08:08:36.557, 0, 22496, 23028, 156.89, 61
2026/09/21 08:08:37.557, 100, 22496, 23028, 401.46, 73
2026/09/21 08:08:38.557, 100, 22496, 23028, 444.03, 73
2026/09/21 08:08:39.558, 100, 22496, 23028, 444.68, 73
2026/09/21 08:08:40.558, 100, 22496, 23028, 443.70, 75
2026/09/21 08:08:41.558, 100, 22496, 23028, 443.31, 74
2026/09/21 08:08:42.558, 97, 22496, 23028, 436.08, 74
2026/09/21 08:08:43.559, 95, 22496, 23028, 435.70, 74
2026/09/21 08:08:44.559, 100, 22496, 23028, 433.26, 76
2026/09/21 08:08:45.559, 100, 22496, 23028, 437.80, 74
2026/09/21 08:08:46.559, 100, 22496, 23028, 430.54, 76
2026/09/21 08:08:47.560, 95, 22496, 23028, 425.61, 74
2026/09/21 08:08:48.561, 90, 22496, 23028, 421.78, 74
2026/09/21 08:08:49.561, 100, 22496, 23028, 422.36, 73
2026/09/21 08:08:50.561, 100, 22496, 23028, 423.99, 74
2026/09/21 08:08:51.561, 100, 22496, 23028, 417.45, 74
2026/09/21 08:08:52.562, 100, 22496, 23028, 393.52, 76
2026/09/21 08:08:53.562, 100, 22496, 23028, 416.16, 76
2026/09/21 08:08:54.562, 100, 22496, 23028, 415.06, 75
2026/09/21 08:08:55.563, 100, 22496, 23028, 415.76, 74
2026/09/21 08:08:56.563, 100, 22496, 23028, 416.60, 75
2026/09/21 08:08:57.563, 100, 22496, 23028, 412.61, 75
2026/09/21 08:08:58.563, 100, 22496, 23028, 411.45, 74
2026/09/21 08:08:59.564, 100, 22496, 23028, 408.96, 76
2026/09/21 08:09:00.564, 95, 22496, 23028, 409.30, 76
2026/09/21 08:09:01.564, 100, 22496, 23028, 411.57, 74
2026/09/21 08:09:02.564, 100, 22496, 23028, 407.56, 74
2026/09/21 08:09:03.565, 100, 22496, 23028, 406.17, 74
2026/09/21 08:09:04.565, 97, 22496, 23028, 406.13, 76
2026/09/21 08:09:05.566, 100, 22496, 23028, 408.16, 76
2026/09/21 08:09:06.566, 100, 22496, 23028, 405.95, 76
2026/09/21 08:09:07.566, 100, 22496, 23028, 405.97, 75
2026/09/21 08:09:08.566, 100, 22496, 23028, 406.66, 75
2026/09/21 08:09:09.567, 100, 22496, 23028, 404.92, 75
2026/09/21 08:09:10.567, 100, 22496, 23028, 404.30, 74
2026/09/21 08:09:11.567, 94, 22496, 23028, 401.57, 75
2026/09/21 08:09:12.568, 100, 22496, 23028, 401.60, 76
2026/09/21 08:09:13.568, 100, 22496, 23028, 382.30, 75
2026/09/21 08:09:14.568, 100, 22496, 23028, 407.19, 75
2026/09/21 08:09:15.568, 100, 22496, 23028, 398.73, 76
2026/09/21 08:09:16.569, 100, 22496, 23028, 401.38, 75
2026/09/21 08:09:17.569, 100, 22496, 23028, 406.61, 74
2026/09/21 08:09:18.569, 100, 22496, 23028, 401.84, 74
2026/09/21 08:09:19.570, 100, 22496, 23028, 400.22, 76
2026/09/21 08:09:20.570, 100, 22496, 23028, 406.27, 74
2026/09/21 08:09:21.570, 100, 22496, 23028, 397.71, 76
2026/09/21 08:09:22.570, 98, 22496, 23028, 401.77, 75
2026/09/21 08:09:23.571, 100, 22496, 23028, 402.58, 75
2026/09/21 08:09:24.571, 100, 22496, 23028, 394.18, 75
2026/09/21 08:09:25.572, 100, 22496, 23028, 403.56, 76
2026/09/21 08:09:26.572, 100, 22496, 23028, 398.74, 76
2026/09/21 08:09:27.572, 100, 22496, 23028, 403.56, 75
2026/09/21 08:09:28.572, 100, 22496, 23028, 399.39, 75
2026/09/21 08:09:29.573, 100, 22496, 23028, 400.48, 75
2026/09/21 08:09:30.573, 100, 22496, 23028, 399.56, 76
2026/09/21 08:09:31.573, 100, 22496, 23028, 399.06, 76
2026/09/21 08:09:32.574, 100, 22496, 23028, 400.67, 74
2026/09/21 08:09:33.574, 100, 22496, 23028, 396.34, 76
2026/09/21 08:09:34.574, 100, 22496, 23028, 401.39, 75
2026/09/21 08:09:35.575, 100, 22496, 23028, 399.58, 75
2026/09/21 08:09:36.575, 93, 22496, 23028, 396.83, 72
2026/09/21 08:09:37.575, 100, 22496, 23028, 398.35, 75
2026/09/21 08:09:38.575, 100, 22496, 23028, 396.80, 75
2026/09/21 08:09:39.576, 100, 22496, 23028, 399.35, 74
2026/09/21 08:09:40.576, 100, 22496, 23028, 368.92, 75
2026/09/21 08:09:41.576, 100, 22496, 23028, 404.96, 75
2026/09/21 08:09:42.576, 100, 22496, 23028, 395.65, 75
2026/09/21 08:09:43.577, 100, 22496, 23028, 401.55, 74
2026/09/21 08:09:44.577, 100, 22496, 23028, 396.05, 74
2026/09/21 08:09:45.578, 100, 22496, 23028, 396.19, 76
2026/09/21 08:09:46.578, 100, 22496, 23028, 396.64, 75
2026/09/21 08:09:47.578, 100, 22496, 23028, 401.79, 74
2026/09/21 08:09:48.578, 100, 22496, 23028, 392.09, 74
2026/09/21 08:09:49.579, 100, 22496, 23028, 400.78, 75
2026/09/21 08:09:50.579, 100, 22496, 23028, 397.13, 74
2026/09/21 08:09:51.579, 100, 22496, 23028, 395.35, 75
2026/09/21 08:09:52.580, 100, 22496, 23028, 394.71, 74
2026/09/21 08:09:53.580, 100, 22496, 23028, 398.77, 75
2026/09/21 08:09:54.580, 100, 22496, 23028, 394.51, 76
2026/09/21 08:09:55.581, 100, 22496, 23028, 398.91, 75
2026/09/21 08:09:56.581, 100, 22496, 23028, 397.36, 75
2026/09/21 08:09:57.581, 100, 22496, 23028, 398.64, 75
2026/09/21 08:09:58.582, 100, 22496, 23028, 395.19, 76
2026/09/21 08:09:59.582, 100, 22496, 23028, 398.60, 76
2026/09/21 08:10:00.582, 100, 22496, 23028, 392.54, 76
2026/09/21 08:10:01.583, 100, 22496, 23028, 396.24, 76
2026/09/21 08:10:02.583, 100, 22496, 23028, 396.15, 75
2026/09/21 08:10:03.583, 100, 22496, 23028, 399.40, 76
2026/09/21 08:10:04.583, 98, 22496, 23028, 397.46, 76
2026/09/21 08:10:05.584, 100, 22496, 23028, 397.29, 76
2026/09/21 08:10:06.584, 100, 22496, 23028, 398.78, 75
2026/09/21 08:10:07.585, 100, 22496, 23028, 395.55, 75
2026/09/21 08:10:08.585, 100, 22496, 23028, 394.51, 76
2026/09/21 08:10:09.585, 100, 22496, 23028, 369.82, 74
2026/09/21 08:10:10.586, 100, 22496, 23028, 394.85, 76
2026/09/21 08:10:11.586, 100, 22496, 23028, 371.93, 75
2026/09/21 08:10:12.586, 100, 22496, 23028, 399.58, 75
2026/09/21 08:10:13.587, 85, 22496, 23028, 355.67, 72
2026/09/21 08:10:14.587, 76, 22496, 23028, 320.13, 71
2026/09/21 08:10:15.587, 82, 22496, 23028, 315.26, 71
2026/09/21 08:10:16.587, 70, 22496, 23028, 302.02, 68
2026/09/21 08:10:17.588, 62, 22496, 23028, 285.52, 66
2026/09/21 08:10:18.588, 75, 22496, 23028, 296.37, 67
2026/09/21 08:10:19.588, 18, 22496, 23028, 297.06, 67
2026/09/21 08:10:20.589, 0, 22496, 23028, 107.03, 61
2026/09/21 08:10:21.589, 100, 22496, 23028, 402.20, 73
2026/09/21 08:10:22.589, 100, 22496, 23028, 446.40, 73
2026/09/21 08:10:23.589, 100, 22496, 23028, 443.33, 75
2026/09/21 08:10:24.590, 100, 22496, 23028, 443.97, 74
2026/09/21 08:10:25.590, 100, 22496, 23028, 442.73, 75
2026/09/21 08:10:26.590, 94, 22496, 23028, 436.48, 74
2026/09/21 08:10:27.591, 95, 22496, 23028, 435.71, 74
2026/09/21 08:10:28.591, 100, 22496, 23028, 430.68, 74
2026/09/21 08:10:29.591, 100, 22496, 23028, 427.30, 75
2026/09/21 08:10:30.593, 99, 22496, 23028, 424.85, 75
2026/09/21 08:10:31.593, 94, 22496, 23028, 430.05, 72
2026/09/21 08:10:32.593, 91, 22496, 23028, 421.08, 75
2026/09/21 08:10:33.594, 100, 22496, 23028, 423.80, 75
2026/09/21 08:10:34.594, 100, 22496, 23028, 421.83, 74
2026/09/21 08:10:35.594, 100, 22496, 23028, 417.76, 76
2026/09/21 08:10:36.594, 100, 22496, 23028, 389.91, 75
2026/09/21 08:10:37.595, 100, 22496, 23028, 417.34, 74
2026/09/21 08:10:38.595, 100, 22496, 23028, 414.89, 75
2026/09/21 08:10:39.595, 96, 22496, 23028, 411.00, 75
2026/09/21 08:10:40.596, 100, 22496, 23028, 415.02, 75
2026/09/21 08:10:41.596, 100, 22496, 23028, 413.33, 74
2026/09/21 08:10:42.596, 100, 22496, 23028, 409.52, 76
2026/09/21 08:10:43.596, 100, 22496, 23028, 410.46, 74
2026/09/21 08:10:44.597, 92, 22496, 23028, 409.70, 75
2026/09/21 08:10:45.597, 100, 22496, 23028, 408.24, 74
2026/09/21 08:10:46.597, 100, 22496, 23028, 408.76, 75
2026/09/21 08:10:47.597, 100, 22496, 23028, 408.80, 76
2026/09/21 08:10:48.598, 90, 22496, 23028, 407.17, 74
2026/09/21 08:10:49.598, 100, 22496, 23028, 408.86, 74
2026/09/21 08:10:50.598, 100, 22496, 23028, 405.88, 76
2026/09/21 08:10:51.599, 100, 22496, 23028, 404.50, 76
2026/09/21 08:10:52.599, 100, 22496, 23028, 409.45, 75
2026/09/21 08:10:53.599, 100, 22496, 23028, 403.67, 74
2026/09/21 08:10:54.599, 100, 22496, 23028, 402.95, 75
2026/09/21 08:10:55.600, 100, 22496, 23028, 408.35, 74
2026/09/21 08:10:56.600, 100, 22496, 23028, 402.61, 76
2026/09/21 08:10:57.600, 100, 22496, 23028, 382.20, 74
2026/09/21 08:10:58.601, 100, 22496, 23028, 405.91, 74
2026/09/21 08:10:59.601, 100, 22496, 23028, 402.69, 74
2026/09/21 08:11:00.601, 100, 22496, 23028, 402.62, 75
2026/09/21 08:11:01.601, 100, 22496, 23028, 401.93, 75
2026/09/21 08:11:02.602, 100, 22496, 23028, 401.53, 75
2026/09/21 08:11:03.602, 92, 22496, 23028, 400.09, 75
2026/09/21 08:11:04.602, 100, 22496, 23028, 399.42, 76
2026/09/21 08:11:05.602, 100, 22496, 23028, 403.14, 76
2026/09/21 08:11:06.602, 100, 22496, 23028, 401.59, 76
2026/09/21 08:11:07.603, 100, 22496, 23028, 400.39, 74
2026/09/21 08:11:08.603, 100, 22496, 23028, 399.18, 75
2026/09/21 08:11:09.603, 100, 22496, 23028, 404.17, 75
2026/09/21 08:11:10.604, 100, 22496, 23028, 400.61, 75
2026/09/21 08:11:11.604, 100, 22496, 23028, 405.87, 74
2026/09/21 08:11:12.604, 100, 22496, 23028, 399.30, 74
2026/09/21 08:11:13.604, 97, 22496, 23028, 399.83, 74
2026/09/21 08:11:14.605, 100, 22496, 23028, 399.51, 76
2026/09/21 08:11:15.605, 100, 22496, 23028, 399.95, 76
2026/09/21 08:11:16.605, 100, 22496, 23028, 401.23, 76
2026/09/21 08:11:17.606, 100, 22496, 23028, 396.28, 76
2026/09/21 08:11:18.606, 100, 22496, 23028, 400.04, 76
2026/09/21 08:11:19.606, 100, 22496, 23028, 399.80, 75
2026/09/21 08:11:20.607, 100, 22496, 23028, 400.14, 75
2026/09/21 08:11:21.607, 100, 22496, 23028, 397.81, 76
2026/09/21 08:11:22.607, 91, 22496, 23028, 399.04, 74
2026/09/21 08:11:23.608, 100, 22496, 23028, 398.64, 74
2026/09/21 08:11:24.608, 59, 22496, 23028, 368.08, 74
2026/09/21 08:11:25.608, 100, 22496, 23028, 394.56, 74
2026/09/21 08:11:26.608, 100, 22496, 23028, 396.78, 75
2026/09/21 08:11:27.609, 100, 22496, 23028, 400.17, 75
2026/09/21 08:11:28.609, 100, 22496, 23028, 393.69, 75
2026/09/21 08:11:29.609, 100, 22496, 23028, 397.06, 76
2026/09/21 08:11:30.609, 100, 22496, 23028, 397.51, 75
2026/09/21 08:11:31.610, 100, 22496, 23028, 399.41, 75
2026/09/21 08:11:32.610, 100, 22496, 23028, 391.55, 76
2026/09/21 08:11:33.610, 100, 22496, 23028, 402.00, 74
2026/09/21 08:11:34.610, 100, 22496, 23028, 392.76, 76
2026/09/21 08:11:35.611, 100, 22496, 23028, 402.80, 74
2026/09/21 08:11:36.611, 100, 22496, 23028, 394.40, 76
2026/09/21 08:11:37.611, 100, 22496, 23028, 400.07, 75
2026/09/21 08:11:38.611, 100, 22496, 23028, 393.43, 75
2026/09/21 08:11:39.612, 100, 22496, 23028, 398.80, 76
2026/09/21 08:11:40.612, 100, 22496, 23028, 395.35, 75
2026/09/21 08:11:41.612, 100, 22496, 23028, 397.45, 74
2026/09/21 08:11:42.613, 100, 22496, 23028, 393.58, 75
2026/09/21 08:11:43.613, 100, 22496, 23028, 400.12, 74
2026/09/21 08:11:44.613, 96, 22496, 23028, 394.17, 75
2026/09/21 08:11:45.614, 100, 22496, 23028, 396.61, 75
2026/09/21 08:11:46.614, 98, 22496, 23028, 399.05, 74
2026/09/21 08:11:47.614, 100, 22496, 23028, 396.11, 75
2026/09/21 08:11:48.615, 100, 22496, 23028, 402.03, 75
2026/09/21 08:11:49.615, 100, 22496, 23028, 396.96, 75
2026/09/21 08:11:50.615, 100, 22496, 23028, 395.29, 76
2026/09/21 08:11:51.615, 100, 22496, 23028, 392.90, 76
2026/09/21 08:11:52.616, 100, 22496, 23028, 395.93, 75
2026/09/21 08:11:53.616, 100, 22496, 23028, 354.95, 74
2026/09/21 08:11:54.616, 100, 22496, 23028, 397.63, 76
2026/09/21 08:11:55.616, 39, 22496, 23028, 375.86, 74
2026/09/21 08:11:56.617, 100, 22496, 23028, 378.61, 75
2026/09/21 08:11:57.617, 86, 22496, 23028, 378.55, 71
2026/09/21 08:11:58.617, 79, 22496, 23028, 323.86, 69
2026/09/21 08:11:59.618, 83, 22496, 23028, 327.60, 70
2026/09/21 08:12:00.618, 89, 22496, 23028, 328.40, 71
2026/09/21 08:12:01.618, 83, 22496, 23028, 329.34, 72
2026/09/21 08:12:02.618, 84, 22496, 23028, 325.94, 71
2026/09/21 08:12:03.619, 0, 22496, 23028, 239.56, 62
2026/09/21 08:12:04.619, 100, 22496, 23028, 177.76, 73
2026/09/21 08:12:05.619, 100, 22496, 23028, 451.30, 74
2026/09/21 08:12:06.619, 100, 22496, 23028, 449.50, 75
2026/09/21 08:12:07.620, 88, 22496, 23028, 444.25, 75
2026/09/21 08:12:08.620, 100, 22496, 23028, 438.68, 75
2026/09/21 08:12:09.620, 100, 22496, 23028, 441.31, 75
2026/09/21 08:12:10.620, 100, 22496, 23028, 437.80, 75
2026/09/21 08:12:11.621, 100, 22496, 23028, 431.27, 74
2026/09/21 08:12:12.621, 100, 22496, 23028, 429.63, 74
2026/09/21 08:12:13.621, 100, 22496, 23028, 428.90, 74
2026/09/21 08:12:14.621, 100, 22496, 23028, 426.17, 76
2026/09/21 08:12:15.621, 100, 22496, 23028, 424.27, 75
2026/09/21 08:12:16.622, 100, 22496, 23028, 420.96, 76
2026/09/21 08:12:17.622, 100, 22496, 23028, 419.77, 76
2026/09/21 08:12:18.622, 100, 22496, 23028, 418.09, 76
2026/09/21 08:12:19.622, 85, 22496, 23028, 415.13, 67
2026/09/21 08:12:20.623, 100, 22496, 23028, 372.08, 74
2026/09/21 08:12:21.623, 100, 22496, 23028, 414.61, 75
2026/09/21 08:12:22.623, 100, 22496, 23028, 411.95, 74
2026/09/21 08:12:23.624, 100, 22496, 23028, 413.60, 74
2026/09/21 08:12:24.624, 95, 22496, 23028, 411.60, 74
2026/09/21 08:12:25.624, 100, 22496, 23028, 414.48, 75
2026/09/21 08:12:26.624, 100, 22496, 23028, 408.49, 76
2026/09/21 08:12:27.625, 100, 22496, 23028, 407.62, 74
2026/09/21 08:12:28.625, 100, 22496, 23028, 402.06, 75
2026/09/21 08:12:29.625, 100, 22496, 23028, 411.67, 72
2026/09/21 08:12:30.626, 100, 22496, 23028, 406.09, 74
2026/09/21 08:12:31.626, 100, 22496, 23028, 403.90, 76
2026/09/21 08:12:32.626, 100, 22496, 23028, 407.13, 74
2026/09/21 08:12:33.626, 100, 22496, 23028, 409.81, 75
2026/09/21 08:12:34.627, 100, 22496, 23028, 405.06, 75
2026/09/21 08:12:35.627, 100, 22496, 23028, 403.97, 76
2026/09/21 08:12:36.627, 98, 22496, 23028, 404.65, 75
2026/09/21 08:12:37.627, 100, 22496, 23028, 404.35, 74
2026/09/21 08:12:38.628, 100, 22496, 23028, 403.69, 75
2026/09/21 08:12:39.628, 97, 22496, 23028, 404.90, 75
2026/09/21 08:12:40.628, 100, 22496, 23028, 407.33, 75
2026/09/21 08:12:41.629, 100, 22496, 23028, 377.80, 75
2026/09/21 08:12:42.629, 99, 22496, 23028, 404.63, 76
2026/09/21 08:12:43.629, 100, 22496, 23028, 404.76, 74
2026/09/21 08:12:44.629, 100, 22496, 23028, 403.84, 74
2026/09/21 08:12:45.630, 100, 22496, 23028, 403.21, 76
2026/09/21 08:12:46.630, 100, 22496, 23028, 402.12, 76
2026/09/21 08:12:47.630, 100, 22496, 23028, 402.12, 75
2026/09/21 08:12:48.630, 100, 22496, 23028, 401.40, 76
2026/09/21 08:12:49.631, 100, 22496, 23028, 405.12, 75
2026/09/21 08:12:50.631, 95, 22496, 23028, 399.23, 76
2026/09/21 08:12:51.631, 100, 22496, 23028, 399.63, 76
2026/09/21 08:12:52.631, 100, 22496, 23028, 402.52, 75
2026/09/21 08:12:53.632, 100, 22496, 23028, 401.83, 74
2026/09/21 08:12:54.632, 100, 22496, 23028, 402.01, 75
2026/09/21 08:12:55.632, 99, 22496, 23028, 399.71, 76
2026/09/21 08:12:56.632, 100, 22496, 23028, 400.33, 74
2026/09/21 08:12:57.633, 100, 22496, 23028, 398.72, 75
2026/09/21 08:12:58.633, 100, 22496, 23028, 399.10, 76
2026/09/21 08:12:59.633, 100, 22496, 23028, 400.29, 75
2026/09/21 08:13:00.633, 100, 22496, 23028, 399.66, 76
2026/09/21 08:13:01.634, 100, 22496, 23028, 400.67, 75
2026/09/21 08:13:02.634, 100, 22496, 23028, 400.29, 74
2026/09/21 08:13:03.634, 100, 22496, 23028, 399.64, 74
2026/09/21 08:13:04.634, 95, 22496, 23028, 396.28, 76
2026/09/21 08:13:05.635, 100, 22496, 23028, 397.81, 75
2026/09/21 08:13:06.635, 100, 22496, 23028, 401.30, 75
2026/09/21 08:13:07.636, 100, 22496, 23028, 399.21, 76
2026/09/21 08:13:08.637, 100, 22496, 23028, 375.36, 76
2026/09/21 08:13:09.637, 100, 22496, 23028, 404.22, 74
2026/09/21 08:13:10.637, 100, 22496, 23028, 396.49, 75
2026/09/21 08:13:11.638, 100, 22496, 23028, 399.68, 75
2026/09/21 08:13:12.638, 100, 22496, 23028, 390.67, 76
2026/09/21 08:13:13.638, 100, 22496, 23028, 400.08, 75
2026/09/21 08:13:14.639, 100, 22496, 23028, 399.04, 75
2026/09/21 08:13:15.639, 100, 22496, 23028, 398.18, 76
2026/09/21 08:13:16.639, 100, 22496, 23028, 395.80, 76
2026/09/21 08:13:17.640, 100, 22496, 23028, 399.97, 74
2026/09/21 08:13:18.640, 100, 22496, 23028, 393.04, 76
2026/09/21 08:13:19.640, 100, 22496, 23028, 399.67, 74
2026/09/21 08:13:20.641, 100, 22496, 23028, 393.51, 76
2026/09/21 08:13:21.641, 100, 22496, 23028, 399.01, 76
2026/09/21 08:13:22.641, 100, 22496, 23028, 396.99, 75
2026/09/21 08:13:23.645, 100, 22496, 23028, 400.51, 75
2026/09/21 08:13:24.645, 100, 22496, 23028, 395.33, 76
2026/09/21 08:13:25.645, 100, 22496, 23028, 396.71, 76
2026/09/21 08:13:26.646, 100, 22496, 23028, 395.70, 74
2026/09/21 08:13:27.646, 100, 22496, 23028, 398.25, 74
2026/09/21 08:13:28.647, 100, 22496, 23028, 398.42, 75
2026/09/21 08:13:29.647, 100, 22496, 23028, 400.88, 75
2026/09/21 08:13:30.647, 100, 22496, 23028, 398.75, 76
2026/09/21 08:13:31.647, 100, 22496, 23028, 399.27, 75
2026/09/21 08:13:32.648, 96, 22496, 23028, 395.23, 75
2026/09/21 08:13:33.648, 100, 22496, 23028, 395.40, 74
2026/09/21 08:13:34.648, 100, 22496, 23028, 394.36, 75
2026/09/21 08:13:35.649, 100, 22496, 23028, 398.23, 76
2026/09/21 08:13:36.649, 100, 22496, 23028, 398.75, 75
2026/09/21 08:13:37.650, 100, 22496, 23028, 365.10, 75
2026/09/21 08:13:38.650, 100, 22496, 23028, 396.63, 76
2026/09/21 08:13:39.650, 100, 22496, 23028, 370.24, 74
2026/09/21 08:13:40.651, 100, 22496, 23028, 395.84, 76
2026/09/21 08:13:41.651, 75, 22496, 23028, 347.28, 69
2026/09/21 08:13:42.651, 84, 22496, 23028, 319.00, 71
2026/09/21 08:13:43.651, 86, 22496, 23028, 313.82, 71
2026/09/21 08:13:44.652, 82, 22496, 23028, 320.05, 69
2026/09/21 08:13:45.652, 85, 22496, 23028, 325.99, 69
2026/09/21 08:13:46.652, 83, 22496, 23028, 325.42, 68
2026/09/21 08:13:47.653, 0, 22496, 23028, 200.52, 62
2026/09/21 08:13:48.653, 100, 22496, 23028, 276.16, 73
2026/09/21 08:13:49.653, 99, 22496, 23028, 449.90, 74
2026/09/21 08:13:50.653, 100, 22496, 23028, 444.77, 75
2026/09/21 08:13:51.654, 100, 22496, 23028, 445.04, 74
2026/09/21 08:13:52.654, 100, 22496, 23028, 443.79, 73
2026/09/21 08:13:53.654, 100, 22496, 23028, 435.14, 75
2026/09/21 08:13:54.654, 100, 22496, 23028, 437.75, 75
2026/09/21 08:13:55.655, 100, 22496, 23028, 435.54, 75
2026/09/21 08:13:56.655, 100, 22496, 23028, 429.05, 74
2026/09/21 08:13:57.655, 100, 22496, 23028, 428.57, 74
2026/09/21 08:13:58.656, 100, 22496, 23028, 428.86, 76
2026/09/21 08:13:59.656, 100, 22496, 23028, 427.12, 75
2026/09/21 08:14:00.656, 100, 22496, 23028, 424.12, 76
2026/09/21 08:14:01.656, 100, 22496, 23028, 422.41, 75
2026/09/21 08:14:02.657, 100, 22496, 23028, 420.29, 75
2026/09/21 08:14:03.657, 100, 22496, 23028, 378.82, 75
2026/09/21 08:14:04.657, 95, 22496, 23028, 416.23, 74
2026/09/21 08:14:05.658, 100, 22496, 23028, 415.91, 76
2026/09/21 08:14:06.658, 100, 22496, 23028, 414.03, 74
2026/09/21 08:14:07.658, 100, 22496, 23028, 412.41, 74
2026/09/21 08:14:08.743, 100, 22496, 23028, 413.29, 74
2026/09/21 08:14:09.743, 100, 22496, 23028, 413.77, 75
2026/09/21 08:14:10.744, 100, 22496, 23028, 416.93, 76
2026/09/21 08:14:11.749, 100, 22496, 23028, 410.32, 74
2026/09/21 08:14:12.749, 100, 22496, 23028, 407.64, 74
2026/09/21 08:14:13.750, 100, 22496, 23028, 408.68, 75
2026/09/21 08:14:14.751, 100, 22496, 23028, 408.44, 76
2026/09/21 08:14:15.751, 100, 22496, 23028, 406.98, 75
2026/09/21 08:14:16.752, 100, 22496, 23028, 402.89, 75
2026/09/21 08:14:17.752, 100, 22496, 23028, 403.47, 76
2026/09/21 08:14:18.752, 100, 22496, 23028, 407.89, 76
2026/09/21 08:14:19.752, 100, 22496, 23028, 403.74, 75
2026/09/21 08:14:20.753, 100, 22496, 23028, 402.50, 76
2026/09/21 08:14:21.753, 100, 22496, 23028, 408.27, 75
2026/09/21 08:14:22.753, 100, 22496, 23028, 401.69, 76
2026/09/21 08:14:23.755, 100, 22496, 23028, 404.23, 74
2026/09/21 08:14:24.755, 100, 22496, 23028, 402.19, 75
2026/09/21 08:14:25.756, 100, 22496, 23028, 372.12, 75
2026/09/21 08:14:26.757, 100, 22496, 23028, 403.13, 76
2026/09/21 08:14:27.757, 100, 22496, 23028, 404.43, 75
2026/09/21 08:14:28.758, 100, 22496, 23028, 398.73, 76
2026/09/21 08:14:29.758, 100, 22496, 23028, 402.23, 75
2026/09/21 08:14:30.759, 100, 22496, 23028, 404.89, 75
2026/09/21 08:14:31.759, 100, 22496, 23028, 400.40, 75
2026/09/21 08:14:32.759, 99, 22496, 23028, 402.87, 74
2026/09/21 08:14:33.760, 100, 22496, 23028, 398.49, 75
2026/09/21 08:14:34.760, 100, 22496, 23028, 403.23, 74
2026/09/21 08:14:35.760, 100, 22496, 23028, 401.24, 74
2026/09/21 08:14:36.761, 100, 22496, 23028, 398.02, 76
2026/09/21 08:14:37.761, 99, 22496, 23028, 401.93, 75
2026/09/21 08:14:38.762, 100, 22496, 23028, 399.70, 76
2026/09/21 08:14:39.762, 100, 22496, 23028, 400.40, 76
2026/09/21 08:14:40.762, 100, 22496, 23028, 405.10, 74
2026/09/21 08:14:41.763, 100, 22496, 23028, 399.23, 74
2026/09/21 08:14:42.763, 100, 22496, 23028, 398.21, 76
2026/09/21 08:14:43.764, 100, 22496, 23028, 401.61, 76
2026/09/21 08:14:44.764, 98, 22496, 23028, 400.41, 76
2026/09/21 08:14:45.764, 100, 22496, 23028, 400.47, 76
2026/09/21 08:14:46.765, 100, 22496, 23028, 400.26, 74
2026/09/21 08:14:47.765, 100, 22496, 23028, 401.83, 75
2026/09/21 08:14:48.765, 100, 22496, 23028, 397.80, 76
2026/09/21 08:14:49.766, 100, 22496, 23028, 401.51, 76
2026/09/21 08:14:50.766, 100, 22496, 23028, 399.72, 75
2026/09/21 08:14:51.766, 100, 22496, 23028, 398.63, 74
2026/09/21 08:14:52.767, 100, 22496, 23028, 359.78, 74
2026/09/21 08:14:53.767, 100, 22496, 23028, 396.24, 75
2026/09/21 08:14:54.767, 100, 22496, 23028, 398.31, 76
2026/09/21 08:14:55.768, 100, 22496, 23028, 399.78, 76
2026/09/21 08:14:56.768, 100, 22496, 23028, 396.53, 76
2026/09/21 08:14:57.768, 100, 22496, 23028, 401.72, 75
2026/09/21 08:14:58.769, 100, 22496, 23028, 392.74, 74
2026/09/21 08:14:59.769, 100, 22496, 23028, 398.96, 76
2026/09/21 08:15:00.769, 100, 22496, 23028, 398.78, 75
2026/09/21 08:15:01.770, 100, 22496, 23028, 395.67, 75
2026/09/21 08:15:02.770, 100, 22496, 23028, 407.45, 75
2026/09/21 08:15:03.770, 100, 22496, 23028, 400.03, 76
2026/09/21 08:15:04.771, 100, 22496, 23028, 399.55, 74
2026/09/21 08:15:05.771, 100, 22496, 23028, 399.39, 75
2026/09/21 08:15:06.772, 100, 22496, 23028, 393.42, 75
2026/09/21 08:15:07.772, 100, 22496, 23028, 397.95, 76
2026/09/21 08:15:08.772, 100, 22496, 23028, 387.17, 74
2026/09/21 08:15:09.772, 100, 22496, 23028, 396.48, 74
2026/09/21 08:15:10.773, 100, 22496, 23028, 394.67, 75
2026/09/21 08:15:11.773, 100, 22496, 23028, 401.92, 75
2026/09/21 08:15:12.773, 100, 22496, 23028, 392.31, 76
2026/09/21 08:15:13.774, 100, 22496, 23028, 398.49, 75
2026/09/21 08:15:14.774, 100, 22496, 23028, 395.51, 76
2026/09/21 08:15:15.774, 100, 22496, 23028, 401.16, 75
2026/09/21 08:15:16.774, 100, 22496, 23028, 395.97, 75
2026/09/21 08:15:17.775, 100, 22496, 23028, 401.29, 74
2026/09/21 08:15:18.775, 100, 22496, 23028, 394.26, 74
2026/09/21 08:15:19.775, 100, 22496, 23028, 396.44, 76
2026/09/21 08:15:20.776, 98, 22496, 23028, 394.22, 74
2026/09/21 08:15:21.776, 100, 22496, 23028, 371.61, 75
2026/09/21 08:15:22.776, 100, 22496, 23028, 401.16, 75
2026/09/21 08:15:23.777, 100, 22496, 23028, 375.69, 75
2026/09/21 08:15:24.777, 78, 22496, 23028, 374.37, 73
2026/09/21 08:15:25.777, 86, 22496, 23028, 360.37, 70
2026/09/21 08:15:26.778, 90, 22496, 23028, 302.27, 71
2026/09/21 08:15:27.778, 83, 22496, 23028, 330.13, 72
2026/09/21 08:15:28.779, 80, 22496, 23028, 314.04, 71
2026/09/21 08:15:29.779, 81, 22496, 23028, 314.99, 69
2026/09/21 08:15:30.779, 85, 22496, 23028, 323.97, 71
2026/09/21 08:15:31.780, 0, 22496, 23028, 164.37, 62
2026/09/21 08:15:32.780, 0, 22496, 23028, 118.65, 61
2026/09/21 08:15:33.781, 0, 22496, 23028, 78.57, 60
2026/09/21 08:15:34.781, 0, 22496, 23028, 72.19, 59
2026/09/21 08:15:35.781, 0, 22496, 23028, 66.23, 59
2026/09/21 08:15:36.782, 0, 22496, 23028, 66.12, 58
2026/09/21 08:15:37.782, 0, 22496, 23028, 65.54, 58
2026/09/21 08:15:38.782, 91, 22496, 23028, 77.70, 68
2026/09/21 08:15:39.783, 100, 22496, 23028, 449.90, 71
2026/09/21 08:15:40.783, 100, 22496, 23028, 448.92, 71
2026/09/21 08:15:41.783, 100, 22496, 23028, 446.68, 72
2026/09/21 08:15:42.784, 100, 22496, 23028, 446.13, 70
2026/09/21 08:15:43.784, 91, 22496, 23028, 434.91, 73
2026/09/21 08:15:44.784, 100, 22496, 23028, 432.78, 72
2026/09/21 08:15:45.784, 100, 22496, 23028, 436.42, 72
2026/09/21 08:15:46.785, 100, 22496, 23028, 430.09, 73
2026/09/21 08:15:47.785, 100, 22496, 23028, 426.10, 73
2026/09/21 08:15:48.785, 100, 22496, 23028, 425.93, 73
2026/09/21 08:15:49.785, 100, 22496, 23028, 428.17, 73
2026/09/21 08:15:50.786, 100, 22496, 23028, 424.10, 72
2026/09/21 08:15:51.786, 94, 22496, 23028, 421.88, 74
2026/09/21 08:15:52.787, 98, 22496, 23028, 422.66, 70
2026/09/21 08:15:53.787, 100, 22496, 23028, 416.85, 73
2026/09/21 08:15:54.788, 100, 22496, 23028, 393.68, 74
2026/09/21 08:15:55.788, 100, 22496, 23028, 416.88, 73
2026/09/21 08:15:56.788, 100, 22496, 23028, 415.80, 74
2026/09/21 08:15:57.788, 100, 22496, 23028, 411.66, 73
2026/09/21 08:15:58.788, 93, 22496, 23028, 413.47, 73
2026/09/21 08:15:59.789, 100, 22496, 23028, 412.66, 72
2026/09/21 08:16:00.789, 100, 22496, 23028, 410.01, 74
2026/09/21 08:16:01.790, 100, 22496, 23028, 410.53, 73
2026/09/21 08:16:02.790, 100, 22496, 23028, 408.39, 74
2026/09/21 08:16:03.791, 100, 22496, 23028, 410.37, 73
2026/09/21 08:16:04.791, 100, 22496, 23028, 408.76, 75
2026/09/21 08:16:05.791, 100, 22496, 23028, 407.83, 74
2026/09/21 08:16:06.792, 100, 22496, 23028, 404.41, 73
2026/09/21 08:16:07.792, 100, 22496, 23028, 410.52, 73
2026/09/21 08:16:08.792, 100, 22496, 23028, 406.37, 73
2026/09/21 08:16:09.792, 100, 22496, 23028, 406.35, 74
2026/09/21 08:16:10.793, 99, 22496, 23028, 404.26, 72
2026/09/21 08:16:11.793, 100, 22496, 23028, 406.00, 75
2026/09/21 08:16:12.793, 100, 22496, 23028, 404.58, 74
2026/09/21 08:16:13.794, 92, 22496, 23028, 404.03, 74
2026/09/21 08:16:14.794, 100, 22496, 23028, 405.75, 73
2026/09/21 08:16:15.794, 100, 22496, 23028, 382.79, 73
2026/09/21 08:16:16.795, 97, 22496, 23028, 404.36, 75
2026/09/21 08:16:17.795, 100, 22496, 23028, 404.65, 74
2026/09/21 08:16:18.795, 100, 22496, 23028, 403.17, 74
2026/09/21 08:16:19.795, 100, 22496, 23028, 402.90, 75
2026/09/21 08:16:20.796, 100, 22496, 23028, 401.49, 75
2026/09/21 08:16:21.796, 0, 22528, 23028, 370.38, 64
2026/09/21 08:16:22.796, 0, 22528, 23028, 96.63, 62
2026/09/21 08:16:23.796, 0, 22528, 23028, 78.62, 60
2026/09/21 08:16:24.797, 0, 22528, 23028, 68.13, 59
2026/09/21 08:16:25.797, 0, 22528, 23028, 66.51, 59
2026/09/21 08:16:26.797, 0, 22528, 23028, 65.79, 58
2026/09/21 08:16:27.798, 0, 22528, 23028, 65.96, 58
2026/09/21 08:16:28.798, 0, 22528, 23028, 79.33, 57
2026/09/21 08:16:29.799, 0, 22528, 23028, 66.96, 57
2026/09/21 08:16:30.799, 0, 22528, 23028, 66.39, 56
2026/09/21 08:16:31.799, 0, 22528, 23028, 64.82, 56
2026/09/21 08:16:32.799, 0, 22528, 23028, 64.16, 55
2026/09/21 08:16:33.800, 1, 22528, 23028, 64.54, 55
2026/09/21 08:16:34.800, 0, 22528, 23028, 78.61, 55
2026/09/21 08:16:35.800, 0, 22528, 23028, 66.20, 54
2026/09/21 08:16:36.800, 0, 22528, 23028, 65.88, 54
2026/09/21 08:16:37.801, 0, 22528, 23028, 64.63, 54
2026/09/21 08:16:38.801, 0, 22528, 23028, 64.47, 54
2026/09/21 08:16:39.801, 0, 22528, 23028, 63.71, 53
2026/09/21 08:16:40.802, 0, 22528, 23028, 63.98, 53
2026/09/21 08:16:41.802, 0, 22528, 23028, 63.92, 52
2026/09/21 08:16:42.802, 0, 22528, 23028, 79.14, 52
2026/09/21 08:16:43.803, 0, 22528, 23028, 65.15, 52
2026/09/21 08:16:44.803, 0, 22528, 23028, 65.06, 52
2026/09/21 08:16:45.803, 0, 22528, 23028, 63.25, 52
2026/09/21 08:16:46.804, 0, 22528, 23028, 63.33, 51
2026/09/21 08:16:47.804, 0, 22528, 23028, 63.30, 51
2026/09/21 08:16:48.805, 0, 22528, 23028, 63.08, 51
2026/09/21 08:16:49.805, 0, 22528, 23028, 62.76, 51
2026/09/21 08:16:50.805, 0, 22528, 23028, 62.38, 50
2026/09/21 08:16:51.805, 0, 22528, 23028, 62.19, 50
2026/09/21 08:16:52.806, 0, 22528, 23028, 62.20, 50
2026/09/21 08:16:53.806, 0, 22528, 23028, 62.37, 50
2026/09/21 08:16:54.806, 0, 22528, 23028, 62.60, 50
2026/09/21 08:16:55.806, 0, 22528, 23028, 62.65, 49
2026/09/21 08:16:56.807, 0, 22528, 23028, 62.51, 49
2026/09/21 08:16:57.807, 3, 22528, 23028, 62.14, 49
2026/09/21 08:16:58.808, 0, 22528, 23028, 62.32, 49
2026/09/21 08:16:59.808, 0, 22528, 23028, 77.26, 49
2026/09/21 08:17:00.808, 0, 22528, 23028, 77.96, 48
2026/09/21 08:17:01.809, 0, 22528, 23028, 63.04, 48
2026/09/21 08:17:02.809, 0, 22528, 23028, 61.80, 48
2026/09/21 08:17:03.810, 0, 22528, 23028, 61.82, 48
2026/09/21 08:17:04.810, 0, 22528, 23028, 73.91, 48
2026/09/21 08:17:05.810, 0, 22528, 23028, 71.57, 48
2026/09/21 08:17:06.811, 0, 22528, 23028, 61.11, 48
2026/09/21 08:17:07.811, 0, 22528, 23028, 60.80, 47
2026/09/21 08:17:08.811, 0, 22528, 23028, 60.56, 47
2026/09/21 08:17:09.812, 0, 22528, 23028, 60.70, 47
2026/09/21 08:17:10.812, 0, 22528, 23028, 60.79, 47
2026/09/21 08:17:11.812, 0, 22528, 23028, 60.63, 47
2026/09/21 08:17:12.813, 0, 22528, 23028, 60.46, 47
2026/09/21 08:17:13.813, 0, 22528, 23028, 60.43, 46
2026/09/21 08:17:14.814, 0, 22528, 23028, 60.50, 46
2026/09/21 08:17:15.814, 0, 22528, 23028, 60.56, 46
2026/09/21 08:17:16.814, 0, 22528, 23028, 60.59, 46
2026/09/21 08:17:17.815, 0, 22528, 23028, 61.66, 46
2026/09/21 08:17:18.815, 0, 22528, 23028, 61.40, 46
2026/09/21 08:17:19.816, 0, 22528, 23028, 60.91, 46
2026/09/21 08:17:20.816, 0, 22528, 23028, 60.84, 46
2026/09/21 08:17:21.816, 0, 22528, 23028, 73.65, 46
2026/09/21 08:17:22.816, 0, 22528, 23028, 76.80, 45
2026/09/21 08:17:23.817, 0, 22528, 23028, 61.99, 45
2026/09/21 08:17:24.817, 0, 22528, 23028, 61.31, 45
2026/09/21 08:17:25.817, 0, 22528, 23028, 60.87, 45
2026/09/21 08:17:26.818, 0, 22528, 23028, 60.98, 45
2026/09/21 08:17:27.818, 0, 22528, 23028, 60.68, 45
2026/09/21 08:17:28.819, 0, 22528, 23028, 60.60, 45
2026/09/21 08:17:29.819, 0, 22528, 23028, 60.42, 45
2026/09/21 08:17:30.819, 0, 22528, 23028, 60.38, 45
2026/09/21 08:17:31.819, 0, 22528, 23028, 60.43, 44
2026/09/21 08:17:32.820, 0, 22528, 23028, 60.58, 44
2026/09/21 08:17:33.820, 0, 22528, 23028, 60.76, 44
2026/09/21 08:17:34.820, 0, 22528, 23028, 60.71, 44
2026/09/21 08:17:35.821, 0, 22528, 23028, 60.75, 44
2026/09/21 08:17:36.821, 0, 22528, 23028, 60.78, 44
2026/09/21 08:17:37.822, 0, 22528, 23028, 60.62, 44
2026/09/21 08:17:38.822, 0, 22528, 23028, 60.49, 44
2026/09/21 08:17:39.822, 0, 22528, 23028, 60.45, 44
2026/09/21 08:17:40.823, 0, 22528, 23028, 60.39, 44
2026/09/21 08:17:41.823, 1, 22528, 23028, 60.61, 44
2026/09/21 08:17:42.823, 0, 22528, 23028, 75.96, 44
2026/09/21 08:17:43.824, 0, 22528, 23028, 62.08, 43
2026/09/21 08:17:44.824, 0, 22528, 23028, 60.76, 43
2026/09/21 08:17:45.824, 0, 22528, 23028, 60.57, 48
2026/09/21 08:17:46.825, 0, 22528, 23028, 73.18, 43
2026/09/21 08:17:47.825, 0, 22528, 23028, 61.68, 43
2026/09/21 08:17:48.828, 0, 22528, 23028, 61.35, 43
2026/09/21 08:17:49.828, 0, 22528, 23028, 60.16, 43
2026/09/21 08:17:50.828, 0, 22528, 23028, 60.58, 43
2026/09/21 08:17:51.829, 5, 22528, 23028, 75.50, 43
2026/09/21 08:17:52.829, 0, 22528, 23028, 76.24, 43
2026/09/21 08:17:53.829, 0, 22528, 23028, 61.66, 43
2026/09/21 08:17:54.830, 0, 22528, 23028, 60.20, 43
2026/09/21 08:17:55.830, 6, 22528, 23028, 75.15, 43
2026/09/21 08:17:56.830, 0, 22528, 23028, 75.39, 43
2026/09/21 08:17:57.831, 0, 22528, 23028, 60.67, 43
2026/09/21 08:17:58.831, 0, 22528, 23028, 59.90, 43
2026/09/21 08:17:59.831, 0, 22528, 23028, 59.82, 42
2026/09/21 08:18:00.832, 0, 22528, 23028, 74.79, 43
2026/09/21 08:18:01.832, 0, 22528, 23028, 75.54, 42
2026/09/21 08:18:02.832, 0, 22528, 23028, 60.50, 42
2026/09/21 08:18:03.833, 0, 22528, 23028, 59.69, 42
2026/09/21 08:18:04.833, 0, 22528, 23028, 65.30, 42
2026/09/21 08:18:05.833, 0, 22528, 23028, 76.08, 42
2026/09/21 08:18:06.834, 0, 22528, 23028, 59.70, 42
2026/09/21 08:18:07.834, 0, 22528, 23028, 60.37, 42
2026/09/21 08:18:08.834, 0, 22528, 23028, 60.82, 42
2026/09/21 08:18:09.835, 0, 22528, 23028, 59.79, 42
2026/09/21 08:18:10.835, 0, 22528, 23028, 59.85, 42
2026/09/21 08:18:11.835, 0, 22528, 23028, 59.95, 42
2026/09/21 08:18:12.836, 0, 22528, 23028, 73.46, 42
2026/09/21 08:18:13.836, 0, 22528, 23028, 61.11, 42
2026/09/21 08:18:14.836, 0, 22528, 23028, 60.45, 42
2026/09/21 08:18:15.837, 0, 22528, 23028, 59.71, 42
2026/09/21 08:18:16.837, 1, 22528, 23028, 59.93, 42
2026/09/21 08:18:17.837, 0, 22528, 23028, 60.09, 42
2026/09/21 08:18:18.838, 0, 22528, 23028, 59.76, 42
2026/09/21 08:18:19.838, 0, 22528, 23028, 59.61, 42
