2026/09/21 03:29:31.880, 0, 21218, 24576, 129.24, 50
2026/09/21 03:29:32.886, 0, 21602, 24576, 135.54, 50
2026/09/21 03:29:33.886, 82, 21602, 24576, 119.14, 49
2026/09/21 03:29:34.887, 100, 21602, 24576, 227.94, 55
2026/09/21 03:29:35.887, 100, 21634, 24576, 335.42, 56
2026/09/21 03:29:36.887, 100, 21634, 24576, 334.40, 56
2026/09/21 03:29:37.888, 100, 21634, 24576, 332.46, 57
2026/09/21 03:29:38.888, 100, 21634, 24576, 335.10, 57
2026/09/21 03:29:39.889, 100, 21634, 24576, 334.87, 57
2026/09/21 03:29:40.889, 100, 21634, 24576, 333.30, 58
2026/09/21 03:29:41.889, 100, 21634, 24576, 332.42, 58
2026/09/21 03:29:42.889, 100, 21634, 24576, 333.27, 58
2026/09/21 03:29:43.890, 100, 21634, 24576, 332.98, 59
2026/09/21 03:29:44.890, 100, 21634, 24576, 333.11, 59
2026/09/21 03:29:45.891, 100, 21634, 24576, 332.40, 59
2026/09/21 03:29:46.891, 100, 21634, 24576, 331.34, 59
2026/09/21 03:29:47.891, 100, 21634, 24576, 330.90, 60
2026/09/21 03:29:48.892, 100, 21634, 24576, 331.91, 60
2026/09/21 03:29:49.892, 100, 21634, 24576, 328.45, 60
2026/09/21 03:29:50.892, 100, 21634, 24576, 328.96, 59
2026/09/21 03:29:51.893, 93, 21634, 24576, 328.43, 59
2026/09/21 03:29:52.893, 100, 21634, 24576, 327.89, 61
2026/09/21 03:29:53.893, 100, 21634, 24576, 331.58, 61
2026/09/21 03:29:54.894, 100, 21634, 24576, 327.13, 61
2026/09/21 03:29:55.894, 100, 21634, 24576, 329.81, 61
2026/09/21 03:29:56.894, 100, 21634, 24576, 326.46, 61
2026/09/21 03:29:57.895, 100, 21634, 24576, 333.63, 61
2026/09/21 03:29:58.895, 100, 21634, 24576, 332.50, 61
2026/09/21 03:29:59.895, 100, 21634, 24576, 329.70, 62
2026/09/21 03:30:00.896, 100, 21634, 24576, 328.79, 62
2026/09/21 03:30:01.896, 100, 21634, 24576, 325.61, 62
2026/09/21 03:30:02.896, 100, 21634, 24576, 327.22, 62
2026/09/21 03:30:03.897, 100, 21634, 24576, 306.52, 61
2026/09/21 03:30:04.897, 100, 21895, 24576, 328.55, 62
2026/09/21 03:30:05.897, 100, 21895, 24576, 329.80, 62
2026/09/21 03:30:06.898, 100, 21634, 24576, 301.29, 61
2026/09/21 03:30:07.898, 100, 21634, 24576, 327.94, 61
2026/09/21 03:30:08.898, 0, 21634, 24576, 193.00, 58
2026/09/21 03:30:09.899, 0, 21634, 24576, 150.37, 57
2026/09/21 03:30:10.899, 100, 21634, 24576, 189.64, 61
2026/09/21 03:30:11.900, 6, 21634, 24576, 169.42, 56
2026/09/21 03:30:12.900, 49, 21634, 24576, 243.59, 60
2026/09/21 03:30:13.900, 42, 21634, 24576, 280.27, 59
2026/09/21 03:30:14.901, 49, 21634, 24576, 269.04, 60
2026/09/21 03:30:15.901, 43, 21634, 24576, 268.90, 60
2026/09/21 03:30:16.901, 59, 21634, 24576, 283.67, 60
2026/09/21 03:30:17.901, 73, 21634, 24576, 286.09, 60
2026/09/21 03:30:18.902, 41, 21634, 24576, 278.50, 60
2026/09/21 03:30:19.902, 48, 21634, 24576, 264.67, 60
2026/09/21 03:30:20.902, 0, 21634, 24576, 205.73, 56
2026/09/21 03:30:21.903, 0, 21634, 24576, 151.27, 56
2026/09/21 03:30:22.903, 100, 22338, 24576, 216.89, 60
2026/09/21 03:30:23.903, 100, 22338, 24576, 337.08, 60
2026/09/21 03:30:24.904, 100, 22370, 24576, 336.17, 61
2026/09/21 03:30:25.904, 94, 22370, 24576, 333.87, 61
2026/09/21 03:30:26.904, 100, 22370, 24576, 336.80, 61
2026/09/21 03:30:27.905, 100, 22370, 24576, 333.33, 61
2026/09/21 03:30:28.905, 100, 22370, 24576, 336.30, 61
2026/09/21 03:30:29.905, 100, 22370, 24576, 335.38, 61
2026/09/21 03:30:30.906, 100, 22370, 24576, 334.12, 62
2026/09/21 03:30:31.906, 100, 22370, 24576, 333.38, 62
2026/09/21 03:30:32.907, 100, 22370, 24576, 333.62, 62
2026/09/21 03:30:33.907, 100, 22370, 24576, 334.43, 61
2026/09/21 03:30:34.907, 100, 22370, 24576, 334.60, 62
2026/09/21 03:30:35.908, 100, 22370, 24576, 330.74, 62
2026/09/21 03:30:36.908, 100, 22370, 24576, 333.89, 61
2026/09/21 03:30:37.909, 94, 22370, 24576, 330.94, 61
2026/09/21 03:30:38.909, 100, 22370, 24576, 335.72, 62
2026/09/21 03:30:39.909, 100, 22370, 24576, 332.58, 62
2026/09/21 03:30:40.910, 100, 22370, 24576, 334.53, 62
2026/09/21 03:30:41.910, 100, 22370, 24576, 329.53, 63
2026/09/21 03:30:42.910, 100, 22370, 24576, 328.52, 63
2026/09/21 03:30:43.911, 100, 22370, 24576, 332.16, 63
2026/09/21 03:30:44.911, 100, 22370, 24576, 330.52, 62
2026/09/21 03:30:45.912, 100, 22370, 24576, 332.70, 62
2026/09/21 03:30:46.912, 100, 22370, 24576, 328.52, 63
2026/09/21 03:30:47.913, 100, 22370, 24576, 328.86, 63
2026/09/21 03:30:48.913, 100, 22370, 24576, 331.52, 63
2026/09/21 03:30:49.913, 100, 22370, 24576, 325.44, 63
2026/09/21 03:30:50.913, 100, 22370, 24576, 330.83, 63
2026/09/21 03:30:51.914, 93, 22370, 24576, 327.08, 63
2026/09/21 03:30:52.914, 100, 22370, 24576, 328.52, 64
2026/09/21 03:30:53.915, 100, 22370, 24576, 328.75, 63
2026/09/21 03:30:54.915, 100, 22370, 24576, 330.48, 63
2026/09/21 03:30:55.916, 100, 22370, 24576, 328.32, 63
2026/09/21 03:30:56.916, 99, 22370, 24576, 324.35, 63
2026/09/21 03:30:57.916, 100, 22370, 24576, 308.87, 64
2026/09/21 03:30:58.917, 100, 22370, 24576, 329.61, 63
2026/09/21 03:30:59.917, 100, 22370, 24576, 326.63, 64
2026/09/21 03:31:00.917, 100, 22370, 24576, 328.29, 64
2026/09/21 03:31:01.918, 100, 22370, 24576, 330.51, 63
2026/09/21 03:31:02.918, 100, 22370, 24576, 323.46, 64
2026/09/21 03:31:03.918, 100, 22370, 24576, 325.43, 64
2026/09/21 03:31:04.919, 100, 22370, 24576, 325.74, 64
2026/09/21 03:31:05.919, 100, 22370, 24576, 323.54, 63
2026/09/21 03:31:06.920, 100, 22370, 24576, 330.49, 64
2026/09/21 03:31:07.920, 91, 22370, 24576, 325.54, 63
2026/09/21 03:31:08.920, 100, 22370, 24576, 326.38, 63
2026/09/21 03:31:09.920, 100, 22370, 24576, 329.28, 64
2026/09/21 03:31:10.921, 98, 22370, 24576, 326.09, 63
2026/09/21 03:31:11.921, 100, 22370, 24576, 329.53, 64
2026/09/21 03:31:12.922, 100, 22370, 24576, 323.77, 64
2026/09/21 03:31:13.922, 100, 22370, 24576, 322.64, 65
2026/09/21 03:31:14.923, 100, 22370, 24576, 324.07, 63
2026/09/21 03:31:15.923, 100, 22370, 24576, 325.85, 64
2026/09/21 03:31:16.923, 100, 22370, 24576, 323.25, 64
2026/09/21 03:31:17.924, 100, 22370, 24576, 325.50, 63
2026/09/21 03:31:18.924, 100, 22370, 24576, 326.80, 64
2026/09/21 03:31:19.924, 100, 22370, 24576, 322.54, 65
2026/09/21 03:31:20.925, 100, 22370, 24576, 325.14, 64
2026/09/21 03:31:21.925, 100, 22370, 24576, 325.76, 64
2026/09/21 03:31:22.925, 100, 22370, 24576, 320.30, 63
2026/09/21 03:31:23.926, 100, 22370, 24576, 322.24, 63
2026/09/21 03:31:24.926, 100, 22370, 24576, 322.99, 64
2026/09/21 03:31:25.927, 99, 22370, 24576, 321.03, 64
2026/09/21 03:31:26.927, 100, 22370, 24576, 323.92, 65
2026/09/21 03:31:27.927, 100, 22370, 24576, 326.16, 64
2026/09/21 03:31:28.927, 100, 22370, 24576, 327.49, 63
2026/09/21 03:31:29.928, 100, 22370, 24576, 322.22, 65
2026/09/21 03:31:30.928, 100, 22370, 24576, 324.49, 64
2026/09/21 03:31:31.928, 100, 22370, 24576, 325.99, 64
2026/09/21 03:31:32.929, 100, 22370, 24576, 321.11, 63
2026/09/21 03:31:33.929, 100, 22370, 24576, 316.96, 64
2026/09/21 03:31:34.930, 100, 22370, 24576, 319.43, 64
2026/09/21 03:31:35.930, 100, 22370, 24576, 318.70, 64
2026/09/21 03:31:36.930, 100, 22370, 24576, 329.77, 64
2026/09/21 03:31:37.930, 100, 22370, 24576, 329.80, 64
2026/09/21 03:31:38.931, 98, 22370, 24576, 324.86, 64
2026/09/21 03:31:39.931, 100, 22370, 24576, 324.57, 63
2026/09/21 03:31:40.931, 100, 22370, 24576, 327.43, 64
2026/09/21 03:31:41.932, 100, 22370, 24576, 329.23, 65
2026/09/21 03:31:42.932, 100, 22370, 24576, 326.05, 63
2026/09/21 03:31:43.932, 100, 22370, 24576, 327.60, 65
2026/09/21 03:31:44.933, 100, 22370, 24576, 328.73, 65
2026/09/21 03:31:45.933, 53, 22370, 24576, 309.43, 61
2026/09/21 03:31:46.934, 100, 22370, 24576, 308.45, 63
2026/09/21 03:31:47.934, 100, 22370, 24576, 325.33, 64
2026/09/21 03:31:48.934, 100, 22370, 24576, 321.47, 64
2026/09/21 03:31:49.935, 100, 22370, 24576, 320.14, 65
2026/09/21 03:31:50.935, 100, 22370, 24576, 319.95, 63
2026/09/21 03:31:51.935, 100, 22370, 24576, 323.64, 64
2026/09/21 03:31:52.935, 100, 22370, 24576, 323.78, 64
2026/09/21 03:31:53.936, 100, 22370, 24576, 318.47, 65
2026/09/21 03:31:54.936, 100, 22370, 24576, 321.57, 63
2026/09/21 03:31:55.937, 100, 22370, 24576, 323.22, 65
2026/09/21 03:31:56.938, 100, 22370, 24576, 322.08, 65
2026/09/21 03:31:57.938, 100, 22370, 24576, 323.06, 63
2026/09/21 03:31:58.938, 100, 22370, 24576, 323.64, 65
2026/09/21 03:31:59.939, 100, 22370, 24576, 323.27, 63
2026/09/21 03:32:00.939, 100, 22370, 24576, 319.41, 63
2026/09/21 03:32:01.939, 100, 22370, 24576, 321.03, 65
2026/09/21 03:32:02.940, 100, 22370, 24576, 322.62, 63
2026/09/21 03:32:03.940, 100, 22370, 24576, 320.32, 64
2026/09/21 03:32:04.940, 100, 22370, 24576, 318.44, 63
2026/09/21 03:32:05.941, 100, 22370, 24576, 319.34, 65
2026/09/21 03:32:06.941, 100, 22370, 24576, 325.61, 63
2026/09/21 03:32:07.943, 93, 22370, 24576, 322.76, 65
2026/09/21 03:32:08.943, 100, 22370, 24576, 324.01, 63
2026/09/21 03:32:09.943, 100, 22370, 24576, 319.34, 64
2026/09/21 03:32:10.944, 100, 22370, 24576, 324.70, 64
2026/09/21 03:32:11.944, 100, 22370, 24576, 318.87, 65
2026/09/21 03:32:12.945, 100, 22370, 24576, 324.80, 64
2026/09/21 03:32:13.945, 100, 22370, 24576, 325.74, 63
2026/09/21 03:32:14.947, 100, 22370, 24576, 318.61, 64
2026/09/21 03:32:15.948, 100, 22370, 24576, 320.88, 64
2026/09/21 03:32:16.948, 100, 22370, 24576, 321.29, 63
2026/09/21 03:32:17.948, 100, 22370, 24576, 319.34, 63
2026/09/21 03:32:18.949, 100, 22370, 24576, 322.66, 65
2026/09/21 03:32:19.949, 100, 22370, 24576, 319.97, 63
2026/09/21 03:32:20.950, 100, 22370, 24576, 318.88, 64
2026/09/21 03:32:21.950, 100, 22370, 24576, 319.52, 65
2026/09/21 03:32:22.950, 100, 22370, 24576, 325.10, 64
2026/09/21 03:32:23.950, 100, 22370, 24576, 319.89, 63
2026/09/21 03:32:24.951, 100, 22370, 24576, 317.96, 63
2026/09/21 03:32:25.951, 100, 22370, 24576, 316.88, 63
2026/09/21 03:32:26.951, 100, 22370, 24576, 319.20, 65
2026/09/21 03:32:27.952, 100, 22370, 24576, 323.60, 63
2026/09/21 03:32:28.952, 100, 22370, 24576, 326.06, 63
2026/09/21 03:32:29.952, 100, 22370, 24576, 323.02, 63
2026/09/21 03:32:30.953, 100, 22370, 24576, 320.17, 63
2026/09/21 03:32:31.953, 100, 22370, 24576, 316.58, 64
2026/09/21 03:32:32.953, 100, 22370, 24576, 320.97, 65
2026/09/21 03:32:33.954, 100, 22370, 24576, 324.65, 64
2026/09/21 03:32:34.954, 100, 22370, 24576, 324.01, 65
2026/09/21 03:32:35.954, 93, 22370, 24576, 325.55, 63
2026/09/21 03:32:36.955, 100, 22370, 24576, 326.10, 64
2026/09/21 03:32:37.955, 100, 22370, 24576, 327.39, 64
2026/09/21 03:32:38.955, 100, 22370, 24576, 328.50, 64
2026/09/21 03:32:39.956, 100, 22370, 24576, 324.28, 63
2026/09/21 03:32:40.956, 100, 22370, 24576, 323.34, 63
2026/09/21 03:32:41.956, 100, 22370, 24576, 326.27, 63
2026/09/21 03:32:42.957, 100, 22370, 24576, 327.86, 64
2026/09/21 03:32:43.957, 100, 22370, 24576, 328.11, 64
2026/09/21 03:32:44.957, 100, 22370, 24576, 326.18, 63
2026/09/21 03:32:45.957, 100, 22370, 24576, 327.23, 64
2026/09/21 03:32:46.958, 100, 22370, 24576, 327.14, 65
2026/09/21 03:32:47.958, 100, 22370, 24576, 322.85, 65
2026/09/21 03:32:48.958, 100, 22370, 24576, 302.89, 63
2026/09/21 03:32:49.959, 100, 22370, 24576, 319.68, 63
2026/09/21 03:32:50.959, 100, 22370, 24576, 323.22, 64
2026/09/21 03:32:51.959, 100, 22370, 24576, 329.30, 64
2026/09/21 03:32:52.960, 100, 22370, 24576, 324.47, 64
2026/09/21 03:32:53.960, 100, 22370, 24576, 322.56, 64
2026/09/21 03:32:54.960, 100, 22370, 24576, 322.55, 64
2026/09/21 03:32:55.961, 100, 22370, 24576, 321.10, 63
2026/09/21 03:32:56.961, 100, 22370, 24576, 321.03, 63
2026/09/21 03:32:57.961, 100, 22370, 24576, 323.30, 63
2026/09/21 03:32:58.962, 100, 22370, 24576, 325.24, 64
2026/09/21 03:32:59.962, 100, 22370, 24576, 323.76, 63
2026/09/21 03:33:00.962, 100, 22370, 24576, 322.53, 63
2026/09/21 03:33:01.963, 100, 22370, 24576, 316.84, 63
2026/09/21 03:33:02.963, 100, 22370, 24576, 324.85, 63
2026/09/21 03:33:03.963, 100, 22370, 24576, 326.05, 64
2026/09/21 03:33:04.964, 100, 22370, 24576, 323.78, 63
2026/09/21 03:33:05.964, 100, 22370, 24576, 322.67, 63
2026/09/21 03:33:06.964, 100, 22370, 24576, 322.67, 63
2026/09/21 03:33:07.964, 100, 22370, 24576, 323.52, 65
2026/09/21 03:33:08.965, 100, 22370, 24576, 323.79, 63
2026/09/21 03:33:09.965, 100, 22370, 24576, 323.54, 63
2026/09/21 03:33:10.966, 100, 22370, 24576, 323.98, 64
2026/09/21 03:33:11.966, 100, 22370, 24576, 321.87, 64
2026/09/21 03:33:12.966, 100, 22370, 24576, 322.09, 63
2026/09/21 03:33:13.967, 100, 22370, 24576, 323.60, 64
2026/09/21 03:33:14.967, 100, 22370, 24576, 323.12, 63
2026/09/21 03:33:15.967, 100, 22370, 24576, 317.40, 63
2026/09/21 03:33:16.968, 100, 22370, 24576, 323.41, 64
2026/09/21 03:33:17.968, 100, 22370, 24576, 324.32, 63
2026/09/21 03:33:18.969, 100, 22370, 24576, 324.63, 63
2026/09/21 03:33:19.969, 100, 22370, 24576, 324.47, 63
2026/09/21 03:33:20.969, 100, 22370, 24576, 321.59, 63
2026/09/21 03:33:21.970, 100, 22370, 24576, 323.79, 64
2026/09/21 03:33:22.970, 100, 22370, 24576, 322.07, 63
2026/09/21 03:33:23.970, 100, 22370, 24576, 323.58, 64
2026/09/21 03:33:24.971, 100, 22370, 24576, 318.63, 63
2026/09/21 03:33:25.971, 100, 22370, 24576, 320.67, 63
2026/09/21 03:33:26.971, 100, 22370, 24576, 325.30, 65
2026/09/21 03:33:27.972, 100, 22370, 24576, 320.00, 63
2026/09/21 03:33:28.972, 100, 22370, 24576, 327.89, 64
2026/09/21 03:33:29.973, 93, 22370, 24576, 323.17, 64
2026/09/21 03:33:30.973, 100, 22370, 24576, 322.54, 64
2026/09/21 03:33:31.973, 100, 22370, 24576, 319.26, 63
2026/09/21 03:33:32.974, 100, 22370, 24576, 326.74, 64
2026/09/21 03:33:33.974, 100, 22370, 24576, 319.21, 63
2026/09/21 03:33:34.974, 100, 22370, 24576, 320.52, 63
2026/09/21 03:33:35.975, 100, 22370, 24576, 321.27, 63
2026/09/21 03:33:36.975, 100, 22370, 24576, 325.95, 64
2026/09/21 03:33:37.976, 100, 22370, 24576, 319.13, 63
2026/09/21 03:33:38.976, 100, 22370, 24576, 327.02, 63
2026/09/21 03:33:39.976, 100, 22370, 24576, 320.97, 63
2026/09/21 03:33:40.977, 100, 22370, 24576, 329.08, 64
2026/09/21 03:33:41.977, 100, 22370, 24576, 323.85, 63
2026/09/21 03:33:42.978, 100, 22370, 24576, 320.64, 63
2026/09/21 03:33:43.978, 100, 22370, 24576, 326.57, 64
2026/09/21 03:33:44.979, 100, 22370, 24576, 319.34, 63
2026/09/21 03:33:45.979, 100, 22370, 24576, 327.45, 65
2026/09/21 03:33:46.979, 100, 22370, 24576, 320.46, 63
2026/09/21 03:33:47.980, 100, 22370, 24576, 323.93, 63
2026/09/21 03:33:48.980, 100, 22370, 24576, 326.21, 64
2026/09/21 03:33:49.980, 100, 22370, 24576, 317.00, 63
2026/09/21 03:33:50.981, 100, 22370, 24576, 329.33, 64
2026/09/21 03:33:51.981, 100, 22370, 24576, 322.40, 64
2026/09/21 03:33:52.981, 100, 22370, 24576, 318.59, 63
2026/09/21 03:33:53.982, 100, 22370, 24576, 326.24, 63
2026/09/21 03:33:54.982, 100, 22370, 24576, 308.84, 63
2026/09/21 03:33:55.983, 100, 22370, 24576, 319.57, 63
2026/09/21 03:33:56.983, 100, 22370, 24576, 319.96, 63
2026/09/21 03:33:57.983, 100, 22370, 24576, 328.63, 63
2026/09/21 03:33:58.984, 100, 22370, 24576, 323.80, 64
2026/09/21 03:33:59.984, 98, 22370, 24576, 316.76, 63
2026/09/21 03:34:00.985, 100, 22370, 24576, 307.57, 64
2026/09/21 03:34:01.985, 100, 22370, 24576, 313.87, 64
2026/09/21 03:34:02.985, 100, 22370, 24576, 311.82, 63
2026/09/21 03:34:03.986, 100, 22370, 24576, 314.03, 63
2026/09/21 03:34:04.986, 96, 22370, 24576, 320.31, 63
2026/09/21 03:34:05.986, 71, 22370, 24576, 300.76, 60
2026/09/21 03:34:06.987, 0, 22370, 24576, 301.16, 62
2026/09/21 03:34:07.987, 65, 22370, 24576, 285.27, 62
2026/09/21 03:34:08.987, 96, 22370, 24576, 309.34, 63
2026/09/21 03:34:09.988, 69, 22370, 24576, 311.37, 62
2026/09/21 03:34:10.988, 69, 22370, 24576, 305.49, 62
2026/09/21 03:34:11.989, 96, 22370, 24576, 300.09, 62
2026/09/21 03:34:12.989, 69, 22370, 24576, 310.77, 62
2026/09/21 03:34:13.989, 70, 22370, 24576, 303.90, 62
2026/09/21 03:34:14.990, 0, 22370, 24576, 262.15, 59
2026/09/21 03:34:15.990, 0, 22370, 24576, 161.82, 58
2026/09/21 03:34:16.990, 0, 22370, 24576, 140.98, 56
2026/09/21 03:34:17.991, 0, 22370, 24576, 132.30, 56
2026/09/21 03:34:18.991, 0, 22370, 24576, 124.00, 55
2026/09/21 03:34:19.991, 100, 23362, 24576, 252.20, 60
2026/09/21 03:34:20.992, 91, 23394, 24576, 333.71, 61
2026/09/21 03:34:21.992, 100, 23394, 24576, 336.05, 61
2026/09/21 03:34:22.992, 100, 23394, 24576, 334.80, 61
2026/09/21 03:34:23.993, 100, 23394, 24576, 337.58, 61
2026/09/21 03:34:24.993, 100, 23394, 24576, 334.78, 61
2026/09/21 03:34:25.994, 100, 23394, 24576, 337.05, 62
2026/09/21 03:34:26.994, 100, 23394, 24576, 335.86, 61
2026/09/21 03:34:27.997, 100, 23394, 24576, 334.56, 61
2026/09/21 03:34:28.997, 100, 23394, 24576, 334.86, 61
2026/09/21 03:34:29.997, 100, 23394, 24576, 335.55, 61
2026/09/21 03:34:30.998, 100, 23394, 24576, 336.01, 62
2026/09/21 03:34:31.998, 100, 23394, 24576, 333.26, 62
2026/09/21 03:34:32.998, 100, 23394, 24576, 333.67, 61
2026/09/21 03:34:33.998, 100, 23394, 24576, 335.27, 62
2026/09/21 03:34:34.999, 100, 23394, 24576, 331.33, 62
2026/09/21 03:34:35.999, 100, 23394, 24576, 334.00, 62
2026/09/21 03:34:36.999, 90, 23394, 24576, 327.51, 62
2026/09/21 03:34:38.000, 100, 23394, 24576, 330.59, 62
2026/09/21 03:34:39.000, 100, 23394, 24576, 332.56, 61
2026/09/21 03:34:40.001, 100, 23394, 24576, 333.74, 62
2026/09/21 03:34:41.001, 100, 23394, 24576, 333.69, 62
2026/09/21 03:34:42.001, 100, 23394, 24576, 332.46, 62
2026/09/21 03:34:43.002, 100, 23394, 24576, 332.02, 62
2026/09/21 03:34:44.002, 58, 23394, 24576, 324.77, 62
2026/09/21 03:34:45.002, 100, 23394, 24576, 327.90, 63
2026/09/21 03:34:46.003, 100, 23394, 24576, 330.03, 63
2026/09/21 03:34:47.003, 100, 23394, 24576, 328.60, 63
2026/09/21 03:34:48.004, 100, 23394, 24576, 325.64, 63
2026/09/21 03:34:49.004, 100, 23394, 24576, 325.86, 63
2026/09/21 03:34:50.004, 100, 23394, 24576, 328.93, 62
2026/09/21 03:34:51.005, 100, 23394, 24576, 330.93, 63
2026/09/21 03:34:52.005, 100, 23394, 24576, 324.76, 63
2026/09/21 03:34:53.005, 100, 23394, 24576, 328.78, 63
2026/09/21 03:34:54.006, 54, 23394, 24576, 315.59, 60
2026/09/21 03:34:55.006, 100, 23394, 24576, 307.38, 63
2026/09/21 03:34:56.006, 100, 23394, 24576, 326.65, 63
2026/09/21 03:34:57.007, 100, 23394, 24576, 320.30, 62
2026/09/21 03:34:58.007, 100, 23394, 24576, 325.11, 63
2026/09/21 03:34:59.007, 100, 23394, 24576, 328.36, 63
2026/09/21 03:35:00.008, 100, 23394, 24576, 320.74, 62
2026/09/21 03:35:01.008, 100, 23394, 24576, 327.07, 62
2026/09/21 03:35:02.009, 100, 23394, 24576, 325.74, 62
2026/09/21 03:35:03.009, 100, 23394, 24576, 324.40, 63
2026/09/21 03:35:04.009, 100, 23394, 24576, 324.04, 63
2026/09/21 03:35:05.010, 92, 23394, 24576, 322.47, 63
2026/09/21 03:35:06.010, 100, 23394, 24576, 326.73, 63
2026/09/21 03:35:07.010, 100, 23394, 24576, 323.10, 63
2026/09/21 03:35:08.011, 100, 23394, 24576, 323.30, 63
2026/09/21 03:35:09.011, 100, 23394, 24576, 321.39, 62
2026/09/21 03:35:10.011, 100, 23394, 24576, 324.27, 62
2026/09/21 03:35:11.012, 100, 23394, 24576, 324.37, 62
2026/09/21 03:35:12.012, 100, 23394, 24576, 327.64, 63
2026/09/21 03:35:13.012, 100, 23394, 24576, 323.96, 62
2026/09/21 03:35:14.013, 100, 23394, 24576, 318.15, 62
2026/09/21 03:35:15.013, 100, 23394, 24576, 324.80, 63
2026/09/21 03:35:16.014, 100, 23394, 24576, 326.13, 62
2026/09/21 03:35:17.014, 100, 23394, 24576, 320.54, 62
2026/09/21 03:35:18.014, 100, 23394, 24576, 321.02, 63
2026/09/21 03:35:19.015, 100, 23394, 24576, 326.31, 63
2026/09/21 03:35:20.015, 100, 23394, 24576, 323.69, 63
2026/09/21 03:35:21.015, 100, 23394, 24576, 326.24, 63
2026/09/21 03:35:22.015, 100, 23394, 24576, 325.25, 62
2026/09/21 03:35:23.016, 93, 23394, 24576, 322.05, 62
2026/09/21 03:35:24.016, 100, 23394, 24576, 324.52, 62
2026/09/21 03:35:25.016, 100, 23394, 24576, 320.09, 62
2026/09/21 03:35:26.017, 93, 23394, 24576, 321.02, 62
2026/09/21 03:35:27.017, 100, 23394, 24576, 320.41, 62
2026/09/21 03:35:28.017, 100, 23394, 24576, 321.75, 62
2026/09/21 03:35:29.018, 100, 23394, 24576, 320.11, 63
2026/09/21 03:35:30.018, 100, 23394, 24576, 321.50, 63
2026/09/21 03:35:31.018, 100, 23394, 24576, 327.10, 63
2026/09/21 03:35:32.019, 100, 23394, 24576, 329.10, 62
2026/09/21 03:35:33.019, 100, 23394, 24576, 318.95, 62
2026/09/21 03:35:34.019, 100, 23394, 24576, 320.64, 62
2026/09/21 03:35:35.020, 100, 23394, 24576, 320.03, 62
2026/09/21 03:35:36.020, 91, 23394, 24576, 315.36, 63
2026/09/21 03:35:37.020, 100, 23394, 24576, 320.09, 63
2026/09/21 03:35:38.020, 100, 23394, 24576, 319.23, 63
2026/09/21 03:35:39.021, 100, 23394, 24576, 318.54, 62
2026/09/21 03:35:40.021, 100, 23394, 24576, 315.28, 63
2026/09/21 03:35:41.022, 100, 23394, 24576, 318.23, 62
2026/09/21 03:35:42.022, 100, 23394, 24576, 321.76, 62
2026/09/21 03:35:43.022, 69, 23394, 24576, 307.10, 62
2026/09/21 03:35:44.023, 100, 23394, 24576, 317.69, 63
2026/09/21 03:35:45.023, 100, 23394, 24576, 321.04, 62
2026/09/21 03:35:46.023, 100, 23394, 24576, 322.08, 62
2026/09/21 03:35:47.024, 100, 23394, 24576, 318.98, 62
2026/09/21 03:35:48.024, 100, 23394, 24576, 322.97, 63
2026/09/21 03:35:49.024, 100, 23394, 24576, 322.78, 63
2026/09/21 03:35:50.024, 99, 23394, 24576, 317.25, 63
2026/09/21 03:35:51.025, 100, 23394, 24576, 321.93, 62
2026/09/21 03:35:52.025, 100, 23394, 24576, 321.87, 63
2026/09/21 03:35:53.025, 100, 23394, 24576, 321.55, 62
2026/09/21 03:35:54.026, 100, 23394, 24576, 317.27, 62
2026/09/21 03:35:55.026, 100, 23394, 24576, 323.47, 63
2026/09/21 03:35:56.026, 100, 23394, 24576, 322.01, 62
2026/09/21 03:35:57.027, 100, 23394, 24576, 321.26, 63
2026/09/21 03:35:58.027, 100, 23394, 24576, 322.92, 63
2026/09/21 03:35:59.027, 100, 23394, 24576, 322.29, 62
2026/09/21 03:36:00.027, 100, 23394, 24576, 321.33, 63
2026/09/21 03:36:01.028, 100, 23394, 24576, 318.49, 63
2026/09/21 03:36:02.028, 100, 23394, 24576, 320.62, 63
2026/09/21 03:36:03.030, 100, 23394, 24576, 323.48, 62
2026/09/21 03:36:04.031, 100, 23394, 24576, 320.35, 63
2026/09/21 03:36:05.032, 100, 23394, 24576, 317.09, 62
2026/09/21 03:36:06.032, 100, 23394, 24576, 320.68, 63
2026/09/21 03:36:07.032, 100, 23394, 24576, 325.17, 62
2026/09/21 03:36:08.033, 100, 23394, 24576, 318.63, 62
2026/09/21 03:36:09.033, 100, 23394, 24576, 317.10, 62
2026/09/21 03:36:10.034, 100, 23394, 24576, 317.48, 62
2026/09/21 03:36:11.037, 100, 23394, 24576, 319.61, 63
2026/09/21 03:36:12.037, 100, 23394, 24576, 325.72, 62
2026/09/21 03:36:13.037, 100, 23394, 24576, 319.44, 64
2026/09/21 03:36:14.038, 100, 23394, 24576, 325.76, 63
2026/09/21 03:36:15.038, 100, 23394, 24576, 325.41, 62
2026/09/21 03:36:16.038, 100, 23394, 24576, 320.72, 62
2026/09/21 03:36:17.039, 100, 23394, 24576, 318.12, 63
2026/09/21 03:36:18.039, 100, 23394, 24576, 327.39, 62
2026/09/21 03:36:19.039, 100, 23394, 24576, 323.41, 62
2026/09/21 03:36:20.040, 100, 23394, 24576, 319.88, 62
2026/09/21 03:36:21.040, 100, 23394, 24576, 317.67, 63
2026/09/21 03:36:22.041, 100, 23394, 24576, 327.20, 63
2026/09/21 03:36:23.041, 100, 23394, 24576, 326.78, 62
2026/09/21 03:36:24.041, 100, 23394, 24576, 324.17, 62
2026/09/21 03:36:25.042, 100, 23394, 24576, 315.70, 63
2026/09/21 03:36:26.042, 100, 23394, 24576, 322.10, 64
2026/09/21 03:36:27.042, 100, 23394, 24576, 324.72, 64
2026/09/21 03:36:28.043, 100, 23394, 24576, 326.56, 63
2026/09/21 03:36:29.043, 100, 23394, 24576, 322.11, 62
2026/09/21 03:36:30.044, 100, 23394, 24576, 322.52, 62
2026/09/21 03:36:31.044, 100, 23394, 24576, 320.20, 62
2026/09/21 03:36:32.045, 100, 23394, 24576, 320.31, 62
2026/09/21 03:36:33.045, 100, 23394, 24576, 317.22, 63
2026/09/21 03:36:34.045, 100, 23394, 24576, 319.33, 62
2026/09/21 03:36:35.046, 100, 23394, 24576, 319.33, 62
2026/09/21 03:36:36.046, 100, 23394, 24576, 318.20, 62
2026/09/21 03:36:37.046, 92, 23394, 24576, 313.55, 64
2026/09/21 03:36:38.047, 100, 23394, 24576, 320.40, 63
2026/09/21 03:36:39.047, 100, 23394, 24576, 321.66, 63
2026/09/21 03:36:40.048, 100, 23394, 24576, 321.25, 63
2026/09/21 03:36:41.048, 100, 23394, 24576, 319.02, 62
2026/09/21 03:36:42.048, 100, 23394, 24576, 313.74, 63
2026/09/21 03:36:43.049, 100, 23394, 24576, 321.82, 62
2026/09/21 03:36:44.049, 100, 23394, 24576, 318.76, 62
2026/09/21 03:36:45.049, 100, 23394, 24576, 318.40, 62
2026/09/21 03:36:46.049, 100, 23394, 24576, 304.61, 62
2026/09/21 03:36:47.050, 100, 23394, 24576, 320.43, 63
2026/09/21 03:36:48.050, 100, 23394, 24576, 322.75, 63
2026/09/21 03:36:49.050, 100, 23394, 24576, 328.53, 62
2026/09/21 03:36:50.051, 100, 23394, 24576, 327.14, 63
2026/09/21 03:36:51.051, 100, 23394, 24576, 323.47, 62
2026/09/21 03:36:52.051, 100, 23394, 24576, 323.38, 62
2026/09/21 03:36:53.052, 100, 23394, 24576, 320.57, 63
2026/09/21 03:36:54.052, 100, 23394, 24576, 322.62, 64
2026/09/21 03:36:55.053, 100, 23394, 24576, 323.11, 64
2026/09/21 03:36:56.053, 100, 23394, 24576, 323.72, 63
2026/09/21 03:36:57.053, 100, 23394, 24576, 322.97, 62
2026/09/21 03:36:58.054, 100, 23394, 24576, 320.36, 63
2026/09/21 03:36:59.054, 100, 23394, 24576, 313.80, 63
2026/09/21 03:37:00.055, 100, 23394, 24576, 324.51, 63
2026/09/21 03:37:01.055, 100, 23394, 24576, 324.28, 62
2026/09/21 03:37:02.055, 100, 23394, 24576, 322.02, 62
2026/09/21 03:37:03.056, 100, 23394, 24576, 322.00, 64
2026/09/21 03:37:04.056, 100, 23394, 24576, 324.72, 63
2026/09/21 03:37:05.056, 100, 23394, 24576, 322.51, 62
2026/09/21 03:37:06.056, 100, 23394, 24576, 323.20, 63
2026/09/21 03:37:07.057, 100, 23394, 24576, 323.77, 63
2026/09/21 03:37:08.057, 90, 23394, 24576, 326.65, 63
2026/09/21 03:37:09.058, 100, 23394, 24576, 321.46, 62
2026/09/21 03:37:10.058, 100, 23394, 24576, 324.41, 64
2026/09/21 03:37:11.058, 100, 23394, 24576, 321.66, 62
2026/09/21 03:37:12.059, 100, 23394, 24576, 322.98, 63
2026/09/21 03:37:13.059, 100, 23394, 24576, 316.14, 63
2026/09/21 03:37:14.059, 100, 23394, 24576, 321.90, 62
2026/09/21 03:37:15.059, 100, 23394, 24576, 323.87, 63
2026/09/21 03:37:16.060, 100, 23394, 24576, 324.36, 63
2026/09/21 03:37:17.060, 100, 23394, 24576, 325.01, 62
2026/09/21 03:37:18.060, 100, 23394, 24576, 318.65, 63
2026/09/21 03:37:19.061, 100, 23394, 24576, 322.30, 62
2026/09/21 03:37:20.061, 100, 23394, 24576, 322.31, 62
2026/09/21 03:37:21.061, 100, 23394, 24576, 322.61, 63
2026/09/21 03:37:22.062, 100, 23394, 24576, 322.88, 63
2026/09/21 03:37:23.062, 100, 23394, 24576, 323.21, 64
2026/09/21 03:37:24.062, 100, 23394, 24576, 317.81, 62
2026/09/21 03:37:25.063, 100, 23394, 24576, 324.56, 64
2026/09/21 03:37:26.063, 100, 23394, 24576, 320.40, 62
2026/09/21 03:37:27.063, 100, 23394, 24576, 318.93, 62
2026/09/21 03:37:28.064, 100, 23394, 24576, 321.23, 62
2026/09/21 03:37:29.064, 100, 23394, 24576, 323.01, 63
2026/09/21 03:37:30.064, 100, 23394, 24576, 317.46, 62
2026/09/21 03:37:31.065, 100, 23394, 24576, 325.99, 63
2026/09/21 03:37:32.065, 100, 23394, 24576, 321.70, 63
2026/09/21 03:37:33.065, 100, 23394, 24576, 323.87, 63
2026/09/21 03:37:34.066, 100, 23394, 24576, 317.10, 62
2026/09/21 03:37:35.066, 100, 23394, 24576, 326.64, 64
2026/09/21 03:37:36.066, 100, 23394, 24576, 320.38, 62
2026/09/21 03:37:37.067, 100, 23394, 24576, 320.25, 62
2026/09/21 03:37:38.067, 100, 23394, 24576, 318.30, 63
2026/09/21 03:37:39.068, 100, 23394, 24576, 325.64, 63
2026/09/21 03:37:40.068, 100, 23394, 24576, 323.89, 62
2026/09/21 03:37:41.068, 100, 23394, 24576, 316.24, 63
2026/09/21 03:37:42.069, 100, 23394, 24576, 321.48, 62
2026/09/21 03:37:43.069, 100, 23394, 24576, 317.94, 63
2026/09/21 03:37:44.070, 100, 23394, 24576, 326.92, 63
2026/09/21 03:37:45.070, 100, 23394, 24576, 324.38, 62
2026/09/21 03:37:46.070, 100, 23394, 24576, 317.48, 63
2026/09/21 03:37:47.071, 100, 23394, 24576, 320.81, 62
2026/09/21 03:37:48.071, 100, 23394, 24576, 319.64, 62
2026/09/21 03:37:49.071, 100, 23394, 24576, 323.07, 64
2026/09/21 03:37:50.071, 100, 23394, 24576, 327.39, 62
2026/09/21 03:37:51.072, 100, 23394, 24576, 319.58, 62
2026/09/21 03:37:52.072, 100, 23394, 24576, 321.45, 63
2026/09/21 03:37:53.072, 100, 23394, 24576, 323.74, 62
2026/09/21 03:37:54.073, 100, 23394, 24576, 317.76, 62
2026/09/21 03:37:55.073, 100, 23394, 24576, 322.35, 64
2026/09/21 03:37:56.073, 100, 23394, 24576, 328.18, 63
2026/09/21 03:37:57.074, 100, 23394, 24576, 321.38, 63
2026/09/21 03:37:58.074, 100, 23394, 24576, 324.91, 64
2026/09/21 03:37:59.074, 100, 23394, 24576, 327.82, 63
2026/09/21 03:38:00.075, 100, 23394, 24576, 325.33, 62
2026/09/21 03:38:01.075, 100, 23394, 24576, 318.56, 62
2026/09/21 03:38:02.075, 46, 23394, 24576, 306.76, 60
2026/09/21 03:38:03.076, 100, 23394, 24576, 306.99, 63
2026/09/21 03:38:04.076, 100, 23394, 24576, 327.85, 63
2026/09/21 03:38:05.076, 100, 23394, 24576, 324.54, 62
2026/09/21 03:38:06.077, 100, 23394, 24576, 318.27, 62
2026/09/21 03:38:07.077, 100, 23394, 24576, 319.46, 63
2026/09/21 03:38:08.077, 100, 23394, 24576, 324.48, 62
2026/09/21 03:38:09.077, 100, 23394, 24576, 323.25, 62
2026/09/21 03:38:10.078, 100, 23394, 24576, 318.39, 62
2026/09/21 03:38:11.078, 100, 23394, 24576, 318.96, 62
2026/09/21 03:38:12.079, 100, 23394, 24576, 324.39, 64
2026/09/21 03:38:13.079, 100, 23394, 24576, 321.97, 62
2026/09/21 03:38:14.080, 100, 23394, 24576, 318.39, 62
2026/09/21 03:38:15.080, 100, 23394, 24576, 318.02, 62
2026/09/21 03:38:16.080, 100, 23394, 24576, 318.80, 62
2026/09/21 03:38:17.081, 100, 23394, 24576, 322.11, 63
2026/09/21 03:38:18.081, 97, 23394, 24576, 324.18, 62
2026/09/21 03:38:19.082, 100, 23394, 24576, 324.92, 62
2026/09/21 03:38:20.082, 100, 23394, 24576, 320.07, 62
2026/09/21 03:38:21.082, 100, 23394, 24576, 317.44, 62
2026/09/21 03:38:22.083, 100, 23394, 24576, 317.93, 62
2026/09/21 03:38:23.083, 100, 23394, 24576, 321.53, 63
2026/09/21 03:38:24.083, 100, 23394, 24576, 325.48, 63
2026/09/21 03:38:25.084, 100, 23394, 24576, 328.44, 62
2026/09/21 03:38:26.084, 100, 23394, 24576, 326.82, 62
2026/09/21 03:38:27.084, 100, 23394, 24576, 323.03, 62
2026/09/21 03:38:28.085, 100, 23394, 24576, 319.79, 62
2026/09/21 03:38:29.085, 100, 23394, 24576, 315.33, 62
2026/09/21 03:38:30.085, 100, 23394, 24576, 322.73, 63
2026/09/21 03:38:31.086, 100, 23394, 24576, 321.80, 63
2026/09/21 03:38:32.086, 100, 23394, 24576, 323.19, 63
2026/09/21 03:38:33.086, 100, 23394, 24576, 325.72, 64
2026/09/21 03:38:34.087, 100, 23394, 24576, 325.39, 62
2026/09/21 03:38:35.087, 100, 23394, 24576, 323.73, 62
2026/09/21 03:38:36.087, 100, 23394, 24576, 324.70, 62
2026/09/21 03:38:37.088, 100, 23394, 24576, 323.66, 62
2026/09/21 03:38:38.088, 100, 23394, 24576, 324.84, 62
2026/09/21 03:38:39.088, 100, 23394, 24576, 321.14, 62
2026/09/21 03:38:40.089, 100, 23394, 24576, 315.66, 62
2026/09/21 03:38:41.089, 100, 23394, 24576, 318.19, 62
2026/09/21 03:38:42.090, 100, 23394, 24576, 317.40, 62
2026/09/21 03:38:43.090, 100, 23394, 24576, 317.38, 62
2026/09/21 03:38:44.090, 100, 23394, 24576, 318.39, 62
2026/09/21 03:38:45.091, 100, 23394, 24576, 318.13, 62
2026/09/21 03:38:46.091, 100, 23394, 24576, 315.51, 63
2026/09/21 03:38:47.091, 100, 23394, 24576, 321.62, 62
2026/09/21 03:38:48.092, 100, 23394, 24576, 322.49, 62
2026/09/21 03:38:49.092, 100, 23394, 24576, 321.67, 62
2026/09/21 03:38:50.093, 100, 23394, 24576, 319.02, 62
2026/09/21 03:38:51.093, 100, 23394, 24576, 318.00, 63
2026/09/21 03:38:52.093, 100, 23394, 24576, 322.03, 63
2026/09/21 03:38:53.094, 100, 23394, 24576, 322.25, 62
2026/09/21 03:38:54.094, 100, 23394, 24576, 321.61, 62
2026/09/21 03:38:55.094, 100, 23394, 24576, 320.79, 62
2026/09/21 03:38:56.095, 100, 23394, 24576, 319.09, 62
2026/09/21 03:38:57.095, 100, 23394, 24576, 314.36, 62
2026/09/21 03:38:58.095, 100, 23394, 24576, 320.83, 62
2026/09/21 03:38:59.096, 100, 23394, 24576, 317.41, 62
2026/09/21 03:39:00.096, 100, 23394, 24576, 320.54, 62
2026/09/21 03:39:01.096, 100, 23394, 24576, 325.79, 62
2026/09/21 03:39:02.097, 100, 23394, 24576, 328.30, 63
2026/09/21 03:39:03.097, 100, 23394, 24576, 325.74, 62
2026/09/21 03:39:04.097, 100, 23394, 24576, 326.22, 63
2026/09/21 03:39:05.098, 100, 23394, 24576, 327.47, 63
2026/09/21 03:39:06.098, 100, 23394, 24576, 323.50, 63
2026/09/21 03:39:07.098, 100, 23394, 24576, 325.08, 63
2026/09/21 03:39:08.099, 100, 23394, 24576, 323.21, 63
2026/09/21 03:39:09.099, 100, 23394, 24576, 321.58, 63
2026/09/21 03:39:10.100, 100, 23394, 24576, 323.57, 62
2026/09/21 03:39:11.100, 100, 23394, 24576, 321.81, 62
2026/09/21 03:39:12.100, 100, 23394, 24576, 319.92, 62
2026/09/21 03:39:13.101, 100, 23394, 24576, 325.15, 62
2026/09/21 03:39:14.101, 93, 23394, 24576, 322.47, 62
2026/09/21 03:39:15.101, 100, 23394, 24576, 326.95, 63
2026/09/21 03:39:16.102, 100, 23394, 24576, 326.42, 64
2026/09/21 03:39:17.102, 100, 23394, 24576, 323.11, 63
2026/09/21 03:39:18.103, 100, 23394, 24576, 323.17, 62
2026/09/21 03:39:19.103, 100, 23394, 24576, 322.64, 62
2026/09/21 03:39:20.104, 100, 23394, 24576, 318.39, 63
2026/09/21 03:39:21.104, 100, 23394, 24576, 323.40, 62
2026/09/21 03:39:22.105, 100, 23394, 24576, 325.44, 63
2026/09/21 03:39:23.105, 100, 23394, 24576, 323.70, 63
2026/09/21 03:39:24.107, 100, 23394, 24576, 324.38, 62
2026/09/21 03:39:25.107, 100, 23394, 24576, 323.29, 62
2026/09/21 03:39:26.108, 100, 23394, 24576, 320.73, 63
2026/09/21 03:39:27.108, 100, 23394, 24576, 325.30, 62
2026/09/21 03:39:28.108, 100, 23394, 24576, 324.38, 63
2026/09/21 03:39:29.109, 100, 23394, 24576, 324.38, 63
2026/09/21 03:39:30.109, 100, 23394, 24576, 324.18, 62
2026/09/21 03:39:31.109, 100, 23394, 24576, 322.98, 61
2026/09/21 03:39:32.110, 99, 23394, 24576, 318.09, 62
2026/09/21 03:39:33.110, 100, 23394, 24576, 304.09, 63
2026/09/21 03:39:34.110, 100, 23394, 24576, 323.21, 62
2026/09/21 03:39:35.110, 100, 23394, 24576, 322.59, 62
2026/09/21 03:39:36.111, 100, 23394, 24576, 324.43, 62
2026/09/21 03:39:37.111, 100, 23394, 24576, 324.53, 63
2026/09/21 03:39:38.111, 100, 23394, 24576, 324.13, 62
2026/09/21 03:39:39.112, 100, 23394, 24576, 321.54, 63
2026/09/21 03:39:40.112, 100, 23394, 24576, 324.66, 62
2026/09/21 03:39:41.112, 100, 23394, 24576, 324.48, 63
2026/09/21 03:39:42.113, 100, 23394, 24576, 323.85, 63
2026/09/21 03:39:43.113, 100, 23394, 24576, 325.00, 62
2026/09/21 03:39:44.113, 100, 23394, 24576, 325.42, 62
2026/09/21 03:39:45.114, 100, 23394, 24576, 323.05, 62
2026/09/21 03:39:46.114, 100, 23394, 24576, 322.27, 64
2026/09/21 03:39:47.114, 100, 23394, 24576, 323.86, 62
2026/09/21 03:39:48.115, 100, 23394, 24576, 325.14, 62
2026/09/21 03:39:49.115, 100, 23394, 24576, 324.10, 63
2026/09/21 03:39:50.115, 100, 23394, 24576, 323.46, 63
2026/09/21 03:39:51.116, 100, 23394, 24576, 323.14, 63
2026/09/21 03:39:52.116, 100, 23394, 24576, 325.42, 62
2026/09/21 03:39:53.117, 100, 23394, 24576, 323.36, 63
2026/09/21 03:39:54.117, 100, 23394, 24576, 325.05, 63
2026/09/21 03:39:55.117, 100, 23394, 24576, 324.95, 62
2026/09/21 03:39:56.118, 100, 23394, 24576, 324.51, 63
2026/09/21 03:39:57.118, 84, 23394, 24576, 321.77, 62
2026/09/21 03:39:58.119, 100, 23394, 24576, 321.19, 63
2026/09/21 03:39:59.119, 100, 23394, 24576, 325.54, 62
2026/09/21 03:40:00.119, 100, 23394, 24576, 321.04, 63
2026/09/21 03:40:01.120, 100, 23394, 24576, 324.74, 63
2026/09/21 03:40:02.120, 100, 23394, 24576, 325.14, 62
2026/09/21 03:40:03.120, 96, 23394, 24576, 320.77, 63
2026/09/21 03:40:04.121, 100, 23394, 24576, 322.63, 63
2026/09/21 03:40:05.125, 100, 23655, 24576, 324.66, 62
2026/09/21 03:40:06.125, 100, 23655, 24576, 324.24, 63
2026/09/21 03:40:07.127, 100, 23394, 24576, 323.76, 63
2026/09/21 03:40:08.127, 100, 23394, 24576, 323.60, 62
2026/09/21 03:40:09.128, 100, 23394, 24576, 322.54, 64
2026/09/21 03:40:10.128, 100, 23394, 24576, 323.47, 63
2026/09/21 03:40:11.128, 100, 23394, 24576, 323.54, 62
2026/09/21 03:40:12.129, 100, 23394, 24576, 324.71, 63
2026/09/21 03:40:13.129, 100, 23394, 24576, 324.98, 63
2026/09/21 03:40:14.130, 100, 23394, 24576, 325.57, 62
2026/09/21 03:40:15.130, 100, 23394, 24576, 327.51, 64
2026/09/21 03:40:16.130, 100, 23394, 24576, 324.65, 63
2026/09/21 03:40:17.131, 100, 23394, 24576, 322.71, 62
2026/09/21 03:40:18.131, 100, 23394, 24576, 327.15, 64
2026/09/21 03:40:19.131, 100, 23394, 24576, 321.74, 62
2026/09/21 03:40:20.132, 100, 23394, 24576, 324.37, 62
2026/09/21 03:40:21.132, 100, 23394, 24576, 323.51, 63
2026/09/21 03:40:22.132, 100, 23394, 24576, 323.27, 62
2026/09/21 03:40:23.133, 100, 23394, 24576, 323.39, 62
2026/09/21 03:40:24.133, 100, 23394, 24576, 321.56, 63
2026/09/21 03:40:25.133, 100, 23394, 24576, 323.48, 62
2026/09/21 03:40:26.134, 100, 23394, 24576, 328.99, 63
2026/09/21 03:40:27.134, 100, 23394, 24576, 324.98, 62
2026/09/21 03:40:28.134, 100, 23394, 24576, 326.47, 63
2026/09/21 03:40:29.135, 92, 23394, 24576, 322.92, 63
2026/09/21 03:40:30.135, 100, 23394, 24576, 321.23, 62
2026/09/21 03:40:31.136, 100, 23394, 24576, 328.76, 63
2026/09/21 03:40:32.136, 100, 23394, 24576, 324.55, 62
2026/09/21 03:40:33.136, 100, 23394, 24576, 325.49, 63
2026/09/21 03:40:34.137, 100, 23394, 24576, 319.77, 62
2026/09/21 03:40:35.137, 100, 23394, 24576, 325.98, 62
2026/09/21 03:40:36.137, 100, 23394, 24576, 324.04, 63
2026/09/21 03:40:37.138, 100, 23394, 24576, 325.38, 62
2026/09/21 03:40:38.138, 100, 23394, 24576, 328.30, 64
2026/09/21 03:40:39.138, 100, 23394, 24576, 322.45, 62
2026/09/21 03:40:40.139, 100, 23394, 24576, 326.61, 63
2026/09/21 03:40:41.139, 100, 23394, 24576, 320.89, 63
2026/09/21 03:40:42.139, 100, 23394, 24576, 326.40, 63
2026/09/21 03:40:43.140, 100, 23394, 24576, 327.25, 63
2026/09/21 03:40:44.140, 100, 23394, 24576, 323.59, 62
2026/09/21 03:40:45.140, 100, 23394, 24576, 331.02, 63
2026/09/21 03:40:46.141, 100, 23394, 24576, 323.92, 62
2026/09/21 03:40:47.141, 100, 23394, 24576, 329.82, 64
2026/09/21 03:40:48.141, 100, 23394, 24576, 325.69, 62
2026/09/21 03:40:49.141, 100, 23394, 24576, 323.37, 63
2026/09/21 03:40:50.142, 100, 23394, 24576, 318.58, 63
2026/09/21 03:40:51.142, 100, 23394, 24576, 326.11, 63
2026/09/21 03:40:52.142, 100, 23394, 24576, 319.48, 63
2026/09/21 03:40:53.143, 100, 23394, 24576, 326.10, 63
2026/09/21 03:40:54.143, 100, 23394, 24576, 319.68, 63
2026/09/21 03:40:55.144, 100, 23394, 24576, 326.87, 63
2026/09/21 03:40:56.144, 100, 23394, 24576, 323.10, 63
2026/09/21 03:40:57.144, 100, 23394, 24576, 323.82, 62
2026/09/21 03:40:58.145, 100, 23394, 24576, 327.25, 63
2026/09/21 03:40:59.145, 100, 23394, 24576, 324.03, 62
2026/09/21 03:41:00.146, 100, 23394, 24576, 325.46, 63
2026/09/21 03:41:01.147, 100, 23394, 24576, 324.53, 62
2026/09/21 03:41:02.148, 100, 23394, 24576, 322.14, 63
2026/09/21 03:41:03.148, 100, 23394, 24576, 323.03, 62
2026/09/21 03:41:04.148, 100, 23394, 24576, 328.54, 63
2026/09/21 03:41:05.149, 100, 23394, 24576, 323.98, 63
2026/09/21 03:41:06.149, 100, 23394, 24576, 326.65, 64
2026/09/21 03:41:07.150, 100, 23394, 24576, 325.29, 62
2026/09/21 03:41:08.150, 100, 23394, 24576, 320.97, 64
2026/09/21 03:41:09.150, 100, 23394, 24576, 324.28, 63
2026/09/21 03:41:10.151, 100, 23394, 24576, 325.28, 64
2026/09/21 03:41:11.151, 100, 23394, 24576, 326.12, 62
2026/09/21 03:41:12.151, 100, 23394, 24576, 321.06, 63
2026/09/21 03:41:13.152, 100, 23394, 24576, 327.72, 62
2026/09/21 03:41:14.152, 100, 23394, 24576, 320.88, 63
2026/09/21 03:41:15.153, 100, 23394, 24576, 331.30, 62
2026/09/21 03:41:16.153, 100, 23394, 24576, 326.94, 63
2026/09/21 03:41:17.154, 100, 23394, 24576, 311.52, 64
2026/09/21 03:41:18.154, 100, 23394, 24576, 325.13, 62
2026/09/21 03:41:19.154, 100, 23394, 24576, 319.46, 63
2026/09/21 03:41:20.155, 100, 23394, 24576, 328.89, 62
2026/09/21 03:41:21.156, 100, 23394, 24576, 321.61, 63
2026/09/21 03:41:22.156, 100, 23394, 24576, 330.93, 63
2026/09/21 03:41:23.156, 100, 23394, 24576, 326.09, 63
2026/09/21 03:41:24.157, 100, 23394, 24576, 328.29, 63
2026/09/21 03:41:25.157, 100, 23394, 24576, 325.95, 63
2026/09/21 03:41:26.157, 100, 23394, 24576, 323.71, 63
2026/09/21 03:41:27.157, 100, 23394, 24576, 327.42, 62
2026/09/21 03:41:28.158, 100, 23394, 24576, 320.30, 63
2026/09/21 03:41:29.158, 100, 23394, 24576, 331.69, 63
2026/09/21 03:41:30.158, 100, 23394, 24576, 324.33, 63
2026/09/21 03:41:31.159, 100, 23394, 24576, 329.87, 63
2026/09/21 03:41:32.159, 100, 23394, 24576, 325.42, 63
2026/09/21 03:41:33.160, 100, 23394, 24576, 323.12, 63
2026/09/21 03:41:34.160, 100, 23394, 24576, 328.84, 62
2026/09/21 03:41:35.160, 100, 23394, 24576, 322.13, 63
2026/09/21 03:41:36.161, 100, 23394, 24576, 329.12, 64
2026/09/21 03:41:37.161, 100, 23394, 24576, 323.59, 63
2026/09/21 03:41:38.161, 100, 23394, 24576, 324.40, 64
2026/09/21 03:41:39.162, 100, 23394, 24576, 327.54, 62
2026/09/21 03:41:40.162, 100, 23394, 24576, 320.55, 63
2026/09/21 03:41:41.162, 100, 23394, 24576, 330.12, 64
2026/09/21 03:41:42.162, 100, 23394, 24576, 326.22, 63
2026/09/21 03:41:43.163, 100, 23394, 24576, 321.08, 63
2026/09/21 03:41:44.163, 92, 23394, 24576, 324.17, 63
2026/09/21 03:41:45.164, 100, 23394, 24576, 323.03, 63
2026/09/21 03:41:46.164, 100, 23394, 24576, 329.57, 64
2026/09/21 03:41:47.164, 100, 23394, 24576, 326.02, 62
2026/09/21 03:41:48.164, 100, 23394, 24576, 320.85, 63
2026/09/21 03:41:49.165, 100, 23394, 24576, 331.44, 64
2026/09/21 03:41:50.165, 100, 23394, 24576, 326.65, 62
2026/09/21 03:41:51.165, 100, 23394, 24576, 322.20, 63
2026/09/21 03:41:52.166, 100, 23394, 24576, 324.66, 62
2026/09/21 03:41:53.166, 100, 23394, 24576, 321.65, 63
2026/09/21 03:41:54.166, 100, 23394, 24576, 329.40, 64
2026/09/21 03:41:55.167, 100, 23394, 24576, 328.07, 62
2026/09/21 03:41:56.167, 100, 23394, 24576, 321.18, 63
2026/09/21 03:41:57.167, 100, 23394, 24576, 329.66, 64
2026/09/21 03:41:58.168, 100, 23394, 24576, 327.36, 62
2026/09/21 03:41:59.168, 100, 23394, 24576, 321.52, 63
2026/09/21 03:42:00.168, 100, 23394, 24576, 331.72, 64
2026/09/21 03:42:01.169, 100, 23394, 24576, 324.60, 63
2026/09/21 03:42:02.169, 100, 23394, 24576, 322.64, 63
2026/09/21 03:42:03.169, 100, 23394, 24576, 331.26, 64
2026/09/21 03:42:04.169, 100, 23394, 24576, 326.38, 63
2026/09/21 03:42:05.170, 100, 23394, 24576, 320.98, 63
2026/09/21 03:42:06.170, 97, 23394, 24576, 330.06, 63
2026/09/21 03:42:07.170, 100, 23394, 24576, 325.51, 63
2026/09/21 03:42:08.171, 100, 23394, 24576, 324.54, 63
2026/09/21 03:42:09.171, 100, 23394, 24576, 331.17, 64
2026/09/21 03:42:10.171, 100, 23394, 24576, 326.73, 63
2026/09/21 03:42:11.172, 100, 23394, 24576, 320.70, 63
2026/09/21 03:42:12.172, 100, 23394, 24576, 329.08, 64
2026/09/21 03:42:13.173, 100, 23394, 24576, 325.32, 63
2026/09/21 03:42:14.173, 100, 23394, 24576, 323.19, 63
2026/09/21 03:42:15.173, 100, 23394, 24576, 328.41, 64
2026/09/21 03:42:16.174, 100, 23394, 24576, 326.98, 62
2026/09/21 03:42:17.174, 100, 23394, 24576, 321.68, 63
2026/09/21 03:42:18.174, 100, 23394, 24576, 327.57, 63
2026/09/21 03:42:19.175, 100, 23394, 24576, 332.66, 63
2026/09/21 03:42:20.175, 100, 23394, 24576, 326.20, 63
2026/09/21 03:42:21.175, 100, 23394, 24576, 318.27, 63
2026/09/21 03:42:22.176, 100, 23394, 24576, 329.97, 63
2026/09/21 03:42:23.176, 100, 23394, 24576, 327.40, 63
2026/09/21 03:42:24.176, 100, 23394, 24576, 321.87, 63
2026/09/21 03:42:25.177, 100, 23394, 24576, 326.33, 64
2026/09/21 03:42:26.177, 100, 23394, 24576, 330.27, 62
2026/09/21 03:42:27.177, 100, 23394, 24576, 323.24, 63
2026/09/21 03:42:28.178, 100, 23394, 24576, 324.40, 64
2026/09/21 03:42:29.178, 100, 23394, 24576, 331.28, 63
2026/09/21 03:42:30.178, 100, 23394, 24576, 326.00, 62
2026/09/21 03:42:31.179, 100, 23394, 24576, 321.93, 63
2026/09/21 03:42:32.179, 100, 23394, 24576, 326.24, 64
2026/09/21 03:42:33.179, 100, 23394, 24576, 332.21, 63
2026/09/21 03:42:34.180, 100, 23394, 24576, 327.25, 63
2026/09/21 03:42:35.180, 100, 23394, 24576, 321.63, 63
2026/09/21 03:42:36.180, 100, 23394, 24576, 329.33, 64
2026/09/21 03:42:37.181, 100, 23394, 24576, 327.43, 62
2026/09/21 03:42:38.181, 100, 23394, 24576, 321.50, 63
2026/09/21 03:42:39.181, 100, 23394, 24576, 326.00, 63
2026/09/21 03:42:40.182, 100, 23394, 24576, 330.74, 64
2026/09/21 03:42:41.182, 100, 23394, 24576, 329.23, 62
2026/09/21 03:42:42.182, 100, 23394, 24576, 321.70, 63
2026/09/21 03:42:43.183, 100, 23394, 24576, 324.93, 64
2026/09/21 03:42:44.183, 100, 23394, 24576, 329.11, 64
2026/09/21 03:42:45.183, 100, 23394, 24576, 328.34, 63
2026/09/21 03:42:46.184, 100, 23394, 24576, 319.75, 63
2026/09/21 03:42:47.184, 100, 23394, 24576, 325.89, 64
2026/09/21 03:42:48.184, 100, 23394, 24576, 328.49, 64
2026/09/21 03:42:49.185, 100, 23394, 24576, 331.61, 63
2026/09/21 03:42:50.185, 100, 23394, 24576, 324.53, 63
2026/09/21 03:42:51.185, 100, 23394, 24576, 318.27, 64
2026/09/21 03:42:52.185, 100, 23394, 24576, 328.57, 64
2026/09/21 03:42:53.186, 100, 23394, 24576, 331.41, 63
2026/09/21 03:42:54.186, 100, 23394, 24576, 325.01, 63
2026/09/21 03:42:55.187, 100, 23394, 24576, 320.47, 63
2026/09/21 03:42:56.187, 100, 23394, 24576, 325.93, 63
2026/09/21 03:42:57.187, 100, 23394, 24576, 328.95, 64
2026/09/21 03:42:58.188, 99, 23394, 24576, 326.45, 63
2026/09/21 03:42:59.188, 100, 23394, 24576, 323.40, 63
2026/09/21 03:43:00.189, 100, 23394, 24576, 324.54, 64
2026/09/21 03:43:01.189, 100, 23394, 24576, 325.93, 64
2026/09/21 03:43:02.191, 100, 23394, 24576, 330.36, 64
2026/09/21 03:43:03.192, 100, 23394, 24576, 326.00, 62
2026/09/21 03:43:04.192, 100, 23394, 24576, 322.11, 63
2026/09/21 03:43:05.193, 100, 23394, 24576, 323.90, 63
2026/09/21 03:43:06.193, 93, 23394, 24576, 325.58, 64
2026/09/21 03:43:07.193, 100, 23394, 24576, 328.69, 63
2026/09/21 03:43:08.193, 100, 23394, 24576, 323.85, 63
2026/09/21 03:43:09.194, 100, 23394, 24576, 319.81, 63
2026/09/21 03:43:10.194, 100, 23394, 24576, 325.38, 63
2026/09/21 03:43:11.194, 100, 23394, 24576, 326.97, 64
2026/09/21 03:43:12.194, 100, 23394, 24576, 330.58, 64
2026/09/21 03:43:13.195, 100, 23394, 24576, 329.88, 62
2026/09/21 03:43:14.195, 100, 23394, 24576, 304.56, 62
2026/09/21 03:43:15.195, 100, 23394, 24576, 320.38, 63
2026/09/21 03:43:16.195, 100, 23394, 24576, 323.14, 63
2026/09/21 03:43:17.196, 100, 23394, 24576, 325.71, 63
2026/09/21 03:43:18.196, 100, 23394, 24576, 325.32, 64
2026/09/21 03:43:19.197, 100, 23394, 24576, 330.63, 64
2026/09/21 03:43:20.197, 100, 23394, 24576, 328.26, 62
2026/09/21 03:43:21.197, 100, 23394, 24576, 320.72, 63
2026/09/21 03:43:22.197, 100, 23394, 24576, 319.89, 63
2026/09/21 03:43:23.198, 100, 23394, 24576, 326.35, 63
2026/09/21 03:43:24.198, 100, 23394, 24576, 329.49, 64
2026/09/21 03:43:25.198, 100, 23394, 24576, 331.22, 63
2026/09/21 03:43:26.199, 100, 23394, 24576, 327.03, 62
2026/09/21 03:43:27.199, 100, 23394, 24576, 320.57, 63
2026/09/21 03:43:28.199, 100, 23394, 24576, 321.75, 63
2026/09/21 03:43:29.200, 100, 23394, 24576, 325.38, 63
2026/09/21 03:43:30.200, 100, 23394, 24576, 327.95, 64
2026/09/21 03:43:31.200, 100, 23394, 24576, 330.71, 63
2026/09/21 03:43:32.201, 100, 23394, 24576, 327.23, 62
2026/09/21 03:43:33.201, 100, 23394, 24576, 320.63, 63
2026/09/21 03:43:34.201, 100, 23394, 24576, 319.86, 63
2026/09/21 03:43:35.202, 100, 23394, 24576, 324.49, 63
2026/09/21 03:43:36.202, 100, 23394, 24576, 325.94, 63
2026/09/21 03:43:37.203, 100, 23394, 24576, 325.84, 64
2026/09/21 03:43:38.203, 100, 23394, 24576, 328.62, 63
2026/09/21 03:43:39.203, 100, 23394, 24576, 326.30, 62
2026/09/21 03:43:40.204, 100, 23394, 24576, 320.78, 63
2026/09/21 03:43:41.204, 100, 23394, 24576, 319.26, 63
2026/09/21 03:43:42.205, 100, 23394, 24576, 323.90, 63
2026/09/21 03:43:43.205, 100, 23394, 24576, 325.56, 64
2026/09/21 03:43:44.205, 100, 23394, 24576, 326.27, 64
2026/09/21 03:43:45.206, 100, 23394, 24576, 326.16, 63
2026/09/21 03:43:46.206, 100, 23394, 24576, 328.95, 62
2026/09/21 03:43:47.207, 100, 23394, 24576, 320.59, 63
2026/09/21 03:43:48.207, 100, 23394, 24576, 322.90, 63
2026/09/21 03:43:49.207, 100, 23394, 24576, 324.83, 63
2026/09/21 03:43:50.208, 100, 23394, 24576, 326.56, 63
2026/09/21 03:43:51.208, 100, 23394, 24576, 326.37, 63
2026/09/21 03:43:52.208, 100, 23394, 24576, 327.23, 64
2026/09/21 03:43:53.208, 99, 23394, 24576, 325.57, 64
2026/09/21 03:43:54.209, 100, 23394, 24576, 323.71, 64
2026/09/21 03:43:55.209, 100, 23394, 24576, 318.13, 63
2026/09/21 03:43:56.210, 100, 23394, 24576, 321.00, 62
2026/09/21 03:43:57.210, 100, 23394, 24576, 322.98, 63
2026/09/21 03:43:58.210, 100, 23394, 24576, 325.65, 63
2026/09/21 03:43:59.211, 100, 23394, 24576, 324.81, 63
2026/09/21 03:44:00.211, 100, 23394, 24576, 326.18, 63
2026/09/21 03:44:01.211, 100, 23394, 24576, 325.95, 64
2026/09/21 03:44:02.212, 100, 23394, 24576, 330.33, 64
2026/09/21 03:44:03.212, 100, 23394, 24576, 328.66, 65
2026/09/21 03:44:04.213, 100, 23394, 24576, 322.57, 64
2026/09/21 03:44:05.213, 100, 23394, 24576, 320.29, 63
2026/09/21 03:44:06.213, 100, 23394, 24576, 318.46, 63
2026/09/21 03:44:07.213, 100, 23394, 24576, 319.92, 62
2026/09/21 03:44:08.214, 100, 23394, 24576, 322.91, 63
2026/09/21 03:44:09.214, 100, 23394, 24576, 323.49, 63
2026/09/21 03:44:10.215, 100, 23394, 24576, 325.77, 64
2026/09/21 03:44:11.215, 100, 23394, 24576, 325.22, 64
2026/09/21 03:44:12.215, 100, 23394, 24576, 324.15, 64
2026/09/21 03:44:13.216, 100, 23394, 24576, 327.02, 64
2026/09/21 03:44:14.216, 100, 23394, 24576, 329.80, 64
2026/09/21 03:44:15.216, 100, 23394, 24576, 329.53, 64
2026/09/21 03:44:16.217, 100, 23394, 24576, 329.82, 64
2026/09/21 03:44:17.217, 100, 23394, 24576, 329.12, 64
2026/09/21 03:44:18.217, 100, 23394, 24576, 320.18, 63
2026/09/21 03:44:19.218, 100, 23394, 24576, 322.67, 62
2026/09/21 03:44:20.218, 100, 23394, 24576, 322.04, 63
2026/09/21 03:44:21.219, 100, 23394, 24576, 323.76, 63
2026/09/21 03:44:22.219, 100, 23394, 24576, 324.66, 63
2026/09/21 03:44:23.219, 100, 23394, 24576, 325.32, 63
2026/09/21 03:44:24.220, 100, 23394, 24576, 325.27, 63
2026/09/21 03:44:25.220, 100, 23394, 24576, 325.08, 63
2026/09/21 03:44:26.221, 100, 23394, 24576, 326.30, 64
2026/09/21 03:44:27.221, 100, 23394, 24576, 324.74, 64
2026/09/21 03:44:28.221, 100, 23394, 24576, 326.67, 64
2026/09/21 03:44:29.222, 100, 23394, 24576, 327.25, 64
2026/09/21 03:44:30.222, 100, 23394, 24576, 328.59, 64
2026/09/21 03:44:31.222, 100, 23394, 24576, 329.02, 64
2026/09/21 03:44:32.223, 100, 23394, 24576, 329.46, 64
2026/09/21 03:44:33.223, 100, 23394, 24576, 329.82, 64
2026/09/21 03:44:34.224, 100, 23394, 24576, 323.29, 64
2026/09/21 03:44:35.224, 100, 23394, 24576, 323.77, 64
2026/09/21 03:44:36.225, 100, 23394, 24576, 318.77, 63
2026/09/21 03:44:37.225, 100, 23394, 24576, 318.40, 63
2026/09/21 03:44:38.225, 100, 23394, 24576, 318.02, 63
2026/09/21 03:44:39.226, 100, 23394, 24576, 317.44, 63
2026/09/21 03:44:40.226, 100, 23394, 24576, 319.47, 63
2026/09/21 03:44:41.227, 100, 23394, 24576, 318.36, 63
2026/09/21 03:44:42.227, 100, 23394, 24576, 318.37, 63
2026/09/21 03:44:43.227, 100, 23394, 24576, 320.39, 64
2026/09/21 03:44:44.227, 100, 23394, 24576, 324.36, 64
2026/09/21 03:44:45.228, 100, 23394, 24576, 324.31, 64
2026/09/21 03:44:46.228, 100, 23394, 24576, 324.32, 64
2026/09/21 03:44:47.229, 100, 23394, 24576, 324.07, 64
2026/09/21 03:44:48.229, 100, 23394, 24576, 325.05, 64
2026/09/21 03:44:49.229, 100, 23394, 24576, 324.40, 64
2026/09/21 03:44:50.230, 100, 23394, 24576, 324.55, 64
2026/09/21 03:44:51.230, 100, 23394, 24576, 325.54, 64
2026/09/21 03:44:52.230, 100, 23394, 24576, 323.46, 64
2026/09/21 03:44:53.231, 100, 23394, 24576, 325.07, 64
2026/09/21 03:44:54.231, 100, 23394, 24576, 324.15, 64
2026/09/21 03:44:55.232, 100, 23394, 24576, 324.37, 64
2026/09/21 03:44:56.232, 100, 23394, 24576, 325.90, 64
2026/09/21 03:44:57.232, 100, 23394, 24576, 325.09, 64
2026/09/21 03:44:58.233, 100, 23394, 24576, 326.27, 64
2026/09/21 03:44:59.233, 100, 23394, 24576, 325.54, 64
2026/09/21 03:45:00.234, 100, 23394, 24576, 326.13, 64
2026/09/21 03:45:01.234, 100, 23394, 24576, 324.63, 64
2026/09/21 03:45:02.234, 100, 23394, 24576, 324.81, 64
2026/09/21 03:45:03.235, 100, 23394, 24576, 324.32, 64
2026/09/21 03:45:04.235, 100, 23394, 24576, 325.16, 64
2026/09/21 03:45:05.238, 100, 23655, 24576, 325.42, 64
2026/09/21 03:45:06.239, 100, 23394, 24576, 323.81, 64
2026/09/21 03:45:07.518, 100, 23394, 24576, 324.85, 64
2026/09/21 03:45:08.519, 100, 23394, 24576, 308.21, 63
2026/09/21 03:45:09.519, 100, 23394, 24576, 323.15, 64
2026/09/21 03:45:10.520, 100, 23394, 24576, 323.44, 64
2026/09/21 03:45:11.520, 100, 23394, 24576, 321.90, 63
2026/09/21 03:45:12.520, 100, 23394, 24576, 320.76, 63
2026/09/21 03:45:13.521, 100, 23394, 24576, 319.40, 63
2026/09/21 03:45:14.521, 100, 23394, 24576, 319.27, 63
2026/09/21 03:45:15.522, 100, 23394, 24576, 320.65, 63
2026/09/21 03:45:16.522, 100, 23394, 24576, 318.99, 64
2026/09/21 03:45:17.522, 100, 23394, 24576, 304.93, 63
2026/09/21 03:45:18.523, 100, 23394, 24576, 321.21, 64
2026/09/21 03:45:19.523, 100, 23394, 24576, 321.30, 65
2026/09/21 03:45:20.524, 100, 23394, 24576, 323.49, 64
2026/09/21 03:45:21.525, 100, 23394, 24576, 326.72, 64
2026/09/21 03:45:22.525, 34, 23394, 24576, 306.20, 63
2026/09/21 03:45:23.526, 100, 23394, 24576, 338.96, 63
2026/09/21 03:45:24.526, 91, 23394, 24576, 331.73, 63
2026/09/21 03:45:25.526, 86, 23394, 24576, 321.59, 63
2026/09/21 03:45:26.527, 96, 23394, 24576, 329.36, 63
2026/09/21 03:45:27.527, 93, 23394, 24576, 328.12, 63
2026/09/21 03:45:28.528, 98, 23394, 24576, 324.21, 63
2026/09/21 03:45:29.528, 96, 23394, 24576, 327.75, 63
2026/09/21 03:45:30.528, 96, 23394, 24576, 328.49, 63
2026/09/21 03:45:31.529, 97, 23394, 24576, 323.56, 63
2026/09/21 03:45:32.529, 98, 23394, 24576, 329.24, 63
2026/09/21 03:45:33.529, 96, 23394, 24576, 328.43, 63
2026/09/21 03:45:34.530, 96, 23394, 24576, 328.69, 63
2026/09/21 03:45:35.530, 96, 23394, 24576, 326.56, 63
2026/09/21 03:45:36.530, 0, 23394, 24576, 230.18, 59
2026/09/21 03:45:37.530, 0, 23394, 24576, 147.80, 58
2026/09/21 03:45:38.531, 100, 23394, 24576, 267.37, 62
2026/09/21 03:45:39.531, 100, 23394, 24576, 334.10, 63
2026/09/21 03:45:40.531, 100, 23394, 24576, 334.92, 63
2026/09/21 03:45:41.532, 100, 23394, 24576, 334.42, 63
2026/09/21 03:45:42.532, 100, 23394, 24576, 336.28, 63
2026/09/21 03:45:43.532, 100, 23394, 24576, 334.83, 63
2026/09/21 03:45:44.533, 100, 23394, 24576, 335.32, 63
2026/09/21 03:45:45.533, 100, 23394, 24576, 335.74, 63
2026/09/21 03:45:46.533, 100, 23394, 24576, 335.40, 63
2026/09/21 03:45:47.534, 100, 23394, 24576, 334.05, 63
2026/09/21 03:45:48.534, 100, 23394, 24576, 334.58, 63
2026/09/21 03:45:49.535, 100, 23394, 24576, 335.15, 63
2026/09/21 03:45:50.535, 100, 23394, 24576, 333.07, 63
2026/09/21 03:45:51.535, 100, 23394, 24576, 333.48, 63
2026/09/21 03:45:52.536, 100, 23394, 24576, 334.89, 63
2026/09/21 03:45:53.536, 100, 23394, 24576, 332.46, 63
2026/09/21 03:45:54.537, 100, 23394, 24576, 333.22, 64
2026/09/21 03:45:55.537, 100, 23394, 24576, 330.82, 64
2026/09/21 03:45:56.537, 100, 23394, 24576, 332.88, 63
2026/09/21 03:45:57.538, 97, 23394, 24576, 329.82, 64
2026/09/21 03:45:58.538, 100, 23394, 24576, 335.14, 64
2026/09/21 03:45:59.538, 100, 23394, 24576, 333.95, 63
2026/09/21 03:46:00.539, 100, 23394, 24576, 332.14, 64
2026/09/21 03:46:01.539, 100, 23394, 24576, 330.55, 64
2026/09/21 03:46:02.540, 100, 23394, 24576, 330.02, 63
2026/09/21 03:46:03.540, 100, 23394, 24576, 334.63, 64
2026/09/21 03:46:04.540, 99, 23394, 24576, 328.82, 63
2026/09/21 03:46:05.541, 100, 23394, 24576, 327.71, 64
2026/09/21 03:46:06.541, 100, 23394, 24576, 330.48, 64
2026/09/21 03:46:07.541, 100, 23394, 24576, 307.35, 64
2026/09/21 03:46:08.542, 100, 23394, 24576, 329.88, 63
2026/09/21 03:46:09.542, 100, 23394, 24576, 329.90, 63
2026/09/21 03:46:10.542, 100, 23394, 24576, 308.57, 64
2026/09/21 03:46:11.543, 33, 23394, 24576, 309.25, 61
2026/09/21 03:46:12.543, 47, 23394, 24576, 308.44, 63
2026/09/21 03:46:13.544, 2, 23394, 24576, 264.29, 60
2026/09/21 03:46:14.544, 47, 23394, 24576, 278.97, 62
2026/09/21 03:46:15.544, 77, 23394, 24576, 294.13, 62
2026/09/21 03:46:16.544, 35, 23394, 24576, 277.08, 62
2026/09/21 03:46:17.545, 51, 23394, 24576, 288.00, 62
2026/09/21 03:46:18.545, 78, 23394, 24576, 289.15, 61
2026/09/21 03:46:19.545, 65, 23394, 24576, 279.96, 62
2026/09/21 03:46:20.545, 100, 23394, 24576, 272.59, 63
2026/09/21 03:46:21.546, 100, 23394, 24576, 337.82, 63
2026/09/21 03:46:22.546, 100, 23394, 24576, 337.55, 63
2026/09/21 03:46:23.547, 100, 23394, 24576, 337.36, 63
2026/09/21 03:46:24.547, 100, 23394, 24576, 335.50, 63
2026/09/21 03:46:25.547, 97, 23394, 24576, 335.39, 63
2026/09/21 03:46:26.548, 100, 23394, 24576, 333.48, 63
2026/09/21 03:46:27.548, 100, 23394, 24576, 335.18, 63
2026/09/21 03:46:28.548, 100, 23394, 24576, 336.16, 63
2026/09/21 03:46:29.549, 100, 23394, 24576, 335.20, 63
2026/09/21 03:46:30.549, 100, 23394, 24576, 334.90, 63
2026/09/21 03:46:31.550, 100, 23394, 24576, 333.67, 63
2026/09/21 03:46:32.550, 100, 23394, 24576, 332.57, 63
2026/09/21 03:46:33.550, 98, 23394, 24576, 334.28, 63
2026/09/21 03:46:34.551, 100, 23394, 24576, 334.57, 64
2026/09/21 03:46:35.551, 100, 23394, 24576, 330.92, 63
2026/09/21 03:46:36.551, 100, 23394, 24576, 331.65, 63
2026/09/21 03:46:37.551, 100, 23394, 24576, 332.59, 63
2026/09/21 03:46:38.552, 100, 23394, 24576, 334.81, 64
2026/09/21 03:46:39.552, 100, 23394, 24576, 332.59, 63
2026/09/21 03:46:40.552, 100, 23394, 24576, 332.85, 63
2026/09/21 03:46:41.553, 100, 23394, 24576, 332.75, 63
2026/09/21 03:46:42.553, 100, 23394, 24576, 333.06, 64
2026/09/21 03:46:43.554, 100, 23394, 24576, 334.83, 63
2026/09/21 03:46:44.554, 100, 23394, 24576, 332.40, 64
2026/09/21 03:46:45.554, 100, 23394, 24576, 328.68, 63
2026/09/21 03:46:46.555, 100, 23394, 24576, 331.39, 63
2026/09/21 03:46:47.555, 100, 23394, 24576, 330.26, 64
2026/09/21 03:46:48.556, 100, 23394, 24576, 329.53, 63
2026/09/21 03:46:49.556, 99, 23394, 24576, 328.53, 63
2026/09/21 03:46:50.556, 100, 23394, 24576, 309.82, 64
2026/09/21 03:46:51.557, 100, 23394, 24576, 330.16, 64
2026/09/21 03:46:52.557, 100, 23394, 24576, 312.72, 64
2026/09/21 03:46:53.558, 100, 23394, 24576, 327.92, 64
2026/09/21 03:46:54.558, 95, 23394, 24576, 319.04, 64
2026/09/21 03:46:55.572, 49, 23394, 24576, 298.50, 63
2026/09/21 03:46:56.573, 47, 23394, 24576, 291.26, 63
2026/09/21 03:46:57.573, 58, 23394, 24576, 290.52, 63
2026/09/21 03:46:58.573, 35, 23394, 24576, 286.62, 62
2026/09/21 03:46:59.574, 42, 23394, 24576, 281.68, 62
2026/09/21 03:47:00.574, 79, 23394, 24576, 281.53, 63
2026/09/21 03:47:01.575, 43, 23394, 24576, 273.39, 62
2026/09/21 03:47:02.577, 1, 23394, 24576, 253.54, 60
2026/09/21 03:47:03.578, 100, 23394, 24576, 342.41, 62
2026/09/21 03:47:04.578, 100, 23394, 24576, 336.43, 63
2026/09/21 03:47:05.578, 100, 23394, 24576, 335.55, 63
2026/09/21 03:47:06.578, 100, 23394, 24576, 335.15, 63
2026/09/21 03:47:07.579, 100, 23394, 24576, 336.13, 63
2026/09/21 03:47:08.579, 100, 23394, 24576, 335.49, 63
2026/09/21 03:47:09.579, 100, 23394, 24576, 335.33, 63
2026/09/21 03:47:10.580, 100, 23394, 24576, 335.53, 63
2026/09/21 03:47:11.580, 100, 23394, 24576, 335.50, 63
2026/09/21 03:47:12.580, 100, 23394, 24576, 333.15, 64
2026/09/21 03:47:13.581, 100, 23394, 24576, 334.11, 64
2026/09/21 03:47:14.581, 100, 23394, 24576, 333.21, 63
2026/09/21 03:47:15.581, 100, 23394, 24576, 333.58, 64
2026/09/21 03:47:16.582, 100, 23394, 24576, 333.00, 63
2026/09/21 03:47:17.582, 100, 23394, 24576, 334.62, 63
2026/09/21 03:47:18.582, 100, 23394, 24576, 331.85, 63
2026/09/21 03:47:19.583, 100, 23394, 24576, 331.19, 64
2026/09/21 03:47:20.583, 100, 23394, 24576, 331.36, 64
2026/09/21 03:47:21.583, 100, 23394, 24576, 332.79, 63
2026/09/21 03:47:22.584, 100, 23394, 24576, 329.42, 64
2026/09/21 03:47:23.584, 100, 23394, 24576, 330.64, 63
2026/09/21 03:47:24.585, 100, 23394, 24576, 331.96, 63
2026/09/21 03:47:25.585, 100, 23394, 24576, 330.95, 64
2026/09/21 03:47:26.585, 100, 23394, 24576, 331.20, 64
2026/09/21 03:47:27.586, 100, 23394, 24576, 330.31, 63
2026/09/21 03:47:28.587, 100, 23394, 24576, 335.35, 63
2026/09/21 03:47:29.587, 100, 23394, 24576, 325.14, 63
2026/09/21 03:47:30.588, 100, 23394, 24576, 332.96, 63
2026/09/21 03:47:31.588, 100, 23394, 24576, 327.65, 64
2026/09/21 03:47:32.588, 100, 23394, 24576, 314.54, 63
2026/09/21 03:47:33.589, 100, 23394, 24576, 330.70, 64
2026/09/21 03:47:34.589, 85, 23394, 24576, 320.27, 64
2026/09/21 03:47:35.589, 100, 23394, 24576, 317.32, 64
2026/09/21 03:47:36.590, 100, 23394, 24576, 310.37, 64
2026/09/21 03:47:37.590, 64, 23394, 24576, 306.48, 63
2026/09/21 03:47:38.590, 73, 23394, 24576, 292.24, 63
2026/09/21 03:47:39.591, 69, 23394, 24576, 292.47, 63
2026/09/21 03:47:40.591, 47, 23394, 24576, 287.31, 63
2026/09/21 03:47:41.591, 63, 23394, 24576, 283.42, 63
2026/09/21 03:47:42.592, 42, 23394, 24576, 284.61, 63
2026/09/21 03:47:43.592, 42, 23394, 24576, 280.51, 63
2026/09/21 03:47:44.592, 0, 23394, 24576, 269.57, 60
2026/09/21 03:47:45.593, 100, 23394, 24576, 314.58, 63
2026/09/21 03:47:46.593, 100, 23394, 24576, 334.76, 63
2026/09/21 03:47:47.594, 100, 23394, 24576, 335.23, 63
2026/09/21 03:47:48.594, 100, 23394, 24576, 334.87, 63
2026/09/21 03:47:49.594, 100, 23394, 24576, 334.82, 63
2026/09/21 03:47:50.595, 100, 23394, 24576, 335.87, 64
2026/09/21 03:47:51.595, 100, 23394, 24576, 334.56, 64
2026/09/21 03:47:52.595, 100, 23394, 24576, 335.31, 64
2026/09/21 03:47:53.596, 100, 23394, 24576, 335.00, 64
2026/09/21 03:47:54.596, 100, 23394, 24576, 334.15, 64
2026/09/21 03:47:55.597, 100, 23394, 24576, 335.18, 64
2026/09/21 03:47:56.597, 100, 23394, 24576, 331.25, 63
2026/09/21 03:47:57.597, 100, 23394, 24576, 335.19, 63
2026/09/21 03:47:58.598, 100, 23394, 24576, 334.60, 64
2026/09/21 03:47:59.598, 100, 23394, 24576, 332.60, 64
2026/09/21 03:48:00.598, 100, 23394, 24576, 331.93, 64
2026/09/21 03:48:01.599, 100, 23394, 24576, 332.64, 64
2026/09/21 03:48:02.600, 100, 23394, 24576, 330.82, 64
2026/09/21 03:48:03.600, 100, 23394, 24576, 332.29, 63
2026/09/21 03:48:04.600, 100, 23394, 24576, 333.04, 64
2026/09/21 03:48:05.601, 100, 23394, 24576, 329.58, 64
2026/09/21 03:48:06.601, 100, 23394, 24576, 332.11, 64
2026/09/21 03:48:07.601, 100, 23394, 24576, 332.08, 64
2026/09/21 03:48:08.602, 100, 23394, 24576, 334.88, 64
2026/09/21 03:48:09.602, 100, 23394, 24576, 327.14, 64
2026/09/21 03:48:10.603, 100, 23394, 24576, 330.51, 63
2026/09/21 03:48:11.603, 100, 23394, 24576, 333.18, 64
2026/09/21 03:48:12.603, 100, 23394, 24576, 328.74, 63
2026/09/21 03:48:13.604, 100, 23394, 24576, 332.37, 64
2026/09/21 03:48:14.604, 100, 23394, 24576, 309.75, 63
2026/09/21 03:48:15.605, 100, 23394, 24576, 329.54, 64
2026/09/21 03:48:16.605, 100, 23394, 24576, 327.12, 63
2026/09/21 03:48:17.606, 100, 23394, 24576, 311.27, 64
2026/09/21 03:48:18.606, 98, 23394, 24576, 324.39, 62
2026/09/21 03:48:19.606, 34, 23394, 24576, 299.43, 63
2026/09/21 03:48:20.606, 40, 23394, 24576, 274.73, 62
2026/09/21 03:48:21.607, 71, 23394, 24576, 291.03, 63
2026/09/21 03:48:22.607, 61, 23394, 24576, 296.62, 63
2026/09/21 03:48:23.608, 38, 23394, 24576, 278.44, 62
2026/09/21 03:48:24.608, 46, 23394, 24576, 273.44, 63
2026/09/21 03:48:25.608, 43, 23394, 24576, 284.77, 62
2026/09/21 03:48:26.609, 76, 23394, 24576, 297.79, 62
2026/09/21 03:48:27.609, 100, 23394, 24576, 268.50, 63
2026/09/21 03:48:28.609, 100, 23394, 24576, 338.90, 63
2026/09/21 03:48:29.610, 100, 23394, 24576, 337.12, 63
2026/09/21 03:48:30.610, 100, 23394, 24576, 336.72, 63
2026/09/21 03:48:31.611, 100, 23394, 24576, 336.38, 63
2026/09/21 03:48:32.611, 100, 23394, 24576, 336.05, 63
2026/09/21 03:48:33.611, 100, 23394, 24576, 336.32, 63
2026/09/21 03:48:34.612, 100, 23394, 24576, 334.81, 63
2026/09/21 03:48:35.612, 100, 23394, 24576, 333.67, 63
2026/09/21 03:48:36.612, 99, 23394, 24576, 333.73, 63
2026/09/21 03:48:37.613, 100, 23394, 24576, 333.10, 63
2026/09/21 03:48:38.613, 100, 23394, 24576, 334.51, 63
2026/09/21 03:48:39.613, 100, 23394, 24576, 334.00, 63
2026/09/21 03:48:40.614, 100, 23394, 24576, 334.36, 64
2026/09/21 03:48:41.614, 100, 23394, 24576, 330.95, 63
2026/09/21 03:48:42.614, 100, 23394, 24576, 334.55, 64
2026/09/21 03:48:43.615, 100, 23394, 24576, 333.22, 63
2026/09/21 03:48:44.615, 100, 23394, 24576, 332.61, 64
2026/09/21 03:48:45.615, 100, 23394, 24576, 332.66, 64
2026/09/21 03:48:46.616, 100, 23394, 24576, 331.52, 64
2026/09/21 03:48:47.616, 100, 23394, 24576, 331.66, 64
2026/09/21 03:48:48.616, 100, 23394, 24576, 332.17, 64
2026/09/21 03:48:49.616, 96, 23394, 24576, 328.61, 64
2026/09/21 03:48:50.617, 100, 23394, 24576, 331.75, 64
2026/09/21 03:48:51.617, 100, 23394, 24576, 331.42, 64
2026/09/21 03:48:52.618, 100, 23394, 24576, 330.10, 63
2026/09/21 03:48:53.618, 100, 23394, 24576, 335.43, 64
2026/09/21 03:48:54.618, 100, 23394, 24576, 328.04, 63
2026/09/21 03:48:55.619, 100, 23394, 24576, 332.42, 64
2026/09/21 03:48:56.619, 100, 23394, 24576, 326.17, 64
2026/09/21 03:48:57.619, 100, 23394, 24576, 314.85, 64
2026/09/21 03:48:58.619, 100, 23394, 24576, 331.08, 64
2026/09/21 03:48:59.620, 89, 23394, 24576, 312.44, 63
2026/09/21 03:49:00.620, 100, 23394, 24576, 327.78, 63
2026/09/21 03:49:01.620, 100, 23394, 24576, 315.93, 64
2026/09/21 03:49:02.621, 64, 23394, 24576, 294.50, 63
2026/09/21 03:49:03.621, 41, 23394, 24576, 281.96, 61
2026/09/21 03:49:04.621, 41, 23394, 24576, 274.02, 61
2026/09/21 03:49:05.622, 5, 23394, 24576, 290.21, 61
2026/09/21 03:49:06.622, 47, 23394, 24576, 285.10, 61
2026/09/21 03:49:07.622, 50, 23394, 24576, 276.90, 61
2026/09/21 03:49:08.623, 42, 23394, 24576, 272.01, 61
2026/09/21 03:49:09.623, 0, 23394, 24576, 284.18, 60
2026/09/21 03:49:10.623, 0, 23394, 24576, 165.54, 58
2026/09/21 03:49:11.624, 100, 23394, 24576, 221.45, 62
2026/09/21 03:49:12.624, 100, 23394, 24576, 338.11, 62
2026/09/21 03:49:13.624, 100, 23394, 24576, 337.26, 62
2026/09/21 03:49:14.625, 100, 23394, 24576, 337.54, 63
2026/09/21 03:49:15.625, 100, 23394, 24576, 337.39, 63
2026/09/21 03:49:16.625, 97, 23394, 24576, 333.93, 62
2026/09/21 03:49:17.626, 100, 23394, 24576, 335.85, 62
2026/09/21 03:49:18.626, 100, 23394, 24576, 333.67, 63
2026/09/21 03:49:19.627, 100, 23394, 24576, 336.95, 63
2026/09/21 03:49:20.627, 100, 23394, 24576, 334.35, 63
2026/09/21 03:49:21.628, 100, 23394, 24576, 335.66, 63
2026/09/21 03:49:22.628, 100, 23394, 24576, 332.38, 63
2026/09/21 03:49:23.628, 100, 23394, 24576, 335.83, 63
2026/09/21 03:49:24.629, 97, 23394, 24576, 333.28, 63
2026/09/21 03:49:25.629, 100, 23394, 24576, 332.33, 63
2026/09/21 03:49:26.630, 100, 23394, 24576, 333.61, 63
2026/09/21 03:49:27.630, 100, 23394, 24576, 332.81, 63
2026/09/21 03:49:28.630, 100, 23394, 24576, 333.34, 63
2026/09/21 03:49:29.631, 100, 23394, 24576, 333.49, 63
2026/09/21 03:49:30.632, 100, 23394, 24576, 332.41, 63
2026/09/21 03:49:31.632, 100, 23394, 24576, 331.84, 63
2026/09/21 03:49:32.632, 100, 23394, 24576, 333.30, 63
2026/09/21 03:49:33.633, 100, 23394, 24576, 334.00, 64
2026/09/21 03:49:34.633, 100, 23394, 24576, 332.10, 63
2026/09/21 03:49:35.634, 100, 23394, 24576, 330.93, 63
2026/09/21 03:49:36.634, 100, 23394, 24576, 328.98, 63
2026/09/21 03:49:37.635, 100, 23394, 24576, 333.32, 63
2026/09/21 03:49:38.635, 100, 23394, 24576, 326.02, 63
2026/09/21 03:49:39.635, 100, 23394, 24576, 332.75, 64
2026/09/21 03:49:40.636, 100, 23394, 24576, 325.60, 63
2026/09/21 03:49:41.636, 100, 23394, 24576, 314.01, 63
2026/09/21 03:49:42.637, 100, 23394, 24576, 326.69, 64
2026/09/21 03:49:43.637, 100, 23394, 24576, 310.72, 63
2026/09/21 03:49:44.637, 100, 23394, 24576, 327.35, 63
2026/09/21 03:49:45.638, 100, 23394, 24576, 318.52, 63
2026/09/21 03:49:46.638, 41, 23394, 24576, 276.15, 60
2026/09/21 03:49:47.638, 41, 23394, 24576, 277.92, 60
2026/09/21 03:49:48.639, 78, 23394, 24576, 292.16, 62
2026/09/21 03:49:49.639, 46, 23394, 24576, 278.68, 60
2026/09/21 03:49:50.639, 45, 23394, 24576, 286.71, 60
2026/09/21 03:49:51.640, 41, 23394, 24576, 279.33, 60
2026/09/21 03:49:52.640, 74, 23394, 24576, 275.50, 62
2026/09/21 03:49:53.640, 47, 23394, 24576, 267.37, 60
2026/09/21 03:49:54.641, 100, 23394, 24576, 288.80, 62
2026/09/21 03:49:55.641, 100, 23394, 24576, 337.30, 62
2026/09/21 03:49:56.641, 100, 23394, 24576, 336.82, 62
2026/09/21 03:49:57.642, 100, 23394, 24576, 335.49, 63
2026/09/21 03:49:58.642, 100, 23394, 24576, 336.04, 63
2026/09/21 03:49:59.642, 100, 23394, 24576, 336.32, 63
2026/09/21 03:50:00.643, 100, 23394, 24576, 335.62, 63
2026/09/21 03:50:01.643, 100, 23394, 24576, 335.16, 63
2026/09/21 03:50:02.643, 100, 23394, 24576, 335.09, 63
2026/09/21 03:50:03.644, 100, 23394, 24576, 335.41, 63
2026/09/21 03:50:04.645, 100, 23408, 24576, 335.73, 62
2026/09/21 03:50:05.647, 100, 23655, 24576, 335.16, 63
2026/09/21 03:50:06.656, 100, 23394, 24576, 332.33, 63
2026/09/21 03:50:07.706, 100, 23394, 24576, 334.42, 62
2026/09/21 03:50:08.706, 100, 23394, 24576, 334.11, 63
2026/09/21 03:50:09.706, 100, 23394, 24576, 332.60, 63
2026/09/21 03:50:10.707, 100, 23394, 24576, 332.70, 63
2026/09/21 03:50:11.707, 97, 23394, 24576, 329.02, 63
2026/09/21 03:50:12.707, 100, 23394, 24576, 331.33, 63
2026/09/21 03:50:13.708, 100, 23394, 24576, 332.10, 62
2026/09/21 03:50:14.708, 100, 23394, 24576, 334.82, 63
2026/09/21 03:50:15.708, 100, 23394, 24576, 334.33, 63
2026/09/21 03:50:16.709, 100, 23394, 24576, 333.58, 63
2026/09/21 03:50:17.709, 100, 23394, 24576, 333.08, 63
2026/09/21 03:50:18.709, 100, 23394, 24576, 327.14, 62
2026/09/21 03:50:19.709, 100, 23394, 24576, 329.76, 62
2026/09/21 03:50:20.710, 100, 23394, 24576, 333.52, 63
2026/09/21 03:50:21.710, 100, 23394, 24576, 327.53, 62
2026/09/21 03:50:22.710, 100, 23394, 24576, 330.46, 63
2026/09/21 03:50:23.711, 100, 23394, 24576, 311.52, 63
2026/09/21 03:50:24.711, 100, 23394, 24576, 330.29, 63
2026/09/21 03:50:25.711, 100, 23394, 24576, 327.41, 63
2026/09/21 03:50:26.712, 100, 23394, 24576, 310.17, 63
2026/09/21 03:50:27.712, 97, 23394, 24576, 322.29, 63
2026/09/21 03:50:28.712, 44, 23394, 24576, 306.14, 61
2026/09/21 03:50:29.712, 41, 23394, 24576, 272.36, 61
2026/09/21 03:50:30.713, 57, 23394, 24576, 283.14, 61
2026/09/21 03:50:31.713, 44, 23394, 24576, 285.86, 62
2026/09/21 03:50:32.713, 60, 23394, 24576, 290.85, 62
2026/09/21 03:50:33.714, 62, 23394, 24576, 291.86, 62
2026/09/21 03:50:34.714, 65, 23394, 24576, 283.91, 61
2026/09/21 03:50:35.715, 63, 23394, 24576, 288.47, 60
2026/09/21 03:50:36.715, 100, 23394, 24576, 283.63, 62
2026/09/21 03:50:37.715, 100, 23394, 24576, 337.91, 62
2026/09/21 03:50:38.715, 100, 23394, 24576, 337.42, 62
2026/09/21 03:50:39.716, 100, 23394, 24576, 336.78, 62
2026/09/21 03:50:40.716, 100, 23394, 24576, 336.22, 62
2026/09/21 03:50:41.717, 98, 23394, 24576, 336.25, 62
2026/09/21 03:50:42.717, 100, 23394, 24576, 335.07, 63
2026/09/21 03:50:43.717, 100, 23394, 24576, 335.73, 63
2026/09/21 03:50:44.718, 100, 23394, 24576, 335.60, 62
2026/09/21 03:50:45.718, 100, 23394, 24576, 334.79, 62
2026/09/21 03:50:46.718, 100, 23394, 24576, 334.54, 62
2026/09/21 03:50:47.719, 100, 23394, 24576, 333.69, 63
2026/09/21 03:50:48.719, 100, 23394, 24576, 333.67, 63
2026/09/21 03:50:49.719, 98, 23394, 24576, 332.79, 62
2026/09/21 03:50:50.720, 100, 23394, 24576, 334.57, 62
2026/09/21 03:50:51.720, 100, 23394, 24576, 331.48, 63
2026/09/21 03:50:52.721, 100, 23394, 24576, 331.57, 63
2026/09/21 03:50:53.721, 100, 23394, 24576, 332.35, 63
2026/09/21 03:50:54.722, 100, 23394, 24576, 335.34, 63
2026/09/21 03:50:55.722, 100, 23394, 24576, 331.16, 63
2026/09/21 03:50:56.722, 100, 23394, 24576, 333.34, 63
2026/09/21 03:50:57.723, 100, 23394, 24576, 329.41, 63
2026/09/21 03:50:58.723, 100, 23394, 24576, 331.35, 63
2026/09/21 03:50:59.724, 100, 23394, 24576, 336.30, 62
2026/09/21 03:51:00.724, 100, 23394, 24576, 334.13, 63
2026/09/21 03:51:01.725, 100, 23394, 24576, 330.06, 63
2026/09/21 03:51:02.725, 100, 23394, 24576, 329.20, 63
2026/09/21 03:51:03.725, 100, 23394, 24576, 327.68, 63
2026/09/21 03:51:04.726, 100, 23394, 24576, 327.76, 63
2026/09/21 03:51:05.726, 97, 23394, 24576, 324.93, 62
2026/09/21 03:51:06.726, 100, 23394, 24576, 315.59, 63
2026/09/21 03:51:07.727, 100, 23394, 24576, 331.42, 63
2026/09/21 03:51:08.727, 100, 23394, 24576, 313.80, 63
2026/09/21 03:51:09.728, 100, 23394, 24576, 326.92, 63
2026/09/21 03:51:10.728, 84, 23394, 24576, 324.03, 63
2026/09/21 03:51:11.728, 70, 23394, 24576, 281.35, 62
2026/09/21 03:51:12.729, 85, 23394, 24576, 285.82, 62
2026/09/21 03:51:13.729, 52, 23394, 24576, 286.93, 62
2026/09/21 03:51:14.729, 55, 23394, 24576, 284.66, 62
2026/09/21 03:51:15.730, 52, 23394, 24576, 290.70, 60
2026/09/21 03:51:16.730, 42, 23394, 24576, 271.84, 60
2026/09/21 03:51:17.773, 51, 23394, 24576, 272.89, 61
2026/09/21 03:51:18.773, 37, 23394, 24576, 267.27, 59
2026/09/21 03:51:19.773, 100, 23394, 24576, 310.68, 62
2026/09/21 03:51:20.774, 100, 23394, 24576, 335.75, 62
2026/09/21 03:51:21.774, 100, 23394, 24576, 337.76, 62
2026/09/21 03:51:22.775, 100, 23394, 24576, 335.73, 62
2026/09/21 03:51:23.775, 100, 23394, 24576, 335.79, 62
2026/09/21 03:51:24.775, 100, 23394, 24576, 333.99, 62
2026/09/21 03:51:25.776, 100, 23394, 24576, 336.02, 62
2026/09/21 03:51:26.776, 100, 23394, 24576, 335.77, 62
2026/09/21 03:51:27.777, 100, 23394, 24576, 334.16, 62
2026/09/21 03:51:28.777, 100, 23394, 24576, 334.59, 62
2026/09/21 03:51:29.777, 100, 23394, 24576, 335.76, 62
2026/09/21 03:51:30.778, 100, 23394, 24576, 334.96, 63
2026/09/21 03:51:31.778, 100, 23394, 24576, 333.71, 63
2026/09/21 03:51:32.779, 100, 23394, 24576, 333.07, 62
2026/09/21 03:51:33.779, 100, 23394, 24576, 334.61, 63
2026/09/21 03:51:34.779, 100, 23394, 24576, 332.04, 63
2026/09/21 03:51:35.780, 100, 23394, 24576, 333.08, 63
2026/09/21 03:51:36.780, 100, 23394, 24576, 329.91, 63
2026/09/21 03:51:37.781, 100, 23394, 24576, 334.27, 63
2026/09/21 03:51:38.781, 100, 23394, 24576, 332.37, 62
2026/09/21 03:51:39.781, 100, 23394, 24576, 332.14, 63
2026/09/21 03:51:40.782, 100, 23394, 24576, 334.18, 63
2026/09/21 03:51:41.782, 100, 23394, 24576, 332.90, 63
2026/09/21 03:51:42.783, 100, 23394, 24576, 331.95, 63
2026/09/21 03:51:43.783, 100, 23394, 24576, 328.83, 62
2026/09/21 03:51:44.784, 100, 23394, 24576, 334.28, 63
2026/09/21 03:51:45.784, 100, 23394, 24576, 333.08, 63
2026/09/21 03:51:46.784, 100, 23394, 24576, 329.21, 63
2026/09/21 03:51:47.785, 100, 23394, 24576, 333.63, 63
2026/09/21 03:51:48.785, 100, 23394, 24576, 308.79, 62
2026/09/21 03:51:49.785, 100, 23394, 24576, 327.57, 63
2026/09/21 03:51:50.786, 100, 23394, 24576, 327.25, 62
2026/09/21 03:51:51.786, 100, 23394, 24576, 314.00, 62
2026/09/21 03:51:52.787, 92, 23394, 24576, 320.96, 61
2026/09/21 03:51:53.787, 46, 23394, 24576, 304.77, 62
2026/09/21 03:51:54.787, 38, 23394, 24576, 285.31, 61
2026/09/21 03:51:55.788, 39, 23394, 24576, 267.05, 61
2026/09/21 03:51:56.788, 73, 23394, 24576, 262.28, 62
2026/09/21 03:51:57.789, 35, 23394, 24576, 273.50, 60
2026/09/21 03:51:58.789, 76, 23394, 24576, 265.24, 61
2026/09/21 03:51:59.789, 40, 23394, 24576, 291.35, 61
2026/09/21 03:52:00.790, 59, 23394, 24576, 277.32, 61
2026/09/21 03:52:01.790, 100, 23394, 24576, 259.76, 61
2026/09/21 03:52:02.792, 100, 23394, 24576, 344.07, 61
2026/09/21 03:52:03.792, 100, 23394, 24576, 335.93, 62
2026/09/21 03:52:04.792, 100, 23394, 24576, 336.22, 62
2026/09/21 03:52:05.793, 100, 23394, 24576, 335.74, 62
2026/09/21 03:52:06.793, 100, 23394, 24576, 335.45, 62
2026/09/21 03:52:07.793, 100, 23394, 24576, 335.98, 62
2026/09/21 03:52:08.794, 100, 23394, 24576, 334.91, 62
2026/09/21 03:52:09.794, 100, 23394, 24576, 335.18, 62
2026/09/21 03:52:10.795, 100, 23394, 24576, 336.10, 62
2026/09/21 03:52:11.795, 100, 23394, 24576, 333.06, 62
2026/09/21 03:52:12.795, 100, 23394, 24576, 334.02, 62
2026/09/21 03:52:13.796, 100, 23394, 24576, 333.97, 62
2026/09/21 03:52:14.796, 100, 23394, 24576, 336.07, 62
2026/09/21 03:52:15.796, 100, 23394, 24576, 331.53, 62
2026/09/21 03:52:16.797, 100, 23394, 24576, 333.99, 62
2026/09/21 03:52:17.797, 100, 23394, 24576, 332.07, 62
2026/09/21 03:52:18.798, 100, 23394, 24576, 333.57, 63
2026/09/21 03:52:19.798, 100, 23394, 24576, 334.34, 63
2026/09/21 03:52:20.800, 100, 23394, 24576, 330.73, 62
2026/09/21 03:52:21.800, 100, 23394, 24576, 333.02, 63
2026/09/21 03:52:22.800, 100, 23394, 24576, 334.87, 62
2026/09/21 03:52:23.801, 100, 23394, 24576, 335.18, 62
2026/09/21 03:52:24.801, 100, 23394, 24576, 331.58, 63
2026/09/21 03:52:25.802, 100, 23394, 24576, 331.10, 63
2026/09/21 03:52:26.802, 100, 23394, 24576, 326.96, 62
2026/09/21 03:52:27.802, 100, 23394, 24576, 333.01, 62
2026/09/21 03:52:28.803, 100, 23394, 24576, 331.31, 63
2026/09/21 03:52:29.803, 100, 23394, 24576, 330.58, 62
2026/09/21 03:52:30.804, 100, 23394, 24576, 332.92, 63
2026/09/21 03:52:31.804, 100, 23394, 24576, 307.12, 62
2026/09/21 03:52:32.805, 100, 23394, 24576, 329.73, 63
2026/09/21 03:52:33.805, 71, 23394, 24576, 317.94, 60
2026/09/21 03:52:34.805, 100, 23394, 24576, 308.70, 63
2026/09/21 03:52:35.806, 100, 23394, 24576, 315.67, 63
2026/09/21 03:52:36.806, 46, 23394, 24576, 295.04, 61
2026/09/21 03:52:37.806, 47, 23394, 24576, 271.02, 62
2026/09/21 03:52:38.807, 45, 23394, 24576, 281.60, 62
2026/09/21 03:52:39.807, 49, 23394, 24576, 290.38, 61
2026/09/21 03:52:40.808, 77, 23394, 24576, 277.81, 61
2026/09/21 03:52:41.808, 73, 23394, 24576, 299.44, 62
2026/09/21 03:52:42.808, 75, 23394, 24576, 281.39, 61
2026/09/21 03:52:43.809, 47, 23394, 24576, 287.30, 61
2026/09/21 03:52:44.809, 0, 23394, 24576, 186.84, 57
2026/09/21 03:52:45.810, 100, 23394, 24576, 187.05, 61
2026/09/21 03:52:46.810, 100, 23394, 24576, 339.49, 61
2026/09/21 03:52:47.810, 100, 23394, 24576, 337.02, 61
2026/09/21 03:52:48.811, 100, 23394, 24576, 336.73, 61
2026/09/21 03:52:49.811, 100, 23394, 24576, 335.85, 61
2026/09/21 03:52:50.812, 100, 23394, 24576, 337.45, 61
2026/09/21 03:52:51.812, 100, 23394, 24576, 336.02, 62
2026/09/21 03:52:52.812, 100, 23394, 24576, 335.58, 62
2026/09/21 03:52:53.813, 100, 23394, 24576, 335.20, 61
2026/09/21 03:52:54.813, 100, 23394, 24576, 334.69, 61
2026/09/21 03:52:55.813, 100, 23394, 24576, 334.69, 61
2026/09/21 03:52:56.814, 100, 23394, 24576, 335.52, 61
2026/09/21 03:52:57.814, 100, 23394, 24576, 334.77, 62
2026/09/21 03:52:58.814, 100, 23394, 24576, 333.73, 62
2026/09/21 03:52:59.815, 100, 23394, 24576, 333.38, 62
2026/09/21 03:53:00.815, 100, 23394, 24576, 334.91, 62
2026/09/21 03:53:01.816, 100, 23394, 24576, 331.56, 62
2026/09/21 03:53:02.816, 100, 23394, 24576, 331.41, 62
2026/09/21 03:53:03.816, 100, 23394, 24576, 330.54, 62
2026/09/21 03:53:04.817, 100, 23394, 24576, 332.03, 62
2026/09/21 03:53:05.817, 100, 23394, 24576, 327.72, 62
2026/09/21 03:53:06.817, 100, 23394, 24576, 333.30, 62
2026/09/21 03:53:07.818, 98, 23394, 24576, 328.72, 62
2026/09/21 03:53:08.818, 100, 23394, 24576, 328.27, 62
2026/09/21 03:53:09.818, 100, 23394, 24576, 330.59, 62
2026/09/21 03:53:10.819, 100, 23394, 24576, 329.21, 62
2026/09/21 03:53:11.819, 100, 23394, 24576, 332.43, 63
2026/09/21 03:53:12.820, 100, 23394, 24576, 329.73, 62
2026/09/21 03:53:13.820, 100, 23394, 24576, 334.20, 63
2026/09/21 03:53:14.820, 100, 23394, 24576, 326.34, 62
2026/09/21 03:53:15.821, 100, 23394, 24576, 315.85, 62
2026/09/21 03:53:16.821, 100, 23394, 24576, 330.77, 63
2026/09/21 03:53:17.822, 66, 23394, 24576, 310.69, 61
2026/09/21 03:53:18.822, 100, 23394, 24576, 324.85, 62
2026/09/21 03:53:19.822, 100, 23394, 24576, 317.00, 63
2026/09/21 03:53:20.823, 41, 23394, 24576, 293.44, 61
2026/09/21 03:53:21.823, 52, 23394, 24576, 280.99, 61
2026/09/21 03:53:22.824, 53, 23394, 24576, 285.32, 61
2026/09/21 03:53:23.824, 53, 23394, 24576, 282.64, 61
2026/09/21 03:53:24.824, 48, 23394, 24576, 281.79, 61
2026/09/21 03:53:25.825, 56, 23394, 24576, 278.39, 61
2026/09/21 03:53:26.827, 42, 23394, 24576, 281.65, 60
2026/09/21 03:53:27.874, 50, 23394, 24576, 288.42, 60
2026/09/21 03:53:28.874, 100, 23394, 24576, 287.82, 61
2026/09/21 03:53:29.875, 100, 23394, 24576, 338.01, 62
2026/09/21 03:53:30.875, 100, 23394, 24576, 337.72, 62
2026/09/21 03:53:31.876, 100, 23394, 24576, 336.61, 62
2026/09/21 03:53:32.876, 100, 23394, 24576, 336.23, 62
2026/09/21 03:53:33.876, 100, 23394, 24576, 336.61, 62
2026/09/21 03:53:34.877, 100, 23394, 24576, 334.72, 62
2026/09/21 03:53:35.878, 100, 23394, 24576, 336.09, 62
2026/09/21 03:53:36.878, 100, 23394, 24576, 334.84, 62
2026/09/21 03:53:37.878, 100, 23394, 24576, 335.38, 62
2026/09/21 03:53:38.880, 100, 23394, 24576, 335.56, 62
2026/09/21 03:53:39.880, 100, 23394, 24576, 333.84, 62
2026/09/21 03:53:40.880, 100, 23394, 24576, 331.73, 62
2026/09/21 03:53:41.881, 100, 23394, 24576, 334.52, 62
2026/09/21 03:53:42.881, 100, 23394, 24576, 332.03, 62
2026/09/21 03:53:43.882, 100, 23394, 24576, 331.46, 62
2026/09/21 03:53:44.882, 100, 23394, 24576, 332.27, 62
2026/09/21 03:53:45.882, 95, 23394, 24576, 331.30, 62
2026/09/21 03:53:46.883, 100, 23394, 24576, 334.60, 62
2026/09/21 03:53:47.883, 100, 23394, 24576, 333.59, 62
2026/09/21 03:53:48.884, 100, 23394, 24576, 328.35, 62
2026/09/21 03:53:49.884, 100, 23394, 24576, 331.73, 61
2026/09/21 03:53:50.884, 100, 23394, 24576, 326.32, 62
2026/09/21 03:53:51.885, 100, 23394, 24576, 328.33, 63
2026/09/21 03:53:52.885, 100, 23394, 24576, 331.16, 62
2026/09/21 03:53:53.885, 100, 23394, 24576, 331.87, 62
2026/09/21 03:53:54.886, 100, 23394, 24576, 330.14, 63
2026/09/21 03:53:55.886, 100, 23394, 24576, 325.82, 61
2026/09/21 03:53:56.887, 100, 23394, 24576, 326.80, 62
2026/09/21 03:53:57.887, 100, 23394, 24576, 311.54, 62
2026/09/21 03:53:58.887, 100, 23394, 24576, 330.08, 62
2026/09/21 03:53:59.888, 100, 23394, 24576, 327.20, 63
2026/09/21 03:54:00.888, 100, 23394, 24576, 313.54, 62
2026/09/21 03:54:01.888, 97, 23394, 24576, 320.96, 63
2026/09/21 03:54:02.889, 79, 23394, 24576, 302.97, 61
2026/09/21 03:54:03.889, 43, 23394, 24576, 283.23, 61
2026/09/21 03:54:04.889, 37, 23394, 24576, 274.78, 60
2026/09/21 03:54:05.890, 34, 23394, 24576, 275.70, 61
2026/09/21 03:54:06.890, 5, 23394, 24576, 264.37, 60
2026/09/21 03:54:07.890, 42, 23394, 24576, 256.57, 59
2026/09/21 03:54:08.891, 83, 23394, 24576, 283.20, 60
2026/09/21 03:54:09.891, 43, 23394, 24576, 291.70, 60
2026/09/21 03:54:10.891, 100, 23394, 24576, 260.91, 61
2026/09/21 03:54:11.892, 100, 23394, 24576, 337.93, 61
2026/09/21 03:54:12.892, 100, 23394, 24576, 337.19, 61
2026/09/21 03:54:13.892, 100, 23394, 24576, 336.55, 61
2026/09/21 03:54:14.892, 100, 23394, 24576, 336.91, 61
2026/09/21 03:54:15.893, 100, 23394, 24576, 336.46, 62
2026/09/21 03:54:16.893, 100, 23394, 24576, 335.86, 61
2026/09/21 03:54:17.893, 99, 23394, 24576, 333.67, 62
2026/09/21 03:54:18.894, 100, 23394, 24576, 333.74, 62
2026/09/21 03:54:19.894, 95, 23394, 24576, 332.38, 62
2026/09/21 03:54:20.895, 100, 23394, 24576, 333.65, 62
2026/09/21 03:54:21.895, 99, 23394, 24576, 332.87, 62
2026/09/21 03:54:22.895, 100, 23394, 24576, 331.98, 62
2026/09/21 03:54:23.896, 100, 23394, 24576, 335.51, 62
2026/09/21 03:54:24.896, 100, 23394, 24576, 332.58, 62
2026/09/21 03:54:25.896, 100, 23394, 24576, 333.16, 62
2026/09/21 03:54:26.897, 100, 23394, 24576, 332.24, 62
2026/09/21 03:54:27.897, 100, 23394, 24576, 332.89, 62
2026/09/21 03:54:28.897, 100, 23394, 24576, 330.45, 62
2026/09/21 03:54:29.898, 100, 23394, 24576, 331.94, 62
2026/09/21 03:54:30.898, 100, 23394, 24576, 333.91, 62
2026/09/21 03:54:31.898, 100, 23394, 24576, 334.65, 62
2026/09/21 03:54:32.899, 99, 23394, 24576, 332.17, 63
2026/09/21 03:54:33.899, 100, 23394, 24576, 332.28, 62
2026/09/21 03:54:34.900, 100, 23394, 24576, 334.89, 63
2026/09/21 03:54:35.900, 100, 23394, 24576, 326.84, 62
2026/09/21 03:54:36.900, 100, 23394, 24576, 327.50, 62
2026/09/21 03:54:37.901, 100, 23394, 24576, 329.80, 63
2026/09/21 03:54:38.901, 100, 23394, 24576, 328.37, 62
2026/09/21 03:54:39.901, 100, 23394, 24576, 331.53, 63
2026/09/21 03:54:40.902, 100, 23394, 24576, 312.49, 62
2026/09/21 03:54:41.902, 100, 23394, 24576, 329.18, 62
2026/09/21 03:54:42.902, 100, 23394, 24576, 316.74, 62
2026/09/21 03:54:43.903, 100, 23394, 24576, 326.93, 62
2026/09/21 03:54:44.903, 100, 23394, 24576, 319.85, 63
2026/09/21 03:54:45.904, 63, 23394, 24576, 302.14, 60
2026/09/21 03:54:46.904, 77, 23394, 24576, 276.52, 61
2026/09/21 03:54:47.904, 22, 23394, 24576, 283.75, 60
2026/09/21 03:54:48.905, 0, 23394, 24576, 263.81, 58
2026/09/21 03:54:49.905, 51, 23394, 24576, 267.95, 60
2026/09/21 03:54:50.906, 81, 23394, 24576, 288.64, 61
2026/09/21 03:54:51.906, 45, 23394, 24576, 276.33, 59
2026/09/21 03:54:52.906, 59, 23394, 24576, 278.28, 59
2026/09/21 03:54:53.907, 100, 23394, 24576, 288.58, 61
2026/09/21 03:54:54.907, 100, 23394, 24576, 337.42, 62
2026/09/21 03:54:55.907, 100, 23394, 24576, 337.59, 62
2026/09/21 03:54:56.908, 97, 23394, 24576, 336.70, 61
2026/09/21 03:54:57.908, 100, 23394, 24576, 336.19, 62
2026/09/21 03:54:58.908, 100, 23394, 24576, 334.62, 61
2026/09/21 03:54:59.909, 100, 23394, 24576, 336.71, 62
2026/09/21 03:55:00.909, 100, 23394, 24576, 335.14, 62
2026/09/21 03:55:01.910, 100, 23394, 24576, 334.01, 62
2026/09/21 03:55:02.910, 100, 23394, 24576, 335.64, 62
2026/09/21 03:55:03.910, 100, 23394, 24576, 336.79, 62
2026/09/21 03:55:04.911, 100, 23394, 24576, 336.47, 62
2026/09/21 03:55:05.911, 100, 23394, 24576, 334.10, 62
2026/09/21 03:55:06.911, 100, 23394, 24576, 331.15, 62
2026/09/21 03:55:07.912, 100, 23394, 24576, 334.79, 62
2026/09/21 03:55:08.912, 100, 23394, 24576, 331.32, 62
2026/09/21 03:55:09.912, 100, 23394, 24576, 336.27, 62
2026/09/21 03:55:10.913, 100, 23394, 24576, 332.87, 62
2026/09/21 03:55:11.913, 100, 23394, 24576, 334.09, 62
2026/09/21 03:55:12.914, 100, 23394, 24576, 331.99, 62
2026/09/21 03:55:13.914, 100, 23394, 24576, 330.47, 61
2026/09/21 03:55:14.914, 100, 23394, 24576, 326.83, 61
2026/09/21 03:55:15.915, 100, 23394, 24576, 332.76, 62
2026/09/21 03:55:16.915, 100, 23394, 24576, 336.28, 62
2026/09/21 03:55:17.915, 97, 23394, 24576, 331.09, 62
2026/09/21 03:55:18.916, 100, 23394, 24576, 328.57, 63
2026/09/21 03:55:19.916, 100, 23394, 24576, 330.19, 61
2026/09/21 03:55:20.916, 100, 23394, 24576, 329.34, 63
2026/09/21 03:55:21.917, 100, 23394, 24576, 327.40, 62
2026/09/21 03:55:22.917, 69, 23394, 24576, 316.06, 62
2026/09/21 03:55:23.917, 100, 23394, 24576, 325.11, 62
2026/09/21 03:55:24.918, 100, 23394, 24576, 330.21, 62
2026/09/21 03:55:25.918, 100, 23394, 24576, 315.08, 62
2026/09/21 03:55:26.918, 100, 23394, 24576, 328.08, 62
2026/09/21 03:55:27.919, 41, 23394, 24576, 315.49, 60
2026/09/21 03:55:28.919, 44, 23394, 24576, 290.12, 60
2026/09/21 03:55:29.919, 64, 23394, 24576, 269.18, 61
2026/09/21 03:55:30.920, 68, 23394, 24576, 297.90, 61
2026/09/21 03:55:31.920, 40, 23394, 24576, 287.47, 60
2026/09/21 03:55:32.921, 51, 23394, 24576, 296.99, 60
2026/09/21 03:55:33.921, 35, 23394, 24576, 275.87, 59
2026/09/21 03:55:34.921, 61, 23394, 24576, 276.57, 60
2026/09/21 03:55:35.922, 100, 23394, 24576, 264.13, 61
2026/09/21 03:55:36.922, 100, 23394, 24576, 337.84, 61
2026/09/21 03:55:37.923, 100, 23394, 24576, 336.46, 62
2026/09/21 03:55:38.923, 100, 23394, 24576, 336.05, 62
2026/09/21 03:55:39.923, 100, 23394, 24576, 335.30, 62
2026/09/21 03:55:40.924, 100, 23394, 24576, 335.42, 62
2026/09/21 03:55:41.924, 100, 23394, 24576, 335.42, 62
2026/09/21 03:55:42.924, 100, 23394, 24576, 334.06, 62
2026/09/21 03:55:43.925, 100, 23394, 24576, 333.72, 62
2026/09/21 03:55:44.925, 99, 23394, 24576, 333.32, 62
2026/09/21 03:55:45.926, 100, 23394, 24576, 333.49, 62
2026/09/21 03:55:46.926, 99, 23394, 24576, 334.23, 62
2026/09/21 03:55:47.926, 100, 23394, 24576, 333.80, 62
2026/09/21 03:55:48.927, 100, 23394, 24576, 336.07, 62
2026/09/21 03:55:49.927, 100, 23394, 24576, 330.78, 62
2026/09/21 03:55:50.927, 100, 23394, 24576, 332.91, 62
2026/09/21 03:55:51.928, 100, 23394, 24576, 332.22, 62
2026/09/21 03:55:52.928, 100, 23394, 24576, 333.66, 62
2026/09/21 03:55:53.929, 100, 23394, 24576, 330.83, 63
2026/09/21 03:55:54.929, 100, 23394, 24576, 332.27, 63
2026/09/21 03:55:55.929, 100, 23394, 24576, 333.05, 62
2026/09/21 03:55:56.930, 100, 23394, 24576, 333.12, 62
2026/09/21 03:55:57.930, 97, 23394, 24576, 333.31, 63
2026/09/21 03:55:58.931, 100, 23394, 24576, 330.65, 63
2026/09/21 03:55:59.931, 100, 23394, 24576, 329.43, 63
2026/09/21 03:56:00.931, 100, 23394, 24576, 327.82, 62
2026/09/21 03:56:01.932, 100, 23394, 24576, 332.82, 63
2026/09/21 03:56:02.934, 100, 23394, 24576, 330.57, 63
2026/09/21 03:56:03.934, 100, 23394, 24576, 331.38, 62
2026/09/21 03:56:04.934, 100, 23394, 24576, 333.21, 63
2026/09/21 03:56:05.935, 100, 23394, 24576, 304.31, 63
2026/09/21 03:56:06.941, 100, 23394, 24576, 328.70, 63
2026/09/21 03:56:07.942, 50, 23394, 24576, 310.65, 62
2026/09/21 03:56:08.943, 100, 23394, 24576, 323.70, 62
2026/09/21 03:56:09.973, 100, 23394, 24576, 312.49, 63
2026/09/21 03:56:10.974, 41, 23394, 24576, 276.16, 61
2026/09/21 03:56:11.974, 41, 23394, 24576, 213.93, 59
2026/09/21 03:56:12.975, 0, 23394, 24576, 214.08, 58
2026/09/21 03:56:13.975, 37, 23394, 24576, 237.33, 59
2026/09/21 03:56:14.975, 0, 23394, 24576, 251.63, 58
2026/09/21 03:56:15.976, 39, 23394, 24576, 214.18, 58
2026/09/21 03:56:16.976, 57, 23394, 24576, 236.10, 60
2026/09/21 03:56:17.977, 41, 23394, 24576, 242.21, 58
2026/09/21 03:56:18.977, 41, 23394, 24576, 245.07, 58
2026/09/21 03:56:19.978, 41, 23394, 24576, 255.30, 59
2026/09/21 03:56:20.978, 41, 23394, 24576, 223.81, 58
2026/09/21 03:56:21.979, 0, 23394, 24576, 212.19, 56
2026/09/21 03:56:22.979, 100, 23394, 24576, 247.00, 60
2026/09/21 03:56:23.980, 100, 23394, 24576, 337.82, 61
2026/09/21 03:56:24.980, 100, 23394, 24576, 336.92, 61
2026/09/21 03:56:25.980, 94, 23394, 24576, 335.51, 61
2026/09/21 03:56:26.981, 100, 23394, 24576, 335.87, 61
2026/09/21 03:56:27.981, 100, 23394, 24576, 337.09, 61
2026/09/21 03:56:28.981, 100, 23394, 24576, 336.33, 61
2026/09/21 03:56:29.982, 100, 23394, 24576, 335.94, 61
2026/09/21 03:56:30.982, 100, 23394, 24576, 335.45, 61
2026/09/21 03:56:31.982, 100, 23394, 24576, 335.40, 61
2026/09/21 03:56:32.983, 100, 23394, 24576, 336.12, 61
2026/09/21 03:56:33.983, 100, 23394, 24576, 335.96, 62
2026/09/21 03:56:34.983, 100, 23394, 24576, 333.44, 62
2026/09/21 03:56:35.984, 100, 23394, 24576, 331.88, 61
2026/09/21 03:56:36.984, 100, 23394, 24576, 335.14, 62
2026/09/21 03:56:37.985, 98, 23394, 24576, 331.92, 61
2026/09/21 03:56:38.985, 100, 23394, 24576, 336.58, 62
2026/09/21 03:56:39.985, 100, 23394, 24576, 332.22, 61
2026/09/21 03:56:40.986, 100, 23394, 24576, 334.66, 61
2026/09/21 03:56:41.986, 100, 23394, 24576, 332.10, 62
2026/09/21 03:56:42.986, 100, 23394, 24576, 326.68, 61
2026/09/21 03:56:43.987, 100, 23394, 24576, 331.15, 62
2026/09/21 03:56:44.987, 100, 23394, 24576, 331.84, 62
2026/09/21 03:56:45.988, 100, 23394, 24576, 335.77, 62
2026/09/21 03:56:46.988, 97, 23394, 24576, 330.62, 63
2026/09/21 03:56:47.989, 100, 23394, 24576, 328.10, 62
2026/09/21 03:56:48.989, 100, 23394, 24576, 329.87, 62
2026/09/21 03:56:49.989, 100, 23394, 24576, 329.05, 63
2026/09/21 03:56:50.991, 100, 23394, 24576, 325.68, 62
2026/09/21 03:56:51.991, 43, 23394, 24576, 308.73, 62
2026/09/21 03:56:52.991, 100, 23394, 24576, 320.81, 62
2026/09/21 03:56:53.992, 100, 23394, 24576, 328.93, 63
2026/09/21 03:56:54.992, 100, 23394, 24576, 311.98, 62
2026/09/21 03:56:55.992, 100, 23394, 24576, 325.15, 63
2026/09/21 03:56:56.994, 0, 23394, 24576, 293.87, 59
2026/09/21 03:56:57.994, 75, 23394, 24576, 283.70, 60
2026/09/21 03:56:58.994, 40, 23394, 24576, 223.75, 60
2026/09/21 03:56:59.995, 43, 23394, 24576, 212.99, 59
2026/09/21 03:57:00.995, 6, 23394, 24576, 203.15, 58
2026/09/21 03:57:01.996, 40, 23394, 24576, 235.31, 59
2026/09/21 03:57:02.996, 5, 23394, 24576, 228.97, 58
2026/09/21 03:57:03.997, 30, 23394, 24576, 227.32, 59
2026/09/21 03:57:04.997, 40, 23394, 24576, 231.82, 60
2026/09/21 03:57:05.997, 44, 23394, 24576, 258.06, 58
2026/09/21 03:57:06.997, 50, 23394, 24576, 267.05, 60
2026/09/21 03:57:07.998, 43, 23394, 24576, 252.72, 59
2026/09/21 03:57:09.000, 56, 23394, 24576, 258.34, 60
2026/09/21 03:57:10.000, 100, 23394, 24576, 232.03, 59
2026/09/21 03:57:11.001, 34, 23394, 24576, 294.13, 60
2026/09/21 03:57:12.001, 47, 23394, 24576, 229.71, 59
2026/09/21 03:57:13.001, 42, 23394, 24576, 234.79, 59
2026/09/21 03:57:14.002, 43, 23394, 24576, 223.45, 58
2026/09/21 03:57:15.002, 47, 23394, 24576, 247.08, 59
2026/09/21 03:57:16.002, 40, 23394, 24576, 261.14, 58
2026/09/21 03:57:17.003, 63, 23394, 24576, 248.51, 59
2026/09/21 03:57:18.003, 5, 23394, 24576, 233.62, 58
2026/09/21 03:57:19.004, 39, 23394, 24576, 250.95, 57
2026/09/21 03:57:20.005, 39, 23394, 24576, 257.19, 57
2026/09/21 03:57:21.005, 43, 23394, 24576, 235.41, 58
2026/09/21 03:57:22.005, 100, 23394, 24576, 250.12, 59
2026/09/21 03:57:23.006, 5, 23394, 24576, 287.27, 58
2026/09/21 03:57:24.006, 56, 23394, 24576, 252.66, 59
2026/09/21 03:57:25.006, 38, 23394, 24576, 275.95, 59
2026/09/21 03:57:26.007, 40, 23394, 24576, 268.93, 58
2026/09/21 03:57:27.007, 6, 23394, 24576, 244.16, 58
2026/09/21 03:57:28.007, 46, 23394, 24576, 254.13, 59
2026/09/21 03:57:29.008, 18, 23394, 24576, 269.38, 57
2026/09/21 03:57:30.008, 36, 23394, 24576, 234.80, 56
2026/09/21 03:57:31.008, 81, 23394, 24576, 267.55, 59
2026/09/21 03:57:32.009, 100, 23394, 24576, 258.44, 59
2026/09/21 03:57:33.009, 36, 23394, 24576, 287.04, 57
2026/09/21 03:57:34.009, 45, 23394, 24576, 242.57, 58
2026/09/21 03:57:35.010, 39, 23394, 24576, 243.52, 59
2026/09/21 03:57:36.010, 23, 23394, 24576, 258.52, 58
2026/09/21 03:57:37.010, 23, 23394, 24576, 249.37, 57
2026/09/21 03:57:38.011, 42, 23394, 24576, 260.71, 59
2026/09/21 03:57:39.011, 29, 23394, 24576, 235.95, 57
2026/09/21 03:57:40.011, 40, 23394, 24576, 248.94, 58
2026/09/21 03:57:41.012, 80, 23394, 24576, 262.55, 58
2026/09/21 03:57:42.012, 73, 23394, 24576, 276.32, 58
2026/09/21 03:57:43.013, 33, 23394, 24576, 281.13, 59
2026/09/21 03:57:44.013, 43, 23394, 24576, 263.28, 59
2026/09/21 03:57:45.014, 67, 23394, 24576, 286.71, 59
2026/09/21 03:57:46.014, 51, 23394, 24576, 274.61, 58
2026/09/21 03:57:47.014, 81, 23394, 24576, 279.62, 59
2026/09/21 03:57:48.015, 46, 23394, 24576, 282.99, 58
2026/09/21 03:57:49.015, 46, 23394, 24576, 262.52, 59
2026/09/21 03:57:50.015, 72, 23394, 24576, 258.72, 59
2026/09/21 03:57:51.016, 55, 23394, 24576, 278.93, 58
2026/09/21 03:57:52.016, 93, 23394, 24576, 213.83, 55
2026/09/21 03:57:53.016, 100, 23394, 24576, 342.83, 59
2026/09/21 03:57:54.017, 100, 23394, 24576, 335.61, 60
2026/09/21 03:57:55.017, 100, 23394, 24576, 335.29, 60
2026/09/21 03:57:56.017, 100, 23394, 24576, 334.33, 60
2026/09/21 03:57:57.018, 100, 23394, 24576, 334.70, 60
2026/09/21 03:57:58.018, 100, 23394, 24576, 335.58, 61
2026/09/21 03:57:59.019, 100, 23394, 24576, 334.64, 61
2026/09/21 03:58:00.019, 100, 23394, 24576, 334.86, 61
2026/09/21 03:58:01.019, 100, 23394, 24576, 334.17, 61
2026/09/21 03:58:02.020, 100, 23394, 24576, 332.88, 61
2026/09/21 03:58:03.020, 100, 23394, 24576, 333.58, 61
2026/09/21 03:58:04.020, 100, 23394, 24576, 333.67, 61
2026/09/21 03:58:05.021, 100, 23394, 24576, 335.46, 62
2026/09/21 03:58:06.021, 100, 23394, 24576, 332.32, 62
2026/09/21 03:58:07.021, 100, 23394, 24576, 333.74, 62
2026/09/21 03:58:08.022, 100, 23394, 24576, 332.86, 61
2026/09/21 03:58:09.022, 100, 23394, 24576, 332.95, 62
2026/09/21 03:58:10.022, 100, 23394, 24576, 330.33, 62
2026/09/21 03:58:11.023, 100, 23394, 24576, 330.89, 62
2026/09/21 03:58:12.023, 100, 23394, 24576, 334.68, 62
2026/09/21 03:58:13.024, 100, 23394, 24576, 332.51, 62
2026/09/21 03:58:14.026, 100, 23394, 24576, 330.16, 62
2026/09/21 03:58:15.027, 100, 23394, 24576, 331.01, 62
2026/09/21 03:58:16.027, 100, 23394, 24576, 335.58, 63
2026/09/21 03:58:17.027, 100, 23394, 24576, 330.68, 63
2026/09/21 03:58:18.030, 100, 23394, 24576, 327.42, 63
2026/09/21 03:58:19.030, 100, 23394, 24576, 331.43, 63
2026/09/21 03:58:20.030, 100, 23394, 24576, 327.09, 62
2026/09/21 03:58:21.031, 100, 23394, 24576, 332.14, 62
2026/09/21 03:58:22.031, 100, 23394, 24576, 315.01, 63
2026/09/21 03:58:23.031, 100, 23394, 24576, 328.39, 63
2026/09/21 03:58:24.032, 19, 23394, 24576, 310.21, 63
2026/09/21 03:58:25.032, 100, 23394, 24576, 313.57, 63
2026/09/21 03:58:26.032, 100, 23394, 24576, 305.82, 63
2026/09/21 03:58:27.072, 25, 23394, 24576, 267.46, 61
2026/09/21 03:58:28.073, 23, 23394, 24576, 223.54, 60
2026/09/21 03:58:29.073, 26, 23394, 24576, 225.57, 61
2026/09/21 03:58:30.073, 41, 23394, 24576, 237.81, 61
2026/09/21 03:58:31.074, 46, 23394, 24576, 242.76, 60
2026/09/21 03:58:32.074, 39, 23394, 24576, 258.58, 61
2026/09/21 03:58:33.074, 34, 23394, 24576, 243.97, 60
2026/09/21 03:58:34.075, 49, 23394, 24576, 237.11, 60
2026/09/21 03:58:35.076, 71, 23394, 24576, 245.42, 61
2026/09/21 03:58:36.076, 5, 23394, 24576, 242.57, 59
2026/09/21 03:58:37.076, 61, 23394, 24576, 227.21, 60
2026/09/21 03:58:38.076, 7, 23394, 24576, 228.99, 60
2026/09/21 03:58:39.077, 15, 23394, 24576, 215.65, 59
2026/09/21 03:58:40.077, 25, 23394, 24576, 277.42, 58
2026/09/21 03:58:41.077, 41, 23394, 24576, 247.25, 60
2026/09/21 03:58:42.078, 41, 23394, 24576, 263.78, 60
2026/09/21 03:58:43.078, 27, 23394, 24576, 245.73, 58
2026/09/21 03:58:44.079, 13, 23394, 24576, 252.71, 60
2026/09/21 03:58:45.079, 27, 23394, 24576, 221.21, 59
2026/09/21 03:58:46.080, 42, 23394, 24576, 256.20, 59
2026/09/21 03:58:47.080, 41, 23394, 24576, 245.50, 60
2026/09/21 03:58:48.080, 37, 23394, 24576, 260.31, 59
2026/09/21 03:58:49.081, 32, 23394, 24576, 259.84, 58
2026/09/21 03:58:50.081, 38, 23394, 24576, 240.48, 58
2026/09/21 03:58:51.081, 97, 23394, 24576, 268.91, 61
2026/09/21 03:58:52.082, 80, 23394, 24576, 252.42, 59
2026/09/21 03:58:53.082, 40, 23394, 24576, 272.95, 60
2026/09/21 03:58:54.082, 31, 23394, 24576, 252.12, 59
2026/09/21 03:58:55.083, 74, 23394, 24576, 263.51, 59
2026/09/21 03:58:56.083, 77, 23394, 24576, 260.76, 60
2026/09/21 03:58:57.083, 40, 23394, 24576, 275.09, 59
2026/09/21 03:58:58.084, 37, 23394, 24576, 247.38, 58
2026/09/21 03:58:59.084, 51, 23394, 24576, 261.38, 59
2026/09/21 03:59:00.085, 51, 23394, 24576, 289.34, 59
2026/09/21 03:59:01.085, 100, 23394, 24576, 250.74, 61
2026/09/21 03:59:02.085, 40, 23394, 24576, 277.59, 58
2026/09/21 03:59:03.086, 30, 23394, 24576, 243.53, 58
2026/09/21 03:59:04.086, 40, 23394, 24576, 234.51, 57
2026/09/21 03:59:05.086, 51, 23394, 24576, 246.69, 59
2026/09/21 03:59:06.087, 38, 23394, 24576, 249.96, 59
2026/09/21 03:59:07.087, 38, 23394, 24576, 252.15, 57
2026/09/21 03:59:08.087, 41, 23394, 24576, 253.15, 58
2026/09/21 03:59:09.088, 36, 23394, 24576, 249.61, 59
2026/09/21 03:59:10.088, 36, 23394, 24576, 226.65, 58
2026/09/21 03:59:11.088, 3, 23394, 24576, 250.89, 57
2026/09/21 03:59:12.089, 23, 23394, 24576, 237.20, 59
2026/09/21 03:59:13.089, 41, 23394, 24576, 274.05, 58
2026/09/21 03:59:14.089, 77, 23394, 24576, 268.05, 59
2026/09/21 03:59:15.090, 73, 23394, 24576, 296.88, 60
2026/09/21 03:59:16.090, 39, 23394, 24576, 275.40, 58
2026/09/21 03:59:17.090, 40, 23394, 24576, 267.68, 57
2026/09/21 03:59:18.091, 41, 23394, 24576, 246.06, 59
2026/09/21 03:59:19.091, 28, 23394, 24576, 228.52, 58
2026/09/21 03:59:20.091, 37, 23394, 24576, 231.57, 57
2026/09/21 03:59:21.092, 40, 23394, 24576, 231.02, 57
2026/09/21 03:59:22.092, 35, 23394, 24576, 217.57, 56
2026/09/21 03:59:23.093, 0, 23394, 24576, 223.57, 56
2026/09/21 03:59:24.093, 100, 23394, 24576, 248.89, 60
2026/09/21 03:59:25.094, 100, 23394, 24576, 336.78, 60
2026/09/21 03:59:26.094, 100, 23394, 24576, 336.53, 60
2026/09/21 03:59:27.094, 92, 23394, 24576, 334.83, 60
2026/09/21 03:59:28.095, 100, 23394, 24576, 335.37, 61
2026/09/21 03:59:29.095, 100, 23394, 24576, 335.13, 61
2026/09/21 03:59:30.096, 100, 23394, 24576, 336.02, 61
2026/09/21 03:59:31.096, 100, 23394, 24576, 335.48, 61
2026/09/21 03:59:32.097, 100, 23394, 24576, 334.21, 62
2026/09/21 03:59:33.097, 100, 23394, 24576, 333.81, 61
2026/09/21 03:59:34.097, 100, 23394, 24576, 334.11, 62
2026/09/21 03:59:35.098, 100, 23394, 24576, 334.69, 62
2026/09/21 03:59:36.098, 100, 23394, 24576, 336.22, 62
2026/09/21 03:59:37.099, 100, 23394, 24576, 331.84, 62
2026/09/21 03:59:38.099, 100, 23394, 24576, 332.24, 62
2026/09/21 03:59:39.099, 100, 23394, 24576, 332.58, 63
2026/09/21 03:59:40.100, 100, 23394, 24576, 333.59, 63
2026/09/21 03:59:41.100, 100, 23394, 24576, 331.53, 63
2026/09/21 03:59:42.101, 100, 23394, 24576, 329.41, 62
2026/09/21 03:59:43.101, 100, 23394, 24576, 330.65, 63
2026/09/21 03:59:44.101, 100, 23394, 24576, 328.35, 63
2026/09/21 03:59:45.102, 100, 23394, 24576, 332.57, 63
2026/09/21 03:59:46.102, 100, 23394, 24576, 325.52, 63
2026/09/21 03:59:47.103, 100, 23394, 24576, 331.76, 63
2026/09/21 03:59:48.103, 98, 23394, 24576, 332.02, 64
2026/09/21 03:59:49.103, 100, 23394, 24576, 331.22, 64
2026/09/21 03:59:50.104, 100, 23394, 24576, 329.10, 64
2026/09/21 03:59:51.104, 100, 23394, 24576, 318.39, 64
2026/09/21 03:59:52.105, 100, 23394, 24576, 328.83, 63
2026/09/21 03:59:53.105, 14, 23394, 24576, 305.13, 62
2026/09/21 03:59:54.105, 100, 23394, 24576, 318.36, 64
2026/09/21 03:59:55.106, 100, 23394, 24576, 330.95, 64
2026/09/21 03:59:56.106, 100, 23394, 24576, 308.05, 63
2026/09/21 03:59:57.106, 100, 23394, 24576, 328.51, 63
2026/09/21 03:59:58.107, 14, 23394, 24576, 305.71, 61
2026/09/21 03:59:59.107, 40, 23394, 24576, 269.52, 61
2026/09/21 04:00:00.108, 41, 23394, 24576, 239.76, 61
2026/09/21 04:00:01.108, 0, 23394, 24576, 206.70, 60
2026/09/21 04:00:02.108, 41, 23394, 24576, 209.13, 60
2026/09/21 04:00:03.110, 41, 23394, 24576, 215.87, 60
2026/09/21 04:00:04.111, 41, 23394, 24576, 218.01, 60
2026/09/21 04:00:05.111, 66, 23655, 24576, 236.27, 61
2026/09/21 04:00:06.112, 45, 23655, 24576, 273.54, 60
2026/09/21 04:00:07.112, 37, 23394, 24576, 250.57, 59
2026/09/21 04:00:08.113, 39, 23394, 24576, 247.10, 59
2026/09/21 04:00:09.114, 67, 23394, 24576, 267.94, 60
2026/09/21 04:00:10.114, 43, 23394, 24576, 277.89, 60
2026/09/21 04:00:11.115, 78, 23394, 24576, 283.88, 61
2026/09/21 04:00:12.115, 51, 23394, 24576, 289.82, 60
2026/09/21 04:00:13.173, 43, 23394, 24576, 283.98, 60
2026/09/21 04:00:14.174, 42, 23394, 24576, 279.64, 60
2026/09/21 04:00:15.175, 42, 23394, 24576, 276.57, 60
2026/09/21 04:00:16.175, 2, 23394, 24576, 261.64, 59
2026/09/21 04:00:17.176, 40, 23394, 24576, 270.38, 60
2026/09/21 04:00:18.177, 42, 23394, 24576, 257.80, 60
2026/09/21 04:00:19.177, 53, 23394, 24576, 260.93, 60
2026/09/21 04:00:20.178, 56, 23394, 24576, 283.73, 60
2026/09/21 04:00:21.179, 36, 23394, 24576, 259.24, 59
2026/09/21 04:00:22.180, 40, 23394, 24576, 285.73, 60
2026/09/21 04:00:23.181, 41, 23394, 24576, 247.31, 59
2026/09/21 04:00:24.182, 44, 23394, 24576, 254.77, 59
2026/09/21 04:00:25.182, 38, 23394, 24576, 251.15, 59
2026/09/21 04:00:26.182, 69, 23394, 24576, 257.93, 59
2026/09/21 04:00:27.183, 78, 23394, 24576, 261.95, 61
2026/09/21 04:00:28.183, 44, 23394, 24576, 270.56, 61
2026/09/21 04:00:29.184, 0, 23394, 24576, 237.52, 58
2026/09/21 04:00:30.184, 76, 23394, 24576, 280.41, 58
2026/09/21 04:00:31.184, 41, 23394, 24576, 234.11, 58
2026/09/21 04:00:32.185, 41, 23394, 24576, 244.08, 59
2026/09/21 04:00:33.185, 50, 23394, 24576, 231.08, 60
2026/09/21 04:00:34.186, 76, 23394, 24576, 256.95, 59
2026/09/21 04:00:35.186, 41, 23394, 24576, 254.33, 59
2026/09/21 04:00:36.186, 41, 23394, 24576, 233.33, 58
2026/09/21 04:00:37.187, 41, 23394, 24576, 213.06, 57
2026/09/21 04:00:38.187, 41, 23394, 24576, 244.46, 58
2026/09/21 04:00:39.188, 41, 23394, 24576, 231.85, 58
2026/09/21 04:00:40.188, 44, 23394, 24576, 254.03, 58
2026/09/21 04:00:41.188, 100, 23394, 24576, 245.87, 61
2026/09/21 04:00:42.189, 41, 23394, 24576, 259.96, 57
2026/09/21 04:00:43.190, 41, 23394, 24576, 242.03, 58
2026/09/21 04:00:44.190, 40, 23394, 24576, 222.36, 57
2026/09/21 04:00:45.191, 60, 23394, 24576, 241.44, 59
2026/09/21 04:00:46.191, 45, 23394, 24576, 272.60, 60
2026/09/21 04:00:47.191, 41, 23394, 24576, 268.26, 60
2026/09/21 04:00:48.192, 43, 23394, 24576, 251.87, 58
2026/09/21 04:00:49.192, 41, 23394, 24576, 253.86, 58
2026/09/21 04:00:50.192, 41, 23394, 24576, 241.71, 58
2026/09/21 04:00:51.193, 41, 23394, 24576, 252.10, 58
2026/09/21 04:00:52.194, 0, 23394, 24576, 166.19, 55
2026/09/21 04:00:53.194, 0, 23394, 24576, 147.21, 55
2026/09/21 04:00:54.194, 0, 23394, 24576, 134.88, 54
2026/09/21 04:00:55.195, 0, 23394, 24576, 128.35, 54
2026/09/21 04:00:56.198, 100, 23394, 24576, 229.77, 59
2026/09/21 04:00:57.199, 100, 23394, 24576, 336.01, 60
2026/09/21 04:00:58.200, 100, 23394, 24576, 337.24, 60
2026/09/21 04:00:59.200, 100, 23394, 24576, 336.20, 60
2026/09/21 04:01:00.200, 100, 23394, 24576, 335.42, 61
2026/09/21 04:01:01.201, 100, 23394, 24576, 336.08, 61
2026/09/21 04:01:02.201, 100, 23394, 24576, 336.24, 61
2026/09/21 04:01:03.202, 100, 23394, 24576, 335.84, 61
2026/09/21 04:01:04.202, 100, 23394, 24576, 335.44, 61
2026/09/21 04:01:05.203, 100, 23394, 24576, 336.19, 61
2026/09/21 04:01:06.203, 83, 23394, 24576, 332.03, 60
2026/09/21 04:01:07.204, 100, 23394, 24576, 337.04, 61
2026/09/21 04:01:08.204, 100, 23394, 24576, 335.48, 62
2026/09/21 04:01:09.204, 100, 23394, 24576, 334.52, 62
2026/09/21 04:01:10.205, 100, 23394, 24576, 335.62, 62
2026/09/21 04:01:11.205, 100, 23394, 24576, 334.84, 62
2026/09/21 04:01:12.206, 100, 23394, 24576, 335.57, 62
2026/09/21 04:01:13.206, 100, 23394, 24576, 334.50, 63
2026/09/21 04:01:14.206, 100, 23394, 24576, 334.14, 63
2026/09/21 04:01:15.207, 100, 23394, 24576, 334.32, 63
2026/09/21 04:01:16.207, 100, 23394, 24576, 333.44, 63
2026/09/21 04:01:17.207, 100, 23394, 24576, 335.18, 63
2026/09/21 04:01:18.208, 100, 23394, 24576, 334.89, 63
2026/09/21 04:01:19.208, 100, 23394, 24576, 334.29, 63
2026/09/21 04:01:20.208, 100, 23394, 24576, 330.36, 64
2026/09/21 04:01:21.209, 100, 23394, 24576, 333.91, 63
2026/09/21 04:01:22.209, 100, 23394, 24576, 334.68, 64
2026/09/21 04:01:23.210, 100, 23394, 24576, 331.01, 63
2026/09/21 04:01:24.210, 94, 23394, 24576, 330.59, 64
2026/09/21 04:01:25.210, 100, 23394, 24576, 330.93, 64
2026/09/21 04:01:26.211, 100, 23394, 24576, 334.27, 64
2026/09/21 04:01:27.211, 100, 23394, 24576, 332.74, 63
2026/09/21 04:01:28.212, 100, 23394, 24576, 332.90, 64
2026/09/21 04:01:29.212, 100, 23394, 24576, 331.21, 64
2026/09/21 04:01:30.213, 100, 23394, 24576, 331.39, 64
2026/09/21 04:01:31.213, 100, 23394, 24576, 331.80, 63
2026/09/21 04:01:32.213, 100, 23394, 24576, 333.06, 64
2026/09/21 04:01:33.214, 100, 23394, 24576, 327.73, 64
2026/09/21 04:01:34.214, 100, 23394, 24576, 332.27, 64
2026/09/21 04:01:35.215, 95, 23394, 24576, 327.69, 64
2026/09/21 04:01:36.215, 100, 23394, 24576, 331.73, 65
2026/09/21 04:01:37.215, 100, 23394, 24576, 333.30, 65
2026/09/21 04:01:38.216, 100, 23394, 24576, 331.00, 65
2026/09/21 04:01:39.216, 100, 23394, 24576, 332.24, 65
2026/09/21 04:01:40.217, 100, 23394, 24576, 326.15, 65
2026/09/21 04:01:41.219, 100, 23394, 24576, 329.05, 64
2026/09/21 04:01:42.220, 97, 23394, 24576, 331.57, 65
2026/09/21 04:01:43.220, 100, 23394, 24576, 333.07, 65
2026/09/21 04:01:44.220, 100, 23394, 24576, 334.41, 65
2026/09/21 04:01:45.221, 100, 23394, 24576, 328.22, 64
2026/09/21 04:01:46.221, 100, 23394, 24576, 334.37, 64
2026/09/21 04:01:47.222, 100, 23394, 24576, 330.48, 65
2026/09/21 04:01:48.222, 100, 23394, 24576, 330.00, 64
2026/09/21 04:01:49.222, 100, 23394, 24576, 332.98, 64
2026/09/21 04:01:50.223, 100, 23394, 24576, 327.74, 64
2026/09/21 04:01:51.223, 100, 23394, 24576, 331.26, 65
2026/09/21 04:01:52.259, 100, 23394, 24576, 328.95, 64
2026/09/21 04:01:53.260, 100, 23394, 24576, 331.23, 65
2026/09/21 04:01:54.260, 100, 23394, 24576, 327.91, 65
2026/09/21 04:01:55.261, 100, 23394, 24576, 292.86, 64
2026/09/21 04:01:56.261, 100, 23394, 24576, 330.82, 65
2026/09/21 04:01:57.262, 100, 23394, 24576, 327.29, 65
2026/09/21 04:01:58.262, 100, 23394, 24576, 327.48, 64
2026/09/21 04:01:59.262, 100, 23394, 24576, 331.01, 65
2026/09/21 04:02:00.263, 100, 23394, 24576, 289.60, 65
2026/09/21 04:02:01.263, 100, 23394, 24576, 328.57, 65
2026/09/21 04:02:02.263, 100, 23394, 24576, 311.13, 64
2026/09/21 04:02:03.264, 91, 23394, 24576, 323.79, 63
2026/09/21 04:02:04.264, 100, 23394, 24576, 326.29, 65
2026/09/21 04:02:05.264, 99, 23394, 24576, 323.26, 65
2026/09/21 04:02:06.265, 99, 23394, 24576, 325.32, 65
2026/09/21 04:02:07.265, 99, 23394, 24576, 286.22, 65
2026/09/21 04:02:08.266, 8, 23404, 24576, 288.27, 61
2026/09/21 04:02:09.266, 45, 23404, 24576, 221.42, 62
2026/09/21 04:02:10.272, 0, 23404, 24576, 192.05, 59
2026/09/21 04:02:11.273, 48, 23404, 24576, 209.68, 61
2026/09/21 04:02:12.273, 45, 23404, 24576, 249.72, 62
2026/09/21 04:02:13.274, 35, 23404, 24576, 251.82, 62
2026/09/21 04:02:14.274, 0, 23404, 24576, 228.45, 59
2026/09/21 04:02:15.274, 35, 23404, 24576, 199.08, 62
2026/09/21 04:02:16.275, 50, 23404, 24576, 215.63, 60
2026/09/21 04:02:17.275, 9, 23404, 24576, 225.04, 59
2026/09/21 04:02:18.276, 42, 23404, 24576, 225.57, 61
2026/09/21 04:02:19.276, 21, 23404, 24576, 224.20, 60
2026/09/21 04:02:20.276, 29, 23404, 24576, 223.61, 58
2026/09/21 04:02:21.277, 37, 23404, 24576, 230.50, 60
2026/09/21 04:02:22.277, 32, 23404, 24576, 248.47, 59
2026/09/21 04:02:23.277, 46, 23404, 24576, 231.98, 59
2026/09/21 04:02:24.278, 36, 23404, 24576, 244.72, 61
2026/09/21 04:02:25.278, 0, 23404, 24576, 238.33, 58
2026/09/21 04:02:26.278, 0, 23404, 24576, 227.96, 58
2026/09/21 04:02:27.279, 100, 23404, 24576, 252.08, 61
2026/09/21 04:02:28.279, 100, 23404, 24576, 337.85, 62
2026/09/21 04:02:29.279, 100, 23404, 24576, 338.18, 62
2026/09/21 04:02:30.280, 88, 23404, 24576, 335.54, 62
2026/09/21 04:02:31.280, 100, 23404, 24576, 336.38, 62
2026/09/21 04:02:32.280, 100, 23404, 24576, 337.44, 62
2026/09/21 04:02:33.281, 100, 23404, 24576, 336.57, 62
2026/09/21 04:02:34.281, 100, 23404, 24576, 336.18, 62
2026/09/21 04:02:35.282, 100, 23404, 24576, 336.03, 62
2026/09/21 04:02:36.282, 100, 23404, 24576, 336.21, 62
2026/09/21 04:02:37.282, 100, 23404, 24576, 335.68, 63
2026/09/21 04:02:38.283, 100, 23404, 24576, 335.95, 63
2026/09/21 04:02:39.283, 100, 23404, 24576, 336.72, 63
2026/09/21 04:02:40.283, 100, 23404, 24576, 334.77, 63
2026/09/21 04:02:41.284, 99, 23404, 24576, 333.66, 63
2026/09/21 04:02:42.284, 100, 23404, 24576, 333.52, 63
2026/09/21 04:02:43.285, 97, 23404, 24576, 332.16, 63
2026/09/21 04:02:44.285, 100, 23404, 24576, 334.82, 63
2026/09/21 04:02:45.286, 96, 23404, 24576, 334.28, 63
2026/09/21 04:02:46.286, 100, 23404, 24576, 335.38, 63
2026/09/21 04:02:47.287, 96, 23404, 24576, 333.43, 64
2026/09/21 04:02:48.287, 100, 23404, 24576, 334.06, 63
2026/09/21 04:02:49.287, 96, 23404, 24576, 331.30, 63
2026/09/21 04:02:50.288, 100, 23404, 24576, 331.06, 63
2026/09/21 04:02:51.288, 100, 23404, 24576, 333.87, 63
2026/09/21 04:02:52.289, 100, 23404, 24576, 334.14, 64
2026/09/21 04:02:53.289, 100, 23404, 24576, 332.55, 64
2026/09/21 04:02:54.290, 100, 23404, 24576, 333.16, 63
2026/09/21 04:02:55.290, 100, 23404, 24576, 333.54, 64
2026/09/21 04:02:56.290, 100, 23404, 24576, 333.52, 64
2026/09/21 04:02:57.291, 100, 23404, 24576, 333.56, 64
2026/09/21 04:02:58.291, 100, 23404, 24576, 332.06, 64
2026/09/21 04:02:59.292, 100, 23404, 24576, 330.56, 63
2026/09/21 04:03:00.292, 100, 23404, 24576, 330.32, 64
2026/09/21 04:03:01.292, 100, 23404, 24576, 334.02, 64
2026/09/21 04:03:02.293, 100, 23404, 24576, 332.32, 64
2026/09/21 04:03:03.293, 100, 23404, 24576, 332.65, 64
2026/09/21 04:03:04.294, 99, 23404, 24576, 332.21, 64
2026/09/21 04:03:05.294, 100, 23404, 24576, 330.25, 64
2026/09/21 04:03:06.295, 100, 23404, 24576, 331.41, 64
2026/09/21 04:03:07.295, 100, 23404, 24576, 329.68, 64
2026/09/21 04:03:08.295, 100, 23404, 24576, 332.43, 64
2026/09/21 04:03:09.296, 100, 23404, 24576, 328.15, 64
2026/09/21 04:03:10.296, 100, 23404, 24576, 332.21, 65
2026/09/21 04:03:11.296, 100, 23404, 24576, 327.84, 64
2026/09/21 04:03:12.297, 100, 23404, 24576, 331.85, 63
2026/09/21 04:03:13.297, 100, 23404, 24576, 330.80, 64
2026/09/21 04:03:14.298, 100, 23404, 24576, 330.36, 65
2026/09/21 04:03:15.298, 100, 23404, 24576, 333.73, 65
2026/09/21 04:03:16.298, 100, 23404, 24576, 328.10, 64
2026/09/21 04:03:17.299, 100, 23404, 24576, 331.46, 64
2026/09/21 04:03:18.300, 95, 23404, 24576, 329.29, 63
2026/09/21 04:03:19.301, 100, 23404, 24576, 328.94, 64
2026/09/21 04:03:20.301, 100, 23404, 24576, 332.42, 64
2026/09/21 04:03:21.302, 100, 23404, 24576, 330.58, 64
2026/09/21 04:03:22.302, 100, 23404, 24576, 330.81, 64
2026/09/21 04:03:23.302, 100, 23404, 24576, 328.53, 64
2026/09/21 04:03:24.303, 100, 23404, 24576, 332.16, 65
2026/09/21 04:03:25.303, 100, 23404, 24576, 333.12, 65
2026/09/21 04:03:26.304, 100, 23404, 24576, 286.92, 64
2026/09/21 04:03:27.304, 100, 23404, 24576, 332.65, 65
2026/09/21 04:03:28.304, 100, 23404, 24576, 327.32, 63
2026/09/21 04:03:29.305, 100, 23404, 24576, 325.31, 64
2026/09/21 04:03:30.305, 100, 23404, 24576, 329.76, 65
2026/09/21 04:03:31.305, 100, 23404, 24576, 288.24, 64
2026/09/21 04:03:32.306, 100, 23404, 24576, 332.25, 65
2026/09/21 04:03:33.306, 100, 23404, 24576, 300.09, 64
2026/09/21 04:03:34.306, 100, 23404, 24576, 329.80, 64
2026/09/21 04:03:35.306, 98, 23404, 24576, 319.84, 65
2026/09/21 04:03:36.307, 8, 23404, 24576, 272.62, 61
2026/09/21 04:03:37.307, 7, 23404, 24576, 206.83, 61
2026/09/21 04:03:38.308, 22, 23404, 24576, 193.15, 60
2026/09/21 04:03:39.308, 38, 23404, 24576, 182.13, 59
2026/09/21 04:03:40.309, 38, 23404, 24576, 178.40, 59
2026/09/21 04:03:41.309, 23, 23404, 24576, 181.77, 59
2026/09/21 04:03:42.372, 44, 23404, 24576, 178.45, 59
2026/09/21 04:03:43.373, 19, 23404, 24576, 205.83, 60
2026/09/21 04:03:44.373, 34, 23404, 24576, 226.26, 60
2026/09/21 04:03:45.373, 40, 23404, 24576, 187.37, 59
2026/09/21 04:03:46.373, 15, 23404, 24576, 197.57, 59
2026/09/21 04:03:47.374, 5, 23404, 24576, 205.89, 58
2026/09/21 04:03:48.374, 27, 23404, 24576, 211.06, 58
2026/09/21 04:03:49.375, 16, 23404, 24576, 185.05, 57
2026/09/21 04:03:50.375, 14, 23404, 24576, 183.71, 58
2026/09/21 04:03:51.375, 50, 23404, 24576, 210.50, 58
2026/09/21 04:03:52.376, 20, 23404, 24576, 219.22, 58
2026/09/21 04:03:53.376, 27, 23404, 24576, 197.72, 57
2026/09/21 04:03:54.377, 9, 23404, 24576, 182.94, 56
2026/09/21 04:03:55.377, 39, 23404, 24576, 183.83, 56
2026/09/21 04:03:56.378, 49, 23404, 24576, 208.29, 56
2026/09/21 04:03:57.378, 51, 23404, 24576, 235.79, 57
2026/09/21 04:03:58.378, 100, 23404, 24576, 245.58, 60
2026/09/21 04:03:59.379, 100, 23404, 24576, 337.86, 60
2026/09/21 04:04:00.380, 100, 23404, 24576, 337.13, 60
2026/09/21 04:04:01.381, 95, 23404, 24576, 336.73, 60
2026/09/21 04:04:02.381, 100, 23404, 24576, 336.45, 61
2026/09/21 04:04:03.382, 100, 23404, 24576, 336.44, 61
2026/09/21 04:04:04.382, 100, 23404, 24576, 337.13, 61
2026/09/21 04:04:05.382, 100, 23404, 24576, 337.46, 61
2026/09/21 04:04:06.383, 100, 23404, 24576, 337.44, 61
2026/09/21 04:04:07.383, 100, 23404, 24576, 336.33, 61
2026/09/21 04:04:08.384, 100, 23404, 24576, 337.62, 61
2026/09/21 04:04:09.384, 100, 23404, 24576, 335.39, 62
2026/09/21 04:04:10.385, 100, 23404, 24576, 337.10, 62
2026/09/21 04:04:11.385, 100, 23404, 24576, 335.80, 62
2026/09/21 04:04:12.385, 100, 23404, 24576, 337.34, 62
2026/09/21 04:04:13.386, 100, 23404, 24576, 334.82, 62
2026/09/21 04:04:14.387, 100, 23404, 24576, 335.59, 62
2026/09/21 04:04:15.387, 100, 23404, 24576, 334.74, 62
2026/09/21 04:04:16.388, 100, 23404, 24576, 334.17, 62
2026/09/21 04:04:17.388, 100, 23404, 24576, 333.88, 62
2026/09/21 04:04:18.388, 100, 23404, 24576, 334.25, 62
2026/09/21 04:04:19.389, 100, 23404, 24576, 334.67, 62
2026/09/21 04:04:20.389, 100, 23404, 24576, 332.48, 63
2026/09/21 04:04:21.390, 100, 23404, 24576, 332.06, 63
2026/09/21 04:04:22.390, 100, 23404, 24576, 332.29, 63
2026/09/21 04:04:23.390, 100, 23404, 24576, 334.89, 63
2026/09/21 04:04:24.391, 100, 23404, 24576, 333.34, 63
2026/09/21 04:04:25.391, 100, 23404, 24576, 333.69, 63
2026/09/21 04:04:26.391, 100, 23404, 24576, 334.50, 63
2026/09/21 04:04:27.392, 100, 23404, 24576, 333.16, 63
2026/09/21 04:04:28.392, 100, 23404, 24576, 334.69, 63
2026/09/21 04:04:29.393, 100, 23404, 24576, 332.43, 63
2026/09/21 04:04:30.393, 100, 23404, 24576, 333.51, 63
2026/09/21 04:04:31.393, 100, 23404, 24576, 332.31, 64
2026/09/21 04:04:32.394, 100, 23404, 24576, 332.97, 63
2026/09/21 04:04:33.394, 100, 23404, 24576, 333.28, 63
2026/09/21 04:04:34.394, 100, 23404, 24576, 333.77, 64
2026/09/21 04:04:35.395, 99, 23404, 24576, 329.76, 64
2026/09/21 04:04:36.395, 100, 23404, 24576, 330.92, 64
2026/09/21 04:04:37.395, 100, 23404, 24576, 331.82, 63
2026/09/21 04:04:38.396, 100, 23404, 24576, 331.60, 63
2026/09/21 04:04:39.396, 100, 23404, 24576, 331.80, 63
2026/09/21 04:04:40.397, 100, 23404, 24576, 329.52, 64
2026/09/21 04:04:41.397, 100, 23404, 24576, 332.34, 64
2026/09/21 04:04:42.397, 100, 23404, 24576, 329.08, 64
2026/09/21 04:04:43.397, 100, 23404, 24576, 328.38, 64
2026/09/21 04:04:44.398, 100, 23404, 24576, 328.77, 64
2026/09/21 04:04:45.398, 100, 23404, 24576, 330.36, 63
2026/09/21 04:04:46.399, 100, 23404, 24576, 334.92, 63
2026/09/21 04:04:47.399, 100, 23404, 24576, 329.90, 64
2026/09/21 04:04:48.399, 100, 23404, 24576, 328.30, 64
2026/09/21 04:04:49.401, 95, 23404, 24576, 330.58, 64
2026/09/21 04:04:50.402, 100, 23404, 24576, 330.83, 64
2026/09/21 04:04:51.402, 100, 23404, 24576, 328.42, 64
2026/09/21 04:04:52.402, 100, 23404, 24576, 329.32, 64
2026/09/21 04:04:53.402, 100, 23404, 24576, 327.18, 64
2026/09/21 04:04:54.403, 100, 23404, 24576, 327.28, 64
2026/09/21 04:04:55.403, 100, 23404, 24576, 328.01, 64
2026/09/21 04:04:56.404, 100, 23404, 24576, 331.67, 63
2026/09/21 04:04:57.404, 100, 23404, 24576, 291.67, 64
2026/09/21 04:04:58.404, 100, 23404, 24576, 330.60, 64
2026/09/21 04:04:59.404, 99, 23404, 24576, 329.69, 64
2026/09/21 04:05:00.405, 100, 23404, 24576, 326.38, 64
2026/09/21 04:05:01.405, 100, 23404, 24576, 329.00, 64
2026/09/21 04:05:02.406, 100, 23404, 24576, 292.61, 64
2026/09/21 04:05:03.406, 100, 23404, 24576, 328.83, 64
2026/09/21 04:05:04.406, 100, 23404, 24576, 307.22, 64
2026/09/21 04:05:05.407, 100, 23404, 24576, 330.82, 64
2026/09/21 04:05:06.407, 98, 23404, 24576, 314.87, 63
2026/09/21 04:05:07.407, 48, 23404, 24576, 273.42, 60
2026/09/21 04:05:08.408, 9, 23404, 24576, 219.02, 62
2026/09/21 04:05:09.408, 0, 23404, 24576, 218.89, 61
2026/09/21 04:05:10.473, 0, 23404, 24576, 205.08, 60
2026/09/21 04:05:11.474, 48, 23404, 24576, 218.37, 60
2026/09/21 04:05:12.474, 9, 23404, 24576, 229.44, 60
2026/09/21 04:05:13.474, 1, 23404, 24576, 215.88, 59
2026/09/21 04:05:14.475, 9, 23404, 24576, 195.86, 59
2026/09/21 04:05:15.475, 35, 23404, 24576, 170.13, 58
2026/09/21 04:05:16.476, 9, 23404, 24576, 167.40, 58
2026/09/21 04:05:17.476, 13, 23404, 24576, 186.17, 57
2026/09/21 04:05:18.477, 0, 23404, 24576, 218.86, 58
2026/09/21 04:05:19.477, 11, 23404, 24576, 184.82, 56
2026/09/21 04:05:20.477, 9, 23404, 24576, 196.32, 58
2026/09/21 04:05:21.478, 1, 23404, 24576, 216.06, 57
2026/09/21 04:05:22.478, 48, 23404, 24576, 228.22, 57
2026/09/21 04:05:23.479, 9, 23404, 24576, 182.13, 56
2026/09/21 04:05:24.479, 52, 23404, 24576, 180.75, 55
2026/09/21 04:05:25.479, 16, 23404, 24576, 182.04, 56
2026/09/21 04:05:26.480, 0, 23404, 24576, 180.71, 56
2026/09/21 04:05:27.480, 8, 23404, 24576, 190.15, 56
2026/09/21 04:05:28.480, 9, 23404, 24576, 204.59, 56
2026/09/21 04:05:29.481, 48, 23404, 24576, 187.15, 56
2026/09/21 04:05:30.481, 100, 23404, 24576, 181.48, 57
2026/09/21 04:05:31.481, 100, 23404, 24576, 338.60, 59
2026/09/21 04:05:32.482, 100, 23404, 24576, 336.63, 59
2026/09/21 04:05:33.482, 100, 23404, 24576, 336.83, 60
2026/09/21 04:05:34.482, 100, 23404, 24576, 336.26, 60
2026/09/21 04:05:35.483, 100, 23404, 24576, 335.91, 60
2026/09/21 04:05:36.483, 100, 23404, 24576, 335.47, 60
2026/09/21 04:05:37.484, 100, 23404, 24576, 334.66, 60
2026/09/21 04:05:38.484, 100, 23404, 24576, 336.52, 60
2026/09/21 04:05:39.484, 100, 23404, 24576, 336.41, 61
2026/09/21 04:05:40.485, 100, 23404, 24576, 335.99, 61
2026/09/21 04:05:41.485, 100, 23404, 24576, 336.58, 61
2026/09/21 04:05:42.485, 100, 23404, 24576, 335.05, 61
2026/09/21 04:05:43.486, 100, 23404, 24576, 336.00, 61
2026/09/21 04:05:44.486, 100, 23404, 24576, 334.95, 62
2026/09/21 04:05:45.488, 100, 23404, 24576, 335.78, 62
2026/09/21 04:05:46.489, 100, 23404, 24576, 336.47, 62
2026/09/21 04:05:47.489, 100, 23404, 24576, 335.16, 62
2026/09/21 04:05:48.489, 100, 23404, 24576, 334.80, 62
2026/09/21 04:05:49.490, 100, 23404, 24576, 334.18, 62
2026/09/21 04:05:50.490, 100, 23404, 24576, 334.60, 62
2026/09/21 04:05:51.491, 100, 23404, 24576, 334.21, 62
2026/09/21 04:05:52.491, 100, 23404, 24576, 335.07, 63
2026/09/21 04:05:53.491, 100, 23404, 24576, 332.22, 63
2026/09/21 04:05:54.492, 100, 23404, 24576, 332.34, 62
2026/09/21 04:05:55.492, 100, 23404, 24576, 334.62, 63
2026/09/21 04:05:56.493, 100, 23404, 24576, 333.29, 63
2026/09/21 04:05:57.493, 100, 23404, 24576, 332.43, 62
2026/09/21 04:05:58.493, 100, 23404, 24576, 334.81, 63
2026/09/21 04:05:59.494, 100, 23404, 24576, 331.55, 63
2026/09/21 04:06:00.494, 100, 23404, 24576, 333.91, 63
2026/09/21 04:06:01.494, 100, 23404, 24576, 331.78, 62
2026/09/21 04:06:02.495, 100, 23404, 24576, 334.70, 63
2026/09/21 04:06:03.495, 97, 23404, 24576, 330.58, 63
2026/09/21 04:06:04.496, 100, 23404, 24576, 333.64, 62
2026/09/21 04:06:05.496, 100, 23404, 24576, 334.52, 63
2026/09/21 04:06:06.496, 100, 23404, 24576, 332.58, 63
2026/09/21 04:06:07.497, 100, 23404, 24576, 330.51, 63
2026/09/21 04:06:08.497, 100, 23404, 24576, 334.18, 63
2026/09/21 04:06:09.498, 100, 23404, 24576, 331.15, 63
2026/09/21 04:06:10.498, 100, 23404, 24576, 332.98, 63
2026/09/21 04:06:11.499, 100, 23404, 24576, 333.22, 63
2026/09/21 04:06:12.499, 98, 23404, 24576, 331.99, 63
2026/09/21 04:06:13.499, 100, 23404, 24576, 333.06, 63
2026/09/21 04:06:14.500, 100, 23404, 24576, 333.84, 63
2026/09/21 04:06:15.500, 100, 23404, 24576, 332.06, 64
2026/09/21 04:06:16.500, 100, 23404, 24576, 334.46, 64
2026/09/21 04:06:17.501, 100, 23404, 24576, 329.22, 64
2026/09/21 04:06:18.501, 100, 23404, 24576, 329.90, 64
2026/09/21 04:06:19.502, 95, 23404, 24576, 332.02, 64
2026/09/21 04:06:20.503, 100, 23404, 24576, 332.48, 64
2026/09/21 04:06:21.504, 100, 23404, 24576, 330.37, 64
2026/09/21 04:06:22.504, 100, 23404, 24576, 329.61, 64
2026/09/21 04:06:23.505, 100, 23404, 24576, 334.27, 64
2026/09/21 04:06:24.505, 100, 23404, 24576, 328.49, 63
2026/09/21 04:06:25.505, 100, 23404, 24576, 331.83, 64
2026/09/21 04:06:26.506, 100, 23404, 24576, 330.58, 64
2026/09/21 04:06:27.506, 100, 23404, 24576, 328.29, 64
2026/09/21 04:06:28.507, 100, 23404, 24576, 328.51, 64
2026/09/21 04:06:29.507, 100, 23404, 24576, 293.73, 63
2026/09/21 04:06:30.507, 100, 23404, 24576, 332.68, 64
2026/09/21 04:06:31.508, 100, 23404, 24576, 328.35, 64
2026/09/21 04:06:32.508, 100, 23404, 24576, 326.03, 64
2026/09/21 04:06:33.508, 100, 23404, 24576, 329.59, 64
2026/09/21 04:06:34.509, 19, 23404, 24576, 311.30, 61
2026/09/21 04:06:35.509, 100, 23404, 24576, 295.54, 63
2026/09/21 04:06:36.509, 100, 23404, 24576, 310.62, 64
2026/09/21 04:06:37.510, 100, 23404, 24576, 333.40, 64
2026/09/21 04:06:38.510, 100, 23404, 24576, 317.03, 64
2026/09/21 04:06:39.511, 8, 23404, 24576, 292.16, 60
2026/09/21 04:06:40.511, 9, 23404, 24576, 217.87, 60
2026/09/21 04:06:41.572, 0, 23404, 24576, 214.09, 60
2026/09/21 04:06:42.573, 0, 23404, 24576, 202.80, 59
2026/09/21 04:06:43.573, 0, 23404, 24576, 214.40, 59
2026/09/21 04:06:44.573, 9, 23404, 24576, 217.59, 59
2026/09/21 04:06:45.574, 56, 23404, 24576, 250.51, 62
2026/09/21 04:06:46.574, 52, 23404, 24576, 230.56, 60
2026/09/21 04:06:47.575, 50, 23404, 24576, 244.07, 60
2026/09/21 04:06:48.575, 14, 23404, 24576, 264.86, 59
2026/09/21 04:06:49.575, 44, 23404, 24576, 243.02, 59
2026/09/21 04:06:50.576, 55, 23404, 24576, 274.39, 60
2026/09/21 04:06:51.576, 30, 23404, 24576, 245.53, 60
2026/09/21 04:06:52.576, 54, 23404, 24576, 241.92, 60
2026/09/21 04:06:53.577, 9, 23404, 24576, 245.19, 58
2026/09/21 04:06:54.593, 21, 23404, 24576, 217.13, 58
2026/09/21 04:06:55.594, 9, 23404, 24576, 208.69, 57
2026/09/21 04:06:56.594, 100, 23404, 24576, 210.82, 61
2026/09/21 04:06:57.595, 100, 23404, 24576, 338.46, 61
2026/09/21 04:06:58.595, 100, 23404, 24576, 338.32, 61
2026/09/21 04:06:59.595, 100, 23404, 24576, 337.86, 62
2026/09/21 04:07:00.596, 100, 23404, 24576, 336.80, 62
2026/09/21 04:07:01.596, 89, 23404, 24576, 333.71, 61
2026/09/21 04:07:02.597, 100, 23404, 24576, 335.53, 62
2026/09/21 04:07:03.598, 100, 23404, 24576, 335.89, 62
2026/09/21 04:07:04.598, 100, 23404, 24576, 336.79, 62
2026/09/21 04:07:05.598, 100, 23404, 24576, 336.81, 62
2026/09/21 04:07:06.600, 100, 23404, 24576, 335.22, 62
2026/09/21 04:07:07.600, 100, 23404, 24576, 336.61, 62
2026/09/21 04:07:08.600, 100, 23404, 24576, 335.26, 62
2026/09/21 04:07:09.601, 100, 23404, 24576, 335.58, 62
2026/09/21 04:07:10.601, 100, 23404, 24576, 334.68, 62
2026/09/21 04:07:11.601, 100, 23404, 24576, 334.97, 62
2026/09/21 04:07:12.602, 100, 23404, 24576, 335.38, 63
2026/09/21 04:07:13.602, 100, 23404, 24576, 334.81, 63
2026/09/21 04:07:14.602, 100, 23404, 24576, 334.37, 63
2026/09/21 04:07:15.603, 100, 23404, 24576, 333.40, 63
2026/09/21 04:07:16.603, 100, 23404, 24576, 334.47, 63
2026/09/21 04:07:17.604, 100, 23404, 24576, 333.17, 63
2026/09/21 04:07:18.604, 100, 23404, 24576, 334.48, 63
2026/09/21 04:07:19.604, 100, 23404, 24576, 331.30, 63
2026/09/21 04:07:20.605, 100, 23404, 24576, 333.50, 63
2026/09/21 04:07:21.605, 100, 23404, 24576, 334.74, 63
2026/09/21 04:07:22.605, 100, 23404, 24576, 333.41, 63
2026/09/21 04:07:23.606, 100, 23404, 24576, 333.42, 63
2026/09/21 04:07:24.606, 100, 23404, 24576, 332.63, 63
2026/09/21 04:07:25.607, 100, 23404, 24576, 332.29, 64
2026/09/21 04:07:26.607, 100, 23404, 24576, 333.07, 63
2026/09/21 04:07:27.608, 100, 23404, 24576, 332.26, 63
2026/09/21 04:07:28.608, 100, 23404, 24576, 330.64, 63
2026/09/21 04:07:29.608, 100, 23404, 24576, 330.96, 64
2026/09/21 04:07:30.608, 100, 23404, 24576, 333.85, 63
2026/09/21 04:07:31.609, 99, 23404, 24576, 332.94, 63
2026/09/21 04:07:32.609, 100, 23404, 24576, 329.89, 64
2026/09/21 04:07:33.609, 100, 23404, 24576, 332.31, 64
2026/09/21 04:07:34.610, 100, 23404, 24576, 328.43, 64
2026/09/21 04:07:35.610, 100, 23404, 24576, 332.46, 64
2026/09/21 04:07:36.610, 100, 23404, 24576, 333.11, 64
2026/09/21 04:07:37.611, 100, 23404, 24576, 331.29, 64
2026/09/21 04:07:38.611, 100, 23404, 24576, 330.53, 64
2026/09/21 04:07:39.611, 100, 23404, 24576, 332.34, 64
2026/09/21 04:07:40.612, 100, 23404, 24576, 333.65, 64
2026/09/21 04:07:41.612, 100, 23404, 24576, 330.80, 64
2026/09/21 04:07:42.612, 100, 23404, 24576, 331.34, 64
2026/09/21 04:07:43.613, 100, 23404, 24576, 329.43, 63
2026/09/21 04:07:44.613, 100, 23404, 24576, 336.50, 63
2026/09/21 04:07:45.613, 99, 23404, 24576, 331.01, 64
2026/09/21 04:07:46.614, 100, 23404, 24576, 328.79, 64
2026/09/21 04:07:47.614, 100, 23404, 24576, 328.47, 63
2026/09/21 04:07:48.614, 100, 23404, 24576, 329.31, 64
2026/09/21 04:07:49.615, 100, 23404, 24576, 329.89, 64
2026/09/21 04:07:50.615, 100, 23404, 24576, 329.96, 64
2026/09/21 04:07:51.615, 100, 23404, 24576, 330.48, 64
2026/09/21 04:07:52.616, 100, 23404, 24576, 328.26, 63
2026/09/21 04:07:53.616, 100, 23404, 24576, 327.17, 64
2026/09/21 04:07:54.617, 100, 23404, 24576, 330.05, 64
2026/09/21 04:07:55.617, 100, 23404, 24576, 281.31, 64
2026/09/21 04:07:56.617, 100, 23404, 24576, 332.75, 64
2026/09/21 04:07:57.618, 100, 23404, 24576, 329.08, 63
2026/09/21 04:07:58.618, 100, 23404, 24576, 324.87, 65
2026/09/21 04:07:59.619, 100, 23404, 24576, 329.98, 64
2026/09/21 04:08:00.619, 26, 23404, 24576, 312.10, 61
2026/09/21 04:08:01.620, 100, 23404, 24576, 294.70, 64
2026/09/21 04:08:02.620, 51, 23404, 24576, 305.10, 63
2026/09/21 04:08:03.621, 100, 23404, 24576, 326.34, 64
2026/09/21 04:08:04.621, 100, 23404, 24576, 310.75, 64
2026/09/21 04:08:05.622, 8, 23404, 24576, 309.01, 61
2026/09/21 04:08:06.622, 34, 23404, 24576, 204.80, 61
2026/09/21 04:08:07.623, 28, 23404, 24576, 181.50, 60
2026/09/21 04:08:08.623, 41, 23404, 24576, 167.80, 59
2026/09/21 04:08:09.623, 23, 23404, 24576, 168.99, 58
2026/09/21 04:08:10.673, 26, 23404, 24576, 167.98, 58
2026/09/21 04:08:11.674, 27, 23404, 24576, 163.00, 59
2026/09/21 04:08:12.674, 40, 23404, 24576, 165.38, 58
2026/09/21 04:08:13.674, 36, 23404, 24576, 174.85, 58
2026/09/21 04:08:14.675, 34, 23404, 24576, 205.39, 59
2026/09/21 04:08:15.675, 39, 23404, 24576, 212.13, 58
2026/09/21 04:08:16.675, 15, 23404, 24576, 207.52, 57
2026/09/21 04:08:17.676, 2, 23404, 24576, 185.35, 56
2026/09/21 04:08:18.676, 5, 23404, 24576, 158.85, 55
2026/09/21 04:08:19.676, 19, 23404, 24576, 160.73, 56
2026/09/21 04:08:20.677, 32, 23404, 24576, 180.36, 55
2026/09/21 04:08:21.677, 33, 23404, 24576, 192.95, 56
2026/09/21 04:08:22.678, 27, 23404, 24576, 191.43, 55
2026/09/21 04:08:23.678, 34, 23404, 24576, 202.54, 57
2026/09/21 04:08:24.679, 11, 23404, 24576, 192.13, 55
2026/09/21 04:08:25.680, 46, 23404, 24576, 185.57, 56
2026/09/21 04:08:26.680, 31, 23404, 24576, 204.19, 56
2026/09/21 04:08:27.680, 26, 23404, 24576, 232.14, 57
2026/09/21 04:08:28.681, 54, 23404, 24576, 242.25, 58
2026/09/21 04:08:29.682, 0, 23404, 24576, 176.95, 54
2026/09/21 04:08:30.682, 0, 23404, 24576, 153.06, 54
2026/09/21 04:08:31.683, 0, 23404, 24576, 139.89, 53
2026/09/21 04:08:32.683, 100, 23404, 24576, 165.17, 58
2026/09/21 04:08:33.683, 100, 23404, 24576, 337.29, 58
2026/09/21 04:08:34.684, 100, 23404, 24576, 338.19, 59
2026/09/21 04:08:35.684, 100, 23404, 24576, 337.46, 59
2026/09/21 04:08:36.685, 100, 23404, 24576, 336.44, 59
2026/09/21 04:08:37.685, 96, 23404, 24576, 335.23, 59
2026/09/21 04:08:38.686, 100, 23404, 24576, 336.16, 59
2026/09/21 04:08:39.686, 100, 23404, 24576, 335.90, 60
2026/09/21 04:08:40.686, 100, 23404, 24576, 335.82, 60
2026/09/21 04:08:41.687, 100, 23404, 24576, 335.50, 60
2026/09/21 04:08:42.687, 100, 23404, 24576, 337.13, 60
2026/09/21 04:08:43.687, 100, 23404, 24576, 336.39, 61
2026/09/21 04:08:44.688, 100, 23404, 24576, 336.74, 61
2026/09/21 04:08:45.688, 100, 23404, 24576, 335.95, 61
2026/09/21 04:08:46.689, 100, 23404, 24576, 336.13, 61
2026/09/21 04:08:47.689, 100, 23404, 24576, 334.76, 61
2026/09/21 04:08:48.690, 100, 23404, 24576, 333.37, 61
2026/09/21 04:08:49.690, 100, 23404, 24576, 334.23, 61
2026/09/21 04:08:50.690, 100, 23404, 24576, 333.71, 61
2026/09/21 04:08:51.691, 100, 23404, 24576, 331.61, 61
2026/09/21 04:08:52.691, 100, 23404, 24576, 333.12, 62
2026/09/21 04:08:53.691, 100, 23404, 24576, 334.09, 61
2026/09/21 04:08:54.692, 100, 23404, 24576, 334.69, 62
2026/09/21 04:08:55.692, 100, 23404, 24576, 333.74, 61
2026/09/21 04:08:56.692, 100, 23404, 24576, 333.35, 62
2026/09/21 04:08:57.693, 100, 23404, 24576, 331.09, 62
2026/09/21 04:08:58.693, 100, 23404, 24576, 333.96, 62
2026/09/21 04:08:59.694, 100, 23404, 24576, 334.02, 62
2026/09/21 04:09:00.694, 100, 23404, 24576, 329.94, 63
2026/09/21 04:09:01.694, 100, 23404, 24576, 334.32, 63
2026/09/21 04:09:02.695, 100, 23404, 24576, 330.94, 63
2026/09/21 04:09:03.695, 100, 23404, 24576, 332.27, 63
2026/09/21 04:09:04.695, 100, 23404, 24576, 332.11, 63
2026/09/21 04:09:05.696, 100, 23404, 24576, 333.59, 63
2026/09/21 04:09:06.696, 100, 23404, 24576, 334.03, 63
2026/09/21 04:09:07.697, 100, 23404, 24576, 331.15, 62
2026/09/21 04:09:08.697, 100, 23404, 24576, 332.64, 63
2026/09/21 04:09:09.697, 99, 23404, 24576, 333.27, 63
2026/09/21 04:09:10.698, 100, 23404, 24576, 330.58, 63
2026/09/21 04:09:11.699, 100, 23404, 24576, 332.08, 63
2026/09/21 04:09:12.700, 100, 23404, 24576, 330.07, 63
2026/09/21 04:09:13.700, 100, 23404, 24576, 332.25, 63
2026/09/21 04:09:14.700, 100, 23404, 24576, 327.75, 63
2026/09/21 04:09:15.701, 100, 23404, 24576, 329.56, 63
2026/09/21 04:09:16.701, 100, 23404, 24576, 328.08, 64
2026/09/21 04:09:17.702, 100, 23404, 24576, 329.83, 64
2026/09/21 04:09:18.702, 100, 23404, 24576, 329.41, 64
2026/09/21 04:09:19.702, 100, 23404, 24576, 330.55, 63
2026/09/21 04:09:20.703, 100, 23404, 24576, 333.49, 63
2026/09/21 04:09:21.703, 100, 23404, 24576, 330.83, 64
2026/09/21 04:09:22.703, 100, 23404, 24576, 327.76, 64
2026/09/21 04:09:23.704, 95, 23404, 24576, 328.22, 64
2026/09/21 04:09:24.704, 100, 23404, 24576, 332.17, 64
2026/09/21 04:09:25.705, 100, 23404, 24576, 327.97, 64
2026/09/21 04:09:26.705, 100, 23404, 24576, 329.21, 63
2026/09/21 04:09:27.706, 100, 23404, 24576, 326.16, 64
2026/09/21 04:09:28.706, 100, 23404, 24576, 327.51, 63
2026/09/21 04:09:29.706, 100, 23404, 24576, 326.98, 64
2026/09/21 04:09:30.707, 100, 23404, 24576, 330.21, 63
2026/09/21 04:09:31.707, 100, 23404, 24576, 297.39, 63
2026/09/21 04:09:32.708, 100, 23404, 24576, 326.61, 64
2026/09/21 04:09:33.708, 99, 23404, 24576, 324.66, 63
2026/09/21 04:09:34.708, 100, 23404, 24576, 329.09, 63
2026/09/21 04:09:35.709, 100, 23404, 24576, 329.52, 64
2026/09/21 04:09:36.709, 100, 23404, 24576, 292.47, 63
2026/09/21 04:09:37.709, 100, 23404, 24576, 330.34, 64
2026/09/21 04:09:38.710, 100, 23404, 24576, 309.75, 64
2026/09/21 04:09:39.710, 100, 23404, 24576, 329.51, 64
2026/09/21 04:09:40.711, 100, 23404, 24576, 332.22, 64
2026/09/21 04:09:41.711, 57, 23404, 24576, 250.54, 62
2026/09/21 04:09:42.711, 6, 23404, 24576, 217.41, 60
2026/09/21 04:09:43.712, 10, 23404, 24576, 193.67, 60
2026/09/21 04:09:44.712, 44, 23404, 24576, 226.17, 61
2026/09/21 04:09:45.712, 37, 23404, 24576, 215.19, 60
2026/09/21 04:09:46.713, 37, 23404, 24576, 210.27, 59
2026/09/21 04:09:47.713, 37, 23404, 24576, 228.61, 61
2026/09/21 04:09:48.774, 9, 23404, 24576, 211.15, 59
2026/09/21 04:09:49.775, 15, 23404, 24576, 173.27, 58
2026/09/21 04:09:50.775, 45, 23404, 24576, 181.22, 58
2026/09/21 04:09:51.775, 56, 23404, 24576, 231.51, 59
2026/09/21 04:09:52.776, 0, 23404, 24576, 212.92, 58
2026/09/21 04:09:53.776, 45, 23404, 24576, 170.63, 57
2026/09/21 04:09:54.777, 2, 23404, 24576, 177.99, 56
2026/09/21 04:09:55.777, 47, 23404, 24576, 181.07, 56
2026/09/21 04:09:56.777, 26, 23404, 24576, 227.95, 58
2026/09/21 04:09:57.778, 36, 23404, 24576, 232.16, 58
2026/09/21 04:09:58.778, 53, 23404, 24576, 237.84, 57
2026/09/21 04:09:59.779, 48, 23404, 24576, 251.84, 58
2026/09/21 04:10:00.779, 59, 23404, 24576, 249.95, 58
2026/09/21 04:10:01.779, 100, 23404, 24576, 228.10, 60
2026/09/21 04:10:02.780, 100, 23404, 24576, 338.23, 60
2026/09/21 04:10:03.780, 100, 23404, 24576, 337.75, 60
2026/09/21 04:10:04.783, 100, 23665, 24576, 336.62, 60
2026/09/21 04:10:05.783, 100, 23665, 24576, 336.56, 61
2026/09/21 04:10:06.785, 90, 23404, 24576, 333.14, 60
2026/09/21 04:10:07.785, 100, 23404, 24576, 335.64, 61
2026/09/21 04:10:08.786, 100, 23404, 24576, 334.79, 61
2026/09/21 04:10:09.786, 100, 23404, 24576, 337.21, 61
2026/09/21 04:10:10.792, 100, 23404, 24576, 336.82, 62
2026/09/21 04:10:11.793, 100, 23404, 24576, 336.32, 62
2026/09/21 04:10:12.793, 100, 23404, 24576, 336.60, 62
2026/09/21 04:10:13.794, 100, 23404, 24576, 334.61, 62
2026/09/21 04:10:14.794, 100, 23404, 24576, 336.01, 62
2026/09/21 04:10:15.794, 100, 23404, 24576, 335.72, 62
2026/09/21 04:10:16.795, 100, 23404, 24576, 335.56, 62
2026/09/21 04:10:17.795, 100, 23404, 24576, 335.86, 62
2026/09/21 04:10:18.795, 100, 23404, 24576, 334.85, 63
2026/09/21 04:10:19.796, 100, 23404, 24576, 335.29, 63
2026/09/21 04:10:20.797, 100, 23404, 24576, 333.79, 63
2026/09/21 04:10:21.797, 100, 23404, 24576, 334.32, 63
2026/09/21 04:10:22.798, 100, 23404, 24576, 333.05, 63
2026/09/21 04:10:23.799, 100, 23404, 24576, 334.33, 63
2026/09/21 04:10:24.799, 100, 23404, 24576, 332.38, 62
2026/09/21 04:10:25.800, 100, 23404, 24576, 335.58, 63
2026/09/21 04:10:26.800, 100, 23404, 24576, 334.16, 63
2026/09/21 04:10:27.800, 100, 23404, 24576, 332.00, 63
2026/09/21 04:10:28.801, 100, 23404, 24576, 333.39, 63
2026/09/21 04:10:29.801, 100, 23404, 24576, 331.37, 63
2026/09/21 04:10:30.802, 100, 23404, 24576, 333.03, 63
2026/09/21 04:10:31.802, 100, 23404, 24576, 331.18, 63
2026/09/21 04:10:32.803, 100, 23404, 24576, 331.32, 64
2026/09/21 04:10:33.803, 100, 23404, 24576, 331.17, 63
2026/09/21 04:10:34.804, 99, 23404, 24576, 330.70, 63
2026/09/21 04:10:35.804, 100, 23404, 24576, 334.36, 64
2026/09/21 04:10:36.805, 100, 23404, 24576, 330.51, 63
2026/09/21 04:10:37.806, 100, 23404, 24576, 332.98, 63
2026/09/21 04:10:38.806, 100, 23404, 24576, 331.43, 64
2026/09/21 04:10:39.808, 100, 23404, 24576, 328.52, 64
2026/09/21 04:10:40.808, 100, 23404, 24576, 332.41, 64
2026/09/21 04:10:41.808, 100, 23404, 24576, 329.98, 64
2026/09/21 04:10:42.809, 100, 23404, 24576, 329.83, 64
2026/09/21 04:10:43.809, 100, 23404, 24576, 327.53, 63
2026/09/21 04:10:44.809, 100, 23404, 24576, 332.00, 64
2026/09/21 04:10:45.810, 100, 23404, 24576, 332.66, 64
2026/09/21 04:10:46.810, 100, 23404, 24576, 328.16, 63
2026/09/21 04:10:47.811, 100, 23404, 24576, 333.75, 63
2026/09/21 04:10:48.811, 100, 23404, 24576, 330.20, 64
2026/09/21 04:10:49.811, 100, 23404, 24576, 330.79, 64
2026/09/21 04:10:50.812, 100, 23404, 24576, 328.61, 63
2026/09/21 04:10:51.812, 100, 23404, 24576, 333.22, 63
2026/09/21 04:10:52.813, 100, 23404, 24576, 331.20, 64
2026/09/21 04:10:53.813, 100, 23404, 24576, 329.00, 63
2026/09/21 04:10:54.814, 100, 23404, 24576, 331.98, 63
2026/09/21 04:10:55.814, 100, 23404, 24576, 329.47, 64
2026/09/21 04:10:56.815, 100, 23404, 24576, 328.94, 63
2026/09/21 04:10:57.815, 100, 23404, 24576, 330.80, 64
2026/09/21 04:10:58.815, 100, 23404, 24576, 330.28, 64
2026/09/21 04:10:59.816, 100, 23404, 24576, 332.82, 64
2026/09/21 04:11:00.816, 100, 23404, 24576, 287.21, 64
2026/09/21 04:11:01.816, 100, 23404, 24576, 332.96, 64
2026/09/21 04:11:02.817, 100, 23404, 24576, 326.31, 64
2026/09/21 04:11:03.819, 100, 23404, 24576, 325.33, 64
2026/09/21 04:11:04.819, 100, 23404, 24576, 329.84, 64
2026/09/21 04:11:05.820, 31, 23404, 24576, 313.13, 61
2026/09/21 04:11:06.820, 100, 23404, 24576, 286.17, 64
2026/09/21 04:11:07.820, 38, 23404, 24576, 309.62, 64
2026/09/21 04:11:08.821, 100, 23404, 24576, 322.76, 64
2026/09/21 04:11:09.821, 100, 23404, 24576, 319.02, 64
2026/09/21 04:11:10.873, 51, 23404, 24576, 310.62, 62
2026/09/21 04:11:11.873, 0, 23404, 24576, 218.00, 60
2026/09/21 04:11:12.874, 49, 23404, 24576, 216.67, 61
2026/09/21 04:11:13.874, 0, 23404, 24576, 225.87, 59
2026/09/21 04:11:14.875, 9, 23404, 24576, 228.34, 59
2026/09/21 04:11:15.875, 8, 23404, 24576, 229.32, 59
2026/09/21 04:11:16.875, 53, 23404, 24576, 228.54, 60
2026/09/21 04:11:17.876, 0, 23404, 24576, 222.61, 59
2026/09/21 04:11:18.876, 41, 23404, 24576, 185.39, 58
2026/09/21 04:11:19.876, 48, 23404, 24576, 241.88, 59
2026/09/21 04:11:20.877, 57, 23404, 24576, 251.44, 60
2026/09/21 04:11:21.877, 5, 23404, 24576, 243.92, 58
2026/09/21 04:11:22.877, 8, 23404, 24576, 216.04, 58
2026/09/21 04:11:23.878, 57, 23404, 24576, 239.67, 59
2026/09/21 04:11:24.878, 7, 23404, 24576, 229.43, 57
2026/09/21 04:11:25.878, 57, 23404, 24576, 229.67, 58
2026/09/21 04:11:26.879, 0, 23404, 24576, 216.35, 57
2026/09/21 04:11:27.879, 8, 23404, 24576, 216.15, 57
2026/09/21 04:11:28.879, 38, 23404, 24576, 229.59, 57
2026/09/21 04:11:29.880, 0, 23404, 24576, 196.29, 56
2026/09/21 04:11:30.880, 100, 23404, 24576, 323.67, 60
2026/09/21 04:11:31.880, 100, 23404, 24576, 333.97, 60
2026/09/21 04:11:32.881, 100, 23404, 24576, 335.55, 60
2026/09/21 04:11:33.881, 100, 23404, 24576, 335.61, 61
2026/09/21 04:11:34.881, 100, 23404, 24576, 336.11, 61
2026/09/21 04:11:35.882, 100, 23404, 24576, 336.13, 61
2026/09/21 04:11:36.882, 100, 23404, 24576, 335.86, 61
2026/09/21 04:11:37.882, 100, 23404, 24576, 335.48, 61
2026/09/21 04:11:38.883, 97, 23404, 24576, 335.16, 62
2026/09/21 04:11:39.883, 100, 23404, 24576, 337.22, 62
2026/09/21 04:11:40.884, 100, 23404, 24576, 335.54, 62
2026/09/21 04:11:41.884, 100, 23404, 24576, 336.73, 62
2026/09/21 04:11:42.884, 100, 23404, 24576, 335.92, 62
2026/09/21 04:11:43.885, 100, 23404, 24576, 336.64, 62
2026/09/21 04:11:44.885, 100, 23404, 24576, 335.97, 62
2026/09/21 04:11:45.885, 100, 23404, 24576, 336.20, 62
2026/09/21 04:11:46.886, 100, 23404, 24576, 334.82, 62
2026/09/21 04:11:47.886, 100, 23404, 24576, 335.29, 63
2026/09/21 04:11:48.887, 100, 23404, 24576, 334.25, 63
2026/09/21 04:11:49.887, 100, 23404, 24576, 334.68, 63
2026/09/21 04:11:50.887, 100, 23404, 24576, 333.62, 63
2026/09/21 04:11:51.888, 100, 23404, 24576, 334.88, 63
2026/09/21 04:11:52.888, 100, 23404, 24576, 332.80, 63
2026/09/21 04:11:53.889, 100, 23404, 24576, 332.68, 63
2026/09/21 04:11:54.889, 100, 23404, 24576, 334.80, 63
2026/09/21 04:11:55.889, 100, 23404, 24576, 333.66, 63
2026/09/21 04:11:56.890, 100, 23404, 24576, 330.83, 63
2026/09/21 04:11:57.890, 100, 23404, 24576, 334.15, 63
2026/09/21 04:11:58.891, 100, 23404, 24576, 331.64, 63
2026/09/21 04:11:59.891, 100, 23404, 24576, 334.46, 63
2026/09/21 04:12:00.892, 100, 23404, 24576, 331.11, 63
2026/09/21 04:12:01.892, 100, 23404, 24576, 335.77, 63
2026/09/21 04:12:02.892, 100, 23404, 24576, 330.42, 63
2026/09/21 04:12:03.893, 100, 23404, 24576, 331.73, 63
2026/09/21 04:12:04.893, 100, 23404, 24576, 332.61, 64
2026/09/21 04:12:05.893, 100, 23404, 24576, 333.43, 63
2026/09/21 04:12:06.894, 100, 23404, 24576, 330.02, 63
2026/09/21 04:12:07.894, 100, 23404, 24576, 332.69, 63
2026/09/21 04:12:08.894, 100, 23404, 24576, 331.02, 64
2026/09/21 04:12:09.895, 100, 23404, 24576, 330.51, 64
2026/09/21 04:12:10.895, 100, 23404, 24576, 332.32, 64
2026/09/21 04:12:11.896, 90, 23404, 24576, 328.88, 63
2026/09/21 04:12:12.896, 100, 23404, 24576, 328.21, 64
2026/09/21 04:12:13.897, 100, 23404, 24576, 332.83, 64
2026/09/21 04:12:14.897, 100, 23404, 24576, 327.64, 64
2026/09/21 04:12:15.900, 100, 23404, 24576, 335.79, 63
2026/09/21 04:12:16.900, 100, 23404, 24576, 334.20, 64
2026/09/21 04:12:17.902, 100, 23404, 24576, 331.49, 64
2026/09/21 04:12:18.902, 90, 23404, 24576, 327.90, 63
2026/09/21 04:12:19.903, 100, 23404, 24576, 329.22, 64
2026/09/21 04:12:20.903, 100, 23404, 24576, 333.82, 64
2026/09/21 04:12:21.904, 100, 23404, 24576, 327.19, 64
2026/09/21 04:12:22.904, 100, 23404, 24576, 329.37, 63
2026/09/21 04:12:23.904, 100, 23404, 24576, 331.19, 64
2026/09/21 04:12:24.905, 100, 23404, 24576, 328.17, 63
2026/09/21 04:12:25.905, 100, 23404, 24576, 332.26, 64
2026/09/21 04:12:26.906, 100, 23404, 24576, 328.40, 64
2026/09/21 04:12:27.906, 100, 23404, 24576, 332.28, 64
2026/09/21 04:12:28.907, 11, 23404, 24576, 284.89, 60
2026/09/21 04:12:29.907, 100, 23404, 24576, 314.58, 64
2026/09/21 04:12:30.907, 100, 23404, 24576, 329.09, 65
2026/09/21 04:12:31.907, 100, 23404, 24576, 326.56, 64
2026/09/21 04:12:32.908, 100, 23404, 24576, 328.84, 64
2026/09/21 04:12:33.908, 98, 23404, 24576, 330.78, 64
2026/09/21 04:12:34.909, 100, 23404, 24576, 281.59, 64
2026/09/21 04:12:35.909, 92, 23404, 24576, 323.34, 63
2026/09/21 04:12:36.909, 100, 23404, 24576, 307.15, 64
2026/09/21 04:12:37.910, 100, 23404, 24576, 319.72, 64
2026/09/21 04:12:38.973, 0, 23404, 24576, 325.50, 61
2026/09/21 04:12:39.973, 48, 23404, 24576, 204.94, 62
2026/09/21 04:12:40.973, 47, 23404, 24576, 203.03, 61
2026/09/21 04:12:41.974, 45, 23404, 24576, 180.37, 60
2026/09/21 04:12:42.974, 21, 23404, 24576, 193.36, 59
2026/09/21 04:12:43.974, 42, 23404, 24576, 212.37, 60
2026/09/21 04:12:44.974, 41, 23404, 24576, 230.04, 62
2026/09/21 04:12:45.975, 14, 23404, 24576, 216.62, 59
2026/09/21 04:12:46.975, 9, 23404, 24576, 206.43, 58
2026/09/21 04:12:47.976, 9, 23404, 24576, 161.35, 57
2026/09/21 04:12:48.976, 9, 23404, 24576, 172.90, 57
2026/09/21 04:12:49.976, 25, 23404, 24576, 186.42, 57
2026/09/21 04:12:50.977, 19, 23404, 24576, 210.88, 58
2026/09/21 04:12:51.977, 19, 23404, 24576, 223.88, 58
2026/09/21 04:12:52.978, 17, 23404, 24576, 228.98, 57
2026/09/21 04:12:53.978, 41, 23404, 24576, 230.16, 59
2026/09/21 04:12:54.978, 47, 23404, 24576, 211.79, 59
2026/09/21 04:12:55.979, 40, 23404, 24576, 237.38, 59
2026/09/21 04:12:56.979, 42, 23404, 24576, 236.90, 59
2026/09/21 04:12:57.980, 48, 23404, 24576, 222.19, 58
2026/09/21 04:12:58.980, 0, 23404, 24576, 218.51, 56
2026/09/21 04:12:59.980, 0, 23404, 24576, 184.81, 55
2026/09/21 04:13:00.982, 100, 23404, 24576, 277.53, 60
2026/09/21 04:13:01.983, 85, 23404, 24576, 334.21, 60
2026/09/21 04:13:02.983, 100, 23404, 24576, 336.70, 60
2026/09/21 04:13:03.984, 100, 23404, 24576, 337.55, 61
2026/09/21 04:13:04.985, 100, 23404, 24576, 337.37, 61
2026/09/21 04:13:05.985, 100, 23404, 24576, 336.48, 61
2026/09/21 04:13:06.986, 100, 23404, 24576, 336.34, 61
2026/09/21 04:13:07.986, 100, 23404, 24576, 335.95, 61
2026/09/21 04:13:08.986, 100, 23404, 24576, 336.80, 61
2026/09/21 04:13:09.987, 100, 23404, 24576, 337.30, 62
2026/09/21 04:13:10.987, 99, 23404, 24576, 335.54, 61
2026/09/21 04:13:11.988, 100, 23404, 24576, 334.98, 62
2026/09/21 04:13:12.988, 97, 23404, 24576, 334.71, 62
2026/09/21 04:13:13.989, 100, 23404, 24576, 335.94, 62
2026/09/21 04:13:14.989, 100, 23404, 24576, 335.61, 62
2026/09/21 04:13:15.989, 100, 23404, 24576, 336.01, 62
2026/09/21 04:13:16.990, 100, 23404, 24576, 336.81, 62
2026/09/21 04:13:17.990, 100, 23404, 24576, 335.93, 62
2026/09/21 04:13:18.990, 100, 23404, 24576, 334.22, 63
2026/09/21 04:13:19.991, 100, 23404, 24576, 334.60, 63
2026/09/21 04:13:20.992, 100, 23404, 24576, 333.37, 63
2026/09/21 04:13:21.992, 100, 23404, 24576, 335.22, 63
2026/09/21 04:13:22.992, 100, 23404, 24576, 333.13, 63
2026/09/21 04:13:23.993, 100, 23404, 24576, 336.51, 63
2026/09/21 04:13:24.993, 100, 23404, 24576, 334.17, 63
2026/09/21 04:13:25.994, 100, 23404, 24576, 333.18, 63
2026/09/21 04:13:26.994, 100, 23404, 24576, 334.60, 63
2026/09/21 04:13:27.994, 100, 23404, 24576, 335.14, 63
2026/09/21 04:13:28.994, 98, 23404, 24576, 333.29, 63
2026/09/21 04:13:29.995, 100, 23404, 24576, 334.29, 63
2026/09/21 04:13:30.995, 100, 23404, 24576, 331.31, 63
2026/09/21 04:13:31.996, 100, 23404, 24576, 332.62, 64
2026/09/21 04:13:32.997, 100, 23404, 24576, 332.57, 64
2026/09/21 04:13:33.997, 100, 23404, 24576, 332.39, 64
2026/09/21 04:13:34.998, 100, 23404, 24576, 333.73, 64
2026/09/21 04:13:35.998, 100, 23404, 24576, 332.26, 63
2026/09/21 04:13:36.998, 100, 23404, 24576, 332.24, 64
2026/09/21 04:13:37.999, 100, 23404, 24576, 336.16, 63
2026/09/21 04:13:38.999, 100, 23404, 24576, 332.12, 64
2026/09/21 04:13:40.000, 100, 23404, 24576, 330.67, 64
2026/09/21 04:13:41.000, 100, 23404, 24576, 333.40, 64
2026/09/21 04:13:42.001, 100, 23404, 24576, 331.54, 64
2026/09/21 04:13:43.001, 100, 23404, 24576, 328.26, 64
2026/09/21 04:13:44.001, 100, 23404, 24576, 330.35, 64
2026/09/21 04:13:45.002, 100, 23404, 24576, 330.57, 63
2026/09/21 04:13:46.002, 100, 23404, 24576, 334.68, 64
2026/09/21 04:13:47.002, 100, 23404, 24576, 332.96, 64
2026/09/21 04:13:48.003, 100, 23404, 24576, 331.83, 64
2026/09/21 04:13:49.003, 100, 23404, 24576, 329.34, 64
2026/09/21 04:13:50.004, 100, 23404, 24576, 330.56, 65
2026/09/21 04:13:51.004, 100, 23404, 24576, 333.32, 63
2026/09/21 04:13:52.005, 100, 23404, 24576, 327.27, 64
2026/09/21 04:13:53.005, 100, 23404, 24576, 330.82, 65
2026/09/21 04:13:54.005, 97, 23404, 24576, 328.11, 64
2026/09/21 04:13:55.006, 100, 23404, 24576, 328.53, 65
2026/09/21 04:13:56.006, 100, 23404, 24576, 331.27, 64
2026/09/21 04:13:57.006, 100, 23404, 24576, 329.49, 65
2026/09/21 04:13:58.007, 100, 23404, 24576, 331.86, 64
2026/09/21 04:13:59.007, 36, 23404, 24576, 312.41, 64
2026/09/21 04:14:00.008, 100, 23404, 24576, 299.67, 65
2026/09/21 04:14:01.008, 100, 23404, 24576, 330.72, 64
2026/09/21 04:14:02.008, 100, 23404, 24576, 324.55, 64
2026/09/21 04:14:03.009, 100, 23404, 24576, 328.15, 65
2026/09/21 04:14:04.009, 100, 23404, 24576, 329.87, 64
2026/09/21 04:14:05.009, 100, 23404, 24576, 292.21, 65
2026/09/21 04:14:06.010, 99, 23404, 24576, 329.74, 65
2026/09/21 04:14:07.010, 100, 23404, 24576, 311.13, 65
2026/09/21 04:14:08.011, 79, 23404, 24576, 314.15, 61
2026/09/21 04:14:09.011, 48, 23404, 24576, 338.01, 63
2026/09/21 04:14:10.011, 31, 23404, 24576, 215.58, 62
2026/09/21 04:14:11.012, 10, 23404, 24576, 211.12, 60
2026/09/21 04:14:12.012, 8, 23404, 24576, 204.92, 60
2026/09/21 04:14:13.012, 24, 23404, 24576, 236.06, 61
2026/09/21 04:14:14.073, 50, 23404, 24576, 264.82, 62
2026/09/21 04:14:15.074, 32, 23404, 24576, 248.69, 61
2026/09/21 04:14:16.074, 25, 23404, 24576, 235.43, 60
2026/09/21 04:14:17.074, 20, 23404, 24576, 218.83, 60
2026/09/21 04:14:18.075, 49, 23404, 24576, 241.94, 61
2026/09/21 04:14:19.075, 19, 23404, 24576, 251.00, 60
2026/09/21 04:14:20.075, 62, 23404, 24576, 245.43, 61
2026/09/21 04:14:21.075, 49, 23404, 24576, 250.67, 62
2026/09/21 04:14:22.076, 49, 23404, 24576, 273.70, 61
2026/09/21 04:14:23.076, 40, 23404, 24576, 270.21, 61
2026/09/21 04:14:24.077, 40, 23404, 24576, 269.07, 61
2026/09/21 04:14:25.077, 0, 23404, 24576, 197.05, 58
2026/09/21 04:14:26.077, 100, 23404, 24576, 325.36, 61
2026/09/21 04:14:27.078, 100, 23404, 24576, 335.25, 62
2026/09/21 04:14:28.078, 100, 23404, 24576, 335.51, 62
2026/09/21 04:14:29.078, 100, 23404, 24576, 335.81, 62
2026/09/21 04:14:30.078, 100, 23404, 24576, 336.05, 62
2026/09/21 04:14:31.079, 100, 23404, 24576, 336.58, 62
2026/09/21 04:14:32.079, 100, 23404, 24576, 336.06, 63
2026/09/21 04:14:33.080, 100, 23404, 24576, 335.25, 63
2026/09/21 04:14:34.080, 100, 23404, 24576, 333.48, 63
2026/09/21 04:14:35.081, 100, 23404, 24576, 338.82, 63
2026/09/21 04:14:36.081, 100, 23404, 24576, 335.83, 63
2026/09/21 04:14:37.082, 100, 23404, 24576, 335.25, 63
2026/09/21 04:14:38.082, 100, 23404, 24576, 336.26, 63
2026/09/21 04:14:39.093, 100, 23404, 24576, 336.24, 63
2026/09/21 04:14:40.093, 100, 23404, 24576, 335.08, 63
2026/09/21 04:14:41.094, 100, 23404, 24576, 335.37, 64
2026/09/21 04:14:42.094, 100, 23404, 24576, 334.38, 64
2026/09/21 04:14:43.095, 100, 23404, 24576, 335.28, 64
2026/09/21 04:14:44.096, 100, 23404, 24576, 335.04, 64
2026/09/21 04:14:45.096, 100, 23404, 24576, 334.37, 64
2026/09/21 04:14:46.096, 100, 23404, 24576, 333.43, 64
2026/09/21 04:14:47.097, 100, 23404, 24576, 335.39, 64
2026/09/21 04:14:48.097, 100, 23404, 24576, 332.14, 63
2026/09/21 04:14:49.097, 100, 23404, 24576, 334.80, 63
2026/09/21 04:14:50.098, 100, 23404, 24576, 335.41, 64
2026/09/21 04:14:51.099, 100, 23404, 24576, 334.02, 64
2026/09/21 04:14:52.099, 100, 23404, 24576, 333.79, 64
2026/09/21 04:14:53.100, 100, 23404, 24576, 335.00, 64
2026/09/21 04:14:54.100, 100, 23404, 24576, 332.19, 64
2026/09/21 04:14:55.100, 100, 23404, 24576, 335.89, 64
2026/09/21 04:14:56.101, 98, 23404, 24576, 331.92, 63
2026/09/21 04:14:57.101, 100, 23404, 24576, 334.48, 64
2026/09/21 04:14:58.102, 100, 23404, 24576, 332.01, 64
2026/09/21 04:14:59.102, 100, 23404, 24576, 333.04, 64
2026/09/21 04:15:00.102, 100, 23404, 24576, 332.47, 64
2026/09/21 04:15:01.103, 100, 23404, 24576, 331.88, 64
2026/09/21 04:15:02.104, 100, 23404, 24576, 331.36, 63
2026/09/21 04:15:03.104, 100, 23404, 24576, 337.08, 64
2026/09/21 04:15:04.105, 100, 23404, 24576, 332.84, 64
2026/09/21 04:15:05.107, 100, 23665, 24576, 332.03, 64
2026/09/21 04:15:06.107, 100, 23665, 24576, 332.06, 64
2026/09/21 04:15:07.107, 100, 23404, 24576, 332.53, 64
2026/09/21 04:15:08.108, 100, 23404, 24576, 329.29, 64
2026/09/21 04:15:09.108, 100, 23404, 24576, 332.59, 64
2026/09/21 04:15:10.117, 100, 23404, 24576, 332.05, 65
2026/09/21 04:15:11.117, 100, 23404, 24576, 335.70, 65
2026/09/21 04:15:12.117, 100, 23404, 24576, 331.03, 65
2026/09/21 04:15:13.117, 100, 23404, 24576, 330.83, 65
2026/09/21 04:15:14.118, 98, 23404, 24576, 331.43, 65
2026/09/21 04:15:15.118, 100, 23404, 24576, 330.33, 64
2026/09/21 04:15:16.119, 100, 23404, 24576, 331.68, 65
2026/09/21 04:15:17.119, 100, 23404, 24576, 328.29, 64
2026/09/21 04:15:18.120, 100, 23404, 24576, 332.32, 64
2026/09/21 04:15:19.120, 99, 23404, 24576, 327.31, 64
2026/09/21 04:15:20.121, 100, 23404, 24576, 336.33, 65
2026/09/21 04:15:21.121, 100, 23404, 24576, 330.43, 65
2026/09/21 04:15:22.122, 100, 23404, 24576, 323.00, 65
2026/09/21 04:15:23.122, 100, 23404, 24576, 328.99, 64
2026/09/21 04:15:24.123, 10, 23404, 24576, 302.63, 61
2026/09/21 04:15:25.123, 100, 23404, 24576, 296.68, 64
2026/09/21 04:15:26.124, 100, 23404, 24576, 331.08, 65
2026/09/21 04:15:27.124, 100, 23404, 24576, 329.42, 65
2026/09/21 04:15:28.124, 100, 23404, 24576, 328.83, 64
2026/09/21 04:15:29.125, 100, 23404, 24576, 328.61, 65
2026/09/21 04:15:30.125, 100, 23404, 24576, 286.45, 65
2026/09/21 04:15:31.126, 100, 23404, 24576, 331.54, 64
2026/09/21 04:15:32.126, 100, 23404, 24576, 310.20, 65
2026/09/21 04:15:33.126, 81, 23404, 24576, 318.68, 65
2026/09/21 04:15:34.127, 48, 23404, 24576, 335.63, 62
2026/09/21 04:15:35.128, 57, 23404, 24576, 261.80, 62
2026/09/21 04:15:36.128, 57, 23404, 24576, 267.90, 62
2026/09/21 04:15:37.172, 60, 23404, 24576, 286.66, 62
2026/09/21 04:15:38.173, 35, 23404, 24576, 269.14, 63
2026/09/21 04:15:39.173, 33, 23404, 24576, 264.98, 61
2026/09/21 04:15:40.174, 23, 23404, 24576, 225.80, 60
2026/09/21 04:15:41.174, 57, 23404, 24576, 280.84, 62
2026/09/21 04:15:42.174, 57, 23404, 24576, 279.15, 61
2026/09/21 04:15:43.175, 57, 23404, 24576, 292.06, 62
2026/09/21 04:15:44.175, 54, 23404, 24576, 279.73, 61
2026/09/21 04:15:45.175, 58, 23404, 24576, 277.27, 61
2026/09/21 04:15:46.177, 0, 23404, 24576, 227.42, 59
2026/09/21 04:15:47.177, 0, 23404, 24576, 161.39, 59
2026/09/21 04:15:48.177, 0, 23404, 24576, 143.23, 57
2026/09/21 04:15:49.178, 72, 23404, 24576, 131.38, 59
2026/09/21 04:15:50.178, 100, 23404, 24576, 342.62, 61
2026/09/21 04:15:51.179, 100, 23404, 24576, 335.25, 62
2026/09/21 04:15:52.179, 100, 23404, 24576, 336.36, 62
2026/09/21 04:15:53.179, 100, 23404, 24576, 336.61, 62
2026/09/21 04:15:54.180, 100, 23404, 24576, 336.08, 63
2026/09/21 04:15:55.180, 100, 23404, 24576, 336.08, 63
2026/09/21 04:15:56.181, 93, 23404, 24576, 333.84, 63
2026/09/21 04:15:57.181, 100, 23404, 24576, 334.57, 63
2026/09/21 04:15:58.181, 100, 23404, 24576, 336.36, 63
2026/09/21 04:15:59.182, 100, 23404, 24576, 336.56, 63
2026/09/21 04:16:00.182, 100, 23404, 24576, 335.98, 63
2026/09/21 04:16:01.182, 100, 23404, 24576, 337.14, 64
2026/09/21 04:16:02.182, 100, 23404, 24576, 336.28, 63
2026/09/21 04:16:03.186, 100, 23404, 24576, 335.72, 64
2026/09/21 04:16:04.186, 100, 23404, 24576, 336.12, 64
2026/09/21 04:16:05.187, 100, 23404, 24576, 335.93, 63
2026/09/21 04:16:06.187, 100, 23404, 24576, 337.06, 63
2026/09/21 04:16:07.187, 100, 23404, 24576, 335.83, 64
2026/09/21 04:16:08.188, 100, 23404, 24576, 333.19, 64
2026/09/21 04:16:09.191, 100, 23404, 24576, 334.97, 64
2026/09/21 04:16:10.191, 100, 23404, 24576, 333.55, 63
2026/09/21 04:16:11.192, 100, 23404, 24576, 334.72, 64
2026/09/21 04:16:12.192, 100, 23404, 24576, 335.23, 64
2026/09/21 04:16:13.193, 100, 23404, 24576, 335.93, 64
2026/09/21 04:16:14.193, 100, 23404, 24576, 332.62, 64
2026/09/21 04:16:15.193, 100, 23404, 24576, 332.50, 64
2026/09/21 04:16:16.194, 100, 23404, 24576, 334.30, 64
2026/09/21 04:16:17.194, 100, 23404, 24576, 332.07, 64
2026/09/21 04:16:18.194, 100, 23404, 24576, 334.82, 65
2026/09/21 04:16:19.195, 100, 23404, 24576, 332.17, 65
2026/09/21 04:16:20.195, 100, 23404, 24576, 333.74, 65
2026/09/21 04:16:21.196, 100, 23404, 24576, 330.70, 64
2026/09/21 04:16:22.196, 97, 23404, 24576, 330.44, 64
2026/09/21 04:16:23.196, 100, 23404, 24576, 332.72, 65
2026/09/21 04:16:24.197, 100, 23404, 24576, 332.21, 65
2026/09/21 04:16:25.197, 100, 23404, 24576, 331.62, 65
2026/09/21 04:16:26.198, 100, 23404, 24576, 332.34, 65
2026/09/21 04:16:27.198, 100, 23404, 24576, 332.68, 65
2026/09/21 04:16:28.199, 100, 23404, 24576, 332.01, 64
2026/09/21 04:16:29.200, 100, 23404, 24576, 332.86, 65
2026/09/21 04:16:30.200, 100, 23404, 24576, 333.40, 64
2026/09/21 04:16:31.201, 93, 23404, 24576, 333.06, 65
2026/09/21 04:16:32.201, 100, 23404, 24576, 331.78, 65
2026/09/21 04:16:33.201, 100, 23404, 24576, 335.13, 64
2026/09/21 04:16:34.202, 100, 23404, 24576, 333.28, 65
2026/09/21 04:16:35.202, 100, 23404, 24576, 330.70, 65
2026/09/21 04:16:36.203, 100, 23404, 24576, 331.23, 64
2026/09/21 04:16:37.203, 100, 23404, 24576, 333.91, 64
2026/09/21 04:16:38.203, 96, 23404, 24576, 333.65, 65
2026/09/21 04:16:39.204, 100, 23404, 24576, 331.95, 65
2026/09/21 04:16:40.204, 100, 23404, 24576, 329.39, 65
2026/09/21 04:16:41.205, 100, 23404, 24576, 321.58, 65
2026/09/21 04:16:42.205, 100, 23404, 24576, 329.80, 64
2026/09/21 04:16:43.205, 100, 23404, 24576, 330.51, 65
2026/09/21 04:16:44.206, 100, 23404, 24576, 328.29, 64
2026/09/21 04:16:45.206, 100, 23404, 24576, 332.17, 65
2026/09/21 04:16:46.207, 100, 23404, 24576, 331.10, 64
2026/09/21 04:16:47.207, 100, 23404, 24576, 332.36, 65
2026/09/21 04:16:48.207, 33, 23404, 24576, 287.41, 61
2026/09/21 04:16:49.208, 100, 23404, 24576, 314.83, 65
2026/09/21 04:16:50.208, 100, 23404, 24576, 328.65, 65
2026/09/21 04:16:51.208, 100, 23404, 24576, 325.71, 65
2026/09/21 04:16:52.209, 100, 23404, 24576, 330.26, 65
2026/09/21 04:16:53.209, 100, 23404, 24576, 330.80, 65
2026/09/21 04:16:54.209, 100, 23404, 24576, 285.43, 64
2026/09/21 04:16:55.210, 73, 23404, 24576, 321.14, 62
2026/09/21 04:16:56.210, 100, 23404, 24576, 305.77, 65
2026/09/21 04:16:57.210, 100, 23404, 24576, 322.42, 65
2026/09/21 04:16:58.211, 49, 23404, 24576, 331.76, 62
2026/09/21 04:16:59.211, 59, 23404, 24576, 290.64, 63
2026/09/21 04:17:00.211, 54, 23404, 24576, 271.03, 63
2026/09/21 04:17:01.212, 57, 23404, 24576, 287.58, 62
2026/09/21 04:17:02.212, 27, 23404, 24576, 278.82, 61
2026/09/21 04:17:03.212, 59, 23404, 24576, 247.76, 63
2026/09/21 04:17:04.212, 59, 23404, 24576, 277.77, 62
2026/09/21 04:17:05.213, 58, 23404, 24576, 278.49, 62
2026/09/21 04:17:06.213, 59, 23404, 24576, 291.33, 63
2026/09/21 04:17:07.213, 59, 23404, 24576, 289.71, 62
2026/09/21 04:17:08.272, 59, 23404, 24576, 289.22, 62
2026/09/21 04:17:09.273, 1, 23404, 24576, 277.63, 60
2026/09/21 04:17:10.273, 100, 23404, 24576, 247.49, 63
2026/09/21 04:17:11.274, 100, 23404, 24576, 339.06, 64
2026/09/21 04:17:12.274, 100, 23404, 24576, 338.79, 64
2026/09/21 04:17:13.274, 95, 23404, 24576, 337.00, 64
2026/09/21 04:17:14.275, 100, 23404, 24576, 337.46, 64
2026/09/21 04:17:15.275, 100, 23404, 24576, 338.41, 64
2026/09/21 04:17:16.276, 100, 23404, 24576, 338.19, 64
2026/09/21 04:17:17.276, 100, 23404, 24576, 337.82, 64
2026/09/21 04:17:18.276, 100, 23404, 24576, 337.21, 64
2026/09/21 04:17:19.277, 100, 23404, 24576, 337.37, 64
2026/09/21 04:17:20.277, 100, 23404, 24576, 336.80, 64
2026/09/21 04:17:21.277, 100, 23404, 24576, 336.88, 64
2026/09/21 04:17:22.278, 100, 23404, 24576, 335.43, 64
2026/09/21 04:17:23.278, 100, 23404, 24576, 335.74, 64
2026/09/21 04:17:24.278, 100, 23404, 24576, 334.99, 64
2026/09/21 04:17:25.279, 100, 23404, 24576, 334.49, 64
2026/09/21 04:17:26.279, 100, 23404, 24576, 333.62, 64
2026/09/21 04:17:27.279, 100, 23404, 24576, 334.73, 64
2026/09/21 04:17:28.280, 98, 23404, 24576, 333.67, 64
2026/09/21 04:17:29.280, 100, 23404, 24576, 333.58, 64
2026/09/21 04:17:30.280, 97, 23404, 24576, 331.86, 64
2026/09/21 04:17:31.281, 100, 23404, 24576, 334.00, 64
2026/09/21 04:17:32.281, 99, 23404, 24576, 332.74, 64
2026/09/21 04:17:33.281, 100, 23404, 24576, 331.82, 64
2026/09/21 04:17:34.282, 100, 23404, 24576, 335.07, 64
2026/09/21 04:17:35.282, 100, 23404, 24576, 335.29, 64
2026/09/21 04:17:36.282, 100, 23404, 24576, 333.97, 65
2026/09/21 04:17:37.283, 100, 23404, 24576, 334.26, 64
2026/09/21 04:17:38.283, 100, 23404, 24576, 333.03, 65
2026/09/21 04:17:39.284, 100, 23404, 24576, 334.82, 65
2026/09/21 04:17:40.284, 100, 23404, 24576, 330.32, 65
2026/09/21 04:17:41.285, 100, 23404, 24576, 332.84, 65
2026/09/21 04:17:42.285, 100, 23404, 24576, 334.08, 64
2026/09/21 04:17:43.285, 100, 23404, 24576, 333.99, 65
2026/09/21 04:17:44.286, 100, 23404, 24576, 335.49, 65
2026/09/21 04:17:45.286, 100, 23404, 24576, 332.08, 64
2026/09/21 04:17:46.286, 100, 23404, 24576, 333.04, 64
2026/09/21 04:17:47.287, 99, 23404, 24576, 333.75, 64
2026/09/21 04:17:48.287, 100, 23404, 24576, 332.76, 65
2026/09/21 04:17:49.287, 100, 23404, 24576, 331.65, 65
2026/09/21 04:17:50.288, 100, 23404, 24576, 330.76, 65
2026/09/21 04:17:51.288, 100, 23404, 24576, 332.26, 65
2026/09/21 04:17:52.288, 100, 23404, 24576, 329.53, 65
2026/09/21 04:17:53.289, 100, 23404, 24576, 330.51, 65
2026/09/21 04:17:54.289, 100, 23404, 24576, 332.47, 65
2026/09/21 04:17:55.289, 100, 23404, 24576, 336.52, 64
2026/09/21 04:17:56.289, 100, 23404, 24576, 335.99, 64
2026/09/21 04:17:57.290, 100, 23404, 24576, 333.31, 65
2026/09/21 04:17:58.290, 100, 23404, 24576, 331.16, 65
2026/09/21 04:17:59.291, 100, 23404, 24576, 328.91, 64
2026/09/21 04:18:00.291, 100, 23404, 24576, 336.87, 64
2026/09/21 04:18:01.291, 100, 23404, 24576, 328.89, 65
2026/09/21 04:18:02.291, 100, 23404, 24576, 335.67, 64
2026/09/21 04:18:03.292, 100, 23404, 24576, 334.82, 64
2026/09/21 04:18:04.292, 100, 23404, 24576, 330.09, 65
2026/09/21 04:18:05.293, 100, 23404, 24576, 331.93, 64
2026/09/21 04:18:06.293, 100, 23404, 24576, 330.46, 65
2026/09/21 04:18:07.293, 100, 23404, 24576, 334.32, 64
2026/09/21 04:18:08.294, 100, 23404, 24576, 330.53, 65
2026/09/21 04:18:09.294, 100, 23404, 24576, 292.78, 65
2026/09/21 04:18:10.295, 100, 23404, 24576, 332.36, 64
2026/09/21 04:18:11.295, 98, 23404, 24576, 327.33, 64
2026/09/21 04:18:12.296, 100, 23404, 24576, 326.78, 65
2026/09/21 04:18:13.296, 100, 23404, 24576, 330.34, 64
2026/09/21 04:18:14.296, 100, 23404, 24576, 286.69, 64
2026/09/21 04:18:15.296, 100, 23404, 24576, 329.93, 64
2026/09/21 04:18:16.297, 100, 23404, 24576, 306.75, 64
2026/09/21 04:18:17.297, 100, 23404, 24576, 331.77, 64
2026/09/21 04:18:18.297, 100, 23404, 24576, 333.99, 65
2026/09/21 04:18:19.298, 55, 23404, 24576, 271.54, 63
2026/09/21 04:18:20.298, 62, 23404, 24576, 286.42, 63
2026/09/21 04:18:21.298, 48, 23404, 24576, 267.36, 64
2026/09/21 04:18:22.298, 52, 23404, 24576, 275.90, 62
2026/09/21 04:18:23.299, 49, 23404, 24576, 242.18, 61
2026/09/21 04:18:24.299, 58, 23404, 24576, 264.93, 63
2026/09/21 04:18:25.299, 16, 23404, 24576, 240.10, 62
2026/09/21 04:18:26.299, 6, 23404, 24576, 216.31, 62
2026/09/21 04:18:27.300, 60, 23404, 24576, 259.60, 62
2026/09/21 04:18:28.300, 56, 23404, 24576, 282.78, 62
2026/09/21 04:18:29.300, 60, 23404, 24576, 272.88, 62
2026/09/21 04:18:30.300, 59, 23404, 24576, 283.07, 62
2026/09/21 04:18:31.301, 0, 23404, 24576, 249.90, 59
2026/09/21 04:18:32.301, 100, 23404, 24576, 274.66, 62
2026/09/21 04:18:33.301, 100, 23404, 24576, 338.67, 63
2026/09/21 04:18:34.302, 100, 23404, 24576, 337.88, 63
2026/09/21 04:18:35.302, 100, 23404, 24576, 337.50, 63
2026/09/21 04:18:36.302, 100, 23404, 24576, 337.34, 63
2026/09/21 04:18:37.303, 100, 23404, 24576, 337.50, 63
2026/09/21 04:18:38.303, 100, 23404, 24576, 337.57, 63
2026/09/21 04:18:39.304, 100, 23404, 24576, 337.78, 63
2026/09/21 04:18:40.304, 100, 23404, 24576, 337.63, 63
2026/09/21 04:18:41.305, 100, 23404, 24576, 336.13, 63
2026/09/21 04:18:42.306, 100, 23404, 24576, 336.08, 63
2026/09/21 04:18:43.306, 100, 23404, 24576, 335.47, 63
2026/09/21 04:18:44.306, 96, 23404, 24576, 333.73, 63
2026/09/21 04:18:45.307, 100, 23404, 24576, 333.51, 63
2026/09/21 04:18:46.307, 100, 23404, 24576, 335.42, 63
2026/09/21 04:18:47.308, 100, 23404, 24576, 337.33, 63
2026/09/21 04:18:48.308, 100, 23404, 24576, 335.65, 64
2026/09/21 04:18:49.309, 100, 23404, 24576, 336.67, 63
2026/09/21 04:18:50.309, 100, 23404, 24576, 337.16, 63
2026/09/21 04:18:51.309, 100, 23404, 24576, 336.17, 63
2026/09/21 04:18:52.310, 100, 23404, 24576, 336.24, 63
2026/09/21 04:18:53.310, 100, 23404, 24576, 336.47, 63
2026/09/21 04:18:54.310, 100, 23404, 24576, 336.90, 64
2026/09/21 04:18:55.311, 100, 23404, 24576, 333.67, 64
2026/09/21 04:18:56.311, 97, 23404, 24576, 331.88, 63
2026/09/21 04:18:57.312, 100, 23404, 24576, 338.14, 64
2026/09/21 04:18:58.312, 99, 23404, 24576, 333.90, 64
2026/09/21 04:18:59.312, 100, 23404, 24576, 330.79, 63
2026/09/21 04:19:00.313, 100, 23404, 24576, 335.04, 64
2026/09/21 04:19:01.313, 100, 23404, 24576, 331.83, 64
2026/09/21 04:19:02.314, 100, 23404, 24576, 334.69, 64
2026/09/21 04:19:03.314, 100, 23404, 24576, 334.23, 63
2026/09/21 04:19:04.315, 100, 23404, 24576, 333.98, 64
2026/09/21 04:19:05.315, 100, 23404, 24576, 333.47, 64
2026/09/21 04:19:06.315, 100, 23404, 24576, 330.50, 64
2026/09/21 04:19:07.316, 100, 23404, 24576, 330.60, 64
2026/09/21 04:19:08.316, 100, 23404, 24576, 334.59, 64
2026/09/21 04:19:09.316, 100, 23404, 24576, 330.85, 64
2026/09/21 04:19:10.317, 100, 23404, 24576, 332.34, 64
2026/09/21 04:19:11.317, 100, 23404, 24576, 332.46, 63
2026/09/21 04:19:12.318, 100, 23404, 24576, 333.32, 64
2026/09/21 04:19:13.318, 100, 23404, 24576, 334.24, 64
2026/09/21 04:19:14.318, 100, 23404, 24576, 335.00, 64
2026/09/21 04:19:15.319, 100, 23404, 24576, 334.96, 64
2026/09/21 04:19:16.319, 100, 23404, 24576, 333.71, 64
2026/09/21 04:19:17.320, 100, 23404, 24576, 332.21, 64
2026/09/21 04:19:18.320, 99, 23404, 24576, 329.75, 63
2026/09/21 04:19:19.321, 100, 23404, 24576, 328.33, 63
2026/09/21 04:19:20.321, 100, 23404, 24576, 333.28, 63
2026/09/21 04:19:21.321, 100, 23404, 24576, 327.07, 64
2026/09/21 04:19:22.322, 100, 23404, 24576, 329.01, 64
2026/09/21 04:19:23.322, 100, 23404, 24576, 331.07, 64
2026/09/21 04:19:24.323, 100, 23404, 24576, 329.67, 64
2026/09/21 04:19:25.323, 100, 23404, 24576, 330.08, 64
2026/09/21 04:19:26.323, 100, 23404, 24576, 330.33, 64
2026/09/21 04:19:27.324, 100, 23404, 24576, 328.28, 64
2026/09/21 04:19:28.324, 100, 23404, 24576, 330.75, 64
2026/09/21 04:19:29.325, 100, 23404, 24576, 326.88, 64
2026/09/21 04:19:30.325, 100, 23404, 24576, 329.75, 64
2026/09/21 04:19:31.325, 100, 23404, 24576, 298.09, 64
2026/09/21 04:19:32.325, 100, 23404, 24576, 327.21, 64
2026/09/21 04:19:33.326, 100, 23404, 24576, 325.53, 64
2026/09/21 04:19:34.326, 100, 23404, 24576, 330.63, 64
2026/09/21 04:19:35.327, 100, 23404, 24576, 328.16, 65
2026/09/21 04:19:36.327, 100, 23404, 24576, 292.16, 64
2026/09/21 04:19:37.327, 100, 23404, 24576, 331.92, 64
2026/09/21 04:19:38.328, 100, 23404, 24576, 313.69, 64
2026/09/21 04:19:39.328, 99, 23404, 24576, 326.33, 63
2026/09/21 04:19:40.373, 100, 23404, 24576, 335.56, 64
2026/09/21 04:19:41.373, 54, 23404, 24576, 263.56, 62
2026/09/21 04:19:42.374, 53, 23404, 24576, 273.87, 63
2026/09/21 04:19:43.374, 58, 23404, 24576, 279.44, 63
2026/09/21 04:19:44.375, 60, 23404, 24576, 279.97, 62
2026/09/21 04:19:45.375, 60, 23404, 24576, 279.80, 62
2026/09/21 04:19:46.375, 63, 23404, 24576, 278.37, 63
2026/09/21 04:19:47.375, 52, 23404, 24576, 284.83, 62
2026/09/21 04:19:48.376, 60, 23404, 24576, 280.29, 62
2026/09/21 04:19:49.376, 59, 23404, 24576, 281.48, 62
2026/09/21 04:19:50.376, 59, 23404, 24576, 280.61, 62
2026/09/21 04:19:51.376, 0, 23404, 24576, 254.09, 59
2026/09/21 04:19:52.377, 100, 23404, 24576, 274.71, 63
2026/09/21 04:19:53.377, 100, 23404, 24576, 338.91, 63
2026/09/21 04:19:54.377, 100, 23404, 24576, 336.61, 63
2026/09/21 04:19:55.378, 100, 23404, 24576, 336.47, 63
2026/09/21 04:19:56.378, 100, 23404, 24576, 337.77, 63
2026/09/21 04:19:57.379, 100, 23404, 24576, 337.49, 63
2026/09/21 04:19:58.379, 100, 23404, 24576, 337.39, 63
2026/09/21 04:19:59.379, 100, 23404, 24576, 337.53, 63
2026/09/21 04:20:00.380, 100, 23404, 24576, 336.67, 63
2026/09/21 04:20:01.380, 100, 23404, 24576, 336.62, 63
2026/09/21 04:20:02.381, 100, 23404, 24576, 337.59, 63
2026/09/21 04:20:03.381, 100, 23404, 24576, 334.50, 63
2026/09/21 04:20:04.381, 95, 23404, 24576, 334.17, 63
2026/09/21 04:20:05.407, 100, 23665, 24576, 335.52, 63
2026/09/21 04:20:06.407, 100, 23665, 24576, 335.93, 64
2026/09/21 04:20:07.409, 100, 23404, 24576, 338.24, 64
2026/09/21 04:20:08.409, 100, 23404, 24576, 335.19, 64
2026/09/21 04:20:09.409, 100, 23404, 24576, 336.06, 63
2026/09/21 04:20:10.410, 100, 23404, 24576, 336.02, 64
2026/09/21 04:20:11.410, 100, 23404, 24576, 336.61, 64
2026/09/21 04:20:12.411, 100, 23404, 24576, 336.04, 64
2026/09/21 04:20:13.411, 100, 23404, 24576, 335.30, 64
2026/09/21 04:20:14.411, 100, 23404, 24576, 334.70, 64
2026/09/21 04:20:15.412, 100, 23404, 24576, 333.91, 64
2026/09/21 04:20:16.412, 99, 23404, 24576, 333.77, 63
2026/09/21 04:20:17.412, 100, 23404, 24576, 336.26, 64
2026/09/21 04:20:18.413, 98, 23404, 24576, 330.88, 63
2026/09/21 04:20:19.413, 100, 23404, 24576, 332.43, 63
2026/09/21 04:20:20.414, 100, 23404, 24576, 335.95, 64
2026/09/21 04:20:21.414, 100, 23404, 24576, 331.79, 64
2026/09/21 04:20:22.414, 100, 23404, 24576, 335.80, 64
2026/09/21 04:20:23.415, 100, 23404, 24576, 333.15, 64
2026/09/21 04:20:24.415, 100, 23404, 24576, 333.51, 64
2026/09/21 04:20:25.416, 100, 23404, 24576, 325.69, 64
2026/09/21 04:20:26.416, 100, 23404, 24576, 334.44, 64
2026/09/21 04:20:27.416, 100, 23404, 24576, 331.52, 64
2026/09/21 04:20:28.417, 100, 23404, 24576, 332.13, 63
2026/09/21 04:20:29.417, 97, 23404, 24576, 332.52, 63
2026/09/21 04:20:30.417, 100, 23404, 24576, 332.62, 64
2026/09/21 04:20:31.417, 100, 23404, 24576, 333.20, 64
2026/09/21 04:20:32.418, 100, 23404, 24576, 329.01, 64
2026/09/21 04:20:33.418, 100, 23404, 24576, 333.90, 64
2026/09/21 04:20:34.419, 100, 23404, 24576, 328.32, 64
2026/09/21 04:20:35.419, 100, 23404, 24576, 332.82, 64
2026/09/21 04:20:36.419, 100, 23404, 24576, 331.48, 64
2026/09/21 04:20:37.420, 100, 23404, 24576, 335.61, 63
2026/09/21 04:20:38.420, 100, 23404, 24576, 335.58, 63
2026/09/21 04:20:39.421, 100, 23404, 24576, 333.77, 64
2026/09/21 04:20:40.421, 100, 23404, 24576, 332.09, 64
2026/09/21 04:20:41.421, 100, 23404, 24576, 323.95, 64
2026/09/21 04:20:42.422, 100, 23404, 24576, 333.39, 64
2026/09/21 04:20:43.422, 100, 23404, 24576, 328.88, 63
2026/09/21 04:20:44.423, 100, 23404, 24576, 335.40, 64
2026/09/21 04:20:45.423, 100, 23404, 24576, 334.99, 64
2026/09/21 04:20:46.423, 100, 23404, 24576, 329.72, 64
2026/09/21 04:20:47.424, 100, 23404, 24576, 332.99, 64
2026/09/21 04:20:48.424, 100, 23404, 24576, 329.05, 64
2026/09/21 04:20:49.425, 100, 23404, 24576, 333.46, 64
2026/09/21 04:20:50.425, 100, 23404, 24576, 327.09, 64
2026/09/21 04:20:51.425, 100, 23404, 24576, 293.88, 63
2026/09/21 04:20:52.426, 100, 23404, 24576, 332.51, 64
2026/09/21 04:20:53.426, 96, 23404, 24576, 326.49, 64
2026/09/21 04:20:54.427, 100, 23404, 24576, 329.57, 63
2026/09/21 04:20:55.427, 100, 23404, 24576, 331.80, 64
2026/09/21 04:20:56.427, 100, 23404, 24576, 294.46, 64
2026/09/21 04:20:57.428, 100, 23404, 24576, 328.30, 64
2026/09/21 04:20:58.428, 100, 23404, 24576, 307.43, 64
2026/09/21 04:20:59.429, 100, 23404, 24576, 330.60, 64
2026/09/21 04:21:00.429, 100, 23404, 24576, 333.43, 64
2026/09/21 04:21:01.430, 56, 23404, 24576, 280.99, 62
2026/09/21 04:21:02.430, 28, 23404, 24576, 268.45, 62
2026/09/21 04:21:03.430, 54, 23404, 24576, 265.26, 62
2026/09/21 04:21:04.431, 58, 23404, 24576, 285.64, 61
2026/09/21 04:21:05.431, 11, 23404, 24576, 216.12, 61
2026/09/21 04:21:06.473, 1, 23404, 24576, 263.96, 59
2026/09/21 04:21:07.473, 8, 23404, 24576, 216.15, 59
2026/09/21 04:21:08.473, 0, 23404, 24576, 251.49, 59
2026/09/21 04:21:09.474, 59, 23404, 24576, 263.33, 61
2026/09/21 04:21:10.474, 58, 23404, 24576, 277.60, 60
2026/09/21 04:21:11.474, 59, 23404, 24576, 279.32, 60
2026/09/21 04:21:12.475, 58, 23404, 24576, 291.75, 61
2026/09/21 04:21:13.475, 0, 23404, 24576, 239.72, 58
2026/09/21 04:21:14.476, 100, 23404, 24576, 301.20, 62
2026/09/21 04:21:15.476, 97, 23404, 24576, 336.95, 62
2026/09/21 04:21:16.477, 100, 23404, 24576, 338.17, 62
2026/09/21 04:21:17.477, 100, 23404, 24576, 337.51, 62
2026/09/21 04:21:18.477, 100, 23404, 24576, 337.10, 63
2026/09/21 04:21:19.478, 100, 23404, 24576, 336.91, 62
2026/09/21 04:21:20.478, 100, 23404, 24576, 337.15, 63
2026/09/21 04:21:21.479, 100, 23404, 24576, 336.40, 63
2026/09/21 04:21:22.479, 100, 23404, 24576, 337.67, 63
2026/09/21 04:21:23.480, 100, 23404, 24576, 335.08, 62
2026/09/21 04:21:24.480, 98, 23404, 24576, 335.64, 62
2026/09/21 04:21:25.480, 100, 23404, 24576, 335.89, 63
2026/09/21 04:21:26.481, 100, 23404, 24576, 336.25, 63
2026/09/21 04:21:27.481, 100, 23404, 24576, 335.14, 63
2026/09/21 04:21:28.481, 100, 23404, 24576, 335.49, 63
2026/09/21 04:21:29.481, 100, 23404, 24576, 336.27, 63
2026/09/21 04:21:30.482, 100, 23404, 24576, 336.10, 63
2026/09/21 04:21:31.482, 100, 23404, 24576, 335.07, 63
2026/09/21 04:21:32.483, 100, 23404, 24576, 334.55, 62
2026/09/21 04:21:33.483, 100, 23404, 24576, 334.85, 63
2026/09/21 04:21:34.483, 100, 23404, 24576, 334.35, 63
2026/09/21 04:21:35.484, 100, 23404, 24576, 336.33, 62
2026/09/21 04:21:36.484, 100, 23404, 24576, 335.64, 63
2026/09/21 04:21:37.484, 100, 23404, 24576, 334.39, 63
2026/09/21 04:21:38.485, 100, 23404, 24576, 331.56, 63
2026/09/21 04:21:39.485, 100, 23404, 24576, 333.54, 63
2026/09/21 04:21:40.485, 100, 23404, 24576, 334.13, 63
2026/09/21 04:21:41.486, 100, 23404, 24576, 333.02, 63
2026/09/21 04:21:42.486, 98, 23404, 24576, 330.88, 63
2026/09/21 04:21:43.486, 100, 23404, 24576, 331.70, 63
2026/09/21 04:21:44.487, 100, 23404, 24576, 334.76, 63
2026/09/21 04:21:45.487, 100, 23404, 24576, 334.99, 63
2026/09/21 04:21:46.487, 100, 23404, 24576, 333.58, 63
2026/09/21 04:21:47.488, 100, 23404, 24576, 332.03, 64
2026/09/21 04:21:48.488, 100, 23404, 24576, 330.61, 63
2026/09/21 04:21:49.489, 100, 23404, 24576, 331.62, 63
2026/09/21 04:21:50.489, 100, 23404, 24576, 332.76, 63
2026/09/21 04:21:51.489, 100, 23404, 24576, 330.20, 64
2026/09/21 04:21:52.490, 100, 23404, 24576, 334.23, 64
2026/09/21 04:21:53.490, 98, 23404, 24576, 332.07, 64
2026/09/21 04:21:54.490, 100, 23404, 24576, 334.55, 64
2026/09/21 04:21:55.491, 100, 23404, 24576, 334.35, 63
2026/09/21 04:21:56.491, 100, 23404, 24576, 333.34, 64
2026/09/21 04:21:57.492, 100, 23404, 24576, 334.48, 63
2026/09/21 04:21:58.492, 100, 23404, 24576, 331.62, 63
2026/09/21 04:21:59.494, 100, 23404, 24576, 331.68, 64
2026/09/21 04:22:00.495, 100, 23404, 24576, 326.70, 63
2026/09/21 04:22:01.495, 100, 23404, 24576, 328.47, 64
2026/09/21 04:22:02.496, 100, 23404, 24576, 329.84, 63
2026/09/21 04:22:03.496, 100, 23404, 24576, 330.78, 64
2026/09/21 04:22:04.497, 100, 23404, 24576, 331.20, 64
2026/09/21 04:22:05.497, 100, 23404, 24576, 331.32, 63
2026/09/21 04:22:06.497, 100, 23404, 24576, 330.28, 64
2026/09/21 04:22:07.498, 98, 23404, 24576, 329.73, 63
2026/09/21 04:22:08.498, 100, 23404, 24576, 330.37, 63
2026/09/21 04:22:09.499, 100, 23404, 24576, 326.78, 64
2026/09/21 04:22:10.500, 100, 23404, 24576, 327.98, 64
2026/09/21 04:22:11.500, 100, 23404, 24576, 328.90, 64
2026/09/21 04:22:12.500, 73, 23404, 24576, 302.58, 61
2026/09/21 04:22:13.501, 100, 23404, 24576, 308.51, 64
2026/09/21 04:22:14.501, 100, 23404, 24576, 327.72, 64
2026/09/21 04:22:15.502, 100, 23404, 24576, 328.10, 64
2026/09/21 04:22:16.502, 100, 23404, 24576, 331.26, 63
2026/09/21 04:22:17.503, 100, 23404, 24576, 326.70, 64
2026/09/21 04:22:18.503, 100, 23404, 24576, 297.22, 64
2026/09/21 04:22:19.503, 49, 23404, 24576, 316.01, 63
2026/09/21 04:22:20.504, 100, 23404, 24576, 315.55, 63
2026/09/21 04:22:21.504, 100, 23404, 24576, 322.85, 63
2026/09/21 04:22:22.504, 31, 23404, 24576, 326.56, 62
2026/09/21 04:22:23.504, 58, 23404, 24576, 252.85, 61
2026/09/21 04:22:24.505, 59, 23404, 24576, 292.66, 61
2026/09/21 04:22:25.505, 59, 23404, 24576, 292.96, 62
2026/09/21 04:22:26.573, 37, 23404, 24576, 280.85, 61
2026/09/21 04:22:27.573, 58, 23404, 24576, 285.93, 61
2026/09/21 04:22:28.573, 59, 23404, 24576, 292.76, 61
2026/09/21 04:22:29.573, 1, 23404, 24576, 279.35, 61
2026/09/21 04:22:30.574, 58, 23404, 24576, 255.24, 60
2026/09/21 04:22:31.574, 52, 23404, 24576, 270.76, 60
2026/09/21 04:22:32.574, 59, 23404, 24576, 265.15, 60
2026/09/21 04:22:33.575, 61, 23404, 24576, 290.89, 60
2026/09/21 04:22:34.575, 100, 23404, 24576, 222.00, 61
2026/09/21 04:22:35.575, 100, 23404, 24576, 339.37, 62
2026/09/21 04:22:36.576, 100, 23404, 24576, 337.99, 62
2026/09/21 04:22:37.576, 100, 23404, 24576, 337.23, 62
2026/09/21 04:22:38.576, 100, 23404, 24576, 337.37, 62
2026/09/21 04:22:39.577, 100, 23404, 24576, 336.30, 62
2026/09/21 04:22:40.577, 100, 23404, 24576, 336.22, 62
2026/09/21 04:22:41.577, 99, 23404, 24576, 334.15, 62
2026/09/21 04:22:42.578, 100, 23404, 24576, 334.06, 62
2026/09/21 04:22:43.578, 93, 23404, 24576, 331.42, 62
2026/09/21 04:22:44.578, 100, 23404, 24576, 333.13, 62
2026/09/21 04:22:45.579, 98, 23404, 24576, 331.20, 62
2026/09/21 04:22:46.579, 100, 23404, 24576, 331.61, 63
2026/09/21 04:22:47.579, 100, 23404, 24576, 334.38, 62
2026/09/21 04:22:48.580, 100, 23404, 24576, 333.10, 63
2026/09/21 04:22:49.580, 100, 23404, 24576, 331.16, 63
2026/09/21 04:22:50.581, 100, 23404, 24576, 331.56, 63
2026/09/21 04:22:51.581, 100, 23404, 24576, 332.86, 62
2026/09/21 04:22:52.582, 100, 23404, 24576, 331.95, 62
2026/09/21 04:22:53.582, 100, 23404, 24576, 331.39, 63
2026/09/21 04:22:54.582, 100, 23404, 24576, 332.75, 63
2026/09/21 04:22:55.583, 100, 23404, 24576, 333.93, 63
2026/09/21 04:22:56.583, 98, 23404, 24576, 333.93, 62
2026/09/21 04:22:57.584, 100, 23404, 24576, 334.45, 63
2026/09/21 04:22:58.584, 100, 23404, 24576, 336.43, 62
2026/09/21 04:22:59.584, 100, 23404, 24576, 331.38, 63
2026/09/21 04:23:00.585, 100, 23404, 24576, 328.60, 63
2026/09/21 04:23:01.585, 100, 23404, 24576, 332.17, 63
2026/09/21 04:23:02.587, 100, 23404, 24576, 327.68, 63
2026/09/21 04:23:03.587, 100, 23404, 24576, 332.28, 63
2026/09/21 04:23:04.588, 100, 23404, 24576, 312.97, 63
2026/09/21 04:23:05.588, 100, 23404, 24576, 331.13, 62
2026/09/21 04:23:06.588, 100, 23404, 24576, 317.53, 62
2026/09/21 04:23:07.588, 100, 23404, 24576, 330.51, 62
2026/09/21 04:23:08.589, 100, 23404, 24576, 320.11, 63
2026/09/21 04:23:09.589, 100, 23404, 24576, 274.38, 63
2026/09/21 04:23:10.590, 57, 23404, 24576, 315.30, 61
2026/09/21 04:23:11.590, 58, 23404, 24576, 283.41, 62
2026/09/21 04:23:12.590, 57, 23404, 24576, 286.48, 62
2026/09/21 04:23:13.591, 54, 23404, 24576, 275.58, 61
2026/09/21 04:23:14.591, 58, 23404, 24576, 285.72, 62
2026/09/21 04:23:15.591, 60, 23404, 24576, 275.11, 62
2026/09/21 04:23:16.592, 58, 23404, 24576, 287.71, 61
2026/09/21 04:23:17.592, 59, 23404, 24576, 288.35, 61
2026/09/21 04:23:18.592, 58, 23404, 24576, 289.80, 62
2026/09/21 04:23:19.593, 57, 23404, 24576, 290.36, 61
2026/09/21 04:23:20.593, 60, 23404, 24576, 290.07, 62
2026/09/21 04:23:21.593, 100, 23404, 24576, 265.73, 62
2026/09/21 04:23:22.594, 61, 23404, 24576, 312.20, 61
2026/09/21 04:23:23.594, 58, 23404, 24576, 290.73, 61
2026/09/21 04:23:24.594, 34, 23404, 24576, 279.88, 59
2026/09/21 04:23:25.595, 58, 23404, 24576, 259.06, 61
2026/09/21 04:23:26.595, 46, 23404, 24576, 283.90, 61
2026/09/21 04:23:27.595, 33, 23404, 24576, 278.57, 59
2026/09/21 04:23:28.597, 59, 23404, 24576, 278.42, 61
2026/09/21 04:23:29.597, 58, 23404, 24576, 290.48, 61
2026/09/21 04:23:30.597, 58, 23404, 24576, 291.25, 60
2026/09/21 04:23:31.598, 59, 23404, 24576, 291.18, 61
2026/09/21 04:23:32.598, 58, 23404, 24576, 291.37, 61
2026/09/21 04:23:33.599, 100, 23404, 24576, 235.75, 61
2026/09/21 04:23:34.599, 52, 23404, 24576, 331.91, 60
2026/09/21 04:23:35.599, 59, 23404, 24576, 287.94, 61
2026/09/21 04:23:36.600, 58, 23404, 24576, 290.80, 60
2026/09/21 04:23:37.600, 56, 23404, 24576, 274.33, 60
2026/09/21 04:23:38.600, 54, 23404, 24576, 279.58, 60
2026/09/21 04:23:39.601, 55, 23404, 24576, 275.24, 60
2026/09/21 04:23:40.601, 58, 23404, 24576, 277.97, 60
2026/09/21 04:23:41.602, 62, 23404, 24576, 266.90, 60
2026/09/21 04:23:42.602, 58, 23404, 24576, 287.41, 60
2026/09/21 04:23:43.602, 58, 23404, 24576, 287.77, 60
2026/09/21 04:23:44.603, 58, 23404, 24576, 286.88, 60
2026/09/21 04:23:45.603, 0, 23404, 24576, 238.52, 56
2026/09/21 04:23:46.603, 100, 23404, 24576, 311.01, 61
2026/09/21 04:23:47.604, 58, 23404, 24576, 288.49, 60
2026/09/21 04:23:48.604, 58, 23404, 24576, 283.23, 60
2026/09/21 04:23:49.604, 59, 23404, 24576, 282.92, 60
2026/09/21 04:23:50.605, 59, 23404, 24576, 279.24, 60
2026/09/21 04:23:51.605, 59, 23404, 24576, 281.03, 60
2026/09/21 04:23:52.606, 57, 23404, 24576, 280.99, 59
2026/09/21 04:23:53.606, 57, 23404, 24576, 279.86, 60
2026/09/21 04:23:54.606, 58, 23404, 24576, 281.09, 60
2026/09/21 04:23:55.606, 59, 23404, 24576, 280.49, 59
2026/09/21 04:23:56.607, 60, 23404, 24576, 279.29, 60
2026/09/21 04:23:57.607, 3, 23404, 24576, 221.94, 56
2026/09/21 04:23:58.607, 100, 23404, 24576, 298.52, 60
2026/09/21 04:23:59.608, 54, 23404, 24576, 276.25, 59
2026/09/21 04:24:00.608, 41, 23404, 24576, 273.52, 59
2026/09/21 04:24:01.608, 58, 23404, 24576, 270.98, 59
2026/09/21 04:24:02.609, 60, 23404, 24576, 276.29, 59
2026/09/21 04:24:03.672, 59, 23404, 24576, 278.74, 59
2026/09/21 04:24:04.673, 60, 23404, 24576, 277.13, 59
2026/09/21 04:24:05.673, 57, 23404, 24576, 277.92, 59
2026/09/21 04:24:06.673, 57, 23404, 24576, 276.99, 59
2026/09/21 04:24:07.674, 57, 23404, 24576, 277.60, 59
2026/09/21 04:24:08.674, 58, 23404, 24576, 275.53, 59
2026/09/21 04:24:09.674, 99, 23404, 24576, 219.05, 59
2026/09/21 04:24:10.675, 100, 23404, 24576, 338.58, 59
2026/09/21 04:24:11.675, 100, 23404, 24576, 337.24, 60
2026/09/21 04:24:12.676, 100, 23404, 24576, 337.34, 60
2026/09/21 04:24:13.676, 100, 23404, 24576, 337.06, 60
2026/09/21 04:24:14.676, 100, 23404, 24576, 336.65, 60
2026/09/21 04:24:15.677, 100, 23404, 24576, 336.68, 60
2026/09/21 04:24:16.677, 100, 23404, 24576, 336.39, 61
2026/09/21 04:24:17.678, 100, 23404, 24576, 335.78, 61
2026/09/21 04:24:18.678, 100, 23404, 24576, 334.84, 61
2026/09/21 04:24:19.678, 100, 23404, 24576, 333.02, 61
2026/09/21 04:24:20.679, 100, 23404, 24576, 334.37, 61
2026/09/21 04:24:21.679, 100, 23404, 24576, 331.26, 61
2026/09/21 04:24:22.680, 100, 23404, 24576, 332.73, 61
2026/09/21 04:24:23.680, 100, 23404, 24576, 332.96, 61
2026/09/21 04:24:24.680, 100, 23404, 24576, 330.10, 61
2026/09/21 04:24:25.681, 100, 23404, 24576, 331.34, 62
2026/09/21 04:24:26.681, 100, 23404, 24576, 333.93, 61
2026/09/21 04:24:27.682, 100, 23404, 24576, 332.58, 61
2026/09/21 04:24:28.682, 100, 23404, 24576, 332.74, 62
2026/09/21 04:24:29.682, 100, 23404, 24576, 330.30, 61
2026/09/21 04:24:30.683, 100, 23404, 24576, 331.45, 62
2026/09/21 04:24:31.683, 99, 23404, 24576, 331.15, 61
2026/09/21 04:24:32.683, 100, 23404, 24576, 328.86, 61
2026/09/21 04:24:33.684, 100, 23404, 24576, 330.98, 61
2026/09/21 04:24:34.684, 100, 23404, 24576, 328.51, 62
2026/09/21 04:24:35.685, 100, 23404, 24576, 329.90, 62
2026/09/21 04:24:36.685, 100, 23404, 24576, 331.59, 62
2026/09/21 04:24:37.686, 100, 23404, 24576, 328.41, 62
2026/09/21 04:24:38.686, 100, 23404, 24576, 328.36, 61
2026/09/21 04:24:39.686, 100, 23404, 24576, 310.63, 62
2026/09/21 04:24:40.687, 100, 23404, 24576, 328.35, 61
2026/09/21 04:24:41.687, 42, 23404, 24576, 309.79, 61
2026/09/21 04:24:42.688, 100, 23404, 24576, 318.61, 62
2026/09/21 04:24:43.688, 100, 23404, 24576, 319.39, 62
2026/09/21 04:24:44.689, 100, 23404, 24576, 270.40, 62
2026/09/21 04:24:45.689, 51, 23404, 24576, 325.38, 61
2026/09/21 04:24:46.690, 56, 23404, 24576, 270.77, 61
2026/09/21 04:24:47.691, 58, 23404, 24576, 262.49, 61
2026/09/21 04:24:48.692, 59, 23404, 24576, 276.66, 61
2026/09/21 04:24:49.692, 59, 23404, 24576, 285.33, 61
2026/09/21 04:24:50.693, 58, 23404, 24576, 273.99, 61
2026/09/21 04:24:51.693, 63, 23404, 24576, 281.91, 60
2026/09/21 04:24:52.693, 58, 23404, 24576, 279.11, 61
2026/09/21 04:24:53.693, 59, 23404, 24576, 271.73, 61
2026/09/21 04:24:54.694, 48, 23404, 24576, 245.99, 60
2026/09/21 04:24:55.694, 26, 23404, 24576, 265.61, 60
2026/09/21 04:24:56.695, 59, 23404, 24576, 263.34, 60
2026/09/21 04:24:57.695, 80, 23404, 24576, 219.25, 60
2026/09/21 04:24:58.695, 63, 23404, 24576, 339.63, 60
2026/09/21 04:24:59.696, 24, 23404, 24576, 251.36, 59
2026/09/21 04:25:00.696, 50, 23404, 24576, 269.16, 59
2026/09/21 04:25:01.696, 36, 23404, 24576, 268.09, 58
2026/09/21 04:25:02.698, 59, 23404, 24576, 243.34, 60
2026/09/21 04:25:03.698, 57, 23404, 24576, 276.50, 59
2026/09/21 04:25:04.700, 39, 23404, 24576, 254.79, 57
2026/09/21 04:25:05.700, 56, 23404, 24576, 245.64, 59
2026/09/21 04:25:06.701, 59, 23404, 24576, 270.63, 60
2026/09/21 04:25:07.701, 61, 23404, 24576, 266.18, 60
2026/09/21 04:25:08.701, 34, 23404, 24576, 277.63, 59
2026/09/21 04:25:09.702, 55, 23404, 24576, 251.76, 59
2026/09/21 04:25:10.702, 31, 23404, 24576, 266.51, 57
2026/09/21 04:25:11.702, 100, 23404, 24576, 241.26, 60
2026/09/21 04:25:12.702, 57, 23404, 24576, 306.72, 59
2026/09/21 04:25:13.703, 31, 23404, 24576, 270.73, 58
2026/09/21 04:25:14.703, 61, 23404, 24576, 274.02, 59
2026/09/21 04:25:15.703, 59, 23404, 24576, 270.93, 59
2026/09/21 04:25:16.704, 47, 23404, 24576, 271.87, 59
2026/09/21 04:25:17.704, 58, 23404, 24576, 278.92, 59
2026/09/21 04:25:18.704, 58, 23404, 24576, 281.77, 59
2026/09/21 04:25:19.704, 58, 23404, 24576, 282.56, 59
2026/09/21 04:25:20.705, 58, 23404, 24576, 283.25, 59
2026/09/21 04:25:21.705, 42, 23404, 24576, 268.26, 57
2026/09/21 04:25:22.705, 58, 23404, 24576, 246.51, 58
2026/09/21 04:25:23.705, 35, 23404, 24576, 231.21, 55
2026/09/21 04:25:24.706, 92, 23404, 24576, 327.44, 59
2026/09/21 04:25:25.706, 54, 23404, 24576, 271.17, 58
2026/09/21 04:25:26.706, 58, 23404, 24576, 274.09, 59
2026/09/21 04:25:27.707, 57, 23404, 24576, 285.92, 59
2026/09/21 04:25:28.707, 15, 23404, 24576, 275.47, 58
2026/09/21 04:25:29.707, 58, 23404, 24576, 274.71, 59
2026/09/21 04:25:30.707, 56, 23404, 24576, 286.21, 59
2026/09/21 04:25:31.708, 58, 23404, 24576, 275.22, 58
2026/09/21 04:25:32.708, 58, 23404, 24576, 287.60, 59
2026/09/21 04:25:33.772, 60, 23404, 24576, 249.64, 59
2026/09/21 04:25:34.773, 58, 23404, 24576, 289.01, 58
2026/09/21 04:25:35.773, 48, 23404, 24576, 286.64, 57
2026/09/21 04:25:36.773, 100, 23404, 24576, 265.14, 60
2026/09/21 04:25:37.774, 58, 23404, 24576, 289.02, 58
2026/09/21 04:25:38.774, 58, 23404, 24576, 248.07, 58
2026/09/21 04:25:39.775, 49, 23404, 24576, 278.23, 59
2026/09/21 04:25:40.775, 59, 23404, 24576, 284.50, 58
2026/09/21 04:25:41.775, 57, 23404, 24576, 288.60, 58
2026/09/21 04:25:42.776, 57, 23404, 24576, 289.36, 59
2026/09/21 04:25:43.776, 58, 23404, 24576, 289.04, 58
2026/09/21 04:25:44.776, 63, 23404, 24576, 288.75, 58
2026/09/21 04:25:45.777, 58, 23404, 24576, 289.84, 59
2026/09/21 04:25:46.777, 59, 23404, 24576, 290.14, 58
2026/09/21 04:25:47.777, 52, 23404, 24576, 254.81, 58
2026/09/21 04:25:48.777, 0, 23404, 24576, 231.46, 55
2026/09/21 04:25:49.778, 100, 23404, 24576, 313.43, 59
2026/09/21 04:25:50.778, 100, 23404, 24576, 334.94, 60
2026/09/21 04:25:51.779, 100, 23404, 24576, 335.50, 59
2026/09/21 04:25:52.779, 100, 23404, 24576, 335.73, 60
2026/09/21 04:25:53.779, 100, 23404, 24576, 335.28, 60
2026/09/21 04:25:54.780, 100, 23404, 24576, 335.41, 60
2026/09/21 04:25:55.780, 100, 23404, 24576, 335.24, 60
2026/09/21 04:25:56.781, 100, 23404, 24576, 335.61, 60
2026/09/21 04:25:57.781, 100, 23404, 24576, 335.34, 60
2026/09/21 04:25:58.781, 100, 23404, 24576, 335.22, 61
2026/09/21 04:25:59.782, 100, 23404, 24576, 334.94, 61
2026/09/21 04:26:00.782, 100, 23404, 24576, 333.69, 61
2026/09/21 04:26:01.782, 100, 23404, 24576, 332.80, 61
2026/09/21 04:26:02.783, 100, 23404, 24576, 334.34, 61
2026/09/21 04:26:03.783, 100, 23404, 24576, 334.06, 61
2026/09/21 04:26:04.783, 100, 23404, 24576, 332.73, 61
2026/09/21 04:26:05.784, 100, 23404, 24576, 330.85, 61
2026/09/21 04:26:06.784, 100, 23404, 24576, 329.07, 62
2026/09/21 04:26:07.785, 100, 23404, 24576, 332.64, 62
2026/09/21 04:26:08.785, 93, 23404, 24576, 327.88, 62
2026/09/21 04:26:09.785, 100, 23404, 24576, 330.97, 62
2026/09/21 04:26:10.786, 100, 23404, 24576, 332.54, 61
2026/09/21 04:26:11.786, 100, 23404, 24576, 330.86, 62
2026/09/21 04:26:12.787, 100, 23404, 24576, 331.18, 62
2026/09/21 04:26:13.787, 100, 23404, 24576, 329.24, 61
2026/09/21 04:26:14.787, 100, 23404, 24576, 333.07, 61
2026/09/21 04:26:15.788, 98, 23404, 24576, 328.35, 61
2026/09/21 04:26:16.788, 100, 23404, 24576, 328.49, 61
2026/09/21 04:26:17.788, 100, 23404, 24576, 330.94, 62
2026/09/21 04:26:18.789, 100, 23404, 24576, 314.99, 62
2026/09/21 04:26:19.789, 100, 23404, 24576, 328.73, 61
2026/09/21 04:26:20.790, 99, 23404, 24576, 329.62, 62
2026/09/21 04:26:21.790, 100, 23404, 24576, 315.91, 62
2026/09/21 04:26:22.790, 100, 23404, 24576, 314.61, 62
2026/09/21 04:26:23.791, 100, 23404, 24576, 278.10, 62
2026/09/21 04:26:24.791, 35, 23404, 24576, 332.69, 60
2026/09/21 04:26:25.791, 58, 23404, 24576, 272.44, 61
2026/09/21 04:26:26.792, 58, 23404, 24576, 284.24, 60
2026/09/21 04:26:27.792, 59, 23404, 24576, 283.80, 59
2026/09/21 04:26:28.792, 58, 23404, 24576, 285.04, 60
2026/09/21 04:26:29.792, 59, 23404, 24576, 286.85, 60
2026/09/21 04:26:30.793, 58, 23404, 24576, 286.52, 59
2026/09/21 04:26:31.793, 58, 23404, 24576, 286.00, 60
2026/09/21 04:26:32.793, 58, 23404, 24576, 288.52, 60
2026/09/21 04:26:33.794, 57, 23404, 24576, 288.79, 59
2026/09/21 04:26:34.794, 60, 23404, 24576, 289.00, 60
2026/09/21 04:26:35.794, 100, 23404, 24576, 213.94, 61
2026/09/21 04:26:36.795, 59, 23404, 24576, 335.18, 59
2026/09/21 04:26:37.797, 57, 23404, 24576, 273.73, 60
2026/09/21 04:26:38.797, 57, 23404, 24576, 261.25, 59
2026/09/21 04:26:39.798, 58, 23404, 24576, 285.84, 59
2026/09/21 04:26:40.798, 58, 23404, 24576, 289.39, 60
2026/09/21 04:26:41.798, 58, 23404, 24576, 289.35, 59
2026/09/21 04:26:42.798, 58, 23404, 24576, 289.45, 59
2026/09/21 04:26:43.799, 56, 23404, 24576, 276.06, 59
2026/09/21 04:26:44.799, 58, 23404, 24576, 288.94, 59
2026/09/21 04:26:45.799, 58, 23404, 24576, 288.95, 59
2026/09/21 04:26:46.799, 58, 23404, 24576, 288.89, 59
2026/09/21 04:26:47.800, 100, 23404, 24576, 253.33, 60
2026/09/21 04:26:48.800, 58, 23404, 24576, 323.27, 58
2026/09/21 04:26:49.800, 58, 23404, 24576, 288.19, 59
2026/09/21 04:26:50.801, 49, 23404, 24576, 277.04, 59
2026/09/21 04:26:51.801, 58, 23404, 24576, 285.88, 58
2026/09/21 04:26:52.801, 59, 23404, 24576, 287.45, 59
2026/09/21 04:26:53.801, 58, 23404, 24576, 286.42, 59
2026/09/21 04:26:54.802, 57, 23404, 24576, 287.10, 58
2026/09/21 04:26:55.803, 58, 23404, 24576, 285.21, 59
2026/09/21 04:26:56.804, 59, 23404, 24576, 285.71, 59
2026/09/21 04:26:57.872, 59, 23404, 24576, 282.69, 58
2026/09/21 04:26:58.873, 59, 23404, 24576, 260.97, 58
2026/09/21 04:26:59.873, 100, 23404, 24576, 227.96, 59
2026/09/21 04:27:00.873, 52, 23404, 24576, 333.66, 59
2026/09/21 04:27:01.874, 58, 23404, 24576, 283.86, 58
2026/09/21 04:27:02.874, 71, 23404, 24576, 284.48, 59
2026/09/21 04:27:03.874, 49, 23404, 24576, 269.72, 57
2026/09/21 04:27:04.875, 59, 23404, 24576, 279.75, 58
2026/09/21 04:27:05.875, 59, 23404, 24576, 279.59, 59
2026/09/21 04:27:06.875, 59, 23404, 24576, 279.90, 58
2026/09/21 04:27:07.876, 56, 23404, 24576, 271.99, 58
2026/09/21 04:27:08.876, 59, 23404, 24576, 279.31, 58
2026/09/21 04:27:09.876, 59, 23404, 24576, 278.89, 58
2026/09/21 04:27:10.877, 1, 23404, 24576, 245.70, 57
2026/09/21 04:27:11.877, 0, 23404, 24576, 230.90, 56
2026/09/21 04:27:12.877, 100, 23404, 24576, 287.96, 60
2026/09/21 04:27:13.878, 59, 23404, 24576, 297.15, 58
2026/09/21 04:27:14.878, 56, 23404, 24576, 272.64, 57
2026/09/21 04:27:15.878, 59, 23404, 24576, 278.17, 58
2026/09/21 04:27:16.879, 59, 23404, 24576, 275.21, 58
2026/09/21 04:27:17.879, 59, 23404, 24576, 275.85, 58
2026/09/21 04:27:18.879, 58, 23404, 24576, 269.01, 58
2026/09/21 04:27:19.879, 59, 23404, 24576, 264.86, 58
2026/09/21 04:27:20.880, 59, 23404, 24576, 275.98, 58
2026/09/21 04:27:21.880, 60, 23404, 24576, 266.18, 57
2026/09/21 04:27:22.880, 22, 23404, 24576, 271.74, 58
2026/09/21 04:27:23.881, 61, 23404, 24576, 272.35, 58
2026/09/21 04:27:24.881, 0, 23404, 24576, 156.87, 55
2026/09/21 04:27:25.881, 0, 23404, 24576, 138.16, 54
2026/09/21 04:27:26.882, 0, 23404, 24576, 129.60, 53
2026/09/21 04:27:27.882, 0, 23404, 24576, 121.43, 53
2026/09/21 04:27:28.882, 0, 23404, 24576, 120.88, 52
2026/09/21 04:27:29.883, 0, 23404, 24576, 120.68, 52
2026/09/21 04:27:30.883, 100, 23404, 24576, 168.42, 57
2026/09/21 04:27:31.883, 100, 23404, 24576, 337.67, 58
2026/09/21 04:27:32.884, 100, 23404, 24576, 337.97, 58
2026/09/21 04:27:33.884, 100, 23404, 24576, 337.90, 58
2026/09/21 04:27:34.884, 100, 23404, 24576, 325.92, 59
2026/09/21 04:27:35.885, 78, 23404, 24576, 333.96, 59
2026/09/21 04:27:36.885, 100, 23404, 24576, 334.68, 58
2026/09/21 04:27:37.886, 100, 23404, 24576, 323.33, 58
2026/09/21 04:27:38.886, 100, 23404, 24576, 336.76, 59
2026/09/21 04:27:39.886, 100, 23404, 24576, 334.44, 59
2026/09/21 04:27:40.887, 100, 23404, 24576, 337.01, 59
2026/09/21 04:27:41.887, 100, 23404, 24576, 335.41, 60
2026/09/21 04:27:42.888, 100, 23404, 24576, 336.02, 60
2026/09/21 04:27:43.888, 100, 23404, 24576, 335.89, 60
2026/09/21 04:27:44.888, 100, 23404, 24576, 336.28, 60
2026/09/21 04:27:45.889, 100, 23404, 24576, 335.83, 60
2026/09/21 04:27:46.889, 100, 23404, 24576, 334.93, 60
2026/09/21 04:27:47.889, 100, 23404, 24576, 335.73, 60
2026/09/21 04:27:48.890, 100, 23404, 24576, 334.85, 61
2026/09/21 04:27:49.890, 100, 23404, 24576, 334.90, 61
2026/09/21 04:27:50.890, 100, 23404, 24576, 334.47, 61
2026/09/21 04:27:51.891, 100, 23404, 24576, 335.41, 60
2026/09/21 04:27:52.891, 100, 23404, 24576, 336.22, 61
2026/09/21 04:27:53.892, 100, 23404, 24576, 335.96, 61
2026/09/21 04:27:54.892, 100, 23404, 24576, 331.83, 61
2026/09/21 04:27:55.892, 100, 23404, 24576, 333.91, 61
2026/09/21 04:27:56.893, 100, 23404, 24576, 335.25, 61
2026/09/21 04:27:57.893, 100, 23404, 24576, 330.78, 62
2026/09/21 04:27:58.893, 100, 23404, 24576, 334.37, 61
2026/09/21 04:27:59.893, 100, 23404, 24576, 332.22, 62
2026/09/21 04:28:00.894, 100, 23404, 24576, 333.27, 61
2026/09/21 04:28:01.894, 100, 23404, 24576, 331.94, 62
2026/09/21 04:28:02.895, 100, 23404, 24576, 333.10, 62
2026/09/21 04:28:03.895, 95, 23404, 24576, 332.24, 61
2026/09/21 04:28:04.895, 100, 23404, 24576, 333.22, 62
2026/09/21 04:28:05.896, 100, 23404, 24576, 333.12, 62
2026/09/21 04:28:06.896, 100, 23404, 24576, 332.40, 62
2026/09/21 04:28:07.896, 100, 23404, 24576, 329.97, 61
2026/09/21 04:28:08.897, 100, 23404, 24576, 330.45, 61
2026/09/21 04:28:09.897, 100, 23404, 24576, 332.33, 62
2026/09/21 04:28:10.897, 100, 23404, 24576, 326.87, 62
2026/09/21 04:28:11.898, 100, 23404, 24576, 330.72, 63
2026/09/21 04:28:12.898, 100, 23404, 24576, 330.27, 62
2026/09/21 04:28:13.899, 100, 23404, 24576, 333.44, 62
2026/09/21 04:28:14.899, 100, 23404, 24576, 332.15, 63
2026/09/21 04:28:15.900, 100, 23404, 24576, 328.62, 62
2026/09/21 04:28:16.900, 100, 23404, 24576, 332.05, 62
2026/09/21 04:28:17.900, 100, 23404, 24576, 331.03, 63
2026/09/21 04:28:18.900, 100, 23404, 24576, 330.60, 63
2026/09/21 04:28:19.901, 100, 23404, 24576, 326.93, 63
2026/09/21 04:28:20.901, 100, 23404, 24576, 328.78, 62
2026/09/21 04:28:21.901, 100, 23404, 24576, 333.37, 63
2026/09/21 04:28:22.902, 100, 23404, 24576, 329.08, 63
2026/09/21 04:28:23.902, 100, 23404, 24576, 329.61, 62
2026/09/21 04:28:24.902, 100, 23404, 24576, 328.17, 63
2026/09/21 04:28:25.903, 100, 23404, 24576, 328.03, 62
2026/09/21 04:28:26.903, 100, 23404, 24576, 331.01, 63
2026/09/21 04:28:27.904, 100, 23404, 24576, 328.82, 62
2026/09/21 04:28:28.904, 100, 23404, 24576, 331.98, 63
2026/09/21 04:28:29.904, 100, 23404, 24576, 292.59, 63
2026/09/21 04:28:30.905, 100, 23404, 24576, 329.42, 62
2026/09/21 04:28:31.905, 100, 23404, 24576, 330.55, 63
2026/09/21 04:28:32.905, 100, 23404, 24576, 322.56, 63
2026/09/21 04:28:33.906, 100, 23404, 24576, 326.73, 62
2026/09/21 04:28:34.906, 43, 23404, 24576, 303.36, 59
2026/09/21 04:28:35.906, 100, 23404, 24576, 295.60, 63
2026/09/21 04:28:36.907, 100, 23404, 24576, 314.74, 63
2026/09/21 04:28:37.907, 100, 23404, 24576, 331.79, 62
2026/09/21 04:28:38.907, 100, 23404, 24576, 320.15, 63
2026/09/21 04:28:39.908, 57, 23404, 24576, 314.80, 62
2026/09/21 04:28:40.908, 59, 23404, 24576, 286.89, 62
2026/09/21 04:28:41.908, 66, 23404, 24576, 288.36, 62
2026/09/21 04:28:42.908, 59, 23404, 24576, 264.54, 62
2026/09/21 04:28:43.909, 58, 23404, 24576, 278.40, 62
2026/09/21 04:28:44.909, 59, 23404, 24576, 291.10, 61
2026/09/21 04:28:45.909, 59, 23404, 24576, 279.82, 62
2026/09/21 04:28:46.909, 59, 23404, 24576, 291.28, 62
2026/09/21 04:28:47.910, 55, 23404, 24576, 278.96, 60
2026/09/21 04:28:48.910, 54, 23404, 24576, 289.70, 62
2026/09/21 04:28:49.910, 59, 23404, 24576, 291.11, 62
2026/09/21 04:28:50.910, 100, 23404, 24576, 315.79, 62
2026/09/21 04:28:51.911, 100, 23404, 24576, 337.60, 62
2026/09/21 04:28:52.911, 100, 23404, 24576, 337.96, 62
2026/09/21 04:28:53.912, 98, 23404, 24576, 337.10, 62
2026/09/21 04:28:54.912, 100, 23404, 24576, 336.82, 62
2026/09/21 04:28:55.913, 100, 23404, 24576, 338.27, 62
2026/09/21 04:28:56.913, 100, 23404, 24576, 337.35, 62
2026/09/21 04:28:57.913, 100, 23404, 24576, 337.05, 62
2026/09/21 04:28:58.913, 100, 23404, 24576, 336.29, 62
2026/09/21 04:28:59.914, 100, 23404, 24576, 336.99, 62
2026/09/21 04:29:00.914, 100, 23404, 24576, 336.99, 62
2026/09/21 04:29:01.914, 100, 23404, 24576, 334.29, 62
2026/09/21 04:29:02.915, 100, 23404, 24576, 336.18, 63
2026/09/21 04:29:03.915, 100, 23404, 24576, 334.62, 62
2026/09/21 04:29:04.915, 96, 23404, 24576, 332.80, 62
2026/09/21 04:29:05.916, 100, 23404, 24576, 333.35, 63
2026/09/21 04:29:06.916, 96, 23404, 24576, 333.55, 63
2026/09/21 04:29:07.917, 100, 23404, 24576, 335.68, 62
2026/09/21 04:29:08.917, 24, 23404, 24576, 319.61, 63
2026/09/21 04:29:09.917, 100, 23404, 24576, 324.79, 63
2026/09/21 04:29:10.918, 98, 23404, 24576, 330.41, 62
2026/09/21 04:29:11.918, 100, 23404, 24576, 331.50, 63
2026/09/21 04:29:12.918, 95, 23404, 24576, 331.84, 62
2026/09/21 04:29:13.919, 100, 23404, 24576, 325.57, 63
2026/09/21 04:29:14.919, 100, 23404, 24576, 331.45, 63
2026/09/21 04:29:15.920, 100, 23404, 24576, 333.92, 62
2026/09/21 04:29:16.920, 100, 23404, 24576, 335.22, 63
2026/09/21 04:29:17.920, 100, 23404, 24576, 327.06, 63
2026/09/21 04:29:18.921, 100, 23404, 24576, 332.18, 63
2026/09/21 04:29:19.921, 100, 23404, 24576, 332.17, 63
2026/09/21 04:29:20.921, 100, 23404, 24576, 331.94, 63
2026/09/21 04:29:21.922, 100, 23404, 24576, 321.67, 63
2026/09/21 04:29:22.922, 100, 23404, 24576, 333.56, 63
2026/09/21 04:29:23.923, 100, 23404, 24576, 331.55, 63
2026/09/21 04:29:24.923, 100, 23404, 24576, 331.88, 63
2026/09/21 04:29:25.923, 90, 23404, 24576, 327.60, 63
2026/09/21 04:29:26.924, 100, 23404, 24576, 331.32, 63
2026/09/21 04:29:27.924, 100, 23404, 24576, 331.61, 62
2026/09/21 04:29:28.925, 100, 23404, 24576, 332.74, 63
2026/09/21 04:29:29.925, 100, 23404, 24576, 332.13, 63
2026/09/21 04:29:30.925, 100, 23404, 24576, 331.01, 62
2026/09/21 04:29:31.926, 100, 23404, 24576, 332.82, 63
2026/09/21 04:29:32.926, 100, 23404, 24576, 332.90, 63
2026/09/21 04:29:33.927, 100, 23404, 24576, 333.48, 63
2026/09/21 04:29:34.927, 100, 23404, 24576, 331.46, 63
2026/09/21 04:29:35.927, 100, 23404, 24576, 331.11, 63
2026/09/21 04:29:36.928, 100, 23404, 24576, 333.15, 63
2026/09/21 04:29:37.928, 100, 23404, 24576, 331.53, 64
2026/09/21 04:29:38.929, 100, 23404, 24576, 331.19, 64
2026/09/21 04:29:39.929, 100, 23404, 24576, 332.26, 63
2026/09/21 04:29:40.930, 100, 23404, 24576, 333.59, 63
2026/09/21 04:29:41.930, 100, 23404, 24576, 332.21, 64
2026/09/21 04:29:42.930, 100, 23404, 24576, 328.66, 63
2026/09/21 04:29:43.931, 100, 23404, 24576, 332.83, 63
2026/09/21 04:29:44.931, 100, 23404, 24576, 328.18, 63
2026/09/21 04:29:45.931, 100, 23404, 24576, 332.55, 64
2026/09/21 04:29:46.932, 100, 23404, 24576, 328.38, 63
2026/09/21 04:29:47.932, 100, 23404, 24576, 326.57, 64
2026/09/21 04:29:48.933, 100, 23404, 24576, 325.37, 63
2026/09/21 04:29:49.933, 100, 23404, 24576, 270.75, 63
2026/09/21 04:29:50.933, 100, 23404, 24576, 332.83, 63
2026/09/21 04:29:51.933, 100, 23404, 24576, 327.11, 63
2026/09/21 04:29:52.934, 100, 23404, 24576, 325.56, 64
2026/09/21 04:29:53.934, 100, 23404, 24576, 330.66, 63
2026/09/21 04:29:54.934, 42, 23404, 24576, 310.59, 60
2026/09/21 04:29:55.935, 100, 23404, 24576, 288.69, 64
2026/09/21 04:29:56.935, 65, 23404, 24576, 309.91, 62
2026/09/21 04:29:57.936, 100, 23404, 24576, 326.57, 63
2026/09/21 04:29:58.936, 100, 23404, 24576, 311.84, 63
2026/09/21 04:29:59.936, 57, 23404, 24576, 331.90, 63
2026/09/21 04:30:00.937, 62, 23404, 24576, 292.61, 63
2026/09/21 04:30:01.973, 46, 23404, 24576, 281.55, 63
2026/09/21 04:30:02.974, 57, 23404, 24576, 258.32, 62
2026/09/21 04:30:03.974, 58, 23404, 24576, 287.40, 62
2026/09/21 04:30:04.975, 33, 23665, 24576, 230.97, 61
2026/09/21 04:30:05.976, 58, 23665, 24576, 261.15, 62
2026/09/21 04:30:06.976, 55, 23404, 24576, 291.46, 62
2026/09/21 04:30:07.976, 56, 23404, 24576, 291.05, 62
2026/09/21 04:30:08.977, 1, 23404, 24576, 270.56, 59
2026/09/21 04:30:09.977, 30, 23404, 24576, 237.25, 61
2026/09/21 04:30:10.977, 50, 23404, 24576, 273.99, 61
2026/09/21 04:30:11.978, 100, 23404, 24576, 301.67, 62
2026/09/21 04:30:12.979, 100, 23404, 24576, 338.75, 62
2026/09/21 04:30:13.979, 100, 23404, 24576, 338.15, 62
2026/09/21 04:30:14.979, 100, 23404, 24576, 337.65, 62
2026/09/21 04:30:15.980, 100, 23404, 24576, 336.79, 62
2026/09/21 04:30:16.980, 86, 23404, 24576, 334.70, 62
2026/09/21 04:30:17.980, 100, 23404, 24576, 335.45, 62
2026/09/21 04:30:18.981, 100, 23404, 24576, 336.26, 63
2026/09/21 04:30:19.981, 100, 23404, 24576, 336.55, 62
2026/09/21 04:30:20.981, 100, 23404, 24576, 337.41, 63
2026/09/21 04:30:21.982, 100, 23404, 24576, 336.47, 63
2026/09/21 04:30:22.982, 100, 23404, 24576, 336.50, 63
2026/09/21 04:30:23.982, 100, 23404, 24576, 336.91, 63
2026/09/21 04:30:24.983, 100, 23404, 24576, 335.89, 63
2026/09/21 04:30:25.983, 100, 23404, 24576, 335.19, 63
2026/09/21 04:30:26.984, 100, 23404, 24576, 335.46, 63
2026/09/21 04:30:27.984, 100, 23404, 24576, 335.80, 63
2026/09/21 04:30:28.984, 100, 23404, 24576, 334.64, 63
2026/09/21 04:30:29.985, 100, 23404, 24576, 335.61, 62
2026/09/21 04:30:30.985, 100, 23404, 24576, 320.08, 63
2026/09/21 04:30:31.986, 100, 23404, 24576, 336.63, 63
2026/09/21 04:30:32.986, 100, 23404, 24576, 335.64, 63
2026/09/21 04:30:33.986, 100, 23404, 24576, 335.38, 63
2026/09/21 04:30:34.986, 100, 23404, 24576, 327.58, 63
2026/09/21 04:30:35.987, 100, 23404, 24576, 334.65, 63
2026/09/21 04:30:36.987, 100, 23404, 24576, 336.27, 63
2026/09/21 04:30:37.988, 100, 23404, 24576, 333.21, 63
2026/09/21 04:30:38.988, 100, 23404, 24576, 323.64, 63
2026/09/21 04:30:39.988, 100, 23404, 24576, 333.61, 62
2026/09/21 04:30:40.989, 100, 23404, 24576, 330.44, 63
2026/09/21 04:30:41.989, 100, 23404, 24576, 335.03, 63
2026/09/21 04:30:42.989, 83, 23404, 24576, 328.61, 62
2026/09/21 04:30:43.990, 100, 23404, 24576, 333.27, 63
2026/09/21 04:30:44.990, 100, 23404, 24576, 333.42, 63
2026/09/21 04:30:45.990, 100, 23404, 24576, 333.50, 62
2026/09/21 04:30:46.991, 100, 23404, 24576, 333.25, 63
2026/09/21 04:30:47.991, 100, 23404, 24576, 330.28, 64
2026/09/21 04:30:48.991, 100, 23404, 24576, 333.63, 63
2026/09/21 04:30:49.992, 100, 23404, 24576, 332.43, 63
2026/09/21 04:30:50.992, 100, 23404, 24576, 331.65, 63
2026/09/21 04:30:51.992, 100, 23404, 24576, 331.77, 63
2026/09/21 04:30:52.993, 100, 23404, 24576, 334.30, 63
2026/09/21 04:30:53.993, 100, 23404, 24576, 332.08, 63
2026/09/21 04:30:54.993, 100, 23404, 24576, 330.93, 63
2026/09/21 04:30:55.994, 100, 23404, 24576, 332.25, 63
2026/09/21 04:30:56.994, 100, 23404, 24576, 330.67, 64
2026/09/21 04:30:57.994, 100, 23404, 24576, 333.05, 64
2026/09/21 04:30:58.995, 100, 23404, 24576, 327.95, 64
2026/09/21 04:30:59.995, 100, 23404, 24576, 331.14, 64
2026/09/21 04:31:00.995, 100, 23404, 24576, 330.53, 63
2026/09/21 04:31:01.995, 100, 23404, 24576, 330.21, 64
2026/09/21 04:31:02.996, 100, 23404, 24576, 333.04, 64
2026/09/21 04:31:03.996, 100, 23404, 24576, 326.77, 63
2026/09/21 04:31:04.996, 100, 23404, 24576, 334.72, 64
2026/09/21 04:31:05.997, 100, 23404, 24576, 328.30, 63
2026/09/21 04:31:06.997, 100, 23404, 24576, 334.06, 63
2026/09/21 04:31:07.998, 100, 23404, 24576, 329.57, 64
2026/09/21 04:31:08.998, 100, 23404, 24576, 327.21, 64
2026/09/21 04:31:09.998, 100, 23404, 24576, 329.86, 64
2026/09/21 04:31:10.999, 66, 23404, 24576, 296.32, 60
2026/09/21 04:31:11.999, 100, 23404, 24576, 327.23, 64
2026/09/21 04:31:12.999, 100, 23404, 24576, 329.96, 63
2026/09/21 04:31:14.000, 100, 23404, 24576, 329.99, 64
2026/09/21 04:31:15.000, 100, 23404, 24576, 331.44, 64
2026/09/21 04:31:16.000, 100, 23404, 24576, 319.58, 63
2026/09/21 04:31:17.001, 100, 23404, 24576, 307.11, 64
2026/09/21 04:31:18.001, 100, 23404, 24576, 319.08, 62
2026/09/21 04:31:19.001, 100, 23404, 24576, 330.61, 63
2026/09/21 04:31:20.002, 100, 23404, 24576, 328.08, 64
2026/09/21 04:31:21.002, 44, 23404, 24576, 308.81, 62
2026/09/21 04:31:22.003, 60, 23404, 24576, 283.81, 62
2026/09/21 04:31:23.003, 21, 23404, 24576, 275.27, 61
2026/09/21 04:31:24.003, 6, 23404, 24576, 265.56, 61
2026/09/21 04:31:25.004, 45, 23404, 24576, 264.74, 61
2026/09/21 04:31:26.004, 59, 23404, 24576, 282.40, 62
2026/09/21 04:31:27.004, 59, 23404, 24576, 283.06, 61
2026/09/21 04:31:28.005, 59, 23404, 24576, 283.47, 61
2026/09/21 04:31:29.005, 59, 23404, 24576, 282.88, 62
2026/09/21 04:31:30.005, 48, 23404, 24576, 270.71, 61
2026/09/21 04:31:31.005, 54, 23404, 24576, 274.58, 61
2026/09/21 04:31:32.006, 100, 23404, 24576, 313.00, 62
2026/09/21 04:31:33.006, 100, 23404, 24576, 338.24, 63
2026/09/21 04:31:34.006, 100, 23404, 24576, 338.04, 63
2026/09/21 04:31:35.007, 97, 23404, 24576, 336.72, 63
2026/09/21 04:31:36.007, 100, 23404, 24576, 337.29, 63
2026/09/21 04:31:37.007, 100, 23404, 24576, 337.57, 63
2026/09/21 04:31:38.008, 100, 23404, 24576, 337.59, 63
2026/09/21 04:31:39.008, 100, 23404, 24576, 336.77, 63
2026/09/21 04:31:40.008, 100, 23404, 24576, 335.95, 63
2026/09/21 04:31:41.009, 100, 23404, 24576, 337.49, 63
2026/09/21 04:31:42.009, 100, 23404, 24576, 337.06, 63
2026/09/21 04:31:43.009, 100, 23404, 24576, 332.05, 63
2026/09/21 04:31:44.010, 100, 23404, 24576, 336.28, 63
2026/09/21 04:31:45.010, 100, 23404, 24576, 336.49, 63
2026/09/21 04:31:46.010, 100, 23404, 24576, 336.41, 63
2026/09/21 04:31:47.011, 100, 23404, 24576, 336.03, 63
2026/09/21 04:31:48.011, 100, 23404, 24576, 335.04, 63
2026/09/21 04:31:49.012, 100, 23404, 24576, 335.63, 63
2026/09/21 04:31:50.012, 99, 23404, 24576, 334.61, 63
2026/09/21 04:31:51.012, 100, 23404, 24576, 325.74, 63
2026/09/21 04:31:52.012, 100, 23404, 24576, 333.97, 63
2026/09/21 04:31:53.013, 100, 23404, 24576, 329.17, 63
2026/09/21 04:31:54.013, 100, 23404, 24576, 334.13, 64
2026/09/21 04:31:55.013, 100, 23404, 24576, 329.70, 63
2026/09/21 04:31:56.014, 100, 23404, 24576, 333.54, 63
2026/09/21 04:31:57.014, 100, 23404, 24576, 332.55, 63
2026/09/21 04:31:58.014, 100, 23404, 24576, 336.33, 63
2026/09/21 04:31:59.015, 100, 23404, 24576, 326.28, 63
2026/09/21 04:32:00.015, 100, 23404, 24576, 335.46, 63
2026/09/21 04:32:01.016, 100, 23404, 24576, 332.91, 63
2026/09/21 04:32:02.016, 100, 23404, 24576, 335.74, 64
2026/09/21 04:32:03.016, 100, 23404, 24576, 327.33, 63
2026/09/21 04:32:04.017, 100, 23404, 24576, 331.99, 64
2026/09/21 04:32:05.017, 100, 23404, 24576, 330.91, 63
2026/09/21 04:32:06.018, 100, 23404, 24576, 335.70, 63
2026/09/21 04:32:07.018, 100, 23404, 24576, 329.91, 64
2026/09/21 04:32:08.018, 100, 23404, 24576, 330.68, 64
2026/09/21 04:32:09.019, 100, 23404, 24576, 332.40, 64
2026/09/21 04:32:10.019, 100, 23404, 24576, 330.17, 64
2026/09/21 04:32:11.019, 100, 23404, 24576, 331.30, 63
2026/09/21 04:32:12.020, 100, 23404, 24576, 332.64, 63
2026/09/21 04:32:13.020, 100, 23404, 24576, 332.31, 63
2026/09/21 04:32:14.021, 100, 23404, 24576, 329.96, 64
2026/09/21 04:32:15.021, 100, 23404, 24576, 330.49, 64
2026/09/21 04:32:16.021, 100, 23404, 24576, 333.11, 63
2026/09/21 04:32:17.022, 100, 23404, 24576, 327.25, 64
2026/09/21 04:32:18.022, 100, 23404, 24576, 331.85, 64
2026/09/21 04:32:19.022, 100, 23404, 24576, 329.86, 63
2026/09/21 04:32:20.023, 100, 23404, 24576, 333.15, 64
2026/09/21 04:32:21.023, 100, 23404, 24576, 330.53, 64
2026/09/21 04:32:22.023, 100, 23404, 24576, 330.89, 63
2026/09/21 04:32:23.024, 100, 23404, 24576, 331.09, 63
2026/09/21 04:32:24.024, 100, 23404, 24576, 329.70, 64
2026/09/21 04:32:25.024, 100, 23404, 24576, 328.75, 63
2026/09/21 04:32:26.025, 100, 23404, 24576, 327.06, 64
2026/09/21 04:32:27.025, 100, 23404, 24576, 327.35, 64
2026/09/21 04:32:28.025, 100, 23404, 24576, 330.04, 64
2026/09/21 04:32:29.026, 100, 23404, 24576, 332.83, 63
2026/09/21 04:32:30.026, 100, 23404, 24576, 333.21, 64
2026/09/21 04:32:31.026, 100, 23404, 24576, 301.50, 64
2026/09/21 04:32:32.027, 100, 23404, 24576, 327.25, 63
2026/09/21 04:32:33.027, 100, 23404, 24576, 329.69, 64
2026/09/21 04:32:34.027, 100, 23404, 24576, 326.61, 64
2026/09/21 04:32:35.028, 100, 23404, 24576, 327.67, 63
2026/09/21 04:32:36.028, 41, 23404, 24576, 299.18, 60
2026/09/21 04:32:37.028, 100, 23404, 24576, 309.80, 63
2026/09/21 04:32:38.029, 100, 23404, 24576, 316.30, 64
2026/09/21 04:32:39.029, 100, 23404, 24576, 330.58, 64
2026/09/21 04:32:40.029, 99, 23404, 24576, 325.47, 64
2026/09/21 04:32:41.030, 21, 23404, 24576, 301.51, 61
2026/09/21 04:32:42.030, 59, 23404, 24576, 251.91, 62
2026/09/21 04:32:43.030, 59, 23404, 24576, 270.93, 61
2026/09/21 04:32:44.072, 59, 23404, 24576, 274.86, 61
2026/09/21 04:32:45.073, 59, 23404, 24576, 273.32, 61
2026/09/21 04:32:46.074, 57, 23404, 24576, 262.63, 60
2026/09/21 04:32:47.075, 48, 23404, 24576, 277.56, 61
2026/09/21 04:32:48.075, 59, 23404, 24576, 273.17, 61
2026/09/21 04:32:49.077, 58, 23404, 24576, 278.17, 60
2026/09/21 04:32:50.077, 55, 23404, 24576, 262.96, 60
2026/09/21 04:32:51.078, 59, 23404, 24576, 286.54, 61
2026/09/21 04:32:52.078, 61, 23404, 24576, 287.15, 60
2026/09/21 04:32:53.078, 100, 23404, 24576, 319.62, 62
2026/09/21 04:32:54.079, 88, 23404, 24576, 336.93, 63
2026/09/21 04:32:55.079, 100, 23404, 24576, 336.35, 62
2026/09/21 04:32:56.079, 100, 23404, 24576, 336.98, 62
2026/09/21 04:32:57.080, 100, 23404, 24576, 337.03, 63
2026/09/21 04:32:58.080, 100, 23404, 24576, 337.03, 63
2026/09/21 04:32:59.081, 100, 23404, 24576, 337.04, 63
2026/09/21 04:33:00.081, 100, 23404, 24576, 336.97, 63
2026/09/21 04:33:01.081, 100, 23404, 24576, 335.89, 63
2026/09/21 04:33:02.082, 100, 23404, 24576, 335.60, 63
2026/09/21 04:33:03.082, 97, 23404, 24576, 335.97, 63
2026/09/21 04:33:04.082, 100, 23404, 24576, 335.82, 63
2026/09/21 04:33:05.083, 100, 23404, 24576, 336.07, 63
2026/09/21 04:33:06.083, 100, 23404, 24576, 335.14, 63
2026/09/21 04:33:07.083, 100, 23404, 24576, 336.66, 63
2026/09/21 04:33:08.084, 100, 23404, 24576, 336.71, 63
2026/09/21 04:33:09.084, 100, 23404, 24576, 335.63, 63
2026/09/21 04:33:10.085, 100, 23404, 24576, 334.54, 63
2026/09/21 04:33:11.085, 100, 23404, 24576, 323.17, 63
2026/09/21 04:33:12.085, 100, 23404, 24576, 336.17, 63
2026/09/21 04:33:13.086, 100, 23404, 24576, 333.11, 63
2026/09/21 04:33:14.086, 100, 23404, 24576, 335.42, 63
2026/09/21 04:33:15.086, 100, 23404, 24576, 328.83, 63
2026/09/21 04:33:16.087, 100, 23404, 24576, 334.76, 63
2026/09/21 04:33:17.087, 100, 23404, 24576, 332.25, 63
2026/09/21 04:33:18.087, 100, 23404, 24576, 337.70, 63
2026/09/21 04:33:19.088, 60, 23404, 24576, 326.02, 61
2026/09/21 04:33:20.088, 100, 23404, 24576, 325.99, 63
2026/09/21 04:33:21.089, 100, 23404, 24576, 334.51, 63
2026/09/21 04:33:22.089, 100, 23404, 24576, 332.82, 63
2026/09/21 04:33:23.089, 100, 23404, 24576, 334.58, 64
2026/09/21 04:33:24.090, 100, 23404, 24576, 327.29, 64
2026/09/21 04:33:25.090, 100, 23404, 24576, 332.30, 63
2026/09/21 04:33:26.090, 100, 23404, 24576, 334.51, 63
2026/09/21 04:33:27.091, 100, 23404, 24576, 332.85, 64
2026/09/21 04:33:28.091, 100, 23404, 24576, 333.83, 64
2026/09/21 04:33:29.091, 100, 23404, 24576, 332.66, 63
2026/09/21 04:33:30.092, 98, 23404, 24576, 334.00, 63
2026/09/21 04:33:31.092, 100, 23404, 24576, 332.93, 63
2026/09/21 04:33:32.093, 100, 23404, 24576, 332.46, 64
2026/09/21 04:33:33.093, 100, 23404, 24576, 328.45, 64
2026/09/21 04:33:34.093, 100, 23404, 24576, 333.01, 64
2026/09/21 04:33:35.094, 100, 23404, 24576, 329.34, 64
2026/09/21 04:33:36.094, 100, 23404, 24576, 332.64, 64
2026/09/21 04:33:37.094, 100, 23404, 24576, 327.70, 63
2026/09/21 04:33:38.097, 100, 23404, 24576, 329.76, 64
2026/09/21 04:33:39.097, 100, 23404, 24576, 331.02, 63
2026/09/21 04:33:40.097, 100, 23404, 24576, 330.28, 64
2026/09/21 04:33:41.098, 100, 23404, 24576, 335.52, 64
2026/09/21 04:33:42.098, 100, 23404, 24576, 328.76, 64
2026/09/21 04:33:43.098, 100, 23404, 24576, 330.36, 63
2026/09/21 04:33:44.099, 100, 23404, 24576, 331.46, 64
2026/09/21 04:33:45.099, 100, 23404, 24576, 329.27, 64
2026/09/21 04:33:46.100, 100, 23404, 24576, 330.13, 63
2026/09/21 04:33:47.100, 100, 23404, 24576, 327.29, 64
2026/09/21 04:33:48.101, 100, 23404, 24576, 327.85, 63
2026/09/21 04:33:49.101, 100, 23404, 24576, 328.59, 64
2026/09/21 04:33:50.103, 100, 23404, 24576, 332.68, 64
2026/09/21 04:33:51.103, 100, 23404, 24576, 333.91, 64
2026/09/21 04:33:52.104, 100, 23404, 24576, 306.06, 64
2026/09/21 04:33:53.104, 100, 23404, 24576, 328.87, 63
2026/09/21 04:33:54.104, 100, 23404, 24576, 324.98, 64
2026/09/21 04:33:55.105, 100, 23404, 24576, 330.89, 63
2026/09/21 04:33:56.105, 100, 23404, 24576, 329.92, 64
2026/09/21 04:33:57.106, 100, 23404, 24576, 301.26, 63
2026/09/21 04:33:58.106, 100, 23404, 24576, 331.17, 63
2026/09/21 04:33:59.106, 100, 23404, 24576, 316.87, 64
2026/09/21 04:34:00.107, 41, 23404, 24576, 313.07, 63
2026/09/21 04:34:01.107, 80, 23404, 24576, 333.20, 63
2026/09/21 04:34:02.107, 51, 23404, 24576, 254.40, 63
2026/09/21 04:34:03.108, 53, 23404, 24576, 215.05, 61
2026/09/21 04:34:04.108, 59, 23404, 24576, 265.11, 62
2026/09/21 04:34:05.108, 48, 23404, 24576, 255.94, 62
2026/09/21 04:34:06.109, 61, 23404, 24576, 275.27, 61
2026/09/21 04:34:07.109, 58, 23404, 24576, 266.35, 61
2026/09/21 04:34:08.109, 58, 23404, 24576, 288.55, 62
2026/09/21 04:34:09.110, 60, 23404, 24576, 291.82, 61
2026/09/21 04:34:10.110, 57, 23404, 24576, 290.55, 62
2026/09/21 04:34:11.110, 39, 23404, 24576, 287.95, 61
2026/09/21 04:34:12.173, 59, 23404, 24576, 289.49, 61
2026/09/21 04:34:13.173, 31, 23404, 24576, 282.71, 60
2026/09/21 04:34:14.173, 100, 23404, 24576, 327.46, 62
2026/09/21 04:34:15.174, 100, 23404, 24576, 335.14, 62
2026/09/21 04:34:16.174, 100, 23404, 24576, 336.78, 62
2026/09/21 04:34:17.175, 100, 23404, 24576, 336.19, 63
2026/09/21 04:34:18.175, 100, 23404, 24576, 336.20, 62
2026/09/21 04:34:19.175, 100, 23404, 24576, 335.85, 62
2026/09/21 04:34:20.176, 100, 23404, 24576, 336.10, 63
2026/09/21 04:34:21.176, 100, 23404, 24576, 335.31, 63
2026/09/21 04:34:22.176, 98, 23404, 24576, 335.41, 63
2026/09/21 04:34:23.177, 100, 23404, 24576, 337.08, 63
2026/09/21 04:34:24.177, 100, 23404, 24576, 335.29, 63
2026/09/21 04:34:25.177, 100, 23404, 24576, 335.83, 63
2026/09/21 04:34:26.178, 100, 23404, 24576, 334.60, 63
2026/09/21 04:34:27.178, 100, 23404, 24576, 337.09, 63
2026/09/21 04:34:28.179, 100, 23404, 24576, 336.28, 63
2026/09/21 04:34:29.180, 100, 23404, 24576, 335.40, 63
2026/09/21 04:34:30.180, 100, 23404, 24576, 335.29, 63
2026/09/21 04:34:31.181, 100, 23404, 24576, 336.50, 63
2026/09/21 04:34:32.182, 100, 23404, 24576, 323.50, 63
2026/09/21 04:34:33.182, 100, 23404, 24576, 336.19, 63
2026/09/21 04:34:34.182, 100, 23404, 24576, 336.62, 63
2026/09/21 04:34:35.183, 100, 23404, 24576, 335.28, 63
2026/09/21 04:34:36.183, 100, 23404, 24576, 325.27, 63
2026/09/21 04:34:37.184, 100, 23404, 24576, 336.60, 63
2026/09/21 04:34:38.184, 100, 23404, 24576, 333.64, 64
2026/09/21 04:34:39.184, 100, 23404, 24576, 333.77, 63
2026/09/21 04:34:40.185, 100, 23404, 24576, 327.41, 64
2026/09/21 04:34:41.185, 100, 23404, 24576, 331.65, 63
2026/09/21 04:34:42.185, 98, 23404, 24576, 331.42, 64
2026/09/21 04:34:43.186, 100, 23404, 24576, 331.98, 63
2026/09/21 04:34:44.186, 100, 23404, 24576, 335.05, 63
2026/09/21 04:34:45.186, 100, 23404, 24576, 329.55, 64
2026/09/21 04:34:46.187, 100, 23404, 24576, 331.10, 63
2026/09/21 04:34:47.187, 100, 23404, 24576, 330.98, 64
2026/09/21 04:34:48.188, 100, 23404, 24576, 333.13, 64
2026/09/21 04:34:49.188, 100, 23404, 24576, 333.75, 64
2026/09/21 04:34:50.188, 100, 23404, 24576, 332.85, 64
2026/09/21 04:34:51.189, 100, 23404, 24576, 331.11, 63
2026/09/21 04:34:52.189, 100, 23404, 24576, 333.12, 64
2026/09/21 04:34:53.189, 97, 23404, 24576, 329.15, 64
2026/09/21 04:34:54.190, 100, 23404, 24576, 332.78, 64
2026/09/21 04:34:55.190, 100, 23404, 24576, 333.16, 64
2026/09/21 04:34:56.191, 100, 23404, 24576, 330.34, 64
2026/09/21 04:34:57.191, 100, 23404, 24576, 332.06, 64
2026/09/21 04:34:58.191, 100, 23404, 24576, 326.87, 63
2026/09/21 04:34:59.192, 100, 23404, 24576, 330.85, 64
2026/09/21 04:35:00.192, 99, 23404, 24576, 331.85, 64
2026/09/21 04:35:01.192, 100, 23404, 24576, 334.38, 64
2026/09/21 04:35:02.194, 100, 23404, 24576, 335.25, 64
2026/09/21 04:35:03.194, 100, 23404, 24576, 327.03, 64
2026/09/21 04:35:04.194, 100, 23404, 24576, 330.55, 63
2026/09/21 04:35:05.195, 100, 23404, 24576, 328.50, 64
2026/09/21 04:35:06.195, 100, 23404, 24576, 331.36, 64
2026/09/21 04:35:07.196, 100, 23404, 24576, 329.09, 63
2026/09/21 04:35:08.196, 100, 23404, 24576, 329.42, 64
2026/09/21 04:35:09.196, 100, 23404, 24576, 326.95, 63
2026/09/21 04:35:10.196, 100, 23404, 24576, 327.73, 64
2026/09/21 04:35:11.197, 100, 23404, 24576, 329.27, 63
2026/09/21 04:35:12.197, 95, 23404, 24576, 326.62, 62
2026/09/21 04:35:13.197, 100, 23404, 24576, 309.28, 63
2026/09/21 04:35:14.198, 100, 23404, 24576, 331.33, 64
2026/09/21 04:35:15.198, 100, 23404, 24576, 325.73, 64
2026/09/21 04:35:16.199, 100, 23404, 24576, 327.67, 63
2026/09/21 04:35:17.200, 100, 23404, 24576, 330.14, 64
2026/09/21 04:35:18.200, 100, 23404, 24576, 301.66, 63
2026/09/21 04:35:19.200, 90, 23404, 24576, 322.71, 62
2026/09/21 04:35:20.201, 100, 23404, 24576, 292.91, 63
2026/09/21 04:35:21.201, 65, 23404, 24576, 316.10, 63
2026/09/21 04:35:22.201, 84, 23404, 24576, 340.55, 63
2026/09/21 04:35:23.202, 59, 23404, 24576, 272.11, 63
2026/09/21 04:35:24.202, 32, 23404, 24576, 267.15, 62
2026/09/21 04:35:25.202, 58, 23404, 24576, 268.44, 62
2026/09/21 04:35:26.202, 15, 23404, 24576, 256.89, 60
2026/09/21 04:35:27.203, 58, 23404, 24576, 276.83, 62
2026/09/21 04:35:28.203, 58, 23404, 24576, 290.19, 62
2026/09/21 04:35:29.203, 59, 23404, 24576, 289.20, 62
2026/09/21 04:35:30.203, 58, 23404, 24576, 290.82, 62
2026/09/21 04:35:31.204, 58, 23404, 24576, 290.22, 62
2026/09/21 04:35:32.204, 59, 23404, 24576, 290.29, 62
2026/09/21 04:35:33.204, 100, 23404, 24576, 305.10, 63
2026/09/21 04:35:34.204, 100, 23404, 24576, 338.97, 63
2026/09/21 04:35:35.205, 100, 23404, 24576, 338.85, 63
2026/09/21 04:35:36.205, 100, 23404, 24576, 338.56, 63
2026/09/21 04:35:37.205, 100, 23404, 24576, 336.51, 63
2026/09/21 04:35:38.205, 94, 23404, 24576, 336.70, 63
2026/09/21 04:35:39.207, 100, 23404, 24576, 337.50, 63
2026/09/21 04:35:40.207, 100, 23404, 24576, 337.55, 63
2026/09/21 04:35:41.207, 100, 23404, 24576, 335.80, 63
2026/09/21 04:35:42.208, 100, 23404, 24576, 337.10, 63
2026/09/21 04:35:43.208, 100, 23404, 24576, 336.15, 63
2026/09/21 04:35:44.209, 100, 23404, 24576, 336.61, 63
2026/09/21 04:35:45.209, 100, 23404, 24576, 335.51, 63
2026/09/21 04:35:46.210, 100, 23404, 24576, 336.22, 63
2026/09/21 04:35:47.210, 100, 23404, 24576, 334.47, 63
2026/09/21 04:35:48.210, 100, 23404, 24576, 335.46, 63
2026/09/21 04:35:49.211, 100, 23404, 24576, 336.59, 63
2026/09/21 04:35:50.211, 100, 23404, 24576, 335.65, 63
2026/09/21 04:35:51.211, 100, 23404, 24576, 335.01, 63
2026/09/21 04:35:52.212, 100, 23404, 24576, 323.97, 63
2026/09/21 04:35:53.212, 100, 23404, 24576, 335.56, 63
2026/09/21 04:35:54.212, 100, 23404, 24576, 335.58, 63
2026/09/21 04:35:55.212, 100, 23404, 24576, 336.30, 63
2026/09/21 04:35:56.213, 100, 23404, 24576, 325.04, 64
2026/09/21 04:35:57.213, 100, 23404, 24576, 335.19, 64
2026/09/21 04:35:58.213, 100, 23404, 24576, 335.35, 64
2026/09/21 04:35:59.214, 100, 23404, 24576, 333.23, 64
2026/09/21 04:36:00.214, 100, 23404, 24576, 327.22, 64
2026/09/21 04:36:01.214, 100, 23404, 24576, 332.45, 64
2026/09/21 04:36:02.215, 100, 23404, 24576, 333.26, 64
2026/09/21 04:36:03.215, 100, 23404, 24576, 332.57, 64
2026/09/21 04:36:04.216, 100, 23404, 24576, 327.88, 64
2026/09/21 04:36:05.216, 100, 23404, 24576, 334.31, 63
2026/09/21 04:36:06.216, 98, 23404, 24576, 331.27, 63
2026/09/21 04:36:07.217, 100, 23404, 24576, 331.45, 64
2026/09/21 04:36:08.217, 100, 23404, 24576, 333.67, 63
2026/09/21 04:36:09.217, 100, 23404, 24576, 331.73, 63
2026/09/21 04:36:10.217, 100, 23404, 24576, 332.70, 63
2026/09/21 04:36:11.218, 100, 23404, 24576, 334.06, 64
2026/09/21 04:36:12.218, 100, 23404, 24576, 333.26, 64
2026/09/21 04:36:13.218, 100, 23404, 24576, 330.99, 64
2026/09/21 04:36:14.219, 100, 23404, 24576, 330.52, 64
2026/09/21 04:36:15.219, 100, 23404, 24576, 330.76, 64
2026/09/21 04:36:16.220, 100, 23404, 24576, 332.55, 64
2026/09/21 04:36:17.220, 100, 23404, 24576, 331.74, 64
2026/09/21 04:36:18.220, 100, 23404, 24576, 332.26, 64
2026/09/21 04:36:19.220, 100, 23404, 24576, 336.08, 63
2026/09/21 04:36:20.221, 100, 23404, 24576, 333.37, 64
2026/09/21 04:36:21.221, 100, 23404, 24576, 332.56, 64
2026/09/21 04:36:22.221, 100, 23404, 24576, 330.06, 64
2026/09/21 04:36:23.222, 100, 23404, 24576, 336.36, 63
2026/09/21 04:36:24.222, 100, 23404, 24576, 334.72, 63
2026/09/21 04:36:25.222, 100, 23404, 24576, 328.98, 64
2026/09/21 04:36:26.223, 100, 23404, 24576, 333.87, 63
2026/09/21 04:36:27.223, 100, 23404, 24576, 329.12, 64
2026/09/21 04:36:28.223, 100, 23404, 24576, 327.32, 64
2026/09/21 04:36:29.224, 100, 23404, 24576, 329.72, 64
2026/09/21 04:36:30.224, 100, 23404, 24576, 327.61, 64
2026/09/21 04:36:31.224, 100, 23404, 24576, 332.57, 64
2026/09/21 04:36:32.225, 100, 23404, 24576, 291.84, 63
2026/09/21 04:36:33.225, 100, 23404, 24576, 331.77, 64
2026/09/21 04:36:34.225, 100, 23404, 24576, 331.51, 64
2026/09/21 04:36:35.226, 100, 23404, 24576, 326.81, 64
2026/09/21 04:36:36.226, 100, 23404, 24576, 329.58, 64
2026/09/21 04:36:37.226, 45, 23404, 24576, 308.55, 62
2026/09/21 04:36:38.227, 100, 23404, 24576, 312.54, 63
2026/09/21 04:36:39.227, 100, 23404, 24576, 317.49, 64
2026/09/21 04:36:40.228, 100, 23404, 24576, 330.00, 64
2026/09/21 04:36:41.228, 99, 23404, 24576, 323.89, 64
2026/09/21 04:36:42.228, 59, 23404, 24576, 309.48, 63
2026/09/21 04:36:43.229, 59, 23404, 24576, 286.03, 63
2026/09/21 04:36:44.229, 59, 23404, 24576, 277.31, 62
2026/09/21 04:36:45.229, 11, 23404, 24576, 272.64, 61
2026/09/21 04:36:46.229, 18, 23404, 24576, 240.04, 61
2026/09/21 04:36:47.229, 12, 23404, 24576, 255.93, 60
2026/09/21 04:36:48.230, 59, 23404, 24576, 272.71, 62
2026/09/21 04:36:49.230, 59, 23404, 24576, 283.28, 61
2026/09/21 04:36:50.230, 35, 23404, 24576, 251.41, 61
2026/09/21 04:36:51.230, 59, 23404, 24576, 278.43, 61
2026/09/21 04:36:52.231, 55, 23404, 24576, 281.26, 60
2026/09/21 04:36:53.231, 61, 23404, 24576, 259.91, 60
2026/09/21 04:36:54.232, 100, 23404, 24576, 336.44, 62
2026/09/21 04:36:55.232, 100, 23404, 24576, 335.72, 62
2026/09/21 04:36:56.233, 100, 23404, 24576, 336.54, 62
2026/09/21 04:36:57.233, 100, 23404, 24576, 336.29, 62
2026/09/21 04:36:58.233, 100, 23404, 24576, 336.93, 62
2026/09/21 04:36:59.234, 100, 23404, 24576, 337.14, 63
2026/09/21 04:37:00.234, 100, 23404, 24576, 336.86, 63
2026/09/21 04:37:01.234, 100, 23404, 24576, 335.63, 63
2026/09/21 04:37:02.235, 98, 23404, 24576, 335.93, 63
2026/09/21 04:37:03.235, 100, 23404, 24576, 336.94, 63
2026/09/21 04:37:04.235, 100, 23404, 24576, 335.67, 63
2026/09/21 04:37:05.235, 100, 23404, 24576, 336.65, 63
2026/09/21 04:37:06.236, 100, 23404, 24576, 334.78, 63
2026/09/21 04:37:07.236, 100, 23404, 24576, 336.23, 63
2026/09/21 04:37:08.237, 100, 23404, 24576, 335.28, 63
2026/09/21 04:37:09.237, 100, 23404, 24576, 334.58, 63
2026/09/21 04:37:10.237, 100, 23404, 24576, 334.84, 63
2026/09/21 04:37:11.238, 100, 23404, 24576, 336.35, 63
2026/09/21 04:37:12.238, 100, 23404, 24576, 326.71, 63
2026/09/21 04:37:13.238, 100, 23404, 24576, 336.16, 63
2026/09/21 04:37:14.239, 100, 23404, 24576, 335.62, 64
2026/09/21 04:37:15.239, 100, 23404, 24576, 335.57, 63
2026/09/21 04:37:16.239, 100, 23404, 24576, 325.27, 63
2026/09/21 04:37:17.240, 100, 23404, 24576, 335.73, 63
2026/09/21 04:37:18.240, 100, 23404, 24576, 335.15, 64
2026/09/21 04:37:19.240, 100, 23404, 24576, 333.49, 64
2026/09/21 04:37:20.241, 100, 23404, 24576, 328.83, 64
2026/09/21 04:37:21.241, 100, 23404, 24576, 333.11, 63
2026/09/21 04:37:22.241, 98, 23404, 24576, 332.42, 64
2026/09/21 04:37:23.242, 100, 23404, 24576, 332.93, 63
2026/09/21 04:37:24.242, 100, 23404, 24576, 333.84, 63
2026/09/21 04:37:25.242, 100, 23404, 24576, 333.36, 63
2026/09/21 04:37:26.243, 100, 23404, 24576, 332.30, 64
2026/09/21 04:37:27.243, 100, 23404, 24576, 331.62, 64
2026/09/21 04:37:28.243, 100, 23404, 24576, 333.32, 63
2026/09/21 04:37:29.244, 100, 23404, 24576, 334.05, 63
2026/09/21 04:37:30.244, 100, 23404, 24576, 333.39, 63
2026/09/21 04:37:31.245, 100, 23404, 24576, 329.88, 64
2026/09/21 04:37:32.245, 100, 23404, 24576, 333.35, 64
2026/09/21 04:37:33.245, 98, 23404, 24576, 329.35, 63
2026/09/21 04:37:34.246, 100, 23404, 24576, 332.61, 64
2026/09/21 04:37:35.246, 100, 23404, 24576, 333.58, 64
2026/09/21 04:37:36.246, 100, 23404, 24576, 331.24, 64
2026/09/21 04:37:37.247, 100, 23404, 24576, 332.92, 64
2026/09/21 04:37:38.247, 100, 23404, 24576, 327.52, 64
2026/09/21 04:37:39.247, 100, 23404, 24576, 329.81, 64
2026/09/21 04:37:40.248, 99, 23404, 24576, 333.26, 63
2026/09/21 04:37:41.248, 100, 23404, 24576, 335.58, 63
2026/09/21 04:37:42.249, 100, 23404, 24576, 336.02, 64
2026/09/21 04:37:43.249, 100, 23404, 24576, 329.16, 64
2026/09/21 04:37:44.249, 100, 23404, 24576, 328.90, 63
2026/09/21 04:37:45.249, 100, 23404, 24576, 330.26, 64
2026/09/21 04:37:46.250, 100, 23404, 24576, 328.66, 64
2026/09/21 04:37:47.250, 100, 23404, 24576, 328.83, 64
2026/09/21 04:37:48.250, 100, 23404, 24576, 328.15, 64
2026/09/21 04:37:49.251, 100, 23404, 24576, 327.01, 63
2026/09/21 04:37:50.251, 100, 23404, 24576, 326.63, 64
2026/09/21 04:37:51.252, 100, 23404, 24576, 328.29, 63
2026/09/21 04:37:52.252, 99, 23404, 24576, 326.79, 63
2026/09/21 04:37:53.252, 100, 23404, 24576, 306.33, 63
2026/09/21 04:37:54.253, 100, 23404, 24576, 329.51, 64
2026/09/21 04:37:55.253, 100, 23404, 24576, 328.47, 64
2026/09/21 04:37:56.253, 100, 23404, 24576, 328.85, 63
2026/09/21 04:37:57.254, 100, 23404, 24576, 331.12, 64
2026/09/21 04:37:58.254, 100, 23404, 24576, 303.01, 64
2026/09/21 04:37:59.254, 96, 23404, 24576, 324.05, 62
2026/09/21 04:38:00.255, 100, 23404, 24576, 317.57, 64
2026/09/21 04:38:01.255, 100, 23404, 24576, 323.16, 64
2026/09/21 04:38:02.255, 1, 23404, 24576, 312.08, 60
2026/09/21 04:38:03.256, 59, 23404, 24576, 259.70, 61
2026/09/21 04:38:04.256, 9, 23404, 24576, 270.94, 60
2026/09/21 04:38:05.256, 54, 23404, 24576, 239.41, 61
2026/09/21 04:38:06.256, 59, 23404, 24576, 282.55, 61
2026/09/21 04:38:07.275, 58, 23404, 24576, 250.87, 61
2026/09/21 04:38:08.275, 50, 23404, 24576, 271.76, 60
2026/09/21 04:38:09.276, 58, 23404, 24576, 276.93, 60
2026/09/21 04:38:10.276, 0, 23404, 24576, 272.32, 59
2026/09/21 04:38:11.276, 59, 23404, 24576, 247.45, 60
2026/09/21 04:38:12.276, 59, 23404, 24576, 283.51, 60
2026/09/21 04:38:13.277, 59, 23404, 24576, 283.73, 60
2026/09/21 04:38:14.277, 100, 23404, 24576, 309.37, 62
2026/09/21 04:38:15.277, 100, 23404, 24576, 338.36, 62
2026/09/21 04:38:16.278, 100, 23404, 24576, 338.87, 62
2026/09/21 04:38:17.278, 96, 23404, 24576, 336.76, 62
2026/09/21 04:38:18.278, 100, 23404, 24576, 336.55, 62
2026/09/21 04:38:19.279, 100, 23404, 24576, 336.42, 62
2026/09/21 04:38:20.279, 100, 23404, 24576, 337.45, 62
2026/09/21 04:38:21.279, 100, 23404, 24576, 337.59, 62
2026/09/21 04:38:22.280, 100, 23404, 24576, 336.62, 62
2026/09/21 04:38:23.280, 100, 23404, 24576, 335.48, 62
2026/09/21 04:38:24.280, 100, 23404, 24576, 337.08, 62
2026/09/21 04:38:25.281, 100, 23404, 24576, 336.22, 63
2026/09/21 04:38:26.281, 100, 23404, 24576, 336.43, 63
2026/09/21 04:38:27.281, 100, 23404, 24576, 335.29, 62
2026/09/21 04:38:28.282, 100, 23404, 24576, 336.26, 62
2026/09/21 04:38:29.282, 100, 23404, 24576, 335.33, 63
2026/09/21 04:38:30.282, 100, 23404, 24576, 334.67, 62
2026/09/21 04:38:31.283, 100, 23404, 24576, 335.73, 62
2026/09/21 04:38:32.283, 100, 23404, 24576, 333.92, 62
2026/09/21 04:38:33.283, 100, 23404, 24576, 325.56, 63
2026/09/21 04:38:34.284, 100, 23404, 24576, 334.27, 63
2026/09/21 04:38:35.284, 100, 23404, 24576, 332.90, 63
2026/09/21 04:38:36.284, 100, 23404, 24576, 334.27, 63
2026/09/21 04:38:37.285, 100, 23404, 24576, 328.83, 63
2026/09/21 04:38:38.286, 100, 23404, 24576, 333.51, 63
2026/09/21 04:38:39.287, 100, 23404, 24576, 330.64, 63
2026/09/21 04:38:40.287, 100, 23404, 24576, 334.09, 62
2026/09/21 04:38:41.287, 100, 23404, 24576, 327.89, 62
2026/09/21 04:38:42.288, 100, 23404, 24576, 333.77, 63
2026/09/21 04:38:43.288, 100, 23404, 24576, 331.15, 62
2026/09/21 04:38:44.288, 100, 23404, 24576, 333.98, 63
2026/09/21 04:38:45.289, 100, 23404, 24576, 324.55, 63
2026/09/21 04:38:46.289, 100, 23404, 24576, 330.45, 63
2026/09/21 04:38:47.290, 100, 23404, 24576, 329.83, 63
2026/09/21 04:38:48.290, 100, 23404, 24576, 336.48, 63
2026/09/21 04:38:49.290, 100, 23404, 24576, 330.17, 63
2026/09/21 04:38:50.291, 100, 23404, 24576, 329.86, 63
2026/09/21 04:38:51.291, 100, 23404, 24576, 332.20, 63
2026/09/21 04:38:52.291, 100, 23404, 24576, 330.68, 63
2026/09/21 04:38:53.292, 100, 23404, 24576, 331.69, 63
2026/09/21 04:38:54.292, 100, 23404, 24576, 330.86, 63
2026/09/21 04:38:55.292, 100, 23404, 24576, 332.53, 63
2026/09/21 04:38:56.293, 100, 23404, 24576, 333.59, 63
2026/09/21 04:38:57.293, 100, 23404, 24576, 332.54, 63
2026/09/21 04:38:58.293, 100, 23404, 24576, 334.22, 63
2026/09/21 04:38:59.294, 100, 23404, 24576, 332.37, 63
2026/09/21 04:39:00.295, 100, 23404, 24576, 330.74, 63
2026/09/21 04:39:01.297, 100, 23404, 24576, 331.08, 62
2026/09/21 04:39:02.298, 100, 23404, 24576, 333.61, 62
2026/09/21 04:39:03.298, 100, 23404, 24576, 332.37, 63
2026/09/21 04:39:04.298, 100, 23404, 24576, 330.14, 63
2026/09/21 04:39:05.299, 100, 23404, 24576, 328.47, 63
2026/09/21 04:39:06.299, 100, 23404, 24576, 330.58, 63
2026/09/21 04:39:07.300, 100, 23404, 24576, 330.74, 63
2026/09/21 04:39:08.300, 100, 23404, 24576, 329.44, 63
2026/09/21 04:39:09.300, 100, 23404, 24576, 332.39, 63
2026/09/21 04:39:10.300, 100, 23404, 24576, 327.00, 63
2026/09/21 04:39:11.301, 100, 23404, 24576, 327.32, 63
2026/09/21 04:39:12.301, 100, 23404, 24576, 327.67, 62
2026/09/21 04:39:13.301, 100, 23404, 24576, 283.12, 63
2026/09/21 04:39:14.302, 100, 23404, 24576, 330.74, 62
2026/09/21 04:39:15.302, 100, 23404, 24576, 331.71, 63
2026/09/21 04:39:16.302, 100, 23404, 24576, 327.17, 63
2026/09/21 04:39:17.303, 100, 23404, 24576, 326.92, 62
2026/09/21 04:39:18.303, 28, 23404, 24576, 303.51, 60
2026/09/21 04:39:19.304, 100, 23404, 24576, 312.07, 62
2026/09/21 04:39:20.304, 100, 23404, 24576, 317.43, 62
2026/09/21 04:39:21.305, 100, 23404, 24576, 329.65, 62
2026/09/21 04:39:22.305, 99, 23404, 24576, 327.64, 63
2026/09/21 04:39:23.373, 58, 23404, 24576, 310.65, 61
2026/09/21 04:39:24.374, 56, 23404, 24576, 273.23, 61
2026/09/21 04:39:25.374, 59, 23404, 24576, 284.81, 62
2026/09/21 04:39:26.374, 58, 23404, 24576, 276.26, 61
2026/09/21 04:39:27.374, 54, 23404, 24576, 276.89, 61
2026/09/21 04:39:28.374, 55, 23404, 24576, 261.04, 62
2026/09/21 04:39:29.375, 53, 23404, 24576, 278.02, 60
2026/09/21 04:39:30.375, 57, 23404, 24576, 259.78, 61
2026/09/21 04:39:31.375, 61, 23404, 24576, 271.28, 61
2026/09/21 04:39:32.375, 59, 23404, 24576, 258.14, 60
2026/09/21 04:39:33.376, 50, 23404, 24576, 267.12, 60
2026/09/21 04:39:34.376, 58, 23404, 24576, 263.66, 61
2026/09/21 04:39:35.376, 100, 23404, 24576, 320.26, 62
2026/09/21 04:39:36.376, 100, 23404, 24576, 337.97, 62
2026/09/21 04:39:37.377, 100, 23404, 24576, 336.53, 61
2026/09/21 04:39:38.377, 100, 23404, 24576, 335.69, 62
2026/09/21 04:39:39.377, 100, 23404, 24576, 336.99, 62
2026/09/21 04:39:40.378, 100, 23404, 24576, 336.41, 62
2026/09/21 04:39:41.378, 100, 23404, 24576, 337.13, 62
2026/09/21 04:39:42.379, 100, 23404, 24576, 336.82, 62
2026/09/21 04:39:43.379, 100, 23404, 24576, 336.29, 62
2026/09/21 04:39:44.379, 100, 23404, 24576, 336.53, 62
2026/09/21 04:39:45.380, 100, 23404, 24576, 336.40, 62
2026/09/21 04:39:46.380, 100, 23404, 24576, 335.42, 61
2026/09/21 04:39:47.380, 97, 23404, 24576, 333.54, 61
2026/09/21 04:39:48.380, 100, 23404, 24576, 334.51, 62
2026/09/21 04:39:49.381, 99, 23404, 24576, 334.52, 62
2026/09/21 04:39:50.381, 100, 23404, 24576, 337.27, 62
2026/09/21 04:39:51.381, 100, 23404, 24576, 335.51, 62
2026/09/21 04:39:52.382, 100, 23404, 24576, 336.88, 62
2026/09/21 04:39:53.382, 100, 23404, 24576, 335.77, 62
2026/09/21 04:39:54.382, 100, 23404, 24576, 335.10, 62
2026/09/21 04:39:55.383, 100, 23404, 24576, 334.41, 63
2026/09/21 04:39:56.383, 100, 23404, 24576, 335.35, 62
2026/09/21 04:39:57.383, 100, 23404, 24576, 332.29, 62
2026/09/21 04:39:58.384, 100, 23404, 24576, 333.33, 62
2026/09/21 04:39:59.384, 69, 23404, 24576, 328.17, 62
2026/09/21 04:40:00.385, 100, 23404, 24576, 330.38, 62
2026/09/21 04:40:01.385, 99, 23404, 24576, 331.77, 62
2026/09/21 04:40:02.386, 100, 23404, 24576, 334.55, 62
2026/09/21 04:40:03.387, 100, 23404, 24576, 331.65, 62
2026/09/21 04:40:04.387, 100, 23404, 24576, 334.20, 63
2026/09/21 04:40:05.391, 100, 23665, 24576, 330.51, 63
2026/09/21 04:40:06.392, 100, 23665, 24576, 331.67, 63
2026/09/21 04:40:07.393, 100, 23404, 24576, 333.30, 62
2026/09/21 04:40:08.393, 100, 23404, 24576, 334.25, 62
2026/09/21 04:40:09.394, 100, 23404, 24576, 335.50, 63
2026/09/21 04:40:10.394, 100, 23404, 24576, 331.91, 63
2026/09/21 04:40:11.394, 100, 23404, 24576, 332.14, 62
2026/09/21 04:40:12.395, 100, 23404, 24576, 332.25, 62
2026/09/21 04:40:13.395, 100, 23404, 24576, 331.92, 63
2026/09/21 04:40:14.396, 99, 23404, 24576, 331.69, 63
2026/09/21 04:40:15.396, 100, 23404, 24576, 328.36, 63
2026/09/21 04:40:16.397, 100, 23404, 24576, 331.92, 63
2026/09/21 04:40:17.397, 100, 23404, 24576, 329.42, 63
2026/09/21 04:40:18.397, 100, 23404, 24576, 331.38, 63
2026/09/21 04:40:19.398, 100, 23404, 24576, 330.69, 63
2026/09/21 04:40:20.398, 100, 23404, 24576, 333.98, 62
2026/09/21 04:40:21.398, 97, 23404, 24576, 332.20, 62
2026/09/21 04:40:22.398, 100, 23404, 24576, 331.78, 63
2026/09/21 04:40:23.399, 100, 23404, 24576, 331.62, 63
2026/09/21 04:40:24.399, 100, 23404, 24576, 329.87, 62
2026/09/21 04:40:25.399, 100, 23404, 24576, 333.48, 62
2026/09/21 04:40:26.400, 100, 23404, 24576, 329.15, 63
2026/09/21 04:40:27.400, 100, 23404, 24576, 331.51, 63
2026/09/21 04:40:28.400, 100, 23404, 24576, 333.64, 63
2026/09/21 04:40:29.401, 100, 23404, 24576, 328.92, 63
2026/09/21 04:40:30.401, 100, 23404, 24576, 331.69, 62
2026/09/21 04:40:31.401, 100, 23404, 24576, 330.34, 63
2026/09/21 04:40:32.402, 100, 23404, 24576, 332.59, 62
2026/09/21 04:40:33.402, 100, 23404, 24576, 329.34, 63
2026/09/21 04:40:34.403, 100, 23404, 24576, 279.44, 62
2026/09/21 04:40:35.403, 100, 23404, 24576, 328.02, 63
2026/09/21 04:40:36.404, 100, 23404, 24576, 326.75, 62
2026/09/21 04:40:37.404, 100, 23404, 24576, 331.79, 62
2026/09/21 04:40:38.404, 100, 23404, 24576, 326.81, 63
2026/09/21 04:40:39.404, 100, 23404, 24576, 292.52, 62
2026/09/21 04:40:40.405, 100, 23404, 24576, 329.96, 62
2026/09/21 04:40:41.405, 100, 23404, 24576, 320.90, 62
2026/09/21 04:40:42.405, 91, 23404, 24576, 323.51, 62
2026/09/21 04:40:43.406, 100, 23404, 24576, 333.95, 63
2026/09/21 04:40:44.406, 59, 23404, 24576, 283.67, 62
2026/09/21 04:40:45.406, 58, 23404, 24576, 291.21, 62
2026/09/21 04:40:46.406, 58, 23404, 24576, 279.32, 62
2026/09/21 04:40:47.407, 30, 23404, 24576, 280.42, 60
2026/09/21 04:40:48.407, 59, 23404, 24576, 271.20, 62
2026/09/21 04:40:49.407, 58, 23404, 24576, 291.32, 61
2026/09/21 04:40:50.407, 59, 23404, 24576, 280.05, 61
2026/09/21 04:40:51.408, 59, 23404, 24576, 265.29, 61
2026/09/21 04:40:52.408, 58, 23404, 24576, 290.40, 61
2026/09/21 04:40:53.408, 47, 23404, 24576, 277.89, 61
2026/09/21 04:40:54.409, 63, 23404, 24576, 286.85, 61
2026/09/21 04:40:55.409, 0, 23404, 24576, 170.85, 57
2026/09/21 04:40:56.409, 0, 23404, 24576, 150.38, 56
2026/09/21 04:40:57.410, 0, 23404, 24576, 140.26, 55
2026/09/21 04:40:58.410, 0, 23404, 24576, 131.52, 55
2026/09/21 04:40:59.410, 0, 23404, 24576, 122.83, 54
2026/09/21 04:41:00.410, 0, 23404, 24576, 122.22, 54
2026/09/21 04:41:01.411, 100, 23404, 24576, 230.24, 59
2026/09/21 04:41:02.411, 100, 23404, 24576, 335.60, 59
2026/09/21 04:41:03.412, 100, 23404, 24576, 339.83, 59
2026/09/21 04:41:04.412, 100, 23404, 24576, 325.20, 59
2026/09/21 04:41:05.412, 100, 23404, 24576, 337.88, 59
2026/09/21 04:41:06.412, 100, 23404, 24576, 338.24, 60
2026/09/21 04:41:07.413, 100, 23404, 24576, 337.92, 60
2026/09/21 04:41:08.413, 100, 23404, 24576, 331.86, 60
2026/09/21 04:41:09.413, 100, 23404, 24576, 337.69, 60
2026/09/21 04:41:10.414, 100, 23404, 24576, 336.27, 60
2026/09/21 04:41:11.414, 100, 23404, 24576, 336.17, 61
2026/09/21 04:41:12.414, 100, 23404, 24576, 335.55, 60
2026/09/21 04:41:13.415, 98, 23404, 24576, 334.47, 60
2026/09/21 04:41:14.415, 100, 23404, 24576, 335.11, 61
2026/09/21 04:41:15.416, 100, 23404, 24576, 335.91, 61
2026/09/21 04:41:16.416, 100, 23404, 24576, 335.23, 61
2026/09/21 04:41:17.416, 100, 23404, 24576, 336.29, 61
2026/09/21 04:41:18.417, 100, 23404, 24576, 336.57, 61
2026/09/21 04:41:19.417, 100, 23404, 24576, 333.75, 61
2026/09/21 04:41:20.418, 100, 23404, 24576, 335.15, 61
2026/09/21 04:41:21.418, 100, 23404, 24576, 333.85, 61
2026/09/21 04:41:22.418, 100, 23404, 24576, 335.15, 61
2026/09/21 04:41:23.419, 100, 23404, 24576, 333.61, 61
2026/09/21 04:41:24.419, 100, 23404, 24576, 336.44, 61
2026/09/21 04:41:25.420, 100, 23404, 24576, 335.11, 62
2026/09/21 04:41:26.420, 100, 23404, 24576, 333.46, 62
2026/09/21 04:41:27.420, 99, 23404, 24576, 334.07, 61
2026/09/21 04:41:28.421, 100, 23404, 24576, 334.02, 62
2026/09/21 04:41:29.421, 100, 23404, 24576, 331.63, 61
2026/09/21 04:41:30.422, 100, 23404, 24576, 331.85, 62
2026/09/21 04:41:31.422, 100, 23404, 24576, 331.52, 62
2026/09/21 04:41:32.422, 100, 23404, 24576, 332.12, 62
2026/09/21 04:41:33.423, 100, 23404, 24576, 331.00, 61
2026/09/21 04:41:34.423, 100, 23404, 24576, 329.66, 62
2026/09/21 04:41:35.423, 100, 23404, 24576, 333.21, 62
2026/09/21 04:41:36.424, 100, 23404, 24576, 332.04, 62
2026/09/21 04:41:37.424, 100, 23404, 24576, 331.56, 61
2026/09/21 04:41:38.425, 100, 23404, 24576, 332.38, 62
2026/09/21 04:41:39.425, 100, 23404, 24576, 333.30, 62
2026/09/21 04:41:40.425, 99, 23404, 24576, 329.07, 61
2026/09/21 04:41:41.426, 100, 23404, 24576, 327.77, 62
2026/09/21 04:41:42.426, 100, 23404, 24576, 330.34, 62
2026/09/21 04:41:43.427, 100, 23404, 24576, 327.60, 63
2026/09/21 04:41:44.427, 100, 23404, 24576, 332.67, 63
2026/09/21 04:41:45.428, 100, 23404, 24576, 328.60, 63
2026/09/21 04:41:46.428, 100, 23404, 24576, 328.21, 62
2026/09/21 04:41:47.429, 97, 23404, 24576, 331.79, 63
2026/09/21 04:41:48.429, 100, 23404, 24576, 334.38, 62
2026/09/21 04:41:49.429, 100, 23404, 24576, 335.82, 63
2026/09/21 04:41:50.430, 100, 23404, 24576, 328.36, 62
2026/09/21 04:41:51.430, 100, 23404, 24576, 330.26, 62
2026/09/21 04:41:52.431, 100, 23404, 24576, 328.90, 63
2026/09/21 04:41:53.431, 100, 23404, 24576, 329.22, 63
2026/09/21 04:41:54.432, 100, 23404, 24576, 328.03, 62
2026/09/21 04:41:55.432, 100, 23404, 24576, 326.08, 63
2026/09/21 04:41:56.432, 100, 23404, 24576, 328.59, 62
2026/09/21 04:41:57.433, 100, 23404, 24576, 326.65, 63
2026/09/21 04:41:58.433, 100, 23404, 24576, 328.68, 62
2026/09/21 04:41:59.433, 97, 23404, 24576, 325.85, 62
2026/09/21 04:42:00.434, 100, 23404, 24576, 280.31, 62
2026/09/21 04:42:01.434, 100, 23404, 24576, 330.17, 63
2026/09/21 04:42:02.435, 100, 23404, 24576, 328.52, 63
2026/09/21 04:42:03.435, 100, 23404, 24576, 329.77, 62
2026/09/21 04:42:04.436, 100, 23404, 24576, 331.90, 63
2026/09/21 04:42:05.436, 100, 23404, 24576, 286.56, 63
2026/09/21 04:42:06.436, 100, 23404, 24576, 327.59, 63
2026/09/21 04:42:07.437, 100, 23404, 24576, 306.94, 63
2026/09/21 04:42:08.437, 97, 23404, 24576, 328.37, 62
2026/09/21 04:42:09.472, 100, 23404, 24576, 309.54, 63
2026/09/21 04:42:10.473, 52, 23404, 24576, 290.16, 62
2026/09/21 04:42:11.473, 59, 23404, 24576, 273.41, 61
2026/09/21 04:42:12.473, 59, 23404, 24576, 283.05, 61
2026/09/21 04:42:13.474, 60, 23404, 24576, 281.89, 61
2026/09/21 04:42:14.474, 58, 23404, 24576, 280.88, 60
2026/09/21 04:42:15.474, 59, 23404, 24576, 281.19, 60
2026/09/21 04:42:16.475, 59, 23404, 24576, 280.79, 61
2026/09/21 04:42:17.475, 59, 23404, 24576, 281.02, 60
2026/09/21 04:42:18.475, 60, 23404, 24576, 280.35, 60
2026/09/21 04:42:19.475, 59, 23404, 24576, 279.79, 60
2026/09/21 04:42:20.476, 100, 23404, 24576, 284.49, 61
2026/09/21 04:42:21.476, 100, 23404, 24576, 339.03, 61
2026/09/21 04:42:22.476, 100, 23404, 24576, 337.24, 61
2026/09/21 04:42:23.477, 100, 23404, 24576, 336.61, 61
2026/09/21 04:42:24.477, 100, 23404, 24576, 336.57, 61
2026/09/21 04:42:25.477, 100, 23404, 24576, 336.61, 62
2026/09/21 04:42:26.477, 100, 23404, 24576, 335.67, 62
2026/09/21 04:42:27.478, 100, 23404, 24576, 336.42, 62
2026/09/21 04:42:28.478, 100, 23404, 24576, 335.74, 62
2026/09/21 04:42:29.479, 100, 23404, 24576, 335.50, 62
2026/09/21 04:42:30.479, 100, 23404, 24576, 336.21, 62
2026/09/21 04:42:31.479, 100, 23404, 24576, 336.48, 62
2026/09/21 04:42:32.480, 100, 23404, 24576, 334.75, 62
2026/09/21 04:42:33.480, 100, 23404, 24576, 336.30, 62
2026/09/21 04:42:34.480, 100, 23404, 24576, 336.59, 62
2026/09/21 04:42:35.481, 100, 23404, 24576, 335.50, 62
2026/09/21 04:42:36.481, 100, 23404, 24576, 336.35, 62
2026/09/21 04:42:37.482, 100, 23404, 24576, 335.13, 63
2026/09/21 04:42:38.482, 100, 23404, 24576, 335.42, 62
2026/09/21 04:42:39.482, 100, 23404, 24576, 324.15, 62
2026/09/21 04:42:40.483, 100, 23404, 24576, 335.15, 63
2026/09/21 04:42:41.483, 100, 23404, 24576, 335.07, 62
2026/09/21 04:42:42.483, 100, 23404, 24576, 336.29, 62
2026/09/21 04:42:43.484, 100, 23404, 24576, 324.62, 63
2026/09/21 04:42:44.484, 100, 23404, 24576, 333.72, 62
2026/09/21 04:42:45.484, 100, 23404, 24576, 334.73, 63
2026/09/21 04:42:46.485, 100, 23404, 24576, 333.94, 63
2026/09/21 04:42:47.485, 100, 23404, 24576, 324.14, 63
2026/09/21 04:42:48.485, 100, 23404, 24576, 331.57, 62
2026/09/21 04:42:49.486, 100, 23404, 24576, 333.14, 63
2026/09/21 04:42:50.486, 100, 23404, 24576, 331.82, 63
2026/09/21 04:42:51.486, 100, 23404, 24576, 323.61, 62
2026/09/21 04:42:52.487, 100, 23404, 24576, 337.79, 63
2026/09/21 04:42:53.487, 100, 23404, 24576, 330.88, 63
2026/09/21 04:42:54.487, 100, 23404, 24576, 331.27, 63
2026/09/21 04:42:55.488, 100, 23404, 24576, 331.18, 63
2026/09/21 04:42:56.488, 100, 23404, 24576, 334.49, 63
2026/09/21 04:42:57.488, 100, 23404, 24576, 332.05, 62
2026/09/21 04:42:58.488, 100, 23404, 24576, 330.85, 62
2026/09/21 04:42:59.489, 100, 23404, 24576, 332.17, 63
2026/09/21 04:43:00.489, 100, 23404, 24576, 331.09, 63
2026/09/21 04:43:01.490, 100, 23404, 24576, 331.92, 63
2026/09/21 04:43:02.490, 100, 23404, 24576, 329.25, 62
2026/09/21 04:43:03.490, 100, 23404, 24576, 328.25, 63
2026/09/21 04:43:04.491, 100, 23404, 24576, 331.26, 63
2026/09/21 04:43:05.491, 100, 23404, 24576, 326.07, 63
2026/09/21 04:43:06.491, 100, 23404, 24576, 330.67, 63
2026/09/21 04:43:07.491, 100, 23404, 24576, 330.43, 63
2026/09/21 04:43:08.492, 100, 23404, 24576, 333.42, 63
2026/09/21 04:43:09.492, 98, 23404, 24576, 330.04, 63
2026/09/21 04:43:10.493, 100, 23404, 24576, 327.49, 62
2026/09/21 04:43:11.493, 100, 23404, 24576, 331.80, 62
2026/09/21 04:43:12.493, 100, 23404, 24576, 329.92, 63
2026/09/21 04:43:13.494, 100, 23404, 24576, 326.95, 63
2026/09/21 04:43:14.494, 100, 23404, 24576, 327.99, 63
2026/09/21 04:43:15.495, 100, 23404, 24576, 328.39, 63
2026/09/21 04:43:16.495, 100, 23404, 24576, 328.28, 62
2026/09/21 04:43:17.495, 100, 23404, 24576, 325.96, 63
2026/09/21 04:43:18.496, 100, 23404, 24576, 329.76, 62
2026/09/21 04:43:19.496, 100, 23404, 24576, 303.54, 62
2026/09/21 04:43:20.496, 100, 23404, 24576, 334.90, 63
2026/09/21 04:43:21.497, 100, 23404, 24576, 327.07, 63
2026/09/21 04:43:22.497, 100, 23404, 24576, 320.75, 63
2026/09/21 04:43:23.497, 100, 23404, 24576, 327.60, 63
2026/09/21 04:43:24.498, 42, 23404, 24576, 312.57, 60
2026/09/21 04:43:25.498, 100, 23404, 24576, 309.19, 63
2026/09/21 04:43:26.498, 100, 23404, 24576, 318.15, 63
2026/09/21 04:43:27.498, 100, 23404, 24576, 329.35, 63
2026/09/21 04:43:28.499, 99, 23404, 24576, 328.30, 63
2026/09/21 04:43:29.499, 59, 23404, 24576, 306.16, 61
2026/09/21 04:43:30.499, 57, 23404, 24576, 266.61, 61
2026/09/21 04:43:31.500, 52, 23404, 24576, 254.40, 60
2026/09/21 04:43:32.500, 59, 23404, 24576, 280.91, 61
2026/09/21 04:43:33.500, 59, 23404, 24576, 282.63, 60
2026/09/21 04:43:34.500, 59, 23404, 24576, 260.05, 60
2026/09/21 04:43:35.501, 59, 23404, 24576, 272.16, 60
2026/09/21 04:43:36.501, 59, 23404, 24576, 284.45, 60
2026/09/21 04:43:37.501, 59, 23404, 24576, 273.63, 60
2026/09/21 04:43:38.502, 59, 23404, 24576, 285.45, 60
2026/09/21 04:43:39.502, 59, 23404, 24576, 273.52, 59
2026/09/21 04:43:40.502, 35, 23404, 24576, 263.49, 59
2026/09/21 04:43:41.503, 100, 23404, 24576, 331.43, 61
2026/09/21 04:43:42.503, 100, 23404, 24576, 335.21, 61
2026/09/21 04:43:43.503, 100, 23404, 24576, 335.73, 61
2026/09/21 04:43:44.504, 100, 23404, 24576, 335.65, 61
2026/09/21 04:43:45.504, 100, 23404, 24576, 335.71, 62
2026/09/21 04:43:46.504, 100, 23404, 24576, 336.64, 62
2026/09/21 04:43:47.505, 100, 23404, 24576, 336.38, 62
2026/09/21 04:43:48.505, 100, 23404, 24576, 335.79, 62
2026/09/21 04:43:49.506, 89, 23404, 24576, 333.05, 62
2026/09/21 04:43:50.506, 100, 23404, 24576, 338.09, 62
2026/09/21 04:43:51.506, 100, 23404, 24576, 335.03, 62
2026/09/21 04:43:52.507, 100, 23404, 24576, 335.98, 62
2026/09/21 04:43:53.507, 100, 23404, 24576, 335.48, 62
2026/09/21 04:43:54.507, 100, 23404, 24576, 335.62, 62
2026/09/21 04:43:55.508, 100, 23404, 24576, 335.51, 62
2026/09/21 04:43:56.508, 100, 23404, 24576, 335.42, 62
2026/09/21 04:43:57.508, 100, 23404, 24576, 334.64, 62
2026/09/21 04:43:58.509, 100, 23404, 24576, 336.02, 62
2026/09/21 04:43:59.509, 100, 23404, 24576, 324.43, 62
2026/09/21 04:44:00.509, 100, 23404, 24576, 335.73, 62
2026/09/21 04:44:01.509, 100, 23404, 24576, 335.68, 62
2026/09/21 04:44:02.510, 100, 23404, 24576, 335.11, 62
2026/09/21 04:44:03.510, 100, 23404, 24576, 329.98, 63
2026/09/21 04:44:04.510, 100, 23404, 24576, 331.57, 62
2026/09/21 04:44:05.511, 100, 23404, 24576, 334.74, 63
2026/09/21 04:44:06.512, 100, 23404, 24576, 333.99, 63
2026/09/21 04:44:07.512, 100, 23404, 24576, 327.83, 62
2026/09/21 04:44:08.512, 100, 23404, 24576, 335.14, 63
2026/09/21 04:44:09.513, 98, 23404, 24576, 332.22, 63
2026/09/21 04:44:10.513, 100, 23404, 24576, 333.28, 63
2026/09/21 04:44:11.513, 100, 23404, 24576, 330.95, 62
2026/09/21 04:44:12.514, 100, 23404, 24576, 325.55, 62
2026/09/21 04:44:13.514, 100, 23404, 24576, 332.61, 63
2026/09/21 04:44:14.514, 100, 23404, 24576, 332.05, 63
2026/09/21 04:44:15.515, 100, 23404, 24576, 332.51, 63
2026/09/21 04:44:16.515, 100, 23404, 24576, 329.65, 63
2026/09/21 04:44:17.516, 100, 23404, 24576, 332.42, 63
2026/09/21 04:44:18.516, 100, 23404, 24576, 329.89, 63
2026/09/21 04:44:19.516, 100, 23404, 24576, 333.48, 63
2026/09/21 04:44:20.517, 98, 23404, 24576, 332.93, 63
2026/09/21 04:44:21.517, 100, 23404, 24576, 331.38, 62
2026/09/21 04:44:22.518, 100, 23404, 24576, 332.48, 62
2026/09/21 04:44:23.518, 100, 23404, 24576, 330.82, 62
2026/09/21 04:44:24.518, 100, 23404, 24576, 332.80, 62
2026/09/21 04:44:25.519, 100, 23404, 24576, 332.35, 63
2026/09/21 04:44:26.519, 100, 23404, 24576, 334.86, 63
2026/09/21 04:44:27.520, 100, 23404, 24576, 330.18, 63
2026/09/21 04:44:28.520, 100, 23404, 24576, 329.84, 63
2026/09/21 04:44:29.520, 100, 23404, 24576, 331.84, 63
2026/09/21 04:44:30.521, 100, 23404, 24576, 328.12, 63
2026/09/21 04:44:31.521, 100, 23404, 24576, 327.91, 63
2026/09/21 04:44:32.522, 100, 23404, 24576, 331.23, 62
2026/09/21 04:44:33.522, 100, 23404, 24576, 331.98, 63
2026/09/21 04:44:34.522, 100, 23404, 24576, 330.04, 62
2026/09/21 04:44:35.523, 100, 23404, 24576, 332.98, 62
2026/09/21 04:44:36.523, 100, 23404, 24576, 327.24, 63
2026/09/21 04:44:37.523, 100, 23404, 24576, 329.86, 63
2026/09/21 04:44:38.524, 100, 23404, 24576, 327.76, 63
2026/09/21 04:44:39.524, 34, 23404, 24576, 302.74, 60
2026/09/21 04:44:40.524, 100, 23404, 24576, 320.38, 63
2026/09/21 04:44:41.525, 100, 23404, 24576, 329.60, 62
2026/09/21 04:44:42.525, 100, 23404, 24576, 327.45, 62
2026/09/21 04:44:43.526, 100, 23404, 24576, 326.33, 63
2026/09/21 04:44:44.526, 100, 23404, 24576, 326.24, 62
2026/09/21 04:44:45.526, 100, 23404, 24576, 303.12, 63
2026/09/21 04:44:46.526, 98, 23404, 24576, 314.53, 60
2026/09/21 04:44:47.527, 100, 23404, 24576, 333.60, 63
2026/09/21 04:44:48.527, 100, 23404, 24576, 330.10, 63
2026/09/21 04:44:49.527, 56, 23404, 24576, 315.93, 61
2026/09/21 04:44:50.528, 60, 23404, 24576, 264.40, 62
2026/09/21 04:44:51.528, 60, 23404, 24576, 292.27, 62
2026/09/21 04:44:52.528, 62, 23404, 24576, 279.78, 62
2026/09/21 04:44:53.529, 58, 23404, 24576, 293.29, 62
2026/09/21 04:44:54.529, 59, 23404, 24576, 279.15, 61
2026/09/21 04:44:55.573, 15, 23404, 24576, 269.54, 62
2026/09/21 04:44:56.573, 59, 23404, 24576, 280.30, 62
2026/09/21 04:44:57.573, 59, 23404, 24576, 292.15, 61
2026/09/21 04:44:58.574, 58, 23404, 24576, 291.38, 62
2026/09/21 04:44:59.574, 57, 23404, 24576, 292.11, 62
2026/09/21 04:45:00.574, 100, 23404, 24576, 312.05, 62
2026/09/21 04:45:01.575, 100, 23404, 24576, 338.62, 62
2026/09/21 04:45:02.575, 100, 23404, 24576, 337.60, 62
2026/09/21 04:45:03.576, 100, 23404, 24576, 337.41, 62
2026/09/21 04:45:04.576, 100, 23404, 24576, 336.08, 62
2026/09/21 04:45:05.580, 100, 23665, 24576, 336.90, 62
2026/09/21 04:45:06.582, 100, 23665, 24576, 337.84, 62
2026/09/21 04:45:07.582, 100, 23404, 24576, 337.97, 62
2026/09/21 04:45:08.583, 100, 23404, 24576, 336.41, 62
2026/09/21 04:45:09.583, 100, 23404, 24576, 335.87, 62
2026/09/21 04:45:10.583, 100, 23404, 24576, 337.11, 62
2026/09/21 04:45:11.584, 100, 23404, 24576, 335.46, 63
2026/09/21 04:45:12.584, 100, 23404, 24576, 335.67, 62
2026/09/21 04:45:13.584, 100, 23404, 24576, 334.76, 63
2026/09/21 04:45:14.584, 100, 23404, 24576, 336.96, 63
2026/09/21 04:45:15.585, 100, 23404, 24576, 334.78, 62
2026/09/21 04:45:16.585, 100, 23404, 24576, 333.42, 63
2026/09/21 04:45:17.586, 100, 23404, 24576, 334.19, 62
2026/09/21 04:45:18.586, 99, 23404, 24576, 334.32, 63
2026/09/21 04:45:19.586, 100, 23404, 24576, 319.83, 63
2026/09/21 04:45:20.586, 100, 23404, 24576, 334.14, 63
2026/09/21 04:45:21.587, 100, 23404, 24576, 331.97, 63
2026/09/21 04:45:22.587, 100, 23404, 24576, 333.72, 63
2026/09/21 04:45:23.587, 100, 23404, 24576, 331.44, 63
2026/09/21 04:45:24.588, 100, 23404, 24576, 331.98, 63
2026/09/21 04:45:25.588, 100, 23404, 24576, 331.52, 63
2026/09/21 04:45:26.589, 100, 23404, 24576, 334.86, 63
2026/09/21 04:45:27.589, 100, 23404, 24576, 326.26, 62
2026/09/21 04:45:28.589, 100, 23404, 24576, 334.75, 63
2026/09/21 04:45:29.589, 100, 23404, 24576, 334.07, 63
2026/09/21 04:45:30.590, 100, 23404, 24576, 334.23, 63
2026/09/21 04:45:31.590, 100, 23404, 24576, 316.57, 63
2026/09/21 04:45:32.590, 100, 23404, 24576, 333.87, 62
2026/09/21 04:45:33.591, 97, 23404, 24576, 331.34, 62
2026/09/21 04:45:34.591, 100, 23404, 24576, 332.61, 63
2026/09/21 04:45:35.591, 100, 23404, 24576, 333.48, 62
2026/09/21 04:45:36.591, 100, 23404, 24576, 331.39, 62
2026/09/21 04:45:37.592, 100, 23404, 24576, 331.83, 63
2026/09/21 04:45:38.592, 100, 23404, 24576, 331.30, 63
2026/09/21 04:45:39.592, 100, 23404, 24576, 333.11, 63
2026/09/21 04:45:40.593, 100, 23404, 24576, 328.68, 63
2026/09/21 04:45:41.593, 100, 23404, 24576, 331.83, 63
2026/09/21 04:45:42.593, 100, 23404, 24576, 330.20, 63
2026/09/21 04:45:43.594, 100, 23404, 24576, 332.33, 63
2026/09/21 04:45:44.594, 100, 23404, 24576, 331.00, 63
2026/09/21 04:45:45.594, 100, 23404, 24576, 330.27, 63
2026/09/21 04:45:46.595, 100, 23404, 24576, 336.48, 63
2026/09/21 04:45:47.595, 100, 23404, 24576, 333.34, 64
2026/09/21 04:45:48.596, 100, 23404, 24576, 331.04, 64
2026/09/21 04:45:49.596, 99, 23404, 24576, 330.56, 63
2026/09/21 04:45:50.597, 100, 23404, 24576, 334.78, 64
2026/09/21 04:45:51.597, 100, 23404, 24576, 334.30, 64
2026/09/21 04:45:52.597, 100, 23404, 24576, 329.39, 63
2026/09/21 04:45:53.597, 100, 23404, 24576, 332.98, 63
2026/09/21 04:45:54.598, 100, 23404, 24576, 330.27, 63
2026/09/21 04:45:55.598, 100, 23404, 24576, 330.29, 63
2026/09/21 04:45:56.599, 100, 23404, 24576, 331.75, 64
2026/09/21 04:45:57.599, 100, 23404, 24576, 328.34, 64
2026/09/21 04:45:58.599, 100, 23404, 24576, 332.75, 64
2026/09/21 04:45:59.600, 100, 23404, 24576, 301.96, 63
2026/09/21 04:46:00.600, 100, 23404, 24576, 328.07, 63
2026/09/21 04:46:01.600, 100, 23404, 24576, 329.95, 64
2026/09/21 04:46:02.601, 100, 23404, 24576, 330.34, 63
2026/09/21 04:46:03.601, 100, 23404, 24576, 330.15, 64
2026/09/21 04:46:04.602, 38, 23404, 24576, 301.99, 62
2026/09/21 04:46:05.602, 100, 23404, 24576, 321.56, 64
2026/09/21 04:46:06.602, 100, 23404, 24576, 315.96, 63
2026/09/21 04:46:07.603, 100, 23404, 24576, 329.31, 64
2026/09/21 04:46:08.603, 100, 23404, 24576, 330.90, 64
2026/09/21 04:46:09.603, 58, 23404, 24576, 310.80, 63
2026/09/21 04:46:10.604, 63, 23404, 24576, 291.94, 63
2026/09/21 04:46:11.604, 59, 23404, 24576, 293.38, 63
2026/09/21 04:46:12.605, 50, 23404, 24576, 289.98, 62
2026/09/21 04:46:13.605, 58, 23404, 24576, 281.85, 63
2026/09/21 04:46:14.605, 60, 23404, 24576, 290.61, 62
2026/09/21 04:46:15.605, 34, 23404, 24576, 280.84, 62
2026/09/21 04:46:16.606, 60, 23404, 24576, 285.29, 62
2026/09/21 04:46:17.606, 59, 23404, 24576, 289.14, 62
2026/09/21 04:46:18.606, 59, 23404, 24576, 288.78, 62
2026/09/21 04:46:19.606, 98, 23404, 24576, 292.82, 62
2026/09/21 04:46:20.606, 100, 23404, 24576, 343.34, 62
2026/09/21 04:46:21.607, 100, 23404, 24576, 336.66, 62
2026/09/21 04:46:22.607, 100, 23404, 24576, 336.10, 62
2026/09/21 04:46:23.608, 100, 23404, 24576, 336.43, 63
2026/09/21 04:46:24.608, 100, 23404, 24576, 335.84, 63
2026/09/21 04:46:25.608, 100, 23404, 24576, 336.56, 63
2026/09/21 04:46:26.609, 92, 23404, 24576, 335.72, 63
2026/09/21 04:46:27.609, 100, 23404, 24576, 335.48, 63
2026/09/21 04:46:28.609, 100, 23404, 24576, 334.51, 63
2026/09/21 04:46:29.610, 100, 23404, 24576, 336.75, 63
2026/09/21 04:46:30.610, 100, 23404, 24576, 336.33, 63
2026/09/21 04:46:31.610, 100, 23404, 24576, 336.53, 63
2026/09/21 04:46:32.611, 100, 23404, 24576, 335.65, 63
2026/09/21 04:46:33.611, 100, 23404, 24576, 336.38, 63
2026/09/21 04:46:34.612, 100, 23404, 24576, 336.28, 63
2026/09/21 04:46:35.612, 100, 23404, 24576, 334.55, 63
2026/09/21 04:46:36.612, 100, 23404, 24576, 334.55, 63
2026/09/21 04:46:37.612, 100, 23404, 24576, 335.69, 63
2026/09/21 04:46:38.613, 100, 23404, 24576, 328.56, 63
2026/09/21 04:46:39.613, 100, 23404, 24576, 335.39, 63
2026/09/21 04:46:40.614, 100, 23404, 24576, 335.49, 63
2026/09/21 04:46:41.614, 100, 23404, 24576, 335.83, 63
2026/09/21 04:46:42.614, 100, 23404, 24576, 328.33, 63
2026/09/21 04:46:43.615, 100, 23404, 24576, 334.30, 63
2026/09/21 04:46:44.615, 100, 23404, 24576, 335.33, 64
2026/09/21 04:46:45.615, 100, 23404, 24576, 333.50, 63
2026/09/21 04:46:46.615, 100, 23404, 24576, 324.65, 64
2026/09/21 04:46:47.616, 100, 23404, 24576, 331.39, 63
2026/09/21 04:46:48.616, 100, 23404, 24576, 333.85, 64
2026/09/21 04:46:49.616, 100, 23404, 24576, 331.75, 63
2026/09/21 04:46:50.617, 70, 23404, 24576, 326.37, 61
2026/09/21 04:46:51.617, 100, 23404, 24576, 325.96, 63
2026/09/21 04:46:52.617, 100, 23404, 24576, 331.99, 63
2026/09/21 04:46:53.618, 100, 23404, 24576, 331.75, 63
2026/09/21 04:46:54.618, 100, 23404, 24576, 333.59, 64
2026/09/21 04:46:55.619, 100, 23404, 24576, 332.34, 64
2026/09/21 04:46:56.619, 100, 23404, 24576, 331.55, 64
2026/09/21 04:46:57.619, 100, 23404, 24576, 334.96, 63
2026/09/21 04:46:58.620, 100, 23404, 24576, 332.38, 63
2026/09/21 04:46:59.620, 100, 23404, 24576, 329.75, 63
2026/09/21 04:47:00.620, 100, 23404, 24576, 333.06, 64
2026/09/21 04:47:01.621, 100, 23404, 24576, 332.39, 64
2026/09/21 04:47:02.621, 100, 23404, 24576, 328.32, 63
2026/09/21 04:47:03.622, 100, 23404, 24576, 332.40, 64
2026/09/21 04:47:04.622, 100, 23404, 24576, 331.69, 63
2026/09/21 04:47:05.622, 100, 23404, 24576, 335.56, 63
2026/09/21 04:47:06.623, 100, 23404, 24576, 332.29, 64
2026/09/21 04:47:07.623, 100, 23404, 24576, 332.64, 64
2026/09/21 04:47:08.623, 100, 23404, 24576, 332.10, 64
2026/09/21 04:47:09.624, 100, 23404, 24576, 327.78, 63
2026/09/21 04:47:10.624, 100, 23404, 24576, 334.60, 64
2026/09/21 04:47:11.624, 100, 23404, 24576, 328.87, 63
2026/09/21 04:47:12.625, 100, 23404, 24576, 332.58, 63
2026/09/21 04:47:13.626, 96, 23404, 24576, 329.36, 63
2026/09/21 04:47:14.627, 100, 23404, 24576, 327.66, 63
2026/09/21 04:47:15.627, 100, 23404, 24576, 330.62, 64
2026/09/21 04:47:16.627, 100, 23404, 24576, 330.16, 63
2026/09/21 04:47:17.628, 100, 23404, 24576, 333.33, 64
2026/09/21 04:47:18.628, 47, 23404, 24576, 311.64, 61
2026/09/21 04:47:19.629, 100, 23404, 24576, 309.10, 64
2026/09/21 04:47:20.629, 100, 23404, 24576, 329.02, 63
2026/09/21 04:47:21.629, 100, 23404, 24576, 331.00, 63
2026/09/21 04:47:22.629, 100, 23404, 24576, 330.42, 64
2026/09/21 04:47:23.630, 100, 23404, 24576, 327.04, 63
2026/09/21 04:47:24.630, 100, 23404, 24576, 306.82, 64
2026/09/21 04:47:25.631, 16, 23404, 24576, 307.01, 60
2026/09/21 04:47:26.631, 100, 23404, 24576, 290.49, 64
2026/09/21 04:47:27.632, 25, 23404, 24576, 292.87, 60
2026/09/21 04:47:28.632, 100, 23404, 24576, 315.65, 63
2026/09/21 04:47:29.633, 59, 23404, 24576, 287.28, 62
2026/09/21 04:47:30.633, 59, 23404, 24576, 284.38, 61
2026/09/21 04:47:31.633, 58, 23404, 24576, 284.60, 62
2026/09/21 04:47:32.634, 59, 23404, 24576, 284.46, 62
2026/09/21 04:47:33.634, 59, 23404, 24576, 283.39, 61
2026/09/21 04:47:34.673, 59, 23404, 24576, 283.03, 62
2026/09/21 04:47:35.673, 59, 23404, 24576, 282.94, 61
2026/09/21 04:47:36.673, 60, 23404, 24576, 282.91, 61
2026/09/21 04:47:37.674, 60, 23404, 24576, 282.73, 62
2026/09/21 04:47:38.674, 58, 23404, 24576, 282.07, 61
2026/09/21 04:47:39.675, 100, 23404, 24576, 318.32, 62
2026/09/21 04:47:40.675, 100, 23404, 24576, 337.55, 63
2026/09/21 04:47:41.675, 100, 23404, 24576, 338.25, 63
2026/09/21 04:47:42.676, 100, 23404, 24576, 337.32, 63
2026/09/21 04:47:43.676, 100, 23404, 24576, 338.28, 63
2026/09/21 04:47:44.677, 100, 23404, 24576, 337.31, 63
2026/09/21 04:47:45.677, 100, 23404, 24576, 337.63, 63
2026/09/21 04:47:46.677, 100, 23404, 24576, 336.12, 63
2026/09/21 04:47:47.678, 100, 23404, 24576, 337.48, 63
2026/09/21 04:47:48.678, 100, 23404, 24576, 336.15, 63
2026/09/21 04:47:49.678, 100, 23404, 24576, 336.49, 63
2026/09/21 04:47:50.679, 100, 23404, 24576, 336.51, 63
2026/09/21 04:47:51.679, 100, 23404, 24576, 334.06, 63
2026/09/21 04:47:52.680, 100, 23404, 24576, 334.65, 63
2026/09/21 04:47:53.680, 94, 23404, 24576, 333.63, 63
2026/09/21 04:47:54.680, 100, 23404, 24576, 335.62, 63
2026/09/21 04:47:55.681, 95, 23404, 24576, 335.86, 63
2026/09/21 04:47:56.681, 100, 23404, 24576, 335.92, 63
2026/09/21 04:47:57.681, 45, 23404, 24576, 322.30, 63
2026/09/21 04:47:58.682, 100, 23404, 24576, 330.20, 63
2026/09/21 04:47:59.682, 91, 23404, 24576, 332.54, 63
2026/09/21 04:48:00.683, 100, 23404, 24576, 334.07, 63
2026/09/21 04:48:01.683, 79, 23404, 24576, 329.18, 62
2026/09/21 04:48:02.683, 100, 23404, 24576, 324.70, 63
2026/09/21 04:48:03.684, 100, 23404, 24576, 333.48, 63
2026/09/21 04:48:04.684, 100, 23404, 24576, 331.40, 63
2026/09/21 04:48:05.685, 100, 23404, 24576, 334.10, 63
2026/09/21 04:48:06.685, 100, 23404, 24576, 327.17, 63
2026/09/21 04:48:07.685, 100, 23404, 24576, 334.88, 63
2026/09/21 04:48:08.686, 100, 23404, 24576, 333.87, 63
2026/09/21 04:48:09.686, 100, 23404, 24576, 334.20, 63
2026/09/21 04:48:10.687, 100, 23404, 24576, 324.55, 64
2026/09/21 04:48:11.687, 100, 23404, 24576, 332.92, 63
2026/09/21 04:48:12.687, 100, 23404, 24576, 333.20, 63
2026/09/21 04:48:13.688, 100, 23404, 24576, 334.12, 64
2026/09/21 04:48:14.688, 93, 23404, 24576, 330.88, 64
2026/09/21 04:48:15.688, 100, 23404, 24576, 331.01, 63
2026/09/21 04:48:16.689, 100, 23404, 24576, 334.61, 64
2026/09/21 04:48:17.689, 100, 23404, 24576, 330.81, 63
2026/09/21 04:48:18.690, 100, 23404, 24576, 332.35, 64
2026/09/21 04:48:19.690, 100, 23404, 24576, 330.42, 64
2026/09/21 04:48:20.690, 100, 23404, 24576, 332.22, 64
2026/09/21 04:48:21.690, 100, 23404, 24576, 330.23, 64
2026/09/21 04:48:22.691, 100, 23404, 24576, 332.88, 64
2026/09/21 04:48:23.691, 93, 23404, 24576, 330.50, 63
2026/09/21 04:48:24.691, 100, 23404, 24576, 329.15, 63
2026/09/21 04:48:25.692, 100, 23404, 24576, 330.05, 63
2026/09/21 04:48:26.692, 100, 23404, 24576, 331.27, 64
2026/09/21 04:48:27.693, 100, 23404, 24576, 331.26, 64
2026/09/21 04:48:28.693, 100, 23404, 24576, 326.87, 63
2026/09/21 04:48:29.694, 100, 23404, 24576, 332.50, 63
2026/09/21 04:48:30.694, 100, 23404, 24576, 333.97, 64
2026/09/21 04:48:31.695, 100, 23404, 24576, 329.61, 63
2026/09/21 04:48:32.695, 100, 23404, 24576, 331.30, 63
2026/09/21 04:48:33.695, 100, 23404, 24576, 328.18, 64
2026/09/21 04:48:34.696, 100, 23404, 24576, 331.15, 63
2026/09/21 04:48:35.696, 99, 23404, 24576, 330.05, 63
2026/09/21 04:48:36.696, 100, 23404, 24576, 328.93, 63
2026/09/21 04:48:37.697, 100, 23404, 24576, 330.52, 64
2026/09/21 04:48:38.697, 59, 23404, 24576, 257.00, 63
2026/09/21 04:48:39.697, 100, 23404, 24576, 325.72, 64
2026/09/21 04:48:40.698, 100, 23404, 24576, 329.43, 64
2026/09/21 04:48:41.698, 100, 23404, 24576, 331.76, 64
2026/09/21 04:48:42.699, 100, 23404, 24576, 331.79, 64
2026/09/21 04:48:43.699, 86, 23404, 24576, 320.09, 62
2026/09/21 04:48:44.700, 100, 23404, 24576, 275.21, 63
2026/09/21 04:48:45.700, 80, 23404, 24576, 322.69, 61
2026/09/21 04:48:46.700, 100, 23404, 24576, 319.89, 63
2026/09/21 04:48:47.701, 100, 23404, 24576, 322.72, 64
2026/09/21 04:48:48.701, 58, 23404, 24576, 329.58, 62
2026/09/21 04:48:49.702, 59, 23404, 24576, 280.49, 61
2026/09/21 04:48:50.702, 60, 23404, 24576, 273.91, 61
2026/09/21 04:48:51.702, 59, 23404, 24576, 270.32, 61
2026/09/21 04:48:52.703, 58, 23404, 24576, 282.56, 61
2026/09/21 04:48:53.703, 59, 23404, 24576, 281.02, 61
2026/09/21 04:48:54.703, 59, 23404, 24576, 283.12, 61
2026/09/21 04:48:55.704, 59, 23404, 24576, 282.99, 60
2026/09/21 04:48:56.704, 59, 23404, 24576, 283.77, 61
2026/09/21 04:48:57.705, 59, 23404, 24576, 283.15, 61
2026/09/21 04:48:58.705, 59, 23404, 24576, 284.44, 60
2026/09/21 04:48:59.705, 100, 23404, 24576, 330.59, 62
2026/09/21 04:49:00.706, 92, 23404, 24576, 336.35, 63
2026/09/21 04:49:01.706, 100, 23404, 24576, 337.46, 62
2026/09/21 04:49:02.707, 100, 23404, 24576, 336.71, 62
2026/09/21 04:49:03.707, 100, 23404, 24576, 336.13, 62
2026/09/21 04:49:04.707, 100, 23404, 24576, 337.17, 62
2026/09/21 04:49:05.708, 100, 23404, 24576, 336.68, 63
2026/09/21 04:49:06.708, 100, 23404, 24576, 335.55, 63
2026/09/21 04:49:07.708, 100, 23404, 24576, 335.67, 63
2026/09/21 04:49:08.709, 100, 23404, 24576, 336.42, 63
2026/09/21 04:49:09.709, 100, 23404, 24576, 333.95, 62
2026/09/21 04:49:10.709, 100, 23404, 24576, 338.85, 62
2026/09/21 04:49:11.710, 100, 23404, 24576, 335.40, 63
2026/09/21 04:49:12.710, 100, 23404, 24576, 337.09, 63
2026/09/21 04:49:13.711, 100, 23404, 24576, 336.26, 63
2026/09/21 04:49:14.711, 100, 23404, 24576, 335.25, 63
2026/09/21 04:49:15.711, 100, 23404, 24576, 336.04, 63
2026/09/21 04:49:16.712, 100, 23404, 24576, 336.85, 63
2026/09/21 04:49:17.712, 100, 23404, 24576, 326.42, 63
2026/09/21 04:49:18.713, 100, 23404, 24576, 336.68, 63
2026/09/21 04:49:19.713, 100, 23404, 24576, 335.83, 63
2026/09/21 04:49:20.714, 100, 23404, 24576, 336.35, 63
2026/09/21 04:49:21.714, 100, 23404, 24576, 319.56, 62
2026/09/21 04:49:22.714, 100, 23404, 24576, 334.90, 63
2026/09/21 04:49:23.714, 100, 23404, 24576, 331.25, 64
2026/09/21 04:49:24.715, 100, 23404, 24576, 337.20, 63
2026/09/21 04:49:25.715, 51, 23404, 24576, 324.88, 63
2026/09/21 04:49:26.715, 100, 23404, 24576, 324.46, 63
2026/09/21 04:49:27.716, 100, 23404, 24576, 331.77, 63
2026/09/21 04:49:28.716, 100, 23404, 24576, 334.23, 63
2026/09/21 04:49:29.717, 100, 23404, 24576, 331.81, 64
2026/09/21 04:49:30.717, 100, 23404, 24576, 325.66, 64
2026/09/21 04:49:31.717, 100, 23404, 24576, 333.24, 63
2026/09/21 04:49:32.718, 100, 23404, 24576, 331.75, 63
2026/09/21 04:49:33.718, 100, 23404, 24576, 333.24, 64
2026/09/21 04:49:34.719, 100, 23404, 24576, 328.38, 64
2026/09/21 04:49:35.719, 100, 23404, 24576, 332.90, 63
2026/09/21 04:49:36.719, 91, 23404, 24576, 330.67, 63
2026/09/21 04:49:37.720, 100, 23404, 24576, 334.95, 63
2026/09/21 04:49:38.720, 100, 23404, 24576, 332.69, 64
2026/09/21 04:49:39.720, 100, 23404, 24576, 332.82, 64
2026/09/21 04:49:40.721, 100, 23404, 24576, 333.07, 64
2026/09/21 04:49:41.721, 100, 23404, 24576, 332.48, 64
2026/09/21 04:49:42.721, 100, 23404, 24576, 335.17, 64
2026/09/21 04:49:43.722, 100, 23404, 24576, 333.40, 63
2026/09/21 04:49:44.722, 100, 23404, 24576, 333.10, 63
2026/09/21 04:49:45.722, 100, 23404, 24576, 330.65, 63
2026/09/21 04:49:46.723, 100, 23404, 24576, 328.41, 64
2026/09/21 04:49:47.723, 100, 23404, 24576, 329.37, 64
2026/09/21 04:49:48.723, 100, 23404, 24576, 330.52, 63
2026/09/21 04:49:49.724, 100, 23404, 24576, 332.46, 64
2026/09/21 04:49:50.724, 97, 23404, 24576, 327.42, 63
2026/09/21 04:49:51.725, 100, 23404, 24576, 331.28, 63
2026/09/21 04:49:52.725, 100, 23404, 24576, 331.48, 64
2026/09/21 04:49:53.726, 100, 23404, 24576, 328.72, 63
2026/09/21 04:49:54.727, 100, 23404, 24576, 332.86, 63
2026/09/21 04:49:55.727, 100, 23404, 24576, 326.78, 63
2026/09/21 04:49:56.727, 100, 23404, 24576, 330.77, 64
2026/09/21 04:49:57.728, 100, 23404, 24576, 328.55, 64
2026/09/21 04:49:58.728, 100, 23404, 24576, 298.31, 63
2026/09/21 04:49:59.729, 100, 23404, 24576, 331.96, 64
2026/09/21 04:50:00.729, 93, 23404, 24576, 322.84, 63
2026/09/21 04:50:01.730, 100, 23404, 24576, 331.35, 64
2026/09/21 04:50:02.730, 100, 23404, 24576, 331.28, 64
2026/09/21 04:50:03.730, 100, 23404, 24576, 296.34, 64
2026/09/21 04:50:04.731, 100, 23404, 24576, 329.39, 64
2026/09/21 04:50:05.745, 100, 23665, 24576, 328.30, 63
2026/09/21 04:50:06.761, 100, 23665, 24576, 318.68, 64
2026/09/21 04:50:07.774, 59, 23404, 24576, 330.10, 62
2026/09/21 04:50:08.775, 60, 23404, 24576, 265.54, 63
2026/09/21 04:50:09.775, 58, 23404, 24576, 289.89, 62
2026/09/21 04:50:10.775, 58, 23404, 24576, 290.25, 62
2026/09/21 04:50:11.776, 47, 23404, 24576, 282.14, 62
2026/09/21 04:50:12.776, 59, 23404, 24576, 284.61, 62
2026/09/21 04:50:13.776, 58, 23404, 24576, 289.94, 62
2026/09/21 04:50:14.776, 58, 23404, 24576, 290.32, 63
2026/09/21 04:50:15.777, 57, 23404, 24576, 291.25, 61
2026/09/21 04:50:16.777, 58, 23404, 24576, 291.14, 62
2026/09/21 04:50:17.777, 52, 23404, 24576, 289.95, 62
2026/09/21 04:50:18.778, 100, 23404, 24576, 326.92, 63
2026/09/21 04:50:19.778, 91, 23404, 24576, 334.58, 63
2026/09/21 04:50:20.778, 100, 23404, 24576, 336.89, 63
2026/09/21 04:50:21.779, 100, 23404, 24576, 337.65, 63
2026/09/21 04:50:22.779, 100, 23404, 24576, 337.21, 63
2026/09/21 04:50:23.779, 100, 23404, 24576, 336.89, 63
2026/09/21 04:50:24.780, 100, 23404, 24576, 337.08, 63
2026/09/21 04:50:25.780, 100, 23404, 24576, 336.65, 63
2026/09/21 04:50:26.780, 100, 23404, 24576, 335.85, 63
2026/09/21 04:50:27.781, 100, 23404, 24576, 337.93, 63
2026/09/21 04:50:28.781, 94, 23404, 24576, 333.12, 63
2026/09/21 04:50:29.781, 100, 23404, 24576, 335.03, 63
2026/09/21 04:50:30.781, 99, 23404, 24576, 334.01, 63
2026/09/21 04:50:31.782, 100, 23404, 24576, 338.00, 63
2026/09/21 04:50:32.782, 100, 23404, 24576, 336.10, 64
2026/09/21 04:50:33.782, 100, 23404, 24576, 334.88, 63
2026/09/21 04:50:34.783, 100, 23404, 24576, 335.57, 63
2026/09/21 04:50:35.783, 100, 23404, 24576, 336.33, 64
2026/09/21 04:50:36.783, 78, 23404, 24576, 303.88, 63
2026/09/21 04:50:37.784, 100, 23404, 24576, 336.67, 63
2026/09/21 04:50:38.784, 91, 23404, 24576, 334.74, 64
2026/09/21 04:50:39.784, 100, 23404, 24576, 334.16, 63
2026/09/21 04:50:40.785, 53, 23404, 24576, 324.97, 61
2026/09/21 04:50:41.785, 100, 23404, 24576, 326.49, 63
2026/09/21 04:50:42.785, 100, 23404, 24576, 334.61, 64
2026/09/21 04:50:43.786, 100, 23404, 24576, 334.02, 63
2026/09/21 04:50:44.786, 100, 23404, 24576, 332.72, 64
2026/09/21 04:50:45.787, 100, 23404, 24576, 324.05, 64
2026/09/21 04:50:46.787, 100, 23404, 24576, 334.73, 63
2026/09/21 04:50:47.787, 100, 23404, 24576, 333.84, 64
2026/09/21 04:50:48.787, 100, 23404, 24576, 334.71, 64
2026/09/21 04:50:49.788, 100, 23404, 24576, 325.21, 64
2026/09/21 04:50:50.788, 100, 23404, 24576, 330.67, 64
2026/09/21 04:50:51.788, 100, 23404, 24576, 331.13, 64
2026/09/21 04:50:52.789, 100, 23404, 24576, 334.25, 64
2026/09/21 04:50:53.789, 91, 23404, 24576, 330.84, 64
2026/09/21 04:50:54.789, 100, 23404, 24576, 332.17, 63
2026/09/21 04:50:55.790, 100, 23404, 24576, 333.47, 64
2026/09/21 04:50:56.790, 100, 23404, 24576, 329.36, 64
2026/09/21 04:50:57.791, 100, 23404, 24576, 332.57, 64
2026/09/21 04:50:58.791, 100, 23404, 24576, 327.89, 64
2026/09/21 04:50:59.791, 100, 23404, 24576, 332.55, 64
2026/09/21 04:51:00.792, 100, 23404, 24576, 326.07, 64
2026/09/21 04:51:01.792, 100, 23404, 24576, 330.81, 64
2026/09/21 04:51:02.792, 98, 23404, 24576, 329.85, 63
2026/09/21 04:51:03.793, 100, 23404, 24576, 323.93, 63
2026/09/21 04:51:04.793, 100, 23404, 24576, 332.86, 63
2026/09/21 04:51:05.794, 100, 23404, 24576, 328.34, 64
2026/09/21 04:51:06.795, 100, 23404, 24576, 331.50, 64
2026/09/21 04:51:07.795, 100, 23404, 24576, 328.11, 63
2026/09/21 04:51:08.796, 100, 23404, 24576, 332.81, 63
2026/09/21 04:51:09.796, 100, 23404, 24576, 334.78, 64
2026/09/21 04:51:10.796, 100, 23404, 24576, 328.53, 63
2026/09/21 04:51:11.797, 100, 23404, 24576, 332.31, 63
2026/09/21 04:51:12.797, 100, 23404, 24576, 327.71, 64
2026/09/21 04:51:13.798, 100, 23404, 24576, 326.11, 63
2026/09/21 04:51:14.798, 99, 23404, 24576, 328.39, 64
2026/09/21 04:51:15.798, 100, 23404, 24576, 331.57, 63
2026/09/21 04:51:16.798, 100, 23404, 24576, 334.54, 64
2026/09/21 04:51:17.799, 100, 23404, 24576, 303.75, 64
2026/09/21 04:51:18.799, 100, 23404, 24576, 328.58, 64
2026/09/21 04:51:19.800, 100, 23404, 24576, 330.26, 64
2026/09/21 04:51:20.800, 100, 23404, 24576, 332.00, 64
2026/09/21 04:51:21.800, 100, 23404, 24576, 331.75, 64
2026/09/21 04:51:22.802, 100, 23404, 24576, 303.64, 63
2026/09/21 04:51:23.803, 100, 23404, 24576, 329.69, 63
2026/09/21 04:51:24.803, 100, 23404, 24576, 318.40, 63
2026/09/21 04:51:25.803, 100, 23404, 24576, 328.30, 63
2026/09/21 04:51:26.804, 100, 23404, 24576, 330.56, 64
2026/09/21 04:51:27.804, 58, 23404, 24576, 299.07, 63
2026/09/21 04:51:28.804, 59, 23404, 24576, 254.90, 63
2026/09/21 04:51:29.804, 59, 23404, 24576, 293.78, 63
2026/09/21 04:51:30.805, 57, 23404, 24576, 292.93, 63
2026/09/21 04:51:31.805, 59, 23404, 24576, 292.49, 63
2026/09/21 04:51:32.806, 60, 23404, 24576, 291.87, 62
2026/09/21 04:51:33.806, 58, 23404, 24576, 291.57, 63
2026/09/21 04:51:34.873, 58, 23404, 24576, 291.71, 62
2026/09/21 04:51:35.873, 55, 23404, 24576, 289.48, 62
2026/09/21 04:51:36.874, 58, 23404, 24576, 290.04, 62
2026/09/21 04:51:37.874, 100, 23404, 24576, 295.40, 62
2026/09/21 04:51:38.874, 100, 23404, 24576, 344.26, 62
2026/09/21 04:51:39.875, 100, 23404, 24576, 337.44, 62
2026/09/21 04:51:40.875, 100, 23404, 24576, 337.15, 62
2026/09/21 04:51:41.875, 100, 23404, 24576, 336.20, 62
2026/09/21 04:51:42.876, 100, 23404, 24576, 336.42, 63
2026/09/21 04:51:43.876, 100, 23404, 24576, 336.74, 63
2026/09/21 04:51:44.876, 95, 23404, 24576, 336.19, 63
2026/09/21 04:51:45.877, 100, 23404, 24576, 335.49, 63
2026/09/21 04:51:46.877, 100, 23404, 24576, 335.15, 63
2026/09/21 04:51:47.878, 100, 23404, 24576, 336.67, 62
2026/09/21 04:51:48.878, 100, 23404, 24576, 336.47, 63
2026/09/21 04:51:49.878, 100, 23404, 24576, 335.75, 63
2026/09/21 04:51:50.879, 100, 23404, 24576, 336.37, 63
2026/09/21 04:51:51.879, 100, 23404, 24576, 336.43, 63
2026/09/21 04:51:52.879, 100, 23404, 24576, 336.28, 63
2026/09/21 04:51:53.880, 100, 23404, 24576, 336.54, 63
2026/09/21 04:51:54.880, 100, 23404, 24576, 335.44, 63
2026/09/21 04:51:55.881, 100, 23404, 24576, 336.29, 63
2026/09/21 04:51:56.881, 100, 23404, 24576, 322.62, 63
2026/09/21 04:51:57.881, 100, 23404, 24576, 336.44, 63
2026/09/21 04:51:58.882, 100, 23404, 24576, 336.03, 63
2026/09/21 04:51:59.882, 100, 23404, 24576, 335.71, 63
2026/09/21 04:52:00.882, 100, 23404, 24576, 324.48, 63
2026/09/21 04:52:01.883, 100, 23404, 24576, 336.24, 63
2026/09/21 04:52:02.883, 100, 23404, 24576, 333.06, 63
2026/09/21 04:52:03.883, 100, 23404, 24576, 332.78, 63
2026/09/21 04:52:04.884, 100, 23404, 24576, 325.48, 63
2026/09/21 04:52:05.884, 100, 23404, 24576, 334.16, 63
2026/09/21 04:52:06.885, 100, 23404, 24576, 332.74, 63
2026/09/21 04:52:07.886, 100, 23404, 24576, 335.99, 63
2026/09/21 04:52:08.886, 94, 23404, 24576, 331.99, 62
2026/09/21 04:52:09.886, 100, 23404, 24576, 327.17, 63
2026/09/21 04:52:10.887, 100, 23404, 24576, 332.23, 62
2026/09/21 04:52:11.887, 100, 23404, 24576, 334.40, 62
2026/09/21 04:52:12.888, 100, 23404, 24576, 333.66, 63
2026/09/21 04:52:13.888, 100, 23404, 24576, 331.60, 63
2026/09/21 04:52:14.888, 100, 23404, 24576, 333.28, 63
2026/09/21 04:52:15.889, 100, 23404, 24576, 334.28, 63
2026/09/21 04:52:16.889, 100, 23404, 24576, 331.95, 63
2026/09/21 04:52:17.890, 93, 23404, 24576, 332.12, 63
2026/09/21 04:52:18.891, 100, 23404, 24576, 333.43, 62
2026/09/21 04:52:19.891, 100, 23404, 24576, 333.08, 63
2026/09/21 04:52:20.891, 100, 23404, 24576, 330.58, 63
2026/09/21 04:52:21.892, 100, 23404, 24576, 333.79, 62
2026/09/21 04:52:22.892, 100, 23404, 24576, 332.24, 63
2026/09/21 04:52:23.893, 100, 23404, 24576, 332.17, 63
2026/09/21 04:52:24.893, 100, 23404, 24576, 328.87, 63
2026/09/21 04:52:25.893, 100, 23404, 24576, 330.45, 63
2026/09/21 04:52:26.894, 100, 23404, 24576, 331.18, 64
2026/09/21 04:52:27.894, 100, 23404, 24576, 331.97, 64
2026/09/21 04:52:28.894, 100, 23404, 24576, 331.17, 63
2026/09/21 04:52:29.895, 100, 23404, 24576, 328.94, 63
2026/09/21 04:52:30.895, 100, 23404, 24576, 335.23, 63
2026/09/21 04:52:31.895, 97, 23404, 24576, 328.11, 62
2026/09/21 04:52:32.896, 100, 23404, 24576, 329.50, 63
2026/09/21 04:52:33.896, 100, 23404, 24576, 332.90, 64
2026/09/21 04:52:34.896, 100, 23404, 24576, 327.11, 63
2026/09/21 04:52:35.897, 100, 23404, 24576, 331.87, 63
2026/09/21 04:52:36.897, 71, 23404, 24576, 315.80, 61
2026/09/21 04:52:37.897, 100, 23404, 24576, 301.39, 62
2026/09/21 04:52:38.898, 100, 23404, 24576, 329.22, 63
2026/09/21 04:52:39.898, 100, 23404, 24576, 326.43, 63
2026/09/21 04:52:40.899, 100, 23404, 24576, 326.62, 63
2026/09/21 04:52:41.899, 100, 23404, 24576, 329.68, 63
2026/09/21 04:52:42.899, 100, 23404, 24576, 307.81, 63
2026/09/21 04:52:43.900, 58, 23404, 24576, 319.24, 61
2026/09/21 04:52:44.900, 100, 23404, 24576, 317.51, 63
2026/09/21 04:52:45.900, 100, 23404, 24576, 324.03, 63
2026/09/21 04:52:46.901, 30, 23404, 24576, 321.73, 62
2026/09/21 04:52:47.901, 59, 23404, 24576, 262.75, 62
2026/09/21 04:52:48.902, 59, 23404, 24576, 288.25, 62
2026/09/21 04:52:49.902, 59, 23404, 24576, 277.15, 61
2026/09/21 04:52:50.902, 60, 23404, 24576, 285.92, 61
2026/09/21 04:52:51.902, 60, 23404, 24576, 286.24, 61
2026/09/21 04:52:52.903, 59, 23404, 24576, 285.55, 61
2026/09/21 04:52:53.903, 59, 23404, 24576, 284.55, 60
2026/09/21 04:52:54.903, 60, 23404, 24576, 283.75, 61
2026/09/21 04:52:55.904, 59, 23404, 24576, 282.27, 60
2026/09/21 04:52:56.904, 58, 23404, 24576, 282.16, 60
2026/09/21 04:52:57.904, 100, 23404, 24576, 310.35, 62
2026/09/21 04:52:58.905, 100, 23404, 24576, 338.02, 62
2026/09/21 04:52:59.905, 100, 23404, 24576, 338.22, 62
2026/09/21 04:53:00.906, 100, 23404, 24576, 337.08, 62
2026/09/21 04:53:01.906, 100, 23404, 24576, 337.80, 62
2026/09/21 04:53:02.906, 100, 23404, 24576, 336.88, 62
2026/09/21 04:53:03.907, 100, 23404, 24576, 337.08, 62
2026/09/21 04:53:04.907, 100, 23404, 24576, 336.54, 62
2026/09/21 04:53:05.908, 100, 23404, 24576, 336.54, 62
2026/09/21 04:53:06.908, 100, 23404, 24576, 337.26, 62
2026/09/21 04:53:07.908, 100, 23404, 24576, 336.07, 62
2026/09/21 04:53:08.909, 100, 23404, 24576, 336.90, 62
2026/09/21 04:53:09.909, 100, 23404, 24576, 335.05, 62
2026/09/21 04:53:10.909, 100, 23404, 24576, 335.16, 62
2026/09/21 04:53:11.910, 91, 23404, 24576, 334.35, 63
2026/09/21 04:53:12.910, 100, 23404, 24576, 335.08, 62
2026/09/21 04:53:13.910, 96, 23404, 24576, 335.80, 62
2026/09/21 04:53:14.911, 100, 23404, 24576, 336.02, 62
2026/09/21 04:53:15.911, 100, 23404, 24576, 333.77, 63
2026/09/21 04:53:16.911, 100, 23404, 24576, 336.35, 63
2026/09/21 04:53:17.912, 100, 23404, 24576, 332.15, 62
2026/09/21 04:53:18.912, 100, 23404, 24576, 337.36, 63
2026/09/21 04:53:19.912, 97, 23404, 24576, 334.76, 62
2026/09/21 04:53:20.913, 100, 23404, 24576, 338.37, 63
2026/09/21 04:53:21.913, 97, 23404, 24576, 332.51, 62
2026/09/21 04:53:22.913, 100, 23404, 24576, 332.24, 63
2026/09/21 04:53:23.914, 100, 23404, 24576, 333.26, 63
2026/09/21 04:53:24.914, 100, 23404, 24576, 332.23, 63
2026/09/21 04:53:25.914, 100, 23404, 24576, 334.36, 63
2026/09/21 04:53:26.915, 100, 23404, 24576, 334.26, 63
2026/09/21 04:53:27.915, 100, 23404, 24576, 333.02, 62
2026/09/21 04:53:28.915, 100, 23404, 24576, 332.50, 63
2026/09/21 04:53:29.916, 100, 23404, 24576, 333.63, 62
2026/09/21 04:53:30.916, 100, 23404, 24576, 332.80, 62
2026/09/21 04:53:31.916, 100, 23404, 24576, 332.00, 63
2026/09/21 04:53:32.917, 100, 23404, 24576, 331.56, 63
2026/09/21 04:53:33.917, 100, 23404, 24576, 332.78, 63
2026/09/21 04:53:34.917, 100, 23404, 24576, 329.62, 63
2026/09/21 04:53:35.918, 100, 23404, 24576, 333.12, 62
2026/09/21 04:53:36.918, 100, 23404, 24576, 332.37, 63
2026/09/21 04:53:37.919, 100, 23404, 24576, 332.01, 63
2026/09/21 04:53:38.919, 100, 23404, 24576, 332.41, 63
2026/09/21 04:53:39.919, 100, 23404, 24576, 332.69, 62
2026/09/21 04:53:40.920, 100, 23404, 24576, 334.67, 63
2026/09/21 04:53:41.920, 100, 23404, 24576, 329.92, 62
2026/09/21 04:53:42.920, 100, 23404, 24576, 335.66, 62
2026/09/21 04:53:43.921, 98, 23404, 24576, 327.57, 62
2026/09/21 04:53:44.921, 100, 23404, 24576, 329.74, 63
2026/09/21 04:53:45.921, 100, 23404, 24576, 330.97, 63
2026/09/21 04:53:46.922, 100, 23404, 24576, 331.17, 63
2026/09/21 04:53:47.922, 100, 23404, 24576, 333.84, 62
2026/09/21 04:53:48.922, 100, 23404, 24576, 328.49, 63
2026/09/21 04:53:49.923, 100, 23404, 24576, 333.25, 63
2026/09/21 04:53:50.923, 100, 23404, 24576, 335.82, 62
2026/09/21 04:53:51.924, 100, 23404, 24576, 330.21, 63
2026/09/21 04:53:52.924, 100, 23404, 24576, 332.30, 62
2026/09/21 04:53:53.925, 100, 23404, 24576, 329.89, 63
2026/09/21 04:53:54.925, 100, 23404, 24576, 332.73, 62
2026/09/21 04:53:55.925, 100, 23404, 24576, 327.47, 63
2026/09/21 04:53:56.926, 100, 23404, 24576, 304.62, 63
2026/09/21 04:53:57.926, 100, 23404, 24576, 328.58, 63
2026/09/21 04:53:58.927, 100, 23404, 24576, 326.73, 63
2026/09/21 04:53:59.927, 100, 23404, 24576, 331.48, 62
2026/09/21 04:54:00.927, 100, 23404, 24576, 326.90, 63
2026/09/21 04:54:01.928, 100, 23404, 24576, 299.17, 62
2026/09/21 04:54:02.928, 100, 23404, 24576, 329.60, 63
2026/09/21 04:54:03.929, 100, 23404, 24576, 321.06, 62
2026/09/21 04:54:04.929, 100, 23404, 24576, 319.70, 62
2026/09/21 04:54:05.929, 31, 23404, 24576, 329.27, 60
2026/09/21 04:54:06.929, 58, 23404, 24576, 271.04, 60
2026/09/21 04:54:07.930, 59, 23404, 24576, 268.18, 60
2026/09/21 04:54:08.930, 57, 23404, 24576, 257.93, 59
2026/09/21 04:54:09.930, 60, 23404, 24576, 282.20, 60
2026/09/21 04:54:10.931, 61, 23404, 24576, 276.17, 60
2026/09/21 04:54:11.931, 60, 23404, 24576, 280.39, 60
2026/09/21 04:54:12.932, 60, 23404, 24576, 279.18, 60
2026/09/21 04:54:13.932, 60, 23404, 24576, 270.70, 60
2026/09/21 04:54:14.932, 57, 23404, 24576, 261.51, 60
2026/09/21 04:54:15.933, 59, 23404, 24576, 280.01, 59
2026/09/21 04:54:16.933, 1, 23404, 24576, 268.86, 60
2026/09/21 04:54:17.933, 0, 23404, 24576, 159.02, 57
2026/09/21 04:54:18.934, 0, 23404, 24576, 142.16, 55
2026/09/21 04:54:19.934, 0, 23404, 24576, 132.71, 55
2026/09/21 04:54:20.936, 0, 23404, 24576, 123.15, 54
2026/09/21 04:54:21.937, 0, 23404, 24576, 122.57, 54
2026/09/21 04:54:22.937, 0, 23404, 24576, 122.16, 53
2026/09/21 04:54:23.938, 100, 23404, 24576, 314.35, 59
2026/09/21 04:54:24.938, 100, 23404, 24576, 334.33, 59
2026/09/21 04:54:25.938, 100, 23404, 24576, 337.09, 59
2026/09/21 04:54:26.939, 100, 23404, 24576, 327.12, 60
2026/09/21 04:54:27.939, 100, 23404, 24576, 337.46, 60
2026/09/21 04:54:28.939, 100, 23404, 24576, 337.70, 60
2026/09/21 04:54:29.940, 100, 23404, 24576, 337.86, 60
2026/09/21 04:54:30.940, 100, 23404, 24576, 337.22, 60
2026/09/21 04:54:31.941, 100, 23404, 24576, 336.47, 60
2026/09/21 04:54:32.941, 100, 23404, 24576, 337.33, 60
2026/09/21 04:54:33.941, 100, 23404, 24576, 333.62, 60
2026/09/21 04:54:34.942, 100, 23404, 24576, 340.20, 60
2026/09/21 04:54:35.942, 100, 23404, 24576, 336.32, 60
2026/09/21 04:54:36.942, 100, 23404, 24576, 337.23, 61
2026/09/21 04:54:37.943, 100, 23404, 24576, 336.36, 61
2026/09/21 04:54:38.943, 100, 23404, 24576, 334.87, 61
2026/09/21 04:54:39.944, 100, 23404, 24576, 336.02, 61
2026/09/21 04:54:40.944, 100, 23404, 24576, 336.57, 61
2026/09/21 04:54:41.944, 100, 23404, 24576, 333.45, 61
2026/09/21 04:54:42.945, 100, 23404, 24576, 335.54, 61
2026/09/21 04:54:43.945, 100, 23404, 24576, 334.96, 61
2026/09/21 04:54:44.945, 100, 23404, 24576, 334.81, 62
2026/09/21 04:54:45.946, 100, 23404, 24576, 334.51, 61
2026/09/21 04:54:46.946, 100, 23404, 24576, 335.60, 62
2026/09/21 04:54:47.947, 100, 23404, 24576, 331.86, 62
2026/09/21 04:54:48.947, 100, 23404, 24576, 332.50, 62
2026/09/21 04:54:49.948, 100, 23404, 24576, 333.55, 62
2026/09/21 04:54:50.948, 100, 23404, 24576, 332.96, 62
2026/09/21 04:54:51.948, 98, 23404, 24576, 332.46, 62
2026/09/21 04:54:52.949, 100, 23404, 24576, 333.62, 62
2026/09/21 04:54:53.949, 100, 23404, 24576, 332.29, 61
2026/09/21 04:54:54.949, 100, 23404, 24576, 331.68, 62
2026/09/21 04:54:55.950, 100, 23404, 24576, 331.98, 62
2026/09/21 04:54:56.950, 100, 23404, 24576, 333.14, 62
2026/09/21 04:54:57.951, 100, 23404, 24576, 334.02, 62
2026/09/21 04:54:58.951, 100, 23404, 24576, 330.35, 62
2026/09/21 04:54:59.951, 100, 23404, 24576, 332.15, 62
2026/09/21 04:55:00.952, 100, 23404, 24576, 332.44, 62
2026/09/21 04:55:01.952, 100, 23404, 24576, 331.33, 61
2026/09/21 04:55:02.953, 97, 23404, 24576, 331.99, 62
2026/09/21 04:55:03.953, 100, 23404, 24576, 333.23, 62
2026/09/21 04:55:04.953, 100, 23404, 24576, 332.47, 62
2026/09/21 04:55:05.954, 100, 23404, 24576, 328.26, 62
2026/09/21 04:55:06.954, 100, 23404, 24576, 330.90, 63
2026/09/21 04:55:07.954, 100, 23404, 24576, 329.05, 62
2026/09/21 04:55:08.955, 100, 23404, 24576, 336.62, 63
2026/09/21 04:55:09.955, 100, 23404, 24576, 332.84, 63
2026/09/21 04:55:10.955, 100, 23404, 24576, 332.83, 63
2026/09/21 04:55:11.956, 100, 23404, 24576, 331.55, 63
2026/09/21 04:55:12.956, 100, 23404, 24576, 330.72, 62
2026/09/21 04:55:13.957, 100, 23404, 24576, 334.31, 63
2026/09/21 04:55:14.957, 100, 23404, 24576, 328.29, 62
2026/09/21 04:55:15.957, 100, 23404, 24576, 331.23, 62
2026/09/21 04:55:16.958, 96, 23404, 24576, 327.39, 63
2026/09/21 04:55:17.958, 100, 23404, 24576, 329.07, 62
2026/09/21 04:55:18.958, 100, 23404, 24576, 330.95, 62
2026/09/21 04:55:19.959, 100, 23404, 24576, 329.61, 62
2026/09/21 04:55:20.959, 100, 23404, 24576, 331.94, 63
2026/09/21 04:55:21.959, 40, 23404, 24576, 311.36, 60
2026/09/21 04:55:22.960, 100, 23404, 24576, 296.40, 62
2026/09/21 04:55:23.960, 100, 23404, 24576, 331.04, 63
2026/09/21 04:55:24.961, 100, 23404, 24576, 324.83, 63
2026/09/21 04:55:25.961, 100, 23404, 24576, 326.35, 62
2026/09/21 04:55:26.962, 100, 23404, 24576, 328.08, 63
2026/09/21 04:55:27.962, 100, 23404, 24576, 288.64, 62
2026/09/21 04:55:28.962, 100, 23404, 24576, 331.58, 62
2026/09/21 04:55:29.963, 100, 23404, 24576, 315.49, 62
2026/09/21 04:55:30.963, 100, 23404, 24576, 316.87, 63
2026/09/21 04:55:31.964, 53, 23404, 24576, 339.60, 61
2026/09/21 04:55:32.964, 56, 23404, 24576, 261.40, 61
2026/09/21 04:55:33.972, 59, 23404, 24576, 285.09, 62
2026/09/21 04:55:34.973, 63, 23404, 24576, 288.97, 61
2026/09/21 04:55:35.973, 59, 23404, 24576, 290.86, 62
2026/09/21 04:55:36.974, 4, 23404, 24576, 265.82, 59
2026/09/21 04:55:37.974, 59, 23404, 24576, 263.58, 61
2026/09/21 04:55:38.974, 52, 23404, 24576, 262.46, 61
2026/09/21 04:55:39.975, 48, 23404, 24576, 284.12, 61
2026/09/21 04:55:40.975, 58, 23404, 24576, 281.18, 60
2026/09/21 04:55:41.975, 1, 23404, 24576, 265.74, 58
2026/09/21 04:55:42.975, 58, 23404, 24576, 276.55, 61
2026/09/21 04:55:43.976, 100, 23404, 24576, 329.65, 61
2026/09/21 04:55:44.976, 100, 23404, 24576, 336.42, 62
2026/09/21 04:55:45.977, 100, 23404, 24576, 339.23, 62
2026/09/21 04:55:46.977, 100, 23404, 24576, 336.29, 62
2026/09/21 04:55:47.977, 100, 23404, 24576, 336.30, 62
2026/09/21 04:55:48.978, 100, 23404, 24576, 336.43, 62
2026/09/21 04:55:49.978, 100, 23404, 24576, 336.57, 62
2026/09/21 04:55:50.979, 100, 23404, 24576, 336.08, 62
2026/09/21 04:55:51.979, 100, 23404, 24576, 337.12, 62
2026/09/21 04:55:52.979, 100, 23404, 24576, 335.60, 62
2026/09/21 04:55:53.980, 94, 23404, 24576, 334.01, 62
2026/09/21 04:55:54.980, 100, 23404, 24576, 335.99, 62
2026/09/21 04:55:55.981, 100, 23404, 24576, 335.39, 62
2026/09/21 04:55:56.981, 100, 23404, 24576, 335.63, 62
2026/09/21 04:55:57.981, 100, 23404, 24576, 335.71, 63
2026/09/21 04:55:58.982, 100, 23404, 24576, 336.56, 63
2026/09/21 04:55:59.982, 100, 23404, 24576, 336.14, 62
2026/09/21 04:56:00.983, 100, 23404, 24576, 335.16, 62
2026/09/21 04:56:01.983, 100, 23404, 24576, 325.70, 63
2026/09/21 04:56:02.983, 100, 23404, 24576, 336.22, 63
2026/09/21 04:56:03.984, 100, 23404, 24576, 334.24, 63
2026/09/21 04:56:04.984, 100, 23404, 24576, 334.55, 63
2026/09/21 04:56:05.984, 100, 23404, 24576, 327.61, 62
2026/09/21 04:56:06.985, 100, 23404, 24576, 337.26, 62
2026/09/21 04:56:07.985, 100, 23404, 24576, 333.66, 63
2026/09/21 04:56:08.986, 100, 23404, 24576, 334.28, 63
2026/09/21 04:56:09.986, 49, 23404, 24576, 324.06, 62
2026/09/21 04:56:10.986, 100, 23404, 24576, 325.60, 62
2026/09/21 04:56:11.987, 100, 23404, 24576, 333.89, 62
2026/09/21 04:56:12.987, 100, 23404, 24576, 331.65, 62
2026/09/21 04:56:13.988, 100, 23404, 24576, 334.00, 63
2026/09/21 04:56:14.988, 100, 23404, 24576, 327.09, 63
2026/09/21 04:56:15.989, 100, 23404, 24576, 330.33, 63
2026/09/21 04:56:16.989, 100, 23404, 24576, 329.48, 63
2026/09/21 04:56:17.989, 100, 23404, 24576, 333.28, 63
2026/09/21 04:56:18.990, 100, 23404, 24576, 331.08, 63
2026/09/21 04:56:19.990, 100, 23404, 24576, 332.21, 62
2026/09/21 04:56:20.990, 91, 23404, 24576, 331.01, 62
2026/09/21 04:56:21.991, 100, 23404, 24576, 332.93, 63
2026/09/21 04:56:22.992, 100, 23404, 24576, 331.95, 63
2026/09/21 04:56:23.992, 100, 23404, 24576, 328.80, 63
2026/09/21 04:56:24.992, 100, 23404, 24576, 332.31, 63
2026/09/21 04:56:25.993, 100, 23404, 24576, 327.16, 62
2026/09/21 04:56:26.993, 100, 23404, 24576, 330.00, 63
2026/09/21 04:56:27.993, 100, 23404, 24576, 330.35, 62
2026/09/21 04:56:28.994, 100, 23404, 24576, 333.66, 62
2026/09/21 04:56:29.994, 100, 23404, 24576, 335.17, 63
2026/09/21 04:56:30.994, 100, 23404, 24576, 332.02, 63
2026/09/21 04:56:31.995, 100, 23404, 24576, 331.13, 63
2026/09/21 04:56:32.995, 100, 23404, 24576, 331.19, 63
2026/09/21 04:56:33.995, 100, 23404, 24576, 334.22, 63
2026/09/21 04:56:34.996, 100, 23404, 24576, 328.28, 62
2026/09/21 04:56:35.996, 100, 23404, 24576, 335.05, 63
2026/09/21 04:56:36.996, 100, 23404, 24576, 334.08, 62
2026/09/21 04:56:37.997, 100, 23404, 24576, 329.86, 62
2026/09/21 04:56:38.997, 100, 23404, 24576, 332.11, 63
2026/09/21 04:56:39.997, 100, 23404, 24576, 329.06, 62
2026/09/21 04:56:40.998, 100, 23404, 24576, 331.86, 63
2026/09/21 04:56:41.998, 100, 23404, 24576, 327.73, 63
2026/09/21 04:56:42.998, 100, 23404, 24576, 300.01, 63
2026/09/21 04:56:43.999, 100, 23404, 24576, 331.08, 63
2026/09/21 04:56:44.999, 97, 23404, 24576, 329.12, 63
2026/09/21 04:56:45.999, 100, 23404, 24576, 330.06, 63
2026/09/21 04:56:47.000, 100, 23404, 24576, 328.38, 62
2026/09/21 04:56:48.000, 100, 23404, 24576, 308.36, 63
2026/09/21 04:56:49.000, 100, 23404, 24576, 330.26, 63
2026/09/21 04:56:50.000, 100, 23404, 24576, 318.10, 63
2026/09/21 04:56:51.001, 46, 23404, 24576, 314.09, 61
2026/09/21 04:56:52.001, 97, 23404, 24576, 334.31, 62
2026/09/21 04:56:53.002, 58, 23404, 24576, 278.58, 62
2026/09/21 04:56:54.002, 58, 23404, 24576, 292.52, 62
2026/09/21 04:56:55.002, 40, 23404, 24576, 275.23, 60
2026/09/21 04:56:56.002, 57, 23404, 24576, 255.48, 62
2026/09/21 04:56:57.003, 59, 23404, 24576, 279.39, 62
2026/09/21 04:56:58.003, 38, 23404, 24576, 286.76, 61
2026/09/21 04:56:59.004, 41, 23404, 24576, 287.79, 62
2026/09/21 04:57:00.004, 58, 23404, 24576, 283.72, 62
2026/09/21 04:57:01.004, 58, 23404, 24576, 289.48, 61
2026/09/21 04:57:02.005, 58, 23404, 24576, 278.94, 61
2026/09/21 04:57:03.005, 61, 23404, 24576, 289.97, 61
2026/09/21 04:57:04.005, 100, 23404, 24576, 333.54, 61
2026/09/21 04:57:05.006, 100, 23404, 24576, 335.07, 62
2026/09/21 04:57:06.006, 100, 23404, 24576, 335.21, 62
2026/09/21 04:57:07.007, 100, 23404, 24576, 336.01, 62
2026/09/21 04:57:08.007, 100, 23404, 24576, 335.78, 62
2026/09/21 04:57:09.007, 100, 23404, 24576, 335.88, 62
2026/09/21 04:57:10.007, 100, 23404, 24576, 336.18, 62
2026/09/21 04:57:11.008, 100, 23404, 24576, 336.31, 62
2026/09/21 04:57:12.008, 91, 23404, 24576, 333.39, 62
2026/09/21 04:57:13.008, 100, 23404, 24576, 334.81, 62
2026/09/21 04:57:14.009, 100, 23404, 24576, 336.45, 62
2026/09/21 04:57:15.009, 100, 23404, 24576, 335.20, 62
2026/09/21 04:57:16.009, 100, 23404, 24576, 335.72, 62
2026/09/21 04:57:17.010, 100, 23404, 24576, 334.19, 62
2026/09/21 04:57:18.010, 100, 23404, 24576, 335.60, 63
2026/09/21 04:57:19.010, 100, 23404, 24576, 336.12, 63
2026/09/21 04:57:20.011, 100, 23404, 24576, 336.02, 63
2026/09/21 04:57:21.011, 100, 23404, 24576, 335.67, 62
2026/09/21 04:57:22.011, 100, 23404, 24576, 321.98, 62
2026/09/21 04:57:23.011, 100, 23404, 24576, 335.70, 62
2026/09/21 04:57:24.012, 100, 23404, 24576, 333.92, 62
2026/09/21 04:57:25.012, 100, 23404, 24576, 335.25, 62
2026/09/21 04:57:26.012, 100, 23404, 24576, 325.71, 63
2026/09/21 04:57:27.013, 100, 23404, 24576, 334.24, 62
2026/09/21 04:57:28.013, 100, 23404, 24576, 334.50, 63
2026/09/21 04:57:29.013, 100, 23404, 24576, 336.05, 63
2026/09/21 04:57:30.014, 92, 23404, 24576, 327.08, 62
2026/09/21 04:57:31.014, 100, 23404, 24576, 336.83, 63
2026/09/21 04:57:32.014, 99, 23404, 24576, 329.94, 62
2026/09/21 04:57:33.015, 100, 23404, 24576, 332.19, 63
2026/09/21 04:57:34.015, 100, 23404, 24576, 331.43, 63
2026/09/21 04:57:35.017, 100, 23404, 24576, 323.04, 62
2026/09/21 04:57:36.017, 100, 23404, 24576, 333.98, 63
2026/09/21 04:57:37.017, 100, 23404, 24576, 332.19, 63
2026/09/21 04:57:38.018, 100, 23404, 24576, 331.07, 63
2026/09/21 04:57:39.018, 100, 23404, 24576, 329.29, 63
2026/09/21 04:57:40.018, 100, 23404, 24576, 333.15, 63
2026/09/21 04:57:41.019, 100, 23404, 24576, 330.45, 63
2026/09/21 04:57:42.019, 100, 23404, 24576, 333.84, 62
2026/09/21 04:57:43.020, 100, 23404, 24576, 332.10, 62
2026/09/21 04:57:44.020, 100, 23404, 24576, 330.34, 62
2026/09/21 04:57:45.020, 100, 23404, 24576, 334.33, 62
2026/09/21 04:57:46.020, 100, 23404, 24576, 332.90, 63
2026/09/21 04:57:47.021, 100, 23404, 24576, 334.66, 62
2026/09/21 04:57:48.021, 100, 23404, 24576, 333.63, 63
2026/09/21 04:57:49.021, 100, 23404, 24576, 332.28, 63
2026/09/21 04:57:50.022, 92, 23404, 24576, 327.33, 62
2026/09/21 04:57:51.022, 100, 23404, 24576, 328.14, 63
2026/09/21 04:57:52.022, 100, 23404, 24576, 335.72, 63
2026/09/21 04:57:53.022, 100, 23404, 24576, 332.76, 63
2026/09/21 04:57:54.023, 100, 23404, 24576, 328.83, 63
2026/09/21 04:57:55.023, 100, 23404, 24576, 329.35, 62
2026/09/21 04:57:56.024, 100, 23404, 24576, 329.35, 63
2026/09/21 04:57:57.025, 100, 23404, 24576, 329.04, 63
2026/09/21 04:57:58.025, 100, 23404, 24576, 330.92, 62
2026/09/21 04:57:59.025, 100, 23404, 24576, 328.07, 63
2026/09/21 04:58:00.025, 100, 23404, 24576, 329.79, 63
2026/09/21 04:58:01.026, 100, 23404, 24576, 326.63, 63
2026/09/21 04:58:02.026, 55, 23404, 24576, 321.25, 62
2026/09/21 04:58:03.026, 100, 23404, 24576, 191.85, 61
2026/09/21 04:58:04.027, 100, 23404, 24576, 330.33, 63
2026/09/21 04:58:05.027, 100, 23404, 24576, 332.66, 63
2026/09/21 04:58:06.027, 100, 23404, 24576, 328.43, 62
2026/09/21 04:58:07.028, 100, 23404, 24576, 326.55, 63
2026/09/21 04:58:08.028, 31, 23404, 24576, 302.65, 60
2026/09/21 04:58:09.028, 100, 23404, 24576, 246.37, 62
2026/09/21 04:58:10.029, 100, 23404, 24576, 330.59, 62
2026/09/21 04:58:11.029, 100, 23404, 24576, 290.16, 62
2026/09/21 04:58:12.029, 46, 23404, 24576, 318.88, 62
2026/09/21 04:58:13.030, 100, 23404, 24576, 303.69, 63
2026/09/21 04:58:14.030, 59, 23404, 24576, 291.99, 61
2026/09/21 04:58:15.030, 59, 23404, 24576, 284.85, 60
2026/09/21 04:58:16.030, 59, 23404, 24576, 284.39, 61
2026/09/21 04:58:17.031, 59, 23404, 24576, 284.06, 61
2026/09/21 04:58:18.031, 59, 23404, 24576, 283.68, 60
2026/09/21 04:58:19.031, 59, 23404, 24576, 282.96, 61
2026/09/21 04:58:20.031, 59, 23404, 24576, 282.34, 60
2026/09/21 04:58:21.072, 58, 23404, 24576, 282.25, 60
2026/09/21 04:58:22.072, 53, 23404, 24576, 279.37, 60
2026/09/21 04:58:23.073, 51, 23404, 24576, 283.53, 60
2026/09/21 04:58:24.073, 100, 23404, 24576, 305.33, 61
2026/09/21 04:58:25.073, 100, 23404, 24576, 338.33, 61
2026/09/21 04:58:26.074, 100, 23404, 24576, 338.11, 61
2026/09/21 04:58:27.074, 100, 23404, 24576, 338.17, 61
2026/09/21 04:58:28.075, 100, 23404, 24576, 336.54, 62
2026/09/21 04:58:29.075, 100, 23404, 24576, 336.10, 62
2026/09/21 04:58:30.075, 100, 23404, 24576, 338.23, 62
2026/09/21 04:58:31.077, 100, 23404, 24576, 336.68, 62
2026/09/21 04:58:32.077, 100, 23404, 24576, 336.36, 62
2026/09/21 04:58:33.077, 100, 23404, 24576, 337.23, 62
2026/09/21 04:58:34.078, 100, 23404, 24576, 335.65, 62
2026/09/21 04:58:35.078, 100, 23404, 24576, 336.34, 61
2026/09/21 04:58:36.079, 100, 23404, 24576, 335.18, 62
2026/09/21 04:58:37.079, 100, 23404, 24576, 337.04, 62
2026/09/21 04:58:38.079, 100, 23404, 24576, 335.81, 62
2026/09/21 04:58:39.079, 100, 23404, 24576, 335.96, 62
2026/09/21 04:58:40.080, 100, 23404, 24576, 334.77, 62
2026/09/21 04:58:41.080, 100, 23404, 24576, 334.62, 62
2026/09/21 04:58:42.081, 100, 23404, 24576, 334.69, 62
2026/09/21 04:58:43.081, 100, 23404, 24576, 322.80, 62
2026/09/21 04:58:44.081, 100, 23404, 24576, 334.04, 62
2026/09/21 04:58:45.082, 100, 23404, 24576, 331.74, 62
2026/09/21 04:58:46.082, 100, 23404, 24576, 334.35, 62
2026/09/21 04:58:47.083, 100, 23404, 24576, 328.81, 62
2026/09/21 04:58:48.083, 100, 23404, 24576, 333.40, 62
2026/09/21 04:58:49.083, 100, 23404, 24576, 334.07, 62
2026/09/21 04:58:50.084, 100, 23404, 24576, 336.09, 62
2026/09/21 04:58:51.084, 100, 23404, 24576, 329.81, 62
2026/09/21 04:58:52.085, 100, 23404, 24576, 335.58, 63
2026/09/21 04:58:53.085, 100, 23404, 24576, 332.68, 62
2026/09/21 04:58:54.085, 100, 23404, 24576, 335.61, 62
2026/09/21 04:58:55.086, 100, 23404, 24576, 324.70, 62
2026/09/21 04:58:56.086, 100, 23404, 24576, 330.51, 62
2026/09/21 04:58:57.087, 100, 23404, 24576, 330.08, 63
2026/09/21 04:58:58.087, 100, 23404, 24576, 335.62, 62
2026/09/21 04:58:59.087, 100, 23404, 24576, 330.62, 62
2026/09/21 04:59:00.088, 100, 23404, 24576, 330.61, 63
2026/09/21 04:59:01.088, 100, 23404, 24576, 331.83, 63
2026/09/21 04:59:02.088, 100, 23404, 24576, 328.81, 62
2026/09/21 04:59:03.089, 100, 23404, 24576, 332.78, 62
2026/09/21 04:59:04.089, 100, 23404, 24576, 335.56, 62
2026/09/21 04:59:05.089, 100, 23404, 24576, 333.35, 62
2026/09/21 04:59:06.090, 100, 23404, 24576, 334.03, 63
2026/09/21 04:59:07.090, 100, 23404, 24576, 330.05, 63
2026/09/21 04:59:08.090, 100, 23404, 24576, 334.93, 62
2026/09/21 04:59:09.091, 100, 23404, 24576, 332.47, 63
2026/09/21 04:59:10.091, 100, 23404, 24576, 331.59, 63
2026/09/21 04:59:11.092, 100, 23404, 24576, 328.62, 62
2026/09/21 04:59:12.092, 100, 23404, 24576, 331.67, 62
2026/09/21 04:59:13.092, 100, 23404, 24576, 329.52, 63
2026/09/21 04:59:14.093, 100, 23404, 24576, 330.60, 63
2026/09/21 04:59:15.093, 100, 23404, 24576, 329.82, 63
2026/09/21 04:59:16.093, 100, 23404, 24576, 330.54, 63
2026/09/21 04:59:17.094, 100, 23404, 24576, 332.34, 63
2026/09/21 04:59:18.094, 100, 23404, 24576, 325.78, 63
2026/09/21 04:59:19.094, 100, 23404, 24576, 332.95, 63
2026/09/21 04:59:20.095, 100, 23404, 24576, 325.36, 62
2026/09/21 04:59:21.095, 100, 23404, 24576, 326.77, 63
2026/09/21 04:59:22.095, 100, 23404, 24576, 327.80, 62
2026/09/21 04:59:23.096, 100, 23404, 24576, 298.68, 62
2026/09/21 04:59:24.096, 100, 23404, 24576, 330.34, 63
2026/09/21 04:59:25.096, 100, 23404, 24576, 326.71, 62
2026/09/21 04:59:26.097, 100, 23404, 24576, 324.57, 62
2026/09/21 04:59:27.097, 100, 23404, 24576, 329.52, 63
2026/09/21 04:59:28.097, 69, 23404, 24576, 301.64, 61
2026/09/21 04:59:29.098, 100, 23404, 24576, 327.17, 62
2026/09/21 04:59:30.098, 100, 23404, 24576, 320.42, 62
2026/09/21 04:59:31.099, 100, 23404, 24576, 330.69, 62
2026/09/21 04:59:32.101, 100, 23404, 24576, 329.76, 63
2026/09/21 04:59:33.102, 10, 23404, 24576, 285.43, 59
2026/09/21 04:59:34.102, 59, 23404, 24576, 270.02, 60
2026/09/21 04:59:35.102, 59, 23404, 24576, 269.92, 61
2026/09/21 04:59:36.173, 59, 23404, 24576, 247.68, 60
2026/09/21 04:59:37.175, 58, 23404, 24576, 235.62, 59
2026/09/21 04:59:38.175, 48, 23404, 24576, 270.40, 59
2026/09/21 04:59:39.175, 49, 23404, 24576, 270.85, 59
2026/09/21 04:59:40.175, 59, 23404, 24576, 279.29, 59
2026/09/21 04:59:41.175, 59, 23404, 24576, 282.05, 60
2026/09/21 04:59:42.176, 59, 23404, 24576, 283.62, 59
2026/09/21 04:59:43.176, 59, 23404, 24576, 284.32, 60
2026/09/21 04:59:44.176, 57, 23404, 24576, 275.59, 61
2026/09/21 04:59:45.176, 100, 23404, 24576, 336.04, 61
2026/09/21 04:59:46.177, 100, 23404, 24576, 336.25, 61
2026/09/21 04:59:47.177, 100, 23404, 24576, 336.21, 61
2026/09/21 04:59:48.177, 100, 23404, 24576, 336.05, 62
2026/09/21 04:59:49.178, 100, 23404, 24576, 336.15, 62
2026/09/21 04:59:50.178, 100, 23404, 24576, 336.64, 62
2026/09/21 04:59:51.178, 87, 23404, 24576, 331.58, 62
2026/09/21 04:59:52.179, 100, 23404, 24576, 333.82, 62
2026/09/21 04:59:53.179, 100, 23404, 24576, 335.30, 62
2026/09/21 04:59:54.179, 100, 23404, 24576, 335.87, 62
2026/09/21 04:59:55.180, 100, 23404, 24576, 336.46, 62
2026/09/21 04:59:56.180, 100, 23404, 24576, 336.47, 62
2026/09/21 04:59:57.181, 100, 23404, 24576, 335.99, 62
2026/09/21 04:59:58.181, 100, 23404, 24576, 334.37, 62
2026/09/21 04:59:59.181, 100, 23404, 24576, 335.41, 62
2026/09/21 05:00:00.182, 100, 23404, 24576, 335.17, 62
2026/09/21 05:00:01.182, 100, 23404, 24576, 335.51, 62
2026/09/21 05:00:02.182, 100, 23404, 24576, 334.08, 62
2026/09/21 05:00:03.183, 100, 23404, 24576, 318.85, 62
2026/09/21 05:00:04.183, 100, 23404, 24576, 334.70, 63
2026/09/21 05:00:05.191, 100, 23665, 24576, 332.61, 62
2026/09/21 05:00:06.191, 100, 23665, 24576, 334.02, 62
2026/09/21 05:00:07.192, 100, 23404, 24576, 329.73, 63
2026/09/21 05:00:08.192, 100, 23404, 24576, 333.51, 63
2026/09/21 05:00:09.192, 100, 23404, 24576, 334.28, 63
2026/09/21 05:00:10.193, 100, 23404, 24576, 336.16, 63
2026/09/21 05:00:11.193, 100, 23404, 24576, 327.58, 62
2026/09/21 05:00:12.194, 100, 23404, 24576, 335.92, 63
2026/09/21 05:00:13.194, 93, 23404, 24576, 331.93, 62
2026/09/21 05:00:14.194, 100, 23404, 24576, 335.66, 63
2026/09/21 05:00:15.195, 100, 23404, 24576, 331.30, 63
2026/09/21 05:00:16.195, 100, 23404, 24576, 326.28, 62
2026/09/21 05:00:17.195, 100, 23404, 24576, 332.48, 63
2026/09/21 05:00:18.196, 100, 23404, 24576, 332.39, 63
2026/09/21 05:00:19.196, 100, 23404, 24576, 330.71, 63
2026/09/21 05:00:20.196, 100, 23404, 24576, 329.92, 63
2026/09/21 05:00:21.197, 100, 23404, 24576, 331.79, 63
2026/09/21 05:00:22.197, 100, 23404, 24576, 330.74, 63
2026/09/21 05:00:23.197, 100, 23404, 24576, 333.03, 63
2026/09/21 05:00:24.198, 93, 23404, 24576, 329.40, 63
2026/09/21 05:00:25.198, 100, 23404, 24576, 329.80, 63
2026/09/21 05:00:26.198, 100, 23404, 24576, 334.11, 62
2026/09/21 05:00:27.199, 100, 23404, 24576, 333.64, 63
2026/09/21 05:00:28.199, 100, 23404, 24576, 332.70, 63
2026/09/21 05:00:29.199, 100, 23404, 24576, 331.21, 63
2026/09/21 05:00:30.200, 100, 23404, 24576, 330.91, 63
2026/09/21 05:00:31.200, 99, 23404, 24576, 328.98, 63
2026/09/21 05:00:32.200, 100, 23404, 24576, 333.84, 62
2026/09/21 05:00:33.201, 100, 23404, 24576, 333.71, 62
2026/09/21 05:00:34.201, 100, 23404, 24576, 331.29, 63
2026/09/21 05:00:35.201, 100, 23404, 24576, 329.18, 63
2026/09/21 05:00:36.202, 100, 23404, 24576, 327.39, 63
2026/09/21 05:00:37.202, 100, 23404, 24576, 331.31, 63
2026/09/21 05:00:38.202, 100, 23404, 24576, 328.44, 63
2026/09/21 05:00:39.203, 100, 23404, 24576, 328.89, 63
2026/09/21 05:00:40.203, 100, 23404, 24576, 327.27, 63
2026/09/21 05:00:41.204, 100, 23404, 24576, 326.26, 63
2026/09/21 05:00:42.204, 100, 23404, 24576, 325.91, 62
2026/09/21 05:00:43.204, 97, 23404, 24576, 326.96, 62
2026/09/21 05:00:44.205, 100, 23404, 24576, 305.52, 63
2026/09/21 05:00:45.205, 100, 23404, 24576, 331.45, 63
2026/09/21 05:00:46.205, 100, 23404, 24576, 325.86, 64
2026/09/21 05:00:47.206, 100, 23404, 24576, 329.07, 62
2026/09/21 05:00:48.206, 100, 23404, 24576, 331.46, 63
2026/09/21 05:00:49.206, 100, 23404, 24576, 302.88, 63
2026/09/21 05:00:50.207, 91, 23404, 24576, 322.17, 61
2026/09/21 05:00:51.207, 100, 23404, 24576, 320.40, 63
2026/09/21 05:00:52.208, 100, 23404, 24576, 320.86, 63
2026/09/21 05:00:53.208, 29, 23404, 24576, 323.26, 61
2026/09/21 05:00:54.208, 59, 23404, 24576, 278.76, 62
2026/09/21 05:00:55.208, 58, 23404, 24576, 264.07, 62
2026/09/21 05:00:56.209, 3, 23404, 24576, 275.66, 60
2026/09/21 05:00:57.209, 60, 23404, 24576, 249.99, 61
2026/09/21 05:00:58.209, 59, 23404, 24576, 288.86, 62
2026/09/21 05:00:59.209, 58, 23404, 24576, 290.63, 62
2026/09/21 05:01:00.209, 58, 23404, 24576, 288.15, 61
2026/09/21 05:01:01.210, 58, 23404, 24576, 288.35, 62
2026/09/21 05:01:02.210, 59, 23404, 24576, 276.45, 62
2026/09/21 05:01:03.210, 53, 23404, 24576, 280.35, 60
2026/09/21 05:01:04.210, 100, 23404, 24576, 290.69, 62
2026/09/21 05:01:05.211, 100, 23404, 24576, 340.14, 62
2026/09/21 05:01:06.211, 100, 23404, 24576, 337.24, 62
2026/09/21 05:01:07.211, 100, 23404, 24576, 337.53, 62
2026/09/21 05:01:08.211, 100, 23404, 24576, 336.84, 62
2026/09/21 05:01:09.212, 100, 23404, 24576, 337.25, 62
2026/09/21 05:01:10.212, 100, 23404, 24576, 336.82, 62
2026/09/21 05:01:11.212, 100, 23404, 24576, 335.23, 62
2026/09/21 05:01:12.213, 100, 23404, 24576, 339.65, 62
2026/09/21 05:01:13.213, 100, 23404, 24576, 337.54, 63
2026/09/21 05:01:14.213, 100, 23404, 24576, 336.17, 63
2026/09/21 05:01:15.214, 100, 23404, 24576, 337.02, 62
2026/09/21 05:01:16.214, 100, 23404, 24576, 335.49, 63
2026/09/21 05:01:17.214, 100, 23404, 24576, 336.19, 63
2026/09/21 05:01:18.215, 100, 23404, 24576, 336.00, 63
2026/09/21 05:01:19.215, 100, 23404, 24576, 336.51, 63
2026/09/21 05:01:20.215, 100, 23404, 24576, 336.51, 63
2026/09/21 05:01:21.215, 100, 23404, 24576, 336.02, 63
2026/09/21 05:01:22.216, 100, 23404, 24576, 334.96, 63
2026/09/21 05:01:23.216, 100, 23404, 24576, 324.26, 63
2026/09/21 05:01:24.216, 100, 23404, 24576, 334.84, 63
2026/09/21 05:01:25.220, 100, 23404, 24576, 333.10, 63
2026/09/21 05:01:26.220, 100, 23404, 24576, 335.19, 63
2026/09/21 05:01:27.220, 100, 23404, 24576, 323.27, 63
2026/09/21 05:01:28.221, 100, 23404, 24576, 333.08, 63
2026/09/21 05:01:29.221, 100, 23404, 24576, 334.45, 63
2026/09/21 05:01:30.221, 100, 23404, 24576, 333.88, 63
2026/09/21 05:01:31.222, 100, 23404, 24576, 326.24, 63
2026/09/21 05:01:32.222, 100, 23404, 24576, 332.49, 63
2026/09/21 05:01:33.223, 100, 23404, 24576, 331.41, 63
2026/09/21 05:01:34.223, 100, 23404, 24576, 332.29, 63
2026/09/21 05:01:35.223, 62, 23404, 24576, 322.22, 62
2026/09/21 05:01:36.224, 100, 23404, 24576, 329.47, 63
2026/09/21 05:01:37.224, 100, 23404, 24576, 332.45, 63
2026/09/21 05:01:38.224, 100, 23404, 24576, 332.95, 63
2026/09/21 05:01:39.225, 100, 23404, 24576, 332.77, 63
2026/09/21 05:01:40.225, 100, 23404, 24576, 334.08, 63
2026/09/21 05:01:41.225, 100, 23404, 24576, 333.84, 64
2026/09/21 05:01:42.226, 100, 23404, 24576, 329.26, 63
2026/09/21 05:01:43.226, 100, 23404, 24576, 333.39, 64
2026/09/21 05:01:44.227, 100, 23404, 24576, 328.49, 64
2026/09/21 05:01:45.227, 100, 23404, 24576, 333.78, 64
2026/09/21 05:01:46.227, 100, 23404, 24576, 332.23, 64
2026/09/21 05:01:47.228, 100, 23404, 24576, 330.12, 64
2026/09/21 05:01:48.228, 100, 23404, 24576, 332.38, 64
2026/09/21 05:01:49.228, 100, 23404, 24576, 327.18, 64
2026/09/21 05:01:50.229, 100, 23404, 24576, 330.08, 64
2026/09/21 05:01:51.229, 100, 23404, 24576, 330.23, 64
2026/09/21 05:01:52.229, 100, 23404, 24576, 334.28, 63
2026/09/21 05:01:53.230, 100, 23404, 24576, 335.37, 64
2026/09/21 05:01:54.230, 100, 23404, 24576, 326.26, 63
2026/09/21 05:01:55.231, 100, 23404, 24576, 331.77, 63
2026/09/21 05:01:56.231, 100, 23404, 24576, 329.85, 64
2026/09/21 05:01:57.232, 100, 23404, 24576, 327.80, 63
2026/09/21 05:01:58.232, 97, 23404, 24576, 327.81, 64
2026/09/21 05:01:59.232, 100, 23404, 24576, 326.11, 64
2026/09/21 05:02:00.233, 100, 23404, 24576, 329.09, 63
2026/09/21 05:02:01.233, 100, 23404, 24576, 326.62, 63
2026/09/21 05:02:02.233, 100, 23404, 24576, 331.32, 63
2026/09/21 05:02:03.234, 27, 23404, 24576, 308.13, 60
2026/09/21 05:02:04.234, 100, 23404, 24576, 311.36, 64
2026/09/21 05:02:05.234, 100, 23404, 24576, 326.67, 63
2026/09/21 05:02:06.235, 100, 23404, 24576, 325.96, 64
2026/09/21 05:02:07.235, 100, 23404, 24576, 329.50, 64
2026/09/21 05:02:08.235, 100, 23404, 24576, 328.03, 63
2026/09/21 05:02:09.236, 100, 23404, 24576, 305.32, 63
2026/09/21 05:02:10.236, 78, 23404, 24576, 320.01, 63
2026/09/21 05:02:11.236, 100, 23404, 24576, 326.86, 63
2026/09/21 05:02:12.236, 100, 23404, 24576, 322.44, 64
2026/09/21 05:02:13.237, 56, 23404, 24576, 321.79, 63
2026/09/21 05:02:14.237, 62, 23404, 24576, 292.32, 63
2026/09/21 05:02:15.237, 50, 23404, 24576, 268.14, 63
2026/09/21 05:02:16.238, 57, 23404, 24576, 250.77, 63
2026/09/21 05:02:17.238, 58, 23404, 24576, 292.68, 63
2026/09/21 05:02:18.238, 57, 23404, 24576, 280.27, 63
2026/09/21 05:02:19.238, 62, 23404, 24576, 283.03, 63
2026/09/21 05:02:20.238, 59, 23404, 24576, 289.70, 62
2026/09/21 05:02:21.239, 59, 23404, 24576, 292.74, 62
2026/09/21 05:02:22.239, 59, 23404, 24576, 274.17, 62
2026/09/21 05:02:23.239, 59, 23404, 24576, 266.59, 62
2026/09/21 05:02:24.240, 42, 23404, 24576, 296.00, 62
2026/09/21 05:02:25.240, 100, 23404, 24576, 344.98, 62
2026/09/21 05:02:26.240, 100, 23404, 24576, 336.89, 62
2026/09/21 05:02:27.241, 100, 23404, 24576, 336.70, 62
2026/09/21 05:02:28.241, 100, 23404, 24576, 336.35, 63
2026/09/21 05:02:29.241, 100, 23404, 24576, 336.38, 63
2026/09/21 05:02:30.242, 100, 23404, 24576, 336.27, 63
2026/09/21 05:02:31.242, 97, 23404, 24576, 336.64, 62
2026/09/21 05:02:32.243, 100, 23404, 24576, 336.43, 63
2026/09/21 05:02:33.243, 100, 23404, 24576, 336.18, 63
2026/09/21 05:02:34.243, 100, 23404, 24576, 336.14, 63
2026/09/21 05:02:35.244, 100, 23404, 24576, 336.72, 63
2026/09/21 05:02:36.244, 100, 23404, 24576, 336.51, 63
2026/09/21 05:02:37.244, 100, 23404, 24576, 336.92, 63
2026/09/21 05:02:38.245, 100, 23404, 24576, 336.37, 63
2026/09/21 05:02:39.245, 100, 23404, 24576, 336.09, 63
2026/09/21 05:02:40.245, 100, 23404, 24576, 336.06, 63
2026/09/21 05:02:41.246, 100, 23404, 24576, 335.02, 63
2026/09/21 05:02:42.246, 100, 23404, 24576, 336.66, 64
2026/09/21 05:02:43.246, 100, 23404, 24576, 326.34, 63
2026/09/21 05:02:44.247, 100, 23404, 24576, 335.30, 63
2026/09/21 05:02:45.247, 100, 23404, 24576, 335.59, 63
2026/09/21 05:02:46.247, 100, 23404, 24576, 336.97, 63
2026/09/21 05:02:47.248, 100, 23404, 24576, 324.97, 63
2026/09/21 05:02:48.248, 100, 23404, 24576, 337.25, 64
2026/09/21 05:02:49.249, 100, 23404, 24576, 335.11, 64
2026/09/21 05:02:50.249, 100, 23404, 24576, 333.75, 64
2026/09/21 05:02:51.249, 100, 23404, 24576, 325.54, 64
2026/09/21 05:02:52.250, 100, 23404, 24576, 333.08, 64
2026/09/21 05:02:53.250, 100, 23404, 24576, 332.60, 64
2026/09/21 05:02:54.251, 100, 23404, 24576, 335.93, 63
2026/09/21 05:02:55.251, 93, 23404, 24576, 332.35, 63
2026/09/21 05:02:56.251, 100, 23404, 24576, 325.82, 64
2026/09/21 05:02:57.252, 100, 23404, 24576, 331.48, 64
2026/09/21 05:02:58.252, 100, 23404, 24576, 332.89, 64
2026/09/21 05:02:59.252, 100, 23404, 24576, 332.32, 64
2026/09/21 05:03:00.253, 100, 23404, 24576, 332.44, 64
2026/09/21 05:03:01.253, 100, 23404, 24576, 331.76, 64
2026/09/21 05:03:02.253, 100, 23404, 24576, 334.71, 63
2026/09/21 05:03:03.254, 100, 23404, 24576, 332.93, 64
2026/09/21 05:03:04.254, 100, 23404, 24576, 330.46, 64
2026/09/21 05:03:05.255, 100, 23404, 24576, 332.66, 64
2026/09/21 05:03:06.255, 100, 23404, 24576, 332.52, 64
2026/09/21 05:03:07.255, 100, 23404, 24576, 329.33, 64
2026/09/21 05:03:08.256, 100, 23404, 24576, 332.70, 64
2026/09/21 05:03:09.256, 100, 23404, 24576, 331.17, 64
2026/09/21 05:03:10.256, 100, 23404, 24576, 335.55, 64
2026/09/21 05:03:11.257, 100, 23404, 24576, 331.68, 64
2026/09/21 05:03:12.257, 100, 23404, 24576, 329.99, 64
2026/09/21 05:03:13.258, 100, 23404, 24576, 332.68, 64
2026/09/21 05:03:14.258, 100, 23404, 24576, 328.51, 64
2026/09/21 05:03:15.258, 100, 23404, 24576, 335.30, 63
2026/09/21 05:03:16.260, 100, 23404, 24576, 328.78, 64
2026/09/21 05:03:17.261, 100, 23404, 24576, 330.49, 64
2026/09/21 05:03:18.262, 98, 23404, 24576, 328.98, 63
2026/09/21 05:03:19.262, 100, 23404, 24576, 329.13, 64
2026/09/21 05:03:20.262, 100, 23404, 24576, 332.06, 63
2026/09/21 05:03:21.262, 100, 23404, 24576, 329.73, 64
2026/09/21 05:03:22.263, 100, 23404, 24576, 332.79, 63
2026/09/21 05:03:23.263, 52, 23404, 24576, 312.24, 63
2026/09/21 05:03:24.263, 100, 23404, 24576, 308.10, 64
2026/09/21 05:03:25.264, 100, 23404, 24576, 328.42, 64
2026/09/21 05:03:26.264, 100, 23404, 24576, 328.46, 64
2026/09/21 05:03:27.264, 100, 23404, 24576, 331.04, 63
2026/09/21 05:03:28.265, 100, 23404, 24576, 326.92, 64
2026/09/21 05:03:29.265, 100, 23404, 24576, 300.36, 64
2026/09/21 05:03:30.265, 34, 23404, 24576, 312.31, 63
2026/09/21 05:03:31.266, 100, 23404, 24576, 299.27, 63
2026/09/21 05:03:32.266, 40, 23404, 24576, 296.42, 60
2026/09/21 05:03:33.266, 83, 23404, 24576, 336.67, 63
2026/09/21 05:03:34.267, 58, 23404, 24576, 268.73, 61
2026/09/21 05:03:35.267, 57, 23404, 24576, 279.51, 62
2026/09/21 05:03:36.273, 59, 23404, 24576, 286.46, 62
2026/09/21 05:03:37.273, 59, 23404, 24576, 286.15, 62
2026/09/21 05:03:38.273, 78, 23404, 24576, 288.42, 62
2026/09/21 05:03:39.273, 56, 23404, 24576, 282.05, 61
2026/09/21 05:03:40.274, 61, 23404, 24576, 284.92, 62
2026/09/21 05:03:41.274, 50, 23404, 24576, 275.64, 61
2026/09/21 05:03:42.274, 52, 23404, 24576, 274.63, 61
2026/09/21 05:03:43.274, 73, 23404, 24576, 282.76, 62
2026/09/21 05:03:44.275, 62, 23404, 24576, 258.26, 61
2026/09/21 05:03:45.275, 100, 23404, 24576, 321.67, 63
2026/09/21 05:03:46.275, 99, 23404, 24576, 337.34, 63
2026/09/21 05:03:47.275, 100, 23404, 24576, 335.73, 63
2026/09/21 05:03:48.276, 100, 23404, 24576, 336.65, 63
2026/09/21 05:03:49.276, 100, 23404, 24576, 335.99, 63
2026/09/21 05:03:50.276, 100, 23404, 24576, 335.98, 63
2026/09/21 05:03:51.277, 100, 23404, 24576, 336.41, 63
2026/09/21 05:03:52.277, 100, 23404, 24576, 336.40, 63
2026/09/21 05:03:53.277, 100, 23404, 24576, 337.06, 63
2026/09/21 05:03:54.278, 100, 23404, 24576, 334.88, 63
2026/09/21 05:03:55.278, 98, 23404, 24576, 335.00, 63
2026/09/21 05:03:56.278, 100, 23404, 24576, 334.87, 63
2026/09/21 05:03:57.279, 100, 23404, 24576, 334.66, 63
2026/09/21 05:03:58.279, 100, 23404, 24576, 334.44, 63
2026/09/21 05:03:59.279, 100, 23404, 24576, 335.25, 63
2026/09/21 05:04:00.280, 100, 23404, 24576, 336.01, 63
2026/09/21 05:04:01.281, 100, 23404, 24576, 334.95, 63
2026/09/21 05:04:02.281, 100, 23404, 24576, 335.26, 63
2026/09/21 05:04:03.281, 100, 23404, 24576, 323.90, 63
2026/09/21 05:04:04.282, 100, 23404, 24576, 335.55, 63
2026/09/21 05:04:05.282, 100, 23404, 24576, 333.05, 63
2026/09/21 05:04:06.283, 100, 23404, 24576, 334.62, 64
2026/09/21 05:04:07.283, 100, 23404, 24576, 321.82, 63
2026/09/21 05:04:08.283, 100, 23404, 24576, 333.98, 64
2026/09/21 05:04:09.284, 91, 23404, 24576, 332.65, 63
2026/09/21 05:04:10.284, 100, 23404, 24576, 335.47, 63
2026/09/21 05:04:11.285, 98, 23404, 24576, 329.19, 62
2026/09/21 05:04:12.286, 100, 23404, 24576, 325.33, 64
2026/09/21 05:04:13.286, 100, 23404, 24576, 330.60, 63
2026/09/21 05:04:14.286, 100, 23404, 24576, 332.98, 64
2026/09/21 05:04:15.287, 100, 23404, 24576, 331.14, 64
2026/09/21 05:04:16.287, 100, 23404, 24576, 324.83, 63
2026/09/21 05:04:17.288, 100, 23404, 24576, 333.45, 64
2026/09/21 05:04:18.288, 100, 23404, 24576, 332.18, 64
2026/09/21 05:04:19.289, 100, 23404, 24576, 330.23, 63
2026/09/21 05:04:20.289, 100, 23404, 24576, 327.87, 64
2026/09/21 05:04:21.289, 100, 23404, 24576, 333.80, 64
2026/09/21 05:04:22.290, 94, 23404, 24576, 327.30, 63
2026/09/21 05:04:23.290, 100, 23404, 24576, 333.17, 64
2026/09/21 05:04:24.291, 100, 23404, 24576, 333.11, 63
2026/09/21 05:04:25.291, 100, 23404, 24576, 333.15, 64
2026/09/21 05:04:26.292, 100, 23404, 24576, 334.38, 63
2026/09/21 05:04:27.292, 100, 23404, 24576, 334.58, 64
2026/09/21 05:04:28.292, 100, 23404, 24576, 333.76, 64
2026/09/21 05:04:29.293, 100, 23404, 24576, 332.77, 64
2026/09/21 05:04:30.293, 100, 23404, 24576, 332.62, 64
2026/09/21 05:04:31.294, 100, 23404, 24576, 332.39, 64
2026/09/21 05:04:32.294, 100, 23404, 24576, 328.17, 63
2026/09/21 05:04:33.294, 100, 23404, 24576, 332.60, 63
2026/09/21 05:04:34.295, 100, 23404, 24576, 329.20, 64
2026/09/21 05:04:35.295, 100, 23404, 24576, 329.58, 64
2026/09/21 05:04:36.295, 97, 23404, 24576, 330.42, 64
2026/09/21 05:04:37.296, 100, 23404, 24576, 332.41, 64
2026/09/21 05:04:38.296, 100, 23404, 24576, 327.49, 64
2026/09/21 05:04:39.296, 100, 23404, 24576, 328.19, 64
2026/09/21 05:04:40.297, 100, 23404, 24576, 328.10, 64
2026/09/21 05:04:41.297, 100, 23404, 24576, 328.39, 64
2026/09/21 05:04:42.298, 100, 23404, 24576, 324.81, 64
2026/09/21 05:04:43.298, 100, 23404, 24576, 328.58, 63
2026/09/21 05:04:44.298, 100, 23404, 24576, 265.76, 64
2026/09/21 05:04:45.299, 100, 23404, 24576, 329.05, 63
2026/09/21 05:04:46.299, 100, 23404, 24576, 331.32, 64
2026/09/21 05:04:47.299, 100, 23404, 24576, 330.88, 64
2026/09/21 05:04:48.300, 100, 23404, 24576, 326.69, 63
2026/09/21 05:04:49.300, 10, 23404, 24576, 279.64, 60
2026/09/21 05:04:50.300, 100, 23404, 24576, 309.32, 64
2026/09/21 05:04:51.301, 31, 23404, 24576, 278.14, 63
2026/09/21 05:04:52.301, 100, 23404, 24576, 321.56, 64
2026/09/21 05:04:53.301, 79, 23404, 24576, 283.63, 63
2026/09/21 05:04:54.302, 50, 23404, 24576, 336.82, 62
2026/09/21 05:04:55.302, 60, 23404, 24576, 264.24, 61
2026/09/21 05:04:56.302, 60, 23404, 24576, 280.28, 61
2026/09/21 05:04:57.303, 62, 23404, 24576, 275.58, 61
2026/09/21 05:04:58.303, 60, 23404, 24576, 279.36, 60
2026/09/21 05:04:59.303, 60, 23404, 24576, 277.87, 61
2026/09/21 05:05:00.304, 60, 23404, 24576, 278.87, 61
2026/09/21 05:05:01.304, 65, 23404, 24576, 276.56, 61
2026/09/21 05:05:02.305, 59, 23404, 24576, 277.82, 60
2026/09/21 05:05:03.305, 58, 23404, 24576, 280.92, 61
2026/09/21 05:05:04.306, 50, 23404, 24576, 267.06, 60
2026/09/21 05:05:05.306, 100, 23404, 24576, 282.01, 62
2026/09/21 05:05:06.306, 100, 23404, 24576, 338.79, 62
2026/09/21 05:05:07.307, 100, 23404, 24576, 337.57, 62
2026/09/21 05:05:08.307, 100, 23404, 24576, 336.96, 62
2026/09/21 05:05:09.307, 100, 23404, 24576, 337.55, 62
2026/09/21 05:05:10.308, 100, 23404, 24576, 337.02, 62
2026/09/21 05:05:11.308, 100, 23404, 24576, 335.59, 62
2026/09/21 05:05:12.309, 100, 23404, 24576, 335.27, 62
2026/09/21 05:05:13.309, 100, 23404, 24576, 337.54, 62
2026/09/21 05:05:14.309, 100, 23404, 24576, 336.30, 63
2026/09/21 05:05:15.310, 100, 23404, 24576, 336.72, 63
2026/09/21 05:05:16.310, 100, 23404, 24576, 337.32, 63
2026/09/21 05:05:17.310, 100, 23404, 24576, 335.57, 63
2026/09/21 05:05:18.311, 100, 23404, 24576, 334.77, 63
2026/09/21 05:05:19.311, 100, 23404, 24576, 336.92, 62
2026/09/21 05:05:20.311, 100, 23404, 24576, 336.61, 62
2026/09/21 05:05:21.312, 100, 23404, 24576, 336.21, 63
2026/09/21 05:05:22.312, 100, 23404, 24576, 333.78, 63
2026/09/21 05:05:23.312, 100, 23404, 24576, 336.51, 63
2026/09/21 05:05:24.313, 100, 23404, 24576, 322.33, 63
2026/09/21 05:05:25.313, 100, 23404, 24576, 336.09, 63
2026/09/21 05:05:26.313, 100, 23404, 24576, 333.13, 63
2026/09/21 05:05:27.314, 100, 23404, 24576, 335.46, 63
2026/09/21 05:05:28.314, 100, 23404, 24576, 325.93, 63
2026/09/21 05:05:29.315, 100, 23404, 24576, 335.61, 63
2026/09/21 05:05:30.315, 100, 23404, 24576, 330.27, 63
2026/09/21 05:05:31.316, 100, 23404, 24576, 334.49, 63
2026/09/21 05:05:32.317, 100, 23404, 24576, 325.50, 63
2026/09/21 05:05:33.317, 100, 23404, 24576, 334.40, 63
2026/09/21 05:05:34.317, 100, 23404, 24576, 329.54, 62
2026/09/21 05:05:35.318, 100, 23404, 24576, 334.69, 63
2026/09/21 05:05:36.318, 100, 23404, 24576, 323.61, 63
2026/09/21 05:05:37.319, 100, 23404, 24576, 332.89, 63
2026/09/21 05:05:38.319, 100, 23404, 24576, 333.59, 63
2026/09/21 05:05:39.319, 100, 23404, 24576, 334.64, 63
2026/09/21 05:05:40.320, 73, 23404, 24576, 325.86, 63
2026/09/21 05:05:41.320, 100, 23404, 24576, 332.36, 63
2026/09/21 05:05:42.321, 100, 23404, 24576, 332.78, 63
2026/09/21 05:05:43.321, 100, 23404, 24576, 332.41, 63
2026/09/21 05:05:44.321, 100, 23404, 24576, 333.52, 63
2026/09/21 05:05:45.322, 100, 23404, 24576, 328.94, 63
2026/09/21 05:05:46.322, 100, 23404, 24576, 330.51, 63
2026/09/21 05:05:47.322, 100, 23404, 24576, 331.97, 63
2026/09/21 05:05:48.323, 100, 23404, 24576, 332.92, 63
2026/09/21 05:05:49.323, 100, 23404, 24576, 332.42, 63
2026/09/21 05:05:50.323, 100, 23404, 24576, 330.57, 64
2026/09/21 05:05:51.324, 100, 23404, 24576, 335.77, 63
2026/09/21 05:05:52.324, 100, 23404, 24576, 329.32, 64
2026/09/21 05:05:53.324, 100, 23404, 24576, 331.74, 64
2026/09/21 05:05:54.325, 100, 23404, 24576, 330.47, 63
2026/09/21 05:05:55.325, 100, 23404, 24576, 334.58, 64
2026/09/21 05:05:56.325, 100, 23404, 24576, 332.27, 64
2026/09/21 05:05:57.326, 100, 23404, 24576, 327.81, 63
2026/09/21 05:05:58.326, 100, 23404, 24576, 334.61, 64
2026/09/21 05:05:59.327, 100, 23404, 24576, 327.49, 63
2026/09/21 05:06:00.327, 100, 23404, 24576, 331.94, 64
2026/09/21 05:06:01.328, 99, 23404, 24576, 329.65, 63
2026/09/21 05:06:02.328, 100, 23404, 24576, 325.48, 64
2026/09/21 05:06:03.329, 100, 23404, 24576, 327.42, 63
2026/09/21 05:06:04.329, 100, 23404, 24576, 301.46, 64
2026/09/21 05:06:05.330, 100, 23404, 24576, 330.71, 63
2026/09/21 05:06:06.330, 100, 23404, 24576, 332.30, 64
2026/09/21 05:06:07.330, 100, 23404, 24576, 326.27, 64
2026/09/21 05:06:08.331, 100, 23404, 24576, 327.52, 62
2026/09/21 05:06:09.331, 78, 23404, 24576, 304.02, 63
2026/09/21 05:06:10.332, 100, 23404, 24576, 330.31, 64
2026/09/21 05:06:11.333, 100, 23404, 24576, 319.48, 63
2026/09/21 05:06:12.334, 100, 23404, 24576, 328.99, 64
2026/09/21 05:06:13.335, 100, 23404, 24576, 330.83, 63
2026/09/21 05:06:14.373, 57, 23404, 24576, 297.70, 62
2026/09/21 05:06:15.374, 43, 23404, 24576, 257.99, 61
2026/09/21 05:06:16.374, 2, 23404, 24576, 242.88, 59
2026/09/21 05:06:17.374, 57, 23404, 24576, 276.52, 62
2026/09/21 05:06:18.375, 57, 23404, 24576, 288.66, 62
2026/09/21 05:06:19.375, 55, 23404, 24576, 265.25, 60
2026/09/21 05:06:20.375, 56, 23404, 24576, 270.94, 61
2026/09/21 05:06:21.376, 56, 23404, 24576, 252.10, 61
2026/09/21 05:06:22.376, 56, 23404, 24576, 287.08, 61
2026/09/21 05:06:23.376, 58, 23404, 24576, 262.68, 61
2026/09/21 05:06:24.377, 57, 23404, 24576, 289.94, 62
2026/09/21 05:06:25.377, 60, 23404, 24576, 290.27, 61
2026/09/21 05:06:26.377, 100, 23404, 24576, 332.14, 61
2026/09/21 05:06:27.378, 100, 23404, 24576, 335.43, 62
2026/09/21 05:06:28.378, 100, 23404, 24576, 336.43, 62
2026/09/21 05:06:29.378, 100, 23404, 24576, 335.73, 62
2026/09/21 05:06:30.379, 100, 23404, 24576, 335.85, 62
2026/09/21 05:06:31.379, 100, 23404, 24576, 336.62, 62
2026/09/21 05:06:32.380, 100, 23404, 24576, 336.87, 62
2026/09/21 05:06:33.380, 100, 23404, 24576, 335.59, 62
2026/09/21 05:06:34.380, 97, 23404, 24576, 335.35, 62
2026/09/21 05:06:35.381, 100, 23404, 24576, 335.61, 62
2026/09/21 05:06:36.381, 100, 23404, 24576, 334.57, 62
2026/09/21 05:06:37.381, 100, 23404, 24576, 336.46, 62
2026/09/21 05:06:38.382, 100, 23404, 24576, 334.74, 62
2026/09/21 05:06:39.382, 100, 23404, 24576, 335.77, 62
2026/09/21 05:06:40.382, 100, 23404, 24576, 335.60, 62
2026/09/21 05:06:41.383, 100, 23404, 24576, 334.50, 63
2026/09/21 05:06:42.383, 100, 23404, 24576, 335.07, 62
2026/09/21 05:06:43.383, 100, 23404, 24576, 336.05, 63
2026/09/21 05:06:44.384, 100, 23404, 24576, 335.18, 63
2026/09/21 05:06:45.384, 100, 23404, 24576, 334.97, 63
2026/09/21 05:06:46.384, 100, 23404, 24576, 333.03, 63
2026/09/21 05:06:47.385, 100, 23404, 24576, 334.99, 63
2026/09/21 05:06:48.385, 100, 23404, 24576, 334.58, 63
2026/09/21 05:06:49.385, 100, 23404, 24576, 336.26, 62
2026/09/21 05:06:50.386, 100, 23404, 24576, 334.11, 63
2026/09/21 05:06:51.386, 100, 23404, 24576, 332.85, 63
2026/09/21 05:06:52.387, 100, 23404, 24576, 333.45, 62
2026/09/21 05:06:53.387, 100, 23404, 24576, 332.94, 63
2026/09/21 05:06:54.387, 100, 23404, 24576, 332.30, 62
2026/09/21 05:06:55.388, 100, 23404, 24576, 333.06, 63
2026/09/21 05:06:56.388, 100, 23404, 24576, 332.11, 62
2026/09/21 05:06:57.389, 100, 23404, 24576, 332.87, 63
2026/09/21 05:06:58.389, 97, 23404, 24576, 328.64, 62
2026/09/21 05:06:59.389, 100, 23404, 24576, 333.23, 62
2026/09/21 05:07:00.390, 100, 23404, 24576, 334.86, 63
2026/09/21 05:07:01.390, 100, 23404, 24576, 332.28, 63
2026/09/21 05:07:02.391, 100, 23404, 24576, 332.02, 63
2026/09/21 05:07:03.391, 100, 23404, 24576, 332.35, 62
2026/09/21 05:07:04.391, 100, 23404, 24576, 331.92, 63
2026/09/21 05:07:05.392, 100, 23404, 24576, 334.40, 62
2026/09/21 05:07:06.392, 100, 23404, 24576, 333.84, 63
2026/09/21 05:07:07.393, 97, 23404, 24576, 333.66, 62
2026/09/21 05:07:08.393, 100, 23404, 24576, 333.70, 63
2026/09/21 05:07:09.393, 100, 23404, 24576, 332.70, 63
2026/09/21 05:07:10.394, 100, 23404, 24576, 330.99, 62
2026/09/21 05:07:11.394, 100, 23404, 24576, 330.91, 62
2026/09/21 05:07:12.394, 100, 23404, 24576, 330.07, 63
2026/09/21 05:07:13.395, 100, 23404, 24576, 329.93, 63
2026/09/21 05:07:14.395, 94, 23404, 24576, 330.09, 62
2026/09/21 05:07:15.396, 100, 23404, 24576, 332.76, 62
2026/09/21 05:07:16.396, 100, 23404, 24576, 333.51, 63
2026/09/21 05:07:17.396, 100, 23404, 24576, 329.65, 63
2026/09/21 05:07:18.397, 100, 23404, 24576, 334.40, 63
2026/09/21 05:07:19.397, 100, 23404, 24576, 327.41, 63
2026/09/21 05:07:20.397, 100, 23404, 24576, 331.18, 62
2026/09/21 05:07:21.398, 100, 23404, 24576, 333.46, 62
2026/09/21 05:07:22.398, 100, 23404, 24576, 329.48, 62
2026/09/21 05:07:23.399, 100, 23404, 24576, 331.97, 63
2026/09/21 05:07:24.399, 100, 23404, 24576, 306.19, 63
2026/09/21 05:07:25.399, 100, 23404, 24576, 330.53, 63
2026/09/21 05:07:26.400, 100, 23404, 24576, 329.13, 62
2026/09/21 05:07:27.400, 100, 23404, 24576, 331.19, 63
2026/09/21 05:07:28.400, 100, 23404, 24576, 332.00, 63
2026/09/21 05:07:29.401, 62, 23404, 24576, 305.38, 60
2026/09/21 05:07:30.401, 100, 23404, 24576, 327.52, 63
2026/09/21 05:07:31.401, 100, 23404, 24576, 318.02, 63
2026/09/21 05:07:32.402, 100, 23404, 24576, 329.63, 63
2026/09/21 05:07:33.402, 100, 23404, 24576, 330.87, 63
2026/09/21 05:07:34.402, 54, 23404, 24576, 307.85, 62
2026/09/21 05:07:35.403, 36, 23404, 24576, 282.78, 62
2026/09/21 05:07:36.403, 59, 23404, 24576, 280.20, 62
2026/09/21 05:07:37.404, 58, 23404, 24576, 266.58, 62
2026/09/21 05:07:38.404, 58, 23404, 24576, 280.04, 62
2026/09/21 05:07:39.404, 57, 23404, 24576, 279.02, 61
2026/09/21 05:07:40.473, 57, 23404, 24576, 278.81, 62
2026/09/21 05:07:41.473, 58, 23404, 24576, 261.26, 61
2026/09/21 05:07:42.473, 37, 23404, 24576, 229.14, 60
2026/09/21 05:07:43.473, 62, 23404, 24576, 225.46, 61
2026/09/21 05:07:44.474, 61, 23404, 24576, 289.69, 61
2026/09/21 05:07:45.474, 57, 23404, 24576, 289.70, 61
2026/09/21 05:07:46.474, 0, 23404, 24576, 232.51, 57
2026/09/21 05:07:47.475, 100, 23404, 24576, 283.12, 61
2026/09/21 05:07:48.475, 90, 23404, 24576, 335.16, 61
2026/09/21 05:07:49.475, 100, 23404, 24576, 335.83, 61
2026/09/21 05:07:50.476, 100, 23404, 24576, 335.30, 62
2026/09/21 05:07:51.476, 100, 23404, 24576, 337.72, 61
2026/09/21 05:07:52.477, 100, 23404, 24576, 335.35, 62
2026/09/21 05:07:53.477, 100, 23404, 24576, 336.06, 61
2026/09/21 05:07:54.478, 100, 23404, 24576, 335.65, 62
2026/09/21 05:07:55.478, 100, 23404, 24576, 336.01, 62
2026/09/21 05:07:56.478, 100, 23404, 24576, 333.65, 62
2026/09/21 05:07:57.479, 100, 23404, 24576, 335.03, 62
2026/09/21 05:07:58.479, 100, 23404, 24576, 332.69, 62
2026/09/21 05:07:59.479, 100, 23404, 24576, 335.51, 62
2026/09/21 05:08:00.480, 100, 23404, 24576, 334.54, 62
2026/09/21 05:08:01.480, 100, 23404, 24576, 331.29, 62
2026/09/21 05:08:02.480, 100, 23404, 24576, 332.93, 62
2026/09/21 05:08:03.481, 100, 23404, 24576, 333.05, 62
2026/09/21 05:08:04.481, 100, 23404, 24576, 332.39, 62
2026/09/21 05:08:05.482, 100, 23404, 24576, 334.45, 62
2026/09/21 05:08:06.482, 100, 23404, 24576, 333.30, 62
2026/09/21 05:08:07.482, 100, 23404, 24576, 330.90, 62
2026/09/21 05:08:08.483, 100, 23404, 24576, 330.71, 62
2026/09/21 05:08:09.483, 100, 23404, 24576, 327.67, 62
2026/09/21 05:08:10.483, 100, 23404, 24576, 330.59, 63
2026/09/21 05:08:11.484, 100, 23404, 24576, 328.78, 62
2026/09/21 05:08:12.484, 100, 23404, 24576, 334.97, 63
2026/09/21 05:08:13.484, 100, 23404, 24576, 333.33, 63
2026/09/21 05:08:14.485, 100, 23404, 24576, 328.89, 62
2026/09/21 05:08:15.485, 100, 23404, 24576, 332.13, 63
2026/09/21 05:08:16.486, 100, 23404, 24576, 306.76, 62
2026/09/21 05:08:17.486, 100, 23404, 24576, 331.90, 63
2026/09/21 05:08:18.486, 100, 23404, 24576, 327.70, 62
2026/09/21 05:08:19.487, 100, 23404, 24576, 318.12, 62
2026/09/21 05:08:20.487, 99, 23404, 24576, 323.73, 61
2026/09/21 05:08:21.487, 0, 23404, 24576, 258.40, 58
2026/09/21 05:08:22.488, 100, 23404, 24576, 299.03, 63
2026/09/21 05:08:23.488, 58, 23404, 24576, 281.39, 61
2026/09/21 05:08:24.488, 55, 23404, 24576, 249.14, 61
2026/09/21 05:08:25.489, 57, 23404, 24576, 286.33, 61
2026/09/21 05:08:26.489, 57, 23404, 24576, 287.73, 61
2026/09/21 05:08:27.490, 28, 23404, 24576, 265.77, 61
2026/09/21 05:08:28.490, 57, 23404, 24576, 269.35, 60
2026/09/21 05:08:29.491, 62, 23404, 24576, 278.59, 61
2026/09/21 05:08:30.491, 51, 23404, 24576, 276.47, 59
2026/09/21 05:08:31.491, 55, 23404, 24576, 278.47, 60
2026/09/21 05:08:32.492, 58, 23404, 24576, 278.98, 61
2026/09/21 05:08:33.492, 58, 23404, 24576, 290.54, 60
2026/09/21 05:08:34.492, 100, 23404, 24576, 297.96, 62
2026/09/21 05:08:35.492, 55, 23404, 24576, 326.89, 60
2026/09/21 05:08:36.493, 47, 23404, 24576, 228.89, 60
2026/09/21 05:08:37.493, 57, 23404, 24576, 273.76, 60
2026/09/21 05:08:38.493, 58, 23404, 24576, 290.35, 61
2026/09/21 05:08:39.494, 57, 23404, 24576, 290.64, 60
2026/09/21 05:08:40.494, 59, 23404, 24576, 291.33, 60
2026/09/21 05:08:41.494, 58, 23404, 24576, 291.37, 61
2026/09/21 05:08:42.494, 58, 23404, 24576, 291.07, 60
2026/09/21 05:08:43.495, 58, 23404, 24576, 290.87, 60
2026/09/21 05:08:44.495, 58, 23404, 24576, 290.96, 61
2026/09/21 05:08:45.495, 58, 23404, 24576, 291.76, 60
2026/09/21 05:08:46.498, 100, 23404, 24576, 312.05, 61
2026/09/21 05:08:47.498, 54, 23404, 24576, 316.31, 58
2026/09/21 05:08:48.499, 36, 23404, 24576, 246.13, 60
2026/09/21 05:08:49.499, 51, 23404, 24576, 281.71, 59
2026/09/21 05:08:50.500, 58, 23404, 24576, 287.09, 60
2026/09/21 05:08:51.500, 58, 23404, 24576, 288.54, 60
2026/09/21 05:08:52.500, 58, 23404, 24576, 288.62, 59
2026/09/21 05:08:53.501, 58, 23404, 24576, 286.56, 60
2026/09/21 05:08:54.501, 57, 23404, 24576, 287.72, 60
2026/09/21 05:08:55.501, 58, 23404, 24576, 287.81, 59
2026/09/21 05:08:56.501, 52, 23404, 24576, 283.69, 60
2026/09/21 05:08:57.502, 63, 23404, 24576, 289.70, 60
2026/09/21 05:08:58.502, 97, 23404, 24576, 299.73, 61
2026/09/21 05:08:59.502, 10, 23404, 24576, 297.11, 58
2026/09/21 05:09:00.503, 53, 23404, 24576, 229.16, 60
2026/09/21 05:09:01.503, 58, 23404, 24576, 280.99, 59
2026/09/21 05:09:02.503, 57, 23404, 24576, 281.58, 58
2026/09/21 05:09:03.504, 64, 23404, 24576, 278.50, 60
2026/09/21 05:09:04.504, 28, 23404, 24576, 277.48, 59
2026/09/21 05:09:05.505, 58, 23404, 24576, 252.29, 58
2026/09/21 05:09:06.505, 60, 23404, 24576, 274.93, 59
2026/09/21 05:09:07.506, 33, 23404, 24576, 264.07, 59
2026/09/21 05:09:08.506, 60, 23404, 24576, 276.20, 58
2026/09/21 05:09:09.506, 59, 23404, 24576, 279.70, 59
2026/09/21 05:09:10.506, 67, 23404, 24576, 281.21, 60
2026/09/21 05:09:11.507, 61, 23404, 24576, 333.95, 58
2026/09/21 05:09:12.508, 28, 23404, 24576, 247.51, 57
2026/09/21 05:09:13.508, 50, 23404, 24576, 266.74, 58
2026/09/21 05:09:14.573, 61, 23404, 24576, 276.94, 58
2026/09/21 05:09:15.573, 58, 23404, 24576, 276.95, 59
2026/09/21 05:09:16.574, 58, 23404, 24576, 277.55, 58
2026/09/21 05:09:17.574, 58, 23404, 24576, 278.57, 58
2026/09/21 05:09:18.575, 57, 23404, 24576, 269.29, 59
2026/09/21 05:09:19.575, 59, 23404, 24576, 278.45, 58
2026/09/21 05:09:20.575, 58, 23404, 24576, 256.57, 57
2026/09/21 05:09:21.576, 57, 23404, 24576, 281.57, 59
2026/09/21 05:09:22.576, 60, 23404, 24576, 270.02, 57
2026/09/21 05:09:23.577, 100, 23404, 24576, 335.01, 60
2026/09/21 05:09:24.577, 48, 23404, 24576, 252.29, 57
2026/09/21 05:09:25.577, 58, 23404, 24576, 244.51, 58
2026/09/21 05:09:26.578, 58, 23404, 24576, 283.63, 58
2026/09/21 05:09:27.578, 54, 23404, 24576, 271.48, 58
2026/09/21 05:09:28.579, 59, 23404, 24576, 284.76, 58
2026/09/21 05:09:29.579, 57, 23404, 24576, 284.77, 58
2026/09/21 05:09:30.579, 58, 23404, 24576, 284.78, 58
2026/09/21 05:09:31.580, 59, 23404, 24576, 278.33, 59
2026/09/21 05:09:32.580, 57, 23404, 24576, 266.67, 57
2026/09/21 05:09:33.581, 57, 23404, 24576, 285.98, 58
2026/09/21 05:09:34.581, 56, 23404, 24576, 274.45, 58
2026/09/21 05:09:35.581, 100, 23404, 24576, 320.37, 60
2026/09/21 05:09:36.582, 2, 23404, 24576, 280.20, 56
2026/09/21 05:09:37.582, 57, 23404, 24576, 234.81, 58
2026/09/21 05:09:38.582, 57, 23404, 24576, 286.80, 58
2026/09/21 05:09:39.583, 57, 23404, 24576, 287.25, 58
2026/09/21 05:09:40.583, 57, 23404, 24576, 286.61, 58
2026/09/21 05:09:41.583, 57, 23404, 24576, 287.19, 58
2026/09/21 05:09:42.584, 57, 23404, 24576, 287.56, 58
2026/09/21 05:09:43.584, 57, 23404, 24576, 288.34, 59
2026/09/21 05:09:44.585, 57, 23404, 24576, 288.04, 58
2026/09/21 05:09:45.585, 57, 23404, 24576, 287.98, 58
2026/09/21 05:09:46.585, 59, 23404, 24576, 288.38, 58
2026/09/21 05:09:47.585, 100, 23404, 24576, 331.57, 60
2026/09/21 05:09:48.586, 24, 23404, 24576, 276.97, 59
2026/09/21 05:09:49.586, 57, 23404, 24576, 273.98, 58
2026/09/21 05:09:50.586, 57, 23404, 24576, 285.62, 58
2026/09/21 05:09:51.587, 57, 23404, 24576, 283.38, 58
2026/09/21 05:09:52.587, 57, 23404, 24576, 286.94, 59
2026/09/21 05:09:53.587, 57, 23404, 24576, 287.20, 58
2026/09/21 05:09:54.587, 57, 23404, 24576, 285.30, 58
2026/09/21 05:09:55.588, 57, 23404, 24576, 284.88, 58
2026/09/21 05:09:56.588, 57, 23404, 24576, 285.98, 58
2026/09/21 05:09:57.589, 57, 23404, 24576, 273.28, 58
2026/09/21 05:09:58.589, 100, 23404, 24576, 278.86, 60
2026/09/21 05:09:59.589, 49, 23404, 24576, 332.26, 58
2026/09/21 05:10:00.589, 56, 23404, 24576, 220.95, 57
2026/09/21 05:10:01.590, 59, 23404, 24576, 258.67, 58
2026/09/21 05:10:02.590, 58, 23404, 24576, 282.36, 58
2026/09/21 05:10:03.591, 58, 23404, 24576, 281.67, 58
2026/09/21 05:10:04.591, 64, 23404, 24576, 272.33, 58
2026/09/21 05:10:05.592, 54, 23429, 24576, 251.35, 58
2026/09/21 05:10:06.592, 58, 23665, 24576, 260.41, 57
2026/09/21 05:10:07.592, 58, 23404, 24576, 279.88, 57
2026/09/21 05:10:08.884, 18, 23404, 24576, 260.25, 56
2026/09/21 05:10:09.884, 57, 23404, 24576, 263.64, 57
2026/09/21 05:10:10.885, 58, 23404, 24576, 278.92, 57
2026/09/21 05:10:11.886, 100, 23404, 24576, 311.26, 60
2026/09/21 05:10:12.886, 56, 23404, 24576, 291.45, 57
2026/09/21 05:10:13.887, 28, 23404, 24576, 265.67, 57
2026/09/21 05:10:14.887, 58, 23404, 24576, 276.22, 58
2026/09/21 05:10:15.887, 6, 23404, 24576, 220.36, 56
2026/09/21 05:10:16.888, 58, 23404, 24576, 266.57, 57
2026/09/21 05:10:17.888, 57, 23404, 24576, 277.52, 58
2026/09/21 05:10:18.888, 57, 23404, 24576, 279.88, 57
2026/09/21 05:10:19.889, 57, 23404, 24576, 280.81, 57
2026/09/21 05:10:20.889, 58, 23404, 24576, 278.71, 58
2026/09/21 05:10:21.889, 57, 23404, 24576, 278.13, 58
2026/09/21 05:10:22.889, 57, 23404, 24576, 281.53, 57
2026/09/21 05:10:23.890, 0, 23404, 24576, 220.70, 55
2026/09/21 05:10:24.890, 100, 23404, 24576, 254.76, 59
2026/09/21 05:10:25.891, 100, 23404, 24576, 337.43, 60
2026/09/21 05:10:26.891, 100, 23404, 24576, 338.17, 60
2026/09/21 05:10:27.891, 92, 23404, 24576, 335.34, 60
2026/09/21 05:10:28.892, 100, 23404, 24576, 336.04, 60
2026/09/21 05:10:29.892, 100, 23404, 24576, 336.15, 60
2026/09/21 05:10:30.892, 100, 23404, 24576, 337.00, 60
2026/09/21 05:10:31.893, 100, 23404, 24576, 336.59, 61
2026/09/21 05:10:32.893, 100, 23404, 24576, 334.98, 60
2026/09/21 05:10:33.893, 100, 23404, 24576, 336.38, 60
2026/09/21 05:10:34.894, 100, 23404, 24576, 335.18, 61
2026/09/21 05:10:35.894, 100, 23404, 24576, 334.28, 61
2026/09/21 05:10:36.895, 100, 23404, 24576, 335.11, 61
2026/09/21 05:10:37.895, 100, 23404, 24576, 330.87, 61
2026/09/21 05:10:38.895, 100, 23404, 24576, 334.66, 61
2026/09/21 05:10:39.895, 100, 23404, 24576, 331.05, 61
2026/09/21 05:10:40.896, 100, 23404, 24576, 335.36, 61
2026/09/21 05:10:41.896, 100, 23404, 24576, 329.49, 61
2026/09/21 05:10:42.896, 100, 23404, 24576, 328.42, 61
2026/09/21 05:10:43.897, 100, 23404, 24576, 332.34, 62
2026/09/21 05:10:44.897, 100, 23404, 24576, 330.15, 62
2026/09/21 05:10:45.897, 100, 23404, 24576, 331.09, 62
2026/09/21 05:10:46.898, 100, 23404, 24576, 327.36, 62
2026/09/21 05:10:47.898, 100, 23404, 24576, 330.13, 62
2026/09/21 05:10:48.898, 97, 23404, 24576, 331.04, 62
2026/09/21 05:10:49.899, 100, 23404, 24576, 333.48, 62
2026/09/21 05:10:50.899, 100, 23404, 24576, 331.20, 62
2026/09/21 05:10:51.900, 100, 23404, 24576, 329.83, 62
2026/09/21 05:10:52.900, 100, 23404, 24576, 333.20, 62
2026/09/21 05:10:53.901, 100, 23404, 24576, 316.21, 62
2026/09/21 05:10:54.901, 100, 23404, 24576, 330.76, 62
2026/09/21 05:10:55.901, 100, 23404, 24576, 328.62, 62
2026/09/21 05:10:56.902, 100, 23404, 24576, 316.09, 62
2026/09/21 05:10:57.902, 95, 23404, 24576, 324.08, 63
2026/09/21 05:10:58.903, 0, 23404, 24576, 257.09, 58
2026/09/21 05:10:59.903, 98, 23404, 24576, 266.42, 60
2026/09/21 05:11:00.904, 57, 23404, 24576, 275.30, 59
2026/09/21 05:11:01.904, 57, 23404, 24576, 264.84, 59
2026/09/21 05:11:02.973, 57, 23404, 24576, 251.80, 59
2026/09/21 05:11:03.973, 57, 23404, 24576, 258.86, 59
2026/09/21 05:11:04.973, 58, 23404, 24576, 283.56, 60
2026/09/21 05:11:05.974, 57, 23404, 24576, 282.74, 60
2026/09/21 05:11:06.974, 58, 23404, 24576, 283.79, 60
2026/09/21 05:11:07.974, 59, 23404, 24576, 283.11, 61
2026/09/21 05:11:08.975, 59, 23404, 24576, 271.39, 60
2026/09/21 05:11:09.975, 58, 23404, 24576, 280.12, 60
2026/09/21 05:11:10.975, 61, 23404, 24576, 271.58, 59
2026/09/21 05:11:11.976, 8, 23404, 24576, 269.41, 59
2026/09/21 05:11:12.976, 100, 23404, 24576, 315.46, 61
2026/09/21 05:11:13.976, 0, 23404, 24576, 248.76, 57
2026/09/21 05:11:14.977, 58, 23404, 24576, 246.01, 59
2026/09/21 05:11:15.977, 56, 23404, 24576, 273.67, 60
2026/09/21 05:11:16.978, 58, 23404, 24576, 280.90, 60
2026/09/21 05:11:17.979, 59, 23404, 24576, 278.90, 59
2026/09/21 05:11:18.979, 59, 23404, 24576, 279.47, 59
2026/09/21 05:11:19.980, 59, 23404, 24576, 278.93, 60
2026/09/21 05:11:20.980, 59, 23404, 24576, 277.86, 59
2026/09/21 05:11:21.980, 58, 23404, 24576, 278.39, 59
2026/09/21 05:11:22.980, 58, 23404, 24576, 276.49, 60
2026/09/21 05:11:23.982, 59, 23404, 24576, 277.45, 59
2026/09/21 05:11:24.983, 100, 23404, 24576, 326.92, 61
2026/09/21 05:11:25.983, 0, 23404, 24576, 252.30, 58
2026/09/21 05:11:26.983, 59, 23404, 24576, 222.45, 59
2026/09/21 05:11:27.984, 58, 23404, 24576, 276.73, 59
2026/09/21 05:11:28.984, 58, 23404, 24576, 278.76, 59
2026/09/21 05:11:29.984, 62, 23404, 24576, 268.29, 60
2026/09/21 05:11:30.984, 57, 23404, 24576, 282.49, 59
2026/09/21 05:11:31.985, 59, 23404, 24576, 284.15, 60
2026/09/21 05:11:32.985, 54, 23404, 24576, 282.09, 60
2026/09/21 05:11:33.985, 58, 23404, 24576, 282.04, 59
2026/09/21 05:11:34.985, 55, 23404, 24576, 281.58, 60
2026/09/21 05:11:35.986, 52, 23404, 24576, 283.76, 60
2026/09/21 05:11:36.986, 100, 23404, 24576, 314.52, 61
2026/09/21 05:11:37.986, 12, 23404, 24576, 281.53, 57
2026/09/21 05:11:38.987, 49, 23404, 24576, 222.78, 58
2026/09/21 05:11:39.987, 58, 23404, 24576, 283.57, 59
2026/09/21 05:11:40.987, 47, 23404, 24576, 276.99, 58
2026/09/21 05:11:41.987, 57, 23404, 24576, 286.03, 60
2026/09/21 05:11:42.988, 57, 23404, 24576, 288.29, 59
2026/09/21 05:11:43.988, 50, 23404, 24576, 288.02, 60
2026/09/21 05:11:44.988, 56, 23404, 24576, 287.45, 60
2026/09/21 05:11:45.989, 54, 23404, 24576, 287.86, 59
2026/09/21 05:11:46.989, 47, 23404, 24576, 286.55, 60
2026/09/21 05:11:47.989, 53, 23404, 24576, 274.74, 60
2026/09/21 05:11:48.989, 96, 23404, 24576, 312.55, 61
2026/09/21 05:11:49.990, 41, 23404, 24576, 307.30, 59
2026/09/21 05:11:50.990, 29, 23404, 24576, 224.21, 60
2026/09/21 05:11:51.991, 54, 23404, 24576, 267.18, 59
2026/09/21 05:11:52.991, 57, 23404, 24576, 275.53, 59
2026/09/21 05:11:53.993, 54, 23404, 24576, 277.78, 59
2026/09/21 05:11:54.993, 34, 23404, 24576, 272.05, 58
2026/09/21 05:11:55.994, 56, 23404, 24576, 266.44, 60
2026/09/21 05:11:56.994, 39, 23404, 24576, 287.47, 59
2026/09/21 05:11:57.994, 57, 23404, 24576, 278.58, 60
2026/09/21 05:11:58.994, 46, 23404, 24576, 266.87, 59
2026/09/21 05:11:59.995, 57, 23404, 24576, 271.72, 59
2026/09/21 05:12:00.995, 50, 23404, 24576, 287.34, 59
2026/09/21 05:12:01.995, 96, 23404, 24576, 294.11, 60
2026/09/21 05:12:02.996, 52, 23404, 24576, 314.42, 59
2026/09/21 05:12:03.996, 17, 23404, 24576, 196.23, 56
2026/09/21 05:12:04.996, 55, 23404, 24576, 248.84, 60
2026/09/21 05:12:05.997, 58, 23404, 24576, 284.39, 60
2026/09/21 05:12:06.997, 46, 23404, 24576, 267.30, 58
2026/09/21 05:12:07.997, 49, 23404, 24576, 272.60, 60
2026/09/21 05:12:08.997, 48, 23404, 24576, 268.91, 59
2026/09/21 05:12:09.998, 58, 23404, 24576, 265.69, 59
2026/09/21 05:12:10.998, 57, 23404, 24576, 280.90, 59
2026/09/21 05:12:11.998, 60, 23404, 24576, 274.10, 60
2026/09/21 05:12:12.998, 57, 23404, 24576, 282.80, 59
2026/09/21 05:12:13.999, 52, 23404, 24576, 279.75, 60
2026/09/21 05:12:14.999, 47, 23404, 24576, 304.52, 59
2026/09/21 05:12:15.999, 1, 23404, 24576, 292.24, 57
2026/09/21 05:12:17.000, 65, 23404, 24576, 217.43, 58
2026/09/21 05:12:18.000, 58, 23404, 24576, 270.82, 59
2026/09/21 05:12:19.000, 57, 23404, 24576, 279.16, 59
2026/09/21 05:12:20.001, 55, 23404, 24576, 270.66, 59
2026/09/21 05:12:21.001, 57, 23404, 24576, 278.13, 59
2026/09/21 05:12:22.002, 50, 23404, 24576, 276.88, 59
2026/09/21 05:12:23.002, 56, 23404, 24576, 282.41, 59
2026/09/21 05:12:24.002, 58, 23404, 24576, 277.78, 59
2026/09/21 05:12:25.002, 60, 23404, 24576, 275.61, 58
2026/09/21 05:12:26.002, 63, 23404, 24576, 277.90, 59
2026/09/21 05:12:27.003, 100, 23404, 24576, 287.86, 60
2026/09/21 05:12:28.003, 21, 23404, 24576, 328.74, 58
2026/09/21 05:12:29.003, 57, 23404, 24576, 225.15, 58
2026/09/21 05:12:30.004, 59, 23404, 24576, 253.72, 59
2026/09/21 05:12:31.004, 36, 23404, 24576, 272.38, 59
2026/09/21 05:12:32.004, 58, 23404, 24576, 259.82, 59
2026/09/21 05:12:33.005, 57, 23404, 24576, 283.04, 59
2026/09/21 05:12:34.005, 57, 23404, 24576, 268.49, 59
2026/09/21 05:12:35.006, 54, 23404, 24576, 254.96, 59
2026/09/21 05:12:36.006, 55, 23404, 24576, 272.98, 59
2026/09/21 05:12:37.006, 30, 23404, 24576, 273.21, 57
2026/09/21 05:12:38.007, 60, 23404, 24576, 270.55, 59
2026/09/21 05:12:39.007, 57, 23404, 24576, 262.18, 59
2026/09/21 05:12:40.007, 100, 23404, 24576, 297.18, 60
2026/09/21 05:12:41.008, 32, 23404, 24576, 326.14, 58
2026/09/21 05:12:42.008, 52, 23404, 24576, 216.07, 57
2026/09/21 05:12:43.008, 57, 23404, 24576, 265.95, 59
2026/09/21 05:12:44.008, 58, 23404, 24576, 270.39, 59
2026/09/21 05:12:45.072, 58, 23404, 24576, 282.95, 59
2026/09/21 05:12:46.073, 58, 23404, 24576, 284.02, 59
2026/09/21 05:12:47.073, 56, 23404, 24576, 285.42, 60
2026/09/21 05:12:48.074, 57, 23404, 24576, 285.26, 60
2026/09/21 05:12:49.074, 38, 23404, 24576, 253.93, 58
2026/09/21 05:12:50.074, 60, 23404, 24576, 267.03, 58
2026/09/21 05:12:51.075, 58, 23404, 24576, 281.32, 60
2026/09/21 05:12:52.075, 57, 23404, 24576, 287.26, 59
2026/09/21 05:12:53.075, 100, 23404, 24576, 321.48, 60
2026/09/21 05:12:54.076, 36, 23404, 24576, 292.28, 58
2026/09/21 05:12:55.076, 52, 23404, 24576, 275.03, 59
2026/09/21 05:12:56.076, 58, 23404, 24576, 288.52, 60
2026/09/21 05:12:57.076, 35, 23404, 24576, 283.53, 58
2026/09/21 05:12:58.077, 42, 23404, 24576, 267.06, 60
2026/09/21 05:12:59.077, 51, 23404, 24576, 270.04, 59
2026/09/21 05:13:00.078, 60, 23404, 24576, 284.49, 60
2026/09/21 05:13:01.078, 36, 23404, 24576, 267.68, 59
2026/09/21 05:13:02.078, 57, 23404, 24576, 280.82, 60
2026/09/21 05:13:03.078, 76, 23404, 24576, 270.56, 58
2026/09/21 05:13:04.079, 27, 23404, 24576, 271.79, 59
2026/09/21 05:13:05.079, 0, 23404, 24576, 224.20, 56
2026/09/21 05:13:06.080, 100, 23404, 24576, 304.71, 60
2026/09/21 05:13:07.080, 100, 23404, 24576, 335.67, 60
2026/09/21 05:13:08.080, 100, 23404, 24576, 336.46, 60
2026/09/21 05:13:09.080, 100, 23404, 24576, 334.56, 60
2026/09/21 05:13:10.081, 100, 23404, 24576, 336.37, 60
2026/09/21 05:13:11.081, 100, 23404, 24576, 334.08, 61
2026/09/21 05:13:12.081, 100, 23404, 24576, 336.71, 61
2026/09/21 05:13:13.082, 100, 23404, 24576, 336.45, 61
2026/09/21 05:13:14.082, 100, 23404, 24576, 335.40, 61
2026/09/21 05:13:15.082, 100, 23404, 24576, 333.02, 61
2026/09/21 05:13:16.083, 100, 23404, 24576, 333.92, 61
2026/09/21 05:13:17.083, 100, 23404, 24576, 334.15, 62
2026/09/21 05:13:18.083, 100, 23404, 24576, 334.21, 62
2026/09/21 05:13:19.084, 100, 23404, 24576, 331.01, 61
2026/09/21 05:13:20.084, 100, 23404, 24576, 333.33, 62
2026/09/21 05:13:21.084, 100, 23404, 24576, 331.36, 62
2026/09/21 05:13:22.085, 100, 23404, 24576, 333.27, 62
2026/09/21 05:13:23.085, 100, 23404, 24576, 331.13, 62
2026/09/21 05:13:24.085, 100, 23404, 24576, 332.23, 62
2026/09/21 05:13:25.086, 99, 23404, 24576, 332.58, 62
2026/09/21 05:13:26.087, 100, 23404, 24576, 328.51, 61
2026/09/21 05:13:27.088, 100, 23404, 24576, 331.51, 62
2026/09/21 05:13:28.089, 100, 23404, 24576, 329.57, 62
2026/09/21 05:13:29.089, 100, 23404, 24576, 334.16, 62
2026/09/21 05:13:30.090, 100, 23404, 24576, 329.90, 63
2026/09/21 05:13:31.090, 100, 23404, 24576, 324.71, 63
2026/09/21 05:13:32.090, 100, 23404, 24576, 327.97, 62
2026/09/21 05:13:33.091, 100, 23404, 24576, 329.47, 63
2026/09/21 05:13:34.091, 100, 23404, 24576, 324.51, 63
2026/09/21 05:13:35.091, 100, 23404, 24576, 312.84, 63
2026/09/21 05:13:36.092, 100, 23404, 24576, 328.71, 63
2026/09/21 05:13:37.092, 100, 23404, 24576, 330.57, 62
2026/09/21 05:13:38.093, 100, 23404, 24576, 316.20, 63
2026/09/21 05:13:39.093, 69, 23404, 24576, 315.41, 62
2026/09/21 05:13:40.093, 0, 23404, 24576, 245.42, 59
2026/09/21 05:13:41.094, 100, 23404, 24576, 224.15, 63
2026/09/21 05:13:42.094, 76, 23404, 24576, 302.76, 62
2026/09/21 05:13:43.094, 57, 23404, 24576, 278.12, 62
2026/09/21 05:13:44.094, 56, 23404, 24576, 286.15, 62
2026/09/21 05:13:45.095, 24, 23404, 24576, 266.85, 61
2026/09/21 05:13:46.095, 58, 23404, 24576, 279.42, 62
2026/09/21 05:13:47.095, 53, 23404, 24576, 284.94, 61
2026/09/21 05:13:48.096, 18, 23404, 24576, 276.22, 60
2026/09/21 05:13:49.098, 65, 23404, 24576, 272.68, 61
2026/09/21 05:13:50.098, 53, 23404, 24576, 287.30, 61
2026/09/21 05:13:51.098, 60, 23404, 24576, 288.47, 61
2026/09/21 05:13:52.099, 49, 23404, 24576, 288.81, 60
2026/09/21 05:13:53.099, 100, 23404, 24576, 289.94, 62
2026/09/21 05:13:54.099, 51, 23404, 24576, 314.03, 61
2026/09/21 05:13:55.100, 55, 23404, 24576, 229.48, 61
2026/09/21 05:13:56.100, 56, 23404, 24576, 276.12, 61
2026/09/21 05:13:57.101, 57, 23404, 24576, 287.44, 61
2026/09/21 05:13:58.101, 57, 23404, 24576, 287.79, 61
2026/09/21 05:13:59.102, 45, 23404, 24576, 276.55, 61
2026/09/21 05:14:00.102, 53, 23404, 24576, 272.84, 61
2026/09/21 05:14:01.102, 59, 23404, 24576, 285.38, 61
2026/09/21 05:14:02.103, 55, 23404, 24576, 289.69, 61
2026/09/21 05:14:03.103, 57, 23404, 24576, 289.09, 61
2026/09/21 05:14:04.103, 61, 23404, 24576, 288.61, 60
2026/09/21 05:14:05.103, 100, 23404, 24576, 295.95, 62
2026/09/21 05:14:06.104, 44, 23404, 24576, 329.89, 60
2026/09/21 05:14:07.104, 19, 23404, 24576, 224.74, 58
2026/09/21 05:14:08.104, 42, 23404, 24576, 254.47, 60
2026/09/21 05:14:09.104, 13, 23404, 24576, 279.48, 60
2026/09/21 05:14:10.105, 36, 23404, 24576, 272.29, 60
2026/09/21 05:14:11.105, 53, 23404, 24576, 275.90, 60
2026/09/21 05:14:12.105, 57, 23404, 24576, 263.61, 60
2026/09/21 05:14:13.105, 57, 23404, 24576, 287.64, 60
2026/09/21 05:14:14.106, 58, 23404, 24576, 287.01, 61
2026/09/21 05:14:15.106, 57, 23404, 24576, 276.86, 60
2026/09/21 05:14:16.106, 7, 23404, 24576, 274.77, 59
2026/09/21 05:14:17.106, 58, 23404, 24576, 275.05, 59
2026/09/21 05:14:18.107, 99, 23404, 24576, 303.54, 62
2026/09/21 05:14:19.107, 59, 23404, 24576, 297.12, 59
2026/09/21 05:14:20.107, 53, 23404, 24576, 237.39, 60
2026/09/21 05:14:21.107, 58, 23404, 24576, 275.09, 60
2026/09/21 05:14:22.108, 58, 23404, 24576, 274.42, 60
2026/09/21 05:14:23.108, 12, 23404, 24576, 262.27, 60
2026/09/21 05:14:24.108, 59, 23404, 24576, 273.01, 60
2026/09/21 05:14:25.108, 57, 23404, 24576, 273.99, 59
2026/09/21 05:14:26.108, 58, 23404, 24576, 281.15, 60
2026/09/21 05:14:27.109, 59, 23404, 24576, 280.04, 60
2026/09/21 05:14:28.109, 56, 23404, 24576, 271.59, 59
2026/09/21 05:14:29.109, 59, 23404, 24576, 279.96, 60
2026/09/21 05:14:30.173, 100, 23404, 24576, 287.72, 61
2026/09/21 05:14:31.173, 59, 23404, 24576, 331.18, 59
2026/09/21 05:14:32.173, 7, 23404, 24576, 233.62, 58
2026/09/21 05:14:33.173, 59, 23404, 24576, 267.42, 60
2026/09/21 05:14:34.174, 59, 23404, 24576, 277.63, 59
2026/09/21 05:14:35.174, 56, 23404, 24576, 258.31, 59
2026/09/21 05:14:36.175, 59, 23404, 24576, 280.27, 60
2026/09/21 05:14:37.175, 57, 23404, 24576, 277.81, 58
2026/09/21 05:14:38.176, 51, 23404, 24576, 257.32, 58
2026/09/21 05:14:39.176, 59, 23404, 24576, 270.59, 60
2026/09/21 05:14:40.176, 59, 23404, 24576, 267.86, 59
2026/09/21 05:14:41.176, 59, 23404, 24576, 279.39, 58
2026/09/21 05:14:42.176, 45, 23404, 24576, 271.15, 59
2026/09/21 05:14:43.177, 100, 23404, 24576, 334.55, 61
2026/09/21 05:14:44.177, 57, 23404, 24576, 254.69, 59
2026/09/21 05:14:45.177, 59, 23404, 24576, 246.25, 60
2026/09/21 05:14:46.178, 59, 23404, 24576, 282.19, 59
2026/09/21 05:14:47.178, 50, 23404, 24576, 260.44, 58
2026/09/21 05:14:48.178, 58, 23404, 24576, 281.74, 60
2026/09/21 05:14:49.178, 48, 23404, 24576, 271.94, 59
2026/09/21 05:14:50.179, 58, 23404, 24576, 245.48, 58
2026/09/21 05:14:51.179, 58, 23404, 24576, 285.13, 60
2026/09/21 05:14:52.179, 57, 23404, 24576, 285.73, 59
2026/09/21 05:14:53.179, 57, 23404, 24576, 286.25, 59
2026/09/21 05:14:54.179, 58, 23404, 24576, 276.08, 60
2026/09/21 05:14:55.180, 100, 23404, 24576, 289.79, 61
2026/09/21 05:14:56.180, 58, 23404, 24576, 327.52, 59
2026/09/21 05:14:57.180, 22, 23404, 24576, 223.49, 59
2026/09/21 05:14:58.181, 50, 23404, 24576, 254.74, 59
2026/09/21 05:14:59.181, 57, 23404, 24576, 286.87, 59
2026/09/21 05:15:00.181, 57, 23404, 24576, 290.03, 59
2026/09/21 05:15:01.182, 57, 23404, 24576, 289.20, 59
2026/09/21 05:15:02.182, 58, 23404, 24576, 290.81, 59
2026/09/21 05:15:03.182, 52, 23404, 24576, 275.01, 59
2026/09/21 05:15:04.183, 57, 23404, 24576, 275.46, 59
2026/09/21 05:15:05.183, 57, 23404, 24576, 290.66, 59
2026/09/21 05:15:06.184, 57, 23404, 24576, 290.71, 59
2026/09/21 05:15:07.187, 56, 23665, 24576, 278.98, 60
2026/09/21 05:15:08.188, 97, 23665, 24576, 340.09, 61
2026/09/21 05:15:09.191, 1, 23404, 24576, 244.89, 59
2026/09/21 05:15:10.273, 5, 23404, 24576, 241.31, 58
2026/09/21 05:15:11.274, 57, 23404, 24576, 263.43, 59
2026/09/21 05:15:12.275, 78, 23404, 24576, 289.70, 59
2026/09/21 05:15:13.275, 57, 23404, 24576, 292.52, 60
2026/09/21 05:15:14.275, 57, 23404, 24576, 265.36, 58
2026/09/21 05:15:15.276, 58, 23404, 24576, 289.65, 59
2026/09/21 05:15:16.276, 57, 23404, 24576, 264.62, 59
2026/09/21 05:15:17.276, 58, 23404, 24576, 290.62, 59
2026/09/21 05:15:18.276, 58, 23404, 24576, 290.15, 59
2026/09/21 05:15:19.277, 58, 23404, 24576, 288.16, 59
2026/09/21 05:15:20.277, 99, 23404, 24576, 310.58, 61
2026/09/21 05:15:21.277, 3, 23404, 24576, 301.16, 59
2026/09/21 05:15:22.277, 58, 23404, 24576, 235.93, 59
2026/09/21 05:15:23.278, 57, 23404, 24576, 284.45, 59
2026/09/21 05:15:24.278, 58, 23404, 24576, 285.65, 59
2026/09/21 05:15:25.278, 58, 23404, 24576, 284.51, 60
2026/09/21 05:15:26.278, 58, 23404, 24576, 284.09, 59
2026/09/21 05:15:27.279, 58, 23404, 24576, 278.46, 59
2026/09/21 05:15:28.279, 58, 23404, 24576, 284.24, 60
2026/09/21 05:15:29.279, 58, 23404, 24576, 285.69, 59
2026/09/21 05:15:30.279, 58, 23404, 24576, 284.29, 59
2026/09/21 05:15:31.280, 59, 23404, 24576, 282.09, 59
2026/09/21 05:15:32.280, 100, 23404, 24576, 320.04, 61
2026/09/21 05:15:33.280, 59, 23404, 24576, 278.86, 59
2026/09/21 05:15:34.280, 59, 23404, 24576, 279.21, 59
2026/09/21 05:15:35.281, 58, 23404, 24576, 279.41, 59
2026/09/21 05:15:36.281, 59, 23404, 24576, 279.39, 59
2026/09/21 05:15:37.281, 56, 23404, 24576, 274.40, 59
2026/09/21 05:15:38.281, 59, 23404, 24576, 278.45, 59
2026/09/21 05:15:39.282, 59, 23404, 24576, 269.87, 59
2026/09/21 05:15:40.282, 58, 23404, 24576, 276.73, 59
2026/09/21 05:15:41.282, 59, 23404, 24576, 278.58, 59
2026/09/21 05:15:42.283, 59, 23404, 24576, 277.09, 59
2026/09/21 05:15:43.283, 1, 23404, 24576, 265.86, 59
2026/09/21 05:15:44.283, 0, 23404, 24576, 157.36, 56
2026/09/21 05:15:45.284, 0, 23404, 24576, 138.90, 55
2026/09/21 05:15:46.284, 0, 23404, 24576, 130.32, 54
2026/09/21 05:15:47.284, 0, 23404, 24576, 122.17, 54
2026/09/21 05:15:48.285, 0, 23404, 24576, 121.76, 54
2026/09/21 05:15:49.285, 0, 23404, 24576, 121.49, 53
2026/09/21 05:15:50.286, 0, 23404, 24576, 121.18, 53
2026/09/21 05:15:51.286, 0, 23404, 24576, 120.97, 53
2026/09/21 05:15:52.286, 100, 23404, 24576, 183.27, 57
2026/09/21 05:15:53.287, 100, 23404, 24576, 337.56, 58
2026/09/21 05:15:54.287, 100, 23404, 24576, 336.41, 59
2026/09/21 05:15:55.287, 100, 23404, 24576, 335.67, 59
2026/09/21 05:15:56.288, 100, 23404, 24576, 334.76, 59
2026/09/21 05:15:57.288, 100, 23404, 24576, 336.37, 59
2026/09/21 05:15:58.288, 100, 23404, 24576, 333.43, 59
2026/09/21 05:15:59.288, 91, 23404, 24576, 331.90, 60
2026/09/21 05:16:00.289, 100, 23404, 24576, 332.76, 60
2026/09/21 05:16:01.289, 93, 23404, 24576, 333.29, 60
2026/09/21 05:16:02.290, 100, 23404, 24576, 334.71, 60
2026/09/21 05:16:03.290, 92, 23404, 24576, 332.11, 61
2026/09/21 05:16:04.290, 100, 23404, 24576, 333.06, 61
2026/09/21 05:16:05.291, 95, 23404, 24576, 331.97, 60
2026/09/21 05:16:06.291, 100, 23404, 24576, 332.20, 61
2026/09/21 05:16:07.292, 100, 23404, 24576, 330.35, 61
2026/09/21 05:16:08.292, 100, 23404, 24576, 333.11, 61
2026/09/21 05:16:09.292, 100, 23404, 24576, 330.52, 61
2026/09/21 05:16:10.293, 100, 23404, 24576, 331.97, 61
2026/09/21 05:16:11.293, 100, 23404, 24576, 331.84, 62
2026/09/21 05:16:12.294, 100, 23404, 24576, 325.40, 62
2026/09/21 05:16:13.294, 100, 23404, 24576, 330.84, 62
2026/09/21 05:16:14.294, 100, 23404, 24576, 328.48, 62
2026/09/21 05:16:15.294, 100, 23404, 24576, 332.14, 61
2026/09/21 05:16:16.295, 100, 23404, 24576, 330.47, 61
2026/09/21 05:16:17.295, 100, 23404, 24576, 332.03, 63
2026/09/21 05:16:18.295, 100, 23404, 24576, 330.48, 63
2026/09/21 05:16:19.296, 100, 23404, 24576, 327.84, 63
2026/09/21 05:16:20.296, 100, 23404, 24576, 330.01, 63
2026/09/21 05:16:21.296, 100, 23404, 24576, 326.78, 62
2026/09/21 05:16:22.297, 100, 23404, 24576, 326.50, 62
2026/09/21 05:16:23.297, 100, 23404, 24576, 329.04, 62
2026/09/21 05:16:24.298, 100, 23404, 24576, 331.61, 63
2026/09/21 05:16:25.298, 100, 23404, 24576, 326.86, 62
2026/09/21 05:16:26.299, 100, 23404, 24576, 328.13, 63
2026/09/21 05:16:27.299, 100, 23404, 24576, 302.64, 63
2026/09/21 05:16:28.299, 100, 23404, 24576, 324.63, 63
2026/09/21 05:16:29.300, 95, 23404, 24576, 324.52, 63
2026/09/21 05:16:30.300, 100, 23404, 24576, 327.64, 63
2026/09/21 05:16:31.300, 100, 23404, 24576, 329.17, 63
2026/09/21 05:16:32.301, 100, 23404, 24576, 328.62, 64
2026/09/21 05:16:33.301, 100, 23404, 24576, 325.35, 64
2026/09/21 05:16:34.302, 100, 23404, 24576, 326.88, 64
2026/09/21 05:16:35.302, 100, 23404, 24576, 323.88, 63
2026/09/21 05:16:36.302, 100, 23404, 24576, 328.49, 63
2026/09/21 05:16:37.302, 100, 23404, 24576, 331.56, 64
2026/09/21 05:16:38.303, 100, 23404, 24576, 324.00, 63
2026/09/21 05:16:39.303, 100, 23404, 24576, 324.97, 63
2026/09/21 05:16:40.303, 95, 23404, 24576, 324.98, 63
2026/09/21 05:16:41.304, 100, 23404, 24576, 326.49, 64
2026/09/21 05:16:42.304, 100, 23404, 24576, 329.70, 64
2026/09/21 05:16:43.305, 97, 23404, 24576, 325.05, 64
2026/09/21 05:16:44.305, 100, 23404, 24576, 324.10, 64
2026/09/21 05:16:45.305, 100, 23404, 24576, 324.96, 63
2026/09/21 05:16:46.306, 100, 23404, 24576, 323.91, 63
2026/09/21 05:16:47.306, 100, 23404, 24576, 329.39, 65
2026/09/21 05:16:48.306, 100, 23404, 24576, 324.48, 63
2026/09/21 05:16:49.307, 97, 23404, 24576, 326.02, 64
2026/09/21 05:16:50.307, 100, 23404, 24576, 324.00, 63
2026/09/21 05:16:51.307, 100, 23404, 24576, 324.05, 64
2026/09/21 05:16:52.308, 96, 23404, 24576, 322.75, 65
2026/09/21 05:16:53.308, 100, 23404, 24576, 323.02, 64
2026/09/21 05:16:54.309, 100, 23404, 24576, 325.52, 63
2026/09/21 05:16:55.309, 98, 23404, 24576, 322.70, 64
2026/09/21 05:16:56.309, 100, 23404, 24576, 317.71, 63
2026/09/21 05:16:57.310, 100, 23404, 24576, 319.63, 65
2026/09/21 05:16:58.310, 100, 23404, 24576, 321.33, 64
2026/09/21 05:16:59.311, 100, 23404, 24576, 320.72, 63
2026/09/21 05:17:00.312, 100, 23404, 24576, 320.51, 64
2026/09/21 05:17:01.313, 100, 23404, 24576, 318.71, 65
2026/09/21 05:17:02.313, 100, 23404, 24576, 321.53, 63
2026/09/21 05:17:03.314, 100, 23404, 24576, 324.02, 64
2026/09/21 05:17:04.314, 100, 23404, 24576, 323.55, 63
2026/09/21 05:17:05.315, 100, 23404, 24576, 322.06, 65
2026/09/21 05:17:06.315, 100, 23404, 24576, 323.34, 65
2026/09/21 05:17:07.315, 100, 23404, 24576, 321.59, 65
2026/09/21 05:17:08.316, 100, 23404, 24576, 320.98, 64
2026/09/21 05:17:09.316, 100, 23404, 24576, 318.19, 64
2026/09/21 05:17:10.316, 100, 23404, 24576, 324.63, 64
2026/09/21 05:17:11.317, 100, 23404, 24576, 324.04, 65
2026/09/21 05:17:12.317, 100, 23404, 24576, 322.71, 64
2026/09/21 05:17:13.317, 100, 23404, 24576, 326.52, 65
2026/09/21 05:17:14.318, 100, 23404, 24576, 320.69, 64
2026/09/21 05:17:15.318, 80, 23404, 24576, 312.07, 63
2026/09/21 05:17:16.319, 100, 23404, 24576, 312.94, 63
2026/09/21 05:17:17.319, 100, 23404, 24576, 325.24, 65
2026/09/21 05:17:18.319, 100, 23404, 24576, 322.52, 64
2026/09/21 05:17:19.320, 100, 23404, 24576, 316.24, 65
2026/09/21 05:17:20.320, 100, 23404, 24576, 320.16, 63
2026/09/21 05:17:21.321, 100, 23404, 24576, 323.67, 64
2026/09/21 05:17:22.321, 98, 23404, 24576, 324.49, 64
2026/09/21 05:17:23.322, 100, 23404, 24576, 319.24, 65
2026/09/21 05:17:24.322, 100, 23404, 24576, 321.71, 63
2026/09/21 05:17:25.323, 100, 23404, 24576, 322.09, 64
2026/09/21 05:17:26.323, 100, 23404, 24576, 324.35, 65
2026/09/21 05:17:27.324, 100, 23404, 24576, 323.52, 63
2026/09/21 05:17:28.324, 100, 23404, 24576, 324.36, 65
2026/09/21 05:17:29.325, 100, 23404, 24576, 323.67, 64
2026/09/21 05:17:30.325, 100, 23404, 24576, 315.61, 63
2026/09/21 05:17:31.325, 100, 23404, 24576, 320.40, 65
2026/09/21 05:17:32.326, 100, 23404, 24576, 323.45, 63
2026/09/21 05:17:33.326, 94, 23404, 24576, 317.96, 64
2026/09/21 05:17:34.326, 100, 23404, 24576, 318.28, 64
2026/09/21 05:17:35.327, 100, 23404, 24576, 321.85, 65
2026/09/21 05:17:36.327, 100, 23404, 24576, 323.89, 63
2026/09/21 05:17:37.327, 97, 23404, 24576, 318.61, 64
2026/09/21 05:17:38.328, 100, 23404, 24576, 321.66, 64
2026/09/21 05:17:39.328, 100, 23404, 24576, 320.72, 65
2026/09/21 05:17:40.329, 100, 23404, 24576, 323.58, 64
2026/09/21 05:17:41.329, 100, 23404, 24576, 321.10, 64
2026/09/21 05:17:42.329, 100, 23404, 24576, 327.09, 64
2026/09/21 05:17:43.329, 100, 23404, 24576, 322.03, 63
2026/09/21 05:17:44.330, 100, 23404, 24576, 318.85, 65
2026/09/21 05:17:45.330, 100, 23404, 24576, 319.90, 63
2026/09/21 05:17:46.331, 100, 23404, 24576, 318.53, 64
2026/09/21 05:17:47.331, 100, 23404, 24576, 319.77, 65
2026/09/21 05:17:48.331, 100, 23404, 24576, 325.70, 65
2026/09/21 05:17:49.331, 100, 23404, 24576, 322.76, 64
2026/09/21 05:17:50.332, 100, 23404, 24576, 318.98, 65
2026/09/21 05:17:51.332, 100, 23404, 24576, 325.11, 65
2026/09/21 05:17:52.332, 100, 23404, 24576, 327.31, 64
2026/09/21 05:17:53.333, 100, 23404, 24576, 318.04, 64
2026/09/21 05:17:54.333, 100, 23404, 24576, 319.86, 65
2026/09/21 05:17:55.333, 100, 23404, 24576, 324.38, 65
2026/09/21 05:17:56.334, 100, 23404, 24576, 325.90, 64
2026/09/21 05:17:57.334, 100, 23404, 24576, 319.67, 63
2026/09/21 05:17:58.335, 100, 23404, 24576, 319.00, 63
2026/09/21 05:17:59.335, 100, 23404, 24576, 317.05, 64
2026/09/21 05:18:00.335, 100, 23404, 24576, 319.45, 64
2026/09/21 05:18:01.336, 100, 23404, 24576, 320.57, 64
2026/09/21 05:18:02.336, 100, 23404, 24576, 329.33, 65
2026/09/21 05:18:03.336, 100, 23404, 24576, 329.57, 64
2026/09/21 05:18:04.337, 100, 23404, 24576, 327.68, 64
2026/09/21 05:18:05.337, 100, 23404, 24576, 322.81, 63
2026/09/21 05:18:06.338, 100, 23404, 24576, 320.36, 63
2026/09/21 05:18:07.340, 100, 23404, 24576, 320.68, 63
2026/09/21 05:18:08.340, 100, 23404, 24576, 322.03, 63
2026/09/21 05:18:09.341, 98, 23404, 24576, 320.38, 64
2026/09/21 05:18:10.341, 100, 23404, 24576, 320.44, 63
2026/09/21 05:18:11.341, 100, 23404, 24576, 318.50, 63
2026/09/21 05:18:12.342, 100, 23404, 24576, 319.98, 63
2026/09/21 05:18:13.342, 100, 23404, 24576, 321.80, 63
2026/09/21 05:18:14.343, 100, 23404, 24576, 320.52, 63
2026/09/21 05:18:15.343, 100, 23404, 24576, 319.60, 63
2026/09/21 05:18:16.343, 100, 23404, 24576, 323.30, 63
2026/09/21 05:18:17.343, 100, 23404, 24576, 328.45, 65
2026/09/21 05:18:18.344, 100, 23404, 24576, 311.31, 65
2026/09/21 05:18:19.344, 100, 23404, 24576, 324.31, 64
2026/09/21 05:18:20.344, 100, 23404, 24576, 322.33, 63
2026/09/21 05:18:21.345, 100, 23404, 24576, 318.64, 63
2026/09/21 05:18:22.345, 97, 23404, 24576, 319.37, 64
2026/09/21 05:18:23.345, 100, 23404, 24576, 324.33, 63
2026/09/21 05:18:24.346, 100, 23404, 24576, 324.78, 64
2026/09/21 05:18:25.346, 100, 23404, 24576, 326.71, 65
2026/09/21 05:18:26.347, 100, 23404, 24576, 323.35, 64
2026/09/21 05:18:27.347, 100, 23404, 24576, 320.36, 65
2026/09/21 05:18:28.347, 100, 23404, 24576, 321.64, 63
2026/09/21 05:18:29.348, 100, 23404, 24576, 319.99, 63
2026/09/21 05:18:30.348, 100, 23404, 24576, 325.53, 65
2026/09/21 05:18:31.348, 98, 23404, 24576, 326.16, 65
2026/09/21 05:18:32.349, 100, 23404, 24576, 322.06, 64
2026/09/21 05:18:33.349, 100, 23404, 24576, 321.86, 63
2026/09/21 05:18:34.350, 100, 23404, 24576, 325.20, 64
2026/09/21 05:18:35.350, 100, 23404, 24576, 323.67, 65
2026/09/21 05:18:36.350, 100, 23404, 24576, 321.83, 64
2026/09/21 05:18:37.351, 100, 23404, 24576, 323.51, 63
2026/09/21 05:18:38.351, 100, 23404, 24576, 323.52, 64
2026/09/21 05:18:39.351, 100, 23404, 24576, 322.42, 64
2026/09/21 05:18:40.352, 100, 23404, 24576, 321.47, 64
2026/09/21 05:18:41.352, 100, 23404, 24576, 322.79, 63
2026/09/21 05:18:42.352, 100, 23404, 24576, 323.98, 65
2026/09/21 05:18:43.353, 100, 23404, 24576, 321.90, 63
2026/09/21 05:18:44.353, 100, 23404, 24576, 323.47, 64
2026/09/21 05:18:45.353, 100, 23404, 24576, 325.20, 64
2026/09/21 05:18:46.353, 100, 23404, 24576, 322.67, 63
2026/09/21 05:18:47.354, 100, 23404, 24576, 325.90, 64
2026/09/21 05:18:48.354, 100, 23404, 24576, 324.21, 64
2026/09/21 05:18:49.355, 100, 23404, 24576, 325.90, 63
2026/09/21 05:18:50.355, 100, 23404, 24576, 324.85, 64
2026/09/21 05:18:51.355, 100, 23404, 24576, 322.74, 64
2026/09/21 05:18:52.356, 100, 23404, 24576, 326.12, 63
2026/09/21 05:18:53.356, 100, 23404, 24576, 322.75, 64
2026/09/21 05:18:54.356, 100, 23404, 24576, 321.89, 64
2026/09/21 05:18:55.356, 100, 23404, 24576, 325.56, 64
2026/09/21 05:18:56.357, 100, 23404, 24576, 323.16, 63
2026/09/21 05:18:57.357, 100, 23404, 24576, 322.40, 64
2026/09/21 05:18:58.357, 100, 23404, 24576, 322.59, 63
2026/09/21 05:18:59.358, 100, 23404, 24576, 317.49, 63
2026/09/21 05:19:00.358, 100, 23404, 24576, 322.37, 64
2026/09/21 05:19:01.358, 100, 23404, 24576, 327.88, 63
2026/09/21 05:19:02.360, 100, 23404, 24576, 324.12, 64
2026/09/21 05:19:03.361, 100, 23404, 24576, 325.16, 64
2026/09/21 05:19:04.361, 100, 23404, 24576, 320.58, 64
2026/09/21 05:19:05.361, 100, 23404, 24576, 327.16, 63
2026/09/21 05:19:06.362, 100, 23404, 24576, 321.67, 63
2026/09/21 05:19:07.362, 100, 23404, 24576, 324.06, 64
2026/09/21 05:19:08.362, 100, 23404, 24576, 323.11, 63
2026/09/21 05:19:09.363, 100, 23404, 24576, 322.21, 64
2026/09/21 05:19:10.363, 100, 23404, 24576, 316.20, 63
2026/09/21 05:19:11.363, 100, 23404, 24576, 326.81, 65
2026/09/21 05:19:12.364, 100, 23404, 24576, 320.05, 63
2026/09/21 05:19:13.364, 100, 23404, 24576, 322.75, 63
2026/09/21 05:19:14.364, 100, 23404, 24576, 321.58, 63
2026/09/21 05:19:15.365, 100, 23404, 24576, 322.61, 63
2026/09/21 05:19:16.365, 100, 23404, 24576, 323.71, 64
2026/09/21 05:19:17.365, 100, 23404, 24576, 317.69, 63
2026/09/21 05:19:18.366, 100, 23404, 24576, 322.01, 63
2026/09/21 05:19:19.366, 100, 23404, 24576, 320.21, 63
2026/09/21 05:19:20.367, 100, 23404, 24576, 319.71, 63
2026/09/21 05:19:21.367, 100, 23404, 24576, 329.30, 65
2026/09/21 05:19:22.367, 100, 23404, 24576, 323.07, 64
2026/09/21 05:19:23.368, 100, 23404, 24576, 317.66, 63
2026/09/21 05:19:24.368, 100, 23404, 24576, 314.47, 63
2026/09/21 05:19:25.369, 100, 23404, 24576, 323.41, 64
2026/09/21 05:19:26.369, 100, 23404, 24576, 317.51, 63
2026/09/21 05:19:27.369, 100, 23404, 24576, 324.59, 63
2026/09/21 05:19:28.369, 100, 23404, 24576, 327.79, 65
2026/09/21 05:19:29.370, 100, 23404, 24576, 307.12, 62
2026/09/21 05:19:30.370, 100, 23404, 24576, 315.17, 63
2026/09/21 05:19:31.370, 100, 23404, 24576, 318.83, 63
2026/09/21 05:19:32.371, 99, 23404, 24576, 318.68, 63
2026/09/21 05:19:33.371, 100, 23404, 24576, 329.40, 63
2026/09/21 05:19:34.372, 67, 23404, 24576, 308.15, 63
2026/09/21 05:19:35.372, 69, 23404, 24576, 305.41, 62
2026/09/21 05:19:36.372, 70, 23404, 24576, 305.91, 63
2026/09/21 05:19:37.372, 70, 23404, 24576, 304.33, 62
2026/09/21 05:19:38.373, 60, 23404, 24576, 280.34, 61
2026/09/21 05:19:39.373, 68, 23404, 24576, 307.06, 62
2026/09/21 05:19:40.373, 69, 23404, 24576, 306.30, 62
2026/09/21 05:19:41.374, 70, 23404, 24576, 304.13, 62
2026/09/21 05:19:42.374, 72, 23404, 24576, 305.17, 62
2026/09/21 05:19:43.375, 75, 23404, 24576, 292.32, 62
2026/09/21 05:19:44.375, 0, 23404, 24576, 278.25, 61
2026/09/21 05:19:45.375, 28, 23404, 24576, 151.75, 58
2026/09/21 05:19:46.376, 100, 23404, 24576, 336.70, 62
2026/09/21 05:19:47.376, 100, 23404, 24576, 335.65, 62
2026/09/21 05:19:48.377, 100, 23404, 24576, 336.02, 62
2026/09/21 05:19:49.377, 100, 23404, 24576, 336.89, 62
2026/09/21 05:19:50.377, 100, 23404, 24576, 336.59, 62
2026/09/21 05:19:51.377, 100, 23404, 24576, 336.11, 62
2026/09/21 05:19:52.378, 100, 23404, 24576, 336.17, 63
2026/09/21 05:19:53.378, 100, 23404, 24576, 335.98, 63
2026/09/21 05:19:54.379, 100, 23404, 24576, 335.43, 63
2026/09/21 05:19:55.379, 100, 23404, 24576, 335.53, 62
2026/09/21 05:19:56.379, 100, 23404, 24576, 334.74, 62
2026/09/21 05:19:57.380, 100, 23404, 24576, 333.47, 63
2026/09/21 05:19:58.380, 100, 23404, 24576, 332.60, 63
2026/09/21 05:19:59.380, 100, 23404, 24576, 335.07, 62
2026/09/21 05:20:00.381, 100, 23404, 24576, 332.24, 63
2026/09/21 05:20:01.381, 100, 23404, 24576, 333.74, 62
2026/09/21 05:20:02.385, 100, 23404, 24576, 330.83, 63
2026/09/21 05:20:03.385, 100, 23404, 24576, 328.39, 63
2026/09/21 05:20:04.386, 100, 23404, 24576, 333.27, 63
2026/09/21 05:20:05.386, 100, 23404, 24576, 330.71, 63
2026/09/21 05:20:06.386, 100, 23665, 24576, 332.91, 63
2026/09/21 05:20:07.387, 100, 23665, 24576, 332.02, 62
2026/09/21 05:20:08.394, 100, 23404, 24576, 327.95, 63
2026/09/21 05:20:09.395, 100, 23404, 24576, 330.64, 63
2026/09/21 05:20:10.395, 100, 23404, 24576, 330.17, 62
2026/09/21 05:20:11.395, 100, 23404, 24576, 331.44, 63
2026/09/21 05:20:12.396, 96, 23404, 24576, 327.49, 62
2026/09/21 05:20:13.396, 100, 23404, 24576, 329.65, 63
2026/09/21 05:20:14.396, 98, 23404, 24576, 323.89, 62
2026/09/21 05:20:15.397, 100, 23404, 24576, 332.89, 63
2026/09/21 05:20:16.397, 100, 23404, 24576, 327.04, 63
2026/09/21 05:20:17.398, 100, 23404, 24576, 326.86, 63
2026/09/21 05:20:18.398, 100, 23404, 24576, 329.77, 63
2026/09/21 05:20:19.398, 80, 23404, 24576, 320.87, 63
2026/09/21 05:20:20.398, 100, 23404, 24576, 313.32, 63
2026/09/21 05:20:21.399, 100, 23404, 24576, 325.84, 63
2026/09/21 05:20:22.399, 100, 23404, 24576, 321.57, 63
2026/09/21 05:20:23.399, 100, 23404, 24576, 323.10, 63
2026/09/21 05:20:24.400, 100, 23404, 24576, 326.99, 63
2026/09/21 05:20:25.400, 100, 23404, 24576, 325.24, 62
2026/09/21 05:20:26.400, 100, 23404, 24576, 326.37, 62
2026/09/21 05:20:27.401, 100, 23404, 24576, 327.20, 62
2026/09/21 05:20:28.401, 100, 23404, 24576, 324.91, 63
2026/09/21 05:20:29.401, 100, 23404, 24576, 324.75, 63
2026/09/21 05:20:30.402, 99, 23404, 24576, 324.17, 63
2026/09/21 05:20:31.402, 100, 23404, 24576, 328.75, 63
2026/09/21 05:20:32.402, 100, 23404, 24576, 325.98, 64
2026/09/21 05:20:33.403, 100, 23404, 24576, 325.06, 63
2026/09/21 05:20:34.403, 100, 23404, 24576, 327.17, 63
2026/09/21 05:20:35.403, 100, 23404, 24576, 321.30, 62
2026/09/21 05:20:36.404, 100, 23404, 24576, 320.27, 62
2026/09/21 05:20:37.404, 100, 23404, 24576, 326.47, 63
2026/09/21 05:20:38.404, 100, 23404, 24576, 325.93, 64
2026/09/21 05:20:39.405, 100, 23404, 24576, 321.29, 64
2026/09/21 05:20:40.405, 100, 23404, 24576, 324.82, 62
2026/09/21 05:20:41.405, 100, 23404, 24576, 324.69, 63
2026/09/21 05:20:42.406, 100, 23404, 24576, 319.99, 64
2026/09/21 05:20:43.406, 100, 23404, 24576, 325.46, 63
2026/09/21 05:20:44.406, 100, 23404, 24576, 325.81, 62
2026/09/21 05:20:45.407, 100, 23404, 24576, 321.05, 62
2026/09/21 05:20:46.407, 100, 23404, 24576, 320.67, 63
2026/09/21 05:20:47.408, 100, 23404, 24576, 324.19, 63
2026/09/21 05:20:48.408, 100, 23404, 24576, 317.44, 63
2026/09/21 05:20:49.408, 100, 23404, 24576, 323.67, 64
2026/09/21 05:20:50.409, 100, 23404, 24576, 328.51, 63
2026/09/21 05:20:51.409, 99, 23404, 24576, 322.26, 64
2026/09/21 05:20:52.409, 100, 23404, 24576, 324.72, 63
2026/09/21 05:20:53.410, 100, 23404, 24576, 325.71, 63
2026/09/21 05:20:54.410, 100, 23404, 24576, 327.73, 62
2026/09/21 05:20:55.411, 100, 23404, 24576, 319.50, 63
2026/09/21 05:20:56.411, 100, 23404, 24576, 320.60, 64
2026/09/21 05:20:57.411, 100, 23404, 24576, 321.77, 64
2026/09/21 05:20:58.412, 100, 23404, 24576, 322.17, 62
2026/09/21 05:20:59.412, 100, 23404, 24576, 326.96, 62
2026/09/21 05:21:00.413, 100, 23404, 24576, 328.97, 62
2026/09/21 05:21:01.413, 100, 23404, 24576, 320.27, 62
2026/09/21 05:21:02.413, 100, 23404, 24576, 320.24, 62
2026/09/21 05:21:03.414, 100, 23404, 24576, 321.44, 62
2026/09/21 05:21:04.414, 100, 23404, 24576, 321.91, 62
2026/09/21 05:21:05.414, 100, 23404, 24576, 319.12, 62
2026/09/21 05:21:06.414, 100, 23404, 24576, 321.16, 62
2026/09/21 05:21:07.415, 100, 23404, 24576, 324.64, 63
2026/09/21 05:21:08.415, 100, 23404, 24576, 313.74, 63
2026/09/21 05:21:09.416, 100, 23404, 24576, 322.57, 64
2026/09/21 05:21:10.417, 100, 23404, 24576, 319.50, 62
2026/09/21 05:21:11.417, 100, 23404, 24576, 322.29, 62
2026/09/21 05:21:12.418, 100, 23404, 24576, 322.61, 62
2026/09/21 05:21:13.418, 100, 23404, 24576, 324.18, 63
2026/09/21 05:21:14.418, 100, 23404, 24576, 322.41, 63
2026/09/21 05:21:15.419, 100, 23404, 24576, 317.26, 64
2026/09/21 05:21:16.419, 100, 23404, 24576, 319.80, 62
2026/09/21 05:21:17.419, 100, 23404, 24576, 323.25, 63
2026/09/21 05:21:18.420, 100, 23404, 24576, 321.87, 62
2026/09/21 05:21:19.420, 100, 23404, 24576, 314.44, 62
2026/09/21 05:21:20.420, 100, 23404, 24576, 320.73, 63
2026/09/21 05:21:21.421, 100, 23404, 24576, 321.07, 63
2026/09/21 05:21:22.421, 99, 23404, 24576, 315.46, 63
2026/09/21 05:21:23.421, 100, 23404, 24576, 325.22, 63
2026/09/21 05:21:24.422, 100, 23404, 24576, 323.31, 62
2026/09/21 05:21:25.422, 100, 23404, 24576, 322.13, 63
2026/09/21 05:21:26.422, 100, 23404, 24576, 324.08, 64
2026/09/21 05:21:27.423, 100, 23404, 24576, 324.18, 62
2026/09/21 05:21:28.423, 100, 23404, 24576, 320.95, 62
2026/09/21 05:21:29.424, 100, 23404, 24576, 322.75, 63
2026/09/21 05:21:30.424, 100, 23404, 24576, 321.74, 64
2026/09/21 05:21:31.424, 100, 23404, 24576, 326.30, 62
2026/09/21 05:21:32.424, 100, 23404, 24576, 322.96, 62
2026/09/21 05:21:33.425, 100, 23404, 24576, 319.72, 63
2026/09/21 05:21:34.425, 100, 23404, 24576, 318.62, 62
2026/09/21 05:21:35.425, 100, 23404, 24576, 320.72, 63
2026/09/21 05:21:36.426, 100, 23404, 24576, 327.68, 63
2026/09/21 05:21:37.426, 100, 23404, 24576, 321.79, 62
2026/09/21 05:21:38.427, 100, 23404, 24576, 321.49, 63
2026/09/21 05:21:39.427, 100, 23404, 24576, 325.06, 62
2026/09/21 05:21:40.427, 100, 23404, 24576, 319.10, 62
2026/09/21 05:21:41.428, 100, 23404, 24576, 319.08, 63
2026/09/21 05:21:42.428, 100, 23404, 24576, 319.61, 62
2026/09/21 05:21:43.428, 100, 23404, 24576, 319.23, 62
2026/09/21 05:21:44.429, 100, 23404, 24576, 318.85, 63
2026/09/21 05:21:45.429, 99, 23404, 24576, 320.42, 63
2026/09/21 05:21:46.429, 100, 23404, 24576, 322.00, 62
2026/09/21 05:21:47.429, 100, 23404, 24576, 319.18, 62
2026/09/21 05:21:48.430, 100, 23404, 24576, 317.21, 62
2026/09/21 05:21:49.430, 100, 23404, 24576, 319.99, 63
2026/09/21 05:21:50.430, 100, 23404, 24576, 324.03, 62
2026/09/21 05:21:51.431, 100, 23404, 24576, 322.90, 62
2026/09/21 05:21:52.431, 100, 23404, 24576, 319.23, 62
2026/09/21 05:21:53.432, 100, 23404, 24576, 318.62, 62
2026/09/21 05:21:54.432, 100, 23404, 24576, 319.18, 64
2026/09/21 05:21:55.432, 100, 23404, 24576, 326.52, 63
2026/09/21 05:21:56.433, 100, 23404, 24576, 325.51, 63
2026/09/21 05:21:57.433, 100, 23404, 24576, 325.69, 63
2026/09/21 05:21:58.433, 100, 23404, 24576, 324.12, 62
2026/09/21 05:21:59.434, 100, 23404, 24576, 324.97, 62
2026/09/21 05:22:00.434, 100, 23404, 24576, 325.96, 62
2026/09/21 05:22:01.434, 100, 23404, 24576, 328.06, 63
2026/09/21 05:22:02.435, 100, 23404, 24576, 322.63, 62
2026/09/21 05:22:03.435, 100, 23404, 24576, 318.53, 62
2026/09/21 05:22:04.435, 100, 23404, 24576, 321.05, 62
2026/09/21 05:22:05.436, 100, 23404, 24576, 324.83, 62
2026/09/21 05:22:06.436, 100, 23404, 24576, 318.77, 62
2026/09/21 05:22:07.436, 100, 23404, 24576, 320.11, 62
2026/09/21 05:22:08.437, 100, 23404, 24576, 321.60, 62
2026/09/21 05:22:09.437, 100, 23404, 24576, 325.30, 63
2026/09/21 05:22:10.437, 99, 23404, 24576, 323.22, 62
2026/09/21 05:22:11.438, 100, 23404, 24576, 308.58, 63
2026/09/21 05:22:12.438, 100, 23404, 24576, 321.05, 62
2026/09/21 05:22:13.439, 100, 23404, 24576, 320.46, 62
2026/09/21 05:22:14.439, 100, 23404, 24576, 320.71, 62
2026/09/21 05:22:15.440, 100, 23404, 24576, 317.64, 62
2026/09/21 05:22:16.440, 100, 23404, 24576, 320.37, 62
2026/09/21 05:22:17.440, 100, 23404, 24576, 325.34, 63
2026/09/21 05:22:18.441, 100, 23404, 24576, 323.70, 63
2026/09/21 05:22:19.441, 99, 23404, 24576, 324.78, 64
2026/09/21 05:22:20.442, 100, 23404, 24576, 321.47, 62
2026/09/21 05:22:21.442, 100, 23404, 24576, 321.36, 62
2026/09/21 05:22:22.442, 100, 23404, 24576, 322.73, 62
2026/09/21 05:22:23.443, 100, 23404, 24576, 326.43, 63
2026/09/21 05:22:24.443, 100, 23404, 24576, 325.73, 63
2026/09/21 05:22:25.443, 100, 23404, 24576, 322.64, 62
2026/09/21 05:22:26.444, 100, 23404, 24576, 321.86, 62
2026/09/21 05:22:27.444, 100, 23404, 24576, 323.19, 63
2026/09/21 05:22:28.444, 97, 23404, 24576, 325.12, 63
2026/09/21 05:22:29.445, 100, 23404, 24576, 321.31, 62
2026/09/21 05:22:30.445, 100, 23404, 24576, 322.89, 62
2026/09/21 05:22:31.445, 100, 23404, 24576, 321.23, 63
2026/09/21 05:22:32.446, 100, 23404, 24576, 321.72, 62
2026/09/21 05:22:33.446, 100, 23404, 24576, 320.01, 62
2026/09/21 05:22:34.446, 100, 23404, 24576, 323.27, 62
2026/09/21 05:22:35.447, 100, 23404, 24576, 321.95, 63
2026/09/21 05:22:36.447, 100, 23404, 24576, 323.20, 62
2026/09/21 05:22:37.447, 99, 23404, 24576, 317.20, 62
2026/09/21 05:22:38.448, 100, 23404, 24576, 320.83, 63
2026/09/21 05:22:39.448, 100, 23404, 24576, 321.45, 62
2026/09/21 05:22:40.448, 100, 23404, 24576, 322.40, 63
2026/09/21 05:22:41.449, 100, 23404, 24576, 322.88, 62
2026/09/21 05:22:42.449, 100, 23404, 24576, 317.88, 62
2026/09/21 05:22:43.449, 100, 23404, 24576, 321.88, 63
2026/09/21 05:22:44.450, 100, 23404, 24576, 322.01, 62
2026/09/21 05:22:45.450, 100, 23404, 24576, 322.67, 63
2026/09/21 05:22:46.450, 100, 23404, 24576, 323.12, 62
2026/09/21 05:22:47.451, 100, 23404, 24576, 319.75, 62
2026/09/21 05:22:48.451, 100, 23404, 24576, 321.55, 63
2026/09/21 05:22:49.452, 100, 23404, 24576, 322.44, 62
2026/09/21 05:22:50.452, 100, 23404, 24576, 320.33, 64
2026/09/21 05:22:51.452, 100, 23404, 24576, 324.73, 62
2026/09/21 05:22:52.453, 100, 23404, 24576, 321.51, 62
2026/09/21 05:22:53.453, 100, 23404, 24576, 323.90, 62
2026/09/21 05:22:54.454, 100, 23404, 24576, 324.30, 63
2026/09/21 05:22:55.454, 100, 23404, 24576, 322.53, 62
2026/09/21 05:22:56.454, 100, 23404, 24576, 318.57, 62
2026/09/21 05:22:57.455, 100, 23404, 24576, 322.06, 62
2026/09/21 05:22:58.455, 100, 23404, 24576, 326.20, 63
2026/09/21 05:22:59.456, 100, 23404, 24576, 323.87, 62
2026/09/21 05:23:00.456, 100, 23404, 24576, 321.21, 63
2026/09/21 05:23:01.457, 100, 23404, 24576, 321.19, 63
2026/09/21 05:23:02.457, 100, 23404, 24576, 326.44, 63
2026/09/21 05:23:03.459, 100, 23404, 24576, 323.50, 62
2026/09/21 05:23:04.459, 100, 23404, 24576, 318.29, 64
2026/09/21 05:23:05.460, 100, 23404, 24576, 327.41, 62
2026/09/21 05:23:06.460, 98, 23404, 24576, 319.45, 62
2026/09/21 05:23:07.462, 100, 23404, 24576, 324.65, 62
2026/09/21 05:23:08.463, 100, 23404, 24576, 319.88, 62
2026/09/21 05:23:09.463, 100, 23404, 24576, 319.68, 63
2026/09/21 05:23:10.463, 100, 23404, 24576, 324.10, 62
2026/09/21 05:23:11.464, 99, 23404, 24576, 319.35, 63
2026/09/21 05:23:12.464, 100, 23404, 24576, 328.68, 62
2026/09/21 05:23:13.465, 100, 23404, 24576, 323.27, 62
2026/09/21 05:23:14.465, 100, 23404, 24576, 316.34, 62
2026/09/21 05:23:15.466, 100, 23404, 24576, 327.72, 63
2026/09/21 05:23:16.466, 100, 23404, 24576, 320.86, 63
2026/09/21 05:23:17.466, 100, 23404, 24576, 305.49, 62
2026/09/21 05:23:18.467, 100, 23404, 24576, 323.28, 64
2026/09/21 05:23:19.467, 100, 23404, 24576, 327.39, 62
2026/09/21 05:23:20.468, 100, 23404, 24576, 322.53, 62
2026/09/21 05:23:21.468, 100, 23404, 24576, 317.16, 62
2026/09/21 05:23:22.468, 100, 23404, 24576, 308.85, 62
2026/09/21 05:23:23.469, 100, 23404, 24576, 320.77, 62
2026/09/21 05:23:24.469, 100, 23404, 24576, 318.30, 62
2026/09/21 05:23:25.469, 100, 23404, 24576, 313.11, 62
2026/09/21 05:23:26.470, 73, 23404, 24576, 338.00, 62
2026/09/21 05:23:27.472, 73, 23404, 24576, 288.68, 62
2026/09/21 05:23:28.473, 95, 23404, 24576, 288.78, 62
2026/09/21 05:23:29.473, 70, 23404, 24576, 320.59, 62
2026/09/21 05:23:30.473, 63, 23404, 24576, 309.16, 62
2026/09/21 05:23:31.474, 71, 23404, 24576, 321.46, 62
2026/09/21 05:23:32.474, 68, 23404, 24576, 310.73, 62
2026/09/21 05:23:33.475, 75, 23404, 24576, 301.80, 62
2026/09/21 05:23:34.475, 94, 23404, 24576, 285.15, 62
2026/09/21 05:23:35.475, 34, 23404, 24576, 298.00, 59
2026/09/21 05:23:36.476, 0, 23404, 24576, 252.65, 58
2026/09/21 05:23:37.476, 100, 23404, 24576, 194.81, 61
2026/09/21 05:23:38.476, 100, 23404, 24576, 338.48, 61
2026/09/21 05:23:39.477, 100, 23404, 24576, 337.38, 61
2026/09/21 05:23:40.477, 100, 23404, 24576, 336.81, 62
2026/09/21 05:23:41.478, 100, 23404, 24576, 336.38, 62
2026/09/21 05:23:42.478, 100, 23404, 24576, 335.59, 62
2026/09/21 05:23:43.478, 100, 23404, 24576, 335.45, 62
2026/09/21 05:23:44.479, 99, 23404, 24576, 334.42, 61
2026/09/21 05:23:45.479, 100, 23404, 24576, 335.28, 62
2026/09/21 05:23:46.479, 96, 23404, 24576, 333.58, 62
2026/09/21 05:23:47.480, 100, 23404, 24576, 335.77, 62
2026/09/21 05:23:48.480, 97, 23404, 24576, 332.96, 62
2026/09/21 05:23:49.480, 100, 23404, 24576, 335.43, 62
2026/09/21 05:23:50.481, 95, 23404, 24576, 334.01, 62
2026/09/21 05:23:51.481, 100, 23404, 24576, 332.86, 62
2026/09/21 05:23:52.482, 100, 23404, 24576, 332.46, 62
2026/09/21 05:23:53.482, 100, 23404, 24576, 330.78, 62
2026/09/21 05:23:54.482, 100, 23404, 24576, 332.62, 61
2026/09/21 05:23:55.482, 100, 23404, 24576, 332.10, 62
2026/09/21 05:23:56.483, 100, 23404, 24576, 331.15, 62
2026/09/21 05:23:57.483, 100, 23404, 24576, 331.78, 62
2026/09/21 05:23:58.483, 100, 23404, 24576, 333.16, 62
2026/09/21 05:23:59.484, 100, 23404, 24576, 332.43, 62
2026/09/21 05:24:00.484, 100, 23404, 24576, 335.85, 62
2026/09/21 05:24:01.484, 100, 23404, 24576, 335.86, 62
2026/09/21 05:24:02.484, 100, 23404, 24576, 331.86, 63
2026/09/21 05:24:03.485, 100, 23404, 24576, 327.90, 62
2026/09/21 05:24:04.485, 100, 23404, 24576, 330.50, 62
2026/09/21 05:24:05.485, 100, 23404, 24576, 328.09, 63
2026/09/21 05:24:06.486, 97, 23404, 24576, 328.79, 62
2026/09/21 05:24:07.486, 100, 23404, 24576, 330.16, 63
2026/09/21 05:24:08.486, 100, 23404, 24576, 329.29, 62
2026/09/21 05:24:09.487, 100, 23404, 24576, 324.91, 62
2026/09/21 05:24:10.487, 100, 23404, 24576, 327.95, 63
2026/09/21 05:24:11.487, 99, 23404, 24576, 327.49, 63
2026/09/21 05:24:12.488, 100, 23404, 24576, 310.38, 62
2026/09/21 05:24:13.488, 100, 23404, 24576, 328.39, 62
2026/09/21 05:24:14.488, 100, 23404, 24576, 331.49, 62
2026/09/21 05:24:15.489, 100, 23404, 24576, 331.05, 63
2026/09/21 05:24:16.489, 100, 23404, 24576, 330.48, 63
2026/09/21 05:24:17.489, 100, 23404, 24576, 325.87, 62
2026/09/21 05:24:18.490, 100, 23404, 24576, 329.38, 62
2026/09/21 05:24:19.490, 100, 23404, 24576, 330.70, 62
2026/09/21 05:24:20.491, 100, 23404, 24576, 324.06, 63
2026/09/21 05:24:21.491, 100, 23404, 24576, 323.98, 63
2026/09/21 05:24:22.491, 98, 23404, 24576, 322.52, 62
2026/09/21 05:24:23.491, 100, 23404, 24576, 319.86, 63
2026/09/21 05:24:24.492, 100, 23404, 24576, 323.61, 63
2026/09/21 05:24:25.492, 100, 23404, 24576, 323.80, 62
2026/09/21 05:24:26.493, 100, 23404, 24576, 322.04, 63
2026/09/21 05:24:27.493, 100, 23404, 24576, 323.17, 62
2026/09/21 05:24:28.493, 100, 23404, 24576, 326.86, 63
2026/09/21 05:24:29.494, 100, 23404, 24576, 327.00, 62
2026/09/21 05:24:30.494, 100, 23404, 24576, 323.00, 63
2026/09/21 05:24:31.494, 100, 23404, 24576, 318.84, 63
2026/09/21 05:24:32.495, 100, 23404, 24576, 325.06, 62
2026/09/21 05:24:33.495, 100, 23404, 24576, 323.04, 63
2026/09/21 05:24:34.497, 100, 23404, 24576, 320.55, 63
2026/09/21 05:24:35.497, 100, 23404, 24576, 324.28, 62
2026/09/21 05:24:36.498, 100, 23404, 24576, 324.95, 63
2026/09/21 05:24:37.498, 100, 23404, 24576, 328.19, 62
2026/09/21 05:24:38.499, 100, 23404, 24576, 325.50, 63
2026/09/21 05:24:39.499, 100, 23404, 24576, 323.88, 62
2026/09/21 05:24:40.500, 100, 23404, 24576, 319.78, 63
2026/09/21 05:24:41.500, 100, 23404, 24576, 320.97, 62
2026/09/21 05:24:42.500, 100, 23404, 24576, 323.49, 62
2026/09/21 05:24:43.501, 99, 23404, 24576, 322.16, 63
2026/09/21 05:24:44.501, 100, 23404, 24576, 325.06, 62
2026/09/21 05:24:45.502, 100, 23404, 24576, 321.85, 62
2026/09/21 05:24:46.502, 100, 23404, 24576, 322.07, 62
2026/09/21 05:24:47.502, 100, 23404, 24576, 322.47, 63
2026/09/21 05:24:48.503, 100, 23404, 24576, 317.57, 63
2026/09/21 05:24:49.503, 100, 23404, 24576, 316.53, 62
2026/09/21 05:24:50.503, 100, 23404, 24576, 321.36, 63
2026/09/21 05:24:51.504, 100, 23404, 24576, 328.61, 62
2026/09/21 05:24:52.504, 100, 23404, 24576, 329.02, 63
2026/09/21 05:24:53.505, 100, 23404, 24576, 323.38, 63
2026/09/21 05:24:54.505, 100, 23404, 24576, 320.41, 63
2026/09/21 05:24:55.505, 100, 23404, 24576, 321.46, 62
2026/09/21 05:24:56.506, 100, 23404, 24576, 325.13, 62
2026/09/21 05:24:57.506, 100, 23404, 24576, 321.25, 62
2026/09/21 05:24:58.506, 100, 23404, 24576, 320.90, 62
2026/09/21 05:24:59.507, 100, 23404, 24576, 326.00, 63
2026/09/21 05:25:00.507, 100, 23404, 24576, 310.87, 63
2026/09/21 05:25:01.507, 100, 23404, 24576, 321.42, 63
2026/09/21 05:25:02.508, 100, 23404, 24576, 319.79, 62
2026/09/21 05:25:03.508, 100, 23404, 24576, 323.87, 62
2026/09/21 05:25:04.508, 100, 23404, 24576, 325.04, 62
2026/09/21 05:25:05.509, 100, 23404, 24576, 323.96, 63
2026/09/21 05:25:06.509, 100, 23404, 24576, 320.62, 62
2026/09/21 05:25:07.509, 100, 23404, 24576, 314.90, 63
2026/09/21 05:25:08.510, 100, 23404, 24576, 320.89, 62
2026/09/21 05:25:09.510, 100, 23404, 24576, 324.69, 63
2026/09/21 05:25:10.510, 100, 23404, 24576, 322.68, 62
2026/09/21 05:25:11.511, 100, 23404, 24576, 317.25, 62
2026/09/21 05:25:12.511, 100, 23404, 24576, 324.04, 63
2026/09/21 05:25:13.511, 100, 23404, 24576, 324.14, 62
2026/09/21 05:25:14.512, 100, 23404, 24576, 317.47, 62
2026/09/21 05:25:15.512, 100, 23404, 24576, 325.93, 63
2026/09/21 05:25:16.512, 100, 23404, 24576, 323.87, 62
2026/09/21 05:25:17.513, 100, 23404, 24576, 322.79, 63
2026/09/21 05:25:18.513, 100, 23404, 24576, 323.90, 63
2026/09/21 05:25:19.513, 100, 23404, 24576, 324.16, 62
2026/09/21 05:25:20.514, 100, 23404, 24576, 320.04, 62
2026/09/21 05:25:21.514, 100, 23404, 24576, 322.78, 63
2026/09/21 05:25:22.514, 100, 23404, 24576, 321.91, 63
2026/09/21 05:25:23.515, 100, 23404, 24576, 326.42, 62
2026/09/21 05:25:24.515, 100, 23404, 24576, 320.71, 62
2026/09/21 05:25:25.515, 100, 23404, 24576, 320.76, 63
2026/09/21 05:25:26.516, 100, 23404, 24576, 319.90, 62
2026/09/21 05:25:27.516, 100, 23404, 24576, 321.10, 63
2026/09/21 05:25:28.516, 100, 23404, 24576, 325.65, 62
2026/09/21 05:25:29.517, 100, 23404, 24576, 320.97, 62
2026/09/21 05:25:30.517, 100, 23404, 24576, 318.47, 63
2026/09/21 05:25:31.518, 100, 23404, 24576, 322.88, 62
2026/09/21 05:25:32.518, 100, 23404, 24576, 318.42, 62
2026/09/21 05:25:33.518, 100, 23404, 24576, 318.14, 63
2026/09/21 05:25:34.519, 100, 23404, 24576, 322.18, 62
2026/09/21 05:25:35.519, 100, 23404, 24576, 317.81, 62
2026/09/21 05:25:36.519, 100, 23404, 24576, 316.63, 63
2026/09/21 05:25:37.520, 100, 23404, 24576, 322.43, 62
2026/09/21 05:25:38.520, 100, 23404, 24576, 319.90, 62
2026/09/21 05:25:39.520, 100, 23404, 24576, 317.71, 62
2026/09/21 05:25:40.521, 100, 23404, 24576, 316.67, 62
2026/09/21 05:25:41.521, 100, 23404, 24576, 321.94, 62
2026/09/21 05:25:42.522, 100, 23404, 24576, 323.58, 62
2026/09/21 05:25:43.522, 100, 23404, 24576, 320.27, 62
2026/09/21 05:25:44.522, 100, 23404, 24576, 319.33, 62
2026/09/21 05:25:45.523, 100, 23404, 24576, 318.35, 62
2026/09/21 05:25:46.523, 100, 23404, 24576, 319.43, 63
2026/09/21 05:25:47.523, 100, 23404, 24576, 326.33, 63
2026/09/21 05:25:48.524, 100, 23404, 24576, 328.24, 63
2026/09/21 05:25:49.524, 100, 23404, 24576, 328.82, 63
2026/09/21 05:25:50.524, 100, 23404, 24576, 323.67, 62
2026/09/21 05:25:51.525, 100, 23404, 24576, 320.51, 62
2026/09/21 05:25:52.525, 100, 23404, 24576, 319.26, 62
2026/09/21 05:25:53.525, 100, 23404, 24576, 319.78, 62
2026/09/21 05:25:54.525, 100, 23404, 24576, 316.46, 62
2026/09/21 05:25:55.526, 100, 23404, 24576, 317.58, 62
2026/09/21 05:25:56.526, 100, 23404, 24576, 318.79, 62
2026/09/21 05:25:57.526, 100, 23404, 24576, 319.40, 62
2026/09/21 05:25:58.528, 100, 23404, 24576, 316.18, 62
2026/09/21 05:25:59.528, 100, 23404, 24576, 319.08, 62
2026/09/21 05:26:00.528, 100, 23404, 24576, 319.85, 62
2026/09/21 05:26:01.529, 100, 23404, 24576, 320.87, 62
2026/09/21 05:26:02.532, 99, 23404, 24576, 319.68, 62
2026/09/21 05:26:03.532, 100, 23404, 24576, 310.75, 63
2026/09/21 05:26:04.532, 100, 23404, 24576, 321.94, 63
2026/09/21 05:26:05.533, 100, 23404, 24576, 321.02, 62
2026/09/21 05:26:06.533, 100, 23404, 24576, 319.49, 62
2026/09/21 05:26:07.533, 100, 23404, 24576, 314.56, 62
2026/09/21 05:26:08.534, 100, 23404, 24576, 319.07, 62
2026/09/21 05:26:09.534, 100, 23404, 24576, 323.71, 62
2026/09/21 05:26:10.534, 100, 23404, 24576, 327.74, 63
2026/09/21 05:26:11.535, 99, 23404, 24576, 325.64, 63
2026/09/21 05:26:12.535, 100, 23404, 24576, 321.28, 63
2026/09/21 05:26:13.535, 100, 23404, 24576, 322.25, 62
2026/09/21 05:26:14.536, 100, 23404, 24576, 321.48, 62
2026/09/21 05:26:15.536, 100, 23404, 24576, 324.47, 63
2026/09/21 05:26:16.536, 100, 23404, 24576, 326.61, 63
2026/09/21 05:26:17.536, 100, 23404, 24576, 323.25, 62
2026/09/21 05:26:18.537, 100, 23404, 24576, 321.85, 62
2026/09/21 05:26:19.537, 100, 23404, 24576, 324.08, 62
2026/09/21 05:26:20.537, 99, 23404, 24576, 325.69, 63
2026/09/21 05:26:21.538, 100, 23404, 24576, 321.37, 63
2026/09/21 05:26:22.538, 100, 23404, 24576, 323.10, 62
2026/09/21 05:26:23.538, 100, 23404, 24576, 322.35, 63
2026/09/21 05:26:24.539, 100, 23404, 24576, 322.71, 63
2026/09/21 05:26:25.539, 100, 23404, 24576, 320.12, 62
2026/09/21 05:26:26.539, 100, 23404, 24576, 321.44, 62
2026/09/21 05:26:27.540, 100, 23404, 24576, 322.53, 63
2026/09/21 05:26:28.540, 100, 23404, 24576, 322.23, 62
2026/09/21 05:26:29.540, 100, 23404, 24576, 317.18, 62
2026/09/21 05:26:30.540, 100, 23404, 24576, 325.39, 63
2026/09/21 05:26:31.541, 100, 23404, 24576, 323.50, 62
2026/09/21 05:26:32.541, 100, 23404, 24576, 326.10, 62
2026/09/21 05:26:33.541, 100, 23404, 24576, 323.58, 63
2026/09/21 05:26:34.542, 100, 23404, 24576, 320.59, 62
2026/09/21 05:26:35.542, 100, 23404, 24576, 325.41, 62
2026/09/21 05:26:36.542, 100, 23404, 24576, 321.66, 62
2026/09/21 05:26:37.542, 100, 23404, 24576, 325.65, 62
2026/09/21 05:26:38.543, 100, 23404, 24576, 319.81, 62
2026/09/21 05:26:39.543, 100, 23404, 24576, 320.55, 62
2026/09/21 05:26:40.544, 100, 23404, 24576, 323.61, 63
2026/09/21 05:26:41.544, 100, 23404, 24576, 323.24, 62
2026/09/21 05:26:42.544, 100, 23404, 24576, 323.85, 63
2026/09/21 05:26:43.544, 100, 23404, 24576, 323.91, 62
2026/09/21 05:26:44.545, 100, 23404, 24576, 318.95, 62
2026/09/21 05:26:45.545, 100, 23404, 24576, 319.30, 62
2026/09/21 05:26:46.546, 100, 23404, 24576, 327.27, 62
2026/09/21 05:26:47.546, 100, 23404, 24576, 321.53, 62
2026/09/21 05:26:48.546, 100, 23404, 24576, 320.52, 62
2026/09/21 05:26:49.547, 100, 23404, 24576, 320.68, 64
2026/09/21 05:26:50.547, 100, 23404, 24576, 325.98, 62
2026/09/21 05:26:51.547, 100, 23404, 24576, 318.91, 62
2026/09/21 05:26:52.548, 100, 23404, 24576, 325.11, 63
2026/09/21 05:26:53.548, 100, 23404, 24576, 321.41, 63
2026/09/21 05:26:54.548, 100, 23404, 24576, 327.82, 63
2026/09/21 05:26:55.549, 100, 23404, 24576, 324.31, 62
2026/09/21 05:26:56.549, 100, 23404, 24576, 321.37, 64
2026/09/21 05:26:57.550, 100, 23404, 24576, 324.74, 62
2026/09/21 05:26:58.550, 98, 23404, 24576, 318.10, 63
2026/09/21 05:26:59.550, 100, 23404, 24576, 323.44, 62
2026/09/21 05:27:00.551, 100, 23404, 24576, 317.38, 62
2026/09/21 05:27:01.551, 100, 23404, 24576, 325.83, 63
2026/09/21 05:27:02.551, 100, 23404, 24576, 325.84, 62
2026/09/21 05:27:03.552, 99, 23404, 24576, 318.16, 63
2026/09/21 05:27:04.552, 100, 23404, 24576, 324.32, 62
2026/09/21 05:27:05.552, 100, 23404, 24576, 318.61, 62
2026/09/21 05:27:06.553, 100, 23404, 24576, 318.65, 63
2026/09/21 05:27:07.553, 100, 23404, 24576, 329.34, 63
2026/09/21 05:27:08.553, 100, 23404, 24576, 320.58, 63
2026/09/21 05:27:09.554, 100, 23404, 24576, 310.12, 62
2026/09/21 05:27:10.554, 100, 23404, 24576, 327.64, 63
2026/09/21 05:27:11.554, 100, 23404, 24576, 325.48, 62
2026/09/21 05:27:12.555, 100, 23404, 24576, 319.23, 62
2026/09/21 05:27:13.555, 100, 23404, 24576, 322.55, 63
2026/09/21 05:27:14.555, 100, 23404, 24576, 309.21, 62
2026/09/21 05:27:15.556, 100, 23404, 24576, 318.93, 62
2026/09/21 05:27:16.556, 100, 23404, 24576, 316.88, 62
2026/09/21 05:27:17.556, 100, 23404, 24576, 309.53, 62
2026/09/21 05:27:18.557, 8, 23404, 24576, 324.16, 59
2026/09/21 05:27:19.557, 69, 23404, 24576, 290.30, 62
2026/09/21 05:27:20.557, 70, 23404, 24576, 303.97, 61
2026/09/21 05:27:21.558, 70, 23404, 24576, 303.50, 61
2026/09/21 05:27:22.574, 68, 23404, 24576, 303.18, 62
2026/09/21 05:27:23.575, 68, 23404, 24576, 301.10, 61
2026/09/21 05:27:24.575, 70, 23404, 24576, 302.58, 61
2026/09/21 05:27:25.575, 70, 23404, 24576, 302.19, 62
2026/09/21 05:27:26.575, 65, 23404, 24576, 289.55, 61
2026/09/21 05:27:27.576, 86, 23404, 24576, 297.69, 61
2026/09/21 05:27:28.576, 71, 23404, 24576, 301.02, 61
2026/09/21 05:27:29.576, 0, 23404, 24576, 171.49, 57
2026/09/21 05:27:30.576, 100, 23404, 24576, 289.62, 61
2026/09/21 05:27:31.577, 96, 23404, 24576, 337.21, 61
2026/09/21 05:27:32.577, 100, 23404, 24576, 336.22, 61
2026/09/21 05:27:33.577, 100, 23404, 24576, 336.26, 62
2026/09/21 05:27:34.578, 100, 23404, 24576, 336.10, 62
2026/09/21 05:27:35.578, 100, 23404, 24576, 335.87, 62
2026/09/21 05:27:36.579, 100, 23404, 24576, 334.95, 62
2026/09/21 05:27:37.579, 100, 23404, 24576, 335.49, 62
2026/09/21 05:27:38.579, 100, 23404, 24576, 335.16, 62
2026/09/21 05:27:39.580, 100, 23404, 24576, 335.55, 62
2026/09/21 05:27:40.580, 100, 23404, 24576, 335.33, 62
2026/09/21 05:27:41.580, 100, 23404, 24576, 334.29, 62
2026/09/21 05:27:42.581, 100, 23404, 24576, 334.07, 62
2026/09/21 05:27:43.581, 100, 23404, 24576, 333.08, 62
2026/09/21 05:27:44.581, 100, 23404, 24576, 335.41, 62
2026/09/21 05:27:45.582, 100, 23404, 24576, 331.68, 62
2026/09/21 05:27:46.582, 100, 23404, 24576, 334.02, 62
2026/09/21 05:27:47.582, 100, 23404, 24576, 331.58, 62
2026/09/21 05:27:48.583, 100, 23404, 24576, 333.28, 62
2026/09/21 05:27:49.583, 100, 23404, 24576, 332.48, 62
2026/09/21 05:27:50.583, 100, 23404, 24576, 331.75, 62
2026/09/21 05:27:51.584, 100, 23404, 24576, 333.12, 62
2026/09/21 05:27:52.584, 100, 23404, 24576, 332.83, 62
2026/09/21 05:27:53.584, 100, 23404, 24576, 335.07, 63
2026/09/21 05:27:54.584, 100, 23404, 24576, 331.38, 63
2026/09/21 05:27:55.585, 100, 23404, 24576, 328.19, 62
2026/09/21 05:27:56.585, 100, 23404, 24576, 329.50, 62
2026/09/21 05:27:57.585, 100, 23404, 24576, 327.84, 63
2026/09/21 05:27:58.586, 100, 23404, 24576, 327.06, 62
2026/09/21 05:27:59.588, 100, 23404, 24576, 327.21, 62
2026/09/21 05:28:00.588, 100, 23404, 24576, 330.43, 62
2026/09/21 05:28:01.589, 100, 23404, 24576, 330.29, 62
2026/09/21 05:28:02.589, 100, 23404, 24576, 325.05, 63
2026/09/21 05:28:03.589, 100, 23404, 24576, 328.69, 62
2026/09/21 05:28:04.590, 100, 23404, 24576, 308.12, 62
2026/09/21 05:28:05.590, 100, 23404, 24576, 327.58, 62
2026/09/21 05:28:06.591, 100, 23404, 24576, 324.65, 63
2026/09/21 05:28:07.591, 100, 23404, 24576, 322.75, 62
2026/09/21 05:28:08.591, 100, 23404, 24576, 325.32, 62
2026/09/21 05:28:09.592, 99, 23404, 24576, 325.09, 62
2026/09/21 05:28:10.592, 100, 23404, 24576, 324.76, 62
2026/09/21 05:28:11.592, 100, 23404, 24576, 328.72, 62
2026/09/21 05:28:12.593, 100, 23404, 24576, 322.88, 63
2026/09/21 05:28:13.593, 100, 23404, 24576, 324.04, 63
2026/09/21 05:28:14.593, 100, 23404, 24576, 326.65, 63
2026/09/21 05:28:15.594, 100, 23404, 24576, 323.29, 63
2026/09/21 05:28:16.594, 100, 23404, 24576, 323.38, 63
2026/09/21 05:28:17.594, 100, 23404, 24576, 325.54, 63
2026/09/21 05:28:18.595, 100, 23404, 24576, 320.82, 63
2026/09/21 05:28:19.595, 100, 23404, 24576, 328.40, 63
2026/09/21 05:28:20.595, 100, 23404, 24576, 329.76, 62
2026/09/21 05:28:21.596, 100, 23404, 24576, 325.85, 62
2026/09/21 05:28:22.596, 100, 23404, 24576, 323.89, 63
2026/09/21 05:28:23.596, 100, 23404, 24576, 328.18, 63
2026/09/21 05:28:24.597, 100, 23404, 24576, 324.47, 63
2026/09/21 05:28:25.597, 100, 23404, 24576, 328.70, 62
2026/09/21 05:28:26.597, 100, 23404, 24576, 322.23, 63
2026/09/21 05:28:27.597, 100, 23404, 24576, 326.84, 62
2026/09/21 05:28:28.598, 100, 23404, 24576, 326.07, 63
2026/09/21 05:28:29.598, 100, 23404, 24576, 323.73, 62
2026/09/21 05:28:30.598, 100, 23404, 24576, 323.28, 62
2026/09/21 05:28:31.599, 100, 23404, 24576, 326.96, 63
2026/09/21 05:28:32.599, 100, 23404, 24576, 326.27, 63
2026/09/21 05:28:33.599, 100, 23404, 24576, 323.43, 62
2026/09/21 05:28:34.600, 100, 23404, 24576, 325.94, 63
2026/09/21 05:28:35.600, 100, 23404, 24576, 321.45, 63
2026/09/21 05:28:36.600, 100, 23404, 24576, 321.49, 63
2026/09/21 05:28:37.601, 100, 23404, 24576, 326.52, 63
2026/09/21 05:28:38.601, 100, 23404, 24576, 321.53, 63
2026/09/21 05:28:39.601, 100, 23404, 24576, 321.05, 62
2026/09/21 05:28:40.602, 100, 23404, 24576, 327.24, 62
2026/09/21 05:28:41.602, 100, 23404, 24576, 328.79, 63
2026/09/21 05:28:42.603, 100, 23404, 24576, 323.07, 63
2026/09/21 05:28:43.603, 100, 23404, 24576, 323.10, 63
2026/09/21 05:28:44.603, 100, 23404, 24576, 317.83, 63
2026/09/21 05:28:45.604, 100, 23404, 24576, 318.70, 63
2026/09/21 05:28:46.604, 100, 23404, 24576, 320.84, 62
2026/09/21 05:28:47.605, 100, 23404, 24576, 324.36, 62
2026/09/21 05:28:48.607, 100, 23404, 24576, 319.93, 62
2026/09/21 05:28:49.608, 100, 23404, 24576, 318.82, 62
2026/09/21 05:28:50.608, 100, 23404, 24576, 321.40, 62
2026/09/21 05:28:51.608, 100, 23404, 24576, 321.14, 63
2026/09/21 05:28:52.608, 100, 23404, 24576, 317.90, 63
2026/09/21 05:28:53.609, 100, 23404, 24576, 306.37, 63
2026/09/21 05:28:54.609, 100, 23404, 24576, 327.13, 62
2026/09/21 05:28:55.609, 100, 23404, 24576, 321.55, 62
2026/09/21 05:28:56.610, 100, 23404, 24576, 319.12, 62
2026/09/21 05:28:57.610, 100, 23404, 24576, 321.63, 63
2026/09/21 05:28:58.611, 100, 23404, 24576, 320.74, 63
2026/09/21 05:28:59.611, 100, 23404, 24576, 324.81, 62
2026/09/21 05:29:00.611, 100, 23404, 24576, 322.61, 62
2026/09/21 05:29:01.612, 100, 23404, 24576, 322.28, 63
2026/09/21 05:29:02.612, 100, 23404, 24576, 322.07, 63
2026/09/21 05:29:03.612, 99, 23404, 24576, 324.95, 62
2026/09/21 05:29:04.613, 100, 23404, 24576, 322.10, 62
2026/09/21 05:29:05.613, 100, 23404, 24576, 323.20, 63
2026/09/21 05:29:06.613, 100, 23404, 24576, 324.21, 62
2026/09/21 05:29:07.614, 100, 23404, 24576, 318.80, 62
2026/09/21 05:29:08.614, 100, 23404, 24576, 324.46, 62
2026/09/21 05:29:09.614, 100, 23404, 24576, 321.84, 62
2026/09/21 05:29:10.614, 100, 23404, 24576, 323.72, 62
2026/09/21 05:29:11.615, 100, 23404, 24576, 324.95, 62
2026/09/21 05:29:12.615, 100, 23404, 24576, 322.65, 63
2026/09/21 05:29:13.615, 100, 23404, 24576, 319.66, 62
2026/09/21 05:29:14.616, 99, 23404, 24576, 319.74, 63
2026/09/21 05:29:15.616, 100, 23404, 24576, 324.20, 62
2026/09/21 05:29:16.616, 100, 23404, 24576, 324.55, 63
2026/09/21 05:29:17.617, 100, 23404, 24576, 318.58, 62
2026/09/21 05:29:18.617, 100, 23404, 24576, 316.48, 63
2026/09/21 05:29:19.617, 100, 23404, 24576, 319.66, 62
2026/09/21 05:29:20.618, 100, 23404, 24576, 322.01, 62
2026/09/21 05:29:21.618, 100, 23404, 24576, 325.41, 63
2026/09/21 05:29:22.618, 100, 23404, 24576, 320.80, 62
2026/09/21 05:29:23.619, 100, 23404, 24576, 325.92, 62
2026/09/21 05:29:24.619, 100, 23404, 24576, 325.08, 62
2026/09/21 05:29:25.619, 100, 23404, 24576, 318.44, 62
2026/09/21 05:29:26.620, 100, 23404, 24576, 320.56, 62
2026/09/21 05:29:27.620, 100, 23404, 24576, 324.42, 62
2026/09/21 05:29:28.620, 100, 23404, 24576, 317.48, 62
2026/09/21 05:29:29.620, 100, 23404, 24576, 315.54, 63
2026/09/21 05:29:30.621, 100, 23404, 24576, 321.27, 62
2026/09/21 05:29:31.621, 100, 23404, 24576, 320.60, 62
2026/09/21 05:29:32.621, 100, 23404, 24576, 318.67, 62
2026/09/21 05:29:33.622, 100, 23404, 24576, 318.73, 62
2026/09/21 05:29:34.622, 100, 23404, 24576, 322.47, 63
2026/09/21 05:29:35.622, 100, 23404, 24576, 327.65, 63
2026/09/21 05:29:36.623, 100, 23404, 24576, 325.29, 62
2026/09/21 05:29:37.623, 100, 23404, 24576, 321.36, 62
2026/09/21 05:29:38.623, 100, 23404, 24576, 317.55, 63
2026/09/21 05:29:39.624, 100, 23404, 24576, 320.01, 63
2026/09/21 05:29:40.624, 100, 23404, 24576, 322.23, 63
2026/09/21 05:29:41.624, 100, 23404, 24576, 323.69, 63
2026/09/21 05:29:42.625, 98, 23404, 24576, 325.77, 62
2026/09/21 05:29:43.625, 100, 23404, 24576, 325.04, 62
2026/09/21 05:29:44.626, 100, 23404, 24576, 328.08, 63
2026/09/21 05:29:45.626, 100, 23404, 24576, 328.29, 63
2026/09/21 05:29:46.626, 99, 23404, 24576, 323.17, 62
2026/09/21 05:29:47.627, 100, 23404, 24576, 322.87, 62
2026/09/21 05:29:48.627, 100, 23404, 24576, 323.59, 62
2026/09/21 05:29:49.627, 100, 23404, 24576, 325.44, 62
2026/09/21 05:29:50.628, 100, 23404, 24576, 328.26, 63
2026/09/21 05:29:51.628, 100, 23404, 24576, 321.68, 62
2026/09/21 05:29:52.628, 100, 23404, 24576, 322.63, 62
2026/09/21 05:29:53.629, 100, 23404, 24576, 325.58, 63
2026/09/21 05:29:54.629, 100, 23404, 24576, 328.72, 63
2026/09/21 05:29:55.629, 100, 23404, 24576, 303.15, 63
2026/09/21 05:29:56.630, 100, 23404, 24576, 320.83, 62
2026/09/21 05:29:57.630, 100, 23404, 24576, 319.50, 62
2026/09/21 05:29:58.630, 100, 23404, 24576, 323.00, 62
2026/09/21 05:29:59.631, 99, 23404, 24576, 320.08, 62
2026/09/21 05:30:00.631, 100, 23404, 24576, 324.23, 62
2026/09/21 05:30:01.632, 100, 23404, 24576, 325.87, 63
2026/09/21 05:30:02.632, 100, 23404, 24576, 323.10, 63
2026/09/21 05:30:03.632, 100, 23404, 24576, 322.03, 62
2026/09/21 05:30:04.633, 100, 23429, 24576, 318.84, 63
2026/09/21 05:30:05.633, 100, 23665, 24576, 321.62, 62
2026/09/21 05:30:06.659, 100, 23404, 24576, 324.86, 63
2026/09/21 05:30:07.791, 100, 23404, 24576, 326.28, 64
2026/09/21 05:30:08.792, 98, 23404, 24576, 321.44, 64
2026/09/21 05:30:09.792, 100, 23404, 24576, 321.62, 62
2026/09/21 05:30:10.792, 100, 23404, 24576, 322.40, 62
2026/09/21 05:30:11.793, 100, 23404, 24576, 324.46, 63
2026/09/21 05:30:12.793, 100, 23404, 24576, 322.97, 62
2026/09/21 05:30:13.793, 100, 23404, 24576, 318.08, 63
2026/09/21 05:30:14.793, 100, 23404, 24576, 322.89, 62
2026/09/21 05:30:15.794, 100, 23404, 24576, 323.94, 64
2026/09/21 05:30:16.794, 100, 23404, 24576, 323.18, 62
2026/09/21 05:30:17.794, 100, 23404, 24576, 319.25, 63
2026/09/21 05:30:18.795, 100, 23404, 24576, 326.01, 63
2026/09/21 05:30:19.795, 100, 23404, 24576, 323.72, 64
2026/09/21 05:30:20.796, 100, 23404, 24576, 323.62, 62
2026/09/21 05:30:21.796, 100, 23404, 24576, 323.61, 63
2026/09/21 05:30:22.796, 100, 23404, 24576, 325.41, 63
2026/09/21 05:30:23.796, 100, 23404, 24576, 322.67, 62
2026/09/21 05:30:24.797, 100, 23404, 24576, 322.84, 63
2026/09/21 05:30:25.797, 100, 23404, 24576, 324.95, 63
2026/09/21 05:30:26.797, 100, 23404, 24576, 324.87, 62
2026/09/21 05:30:27.798, 100, 23404, 24576, 324.29, 63
2026/09/21 05:30:28.798, 100, 23404, 24576, 322.86, 62
2026/09/21 05:30:29.798, 100, 23404, 24576, 324.83, 63
2026/09/21 05:30:30.799, 100, 23404, 24576, 323.49, 63
2026/09/21 05:30:31.799, 100, 23404, 24576, 319.78, 63
2026/09/21 05:30:32.799, 100, 23404, 24576, 327.19, 63
2026/09/21 05:30:33.800, 100, 23404, 24576, 322.79, 62
2026/09/21 05:30:34.800, 100, 23404, 24576, 322.40, 64
2026/09/21 05:30:35.800, 100, 23404, 24576, 322.82, 62
2026/09/21 05:30:36.801, 100, 23404, 24576, 321.05, 62
2026/09/21 05:30:37.801, 100, 23404, 24576, 322.88, 63
2026/09/21 05:30:38.801, 100, 23404, 24576, 325.70, 62
2026/09/21 05:30:39.802, 100, 23404, 24576, 323.49, 62
2026/09/21 05:30:40.802, 100, 23404, 24576, 323.88, 63
2026/09/21 05:30:41.802, 100, 23404, 24576, 320.59, 63
2026/09/21 05:30:42.802, 100, 23404, 24576, 327.01, 62
2026/09/21 05:30:43.803, 100, 23404, 24576, 321.21, 62
2026/09/21 05:30:44.803, 100, 23404, 24576, 322.32, 63
2026/09/21 05:30:45.803, 100, 23404, 24576, 322.53, 62
2026/09/21 05:30:46.804, 100, 23404, 24576, 322.69, 63
2026/09/21 05:30:47.804, 100, 23404, 24576, 322.74, 62
2026/09/21 05:30:48.804, 100, 23404, 24576, 320.58, 64
2026/09/21 05:30:49.805, 100, 23404, 24576, 324.76, 62
2026/09/21 05:30:50.805, 100, 23404, 24576, 319.14, 63
2026/09/21 05:30:51.805, 100, 23404, 24576, 321.67, 62
2026/09/21 05:30:52.806, 100, 23404, 24576, 315.67, 62
2026/09/21 05:30:53.806, 100, 23404, 24576, 322.85, 63
2026/09/21 05:30:54.806, 100, 23404, 24576, 322.95, 62
2026/09/21 05:30:55.807, 100, 23404, 24576, 317.03, 63
2026/09/21 05:30:56.807, 100, 23404, 24576, 323.09, 62
2026/09/21 05:30:57.807, 100, 23404, 24576, 318.11, 62
2026/09/21 05:30:58.808, 100, 23404, 24576, 319.10, 64
2026/09/21 05:30:59.808, 100, 23404, 24576, 329.05, 62
2026/09/21 05:31:00.808, 100, 23404, 24576, 322.71, 62
2026/09/21 05:31:01.809, 100, 23404, 24576, 302.73, 63
2026/09/21 05:31:02.809, 100, 23404, 24576, 327.32, 63
2026/09/21 05:31:03.809, 100, 23404, 24576, 324.92, 62
2026/09/21 05:31:04.809, 100, 23404, 24576, 318.61, 63
2026/09/21 05:31:05.810, 100, 23404, 24576, 320.78, 64
2026/09/21 05:31:06.810, 82, 23404, 24576, 310.67, 62
2026/09/21 05:31:07.810, 100, 23404, 24576, 316.54, 62
2026/09/21 05:31:08.811, 100, 23404, 24576, 320.14, 62
2026/09/21 05:31:09.811, 100, 23404, 24576, 317.17, 62
2026/09/21 05:31:10.811, 100, 23404, 24576, 318.05, 63
2026/09/21 05:31:11.812, 44, 23404, 24576, 316.12, 60
2026/09/21 05:31:12.812, 69, 23404, 24576, 301.30, 62
2026/09/21 05:31:13.812, 70, 23404, 24576, 309.64, 61
2026/09/21 05:31:14.813, 70, 23404, 24576, 309.65, 61
2026/09/21 05:31:15.813, 68, 23404, 24576, 309.77, 62
2026/09/21 05:31:16.813, 74, 23404, 24576, 310.51, 61
2026/09/21 05:31:17.814, 69, 23404, 24576, 309.80, 61
2026/09/21 05:31:18.814, 70, 23404, 24576, 310.42, 62
2026/09/21 05:31:19.814, 69, 23404, 24576, 309.80, 61
2026/09/21 05:31:20.815, 69, 23404, 24576, 310.06, 61
2026/09/21 05:31:21.873, 0, 23404, 24576, 250.90, 58
2026/09/21 05:31:22.873, 100, 23404, 24576, 239.12, 62
2026/09/21 05:31:23.874, 100, 23404, 24576, 337.98, 62
2026/09/21 05:31:24.874, 100, 23404, 24576, 336.73, 62
2026/09/21 05:31:25.874, 100, 23404, 24576, 337.35, 61
2026/09/21 05:31:26.874, 100, 23404, 24576, 335.63, 62
2026/09/21 05:31:27.875, 100, 23404, 24576, 333.09, 62
2026/09/21 05:31:28.875, 100, 23404, 24576, 339.12, 62
2026/09/21 05:31:29.875, 100, 23404, 24576, 336.02, 62
2026/09/21 05:31:30.876, 100, 23404, 24576, 335.88, 62
2026/09/21 05:31:31.876, 100, 23404, 24576, 332.40, 62
2026/09/21 05:31:32.877, 100, 23404, 24576, 335.63, 63
2026/09/21 05:31:33.877, 100, 23404, 24576, 333.25, 62
2026/09/21 05:31:34.877, 100, 23404, 24576, 337.11, 62
2026/09/21 05:31:35.878, 100, 23404, 24576, 333.12, 63
2026/09/21 05:31:36.878, 100, 23404, 24576, 332.86, 62
2026/09/21 05:31:37.878, 94, 23404, 24576, 328.86, 63
2026/09/21 05:31:38.879, 100, 23404, 24576, 332.98, 62
2026/09/21 05:31:39.879, 100, 23404, 24576, 334.57, 63
2026/09/21 05:31:40.879, 100, 23404, 24576, 331.64, 63
2026/09/21 05:31:41.879, 100, 23404, 24576, 333.06, 63
2026/09/21 05:31:42.880, 100, 23404, 24576, 329.65, 63
2026/09/21 05:31:43.880, 100, 23404, 24576, 333.28, 63
2026/09/21 05:31:44.880, 100, 23404, 24576, 327.96, 63
2026/09/21 05:31:45.881, 100, 23404, 24576, 329.21, 63
2026/09/21 05:31:46.881, 99, 23404, 24576, 331.04, 62
2026/09/21 05:31:47.881, 100, 23404, 24576, 330.06, 63
2026/09/21 05:31:48.882, 100, 23404, 24576, 334.19, 63
2026/09/21 05:31:49.882, 100, 23404, 24576, 329.19, 62
2026/09/21 05:31:50.882, 100, 23404, 24576, 331.85, 63
2026/09/21 05:31:51.883, 83, 23404, 24576, 326.95, 63
2026/09/21 05:31:52.883, 100, 23404, 24576, 327.44, 63
2026/09/21 05:31:53.884, 100, 23404, 24576, 328.13, 63
2026/09/21 05:31:54.884, 100, 23404, 24576, 330.67, 63
2026/09/21 05:31:55.884, 100, 23404, 24576, 329.73, 63
2026/09/21 05:31:56.885, 100, 23404, 24576, 322.18, 62
2026/09/21 05:31:57.885, 100, 23404, 24576, 308.23, 63
2026/09/21 05:31:58.885, 100, 23404, 24576, 329.01, 62
2026/09/21 05:31:59.886, 100, 23404, 24576, 330.33, 63
2026/09/21 05:32:00.886, 100, 23404, 24576, 331.50, 62
2026/09/21 05:32:01.887, 100, 23404, 24576, 327.87, 63
2026/09/21 05:32:02.887, 100, 23404, 24576, 322.05, 63
2026/09/21 05:32:03.887, 100, 23404, 24576, 330.06, 63
2026/09/21 05:32:04.888, 100, 23404, 24576, 330.79, 63
2026/09/21 05:32:05.888, 100, 23404, 24576, 325.84, 63
2026/09/21 05:32:06.888, 100, 23404, 24576, 325.25, 62
2026/09/21 05:32:07.889, 98, 23404, 24576, 323.45, 63
2026/09/21 05:32:08.889, 100, 23404, 24576, 322.04, 63
2026/09/21 05:32:09.890, 100, 23404, 24576, 322.80, 62
2026/09/21 05:32:10.890, 100, 23404, 24576, 323.90, 63
2026/09/21 05:32:11.890, 100, 23404, 24576, 322.01, 62
2026/09/21 05:32:12.891, 100, 23404, 24576, 326.59, 63
2026/09/21 05:32:13.891, 100, 23404, 24576, 325.01, 62
2026/09/21 05:32:14.891, 100, 23404, 24576, 327.00, 63
2026/09/21 05:32:15.892, 100, 23404, 24576, 322.90, 62
2026/09/21 05:32:16.892, 100, 23404, 24576, 319.42, 62
2026/09/21 05:32:17.892, 100, 23404, 24576, 328.87, 63
2026/09/21 05:32:18.893, 100, 23404, 24576, 325.02, 63
2026/09/21 05:32:19.893, 100, 23404, 24576, 320.15, 62
2026/09/21 05:32:20.893, 100, 23404, 24576, 324.69, 63
2026/09/21 05:32:21.894, 100, 23404, 24576, 326.46, 62
2026/09/21 05:32:22.894, 100, 23404, 24576, 325.22, 63
2026/09/21 05:32:23.894, 100, 23404, 24576, 325.89, 62
2026/09/21 05:32:24.895, 100, 23404, 24576, 322.58, 64
2026/09/21 05:32:25.895, 100, 23404, 24576, 320.35, 63
2026/09/21 05:32:26.895, 100, 23404, 24576, 322.20, 64
2026/09/21 05:32:27.896, 100, 23404, 24576, 321.98, 63
2026/09/21 05:32:28.896, 100, 23404, 24576, 319.39, 63
2026/09/21 05:32:29.896, 100, 23404, 24576, 324.96, 64
2026/09/21 05:32:30.896, 100, 23404, 24576, 323.96, 64
2026/09/21 05:32:31.897, 100, 23404, 24576, 326.63, 63
2026/09/21 05:32:32.897, 100, 23404, 24576, 321.46, 63
2026/09/21 05:32:33.898, 100, 23404, 24576, 319.02, 63
2026/09/21 05:32:34.898, 100, 23404, 24576, 317.83, 63
2026/09/21 05:32:35.898, 100, 23404, 24576, 323.19, 63
2026/09/21 05:32:36.899, 100, 23404, 24576, 329.06, 63
2026/09/21 05:32:37.899, 100, 23404, 24576, 329.28, 64
2026/09/21 05:32:38.900, 100, 23404, 24576, 318.51, 62
2026/09/21 05:32:39.900, 100, 23404, 24576, 323.19, 62
2026/09/21 05:32:40.901, 100, 23404, 24576, 322.85, 62
2026/09/21 05:32:41.901, 100, 23404, 24576, 319.64, 64
2026/09/21 05:32:42.901, 100, 23404, 24576, 320.44, 62
2026/09/21 05:32:43.902, 100, 23404, 24576, 322.15, 63
2026/09/21 05:32:44.902, 100, 23404, 24576, 319.03, 63
2026/09/21 05:32:45.902, 100, 23404, 24576, 303.50, 64
2026/09/21 05:32:46.903, 100, 23404, 24576, 323.64, 63
2026/09/21 05:32:47.903, 100, 23404, 24576, 326.20, 62
2026/09/21 05:32:48.904, 100, 23404, 24576, 321.15, 63
2026/09/21 05:32:49.904, 100, 23404, 24576, 317.06, 63
2026/09/21 05:32:50.904, 100, 23404, 24576, 321.66, 64
2026/09/21 05:32:51.905, 100, 23404, 24576, 323.56, 63
2026/09/21 05:32:52.905, 100, 23404, 24576, 324.14, 63
2026/09/21 05:32:53.905, 100, 23404, 24576, 323.24, 63
2026/09/21 05:32:54.906, 100, 23404, 24576, 321.74, 64
2026/09/21 05:32:55.906, 100, 23404, 24576, 321.73, 62
2026/09/21 05:32:56.907, 100, 23404, 24576, 321.96, 62
2026/09/21 05:32:57.907, 100, 23404, 24576, 322.63, 64
2026/09/21 05:32:58.907, 100, 23404, 24576, 322.97, 63
2026/09/21 05:32:59.908, 97, 23404, 24576, 320.73, 63
2026/09/21 05:33:00.908, 100, 23404, 24576, 322.12, 64
2026/09/21 05:33:01.908, 100, 23404, 24576, 321.07, 62
2026/09/21 05:33:02.909, 100, 23404, 24576, 323.46, 64
2026/09/21 05:33:03.909, 100, 23404, 24576, 324.41, 64
2026/09/21 05:33:04.909, 100, 23404, 24576, 323.24, 63
2026/09/21 05:33:05.910, 100, 23404, 24576, 321.98, 63
2026/09/21 05:33:06.911, 100, 23404, 24576, 323.49, 64
2026/09/21 05:33:07.911, 100, 23404, 24576, 322.74, 64
2026/09/21 05:33:08.911, 100, 23404, 24576, 322.39, 64
2026/09/21 05:33:09.912, 100, 23404, 24576, 321.14, 63
2026/09/21 05:33:10.912, 100, 23404, 24576, 326.02, 64
2026/09/21 05:33:11.912, 100, 23404, 24576, 323.10, 63
2026/09/21 05:33:12.913, 100, 23404, 24576, 326.03, 64
2026/09/21 05:33:13.913, 100, 23404, 24576, 322.42, 63
2026/09/21 05:33:14.913, 100, 23404, 24576, 318.94, 62
2026/09/21 05:33:15.914, 100, 23404, 24576, 319.59, 64
2026/09/21 05:33:16.914, 100, 23404, 24576, 319.41, 63
2026/09/21 05:33:17.914, 100, 23404, 24576, 320.85, 63
2026/09/21 05:33:18.915, 100, 23404, 24576, 322.47, 63
2026/09/21 05:33:19.915, 100, 23404, 24576, 319.51, 63
2026/09/21 05:33:20.915, 100, 23404, 24576, 320.85, 63
2026/09/21 05:33:21.916, 100, 23404, 24576, 326.88, 63
2026/09/21 05:33:22.916, 100, 23404, 24576, 322.94, 63
2026/09/21 05:33:23.916, 100, 23404, 24576, 320.30, 63
2026/09/21 05:33:24.917, 100, 23404, 24576, 322.93, 63
2026/09/21 05:33:25.917, 100, 23404, 24576, 326.33, 63
2026/09/21 05:33:26.917, 99, 23404, 24576, 325.13, 63
2026/09/21 05:33:27.918, 100, 23404, 24576, 322.62, 64
2026/09/21 05:33:28.918, 100, 23404, 24576, 317.61, 63
2026/09/21 05:33:29.918, 100, 23404, 24576, 319.48, 63
2026/09/21 05:33:30.919, 100, 23404, 24576, 320.97, 63
2026/09/21 05:33:31.919, 100, 23404, 24576, 324.76, 64
2026/09/21 05:33:32.919, 100, 23404, 24576, 328.72, 64
2026/09/21 05:33:33.920, 100, 23404, 24576, 327.14, 64
2026/09/21 05:33:34.920, 100, 23404, 24576, 327.36, 64
2026/09/21 05:33:35.920, 100, 23404, 24576, 320.02, 63
2026/09/21 05:33:36.921, 100, 23404, 24576, 318.00, 64
2026/09/21 05:33:37.921, 100, 23404, 24576, 318.86, 64
2026/09/21 05:33:38.921, 100, 23404, 24576, 318.99, 64
2026/09/21 05:33:39.922, 100, 23404, 24576, 316.23, 63
2026/09/21 05:33:40.922, 100, 23404, 24576, 321.73, 63
2026/09/21 05:33:41.922, 100, 23404, 24576, 320.22, 63
2026/09/21 05:33:42.923, 100, 23404, 24576, 318.97, 64
2026/09/21 05:33:43.923, 100, 23404, 24576, 315.17, 63
2026/09/21 05:33:44.923, 100, 23404, 24576, 320.90, 63
2026/09/21 05:33:45.924, 100, 23404, 24576, 321.30, 64
2026/09/21 05:33:46.924, 100, 23404, 24576, 319.37, 64
2026/09/21 05:33:47.924, 100, 23404, 24576, 318.62, 63
2026/09/21 05:33:48.925, 100, 23404, 24576, 310.94, 63
2026/09/21 05:33:49.925, 100, 23404, 24576, 326.76, 63
2026/09/21 05:33:50.925, 100, 23404, 24576, 323.14, 63
2026/09/21 05:33:51.926, 100, 23404, 24576, 322.66, 63
2026/09/21 05:33:52.926, 100, 23404, 24576, 317.41, 64
2026/09/21 05:33:53.926, 100, 23404, 24576, 321.16, 63
2026/09/21 05:33:54.927, 100, 23404, 24576, 320.89, 63
2026/09/21 05:33:55.927, 100, 23404, 24576, 324.97, 64
2026/09/21 05:33:56.927, 98, 23404, 24576, 327.19, 63
2026/09/21 05:33:57.928, 100, 23404, 24576, 326.55, 64
2026/09/21 05:33:58.928, 100, 23404, 24576, 323.76, 63
2026/09/21 05:33:59.928, 100, 23404, 24576, 320.84, 63
2026/09/21 05:34:00.929, 100, 23404, 24576, 324.72, 64
2026/09/21 05:34:01.929, 100, 23404, 24576, 327.35, 63
2026/09/21 05:34:02.930, 100, 23404, 24576, 326.16, 64
2026/09/21 05:34:03.930, 100, 23404, 24576, 322.64, 63
2026/09/21 05:34:04.930, 100, 23404, 24576, 321.86, 63
2026/09/21 05:34:05.931, 100, 23404, 24576, 322.80, 63
2026/09/21 05:34:06.931, 100, 23404, 24576, 325.28, 65
2026/09/21 05:34:07.931, 100, 23404, 24576, 323.31, 63
2026/09/21 05:34:08.932, 100, 23404, 24576, 322.58, 63
2026/09/21 05:34:09.932, 100, 23404, 24576, 324.22, 65
2026/09/21 05:34:10.932, 100, 23404, 24576, 321.17, 64
2026/09/21 05:34:11.933, 100, 23404, 24576, 324.76, 63
2026/09/21 05:34:12.933, 100, 23404, 24576, 322.49, 64
2026/09/21 05:34:13.934, 100, 23404, 24576, 324.36, 63
2026/09/21 05:34:14.934, 100, 23404, 24576, 318.38, 64
2026/09/21 05:34:15.934, 100, 23404, 24576, 326.63, 64
2026/09/21 05:34:16.935, 100, 23404, 24576, 324.19, 64
2026/09/21 05:34:17.935, 100, 23404, 24576, 325.79, 63
2026/09/21 05:34:18.936, 100, 23404, 24576, 321.58, 65
2026/09/21 05:34:19.936, 100, 23404, 24576, 322.07, 64
2026/09/21 05:34:20.936, 100, 23404, 24576, 325.36, 63
2026/09/21 05:34:21.937, 100, 23404, 24576, 321.49, 64
2026/09/21 05:34:22.937, 100, 23404, 24576, 325.05, 63
2026/09/21 05:34:23.937, 100, 23404, 24576, 320.43, 65
2026/09/21 05:34:24.938, 100, 23404, 24576, 320.18, 63
2026/09/21 05:34:25.938, 100, 23404, 24576, 323.67, 64
2026/09/21 05:34:26.938, 100, 23404, 24576, 322.32, 64
2026/09/21 05:34:27.939, 100, 23404, 24576, 324.08, 64
2026/09/21 05:34:28.939, 100, 23404, 24576, 323.51, 63
2026/09/21 05:34:29.940, 100, 23404, 24576, 318.58, 63
2026/09/21 05:34:30.940, 100, 23404, 24576, 316.97, 63
2026/09/21 05:34:31.940, 100, 23404, 24576, 327.03, 63
2026/09/21 05:34:32.940, 100, 23404, 24576, 322.07, 64
2026/09/21 05:34:33.941, 92, 23404, 24576, 320.78, 63
2026/09/21 05:34:34.941, 100, 23404, 24576, 318.68, 64
2026/09/21 05:34:35.942, 100, 23404, 24576, 327.02, 63
2026/09/21 05:34:36.942, 100, 23404, 24576, 321.60, 63
2026/09/21 05:34:37.942, 100, 23404, 24576, 324.78, 64
2026/09/21 05:34:38.943, 100, 23404, 24576, 323.28, 64
2026/09/21 05:34:39.943, 100, 23404, 24576, 326.49, 64
2026/09/21 05:34:40.944, 100, 23404, 24576, 324.05, 63
2026/09/21 05:34:41.944, 100, 23404, 24576, 319.27, 64
2026/09/21 05:34:42.944, 100, 23404, 24576, 327.00, 63
2026/09/21 05:34:43.945, 98, 23404, 24576, 317.50, 64
2026/09/21 05:34:44.945, 100, 23404, 24576, 325.43, 63
2026/09/21 05:34:45.945, 100, 23404, 24576, 321.51, 64
2026/09/21 05:34:46.946, 100, 23404, 24576, 324.05, 65
2026/09/21 05:34:47.946, 100, 23404, 24576, 325.87, 63
2026/09/21 05:34:48.946, 98, 23404, 24576, 316.45, 64
2026/09/21 05:34:49.947, 100, 23404, 24576, 326.44, 63
2026/09/21 05:34:50.947, 100, 23404, 24576, 323.28, 63
2026/09/21 05:34:51.972, 100, 23404, 24576, 324.78, 63
2026/09/21 05:34:52.973, 100, 23404, 24576, 316.21, 64
2026/09/21 05:34:53.973, 100, 23404, 24576, 313.66, 64
2026/09/21 05:34:54.973, 100, 23404, 24576, 323.71, 63
2026/09/21 05:34:55.974, 100, 23404, 24576, 318.92, 63
2026/09/21 05:34:56.974, 100, 23404, 24576, 321.06, 65
2026/09/21 05:34:57.974, 100, 23404, 24576, 328.74, 64
2026/09/21 05:34:58.975, 100, 23404, 24576, 304.95, 63
2026/09/21 05:34:59.975, 100, 23404, 24576, 315.39, 63
2026/09/21 05:35:00.975, 100, 23404, 24576, 314.60, 63
2026/09/21 05:35:01.976, 100, 23404, 24576, 313.45, 64
2026/09/21 05:35:02.976, 100, 23404, 24576, 323.68, 64
2026/09/21 05:35:03.977, 71, 23404, 24576, 314.95, 63
2026/09/21 05:35:04.977, 70, 23404, 24576, 301.59, 63
2026/09/21 05:35:05.977, 75, 23404, 24576, 311.38, 63
2026/09/21 05:35:06.980, 72, 23404, 24576, 300.42, 63
2026/09/21 05:35:07.980, 71, 23404, 24576, 297.14, 62
2026/09/21 05:35:08.981, 64, 23404, 24576, 300.52, 63
2026/09/21 05:35:09.981, 69, 23404, 24576, 298.32, 63
2026/09/21 05:35:10.981, 70, 23404, 24576, 298.73, 62
2026/09/21 05:35:11.982, 69, 23404, 24576, 298.10, 62
2026/09/21 05:35:12.982, 69, 23404, 24576, 297.58, 62
2026/09/21 05:35:13.982, 0, 23404, 24576, 211.65, 58
2026/09/21 05:35:14.983, 0, 23404, 24576, 171.21, 58
2026/09/21 05:35:15.983, 0, 23404, 24576, 145.14, 57
2026/09/21 05:35:16.983, 0, 23404, 24576, 134.64, 56
2026/09/21 05:35:17.984, 0, 23404, 24576, 123.99, 56
2026/09/21 05:35:18.984, 0, 23404, 24576, 123.40, 55
2026/09/21 05:35:19.984, 0, 23404, 24576, 123.10, 55
2026/09/21 05:35:20.985, 0, 23404, 24576, 122.77, 54
2026/09/21 05:35:21.985, 100, 23404, 24576, 212.41, 60
2026/09/21 05:35:22.985, 100, 23404, 24576, 338.26, 60
2026/09/21 05:35:23.986, 100, 23404, 24576, 336.59, 60
2026/09/21 05:35:24.986, 100, 23404, 24576, 335.94, 60
2026/09/21 05:35:25.986, 100, 23404, 24576, 336.81, 61
2026/09/21 05:35:26.987, 100, 23404, 24576, 333.88, 61
2026/09/21 05:35:27.987, 100, 23404, 24576, 335.60, 61
2026/09/21 05:35:28.987, 100, 23404, 24576, 336.35, 61
2026/09/21 05:35:29.988, 100, 23404, 24576, 335.57, 61
2026/09/21 05:35:30.988, 100, 23404, 24576, 334.74, 61
2026/09/21 05:35:31.988, 100, 23404, 24576, 334.65, 61
2026/09/21 05:35:32.989, 100, 23404, 24576, 332.28, 62
2026/09/21 05:35:33.989, 100, 23404, 24576, 333.93, 61
2026/09/21 05:35:34.989, 100, 23404, 24576, 333.52, 62
2026/09/21 05:35:35.990, 100, 23404, 24576, 332.20, 62
2026/09/21 05:35:36.990, 100, 23404, 24576, 332.89, 62
2026/09/21 05:35:37.991, 100, 23404, 24576, 333.18, 61
2026/09/21 05:35:38.991, 99, 23404, 24576, 331.81, 61
2026/09/21 05:35:39.991, 100, 23404, 24576, 330.33, 62
2026/09/21 05:35:40.992, 100, 23404, 24576, 332.38, 62
2026/09/21 05:35:41.992, 100, 23404, 24576, 332.38, 62
2026/09/21 05:35:42.993, 100, 23404, 24576, 332.83, 62
2026/09/21 05:35:43.993, 100, 23404, 24576, 328.93, 63
2026/09/21 05:35:44.993, 100, 23404, 24576, 332.68, 62
2026/09/21 05:35:45.994, 96, 23404, 24576, 327.95, 62
2026/09/21 05:35:46.994, 100, 23404, 24576, 333.25, 63
2026/09/21 05:35:47.994, 100, 23404, 24576, 332.65, 63
2026/09/21 05:35:48.995, 100, 23404, 24576, 327.86, 62
2026/09/21 05:35:49.995, 100, 23404, 24576, 332.83, 63
2026/09/21 05:35:50.995, 100, 23404, 24576, 326.81, 63
2026/09/21 05:35:51.996, 100, 23404, 24576, 330.44, 63
2026/09/21 05:35:52.996, 100, 23404, 24576, 329.92, 62
2026/09/21 05:35:53.996, 100, 23404, 24576, 329.05, 63
2026/09/21 05:35:54.997, 100, 23404, 24576, 329.43, 63
2026/09/21 05:35:55.997, 13, 23404, 24576, 301.02, 59
2026/09/21 05:35:56.997, 100, 23404, 24576, 312.26, 63
2026/09/21 05:35:57.998, 100, 23404, 24576, 326.13, 63
2026/09/21 05:35:58.998, 100, 23404, 24576, 326.00, 63
2026/09/21 05:35:59.998, 100, 23404, 24576, 327.15, 63
2026/09/21 05:36:00.999, 100, 23404, 24576, 330.91, 63
2026/09/21 05:36:01.999, 100, 23404, 24576, 323.79, 63
2026/09/21 05:36:03.000, 100, 23404, 24576, 326.95, 63
2026/09/21 05:36:04.000, 96, 23404, 24576, 324.28, 62
2026/09/21 05:36:05.000, 100, 23404, 24576, 325.37, 63
2026/09/21 05:36:06.001, 100, 23404, 24576, 330.72, 63
2026/09/21 05:36:07.001, 100, 23404, 24576, 325.93, 63
2026/09/21 05:36:08.001, 100, 23404, 24576, 327.15, 62
2026/09/21 05:36:09.002, 100, 23404, 24576, 328.14, 63
2026/09/21 05:36:10.002, 100, 23404, 24576, 325.32, 63
2026/09/21 05:36:11.003, 100, 23404, 24576, 329.78, 63
2026/09/21 05:36:12.003, 100, 23404, 24576, 324.02, 64
2026/09/21 05:36:13.003, 100, 23404, 24576, 323.24, 64
2026/09/21 05:36:14.003, 100, 23404, 24576, 322.42, 62
2026/09/21 05:36:15.004, 100, 23404, 24576, 324.67, 64
2026/09/21 05:36:16.004, 100, 23404, 24576, 327.53, 64
2026/09/21 05:36:17.004, 100, 23404, 24576, 324.35, 63
2026/09/21 05:36:18.005, 100, 23404, 24576, 324.34, 64
2026/09/21 05:36:19.005, 100, 23404, 24576, 328.19, 64
2026/09/21 05:36:20.005, 100, 23404, 24576, 325.18, 63
2026/09/21 05:36:21.006, 100, 23404, 24576, 324.37, 64
2026/09/21 05:36:22.006, 100, 23404, 24576, 317.89, 63
2026/09/21 05:36:23.007, 100, 23404, 24576, 323.95, 64
2026/09/21 05:36:24.007, 100, 23404, 24576, 327.56, 63
2026/09/21 05:36:25.007, 100, 23404, 24576, 325.40, 64
2026/09/21 05:36:26.007, 100, 23404, 24576, 327.95, 63
2026/09/21 05:36:27.008, 100, 23404, 24576, 325.45, 63
2026/09/21 05:36:28.008, 99, 23404, 24576, 319.94, 64
2026/09/21 05:36:29.008, 100, 23404, 24576, 325.85, 63
2026/09/21 05:36:30.009, 100, 23404, 24576, 326.66, 63
2026/09/21 05:36:31.009, 100, 23404, 24576, 323.80, 63
2026/09/21 05:36:32.009, 100, 23404, 24576, 322.85, 64
2026/09/21 05:36:33.010, 100, 23404, 24576, 327.19, 64
2026/09/21 05:36:34.010, 100, 23404, 24576, 327.73, 64
2026/09/21 05:36:35.010, 100, 23404, 24576, 319.17, 63
2026/09/21 05:36:36.011, 100, 23404, 24576, 318.20, 63
2026/09/21 05:36:37.011, 100, 23404, 24576, 318.57, 63
2026/09/21 05:36:38.012, 100, 23404, 24576, 320.54, 64
2026/09/21 05:36:39.012, 100, 23404, 24576, 319.91, 64
2026/09/21 05:36:40.012, 100, 23404, 24576, 318.87, 63
2026/09/21 05:36:41.013, 100, 23404, 24576, 321.47, 63
2026/09/21 05:36:42.013, 100, 23404, 24576, 318.14, 64
2026/09/21 05:36:43.013, 100, 23404, 24576, 318.32, 63
2026/09/21 05:36:44.013, 100, 23404, 24576, 320.67, 63
2026/09/21 05:36:45.014, 100, 23404, 24576, 303.78, 64
2026/09/21 05:36:46.014, 100, 23404, 24576, 322.42, 64
2026/09/21 05:36:47.015, 100, 23404, 24576, 319.54, 63
2026/09/21 05:36:48.015, 100, 23404, 24576, 323.26, 63
2026/09/21 05:36:49.015, 100, 23404, 24576, 325.15, 63
2026/09/21 05:36:50.015, 100, 23404, 24576, 325.72, 64
2026/09/21 05:36:51.016, 100, 23404, 24576, 322.28, 63
2026/09/21 05:36:52.018, 100, 23404, 24576, 313.92, 63
2026/09/21 05:36:53.018, 100, 23404, 24576, 322.82, 63
2026/09/21 05:36:54.019, 100, 23404, 24576, 322.17, 64
2026/09/21 05:36:55.019, 100, 23404, 24576, 320.93, 63
2026/09/21 05:36:56.019, 100, 23404, 24576, 318.21, 63
2026/09/21 05:36:57.020, 100, 23404, 24576, 322.46, 64
2026/09/21 05:36:58.020, 100, 23404, 24576, 323.77, 63
2026/09/21 05:36:59.020, 94, 23404, 24576, 318.81, 63
2026/09/21 05:37:00.021, 100, 23404, 24576, 326.16, 64
2026/09/21 05:37:01.021, 100, 23404, 24576, 324.20, 63
2026/09/21 05:37:02.021, 100, 23404, 24576, 320.32, 65
2026/09/21 05:37:03.022, 100, 23404, 24576, 317.61, 64
2026/09/21 05:37:04.022, 100, 23404, 24576, 324.08, 64
2026/09/21 05:37:05.022, 100, 23404, 24576, 322.84, 63
2026/09/21 05:37:06.023, 100, 23404, 24576, 323.08, 64
2026/09/21 05:37:07.023, 100, 23404, 24576, 322.86, 64
2026/09/21 05:37:08.023, 100, 23404, 24576, 323.00, 64
2026/09/21 05:37:09.024, 100, 23404, 24576, 319.34, 63
2026/09/21 05:37:10.024, 100, 23404, 24576, 327.01, 64
2026/09/21 05:37:11.025, 100, 23404, 24576, 323.99, 63
2026/09/21 05:37:12.025, 100, 23404, 24576, 326.89, 63
2026/09/21 05:37:13.025, 100, 23404, 24576, 323.75, 64
2026/09/21 05:37:14.026, 100, 23404, 24576, 317.43, 63
2026/09/21 05:37:15.026, 100, 23404, 24576, 321.25, 64
2026/09/21 05:37:16.026, 100, 23404, 24576, 320.23, 63
2026/09/21 05:37:17.027, 100, 23404, 24576, 319.70, 63
2026/09/21 05:37:18.027, 98, 23404, 24576, 321.61, 63
2026/09/21 05:37:19.028, 100, 23404, 24576, 320.04, 63
2026/09/21 05:37:20.028, 100, 23404, 24576, 314.76, 63
2026/09/21 05:37:21.028, 100, 23404, 24576, 322.52, 63
2026/09/21 05:37:22.028, 99, 23404, 24576, 322.68, 64
2026/09/21 05:37:23.029, 100, 23404, 24576, 321.19, 63
2026/09/21 05:37:24.029, 100, 23404, 24576, 316.85, 63
2026/09/21 05:37:25.029, 100, 23404, 24576, 322.75, 63
2026/09/21 05:37:26.030, 99, 23404, 24576, 322.50, 63
2026/09/21 05:37:27.030, 100, 23404, 24576, 321.22, 64
2026/09/21 05:37:28.030, 100, 23404, 24576, 319.97, 64
2026/09/21 05:37:29.031, 100, 23404, 24576, 319.52, 64
2026/09/21 05:37:30.031, 100, 23404, 24576, 316.75, 63
2026/09/21 05:37:31.032, 100, 23404, 24576, 319.81, 63
2026/09/21 05:37:32.032, 100, 23404, 24576, 327.64, 63
2026/09/21 05:37:33.032, 100, 23404, 24576, 327.19, 63
2026/09/21 05:37:34.033, 100, 23404, 24576, 328.27, 63
2026/09/21 05:37:35.033, 100, 23404, 24576, 324.83, 64
2026/09/21 05:37:36.033, 100, 23404, 24576, 319.22, 64
2026/09/21 05:37:37.034, 100, 23404, 24576, 319.36, 64
2026/09/21 05:37:38.034, 100, 23404, 24576, 321.08, 64
2026/09/21 05:37:39.034, 100, 23404, 24576, 318.70, 63
2026/09/21 05:37:40.035, 100, 23404, 24576, 319.07, 64
2026/09/21 05:37:41.035, 100, 23404, 24576, 320.01, 64
2026/09/21 05:37:42.035, 100, 23404, 24576, 320.90, 64
2026/09/21 05:37:43.036, 100, 23404, 24576, 317.83, 64
2026/09/21 05:37:44.036, 100, 23404, 24576, 318.61, 64
2026/09/21 05:37:45.037, 100, 23404, 24576, 319.80, 64
2026/09/21 05:37:46.037, 100, 23404, 24576, 324.29, 64
2026/09/21 05:37:47.037, 99, 23404, 24576, 320.01, 64
2026/09/21 05:37:48.037, 100, 23404, 24576, 315.71, 63
2026/09/21 05:37:49.038, 100, 23404, 24576, 325.81, 63
2026/09/21 05:37:50.038, 100, 23404, 24576, 322.49, 63
2026/09/21 05:37:51.038, 100, 23404, 24576, 318.55, 64
2026/09/21 05:37:52.041, 100, 23404, 24576, 316.94, 63
2026/09/21 05:37:53.042, 100, 23404, 24576, 319.35, 64
2026/09/21 05:37:54.042, 100, 23404, 24576, 324.83, 64
2026/09/21 05:37:55.042, 100, 23404, 24576, 328.40, 63
2026/09/21 05:37:56.043, 98, 23404, 24576, 327.16, 64
2026/09/21 05:37:57.043, 100, 23404, 24576, 322.96, 63
2026/09/21 05:37:58.043, 100, 23404, 24576, 323.21, 64
2026/09/21 05:37:59.043, 100, 23404, 24576, 321.47, 65
2026/09/21 05:38:00.044, 100, 23404, 24576, 324.36, 63
2026/09/21 05:38:01.044, 100, 23404, 24576, 326.68, 64
2026/09/21 05:38:02.044, 100, 23404, 24576, 323.24, 63
2026/09/21 05:38:03.045, 100, 23404, 24576, 323.33, 64
2026/09/21 05:38:04.045, 100, 23404, 24576, 324.96, 64
2026/09/21 05:38:05.045, 98, 23404, 24576, 327.90, 64
2026/09/21 05:38:06.046, 100, 23404, 24576, 323.04, 63
2026/09/21 05:38:07.046, 100, 23404, 24576, 324.54, 64
2026/09/21 05:38:08.046, 100, 23404, 24576, 323.64, 64
2026/09/21 05:38:09.046, 100, 23404, 24576, 323.02, 63
2026/09/21 05:38:10.047, 100, 23404, 24576, 320.11, 63
2026/09/21 05:38:11.047, 100, 23404, 24576, 323.43, 65
2026/09/21 05:38:12.047, 100, 23404, 24576, 323.33, 63
2026/09/21 05:38:13.048, 100, 23404, 24576, 324.10, 64
2026/09/21 05:38:14.048, 98, 23404, 24576, 318.56, 64
2026/09/21 05:38:15.048, 100, 23404, 24576, 325.74, 64
2026/09/21 05:38:16.049, 100, 23404, 24576, 321.08, 63
2026/09/21 05:38:17.049, 100, 23404, 24576, 322.02, 64
2026/09/21 05:38:18.049, 100, 23404, 24576, 323.83, 63
2026/09/21 05:38:19.050, 100, 23404, 24576, 318.44, 64
2026/09/21 05:38:20.050, 100, 23404, 24576, 322.82, 64
2026/09/21 05:38:21.050, 100, 23404, 24576, 323.60, 63
2026/09/21 05:38:22.051, 100, 23404, 24576, 325.16, 64
2026/09/21 05:38:23.051, 100, 23404, 24576, 323.08, 64
2026/09/21 05:38:24.051, 100, 23404, 24576, 320.71, 63
2026/09/21 05:38:25.052, 100, 23404, 24576, 320.64, 65
2026/09/21 05:38:26.052, 100, 23404, 24576, 324.30, 63
2026/09/21 05:38:27.052, 100, 23404, 24576, 321.40, 65
2026/09/21 05:38:28.053, 100, 23404, 24576, 324.47, 63
2026/09/21 05:38:29.053, 100, 23404, 24576, 322.39, 63
2026/09/21 05:38:30.053, 100, 23404, 24576, 324.07, 63
2026/09/21 05:38:31.054, 100, 23404, 24576, 323.79, 64
2026/09/21 05:38:32.054, 100, 23404, 24576, 323.57, 63
2026/09/21 05:38:33.054, 100, 23404, 24576, 319.70, 63
2026/09/21 05:38:34.055, 100, 23404, 24576, 320.01, 63
2026/09/21 05:38:35.055, 100, 23404, 24576, 326.06, 64
2026/09/21 05:38:36.056, 100, 23404, 24576, 322.95, 63
2026/09/21 05:38:37.056, 100, 23404, 24576, 319.93, 65
2026/09/21 05:38:38.056, 100, 23404, 24576, 322.75, 64
2026/09/21 05:38:39.057, 100, 23404, 24576, 322.71, 64
2026/09/21 05:38:40.057, 100, 23404, 24576, 324.22, 63
2026/09/21 05:38:41.057, 100, 23404, 24576, 317.56, 63
2026/09/21 05:38:42.058, 100, 23404, 24576, 328.57, 64
2026/09/21 05:38:43.058, 100, 23404, 24576, 321.41, 64
2026/09/21 05:38:44.058, 100, 23404, 24576, 326.40, 64
2026/09/21 05:38:45.059, 100, 23404, 24576, 321.95, 63
2026/09/21 05:38:46.059, 100, 23404, 24576, 317.72, 64
2026/09/21 05:38:47.059, 100, 23404, 24576, 326.02, 64
2026/09/21 05:38:48.060, 100, 23404, 24576, 320.11, 64
2026/09/21 05:38:49.060, 100, 23404, 24576, 323.56, 64
2026/09/21 05:38:50.060, 100, 23404, 24576, 325.62, 63
2026/09/21 05:38:51.061, 100, 23404, 24576, 318.08, 63
2026/09/21 05:38:52.061, 100, 23404, 24576, 323.86, 65
2026/09/21 05:38:53.063, 100, 23404, 24576, 322.23, 63
2026/09/21 05:38:54.063, 100, 23404, 24576, 303.63, 63
2026/09/21 05:38:55.063, 100, 23404, 24576, 317.68, 64
2026/09/21 05:38:56.064, 100, 23404, 24576, 327.24, 64
2026/09/21 05:38:57.064, 100, 23404, 24576, 324.59, 63
2026/09/21 05:38:58.064, 100, 23404, 24576, 319.98, 63
2026/09/21 05:38:59.064, 100, 23404, 24576, 300.67, 63
2026/09/21 05:39:00.065, 100, 23404, 24576, 314.87, 64
2026/09/21 05:39:01.065, 100, 23404, 24576, 320.30, 64
2026/09/21 05:39:02.065, 100, 23404, 24576, 297.81, 63
2026/09/21 05:39:03.066, 59, 23404, 24576, 343.45, 63
2026/09/21 05:39:04.073, 88, 23404, 24576, 300.35, 63
2026/09/21 05:39:05.074, 75, 23404, 24576, 306.79, 63
2026/09/21 05:39:06.074, 68, 23404, 24576, 316.18, 63
2026/09/21 05:39:07.074, 74, 23404, 24576, 308.71, 63
2026/09/21 05:39:08.075, 64, 23404, 24576, 305.36, 63
2026/09/21 05:39:09.075, 76, 23404, 24576, 316.83, 63
2026/09/21 05:39:10.075, 69, 23404, 24576, 293.47, 63
2026/09/21 05:39:11.076, 81, 23404, 24576, 281.45, 63
2026/09/21 05:39:12.076, 72, 23404, 24576, 311.91, 63
2026/09/21 05:39:13.076, 69, 23404, 24576, 303.93, 62
2026/09/21 05:39:14.077, 0, 23404, 24576, 179.87, 58
2026/09/21 05:39:15.077, 100, 23404, 24576, 303.91, 62
2026/09/21 05:39:16.077, 100, 23404, 24576, 336.45, 62
2026/09/21 05:39:17.078, 100, 23404, 24576, 337.30, 62
2026/09/21 05:39:18.078, 100, 23404, 24576, 335.36, 62
2026/09/21 05:39:19.078, 100, 23404, 24576, 337.61, 62
2026/09/21 05:39:20.079, 100, 23404, 24576, 336.60, 63
2026/09/21 05:39:21.079, 100, 23404, 24576, 336.66, 63
2026/09/21 05:39:22.079, 100, 23404, 24576, 335.84, 63
2026/09/21 05:39:23.080, 100, 23404, 24576, 336.30, 63
2026/09/21 05:39:24.080, 100, 23404, 24576, 334.08, 63
2026/09/21 05:39:25.080, 100, 23404, 24576, 334.77, 63
2026/09/21 05:39:26.081, 100, 23404, 24576, 332.81, 62
2026/09/21 05:39:27.081, 100, 23404, 24576, 337.02, 63
2026/09/21 05:39:28.081, 100, 23404, 24576, 334.35, 63
2026/09/21 05:39:29.082, 100, 23404, 24576, 333.02, 62
2026/09/21 05:39:30.082, 100, 23404, 24576, 333.80, 63
2026/09/21 05:39:31.083, 100, 23404, 24576, 333.75, 63
2026/09/21 05:39:32.083, 100, 23404, 24576, 335.49, 63
2026/09/21 05:39:33.083, 100, 23404, 24576, 333.57, 63
2026/09/21 05:39:34.084, 100, 23404, 24576, 329.22, 62
2026/09/21 05:39:35.084, 100, 23404, 24576, 329.54, 63
2026/09/21 05:39:36.084, 100, 23404, 24576, 332.57, 63
2026/09/21 05:39:37.085, 100, 23404, 24576, 327.89, 63
2026/09/21 05:39:38.085, 100, 23404, 24576, 331.33, 62
2026/09/21 05:39:39.086, 100, 23404, 24576, 330.03, 63
2026/09/21 05:39:40.086, 100, 23404, 24576, 328.19, 63
2026/09/21 05:39:41.086, 100, 23404, 24576, 329.48, 63
2026/09/21 05:39:42.088, 100, 23404, 24576, 328.58, 63
2026/09/21 05:39:43.089, 100, 23404, 24576, 326.00, 62
2026/09/21 05:39:44.089, 100, 23404, 24576, 325.47, 63
2026/09/21 05:39:45.089, 100, 23404, 24576, 331.00, 63
2026/09/21 05:39:46.090, 100, 23404, 24576, 329.34, 63
2026/09/21 05:39:47.090, 100, 23404, 24576, 322.97, 63
2026/09/21 05:39:48.090, 100, 23404, 24576, 328.78, 63
2026/09/21 05:39:49.091, 100, 23404, 24576, 311.35, 63
2026/09/21 05:39:50.091, 100, 23404, 24576, 329.56, 63
2026/09/21 05:39:51.091, 100, 23404, 24576, 329.72, 63
2026/09/21 05:39:52.091, 100, 23404, 24576, 320.23, 62
2026/09/21 05:39:53.092, 100, 23404, 24576, 324.78, 64
2026/09/21 05:39:54.092, 92, 23404, 24576, 322.09, 63
2026/09/21 05:39:55.092, 100, 23404, 24576, 323.65, 63
2026/09/21 05:39:56.093, 100, 23404, 24576, 329.48, 62
2026/09/21 05:39:57.093, 100, 23404, 24576, 326.42, 64
2026/09/21 05:39:58.093, 100, 23404, 24576, 327.83, 63
2026/09/21 05:39:59.094, 100, 23404, 24576, 324.81, 63
2026/09/21 05:40:00.094, 100, 23404, 24576, 324.04, 63
2026/09/21 05:40:01.094, 100, 23404, 24576, 327.47, 64
2026/09/21 05:40:02.095, 100, 23404, 24576, 325.14, 63
2026/09/21 05:40:03.095, 100, 23404, 24576, 324.68, 63
2026/09/21 05:40:04.095, 100, 23404, 24576, 322.75, 63
2026/09/21 05:40:05.097, 100, 23665, 24576, 324.20, 62
2026/09/21 05:40:06.098, 100, 23665, 24576, 324.28, 62
2026/09/21 05:40:07.099, 100, 23404, 24576, 325.36, 63
2026/09/21 05:40:08.201, 100, 23404, 24576, 325.93, 63
2026/09/21 05:40:09.201, 100, 23404, 24576, 317.18, 63
2026/09/21 05:40:10.202, 100, 23404, 24576, 327.87, 63
2026/09/21 05:40:11.202, 100, 23404, 24576, 324.24, 63
2026/09/21 05:40:12.202, 100, 23404, 24576, 319.99, 62
2026/09/21 05:40:13.203, 100, 23404, 24576, 325.20, 63
2026/09/21 05:40:14.203, 100, 23404, 24576, 326.01, 62
2026/09/21 05:40:15.203, 100, 23404, 24576, 324.33, 63
2026/09/21 05:40:16.204, 100, 23404, 24576, 325.92, 62
2026/09/21 05:40:17.204, 100, 23404, 24576, 324.10, 64
2026/09/21 05:40:18.204, 100, 23404, 24576, 319.59, 62
2026/09/21 05:40:19.205, 100, 23404, 24576, 320.13, 63
2026/09/21 05:40:20.205, 100, 23404, 24576, 324.27, 64
2026/09/21 05:40:21.205, 100, 23404, 24576, 323.84, 63
2026/09/21 05:40:22.205, 100, 23404, 24576, 317.81, 63
2026/09/21 05:40:23.206, 100, 23404, 24576, 322.46, 64
2026/09/21 05:40:24.206, 100, 23404, 24576, 320.72, 62
2026/09/21 05:40:25.206, 100, 23404, 24576, 323.79, 62
2026/09/21 05:40:26.207, 100, 23404, 24576, 320.97, 62
2026/09/21 05:40:27.207, 100, 23404, 24576, 321.77, 62
2026/09/21 05:40:28.207, 100, 23404, 24576, 319.22, 64
2026/09/21 05:40:29.208, 100, 23404, 24576, 327.49, 64
2026/09/21 05:40:30.208, 100, 23404, 24576, 327.87, 64
2026/09/21 05:40:31.208, 100, 23404, 24576, 324.95, 62
2026/09/21 05:40:32.209, 100, 23404, 24576, 325.19, 63
2026/09/21 05:40:33.209, 100, 23404, 24576, 327.59, 63
2026/09/21 05:40:34.209, 100, 23404, 24576, 321.45, 62
2026/09/21 05:40:35.210, 100, 23404, 24576, 325.74, 63
2026/09/21 05:40:36.210, 100, 23404, 24576, 327.57, 63
2026/09/21 05:40:37.210, 100, 23404, 24576, 326.11, 64
2026/09/21 05:40:38.210, 100, 23404, 24576, 304.23, 62
2026/09/21 05:40:39.211, 100, 23404, 24576, 321.37, 62
2026/09/21 05:40:40.211, 100, 23404, 24576, 326.51, 63
2026/09/21 05:40:41.211, 97, 23404, 24576, 325.48, 63
2026/09/21 05:40:42.212, 100, 23404, 24576, 326.63, 64
2026/09/21 05:40:43.212, 100, 23404, 24576, 321.59, 63
2026/09/21 05:40:44.212, 100, 23404, 24576, 322.24, 62
2026/09/21 05:40:45.213, 100, 23404, 24576, 322.50, 62
2026/09/21 05:40:46.213, 100, 23404, 24576, 323.31, 63
2026/09/21 05:40:47.213, 100, 23404, 24576, 323.03, 62
2026/09/21 05:40:48.214, 99, 23404, 24576, 318.26, 63
2026/09/21 05:40:49.214, 100, 23404, 24576, 325.82, 63
2026/09/21 05:40:50.214, 100, 23404, 24576, 323.05, 62
2026/09/21 05:40:51.215, 100, 23404, 24576, 323.84, 63
2026/09/21 05:40:52.215, 100, 23404, 24576, 324.31, 63
2026/09/21 05:40:53.215, 100, 23404, 24576, 322.15, 62
2026/09/21 05:40:54.216, 100, 23404, 24576, 320.63, 63
2026/09/21 05:40:55.216, 100, 23404, 24576, 322.04, 62
2026/09/21 05:40:56.216, 100, 23404, 24576, 319.19, 62
2026/09/21 05:40:57.217, 100, 23404, 24576, 319.73, 63
2026/09/21 05:40:58.217, 100, 23404, 24576, 324.36, 63
2026/09/21 05:40:59.218, 100, 23404, 24576, 322.66, 62
2026/09/21 05:41:00.218, 100, 23404, 24576, 317.54, 62
2026/09/21 05:41:01.219, 100, 23404, 24576, 320.23, 62
2026/09/21 05:41:02.219, 100, 23404, 24576, 322.11, 63
2026/09/21 05:41:03.219, 100, 23404, 24576, 320.77, 63
2026/09/21 05:41:04.220, 100, 23404, 24576, 321.47, 63
2026/09/21 05:41:05.220, 100, 23404, 24576, 324.54, 62
2026/09/21 05:41:06.221, 100, 23404, 24576, 320.36, 62
2026/09/21 05:41:07.221, 99, 23404, 24576, 321.01, 62
2026/09/21 05:41:08.221, 100, 23404, 24576, 321.87, 62
2026/09/21 05:41:09.222, 100, 23404, 24576, 317.59, 62
2026/09/21 05:41:10.222, 100, 23404, 24576, 322.92, 64
2026/09/21 05:41:11.222, 100, 23404, 24576, 320.45, 62
2026/09/21 05:41:12.223, 100, 23404, 24576, 317.25, 63
2026/09/21 05:41:13.223, 100, 23404, 24576, 323.48, 64
2026/09/21 05:41:14.223, 100, 23404, 24576, 328.29, 63
2026/09/21 05:41:15.223, 100, 23404, 24576, 320.93, 62
2026/09/21 05:41:16.224, 100, 23404, 24576, 317.77, 63
2026/09/21 05:41:17.224, 100, 23404, 24576, 324.57, 64
2026/09/21 05:41:18.225, 100, 23404, 24576, 323.73, 63
2026/09/21 05:41:19.225, 100, 23404, 24576, 322.67, 62
2026/09/21 05:41:20.225, 100, 23404, 24576, 318.75, 62
2026/09/21 05:41:21.225, 100, 23404, 24576, 317.76, 62
2026/09/21 05:41:22.226, 100, 23404, 24576, 317.57, 63
2026/09/21 05:41:23.226, 99, 23404, 24576, 323.59, 63
2026/09/21 05:41:24.227, 100, 23404, 24576, 327.56, 63
2026/09/21 05:41:25.227, 100, 23404, 24576, 329.94, 63
2026/09/21 05:41:26.227, 100, 23404, 24576, 326.26, 62
2026/09/21 05:41:27.227, 99, 23404, 24576, 322.32, 63
2026/09/21 05:41:28.228, 100, 23404, 24576, 319.58, 62
2026/09/21 05:41:29.228, 100, 23404, 24576, 317.39, 62
2026/09/21 05:41:30.228, 100, 23404, 24576, 319.79, 62
2026/09/21 05:41:31.229, 100, 23404, 24576, 318.76, 62
2026/09/21 05:41:32.229, 100, 23404, 24576, 316.66, 64
2026/09/21 05:41:33.229, 100, 23404, 24576, 320.45, 63
2026/09/21 05:41:34.230, 100, 23404, 24576, 320.07, 63
2026/09/21 05:41:35.230, 100, 23404, 24576, 319.59, 62
2026/09/21 05:41:36.231, 100, 23404, 24576, 314.10, 63
2026/09/21 05:41:37.231, 100, 23404, 24576, 327.27, 63
2026/09/21 05:41:38.231, 100, 23404, 24576, 327.21, 62
2026/09/21 05:41:39.232, 100, 23404, 24576, 320.99, 62
2026/09/21 05:41:40.232, 100, 23404, 24576, 305.85, 62
2026/09/21 05:41:41.232, 100, 23404, 24576, 321.17, 63
2026/09/21 05:41:42.233, 100, 23404, 24576, 320.71, 63
2026/09/21 05:41:43.233, 100, 23404, 24576, 325.78, 63
2026/09/21 05:41:44.234, 100, 23404, 24576, 325.17, 62
2026/09/21 05:41:45.234, 100, 23404, 24576, 325.04, 63
2026/09/21 05:41:46.234, 100, 23404, 24576, 325.47, 62
2026/09/21 05:41:47.235, 100, 23404, 24576, 322.67, 62
2026/09/21 05:41:48.235, 100, 23404, 24576, 321.52, 63
2026/09/21 05:41:49.235, 100, 23404, 24576, 317.74, 62
2026/09/21 05:41:50.236, 100, 23404, 24576, 320.13, 64
2026/09/21 05:41:51.236, 100, 23404, 24576, 325.70, 63
2026/09/21 05:41:52.237, 100, 23404, 24576, 323.45, 62
2026/09/21 05:41:53.237, 100, 23404, 24576, 320.71, 62
2026/09/21 05:41:54.237, 100, 23404, 24576, 320.76, 62
2026/09/21 05:41:55.238, 100, 23404, 24576, 320.91, 63
2026/09/21 05:41:56.238, 100, 23404, 24576, 326.33, 62
2026/09/21 05:41:57.239, 100, 23404, 24576, 323.78, 62
2026/09/21 05:41:58.239, 100, 23404, 24576, 317.94, 62
2026/09/21 05:41:59.239, 100, 23404, 24576, 322.86, 64
2026/09/21 05:42:00.240, 100, 23404, 24576, 324.56, 63
2026/09/21 05:42:01.240, 100, 23404, 24576, 323.46, 62
2026/09/21 05:42:02.240, 100, 23404, 24576, 317.59, 63
2026/09/21 05:42:03.241, 100, 23404, 24576, 325.55, 64
2026/09/21 05:42:04.241, 100, 23404, 24576, 321.65, 62
2026/09/21 05:42:05.241, 100, 23404, 24576, 324.38, 63
2026/09/21 05:42:06.242, 100, 23404, 24576, 323.55, 63
2026/09/21 05:42:07.242, 100, 23404, 24576, 324.56, 62
2026/09/21 05:42:08.242, 100, 23404, 24576, 323.36, 63
2026/09/21 05:42:09.243, 100, 23404, 24576, 324.32, 63
2026/09/21 05:42:10.243, 100, 23404, 24576, 323.46, 62
2026/09/21 05:42:11.244, 100, 23404, 24576, 325.89, 64
2026/09/21 05:42:12.244, 100, 23404, 24576, 326.82, 63
2026/09/21 05:42:13.244, 100, 23404, 24576, 321.01, 62
2026/09/21 05:42:14.245, 100, 23404, 24576, 323.77, 63
2026/09/21 05:42:15.245, 100, 23404, 24576, 322.44, 62
2026/09/21 05:42:16.245, 100, 23404, 24576, 318.42, 64
2026/09/21 05:42:17.245, 100, 23404, 24576, 324.30, 62
2026/09/21 05:42:18.246, 100, 23404, 24576, 323.92, 63
2026/09/21 05:42:19.246, 100, 23404, 24576, 321.21, 63
2026/09/21 05:42:20.246, 100, 23404, 24576, 323.19, 63
2026/09/21 05:42:21.247, 99, 23404, 24576, 320.16, 63
2026/09/21 05:42:22.247, 100, 23404, 24576, 321.78, 62
2026/09/21 05:42:23.248, 100, 23404, 24576, 325.02, 63
2026/09/21 05:42:24.248, 100, 23404, 24576, 324.20, 62
2026/09/21 05:42:25.248, 100, 23404, 24576, 323.04, 63
2026/09/21 05:42:26.249, 100, 23404, 24576, 321.33, 62
2026/09/21 05:42:27.249, 100, 23404, 24576, 326.91, 63
2026/09/21 05:42:28.249, 100, 23404, 24576, 322.82, 62
2026/09/21 05:42:29.250, 100, 23404, 24576, 324.66, 63
2026/09/21 05:42:30.250, 100, 23404, 24576, 322.79, 63
2026/09/21 05:42:31.250, 100, 23404, 24576, 321.70, 63
2026/09/21 05:42:32.251, 100, 23404, 24576, 323.45, 63
2026/09/21 05:42:33.251, 100, 23404, 24576, 318.98, 62
2026/09/21 05:42:34.251, 100, 23404, 24576, 327.61, 63
2026/09/21 05:42:35.251, 100, 23404, 24576, 320.25, 62
2026/09/21 05:42:36.252, 100, 23404, 24576, 320.50, 64
2026/09/21 05:42:37.252, 100, 23404, 24576, 320.03, 62
2026/09/21 05:42:38.253, 100, 23404, 24576, 320.30, 62
2026/09/21 05:42:39.253, 100, 23404, 24576, 326.02, 64
2026/09/21 05:42:40.253, 100, 23404, 24576, 320.18, 62
2026/09/21 05:42:41.254, 100, 23404, 24576, 322.79, 64
2026/09/21 05:42:42.254, 100, 23404, 24576, 322.80, 62
2026/09/21 05:42:43.254, 100, 23404, 24576, 316.48, 62
2026/09/21 05:42:44.255, 100, 23404, 24576, 328.40, 63
2026/09/21 05:42:45.255, 100, 23404, 24576, 323.05, 63
2026/09/21 05:42:46.255, 100, 23404, 24576, 304.41, 62
2026/09/21 05:42:47.256, 100, 23404, 24576, 327.46, 63
2026/09/21 05:42:48.256, 100, 23404, 24576, 325.11, 63
2026/09/21 05:42:49.256, 100, 23404, 24576, 318.62, 62
2026/09/21 05:42:50.257, 100, 23404, 24576, 319.86, 62
2026/09/21 05:42:51.257, 75, 23404, 24576, 312.10, 62
2026/09/21 05:42:52.258, 100, 23404, 24576, 317.69, 62
2026/09/21 05:42:53.258, 100, 23404, 24576, 320.94, 62
2026/09/21 05:42:54.258, 100, 23404, 24576, 318.04, 62
2026/09/21 05:42:55.259, 100, 23404, 24576, 324.82, 63
2026/09/21 05:42:56.272, 68, 23404, 24576, 307.99, 61
2026/09/21 05:42:57.273, 70, 23404, 24576, 305.15, 62
2026/09/21 05:42:58.273, 69, 23404, 24576, 291.79, 61
2026/09/21 05:42:59.273, 70, 23404, 24576, 314.01, 61
2026/09/21 05:43:00.274, 69, 23404, 24576, 304.54, 62
2026/09/21 05:43:01.274, 69, 23404, 24576, 305.86, 61
2026/09/21 05:43:02.274, 65, 23404, 24576, 304.91, 60
2026/09/21 05:43:03.275, 70, 23404, 24576, 304.85, 61
2026/09/21 05:43:04.275, 68, 23404, 24576, 305.13, 60
2026/09/21 05:43:05.275, 69, 23404, 24576, 305.89, 61
2026/09/21 05:43:06.276, 0, 23404, 24576, 247.99, 58
2026/09/21 05:43:07.276, 100, 23404, 24576, 185.55, 61
2026/09/21 05:43:08.276, 100, 23404, 24576, 339.44, 61
2026/09/21 05:43:09.277, 100, 23404, 24576, 337.56, 61
2026/09/21 05:43:10.277, 100, 23404, 24576, 336.60, 62
2026/09/21 05:43:11.277, 100, 23404, 24576, 335.91, 62
2026/09/21 05:43:12.278, 100, 23404, 24576, 335.84, 61
2026/09/21 05:43:13.278, 100, 23404, 24576, 335.93, 62
2026/09/21 05:43:14.279, 100, 23404, 24576, 335.10, 61
2026/09/21 05:43:15.279, 100, 23404, 24576, 334.41, 61
2026/09/21 05:43:16.279, 99, 23404, 24576, 333.19, 61
2026/09/21 05:43:17.280, 100, 23404, 24576, 332.55, 62
2026/09/21 05:43:18.280, 99, 23404, 24576, 333.92, 61
2026/09/21 05:43:19.280, 100, 23404, 24576, 334.15, 62
2026/09/21 05:43:20.281, 100, 23404, 24576, 336.10, 62
2026/09/21 05:43:21.281, 100, 23404, 24576, 331.21, 62
2026/09/21 05:43:22.281, 100, 23404, 24576, 334.70, 62
2026/09/21 05:43:23.282, 100, 23404, 24576, 332.91, 62
2026/09/21 05:43:24.282, 100, 23404, 24576, 333.74, 62
2026/09/21 05:43:25.282, 100, 23404, 24576, 330.08, 62
2026/09/21 05:43:26.283, 100, 23404, 24576, 333.08, 62
2026/09/21 05:43:27.283, 100, 23404, 24576, 331.90, 62
2026/09/21 05:43:28.283, 100, 23404, 24576, 333.38, 62
2026/09/21 05:43:29.284, 97, 23404, 24576, 330.77, 62
2026/09/21 05:43:30.284, 100, 23404, 24576, 329.77, 62
2026/09/21 05:43:31.284, 100, 23404, 24576, 332.29, 62
2026/09/21 05:43:32.285, 100, 23404, 24576, 326.81, 61
2026/09/21 05:43:33.285, 100, 23404, 24576, 333.23, 62
2026/09/21 05:43:34.285, 100, 23404, 24576, 331.32, 61
2026/09/21 05:43:35.286, 100, 23404, 24576, 331.77, 62
2026/09/21 05:43:36.286, 100, 23404, 24576, 334.14, 63
2026/09/21 05:43:37.286, 100, 23404, 24576, 329.88, 63
2026/09/21 05:43:38.287, 100, 23404, 24576, 326.45, 63
2026/09/21 05:43:39.287, 100, 23404, 24576, 324.76, 63
2026/09/21 05:43:40.287, 100, 23404, 24576, 330.94, 63
2026/09/21 05:43:41.288, 100, 23404, 24576, 328.27, 62
2026/09/21 05:43:42.288, 100, 23404, 24576, 298.12, 62
2026/09/21 05:43:43.288, 100, 23404, 24576, 329.26, 62
2026/09/21 05:43:44.289, 100, 23404, 24576, 327.22, 62
2026/09/21 05:43:45.289, 100, 23404, 24576, 324.13, 62
2026/09/21 05:43:46.289, 100, 23404, 24576, 326.33, 62
2026/09/21 05:43:47.290, 100, 23404, 24576, 328.20, 63
2026/09/21 05:43:48.290, 100, 23404, 24576, 331.27, 62
2026/09/21 05:43:49.290, 100, 23404, 24576, 330.73, 62
2026/09/21 05:43:50.291, 100, 23404, 24576, 325.48, 63
2026/09/21 05:43:51.291, 100, 23404, 24576, 322.92, 63
2026/09/21 05:43:52.291, 100, 23404, 24576, 322.43, 62
2026/09/21 05:43:53.292, 100, 23404, 24576, 325.48, 63
2026/09/21 05:43:54.292, 100, 23404, 24576, 325.09, 63
2026/09/21 05:43:55.292, 100, 23404, 24576, 322.52, 62
2026/09/21 05:43:56.293, 100, 23404, 24576, 322.83, 63
2026/09/21 05:43:57.293, 100, 23404, 24576, 322.20, 62
2026/09/21 05:43:58.293, 91, 23404, 24576, 320.09, 62
2026/09/21 05:43:59.294, 100, 23404, 24576, 328.83, 62
2026/09/21 05:44:00.294, 100, 23404, 24576, 327.41, 63
2026/09/21 05:44:01.294, 98, 23404, 24576, 321.88, 63
2026/09/21 05:44:02.295, 100, 23404, 24576, 323.04, 62
2026/09/21 05:44:03.295, 100, 23404, 24576, 324.44, 63
2026/09/21 05:44:04.295, 97, 23404, 24576, 319.18, 63
2026/09/21 05:44:05.296, 100, 23404, 24576, 323.32, 62
2026/09/21 05:44:06.296, 100, 23404, 24576, 323.81, 63
2026/09/21 05:44:07.296, 93, 23404, 24576, 318.79, 62
2026/09/21 05:44:08.297, 100, 23404, 24576, 323.26, 63
2026/09/21 05:44:09.297, 100, 23404, 24576, 325.18, 62
2026/09/21 05:44:10.298, 100, 23404, 24576, 324.97, 62
2026/09/21 05:44:11.298, 100, 23404, 24576, 322.85, 63
2026/09/21 05:44:12.298, 100, 23404, 24576, 326.19, 62
2026/09/21 05:44:13.298, 100, 23404, 24576, 321.85, 62
2026/09/21 05:44:14.299, 100, 23404, 24576, 322.77, 62
2026/09/21 05:44:15.299, 100, 23404, 24576, 326.76, 62
2026/09/21 05:44:16.300, 100, 23404, 24576, 321.94, 62
2026/09/21 05:44:17.300, 100, 23404, 24576, 321.32, 63
2026/09/21 05:44:18.300, 100, 23404, 24576, 326.70, 63
2026/09/21 05:44:19.301, 100, 23404, 24576, 327.13, 62
2026/09/21 05:44:20.301, 100, 23404, 24576, 320.70, 62
2026/09/21 05:44:21.301, 100, 23404, 24576, 317.41, 62
2026/09/21 05:44:22.302, 100, 23404, 24576, 315.71, 62
2026/09/21 05:44:23.302, 100, 23404, 24576, 314.25, 62
2026/09/21 05:44:24.302, 100, 23404, 24576, 318.10, 63
2026/09/21 05:44:25.303, 100, 23404, 24576, 321.33, 63
2026/09/21 05:44:26.303, 100, 23404, 24576, 319.29, 62
2026/09/21 05:44:27.303, 100, 23404, 24576, 318.17, 63
2026/09/21 05:44:28.304, 100, 23404, 24576, 321.61, 63
2026/09/21 05:44:29.304, 100, 23404, 24576, 318.17, 62
2026/09/21 05:44:30.304, 100, 23404, 24576, 316.03, 62
2026/09/21 05:44:31.305, 100, 23404, 24576, 309.65, 63
2026/09/21 05:44:32.305, 100, 23404, 24576, 322.77, 63
2026/09/21 05:44:33.305, 100, 23404, 24576, 320.72, 62
2026/09/21 05:44:34.305, 100, 23404, 24576, 316.73, 63
2026/09/21 05:44:35.306, 100, 23404, 24576, 318.27, 61
2026/09/21 05:44:36.306, 100, 23404, 24576, 322.43, 63
2026/09/21 05:44:37.306, 100, 23404, 24576, 323.17, 63
2026/09/21 05:44:38.307, 100, 23404, 24576, 316.76, 63
2026/09/21 05:44:39.307, 100, 23404, 24576, 320.91, 61
2026/09/21 05:44:40.307, 100, 23404, 24576, 322.40, 63
2026/09/21 05:44:41.308, 100, 23404, 24576, 324.14, 63
2026/09/21 05:44:42.308, 100, 23404, 24576, 322.83, 62
2026/09/21 05:44:43.308, 100, 23404, 24576, 323.75, 63
2026/09/21 05:44:44.309, 100, 23404, 24576, 323.65, 62
2026/09/21 05:44:45.309, 100, 23404, 24576, 313.99, 61
2026/09/21 05:44:46.309, 100, 23404, 24576, 320.18, 63
2026/09/21 05:44:47.310, 100, 23404, 24576, 322.56, 61
2026/09/21 05:44:48.310, 100, 23404, 24576, 320.51, 62
2026/09/21 05:44:49.311, 100, 23404, 24576, 319.48, 62
2026/09/21 05:44:50.311, 100, 23404, 24576, 323.58, 62
2026/09/21 05:44:51.311, 100, 23404, 24576, 323.94, 62
2026/09/21 05:44:52.312, 100, 23404, 24576, 318.16, 62
2026/09/21 05:44:53.312, 100, 23404, 24576, 320.72, 63
2026/09/21 05:44:54.312, 100, 23404, 24576, 323.77, 63
2026/09/21 05:44:55.312, 100, 23404, 24576, 323.38, 61
2026/09/21 05:44:56.313, 100, 23404, 24576, 321.36, 62
2026/09/21 05:44:57.313, 100, 23404, 24576, 322.29, 61
2026/09/21 05:44:58.313, 100, 23404, 24576, 317.76, 62
2026/09/21 05:44:59.314, 100, 23404, 24576, 324.40, 63
2026/09/21 05:45:00.314, 100, 23404, 24576, 320.88, 62
2026/09/21 05:45:01.314, 100, 23404, 24576, 319.80, 63
2026/09/21 05:45:02.315, 100, 23404, 24576, 327.88, 62
2026/09/21 05:45:03.315, 100, 23404, 24576, 324.26, 61
2026/09/21 05:45:04.315, 100, 23404, 24576, 321.25, 63
2026/09/21 05:45:05.318, 100, 23665, 24576, 325.76, 62
2026/09/21 05:45:06.332, 100, 23665, 24576, 327.18, 61
2026/09/21 05:45:07.333, 100, 23404, 24576, 320.57, 62
2026/09/21 05:45:08.333, 100, 23404, 24576, 317.97, 63
2026/09/21 05:45:09.334, 100, 23404, 24576, 326.81, 62
2026/09/21 05:45:10.334, 100, 23404, 24576, 324.92, 62
2026/09/21 05:45:11.335, 100, 23404, 24576, 321.70, 61
2026/09/21 05:45:12.335, 100, 23404, 24576, 320.81, 63
2026/09/21 05:45:13.338, 100, 23404, 24576, 325.57, 63
2026/09/21 05:45:14.338, 100, 23404, 24576, 326.51, 63
2026/09/21 05:45:15.338, 100, 23404, 24576, 326.23, 63
2026/09/21 05:45:16.338, 100, 23404, 24576, 321.73, 62
2026/09/21 05:45:17.339, 100, 23404, 24576, 317.58, 61
2026/09/21 05:45:18.339, 100, 23404, 24576, 318.52, 62
2026/09/21 05:45:19.339, 100, 23404, 24576, 317.81, 62
2026/09/21 05:45:20.340, 100, 23404, 24576, 318.35, 63
2026/09/21 05:45:21.340, 100, 23404, 24576, 325.02, 63
2026/09/21 05:45:22.340, 100, 23404, 24576, 324.86, 63
2026/09/21 05:45:23.341, 100, 23404, 24576, 323.72, 63
2026/09/21 05:45:24.341, 99, 23404, 24576, 326.27, 62
2026/09/21 05:45:25.341, 100, 23404, 24576, 326.31, 63
2026/09/21 05:45:26.342, 100, 23404, 24576, 327.90, 63
2026/09/21 05:45:27.343, 100, 23404, 24576, 326.22, 63
2026/09/21 05:45:28.343, 100, 23404, 24576, 325.01, 63
2026/09/21 05:45:29.343, 100, 23404, 24576, 325.28, 63
2026/09/21 05:45:30.343, 100, 23404, 24576, 326.94, 63
2026/09/21 05:45:31.344, 100, 23404, 24576, 325.77, 63
2026/09/21 05:45:32.344, 100, 23404, 24576, 322.36, 62
2026/09/21 05:45:33.344, 100, 23404, 24576, 307.51, 62
2026/09/21 05:45:34.345, 100, 23404, 24576, 320.17, 62
2026/09/21 05:45:35.345, 100, 23404, 24576, 322.67, 62
2026/09/21 05:45:36.345, 100, 23404, 24576, 324.98, 62
2026/09/21 05:45:37.346, 100, 23404, 24576, 325.36, 62
2026/09/21 05:45:38.346, 100, 23404, 24576, 328.17, 63
2026/09/21 05:45:39.346, 100, 23404, 24576, 324.46, 63
2026/09/21 05:45:40.346, 100, 23404, 24576, 322.30, 62
2026/09/21 05:45:41.347, 100, 23404, 24576, 320.35, 62
2026/09/21 05:45:42.347, 100, 23404, 24576, 318.10, 62
2026/09/21 05:45:43.347, 100, 23404, 24576, 320.31, 62
2026/09/21 05:45:44.348, 100, 23404, 24576, 324.23, 63
2026/09/21 05:45:45.348, 100, 23404, 24576, 322.33, 62
2026/09/21 05:45:46.348, 100, 23404, 24576, 317.29, 63
2026/09/21 05:45:47.349, 100, 23404, 24576, 321.77, 62
2026/09/21 05:45:48.349, 100, 23404, 24576, 323.76, 63
2026/09/21 05:45:49.349, 100, 23404, 24576, 325.33, 63
2026/09/21 05:45:50.350, 100, 23404, 24576, 322.06, 62
2026/09/21 05:45:51.350, 100, 23404, 24576, 315.46, 62
2026/09/21 05:45:52.350, 100, 23404, 24576, 322.41, 62
2026/09/21 05:45:53.351, 100, 23404, 24576, 322.89, 63
2026/09/21 05:45:54.351, 100, 23404, 24576, 322.52, 62
2026/09/21 05:45:55.351, 100, 23404, 24576, 316.04, 62
2026/09/21 05:45:56.352, 100, 23404, 24576, 323.23, 63
2026/09/21 05:45:57.353, 100, 23404, 24576, 321.86, 62
2026/09/21 05:45:58.353, 100, 23404, 24576, 323.17, 62
2026/09/21 05:45:59.353, 100, 23404, 24576, 322.33, 63
2026/09/21 05:46:00.354, 100, 23404, 24576, 321.61, 63
2026/09/21 05:46:01.354, 100, 23404, 24576, 323.71, 62
2026/09/21 05:46:02.354, 100, 23404, 24576, 322.98, 63
2026/09/21 05:46:03.355, 100, 23404, 24576, 323.08, 62
2026/09/21 05:46:04.355, 100, 23404, 24576, 318.73, 62
2026/09/21 05:46:05.356, 100, 23404, 24576, 324.45, 63
2026/09/21 05:46:06.356, 100, 23404, 24576, 318.17, 62
2026/09/21 05:46:07.356, 100, 23404, 24576, 323.96, 63
2026/09/21 05:46:08.357, 100, 23404, 24576, 321.28, 62
2026/09/21 05:46:09.357, 100, 23404, 24576, 320.33, 62
2026/09/21 05:46:10.357, 100, 23404, 24576, 325.53, 63
2026/09/21 05:46:11.358, 100, 23404, 24576, 320.20, 62
2026/09/21 05:46:12.358, 100, 23404, 24576, 323.92, 63
2026/09/21 05:46:13.359, 100, 23404, 24576, 320.00, 61
2026/09/21 05:46:14.359, 100, 23404, 24576, 320.93, 62
2026/09/21 05:46:15.359, 100, 23404, 24576, 319.81, 62
2026/09/21 05:46:16.360, 100, 23404, 24576, 322.62, 63
2026/09/21 05:46:17.360, 100, 23404, 24576, 317.85, 62
2026/09/21 05:46:18.360, 100, 23404, 24576, 325.26, 63
2026/09/21 05:46:19.361, 100, 23404, 24576, 321.93, 62
2026/09/21 05:46:20.361, 100, 23404, 24576, 322.63, 63
2026/09/21 05:46:21.362, 100, 23404, 24576, 319.86, 62
2026/09/21 05:46:22.362, 100, 23404, 24576, 325.27, 63
2026/09/21 05:46:23.362, 100, 23404, 24576, 318.06, 61
2026/09/21 05:46:24.363, 100, 23404, 24576, 318.40, 63
2026/09/21 05:46:25.363, 100, 23404, 24576, 317.64, 62
2026/09/21 05:46:26.363, 100, 23404, 24576, 325.62, 63
2026/09/21 05:46:27.364, 100, 23404, 24576, 322.24, 62
2026/09/21 05:46:28.364, 100, 23404, 24576, 319.81, 62
2026/09/21 05:46:29.364, 100, 23404, 24576, 319.69, 62
2026/09/21 05:46:30.365, 100, 23404, 24576, 320.42, 62
2026/09/21 05:46:31.365, 100, 23404, 24576, 327.52, 63
2026/09/21 05:46:32.365, 100, 23404, 24576, 321.06, 61
2026/09/21 05:46:33.366, 99, 23404, 24576, 319.68, 62
2026/09/21 05:46:34.366, 100, 23404, 24576, 320.48, 63
2026/09/21 05:46:35.366, 100, 23404, 24576, 317.20, 62
2026/09/21 05:46:36.367, 100, 23404, 24576, 326.84, 62
2026/09/21 05:46:37.367, 100, 23404, 24576, 323.26, 63
2026/09/21 05:46:38.367, 100, 23404, 24576, 319.15, 62
2026/09/21 05:46:39.368, 100, 23404, 24576, 310.53, 62
2026/09/21 05:46:40.368, 100, 23404, 24576, 324.79, 63
2026/09/21 05:46:41.368, 100, 23404, 24576, 318.16, 62
2026/09/21 05:46:42.369, 100, 23404, 24576, 318.74, 62
2026/09/21 05:46:43.369, 100, 23404, 24576, 326.66, 62
2026/09/21 05:46:44.369, 100, 23404, 24576, 309.98, 62
2026/09/21 05:46:45.369, 100, 23404, 24576, 319.44, 62
2026/09/21 05:46:46.370, 100, 23404, 24576, 320.61, 62
2026/09/21 05:46:47.370, 60, 23404, 24576, 306.59, 60
2026/09/21 05:46:48.373, 83, 23404, 24576, 337.95, 62
2026/09/21 05:46:49.374, 69, 23404, 24576, 311.22, 61
2026/09/21 05:46:50.374, 70, 23404, 24576, 300.51, 61
2026/09/21 05:46:51.374, 71, 23404, 24576, 301.31, 61
2026/09/21 05:46:52.374, 65, 23404, 24576, 300.61, 61
2026/09/21 05:46:53.375, 74, 23404, 24576, 299.60, 60
2026/09/21 05:46:54.375, 95, 23404, 24576, 298.71, 62
2026/09/21 05:46:55.375, 69, 23404, 24576, 314.59, 61
2026/09/21 05:46:56.376, 67, 23404, 24576, 311.40, 61
2026/09/21 05:46:57.376, 71, 23404, 24576, 298.18, 61
2026/09/21 05:46:58.377, 0, 23404, 24576, 285.36, 60
2026/09/21 05:46:59.377, 0, 23404, 24576, 173.63, 57
2026/09/21 05:47:00.377, 100, 23404, 24576, 293.05, 61
2026/09/21 05:47:01.378, 100, 23404, 24576, 336.25, 61
2026/09/21 05:47:02.378, 100, 23404, 24576, 336.13, 61
2026/09/21 05:47:03.379, 100, 23404, 24576, 335.18, 62
2026/09/21 05:47:04.379, 100, 23404, 24576, 335.09, 62
2026/09/21 05:47:05.379, 100, 23404, 24576, 335.99, 62
2026/09/21 05:47:06.379, 100, 23404, 24576, 333.66, 62
2026/09/21 05:47:07.380, 100, 23404, 24576, 335.22, 62
2026/09/21 05:47:08.380, 100, 23404, 24576, 335.44, 62
2026/09/21 05:47:09.382, 100, 23404, 24576, 334.42, 62
2026/09/21 05:47:10.383, 100, 23404, 24576, 335.51, 62
2026/09/21 05:47:11.383, 100, 23404, 24576, 332.07, 62
2026/09/21 05:47:12.383, 100, 23404, 24576, 333.26, 62
2026/09/21 05:47:13.384, 100, 23404, 24576, 333.96, 62
2026/09/21 05:47:14.384, 100, 23404, 24576, 331.33, 62
2026/09/21 05:47:15.385, 100, 23404, 24576, 332.87, 62
2026/09/21 05:47:16.385, 100, 23404, 24576, 333.04, 62
2026/09/21 05:47:17.385, 100, 23404, 24576, 334.03, 62
2026/09/21 05:47:18.385, 100, 23404, 24576, 333.38, 62
2026/09/21 05:47:19.386, 99, 23404, 24576, 329.26, 62
2026/09/21 05:47:20.386, 100, 23404, 24576, 330.71, 62
2026/09/21 05:47:21.387, 100, 23404, 24576, 332.42, 62
2026/09/21 05:47:22.387, 100, 23404, 24576, 327.19, 62
2026/09/21 05:47:23.387, 100, 23404, 24576, 330.88, 62
2026/09/21 05:47:24.388, 100, 23404, 24576, 331.21, 62
2026/09/21 05:47:25.388, 100, 23404, 24576, 330.80, 63
2026/09/21 05:47:26.388, 100, 23404, 24576, 326.07, 62
2026/09/21 05:47:27.389, 100, 23404, 24576, 331.09, 63
2026/09/21 05:47:28.389, 100, 23404, 24576, 330.68, 63
2026/09/21 05:47:29.389, 100, 23404, 24576, 327.52, 63
2026/09/21 05:47:30.390, 100, 23404, 24576, 326.72, 62
2026/09/21 05:47:31.390, 99, 23404, 24576, 326.69, 62
2026/09/21 05:47:32.390, 100, 23404, 24576, 326.44, 63
2026/09/21 05:47:33.391, 100, 23404, 24576, 328.28, 62
2026/09/21 05:47:34.391, 100, 23404, 24576, 302.26, 62
2026/09/21 05:47:35.391, 100, 23404, 24576, 327.65, 62
2026/09/21 05:47:36.392, 100, 23404, 24576, 329.15, 63
2026/09/21 05:47:37.392, 100, 23404, 24576, 322.70, 62
2026/09/21 05:47:38.392, 100, 23404, 24576, 324.42, 63
2026/09/21 05:47:39.393, 99, 23404, 24576, 326.30, 62
2026/09/21 05:47:40.393, 100, 23404, 24576, 321.06, 62
2026/09/21 05:47:41.393, 100, 23404, 24576, 326.90, 62
2026/09/21 05:47:42.394, 100, 23404, 24576, 325.44, 63
2026/09/21 05:47:43.394, 100, 23404, 24576, 326.55, 63
2026/09/21 05:47:44.394, 100, 23404, 24576, 325.05, 63
2026/09/21 05:47:45.395, 100, 23404, 24576, 323.63, 63
2026/09/21 05:47:46.395, 100, 23404, 24576, 329.00, 63
2026/09/21 05:47:47.395, 100, 23404, 24576, 324.90, 63
2026/09/21 05:47:48.396, 100, 23404, 24576, 323.36, 63
2026/09/21 05:47:49.396, 100, 23404, 24576, 321.92, 63
2026/09/21 05:47:50.396, 100, 23404, 24576, 324.14, 62
2026/09/21 05:47:51.397, 100, 23404, 24576, 322.56, 62
2026/09/21 05:47:52.397, 100, 23404, 24576, 326.01, 63
2026/09/21 05:47:53.397, 100, 23404, 24576, 322.70, 62
2026/09/21 05:47:54.398, 100, 23404, 24576, 318.84, 62
2026/09/21 05:47:55.398, 100, 23404, 24576, 326.36, 63
2026/09/21 05:47:56.399, 100, 23404, 24576, 324.04, 62
2026/09/21 05:47:57.399, 100, 23404, 24576, 318.15, 62
2026/09/21 05:47:58.399, 100, 23404, 24576, 324.27, 63
2026/09/21 05:47:59.400, 100, 23404, 24576, 325.44, 62
2026/09/21 05:48:00.400, 100, 23404, 24576, 326.49, 63
2026/09/21 05:48:01.400, 100, 23404, 24576, 325.70, 62
2026/09/21 05:48:02.401, 100, 23404, 24576, 320.23, 63
2026/09/21 05:48:03.401, 100, 23404, 24576, 319.95, 62
2026/09/21 05:48:04.402, 100, 23404, 24576, 319.48, 63
2026/09/21 05:48:05.402, 100, 23404, 24576, 322.94, 63
2026/09/21 05:48:06.402, 100, 23404, 24576, 318.63, 62
2026/09/21 05:48:07.403, 100, 23404, 24576, 319.02, 63
2026/09/21 05:48:08.403, 100, 23404, 24576, 320.68, 63
2026/09/21 05:48:09.403, 100, 23404, 24576, 319.37, 62
2026/09/21 05:48:10.403, 100, 23404, 24576, 327.22, 62
2026/09/21 05:48:11.404, 100, 23404, 24576, 320.83, 62
2026/09/21 05:48:12.404, 100, 23404, 24576, 321.38, 62
2026/09/21 05:48:13.404, 100, 23404, 24576, 319.31, 63
2026/09/21 05:48:14.405, 100, 23404, 24576, 324.25, 63
2026/09/21 05:48:15.405, 100, 23404, 24576, 325.02, 64
2026/09/21 05:48:16.405, 100, 23404, 24576, 326.07, 63
2026/09/21 05:48:17.406, 100, 23404, 24576, 327.36, 63
2026/09/21 05:48:18.406, 100, 23404, 24576, 326.52, 63
2026/09/21 05:48:19.406, 100, 23404, 24576, 321.60, 62
2026/09/21 05:48:20.407, 100, 23404, 24576, 328.26, 63
2026/09/21 05:48:21.407, 100, 23404, 24576, 329.35, 63
2026/09/21 05:48:22.407, 100, 23404, 24576, 325.94, 63
2026/09/21 05:48:23.408, 100, 23404, 24576, 301.09, 62
2026/09/21 05:48:24.408, 100, 23404, 24576, 323.32, 63
2026/09/21 05:48:25.408, 100, 23404, 24576, 326.77, 63
2026/09/21 05:48:26.409, 99, 23404, 24576, 324.92, 63
2026/09/21 05:48:27.409, 100, 23404, 24576, 321.89, 63
2026/09/21 05:48:28.409, 100, 23404, 24576, 320.85, 62
2026/09/21 05:48:29.410, 100, 23404, 24576, 324.55, 63
2026/09/21 05:48:30.410, 100, 23404, 24576, 326.08, 63
2026/09/21 05:48:31.410, 100, 23404, 24576, 321.73, 63
2026/09/21 05:48:32.411, 100, 23404, 24576, 322.56, 62
2026/09/21 05:48:33.411, 99, 23404, 24576, 318.63, 63
2026/09/21 05:48:34.411, 100, 23404, 24576, 321.62, 64
2026/09/21 05:48:35.412, 100, 23404, 24576, 321.69, 62
2026/09/21 05:48:36.412, 100, 23404, 24576, 322.18, 63
2026/09/21 05:48:37.412, 100, 23404, 24576, 322.22, 64
2026/09/21 05:48:38.412, 100, 23404, 24576, 322.46, 62
2026/09/21 05:48:39.413, 100, 23404, 24576, 320.49, 63
2026/09/21 05:48:40.413, 100, 23404, 24576, 323.55, 62
2026/09/21 05:48:41.413, 100, 23404, 24576, 320.86, 63
2026/09/21 05:48:42.414, 100, 23404, 24576, 322.73, 62
2026/09/21 05:48:43.414, 100, 23404, 24576, 322.25, 64
2026/09/21 05:48:44.415, 100, 23404, 24576, 323.56, 62
2026/09/21 05:48:45.415, 100, 23404, 24576, 320.87, 63
2026/09/21 05:48:46.415, 100, 23404, 24576, 322.61, 62
2026/09/21 05:48:47.415, 100, 23404, 24576, 319.50, 63
2026/09/21 05:48:48.416, 99, 23404, 24576, 318.98, 63
2026/09/21 05:48:49.416, 100, 23404, 24576, 321.25, 64
2026/09/21 05:48:50.416, 100, 23404, 24576, 324.38, 63
2026/09/21 05:48:51.417, 100, 23404, 24576, 323.50, 62
2026/09/21 05:48:52.417, 97, 23404, 24576, 319.74, 64
2026/09/21 05:48:53.417, 100, 23404, 24576, 325.02, 62
2026/09/21 05:48:54.417, 100, 23404, 24576, 319.66, 62
2026/09/21 05:48:55.418, 100, 23404, 24576, 317.52, 63
2026/09/21 05:48:56.418, 100, 23404, 24576, 320.80, 62
2026/09/21 05:48:57.419, 100, 23404, 24576, 319.68, 62
2026/09/21 05:48:58.419, 100, 23404, 24576, 317.30, 63
2026/09/21 05:48:59.419, 100, 23404, 24576, 322.14, 64
2026/09/21 05:49:00.420, 100, 23404, 24576, 320.18, 62
2026/09/21 05:49:01.420, 100, 23404, 24576, 319.23, 63
2026/09/21 05:49:02.421, 100, 23404, 24576, 316.42, 63
2026/09/21 05:49:03.421, 100, 23404, 24576, 319.03, 64
2026/09/21 05:49:04.422, 100, 23404, 24576, 322.75, 62
2026/09/21 05:49:05.422, 100, 23404, 24576, 324.05, 62
2026/09/21 05:49:06.422, 100, 23404, 24576, 319.37, 62
2026/09/21 05:49:07.423, 100, 23404, 24576, 318.64, 62
2026/09/21 05:49:08.423, 98, 23404, 24576, 315.42, 63
2026/09/21 05:49:09.423, 100, 23404, 24576, 324.21, 64
2026/09/21 05:49:10.424, 100, 23404, 24576, 326.84, 64
2026/09/21 05:49:11.424, 100, 23404, 24576, 326.88, 64
2026/09/21 05:49:12.424, 100, 23404, 24576, 322.28, 63
2026/09/21 05:49:13.425, 100, 23404, 24576, 324.21, 62
2026/09/21 05:49:14.425, 100, 23404, 24576, 323.10, 62
2026/09/21 05:49:15.425, 100, 23404, 24576, 324.26, 63
2026/09/21 05:49:16.426, 100, 23404, 24576, 324.82, 63
2026/09/21 05:49:17.426, 100, 23404, 24576, 320.94, 63
2026/09/21 05:49:18.426, 100, 23404, 24576, 318.40, 62
2026/09/21 05:49:19.427, 100, 23404, 24576, 321.16, 62
2026/09/21 05:49:20.427, 100, 23404, 24576, 321.93, 62
2026/09/21 05:49:21.427, 100, 23404, 24576, 318.78, 62
2026/09/21 05:49:22.428, 100, 23404, 24576, 316.89, 62
2026/09/21 05:49:23.428, 100, 23404, 24576, 319.38, 62
2026/09/21 05:49:24.428, 100, 23404, 24576, 325.16, 64
2026/09/21 05:49:25.429, 50, 23404, 24576, 311.53, 63
2026/09/21 05:49:26.429, 100, 23404, 24576, 315.63, 64
2026/09/21 05:49:27.429, 100, 23404, 24576, 323.60, 63
2026/09/21 05:49:28.430, 100, 23404, 24576, 320.91, 63
2026/09/21 05:49:29.430, 100, 23404, 24576, 319.85, 62
2026/09/21 05:49:30.430, 100, 23404, 24576, 318.12, 63
2026/09/21 05:49:31.431, 100, 23404, 24576, 322.33, 62
2026/09/21 05:49:32.431, 100, 23404, 24576, 327.51, 64
2026/09/21 05:49:33.432, 100, 23404, 24576, 322.85, 64
2026/09/21 05:49:34.432, 100, 23404, 24576, 322.69, 64
2026/09/21 05:49:35.432, 100, 23404, 24576, 323.00, 63
2026/09/21 05:49:36.433, 100, 23404, 24576, 320.75, 63
2026/09/21 05:49:37.433, 100, 23404, 24576, 324.72, 63
2026/09/21 05:49:38.433, 100, 23404, 24576, 324.13, 64
2026/09/21 05:49:39.433, 100, 23404, 24576, 321.68, 64
2026/09/21 05:49:40.434, 100, 23404, 24576, 322.61, 63
2026/09/21 05:49:41.434, 100, 23404, 24576, 321.50, 63
2026/09/21 05:49:42.434, 100, 23404, 24576, 324.49, 64
2026/09/21 05:49:43.435, 100, 23404, 24576, 324.13, 64
2026/09/21 05:49:44.435, 100, 23404, 24576, 321.96, 63
2026/09/21 05:49:45.435, 100, 23404, 24576, 323.58, 63
2026/09/21 05:49:46.436, 100, 23404, 24576, 324.11, 64
2026/09/21 05:49:47.436, 100, 23404, 24576, 322.67, 63
2026/09/21 05:49:48.436, 100, 23404, 24576, 315.37, 63
2026/09/21 05:49:49.437, 100, 23404, 24576, 323.62, 64
2026/09/21 05:49:50.437, 100, 23404, 24576, 322.48, 63
2026/09/21 05:49:51.437, 100, 23404, 24576, 324.57, 63
2026/09/21 05:49:52.438, 98, 23404, 24576, 322.17, 63
2026/09/21 05:49:53.438, 100, 23404, 24576, 323.65, 64
2026/09/21 05:49:54.442, 100, 23404, 24576, 325.11, 63
2026/09/21 05:49:55.442, 100, 23404, 24576, 322.52, 64
2026/09/21 05:49:56.443, 100, 23404, 24576, 323.77, 63
2026/09/21 05:49:57.443, 100, 23404, 24576, 319.44, 62
2026/09/21 05:49:58.443, 100, 23404, 24576, 319.22, 64
2026/09/21 05:49:59.444, 100, 23404, 24576, 324.88, 63
2026/09/21 05:50:00.444, 100, 23404, 24576, 320.86, 64
2026/09/21 05:50:01.444, 100, 23404, 24576, 324.29, 63
2026/09/21 05:50:02.445, 100, 23404, 24576, 318.40, 63
2026/09/21 05:50:03.447, 100, 23404, 24576, 320.95, 63
2026/09/21 05:50:04.447, 100, 23404, 24576, 325.47, 63
2026/09/21 05:50:05.451, 100, 23665, 24576, 321.02, 64
2026/09/21 05:50:06.454, 99, 23665, 24576, 321.18, 63
2026/09/21 05:50:07.456, 100, 23404, 24576, 326.09, 64
2026/09/21 05:50:08.456, 100, 23404, 24576, 323.90, 63
2026/09/21 05:50:09.457, 100, 23404, 24576, 318.56, 64
2026/09/21 05:50:10.457, 100, 23404, 24576, 324.99, 63
2026/09/21 05:50:11.457, 99, 23404, 24576, 322.85, 64
2026/09/21 05:50:12.458, 100, 23404, 24576, 322.94, 63
2026/09/21 05:50:13.458, 100, 23404, 24576, 318.99, 65
2026/09/21 05:50:14.458, 100, 23404, 24576, 324.33, 63
2026/09/21 05:50:15.459, 100, 23404, 24576, 318.40, 64
2026/09/21 05:50:16.459, 100, 23404, 24576, 322.80, 63
2026/09/21 05:50:17.459, 100, 23404, 24576, 317.19, 64
2026/09/21 05:50:18.460, 100, 23404, 24576, 328.35, 63
2026/09/21 05:50:19.460, 100, 23404, 24576, 323.61, 63
2026/09/21 05:50:20.461, 100, 23404, 24576, 320.94, 65
2026/09/21 05:50:21.461, 100, 23404, 24576, 320.60, 63
2026/09/21 05:50:22.461, 100, 23404, 24576, 321.03, 65
2026/09/21 05:50:23.462, 100, 23404, 24576, 326.59, 63
2026/09/21 05:50:24.462, 100, 23404, 24576, 321.41, 63
2026/09/21 05:50:25.462, 100, 23404, 24576, 322.91, 65
2026/09/21 05:50:26.463, 100, 23404, 24576, 321.07, 63
2026/09/21 05:50:27.463, 100, 23404, 24576, 320.65, 65
2026/09/21 05:50:28.463, 100, 23404, 24576, 329.14, 63
2026/09/21 05:50:29.463, 100, 23404, 24576, 323.14, 63
2026/09/21 05:50:30.464, 100, 23404, 24576, 318.48, 64
2026/09/21 05:50:31.464, 61, 23404, 24576, 313.35, 63
2026/09/21 05:50:32.464, 100, 23404, 24576, 318.80, 63
2026/09/21 05:50:33.465, 100, 23404, 24576, 324.04, 63
2026/09/21 05:50:34.465, 100, 23404, 24576, 327.71, 64
2026/09/21 05:50:35.465, 100, 23404, 24576, 322.30, 64
2026/09/21 05:50:36.466, 100, 23404, 24576, 308.57, 64
2026/09/21 05:50:37.466, 100, 23404, 24576, 305.83, 63
2026/09/21 05:50:38.466, 100, 23404, 24576, 313.50, 63
2026/09/21 05:50:39.467, 100, 23404, 24576, 315.71, 63
2026/09/21 05:50:40.467, 100, 23404, 24576, 321.87, 64
2026/09/21 05:50:41.467, 93, 23404, 24576, 330.04, 63
2026/09/21 05:50:42.468, 58, 23404, 24576, 319.95, 64
2026/09/21 05:50:43.468, 95, 23404, 24576, 310.37, 63
2026/09/21 05:50:44.468, 66, 23404, 24576, 310.71, 63
2026/09/21 05:50:45.468, 75, 23404, 24576, 302.41, 63
2026/09/21 05:50:46.469, 68, 23404, 24576, 307.72, 63
2026/09/21 05:50:47.469, 68, 23404, 24576, 307.30, 63
2026/09/21 05:50:48.472, 69, 23404, 24576, 305.84, 63
2026/09/21 05:50:49.473, 31, 23404, 24576, 292.34, 60
2026/09/21 05:50:50.473, 64, 23404, 24576, 301.14, 63
2026/09/21 05:50:51.474, 0, 23404, 24576, 241.85, 59
2026/09/21 05:50:52.474, 69, 23404, 24576, 150.89, 58
2026/09/21 05:50:53.474, 100, 23404, 24576, 345.61, 62
2026/09/21 05:50:54.474, 100, 23404, 24576, 335.47, 62
2026/09/21 05:50:55.475, 100, 23404, 24576, 335.50, 63
2026/09/21 05:50:56.475, 100, 23404, 24576, 335.87, 63
2026/09/21 05:50:57.476, 100, 23404, 24576, 336.28, 63
2026/09/21 05:50:58.476, 100, 23404, 24576, 336.34, 63
2026/09/21 05:50:59.476, 100, 23404, 24576, 334.41, 63
2026/09/21 05:51:00.477, 100, 23404, 24576, 334.94, 63
2026/09/21 05:51:01.477, 100, 23404, 24576, 336.13, 62
2026/09/21 05:51:02.477, 100, 23404, 24576, 334.49, 63
2026/09/21 05:51:03.478, 100, 23404, 24576, 333.65, 63
2026/09/21 05:51:04.478, 100, 23404, 24576, 332.36, 63
2026/09/21 05:51:05.478, 100, 23404, 24576, 333.64, 63
2026/09/21 05:51:06.479, 100, 23404, 24576, 334.33, 63
2026/09/21 05:51:07.479, 100, 23404, 24576, 331.07, 63
2026/09/21 05:51:08.479, 100, 23404, 24576, 332.52, 63
2026/09/21 05:51:09.480, 100, 23404, 24576, 333.12, 63
2026/09/21 05:51:10.480, 100, 23404, 24576, 333.67, 64
2026/09/21 05:51:11.481, 100, 23404, 24576, 333.77, 64
2026/09/21 05:51:12.481, 100, 23404, 24576, 328.68, 64
2026/09/21 05:51:13.481, 100, 23404, 24576, 332.87, 63
2026/09/21 05:51:14.482, 100, 23404, 24576, 331.89, 64
2026/09/21 05:51:15.482, 100, 23404, 24576, 329.56, 64
2026/09/21 05:51:16.482, 100, 23404, 24576, 332.63, 63
2026/09/21 05:51:17.483, 100, 23404, 24576, 330.45, 63
2026/09/21 05:51:18.483, 100, 23404, 24576, 328.69, 64
2026/09/21 05:51:19.483, 98, 23404, 24576, 330.00, 63
2026/09/21 05:51:20.484, 100, 23404, 24576, 331.14, 63
2026/09/21 05:51:21.484, 100, 23404, 24576, 326.89, 64
2026/09/21 05:51:22.484, 100, 23404, 24576, 324.61, 64
2026/09/21 05:51:23.485, 100, 23404, 24576, 329.71, 63
2026/09/21 05:51:24.485, 98, 23404, 24576, 331.69, 63
2026/09/21 05:51:25.485, 100, 23404, 24576, 326.43, 64
2026/09/21 05:51:26.486, 100, 23404, 24576, 329.28, 63
2026/09/21 05:51:27.486, 100, 23404, 24576, 305.26, 63
2026/09/21 05:51:28.486, 100, 23404, 24576, 329.37, 63
2026/09/21 05:51:29.487, 100, 23404, 24576, 327.47, 64
2026/09/21 05:51:30.487, 100, 23404, 24576, 326.14, 63
2026/09/21 05:51:31.487, 100, 23404, 24576, 329.48, 64
2026/09/21 05:51:32.488, 99, 23404, 24576, 329.02, 63
2026/09/21 05:51:33.488, 100, 23404, 24576, 328.26, 63
2026/09/21 05:51:34.488, 100, 23404, 24576, 330.26, 63
2026/09/21 05:51:35.488, 100, 23404, 24576, 325.56, 64
2026/09/21 05:51:36.489, 100, 23404, 24576, 324.21, 64
2026/09/21 05:51:37.489, 100, 23404, 24576, 324.61, 64
2026/09/21 05:51:38.489, 100, 23404, 24576, 321.46, 63
2026/09/21 05:51:39.489, 100, 23404, 24576, 322.43, 64
2026/09/21 05:51:40.490, 100, 23404, 24576, 326.34, 64
2026/09/21 05:51:41.490, 100, 23404, 24576, 321.27, 64
2026/09/21 05:51:42.491, 100, 23404, 24576, 326.46, 64
2026/09/21 05:51:43.491, 100, 23404, 24576, 328.62, 63
2026/09/21 05:51:44.491, 100, 23404, 24576, 325.51, 64
2026/09/21 05:51:45.492, 100, 23404, 24576, 321.62, 64
2026/09/21 05:51:46.492, 100, 23404, 24576, 325.80, 64
2026/09/21 05:51:47.492, 100, 23404, 24576, 328.41, 63
2026/09/21 05:51:48.492, 100, 23404, 24576, 327.86, 64
2026/09/21 05:51:49.493, 100, 23404, 24576, 322.75, 64
2026/09/21 05:51:50.494, 100, 23404, 24576, 327.98, 64
2026/09/21 05:51:51.494, 100, 23404, 24576, 324.28, 63
2026/09/21 05:51:52.495, 100, 23404, 24576, 324.39, 64
2026/09/21 05:51:53.495, 100, 23404, 24576, 320.56, 64
2026/09/21 05:51:54.495, 100, 23404, 24576, 324.88, 64
2026/09/21 05:51:55.495, 100, 23404, 24576, 326.89, 63
2026/09/21 05:51:56.496, 100, 23404, 24576, 323.99, 64
2026/09/21 05:51:57.496, 100, 23404, 24576, 327.63, 63
2026/09/21 05:51:58.496, 100, 23404, 24576, 324.35, 63
2026/09/21 05:51:59.497, 100, 23404, 24576, 322.84, 64
2026/09/21 05:52:00.497, 100, 23404, 24576, 328.15, 63
2026/09/21 05:52:01.497, 100, 23404, 24576, 326.56, 63
2026/09/21 05:52:02.498, 100, 23404, 24576, 322.14, 64
2026/09/21 05:52:03.498, 100, 23404, 24576, 323.98, 64
2026/09/21 05:52:04.498, 100, 23404, 24576, 326.07, 64
2026/09/21 05:52:05.498, 99, 23404, 24576, 321.62, 63
2026/09/21 05:52:06.499, 100, 23404, 24576, 321.44, 63
2026/09/21 05:52:07.499, 100, 23404, 24576, 320.65, 63
2026/09/21 05:52:08.499, 100, 23404, 24576, 322.04, 63
2026/09/21 05:52:09.500, 100, 23404, 24576, 318.40, 64
2026/09/21 05:52:10.500, 100, 23404, 24576, 317.90, 63
2026/09/21 05:52:11.500, 100, 23404, 24576, 320.63, 63
2026/09/21 05:52:12.501, 100, 23404, 24576, 320.47, 64
2026/09/21 05:52:13.501, 100, 23404, 24576, 318.85, 63
2026/09/21 05:52:14.501, 100, 23404, 24576, 322.76, 63
2026/09/21 05:52:15.502, 100, 23404, 24576, 324.73, 63
2026/09/21 05:52:16.502, 100, 23404, 24576, 303.80, 65
2026/09/21 05:52:17.502, 100, 23404, 24576, 320.98, 63
2026/09/21 05:52:18.503, 100, 23404, 24576, 321.59, 63
2026/09/21 05:52:19.503, 100, 23404, 24576, 319.63, 63
2026/09/21 05:52:20.503, 100, 23404, 24576, 325.32, 64
2026/09/21 05:52:21.504, 100, 23404, 24576, 324.53, 64
2026/09/21 05:52:22.504, 100, 23404, 24576, 321.51, 63
2026/09/21 05:52:23.504, 100, 23404, 24576, 317.48, 63
2026/09/21 05:52:24.504, 100, 23404, 24576, 321.31, 64
2026/09/21 05:52:25.505, 100, 23404, 24576, 322.77, 64
2026/09/21 05:52:26.505, 100, 23404, 24576, 317.33, 64
2026/09/21 05:52:27.505, 100, 23404, 24576, 325.13, 63
2026/09/21 05:52:28.505, 100, 23404, 24576, 324.64, 64
2026/09/21 05:52:29.506, 100, 23404, 24576, 323.39, 63
2026/09/21 05:52:30.506, 100, 23404, 24576, 322.90, 63
2026/09/21 05:52:31.506, 100, 23404, 24576, 321.52, 64
2026/09/21 05:52:32.507, 100, 23404, 24576, 323.01, 64
2026/09/21 05:52:33.507, 100, 23404, 24576, 322.73, 64
2026/09/21 05:52:34.507, 100, 23404, 24576, 313.58, 63
2026/09/21 05:52:35.508, 100, 23404, 24576, 320.28, 65
2026/09/21 05:52:36.508, 100, 23404, 24576, 325.26, 63
2026/09/21 05:52:37.508, 100, 23404, 24576, 320.65, 63
2026/09/21 05:52:38.509, 100, 23404, 24576, 317.81, 63
2026/09/21 05:52:39.509, 100, 23404, 24576, 318.09, 65
2026/09/21 05:52:40.509, 100, 23404, 24576, 324.31, 64
2026/09/21 05:52:41.510, 99, 23404, 24576, 321.71, 64
2026/09/21 05:52:42.510, 100, 23404, 24576, 325.29, 64
2026/09/21 05:52:43.510, 100, 23404, 24576, 324.55, 63
2026/09/21 05:52:44.510, 100, 23404, 24576, 317.50, 63
2026/09/21 05:52:45.511, 100, 23404, 24576, 319.07, 63
2026/09/21 05:52:46.511, 100, 23404, 24576, 320.46, 63
2026/09/21 05:52:47.511, 100, 23404, 24576, 316.64, 65
2026/09/21 05:52:48.512, 100, 23404, 24576, 326.30, 64
2026/09/21 05:52:49.512, 100, 23404, 24576, 320.40, 63
2026/09/21 05:52:50.512, 100, 23404, 24576, 316.42, 64
2026/09/21 05:52:51.512, 100, 23404, 24576, 325.41, 65
2026/09/21 05:52:52.513, 100, 23404, 24576, 329.86, 64
2026/09/21 05:52:53.513, 100, 23404, 24576, 320.04, 64
2026/09/21 05:52:54.513, 100, 23404, 24576, 319.89, 64
2026/09/21 05:52:55.514, 100, 23404, 24576, 323.38, 64
2026/09/21 05:52:56.514, 100, 23404, 24576, 328.10, 64
2026/09/21 05:52:57.514, 100, 23404, 24576, 319.83, 63
2026/09/21 05:52:58.515, 100, 23404, 24576, 317.84, 63
2026/09/21 05:52:59.515, 100, 23404, 24576, 316.08, 63
2026/09/21 05:53:00.515, 100, 23404, 24576, 318.85, 64
2026/09/21 05:53:01.515, 99, 23404, 24576, 324.07, 64
2026/09/21 05:53:02.516, 100, 23404, 24576, 327.49, 64
2026/09/21 05:53:03.516, 100, 23404, 24576, 330.18, 64
2026/09/21 05:53:04.517, 100, 23404, 24576, 328.74, 63
2026/09/21 05:53:05.517, 100, 23404, 24576, 321.35, 64
2026/09/21 05:53:06.517, 100, 23404, 24576, 320.27, 63
2026/09/21 05:53:07.518, 100, 23404, 24576, 316.77, 63
2026/09/21 05:53:08.518, 100, 23404, 24576, 318.50, 63
2026/09/21 05:53:09.518, 100, 23404, 24576, 320.19, 63
2026/09/21 05:53:10.519, 100, 23404, 24576, 316.30, 64
2026/09/21 05:53:11.519, 100, 23404, 24576, 320.45, 64
2026/09/21 05:53:12.519, 100, 23404, 24576, 319.23, 63
2026/09/21 05:53:13.519, 100, 23404, 24576, 317.25, 63
2026/09/21 05:53:14.520, 100, 23404, 24576, 321.77, 63
2026/09/21 05:53:15.520, 100, 23404, 24576, 318.66, 63
2026/09/21 05:53:16.521, 100, 23404, 24576, 318.86, 63
2026/09/21 05:53:17.521, 100, 23404, 24576, 323.83, 64
2026/09/21 05:53:18.522, 100, 23404, 24576, 310.19, 64
2026/09/21 05:53:19.522, 100, 23404, 24576, 328.22, 65
2026/09/21 05:53:20.522, 100, 23404, 24576, 323.20, 64
2026/09/21 05:53:21.522, 100, 23404, 24576, 321.36, 64
2026/09/21 05:53:22.523, 100, 23404, 24576, 315.64, 64
2026/09/21 05:53:23.523, 100, 23404, 24576, 322.89, 63
2026/09/21 05:53:24.523, 100, 23404, 24576, 321.55, 63
2026/09/21 05:53:25.524, 100, 23404, 24576, 324.31, 64
2026/09/21 05:53:26.524, 100, 23404, 24576, 323.44, 64
2026/09/21 05:53:27.524, 100, 23404, 24576, 323.97, 65
2026/09/21 05:53:28.525, 100, 23404, 24576, 321.96, 63
2026/09/21 05:53:29.525, 100, 23404, 24576, 320.88, 63
2026/09/21 05:53:30.525, 100, 23404, 24576, 324.52, 64
2026/09/21 05:53:31.526, 100, 23404, 24576, 325.54, 64
2026/09/21 05:53:32.526, 100, 23404, 24576, 322.33, 64
2026/09/21 05:53:33.526, 100, 23404, 24576, 322.52, 63
2026/09/21 05:53:34.527, 100, 23404, 24576, 324.78, 63
2026/09/21 05:53:35.527, 96, 23404, 24576, 326.48, 64
2026/09/21 05:53:36.527, 100, 23404, 24576, 320.62, 65
2026/09/21 05:53:37.527, 100, 23404, 24576, 322.91, 63
2026/09/21 05:53:38.528, 100, 23404, 24576, 323.45, 64
2026/09/21 05:53:39.528, 100, 23404, 24576, 323.57, 65
2026/09/21 05:53:40.528, 100, 23404, 24576, 319.92, 64
2026/09/21 05:53:41.529, 100, 23404, 24576, 321.07, 63
2026/09/21 05:53:42.529, 100, 23404, 24576, 324.23, 65
2026/09/21 05:53:43.529, 100, 23404, 24576, 322.72, 64
2026/09/21 05:53:44.530, 100, 23404, 24576, 323.23, 64
2026/09/21 05:53:45.530, 100, 23404, 24576, 328.39, 64
2026/09/21 05:53:46.530, 100, 23404, 24576, 325.43, 64
2026/09/21 05:53:47.531, 100, 23404, 24576, 327.55, 63
2026/09/21 05:53:48.531, 100, 23404, 24576, 324.93, 64
2026/09/21 05:53:49.531, 100, 23404, 24576, 323.26, 64
2026/09/21 05:53:50.532, 100, 23404, 24576, 326.07, 64
2026/09/21 05:53:51.532, 100, 23404, 24576, 324.45, 64
2026/09/21 05:53:52.532, 100, 23404, 24576, 325.64, 63
2026/09/21 05:53:53.532, 100, 23404, 24576, 322.49, 64
2026/09/21 05:53:54.533, 100, 23404, 24576, 319.98, 63
2026/09/21 05:53:55.533, 100, 23404, 24576, 323.57, 64
2026/09/21 05:53:56.533, 100, 23404, 24576, 323.55, 63
2026/09/21 05:53:57.534, 100, 23404, 24576, 322.34, 64
2026/09/21 05:53:58.534, 100, 23404, 24576, 323.12, 63
2026/09/21 05:53:59.535, 100, 23404, 24576, 319.04, 63
2026/09/21 05:54:00.535, 100, 23404, 24576, 320.76, 64
2026/09/21 05:54:01.535, 100, 23404, 24576, 327.70, 63
2026/09/21 05:54:02.536, 100, 23404, 24576, 324.99, 64
2026/09/21 05:54:03.536, 100, 23404, 24576, 325.15, 64
2026/09/21 05:54:04.536, 100, 23404, 24576, 322.28, 64
2026/09/21 05:54:05.537, 100, 23404, 24576, 327.75, 63
2026/09/21 05:54:06.537, 100, 23404, 24576, 323.40, 63
2026/09/21 05:54:07.537, 100, 23404, 24576, 325.53, 64
2026/09/21 05:54:08.538, 100, 23404, 24576, 324.09, 63
2026/09/21 05:54:09.538, 100, 23404, 24576, 321.57, 64
2026/09/21 05:54:10.538, 100, 23404, 24576, 322.55, 63
2026/09/21 05:54:11.539, 100, 23404, 24576, 317.12, 65
2026/09/21 05:54:12.539, 100, 23404, 24576, 328.13, 63
2026/09/21 05:54:13.539, 100, 23404, 24576, 320.78, 63
2026/09/21 05:54:14.540, 100, 23404, 24576, 320.43, 63
2026/09/21 05:54:15.540, 100, 23404, 24576, 319.78, 63
2026/09/21 05:54:16.540, 100, 23404, 24576, 319.99, 65
2026/09/21 05:54:17.541, 100, 23404, 24576, 324.58, 63
2026/09/21 05:54:18.541, 100, 23404, 24576, 319.94, 63
2026/09/21 05:54:19.542, 100, 23404, 24576, 322.62, 64
2026/09/21 05:54:20.542, 100, 23404, 24576, 323.85, 63
2026/09/21 05:54:21.542, 100, 23404, 24576, 317.75, 64
2026/09/21 05:54:22.542, 100, 23404, 24576, 325.99, 64
2026/09/21 05:54:23.543, 100, 23404, 24576, 325.72, 63
2026/09/21 05:54:24.543, 100, 23404, 24576, 305.93, 63
2026/09/21 05:54:25.543, 100, 23404, 24576, 324.90, 64
2026/09/21 05:54:26.544, 100, 23404, 24576, 325.72, 63
2026/09/21 05:54:27.544, 100, 23404, 24576, 319.53, 63
2026/09/21 05:54:28.544, 100, 23404, 24576, 318.12, 63
2026/09/21 05:54:29.545, 100, 23404, 24576, 304.35, 63
2026/09/21 05:54:30.545, 100, 23404, 24576, 311.78, 63
2026/09/21 05:54:31.545, 100, 23404, 24576, 313.41, 63
2026/09/21 05:54:32.545, 75, 23404, 24576, 308.14, 61
2026/09/21 05:54:33.545, 100, 23404, 24576, 331.05, 63
2026/09/21 05:54:34.546, 76, 23404, 24576, 303.19, 63
2026/09/21 05:54:35.546, 70, 23404, 24576, 298.09, 62
2026/09/21 05:54:36.548, 70, 23404, 24576, 298.43, 62
2026/09/21 05:54:37.548, 71, 23404, 24576, 298.86, 63
2026/09/21 05:54:38.548, 70, 23404, 24576, 300.48, 62
2026/09/21 05:54:39.549, 63, 23404, 24576, 300.48, 63
2026/09/21 05:54:40.549, 72, 23404, 24576, 302.15, 62
2026/09/21 05:54:41.549, 61, 23404, 24576, 288.06, 62
2026/09/21 05:54:42.549, 71, 23404, 24576, 321.55, 62
2026/09/21 05:54:43.550, 70, 23404, 24576, 301.79, 62
2026/09/21 05:54:44.550, 0, 23404, 24576, 189.23, 58
2026/09/21 05:54:45.551, 0, 23404, 24576, 160.45, 58
2026/09/21 05:54:46.551, 0, 23404, 24576, 141.82, 57
2026/09/21 05:54:47.551, 0, 23404, 24576, 132.77, 56
2026/09/21 05:54:48.551, 0, 23404, 24576, 123.88, 55
2026/09/21 05:54:49.552, 0, 23404, 24576, 123.51, 55
2026/09/21 05:54:50.552, 0, 23404, 24576, 123.10, 54
2026/09/21 05:54:51.552, 0, 23404, 24576, 122.76, 54
2026/09/21 05:54:52.553, 100, 23404, 24576, 230.58, 59
2026/09/21 05:54:53.553, 100, 23404, 24576, 335.59, 60
2026/09/21 05:54:54.553, 100, 23404, 24576, 337.64, 60
2026/09/21 05:54:55.554, 100, 23404, 24576, 324.62, 60
2026/09/21 05:54:56.554, 100, 23404, 24576, 337.33, 60
2026/09/21 05:54:57.554, 100, 23404, 24576, 337.74, 60
2026/09/21 05:54:58.555, 100, 23404, 24576, 335.49, 60
2026/09/21 05:54:59.555, 100, 23404, 24576, 335.93, 61
2026/09/21 05:55:00.556, 100, 23404, 24576, 336.38, 61
2026/09/21 05:55:01.556, 100, 23404, 24576, 334.83, 61
2026/09/21 05:55:02.556, 100, 23404, 24576, 335.38, 61
2026/09/21 05:55:03.557, 100, 23404, 24576, 332.11, 61
2026/09/21 05:55:04.557, 100, 23404, 24576, 335.40, 61
2026/09/21 05:55:05.557, 100, 23404, 24576, 334.70, 61
2026/09/21 05:55:06.558, 100, 23404, 24576, 331.25, 61
2026/09/21 05:55:07.558, 100, 23404, 24576, 333.39, 61
2026/09/21 05:55:08.558, 100, 23404, 24576, 333.51, 61
2026/09/21 05:55:09.559, 100, 23404, 24576, 334.34, 62
2026/09/21 05:55:10.559, 100, 23404, 24576, 333.04, 61
2026/09/21 05:55:11.559, 98, 23404, 24576, 328.99, 61
2026/09/21 05:55:12.560, 100, 23404, 24576, 330.34, 61
2026/09/21 05:55:13.560, 100, 23404, 24576, 331.25, 61
2026/09/21 05:55:14.560, 100, 23404, 24576, 329.02, 62
2026/09/21 05:55:15.561, 100, 23404, 24576, 328.87, 62
2026/09/21 05:55:16.561, 100, 23404, 24576, 329.49, 61
2026/09/21 05:55:17.561, 100, 23404, 24576, 334.46, 61
2026/09/21 05:55:18.562, 100, 23404, 24576, 329.97, 62
2026/09/21 05:55:19.562, 100, 23404, 24576, 328.38, 61
2026/09/21 05:55:20.562, 100, 23404, 24576, 331.18, 62
2026/09/21 05:55:21.563, 100, 23404, 24576, 326.89, 62
2026/09/21 05:55:22.563, 100, 23404, 24576, 327.91, 62
2026/09/21 05:55:23.563, 100, 23404, 24576, 324.47, 61
2026/09/21 05:55:24.565, 100, 23404, 24576, 329.52, 61
2026/09/21 05:55:25.565, 100, 23404, 24576, 328.50, 62
2026/09/21 05:55:26.565, 100, 23404, 24576, 293.92, 61
2026/09/21 05:55:27.565, 100, 23404, 24576, 328.41, 63
2026/09/21 05:55:28.566, 100, 23404, 24576, 326.02, 62
2026/09/21 05:55:29.566, 100, 23404, 24576, 322.79, 63
2026/09/21 05:55:30.566, 100, 23404, 24576, 326.61, 63
2026/09/21 05:55:31.567, 100, 23404, 24576, 324.37, 63
2026/09/21 05:55:32.567, 100, 23404, 24576, 326.65, 62
2026/09/21 05:55:33.567, 100, 23404, 24576, 330.96, 62
2026/09/21 05:55:34.568, 100, 23404, 24576, 326.29, 62
2026/09/21 05:55:35.568, 100, 23404, 24576, 322.95, 63
2026/09/21 05:55:36.568, 100, 23404, 24576, 322.84, 63
2026/09/21 05:55:37.569, 100, 23404, 24576, 324.00, 62
2026/09/21 05:55:38.569, 100, 23404, 24576, 325.80, 62
2026/09/21 05:55:39.569, 100, 23404, 24576, 322.57, 63
2026/09/21 05:55:40.570, 100, 23404, 24576, 323.17, 62
2026/09/21 05:55:41.570, 100, 23404, 24576, 322.06, 63
2026/09/21 05:55:42.570, 100, 23404, 24576, 326.72, 63
2026/09/21 05:55:43.571, 100, 23404, 24576, 322.49, 63
2026/09/21 05:55:44.571, 100, 23404, 24576, 326.15, 62
2026/09/21 05:55:45.572, 100, 23404, 24576, 321.62, 63
2026/09/21 05:55:46.572, 100, 23404, 24576, 320.81, 63
2026/09/21 05:55:47.572, 100, 23404, 24576, 324.61, 62
2026/09/21 05:55:48.573, 100, 23404, 24576, 324.23, 63
2026/09/21 05:55:49.573, 100, 23404, 24576, 319.93, 63
2026/09/21 05:55:50.573, 100, 23404, 24576, 327.05, 62
2026/09/21 05:55:51.574, 100, 23404, 24576, 325.60, 63
2026/09/21 05:55:52.574, 100, 23404, 24576, 326.25, 62
2026/09/21 05:55:53.574, 100, 23404, 24576, 325.41, 63
2026/09/21 05:55:54.575, 100, 23404, 24576, 322.27, 62
2026/09/21 05:55:55.575, 100, 23404, 24576, 318.28, 63
2026/09/21 05:55:56.575, 100, 23404, 24576, 319.29, 62
2026/09/21 05:55:57.576, 100, 23404, 24576, 323.70, 62
2026/09/21 05:55:58.577, 100, 23404, 24576, 323.09, 63
2026/09/21 05:55:59.577, 100, 23404, 24576, 318.51, 62
2026/09/21 05:56:00.577, 100, 23404, 24576, 321.81, 62
2026/09/21 05:56:01.578, 100, 23404, 24576, 319.94, 64
2026/09/21 05:56:02.578, 100, 23404, 24576, 323.63, 63
2026/09/21 05:56:03.579, 100, 23404, 24576, 320.37, 63
2026/09/21 05:56:04.579, 100, 23404, 24576, 320.91, 63
2026/09/21 05:56:05.579, 100, 23404, 24576, 318.40, 62
2026/09/21 05:56:06.580, 100, 23404, 24576, 326.05, 62
2026/09/21 05:56:07.580, 100, 23404, 24576, 325.98, 62
2026/09/21 05:56:08.580, 100, 23404, 24576, 321.71, 63
2026/09/21 05:56:09.581, 100, 23404, 24576, 326.29, 63
2026/09/21 05:56:10.581, 100, 23404, 24576, 327.61, 62
2026/09/21 05:56:11.581, 100, 23404, 24576, 323.74, 64
2026/09/21 05:56:12.582, 100, 23404, 24576, 326.95, 63
2026/09/21 05:56:13.582, 100, 23404, 24576, 326.60, 62
2026/09/21 05:56:14.582, 100, 23404, 24576, 325.27, 62
2026/09/21 05:56:15.583, 100, 23404, 24576, 298.49, 62
2026/09/21 05:56:16.583, 100, 23404, 24576, 324.86, 63
2026/09/21 05:56:17.583, 100, 23404, 24576, 322.58, 63
2026/09/21 05:56:18.584, 98, 23404, 24576, 319.11, 64
2026/09/21 05:56:19.584, 100, 23404, 24576, 320.33, 62
2026/09/21 05:56:20.584, 100, 23404, 24576, 320.30, 62
2026/09/21 05:56:21.585, 100, 23404, 24576, 323.13, 63
2026/09/21 05:56:22.585, 100, 23404, 24576, 324.15, 63
2026/09/21 05:56:23.585, 100, 23404, 24576, 321.41, 62
2026/09/21 05:56:24.586, 100, 23404, 24576, 321.60, 62
2026/09/21 05:56:25.586, 99, 23404, 24576, 323.65, 63
2026/09/21 05:56:26.586, 100, 23404, 24576, 314.89, 64
2026/09/21 05:56:27.587, 100, 23404, 24576, 321.57, 62
2026/09/21 05:56:28.587, 100, 23404, 24576, 322.36, 64
2026/09/21 05:56:29.587, 100, 23404, 24576, 318.30, 64
2026/09/21 05:56:30.588, 100, 23404, 24576, 321.80, 62
2026/09/21 05:56:31.588, 100, 23404, 24576, 322.14, 62
2026/09/21 05:56:32.588, 100, 23404, 24576, 324.29, 62
2026/09/21 05:56:33.589, 100, 23404, 24576, 325.06, 63
2026/09/21 05:56:34.589, 100, 23404, 24576, 322.69, 62
2026/09/21 05:56:35.589, 100, 23404, 24576, 320.98, 64
2026/09/21 05:56:36.590, 100, 23404, 24576, 325.07, 62
2026/09/21 05:56:37.590, 100, 23404, 24576, 324.26, 63
2026/09/21 05:56:38.590, 100, 23404, 24576, 323.98, 62
2026/09/21 05:56:39.591, 100, 23404, 24576, 318.39, 63
2026/09/21 05:56:40.591, 99, 23404, 24576, 318.52, 62
2026/09/21 05:56:41.591, 100, 23404, 24576, 318.78, 64
2026/09/21 05:56:42.592, 100, 23404, 24576, 322.95, 63
2026/09/21 05:56:43.592, 100, 23404, 24576, 326.64, 62
2026/09/21 05:56:44.592, 97, 23404, 24576, 320.75, 64
2026/09/21 05:56:45.593, 100, 23404, 24576, 327.33, 62
2026/09/21 05:56:46.593, 100, 23404, 24576, 323.62, 62
2026/09/21 05:56:47.594, 100, 23404, 24576, 319.11, 62
2026/09/21 05:56:48.594, 99, 23404, 24576, 319.90, 62
2026/09/21 05:56:49.594, 100, 23404, 24576, 322.47, 62
2026/09/21 05:56:50.595, 100, 23404, 24576, 318.10, 62
2026/09/21 05:56:51.595, 100, 23404, 24576, 319.42, 64
2026/09/21 05:56:52.596, 100, 23404, 24576, 322.47, 62
2026/09/21 05:56:53.596, 100, 23404, 24576, 322.57, 62
2026/09/21 05:56:54.596, 100, 23404, 24576, 317.10, 63
2026/09/21 05:56:55.597, 100, 23404, 24576, 317.48, 63
2026/09/21 05:56:56.597, 99, 23404, 24576, 321.40, 63
2026/09/21 05:56:57.598, 100, 23404, 24576, 324.92, 62
2026/09/21 05:56:58.598, 100, 23404, 24576, 322.37, 62
2026/09/21 05:56:59.598, 100, 23404, 24576, 319.99, 62
2026/09/21 05:57:00.599, 100, 23404, 24576, 318.19, 63
2026/09/21 05:57:01.599, 100, 23404, 24576, 325.19, 64
2026/09/21 05:57:02.601, 100, 23404, 24576, 324.78, 64
2026/09/21 05:57:03.601, 100, 23404, 24576, 326.12, 64
2026/09/21 05:57:04.601, 100, 23404, 24576, 325.45, 63
2026/09/21 05:57:05.601, 100, 23404, 24576, 322.80, 62
2026/09/21 05:57:06.602, 100, 23404, 24576, 324.44, 62
2026/09/21 05:57:07.602, 100, 23404, 24576, 324.73, 62
2026/09/21 05:57:08.602, 100, 23404, 24576, 327.20, 63
2026/09/21 05:57:09.603, 100, 23404, 24576, 321.49, 62
2026/09/21 05:57:10.603, 100, 23404, 24576, 319.45, 62
2026/09/21 05:57:11.604, 100, 23404, 24576, 321.80, 62
2026/09/21 05:57:12.604, 100, 23404, 24576, 322.54, 62
2026/09/21 05:57:13.604, 100, 23404, 24576, 319.22, 62
2026/09/21 05:57:14.604, 100, 23404, 24576, 319.51, 62
2026/09/21 05:57:15.605, 100, 23404, 24576, 322.24, 62
2026/09/21 05:57:16.605, 100, 23404, 24576, 326.09, 63
2026/09/21 05:57:17.606, 38, 23404, 24576, 308.38, 63
2026/09/21 05:57:18.606, 100, 23404, 24576, 310.43, 63
2026/09/21 05:57:19.606, 100, 23404, 24576, 320.80, 63
2026/09/21 05:57:20.607, 100, 23404, 24576, 320.08, 62
2026/09/21 05:57:21.607, 100, 23404, 24576, 322.73, 62
2026/09/21 05:57:22.607, 100, 23404, 24576, 321.72, 62
2026/09/21 05:57:23.607, 100, 23404, 24576, 324.12, 63
2026/09/21 05:57:24.608, 100, 23404, 24576, 325.37, 64
2026/09/21 05:57:25.608, 100, 23404, 24576, 322.29, 64
2026/09/21 05:57:26.609, 100, 23404, 24576, 322.90, 64
2026/09/21 05:57:27.609, 100, 23404, 24576, 322.54, 63
2026/09/21 05:57:28.609, 100, 23404, 24576, 321.87, 62
2026/09/21 05:57:29.609, 100, 23404, 24576, 323.52, 64
2026/09/21 05:57:30.610, 100, 23404, 24576, 324.45, 63
2026/09/21 05:57:31.610, 100, 23404, 24576, 322.19, 64
2026/09/21 05:57:32.610, 100, 23404, 24576, 323.00, 63
2026/09/21 05:57:33.611, 100, 23404, 24576, 321.54, 62
2026/09/21 05:57:34.611, 100, 23404, 24576, 324.35, 64
2026/09/21 05:57:35.612, 100, 23404, 24576, 325.09, 64
2026/09/21 05:57:36.613, 100, 23404, 24576, 323.93, 63
2026/09/21 05:57:37.614, 100, 23404, 24576, 322.56, 62
2026/09/21 05:57:38.614, 100, 23404, 24576, 322.48, 64
2026/09/21 05:57:39.614, 100, 23404, 24576, 322.67, 62
2026/09/21 05:57:40.615, 100, 23404, 24576, 316.34, 63
2026/09/21 05:57:41.615, 100, 23404, 24576, 323.42, 63
2026/09/21 05:57:42.615, 100, 23404, 24576, 321.67, 63
2026/09/21 05:57:43.616, 100, 23404, 24576, 323.90, 62
2026/09/21 05:57:44.616, 99, 23404, 24576, 321.61, 63
2026/09/21 05:57:45.616, 100, 23404, 24576, 323.33, 63
2026/09/21 05:57:46.617, 100, 23404, 24576, 324.54, 62
2026/09/21 05:57:47.617, 100, 23404, 24576, 322.51, 64
2026/09/21 05:57:48.617, 100, 23404, 24576, 324.08, 62
2026/09/21 05:57:49.618, 100, 23404, 24576, 316.33, 62
2026/09/21 05:57:50.618, 100, 23404, 24576, 321.79, 64
2026/09/21 05:57:51.619, 100, 23404, 24576, 323.36, 62
2026/09/21 05:57:52.619, 100, 23404, 24576, 321.54, 64
2026/09/21 05:57:53.619, 100, 23404, 24576, 322.25, 63
2026/09/21 05:57:54.619, 100, 23404, 24576, 321.22, 62
2026/09/21 05:57:55.620, 100, 23404, 24576, 319.55, 63
2026/09/21 05:57:56.620, 100, 23404, 24576, 325.00, 62
2026/09/21 05:57:57.620, 100, 23404, 24576, 319.75, 63
2026/09/21 05:57:58.621, 99, 23404, 24576, 320.97, 63
2026/09/21 05:57:59.621, 100, 23404, 24576, 325.56, 63
2026/09/21 05:58:00.621, 100, 23404, 24576, 323.04, 63
2026/09/21 05:58:01.622, 100, 23404, 24576, 320.61, 64
2026/09/21 05:58:02.622, 100, 23404, 24576, 325.26, 62
2026/09/21 05:58:03.622, 99, 23404, 24576, 321.74, 64
2026/09/21 05:58:04.623, 100, 23404, 24576, 323.02, 62
2026/09/21 05:58:05.623, 100, 23404, 24576, 320.09, 64
2026/09/21 05:58:06.623, 100, 23404, 24576, 325.52, 62
2026/09/21 05:58:07.624, 100, 23404, 24576, 318.43, 63
2026/09/21 05:58:08.624, 100, 23404, 24576, 322.30, 62
2026/09/21 05:58:09.624, 100, 23404, 24576, 315.95, 63
2026/09/21 05:58:10.625, 100, 23404, 24576, 327.73, 63
2026/09/21 05:58:11.625, 100, 23404, 24576, 323.03, 63
2026/09/21 05:58:12.625, 100, 23404, 24576, 321.28, 64
2026/09/21 05:58:13.626, 100, 23404, 24576, 320.82, 63
2026/09/21 05:58:14.626, 100, 23404, 24576, 320.10, 64
2026/09/21 05:58:15.626, 100, 23404, 24576, 325.93, 62
2026/09/21 05:58:16.627, 100, 23404, 24576, 320.82, 63
2026/09/21 05:58:17.627, 100, 23404, 24576, 322.41, 64
2026/09/21 05:58:18.627, 100, 23404, 24576, 319.91, 63
2026/09/21 05:58:19.628, 100, 23404, 24576, 320.06, 64
2026/09/21 05:58:20.628, 100, 23404, 24576, 327.89, 63
2026/09/21 05:58:21.628, 100, 23404, 24576, 322.57, 62
2026/09/21 05:58:22.628, 100, 23404, 24576, 317.80, 63
2026/09/21 05:58:23.629, 65, 23404, 24576, 311.18, 63
2026/09/21 05:58:24.629, 100, 23404, 24576, 319.21, 62
2026/09/21 05:58:25.629, 100, 23404, 24576, 319.30, 63
2026/09/21 05:58:26.630, 100, 23404, 24576, 320.91, 64
2026/09/21 05:58:27.630, 100, 23404, 24576, 328.51, 63
2026/09/21 05:58:28.630, 100, 23404, 24576, 321.93, 63
2026/09/21 05:58:29.631, 100, 23404, 24576, 307.67, 63
2026/09/21 05:58:30.631, 100, 23404, 24576, 321.21, 62
2026/09/21 05:58:31.631, 100, 23404, 24576, 321.02, 62
2026/09/21 05:58:32.632, 100, 23404, 24576, 315.89, 63
2026/09/21 05:58:33.632, 70, 23404, 24576, 324.95, 62
2026/09/21 05:58:34.632, 76, 23404, 24576, 301.15, 61
2026/09/21 05:58:35.633, 69, 23404, 24576, 300.92, 61
2026/09/21 05:58:36.633, 69, 23404, 24576, 301.23, 61
2026/09/21 05:58:37.634, 0, 23404, 24576, 286.94, 59
2026/09/21 05:58:38.634, 5, 23404, 24576, 260.59, 59
2026/09/21 05:58:39.634, 71, 23404, 24576, 298.57, 61
2026/09/21 05:58:40.634, 80, 23404, 24576, 289.27, 61
2026/09/21 05:58:41.635, 96, 23404, 24576, 308.33, 62
2026/09/21 05:58:42.635, 71, 23404, 24576, 303.70, 61
2026/09/21 05:58:43.635, 71, 23404, 24576, 298.73, 60
2026/09/21 05:58:44.636, 8, 23404, 24576, 164.01, 57
2026/09/21 05:58:45.636, 100, 23404, 24576, 326.84, 61
2026/09/21 05:58:46.637, 100, 23404, 24576, 335.16, 62
2026/09/21 05:58:47.637, 100, 23404, 24576, 335.58, 62
2026/09/21 05:58:48.637, 100, 23404, 24576, 336.03, 62
2026/09/21 05:58:49.637, 100, 23404, 24576, 335.63, 62
2026/09/21 05:58:50.638, 100, 23404, 24576, 336.85, 62
2026/09/21 05:58:51.638, 100, 23404, 24576, 334.54, 62
2026/09/21 05:58:52.638, 100, 23404, 24576, 335.54, 62
2026/09/21 05:58:53.639, 100, 23404, 24576, 335.76, 62
2026/09/21 05:58:54.639, 100, 23404, 24576, 333.01, 62
2026/09/21 05:58:55.639, 100, 23404, 24576, 336.01, 62
2026/09/21 05:58:56.640, 100, 23404, 24576, 331.22, 62
2026/09/21 05:58:57.640, 100, 23404, 24576, 334.73, 62
2026/09/21 05:58:58.640, 100, 23404, 24576, 334.53, 62
2026/09/21 05:58:59.641, 100, 23404, 24576, 330.88, 62
2026/09/21 05:59:00.641, 100, 23404, 24576, 332.86, 63
2026/09/21 05:59:01.642, 100, 23404, 24576, 334.05, 62
2026/09/21 05:59:02.642, 100, 23404, 24576, 334.33, 62
2026/09/21 05:59:03.642, 100, 23404, 24576, 333.33, 62
2026/09/21 05:59:04.643, 100, 23404, 24576, 327.74, 63
2026/09/21 05:59:05.643, 100, 23404, 24576, 333.14, 63
2026/09/21 05:59:06.643, 100, 23404, 24576, 332.47, 63
2026/09/21 05:59:07.644, 100, 23404, 24576, 327.77, 63
2026/09/21 05:59:08.644, 100, 23404, 24576, 327.99, 62
2026/09/21 05:59:09.644, 100, 23404, 24576, 331.18, 63
2026/09/21 05:59:10.645, 100, 23404, 24576, 332.24, 63
2026/09/21 05:59:11.645, 99, 23404, 24576, 328.78, 62
2026/09/21 05:59:12.645, 100, 23404, 24576, 331.65, 63
2026/09/21 05:59:13.647, 100, 23404, 24576, 326.19, 63
2026/09/21 05:59:14.648, 100, 23404, 24576, 326.60, 63
2026/09/21 05:59:15.648, 100, 23404, 24576, 329.78, 62
2026/09/21 05:59:16.648, 99, 23404, 24576, 329.21, 62
2026/09/21 05:59:17.649, 100, 23404, 24576, 332.08, 63
2026/09/21 05:59:18.649, 100, 23404, 24576, 328.59, 63
2026/09/21 05:59:19.649, 100, 23404, 24576, 310.91, 63
2026/09/21 05:59:20.650, 100, 23404, 24576, 329.25, 63
2026/09/21 05:59:21.650, 100, 23404, 24576, 328.38, 63
2026/09/21 05:59:22.651, 100, 23404, 24576, 322.56, 62
2026/09/21 05:59:23.651, 100, 23404, 24576, 325.02, 63
2026/09/21 05:59:24.651, 100, 23404, 24576, 325.15, 62
2026/09/21 05:59:25.652, 100, 23404, 24576, 329.57, 62
2026/09/21 05:59:26.652, 100, 23404, 24576, 327.30, 62
2026/09/21 05:59:27.652, 100, 23404, 24576, 325.96, 63
2026/09/21 05:59:28.653, 100, 23404, 24576, 325.62, 63
2026/09/21 05:59:29.653, 100, 23404, 24576, 324.04, 63
2026/09/21 05:59:30.653, 100, 23404, 24576, 323.79, 63
2026/09/21 05:59:31.653, 100, 23404, 24576, 327.43, 63
2026/09/21 05:59:32.654, 100, 23404, 24576, 328.17, 63
2026/09/21 05:59:33.654, 100, 23404, 24576, 323.37, 63
2026/09/21 05:59:34.654, 100, 23404, 24576, 326.56, 62
2026/09/21 05:59:35.655, 100, 23404, 24576, 326.39, 62
2026/09/21 05:59:36.655, 100, 23404, 24576, 322.18, 62
2026/09/21 05:59:37.655, 100, 23404, 24576, 325.28, 63
2026/09/21 05:59:38.655, 100, 23404, 24576, 320.80, 63
2026/09/21 05:59:39.656, 100, 23404, 24576, 326.45, 62
2026/09/21 05:59:40.656, 100, 23404, 24576, 325.33, 63
2026/09/21 05:59:41.656, 100, 23404, 24576, 318.10, 62
2026/09/21 05:59:42.657, 100, 23404, 24576, 324.21, 62
2026/09/21 05:59:43.657, 100, 23404, 24576, 325.23, 64
2026/09/21 05:59:44.657, 100, 23404, 24576, 325.16, 63
2026/09/21 05:59:45.657, 100, 23404, 24576, 316.19, 63
2026/09/21 05:59:46.658, 100, 23404, 24576, 322.60, 62
2026/09/21 05:59:47.658, 100, 23404, 24576, 326.42, 62
2026/09/21 05:59:48.658, 100, 23404, 24576, 323.28, 62
2026/09/21 05:59:49.659, 100, 23404, 24576, 328.37, 62
2026/09/21 05:59:50.659, 100, 23404, 24576, 326.17, 63
2026/09/21 05:59:51.659, 100, 23404, 24576, 323.18, 62
2026/09/21 05:59:52.660, 100, 23404, 24576, 324.49, 62
2026/09/21 05:59:53.660, 100, 23404, 24576, 327.44, 62
2026/09/21 05:59:54.660, 100, 23404, 24576, 321.58, 62
2026/09/21 05:59:55.661, 100, 23404, 24576, 317.91, 63
2026/09/21 05:59:56.661, 100, 23404, 24576, 321.93, 62
2026/09/21 05:59:57.661, 100, 23404, 24576, 322.10, 64
2026/09/21 05:59:58.661, 100, 23404, 24576, 327.10, 63
2026/09/21 05:59:59.662, 100, 23404, 24576, 327.29, 63
2026/09/21 06:00:00.662, 100, 23404, 24576, 329.90, 64
2026/09/21 06:00:01.662, 100, 23404, 24576, 319.84, 63
2026/09/21 06:00:02.676, 100, 23404, 24576, 318.62, 64
2026/09/21 06:00:03.677, 100, 23404, 24576, 322.54, 64
2026/09/21 06:00:04.677, 100, 23665, 24576, 317.61, 63
2026/09/21 06:00:05.678, 100, 23665, 24576, 316.45, 64
2026/09/21 06:00:06.678, 100, 23404, 24576, 323.95, 64
2026/09/21 06:00:07.867, 100, 23404, 24576, 321.05, 62
2026/09/21 06:00:08.867, 100, 23404, 24576, 305.58, 63
2026/09/21 06:00:09.868, 100, 23404, 24576, 318.49, 63
2026/09/21 06:00:10.868, 100, 23404, 24576, 323.29, 64
2026/09/21 06:00:11.869, 100, 23404, 24576, 322.96, 64
2026/09/21 06:00:12.869, 100, 23404, 24576, 323.76, 63
2026/09/21 06:00:13.869, 100, 23404, 24576, 321.27, 62
2026/09/21 06:00:14.870, 100, 23404, 24576, 321.05, 64
2026/09/21 06:00:15.870, 100, 23404, 24576, 319.59, 64
2026/09/21 06:00:16.870, 100, 23404, 24576, 323.36, 62
2026/09/21 06:00:17.871, 100, 23404, 24576, 321.10, 63
2026/09/21 06:00:18.871, 100, 23404, 24576, 315.24, 63
2026/09/21 06:00:19.872, 100, 23404, 24576, 321.48, 63
2026/09/21 06:00:20.872, 100, 23404, 24576, 321.07, 63
2026/09/21 06:00:21.872, 100, 23404, 24576, 321.55, 63
2026/09/21 06:00:22.873, 100, 23404, 24576, 324.75, 63
2026/09/21 06:00:23.873, 100, 23404, 24576, 321.73, 63
2026/09/21 06:00:24.873, 100, 23404, 24576, 321.55, 62
2026/09/21 06:00:25.874, 100, 23404, 24576, 322.63, 64
2026/09/21 06:00:26.874, 100, 23404, 24576, 318.51, 64
2026/09/21 06:00:27.874, 100, 23404, 24576, 319.41, 63
2026/09/21 06:00:28.875, 100, 23404, 24576, 323.82, 63
2026/09/21 06:00:29.875, 97, 23404, 24576, 324.74, 63
2026/09/21 06:00:30.875, 100, 23404, 24576, 323.00, 64
2026/09/21 06:00:31.876, 100, 23404, 24576, 319.55, 63
2026/09/21 06:00:32.876, 100, 23404, 24576, 319.24, 63
2026/09/21 06:00:33.876, 100, 23404, 24576, 320.51, 63
2026/09/21 06:00:34.877, 100, 23404, 24576, 322.94, 63
2026/09/21 06:00:35.877, 100, 23404, 24576, 324.89, 64
2026/09/21 06:00:36.877, 100, 23404, 24576, 318.57, 64
2026/09/21 06:00:37.878, 100, 23404, 24576, 320.67, 64
2026/09/21 06:00:38.878, 100, 23404, 24576, 323.78, 64
2026/09/21 06:00:39.879, 100, 23404, 24576, 318.80, 62
2026/09/21 06:00:40.879, 100, 23404, 24576, 323.55, 63
2026/09/21 06:00:41.879, 100, 23404, 24576, 320.87, 64
2026/09/21 06:00:42.880, 100, 23404, 24576, 316.28, 62
2026/09/21 06:00:43.880, 100, 23404, 24576, 320.40, 62
2026/09/21 06:00:44.880, 100, 23404, 24576, 325.79, 63
2026/09/21 06:00:45.881, 100, 23404, 24576, 322.77, 63
2026/09/21 06:00:46.881, 100, 23404, 24576, 317.67, 63
2026/09/21 06:00:47.881, 100, 23404, 24576, 320.15, 64
2026/09/21 06:00:48.882, 100, 23404, 24576, 327.00, 64
2026/09/21 06:00:49.882, 100, 23404, 24576, 321.89, 62
2026/09/21 06:00:50.883, 100, 23404, 24576, 319.24, 63
2026/09/21 06:00:51.883, 100, 23404, 24576, 318.56, 63
2026/09/21 06:00:52.883, 100, 23404, 24576, 317.77, 63
2026/09/21 06:00:53.884, 100, 23404, 24576, 320.77, 64
2026/09/21 06:00:54.884, 100, 23404, 24576, 329.17, 64
2026/09/21 06:00:55.885, 100, 23404, 24576, 326.68, 64
2026/09/21 06:00:56.885, 100, 23404, 24576, 328.29, 64
2026/09/21 06:00:57.885, 100, 23404, 24576, 322.34, 63
2026/09/21 06:00:58.886, 100, 23404, 24576, 318.71, 63
2026/09/21 06:00:59.886, 100, 23404, 24576, 319.77, 63
2026/09/21 06:01:00.887, 100, 23404, 24576, 320.66, 63
2026/09/21 06:01:01.887, 100, 23404, 24576, 316.61, 63
2026/09/21 06:01:02.887, 100, 23404, 24576, 320.42, 63
2026/09/21 06:01:03.888, 100, 23404, 24576, 319.71, 63
2026/09/21 06:01:04.888, 100, 23404, 24576, 318.59, 63
2026/09/21 06:01:05.888, 100, 23404, 24576, 318.83, 63
2026/09/21 06:01:06.889, 100, 23404, 24576, 317.27, 63
2026/09/21 06:01:07.889, 100, 23404, 24576, 321.82, 63
2026/09/21 06:01:08.889, 100, 23404, 24576, 316.55, 63
2026/09/21 06:01:09.890, 100, 23404, 24576, 323.32, 63
2026/09/21 06:01:10.890, 100, 23404, 24576, 300.64, 64
2026/09/21 06:01:11.890, 100, 23404, 24576, 320.81, 64
2026/09/21 06:01:12.891, 100, 23404, 24576, 321.83, 63
2026/09/21 06:01:13.891, 100, 23404, 24576, 320.54, 63
2026/09/21 06:01:14.891, 100, 23404, 24576, 319.87, 63
2026/09/21 06:01:15.892, 100, 23404, 24576, 323.78, 63
2026/09/21 06:01:16.892, 100, 23404, 24576, 322.42, 63
2026/09/21 06:01:17.892, 100, 23404, 24576, 326.75, 64
2026/09/21 06:01:18.893, 100, 23404, 24576, 322.01, 63
2026/09/21 06:01:19.893, 100, 23404, 24576, 319.83, 63
2026/09/21 06:01:20.893, 100, 23404, 24576, 322.40, 63
2026/09/21 06:01:21.894, 100, 23404, 24576, 320.84, 63
2026/09/21 06:01:22.894, 100, 23404, 24576, 324.94, 64
2026/09/21 06:01:23.894, 98, 23404, 24576, 326.17, 64
2026/09/21 06:01:24.895, 100, 23404, 24576, 321.93, 63
2026/09/21 06:01:25.895, 100, 23404, 24576, 322.23, 63
2026/09/21 06:01:26.896, 100, 23404, 24576, 323.31, 63
2026/09/21 06:01:27.896, 100, 23404, 24576, 323.75, 64
2026/09/21 06:01:28.896, 100, 23404, 24576, 320.60, 64
2026/09/21 06:01:29.897, 100, 23404, 24576, 321.67, 63
2026/09/21 06:01:30.897, 100, 23404, 24576, 325.04, 64
2026/09/21 06:01:31.897, 100, 23404, 24576, 322.60, 63
2026/09/21 06:01:32.897, 100, 23404, 24576, 320.71, 63
2026/09/21 06:01:33.898, 100, 23404, 24576, 321.92, 63
2026/09/21 06:01:34.898, 100, 23404, 24576, 322.91, 64
2026/09/21 06:01:35.899, 100, 23404, 24576, 323.32, 63
2026/09/21 06:01:36.899, 100, 23404, 24576, 323.36, 63
2026/09/21 06:01:37.899, 100, 23404, 24576, 326.43, 64
2026/09/21 06:01:38.899, 100, 23404, 24576, 322.31, 63
2026/09/21 06:01:39.900, 100, 23404, 24576, 324.62, 63
2026/09/21 06:01:40.900, 100, 23404, 24576, 324.81, 63
2026/09/21 06:01:41.900, 100, 23404, 24576, 324.45, 63
2026/09/21 06:01:42.901, 100, 23404, 24576, 323.42, 63
2026/09/21 06:01:43.901, 100, 23404, 24576, 321.58, 63
2026/09/21 06:01:44.901, 100, 23404, 24576, 325.84, 63
2026/09/21 06:01:45.902, 100, 23404, 24576, 320.98, 64
2026/09/21 06:01:46.902, 100, 23404, 24576, 320.53, 63
2026/09/21 06:01:47.902, 100, 23404, 24576, 324.74, 64
2026/09/21 06:01:48.903, 100, 23404, 24576, 322.77, 63
2026/09/21 06:01:49.903, 100, 23404, 24576, 323.48, 64
2026/09/21 06:01:50.903, 100, 23404, 24576, 323.03, 63
2026/09/21 06:01:51.904, 100, 23404, 24576, 319.33, 63
2026/09/21 06:01:52.904, 100, 23404, 24576, 319.75, 63
2026/09/21 06:01:53.904, 100, 23404, 24576, 326.91, 63
2026/09/21 06:01:54.905, 100, 23404, 24576, 321.09, 63
2026/09/21 06:01:55.905, 100, 23404, 24576, 325.58, 64
2026/09/21 06:01:56.905, 100, 23404, 24576, 322.02, 64
2026/09/21 06:01:57.906, 100, 23404, 24576, 326.55, 63
2026/09/21 06:01:58.906, 100, 23404, 24576, 319.57, 63
2026/09/21 06:01:59.906, 100, 23404, 24576, 324.18, 64
2026/09/21 06:02:00.907, 100, 23404, 24576, 323.89, 63
2026/09/21 06:02:01.907, 100, 23404, 24576, 320.87, 63
2026/09/21 06:02:02.907, 100, 23404, 24576, 324.06, 63
2026/09/21 06:02:03.908, 100, 23404, 24576, 321.51, 64
2026/09/21 06:02:04.908, 100, 23404, 24576, 326.16, 63
2026/09/21 06:02:05.908, 100, 23404, 24576, 318.59, 63
2026/09/21 06:02:06.909, 100, 23404, 24576, 322.42, 63
2026/09/21 06:02:07.909, 100, 23404, 24576, 317.17, 63
2026/09/21 06:02:08.910, 100, 23404, 24576, 326.23, 64
2026/09/21 06:02:09.910, 100, 23404, 24576, 326.82, 63
2026/09/21 06:02:10.910, 100, 23404, 24576, 319.06, 63
2026/09/21 06:02:11.911, 100, 23404, 24576, 321.28, 63
2026/09/21 06:02:12.911, 100, 23404, 24576, 318.65, 63
2026/09/21 06:02:13.911, 100, 23404, 24576, 323.51, 65
2026/09/21 06:02:14.911, 100, 23404, 24576, 326.45, 63
2026/09/21 06:02:15.912, 100, 23404, 24576, 323.48, 63
2026/09/21 06:02:16.912, 100, 23404, 24576, 306.17, 64
2026/09/21 06:02:17.912, 100, 23404, 24576, 327.79, 64
2026/09/21 06:02:18.913, 100, 23404, 24576, 322.90, 63
2026/09/21 06:02:19.913, 100, 23404, 24576, 318.29, 63
2026/09/21 06:02:20.913, 100, 23404, 24576, 324.75, 64
2026/09/21 06:02:21.914, 100, 23404, 24576, 309.69, 62
2026/09/21 06:02:22.914, 100, 23404, 24576, 321.14, 63
2026/09/21 06:02:23.914, 100, 23404, 24576, 316.11, 63
2026/09/21 06:02:24.915, 100, 23404, 24576, 315.38, 63
2026/09/21 06:02:25.915, 100, 23404, 24576, 320.76, 64
2026/09/21 06:02:26.915, 69, 23404, 24576, 324.52, 63
2026/09/21 06:02:27.916, 62, 23404, 24576, 309.34, 62
2026/09/21 06:02:28.916, 73, 23404, 24576, 308.37, 63
2026/09/21 06:02:29.916, 71, 23404, 24576, 310.09, 63
2026/09/21 06:02:30.917, 83, 23404, 24576, 313.82, 63
2026/09/21 06:02:31.917, 71, 23404, 24576, 308.85, 63
2026/09/21 06:02:32.918, 69, 23404, 24576, 310.02, 63
2026/09/21 06:02:33.918, 64, 23404, 24576, 310.10, 62
2026/09/21 06:02:34.918, 57, 23404, 24576, 320.06, 63
2026/09/21 06:02:35.919, 87, 23404, 24576, 321.16, 63
2026/09/21 06:02:36.919, 0, 23404, 24576, 189.93, 58
2026/09/21 06:02:37.919, 100, 23404, 24576, 313.24, 62
2026/09/21 06:02:38.920, 100, 23404, 24576, 335.26, 63
2026/09/21 06:02:39.920, 100, 23404, 24576, 336.33, 63
2026/09/21 06:02:40.920, 100, 23404, 24576, 335.77, 63
2026/09/21 06:02:41.921, 100, 23404, 24576, 335.73, 63
2026/09/21 06:02:42.921, 100, 23404, 24576, 335.92, 63
2026/09/21 06:02:43.921, 100, 23404, 24576, 334.99, 63
2026/09/21 06:02:44.922, 100, 23404, 24576, 335.76, 63
2026/09/21 06:02:45.922, 100, 23404, 24576, 335.65, 63
2026/09/21 06:02:46.922, 100, 23404, 24576, 334.97, 63
2026/09/21 06:02:47.922, 100, 23404, 24576, 335.54, 63
2026/09/21 06:02:48.923, 100, 23404, 24576, 333.23, 64
2026/09/21 06:02:49.923, 100, 23404, 24576, 333.34, 63
2026/09/21 06:02:50.923, 100, 23404, 24576, 334.14, 64
2026/09/21 06:02:51.924, 100, 23404, 24576, 332.44, 64
2026/09/21 06:02:52.924, 100, 23404, 24576, 332.60, 64
2026/09/21 06:02:53.924, 100, 23404, 24576, 330.55, 63
2026/09/21 06:02:54.925, 100, 23404, 24576, 330.70, 63
2026/09/21 06:02:55.925, 100, 23404, 24576, 333.41, 64
2026/09/21 06:02:56.926, 99, 23404, 24576, 330.20, 64
2026/09/21 06:02:57.926, 100, 23404, 24576, 332.75, 64
2026/09/21 06:02:58.926, 100, 23404, 24576, 334.05, 64
2026/09/21 06:02:59.927, 100, 23404, 24576, 332.02, 64
2026/09/21 06:03:00.927, 100, 23404, 24576, 330.06, 64
2026/09/21 06:03:01.927, 100, 23404, 24576, 331.72, 64
2026/09/21 06:03:02.928, 100, 23404, 24576, 335.57, 64
2026/09/21 06:03:03.928, 99, 23404, 24576, 330.02, 63
2026/09/21 06:03:04.928, 100, 23404, 24576, 327.95, 64
2026/09/21 06:03:05.929, 100, 23404, 24576, 332.36, 64
2026/09/21 06:03:06.929, 100, 23404, 24576, 329.12, 64
2026/09/21 06:03:07.929, 100, 23404, 24576, 327.88, 63
2026/09/21 06:03:08.930, 100, 23404, 24576, 323.58, 63
2026/09/21 06:03:09.930, 100, 23404, 24576, 329.86, 64
2026/09/21 06:03:10.930, 100, 23404, 24576, 328.74, 63
2026/09/21 06:03:11.931, 100, 23404, 24576, 307.39, 64
2026/09/21 06:03:12.931, 100, 23404, 24576, 329.90, 64
2026/09/21 06:03:13.931, 100, 23404, 24576, 329.24, 64
2026/09/21 06:03:14.932, 100, 23404, 24576, 329.71, 64
2026/09/21 06:03:15.932, 100, 23404, 24576, 329.53, 64
2026/09/21 06:03:16.932, 95, 23404, 24576, 323.82, 63
2026/09/21 06:03:17.933, 100, 23404, 24576, 326.53, 64
2026/09/21 06:03:18.933, 100, 23404, 24576, 322.27, 64
2026/09/21 06:03:19.933, 100, 23404, 24576, 322.46, 64
2026/09/21 06:03:20.934, 100, 23404, 24576, 332.24, 64
2026/09/21 06:03:21.934, 100, 23404, 24576, 330.18, 64
2026/09/21 06:03:22.934, 100, 23404, 24576, 324.53, 63
2026/09/21 06:03:23.935, 100, 23404, 24576, 327.50, 64
2026/09/21 06:03:24.935, 100, 23404, 24576, 329.46, 64
2026/09/21 06:03:25.935, 100, 23404, 24576, 324.35, 63
2026/09/21 06:03:26.936, 100, 23404, 24576, 329.28, 64
2026/09/21 06:03:27.936, 100, 23404, 24576, 322.49, 64
2026/09/21 06:03:28.936, 100, 23404, 24576, 317.40, 64
2026/09/21 06:03:29.939, 100, 23404, 24576, 326.11, 63
2026/09/21 06:03:30.940, 100, 23404, 24576, 327.10, 64
2026/09/21 06:03:31.940, 100, 23404, 24576, 322.84, 64
2026/09/21 06:03:32.940, 100, 23404, 24576, 323.86, 63
2026/09/21 06:03:33.941, 100, 23404, 24576, 327.50, 64
2026/09/21 06:03:34.941, 100, 23404, 24576, 317.49, 63
2026/09/21 06:03:35.941, 100, 23404, 24576, 325.60, 64
2026/09/21 06:03:36.942, 100, 23404, 24576, 325.09, 63
2026/09/21 06:03:37.942, 100, 23404, 24576, 325.19, 63
2026/09/21 06:03:38.942, 100, 23404, 24576, 324.08, 63
2026/09/21 06:03:39.943, 100, 23404, 24576, 324.05, 64
2026/09/21 06:03:40.943, 100, 23404, 24576, 318.96, 63
2026/09/21 06:03:41.943, 100, 23404, 24576, 320.09, 64
2026/09/21 06:03:42.943, 100, 23404, 24576, 322.45, 64
2026/09/21 06:03:43.944, 100, 23404, 24576, 318.92, 63
2026/09/21 06:03:44.944, 100, 23404, 24576, 317.64, 64
2026/09/21 06:03:45.944, 100, 23404, 24576, 320.46, 64
2026/09/21 06:03:46.945, 100, 23404, 24576, 322.46, 63
2026/09/21 06:03:47.945, 100, 23404, 24576, 323.09, 63
2026/09/21 06:03:48.945, 100, 23404, 24576, 320.65, 63
2026/09/21 06:03:49.946, 100, 23404, 24576, 319.47, 63
2026/09/21 06:03:50.946, 100, 23404, 24576, 321.64, 64
2026/09/21 06:03:51.946, 100, 23404, 24576, 326.22, 64
2026/09/21 06:03:52.947, 100, 23404, 24576, 323.44, 64
2026/09/21 06:03:53.947, 100, 23404, 24576, 323.17, 63
2026/09/21 06:03:54.947, 100, 23404, 24576, 328.35, 64
2026/09/21 06:03:55.948, 100, 23404, 24576, 329.23, 64
2026/09/21 06:03:56.948, 100, 23404, 24576, 327.04, 63
2026/09/21 06:03:57.948, 100, 23404, 24576, 327.26, 64
2026/09/21 06:03:58.949, 100, 23404, 24576, 328.78, 64
2026/09/21 06:03:59.950, 100, 23404, 24576, 326.80, 64
2026/09/21 06:04:00.950, 100, 23404, 24576, 304.02, 63
2026/09/21 06:04:01.950, 100, 23404, 24576, 321.41, 63
2026/09/21 06:04:02.953, 100, 23404, 24576, 320.79, 64
2026/09/21 06:04:03.953, 98, 23404, 24576, 317.47, 64
2026/09/21 06:04:04.953, 100, 23404, 24576, 318.49, 64
2026/09/21 06:04:05.954, 100, 23404, 24576, 323.59, 63
2026/09/21 06:04:06.954, 100, 23404, 24576, 321.73, 64
2026/09/21 06:04:07.954, 100, 23404, 24576, 312.68, 63
2026/09/21 06:04:08.955, 100, 23404, 24576, 321.72, 64
2026/09/21 06:04:09.955, 100, 23404, 24576, 322.58, 63
2026/09/21 06:04:10.955, 99, 23404, 24576, 318.15, 63
2026/09/21 06:04:11.956, 100, 23404, 24576, 319.09, 64
2026/09/21 06:04:12.956, 100, 23404, 24576, 321.88, 63
2026/09/21 06:04:13.956, 100, 23404, 24576, 321.27, 64
2026/09/21 06:04:14.956, 100, 23404, 24576, 318.77, 64
2026/09/21 06:04:15.957, 100, 23404, 24576, 319.26, 63
2026/09/21 06:04:16.957, 100, 23404, 24576, 323.29, 64
2026/09/21 06:04:17.957, 100, 23404, 24576, 321.45, 63
2026/09/21 06:04:18.958, 100, 23404, 24576, 318.25, 64
2026/09/21 06:04:19.958, 100, 23404, 24576, 320.60, 63
2026/09/21 06:04:20.958, 100, 23404, 24576, 322.85, 64
2026/09/21 06:04:21.959, 100, 23404, 24576, 318.44, 63
2026/09/21 06:04:22.959, 100, 23404, 24576, 319.65, 64
2026/09/21 06:04:23.961, 100, 23404, 24576, 320.14, 63
2026/09/21 06:04:24.961, 100, 23404, 24576, 325.86, 64
2026/09/21 06:04:25.961, 96, 23404, 24576, 322.29, 63
2026/09/21 06:04:26.962, 100, 23404, 24576, 325.48, 65
2026/09/21 06:04:27.962, 100, 23404, 24576, 322.73, 64
2026/09/21 06:04:28.962, 100, 23404, 24576, 318.76, 63
2026/09/21 06:04:29.963, 100, 23404, 24576, 319.89, 64
2026/09/21 06:04:30.963, 100, 23404, 24576, 318.70, 63
2026/09/21 06:04:31.963, 100, 23404, 24576, 321.03, 63
2026/09/21 06:04:32.964, 100, 23404, 24576, 326.32, 64
2026/09/21 06:04:33.964, 100, 23404, 24576, 317.91, 63
2026/09/21 06:04:34.964, 100, 23404, 24576, 319.41, 63
2026/09/21 06:04:35.965, 100, 23404, 24576, 326.10, 63
2026/09/21 06:04:36.965, 100, 23404, 24576, 327.55, 64
2026/09/21 06:04:37.965, 100, 23404, 24576, 319.90, 63
2026/09/21 06:04:38.965, 100, 23404, 24576, 320.70, 63
2026/09/21 06:04:39.966, 100, 23404, 24576, 325.82, 63
2026/09/21 06:04:40.966, 100, 23404, 24576, 326.58, 63
2026/09/21 06:04:41.966, 100, 23404, 24576, 321.09, 64
2026/09/21 06:04:42.967, 100, 23404, 24576, 317.93, 63
2026/09/21 06:04:43.967, 100, 23404, 24576, 317.86, 63
2026/09/21 06:04:44.967, 100, 23404, 24576, 319.14, 63
2026/09/21 06:04:45.968, 98, 23404, 24576, 323.61, 64
2026/09/21 06:04:46.969, 100, 23404, 24576, 325.92, 63
2026/09/21 06:04:47.969, 100, 23404, 24576, 328.60, 64
2026/09/21 06:04:48.969, 100, 23404, 24576, 329.65, 65
2026/09/21 06:04:49.970, 99, 23404, 24576, 320.92, 64
2026/09/21 06:04:50.970, 100, 23404, 24576, 321.24, 64
2026/09/21 06:04:51.970, 100, 23404, 24576, 318.75, 64
2026/09/21 06:04:52.971, 100, 23404, 24576, 319.58, 64
2026/09/21 06:04:53.971, 100, 23404, 24576, 319.46, 64
2026/09/21 06:04:54.971, 100, 23404, 24576, 315.58, 63
2026/09/21 06:04:55.972, 100, 23404, 24576, 320.74, 63
2026/09/21 06:04:56.972, 100, 23404, 24576, 317.66, 64
2026/09/21 06:04:57.972, 100, 23404, 24576, 319.04, 64
2026/09/21 06:04:58.973, 100, 23404, 24576, 318.36, 63
2026/09/21 06:04:59.973, 100, 23404, 24576, 322.65, 63
2026/09/21 06:05:00.973, 100, 23404, 24576, 317.61, 64
2026/09/21 06:05:01.974, 100, 23404, 24576, 319.23, 64
2026/09/21 06:05:02.974, 86, 23404, 24576, 306.61, 61
2026/09/21 06:05:03.974, 100, 23404, 24576, 323.60, 63
2026/09/21 06:05:04.975, 100, 23404, 24576, 322.70, 63
2026/09/21 06:05:05.975, 100, 23404, 24576, 322.83, 63
2026/09/21 06:05:06.975, 100, 23404, 24576, 320.02, 64
2026/09/21 06:05:07.976, 100, 23404, 24576, 315.81, 63
2026/09/21 06:05:08.976, 100, 23404, 24576, 319.96, 64
2026/09/21 06:05:09.976, 100, 23404, 24576, 324.85, 65
2026/09/21 06:05:10.977, 100, 23404, 24576, 328.53, 63
2026/09/21 06:05:11.977, 100, 23404, 24576, 326.92, 63
2026/09/21 06:05:12.978, 100, 23404, 24576, 322.83, 63
2026/09/21 06:05:13.979, 100, 23404, 24576, 322.28, 64
2026/09/21 06:05:14.979, 100, 23404, 24576, 321.47, 65
2026/09/21 06:05:15.980, 99, 23404, 24576, 321.63, 63
2026/09/21 06:05:16.980, 100, 23404, 24576, 325.03, 64
2026/09/21 06:05:17.980, 100, 23404, 24576, 322.42, 63
2026/09/21 06:05:18.981, 100, 23404, 24576, 322.58, 63
2026/09/21 06:05:19.981, 100, 23404, 24576, 324.23, 64
2026/09/21 06:05:20.981, 100, 23404, 24576, 325.06, 64
2026/09/21 06:05:21.982, 100, 23404, 24576, 324.00, 64
2026/09/21 06:05:22.982, 100, 23404, 24576, 323.00, 63
2026/09/21 06:05:23.983, 100, 23404, 24576, 322.91, 64
2026/09/21 06:05:24.983, 100, 23404, 24576, 322.99, 63
2026/09/21 06:05:25.983, 100, 23404, 24576, 316.75, 63
2026/09/21 06:05:26.984, 100, 23404, 24576, 324.21, 64
2026/09/21 06:05:27.984, 100, 23404, 24576, 323.37, 64
2026/09/21 06:05:28.984, 100, 23404, 24576, 324.00, 63
2026/09/21 06:05:29.985, 100, 23404, 24576, 320.62, 63
2026/09/21 06:05:30.985, 100, 23404, 24576, 321.05, 64
2026/09/21 06:05:31.985, 100, 23404, 24576, 323.28, 63
2026/09/21 06:05:32.986, 100, 23404, 24576, 323.65, 64
2026/09/21 06:05:33.986, 100, 23404, 24576, 323.86, 63
2026/09/21 06:05:34.987, 100, 23404, 24576, 317.26, 63
2026/09/21 06:05:35.987, 100, 23404, 24576, 321.42, 64
2026/09/21 06:05:36.987, 100, 23404, 24576, 322.83, 63
2026/09/21 06:05:37.988, 100, 23404, 24576, 320.71, 64
2026/09/21 06:05:38.988, 100, 23404, 24576, 324.04, 63
2026/09/21 06:05:39.988, 100, 23404, 24576, 318.98, 63
2026/09/21 06:05:40.989, 100, 23404, 24576, 318.65, 64
2026/09/21 06:05:41.989, 100, 23404, 24576, 325.21, 63
2026/09/21 06:05:42.989, 100, 23404, 24576, 318.76, 65
2026/09/21 06:05:43.990, 100, 23404, 24576, 322.67, 64
2026/09/21 06:05:44.990, 100, 23404, 24576, 325.43, 64
2026/09/21 06:05:45.990, 100, 23404, 24576, 322.27, 63
2026/09/21 06:05:46.991, 100, 23404, 24576, 321.37, 64
2026/09/21 06:05:47.991, 100, 23404, 24576, 323.99, 63
2026/09/21 06:05:48.991, 99, 23404, 24576, 321.07, 64
2026/09/21 06:05:49.991, 100, 23404, 24576, 323.66, 63
2026/09/21 06:05:50.992, 100, 23404, 24576, 322.88, 64
2026/09/21 06:05:51.992, 100, 23404, 24576, 324.63, 63
2026/09/21 06:05:52.992, 100, 23404, 24576, 319.91, 64
2026/09/21 06:05:53.993, 100, 23404, 24576, 322.33, 63
2026/09/21 06:05:54.993, 100, 23404, 24576, 319.76, 64
2026/09/21 06:05:55.994, 100, 23404, 24576, 325.79, 63
2026/09/21 06:05:56.994, 100, 23404, 24576, 320.06, 63
2026/09/21 06:05:57.994, 100, 23404, 24576, 324.89, 64
2026/09/21 06:05:58.995, 100, 23404, 24576, 320.09, 63
2026/09/21 06:05:59.995, 100, 23404, 24576, 325.94, 64
2026/09/21 06:06:00.995, 100, 23404, 24576, 324.99, 63
2026/09/21 06:06:01.996, 100, 23404, 24576, 320.11, 63
2026/09/21 06:06:02.996, 100, 23404, 24576, 325.66, 64
2026/09/21 06:06:03.997, 100, 23404, 24576, 319.75, 63
2026/09/21 06:06:04.997, 100, 23404, 24576, 324.36, 64
2026/09/21 06:06:05.997, 100, 23404, 24576, 327.18, 63
2026/09/21 06:06:06.998, 100, 23404, 24576, 320.08, 63
2026/09/21 06:06:07.998, 100, 23404, 24576, 320.06, 64
2026/09/21 06:06:08.999, 57, 23404, 24576, 308.29, 63
2026/09/21 06:06:09.999, 100, 23404, 24576, 316.77, 62
2026/09/21 06:06:10.999, 100, 23404, 24576, 319.00, 63
2026/09/21 06:06:12.000, 100, 23404, 24576, 321.50, 64
2026/09/21 06:06:13.000, 100, 23404, 24576, 329.18, 64
2026/09/21 06:06:14.000, 100, 23404, 24576, 321.35, 63
2026/09/21 06:06:15.000, 100, 23404, 24576, 306.24, 63
2026/09/21 06:06:16.001, 100, 23404, 24576, 321.54, 63
2026/09/21 06:06:17.001, 100, 23404, 24576, 321.41, 62
2026/09/21 06:06:18.001, 100, 23404, 24576, 317.08, 63
2026/09/21 06:06:19.002, 73, 23404, 24576, 332.60, 63
2026/09/21 06:06:20.002, 69, 23404, 24576, 289.06, 63
2026/09/21 06:06:21.002, 71, 23404, 24576, 308.05, 63
2026/09/21 06:06:22.003, 73, 23404, 24576, 298.29, 62
2026/09/21 06:06:23.003, 35, 23404, 24576, 291.61, 60
2026/09/21 06:06:24.004, 72, 23404, 24576, 298.33, 62
2026/09/21 06:06:25.004, 70, 23404, 24576, 297.79, 62
2026/09/21 06:06:26.004, 71, 23404, 24576, 297.76, 62
2026/09/21 06:06:27.004, 70, 23404, 24576, 297.24, 62
2026/09/21 06:06:28.005, 68, 23404, 24576, 298.80, 62
2026/09/21 06:06:29.005, 0, 23404, 24576, 263.81, 58
2026/09/21 06:06:30.006, 39, 23404, 24576, 156.67, 61
2026/09/21 06:06:31.006, 100, 23404, 24576, 335.69, 61
2026/09/21 06:06:32.007, 100, 23404, 24576, 335.81, 61
2026/09/21 06:06:33.008, 100, 23404, 24576, 335.91, 62
2026/09/21 06:06:34.008, 100, 23404, 24576, 336.57, 62
2026/09/21 06:06:35.008, 100, 23404, 24576, 337.19, 62
2026/09/21 06:06:36.009, 100, 23404, 24576, 334.42, 62
2026/09/21 06:06:37.009, 100, 23404, 24576, 336.27, 62
2026/09/21 06:06:38.010, 100, 23404, 24576, 335.39, 62
2026/09/21 06:06:39.010, 100, 23404, 24576, 333.45, 62
2026/09/21 06:06:40.010, 100, 23404, 24576, 335.85, 62
2026/09/21 06:06:41.011, 100, 23404, 24576, 336.02, 62
2026/09/21 06:06:42.011, 100, 23404, 24576, 335.48, 62
2026/09/21 06:06:43.011, 100, 23404, 24576, 333.56, 63
2026/09/21 06:06:44.012, 100, 23404, 24576, 333.86, 62
2026/09/21 06:06:45.013, 100, 23404, 24576, 334.94, 63
2026/09/21 06:06:46.014, 100, 23404, 24576, 332.88, 62
2026/09/21 06:06:47.015, 100, 23404, 24576, 333.97, 63
2026/09/21 06:06:48.015, 100, 23404, 24576, 332.68, 63
2026/09/21 06:06:49.015, 100, 23404, 24576, 332.35, 63
2026/09/21 06:06:50.016, 100, 23404, 24576, 334.25, 63
2026/09/21 06:06:51.016, 100, 23404, 24576, 333.19, 63
2026/09/21 06:06:52.017, 100, 23404, 24576, 335.56, 62
2026/09/21 06:06:53.017, 100, 23404, 24576, 332.54, 63
2026/09/21 06:06:54.018, 100, 23404, 24576, 332.21, 63
2026/09/21 06:06:55.018, 100, 23404, 24576, 327.72, 62
2026/09/21 06:06:56.019, 100, 23404, 24576, 331.76, 62
2026/09/21 06:06:57.019, 100, 23404, 24576, 329.84, 63
2026/09/21 06:06:58.019, 100, 23404, 24576, 328.44, 62
2026/09/21 06:06:59.020, 100, 23404, 24576, 331.86, 63
2026/09/21 06:07:00.020, 100, 23404, 24576, 329.76, 63
2026/09/21 06:07:01.021, 100, 23404, 24576, 330.30, 63
2026/09/21 06:07:02.021, 100, 23404, 24576, 326.98, 63
2026/09/21 06:07:03.022, 100, 23404, 24576, 327.58, 63
2026/09/21 06:07:04.022, 100, 23404, 24576, 330.09, 63
2026/09/21 06:07:05.023, 100, 23404, 24576, 296.09, 62
2026/09/21 06:07:06.023, 100, 23404, 24576, 330.36, 62
2026/09/21 06:07:07.023, 100, 23404, 24576, 325.38, 63
2026/09/21 06:07:08.024, 100, 23404, 24576, 322.40, 62
2026/09/21 06:07:09.024, 100, 23404, 24576, 325.41, 62
2026/09/21 06:07:10.025, 98, 23404, 24576, 327.37, 62
2026/09/21 06:07:11.025, 100, 23404, 24576, 328.80, 62
2026/09/21 06:07:12.025, 100, 23404, 24576, 329.71, 62
2026/09/21 06:07:13.026, 100, 23404, 24576, 324.89, 63
2026/09/21 06:07:14.026, 100, 23404, 24576, 323.42, 63
2026/09/21 06:07:15.026, 100, 23404, 24576, 322.23, 63
2026/09/21 06:07:16.027, 100, 23404, 24576, 326.10, 63
2026/09/21 06:07:17.027, 100, 23404, 24576, 328.13, 63
2026/09/21 06:07:18.028, 100, 23404, 24576, 321.76, 63
2026/09/21 06:07:19.028, 100, 23404, 24576, 325.50, 63
2026/09/21 06:07:20.028, 100, 23404, 24576, 322.98, 63
2026/09/21 06:07:21.029, 100, 23404, 24576, 324.96, 62
2026/09/21 06:07:22.029, 100, 23404, 24576, 325.21, 62
2026/09/21 06:07:23.029, 100, 23404, 24576, 325.99, 63
2026/09/21 06:07:24.030, 100, 23404, 24576, 322.25, 62
2026/09/21 06:07:25.030, 100, 23404, 24576, 321.08, 62
2026/09/21 06:07:26.030, 100, 23404, 24576, 325.03, 63
2026/09/21 06:07:27.031, 100, 23404, 24576, 324.61, 62
2026/09/21 06:07:28.031, 100, 23404, 24576, 319.68, 62
2026/09/21 06:07:29.031, 100, 23404, 24576, 323.16, 63
2026/09/21 06:07:30.032, 100, 23404, 24576, 324.16, 62
2026/09/21 06:07:31.032, 100, 23404, 24576, 326.91, 63
2026/09/21 06:07:32.032, 100, 23404, 24576, 326.42, 62
2026/09/21 06:07:33.032, 100, 23404, 24576, 320.91, 63
2026/09/21 06:07:34.033, 100, 23404, 24576, 320.13, 62
2026/09/21 06:07:35.033, 100, 23404, 24576, 321.50, 62
2026/09/21 06:07:36.033, 100, 23404, 24576, 322.14, 63
2026/09/21 06:07:37.034, 100, 23404, 24576, 319.83, 62
2026/09/21 06:07:38.034, 100, 23404, 24576, 321.07, 62
2026/09/21 06:07:39.034, 100, 23404, 24576, 319.69, 63
2026/09/21 06:07:40.036, 100, 23404, 24576, 322.20, 62
2026/09/21 06:07:41.037, 100, 23404, 24576, 324.86, 62
2026/09/21 06:07:42.037, 100, 23404, 24576, 323.19, 62
2026/09/21 06:07:43.038, 99, 23404, 24576, 317.97, 63
2026/09/21 06:07:44.038, 100, 23404, 24576, 324.15, 63
2026/09/21 06:07:45.038, 100, 23404, 24576, 323.86, 63
2026/09/21 06:07:46.039, 100, 23404, 24576, 323.92, 63
2026/09/21 06:07:47.039, 100, 23404, 24576, 322.39, 62
2026/09/21 06:07:48.039, 100, 23404, 24576, 327.52, 63
2026/09/21 06:07:49.040, 100, 23404, 24576, 327.34, 63
2026/09/21 06:07:50.040, 100, 23404, 24576, 324.97, 62
2026/09/21 06:07:51.040, 100, 23404, 24576, 327.07, 63
2026/09/21 06:07:52.041, 100, 23404, 24576, 325.00, 63
2026/09/21 06:07:53.041, 100, 23404, 24576, 321.53, 62
2026/09/21 06:07:54.041, 100, 23404, 24576, 305.50, 62
2026/09/21 06:07:55.042, 100, 23404, 24576, 321.16, 62
2026/09/21 06:07:56.042, 100, 23404, 24576, 325.87, 63
2026/09/21 06:07:57.043, 100, 23404, 24576, 325.28, 62
2026/09/21 06:07:58.043, 100, 23404, 24576, 323.63, 63
2026/09/21 06:07:59.043, 100, 23404, 24576, 322.52, 62
2026/09/21 06:08:00.044, 100, 23404, 24576, 323.42, 62
2026/09/21 06:08:01.044, 100, 23404, 24576, 325.55, 62
2026/09/21 06:08:02.044, 100, 23404, 24576, 324.17, 63
2026/09/21 06:08:03.045, 100, 23404, 24576, 322.90, 62
2026/09/21 06:08:04.045, 100, 23404, 24576, 319.42, 62
2026/09/21 06:08:05.046, 100, 23404, 24576, 323.85, 63
2026/09/21 06:08:06.046, 100, 23404, 24576, 323.17, 62
2026/09/21 06:08:07.046, 100, 23404, 24576, 322.77, 63
2026/09/21 06:08:08.047, 100, 23404, 24576, 324.66, 63
2026/09/21 06:08:09.047, 100, 23404, 24576, 321.89, 62
2026/09/21 06:08:10.047, 100, 23404, 24576, 321.78, 63
2026/09/21 06:08:11.048, 100, 23404, 24576, 323.34, 62
2026/09/21 06:08:12.048, 100, 23404, 24576, 320.06, 62
2026/09/21 06:08:13.049, 100, 23404, 24576, 323.16, 62
2026/09/21 06:08:14.049, 100, 23404, 24576, 320.66, 63
2026/09/21 06:08:15.049, 99, 23404, 24576, 319.88, 63
2026/09/21 06:08:16.050, 100, 23404, 24576, 323.35, 63
2026/09/21 06:08:17.050, 100, 23404, 24576, 322.83, 62
2026/09/21 06:08:18.051, 100, 23404, 24576, 320.62, 63
2026/09/21 06:08:19.051, 100, 23404, 24576, 319.91, 62
2026/09/21 06:08:20.051, 100, 23404, 24576, 318.07, 63
2026/09/21 06:08:21.052, 100, 23404, 24576, 326.69, 63
2026/09/21 06:08:22.052, 100, 23404, 24576, 323.24, 62
2026/09/21 06:08:23.053, 100, 23404, 24576, 322.97, 63
2026/09/21 06:08:24.053, 100, 23404, 24576, 326.29, 62
2026/09/21 06:08:25.054, 100, 23404, 24576, 319.71, 62
2026/09/21 06:08:26.065, 100, 23404, 24576, 318.28, 63
2026/09/21 06:08:27.066, 100, 23404, 24576, 321.70, 62
2026/09/21 06:08:28.066, 100, 23404, 24576, 319.85, 62
2026/09/21 06:08:29.066, 100, 23404, 24576, 319.09, 63
2026/09/21 06:08:30.067, 100, 23404, 24576, 324.53, 63
2026/09/21 06:08:31.067, 100, 23404, 24576, 321.80, 62
2026/09/21 06:08:32.068, 100, 23404, 24576, 325.03, 62
2026/09/21 06:08:33.068, 100, 23404, 24576, 327.59, 62
2026/09/21 06:08:34.069, 100, 23404, 24576, 327.06, 63
2026/09/21 06:08:35.069, 100, 23404, 24576, 316.73, 62
2026/09/21 06:08:36.069, 100, 23404, 24576, 319.03, 62
2026/09/21 06:08:37.070, 100, 23404, 24576, 322.53, 62
2026/09/21 06:08:38.070, 100, 23404, 24576, 326.27, 62
2026/09/21 06:08:39.071, 100, 23404, 24576, 323.30, 63
2026/09/21 06:08:40.071, 100, 23404, 24576, 321.05, 63
2026/09/21 06:08:41.071, 100, 23404, 24576, 320.34, 63
2026/09/21 06:08:42.072, 100, 23404, 24576, 319.25, 63
2026/09/21 06:08:43.072, 100, 23404, 24576, 316.88, 62
2026/09/21 06:08:44.073, 100, 23404, 24576, 321.67, 62
2026/09/21 06:08:45.073, 100, 23404, 24576, 320.78, 62
2026/09/21 06:08:46.073, 100, 23404, 24576, 319.43, 62
2026/09/21 06:08:47.074, 99, 23404, 24576, 321.34, 62
2026/09/21 06:08:48.074, 100, 23404, 24576, 325.15, 62
2026/09/21 06:08:49.074, 100, 23404, 24576, 324.11, 62
2026/09/21 06:08:50.074, 100, 23404, 24576, 321.79, 62
2026/09/21 06:08:51.075, 100, 23404, 24576, 320.88, 62
2026/09/21 06:08:52.075, 100, 23404, 24576, 321.13, 62
2026/09/21 06:08:53.075, 100, 23404, 24576, 322.22, 62
2026/09/21 06:08:54.076, 100, 23404, 24576, 320.81, 62
2026/09/21 06:08:55.076, 100, 23404, 24576, 319.79, 63
2026/09/21 06:08:56.077, 100, 23404, 24576, 301.77, 63
2026/09/21 06:08:57.077, 100, 23404, 24576, 323.66, 63
2026/09/21 06:08:58.077, 100, 23404, 24576, 329.00, 62
2026/09/21 06:08:59.078, 100, 23404, 24576, 323.57, 62
2026/09/21 06:09:00.078, 100, 23404, 24576, 323.43, 62
2026/09/21 06:09:01.078, 100, 23404, 24576, 321.39, 62
2026/09/21 06:09:02.079, 100, 23404, 24576, 321.17, 63
2026/09/21 06:09:03.079, 100, 23404, 24576, 320.92, 63
2026/09/21 06:09:04.079, 100, 23404, 24576, 320.38, 63
2026/09/21 06:09:05.080, 100, 23404, 24576, 324.38, 62
2026/09/21 06:09:06.080, 100, 23404, 24576, 325.17, 62
2026/09/21 06:09:07.081, 100, 23404, 24576, 324.41, 62
2026/09/21 06:09:08.081, 100, 23404, 24576, 320.83, 63
2026/09/21 06:09:09.081, 100, 23404, 24576, 319.04, 63
2026/09/21 06:09:10.082, 100, 23404, 24576, 324.14, 62
2026/09/21 06:09:11.082, 100, 23404, 24576, 323.69, 62
2026/09/21 06:09:12.083, 100, 23404, 24576, 323.05, 62
2026/09/21 06:09:13.083, 100, 23404, 24576, 315.60, 63
2026/09/21 06:09:14.084, 100, 23404, 24576, 324.04, 62
2026/09/21 06:09:15.084, 100, 23404, 24576, 323.31, 62
2026/09/21 06:09:16.085, 100, 23404, 24576, 322.96, 63
2026/09/21 06:09:17.085, 100, 23404, 24576, 322.31, 62
2026/09/21 06:09:18.086, 100, 23404, 24576, 327.45, 62
2026/09/21 06:09:19.086, 100, 23404, 24576, 323.58, 62
2026/09/21 06:09:20.087, 100, 23404, 24576, 323.05, 64
2026/09/21 06:09:21.087, 100, 23404, 24576, 322.70, 62
2026/09/21 06:09:22.088, 100, 23404, 24576, 322.08, 62
2026/09/21 06:09:23.088, 100, 23404, 24576, 323.55, 63
2026/09/21 06:09:24.089, 100, 23404, 24576, 321.27, 62
2026/09/21 06:09:25.089, 100, 23404, 24576, 322.39, 62
2026/09/21 06:09:26.090, 100, 23404, 24576, 323.04, 62
2026/09/21 06:09:27.090, 100, 23404, 24576, 323.23, 62
2026/09/21 06:09:28.091, 100, 23404, 24576, 324.36, 63
2026/09/21 06:09:29.091, 100, 23404, 24576, 321.38, 62
2026/09/21 06:09:30.092, 100, 23404, 24576, 323.73, 62
2026/09/21 06:09:31.092, 100, 23404, 24576, 321.34, 62
2026/09/21 06:09:32.092, 100, 23404, 24576, 322.93, 62
2026/09/21 06:09:33.093, 100, 23404, 24576, 324.09, 63
2026/09/21 06:09:34.093, 100, 23404, 24576, 318.52, 62
2026/09/21 06:09:35.093, 100, 23404, 24576, 323.47, 63
2026/09/21 06:09:36.094, 100, 23404, 24576, 319.64, 62
2026/09/21 06:09:37.094, 100, 23404, 24576, 321.52, 62
2026/09/21 06:09:38.094, 100, 23404, 24576, 323.52, 62
2026/09/21 06:09:39.095, 100, 23404, 24576, 322.36, 63
2026/09/21 06:09:40.095, 100, 23404, 24576, 322.04, 62
2026/09/21 06:09:41.096, 100, 23404, 24576, 322.38, 62
2026/09/21 06:09:42.096, 100, 23404, 24576, 327.14, 62
2026/09/21 06:09:43.097, 100, 23404, 24576, 323.95, 62
2026/09/21 06:09:44.097, 100, 23404, 24576, 322.40, 63
2026/09/21 06:09:45.098, 100, 23404, 24576, 323.77, 62
2026/09/21 06:09:46.098, 99, 23404, 24576, 321.33, 63
2026/09/21 06:09:47.099, 100, 23404, 24576, 321.29, 62
2026/09/21 06:09:48.099, 100, 23404, 24576, 317.51, 64
2026/09/21 06:09:49.099, 100, 23404, 24576, 326.90, 62
2026/09/21 06:09:50.100, 100, 23404, 24576, 319.26, 62
2026/09/21 06:09:51.100, 100, 23404, 24576, 320.00, 62
2026/09/21 06:09:52.100, 100, 23404, 24576, 320.30, 62
2026/09/21 06:09:53.101, 100, 23404, 24576, 323.03, 63
2026/09/21 06:09:54.101, 100, 23404, 24576, 324.45, 62
2026/09/21 06:09:55.102, 100, 23404, 24576, 319.06, 62
2026/09/21 06:09:56.102, 100, 23404, 24576, 320.47, 62
2026/09/21 06:09:57.103, 100, 23404, 24576, 321.59, 62
2026/09/21 06:09:58.103, 100, 23404, 24576, 319.40, 63
2026/09/21 06:09:59.103, 100, 23404, 24576, 329.35, 62
2026/09/21 06:10:00.104, 100, 23404, 24576, 323.08, 62
2026/09/21 06:10:01.104, 55, 23404, 24576, 305.06, 60
2026/09/21 06:10:02.104, 100, 23404, 24576, 313.13, 63
2026/09/21 06:10:03.105, 100, 23404, 24576, 325.42, 62
2026/09/21 06:10:04.105, 100, 23404, 24576, 317.94, 62
2026/09/21 06:10:05.105, 100, 23665, 24576, 320.46, 63
2026/09/21 06:10:06.107, 94, 23665, 24576, 322.56, 62
2026/09/21 06:10:07.107, 100, 23404, 24576, 305.29, 62
2026/09/21 06:10:08.107, 100, 23404, 24576, 313.89, 62
2026/09/21 06:10:09.108, 100, 23404, 24576, 314.03, 62
2026/09/21 06:10:10.108, 100, 23404, 24576, 313.29, 62
2026/09/21 06:10:11.108, 74, 23404, 24576, 338.88, 61
2026/09/21 06:10:12.109, 75, 23404, 24576, 305.36, 62
2026/09/21 06:10:13.109, 60, 23404, 24576, 294.02, 60
2026/09/21 06:10:14.110, 70, 23404, 24576, 305.16, 61
2026/09/21 06:10:15.110, 71, 23404, 24576, 307.06, 61
2026/09/21 06:10:16.110, 71, 23404, 24576, 302.60, 60
2026/09/21 06:10:17.111, 5, 23404, 24576, 292.05, 59
2026/09/21 06:10:18.111, 96, 23404, 24576, 274.02, 62
2026/09/21 06:10:19.111, 68, 23404, 24576, 310.73, 61
2026/09/21 06:10:20.115, 68, 23404, 24576, 314.81, 61
2026/09/21 06:10:21.115, 71, 23404, 24576, 302.33, 61
2026/09/21 06:10:22.115, 0, 23404, 24576, 161.10, 57
2026/09/21 06:10:23.116, 100, 23404, 24576, 273.58, 61
2026/09/21 06:10:24.116, 100, 23404, 24576, 337.68, 61
2026/09/21 06:10:25.117, 100, 23404, 24576, 336.68, 61
2026/09/21 06:10:26.117, 100, 23404, 24576, 335.54, 61
2026/09/21 06:10:27.118, 100, 23404, 24576, 336.50, 61
2026/09/21 06:10:28.118, 100, 23404, 24576, 336.40, 62
2026/09/21 06:10:29.119, 100, 23404, 24576, 337.20, 62
2026/09/21 06:10:30.119, 100, 23404, 24576, 336.21, 62
2026/09/21 06:10:31.120, 100, 23404, 24576, 334.85, 61
2026/09/21 06:10:32.120, 100, 23404, 24576, 336.18, 61
2026/09/21 06:10:33.120, 100, 23404, 24576, 335.43, 61
2026/09/21 06:10:34.121, 100, 23404, 24576, 335.22, 62
2026/09/21 06:10:35.121, 100, 23404, 24576, 334.37, 62
2026/09/21 06:10:36.122, 100, 23404, 24576, 331.05, 62
2026/09/21 06:10:37.122, 100, 23404, 24576, 334.50, 62
2026/09/21 06:10:38.122, 100, 23404, 24576, 331.44, 62
2026/09/21 06:10:39.123, 100, 23404, 24576, 333.19, 62
2026/09/21 06:10:40.123, 99, 23404, 24576, 331.49, 62
2026/09/21 06:10:41.123, 100, 23404, 24576, 331.68, 62
2026/09/21 06:10:42.124, 100, 23404, 24576, 333.30, 62
2026/09/21 06:10:43.124, 100, 23404, 24576, 326.48, 62
2026/09/21 06:10:44.125, 100, 23404, 24576, 330.98, 62
2026/09/21 06:10:45.125, 100, 23404, 24576, 327.88, 61
2026/09/21 06:10:46.125, 100, 23404, 24576, 330.74, 61
2026/09/21 06:10:47.126, 100, 23404, 24576, 332.92, 62
2026/09/21 06:10:48.126, 100, 23404, 24576, 329.91, 62
2026/09/21 06:10:49.126, 100, 23404, 24576, 329.42, 62
2026/09/21 06:10:50.127, 100, 23404, 24576, 329.36, 62
2026/09/21 06:10:51.127, 100, 23404, 24576, 329.33, 62
2026/09/21 06:10:52.128, 100, 23404, 24576, 326.76, 62
2026/09/21 06:10:53.128, 100, 23404, 24576, 326.15, 61
2026/09/21 06:10:54.129, 100, 23404, 24576, 330.60, 62
2026/09/21 06:10:55.129, 100, 23404, 24576, 328.22, 62
2026/09/21 06:10:56.129, 100, 23404, 24576, 328.32, 61
2026/09/21 06:10:57.130, 100, 23404, 24576, 305.40, 61
2026/09/21 06:10:58.133, 100, 23404, 24576, 328.86, 63
2026/09/21 06:10:59.133, 100, 23404, 24576, 328.99, 62
2026/09/21 06:11:00.134, 100, 23404, 24576, 326.59, 62
2026/09/21 06:11:01.134, 100, 23404, 24576, 326.97, 62
2026/09/21 06:11:02.134, 100, 23404, 24576, 330.35, 62
2026/09/21 06:11:03.135, 100, 23404, 24576, 325.13, 63
2026/09/21 06:11:04.135, 100, 23404, 24576, 325.85, 62
2026/09/21 06:11:05.135, 97, 23404, 24576, 324.20, 62
2026/09/21 06:11:06.136, 100, 23404, 24576, 329.67, 62
2026/09/21 06:11:07.136, 100, 23404, 24576, 330.61, 62
2026/09/21 06:11:08.136, 100, 23404, 24576, 325.91, 61
2026/09/21 06:11:09.137, 100, 23404, 24576, 324.00, 61
2026/09/21 06:11:10.137, 100, 23404, 24576, 327.87, 62
2026/09/21 06:11:11.137, 100, 23404, 24576, 327.52, 61
2026/09/21 06:11:12.138, 100, 23404, 24576, 326.21, 62
2026/09/21 06:11:13.138, 100, 23404, 24576, 330.04, 63
2026/09/21 06:11:14.139, 100, 23404, 24576, 324.03, 62
2026/09/21 06:11:15.139, 100, 23404, 24576, 322.88, 62
2026/09/21 06:11:16.139, 100, 23404, 24576, 327.71, 62
2026/09/21 06:11:17.140, 100, 23404, 24576, 325.49, 62
2026/09/21 06:11:18.140, 100, 23404, 24576, 326.45, 63
2026/09/21 06:11:19.140, 100, 23404, 24576, 324.13, 62
2026/09/21 06:11:20.141, 100, 23404, 24576, 327.07, 62
2026/09/21 06:11:21.141, 100, 23404, 24576, 326.07, 61
2026/09/21 06:11:22.142, 100, 23404, 24576, 326.79, 63
2026/09/21 06:11:23.142, 100, 23404, 24576, 319.79, 62
2026/09/21 06:11:24.142, 100, 23404, 24576, 324.16, 63
2026/09/21 06:11:25.143, 100, 23404, 24576, 325.67, 61
2026/09/21 06:11:26.143, 100, 23404, 24576, 325.16, 63
2026/09/21 06:11:27.144, 100, 23404, 24576, 326.23, 62
2026/09/21 06:11:28.144, 100, 23404, 24576, 321.58, 61
2026/09/21 06:11:29.144, 100, 23404, 24576, 320.88, 62
2026/09/21 06:11:30.145, 100, 23404, 24576, 327.32, 62
2026/09/21 06:11:31.145, 100, 23404, 24576, 321.59, 61
2026/09/21 06:11:32.145, 97, 23404, 24576, 319.89, 63
2026/09/21 06:11:33.146, 100, 23404, 24576, 324.83, 63
2026/09/21 06:11:34.146, 100, 23404, 24576, 327.08, 62
2026/09/21 06:11:35.147, 100, 23404, 24576, 328.56, 62
2026/09/21 06:11:36.147, 100, 23404, 24576, 320.15, 61
2026/09/21 06:11:37.147, 100, 23404, 24576, 318.62, 62
2026/09/21 06:11:38.148, 100, 23404, 24576, 319.48, 62
2026/09/21 06:11:39.148, 100, 23404, 24576, 319.78, 63
2026/09/21 06:11:40.149, 100, 23404, 24576, 323.89, 63
2026/09/21 06:11:41.150, 100, 23404, 24576, 319.77, 62
2026/09/21 06:11:42.150, 97, 23404, 24576, 320.18, 63
2026/09/21 06:11:43.150, 100, 23404, 24576, 324.31, 63
2026/09/21 06:11:44.151, 100, 23404, 24576, 319.90, 62
2026/09/21 06:11:45.151, 100, 23404, 24576, 318.48, 61
2026/09/21 06:11:46.151, 100, 23404, 24576, 304.82, 62
2026/09/21 06:11:47.152, 100, 23404, 24576, 327.49, 62
2026/09/21 06:11:48.152, 100, 23404, 24576, 321.62, 62
2026/09/21 06:11:49.153, 97, 23404, 24576, 313.72, 63
2026/09/21 06:11:50.153, 100, 23404, 24576, 320.32, 61
2026/09/21 06:11:51.153, 100, 23404, 24576, 322.56, 62
2026/09/21 06:11:52.154, 100, 23404, 24576, 325.48, 63
2026/09/21 06:11:53.154, 100, 23404, 24576, 323.26, 62
2026/09/21 06:11:54.154, 100, 23404, 24576, 320.81, 61
2026/09/21 06:11:55.155, 100, 23404, 24576, 322.17, 62
2026/09/21 06:11:56.155, 100, 23404, 24576, 322.27, 63
2026/09/21 06:11:57.155, 100, 23404, 24576, 316.10, 62
2026/09/21 06:11:58.156, 100, 23404, 24576, 321.97, 62
2026/09/21 06:11:59.156, 100, 23404, 24576, 320.98, 63
2026/09/21 06:12:00.156, 100, 23404, 24576, 315.04, 62
2026/09/21 06:12:01.157, 100, 23404, 24576, 321.48, 62
2026/09/21 06:12:02.157, 100, 23404, 24576, 321.41, 62
2026/09/21 06:12:03.158, 100, 23404, 24576, 321.96, 63
2026/09/21 06:12:04.159, 100, 23404, 24576, 325.26, 63
2026/09/21 06:12:05.159, 100, 23404, 24576, 324.09, 61
2026/09/21 06:12:06.159, 100, 23404, 24576, 318.25, 62
2026/09/21 06:12:07.159, 100, 23404, 24576, 324.82, 62
2026/09/21 06:12:08.160, 100, 23404, 24576, 323.95, 63
2026/09/21 06:12:09.160, 100, 23404, 24576, 324.62, 61
2026/09/21 06:12:10.160, 100, 23404, 24576, 319.05, 62
2026/09/21 06:12:11.161, 100, 23404, 24576, 316.79, 62
2026/09/21 06:12:12.161, 100, 23404, 24576, 320.13, 62
2026/09/21 06:12:13.161, 100, 23404, 24576, 322.36, 63
2026/09/21 06:12:14.162, 100, 23404, 24576, 326.04, 61
2026/09/21 06:12:15.162, 99, 23404, 24576, 320.42, 63
2026/09/21 06:12:16.162, 100, 23404, 24576, 325.47, 62
2026/09/21 06:12:17.163, 100, 23404, 24576, 325.18, 61
2026/09/21 06:12:18.163, 100, 23404, 24576, 318.25, 62
2026/09/21 06:12:19.163, 100, 23404, 24576, 319.58, 62
2026/09/21 06:12:20.164, 100, 23404, 24576, 322.16, 61
2026/09/21 06:12:21.164, 100, 23404, 24576, 319.58, 62
2026/09/21 06:12:22.165, 100, 23404, 24576, 319.65, 63
2026/09/21 06:12:23.165, 100, 23404, 24576, 320.87, 61
2026/09/21 06:12:24.165, 100, 23404, 24576, 319.82, 62
2026/09/21 06:12:25.166, 100, 23404, 24576, 318.09, 62
2026/09/21 06:12:26.166, 100, 23404, 24576, 319.25, 62
2026/09/21 06:12:27.166, 100, 23404, 24576, 320.92, 62
2026/09/21 06:12:28.167, 100, 23404, 24576, 325.42, 61
2026/09/21 06:12:29.167, 100, 23404, 24576, 319.18, 61
2026/09/21 06:12:30.167, 100, 23404, 24576, 318.60, 62
2026/09/21 06:12:31.168, 100, 23404, 24576, 316.34, 63
2026/09/21 06:12:32.168, 100, 23404, 24576, 325.76, 63
2026/09/21 06:12:33.168, 100, 23404, 24576, 326.61, 63
2026/09/21 06:12:34.169, 100, 23404, 24576, 325.78, 63
2026/09/21 06:12:35.171, 100, 23404, 24576, 323.13, 62
2026/09/21 06:12:36.171, 100, 23404, 24576, 323.06, 62
2026/09/21 06:12:37.172, 100, 23404, 24576, 322.62, 62
2026/09/21 06:12:38.172, 100, 23404, 24576, 322.66, 62
2026/09/21 06:12:39.172, 100, 23404, 24576, 323.05, 61
2026/09/21 06:12:40.173, 100, 23404, 24576, 317.94, 62
2026/09/21 06:12:41.173, 100, 23404, 24576, 317.82, 62
2026/09/21 06:12:42.173, 100, 23404, 24576, 319.25, 61
2026/09/21 06:12:43.174, 100, 23404, 24576, 320.52, 62
2026/09/21 06:12:44.174, 100, 23404, 24576, 316.79, 62
2026/09/21 06:12:45.174, 100, 23404, 24576, 317.55, 62
2026/09/21 06:12:46.175, 100, 23404, 24576, 320.59, 62
2026/09/21 06:12:47.175, 100, 23404, 24576, 323.93, 62
2026/09/21 06:12:48.175, 56, 23404, 24576, 310.78, 62
2026/09/21 06:12:49.176, 100, 23404, 24576, 316.34, 63
2026/09/21 06:12:50.176, 100, 23404, 24576, 321.17, 62
2026/09/21 06:12:51.176, 100, 23404, 24576, 320.63, 62
2026/09/21 06:12:52.177, 100, 23404, 24576, 319.98, 62
2026/09/21 06:12:53.177, 100, 23404, 24576, 318.22, 62
2026/09/21 06:12:54.177, 100, 23404, 24576, 320.52, 62
2026/09/21 06:12:55.178, 100, 23404, 24576, 325.08, 63
2026/09/21 06:12:56.178, 100, 23404, 24576, 324.87, 64
2026/09/21 06:12:57.178, 100, 23404, 24576, 325.14, 63
2026/09/21 06:12:58.179, 100, 23404, 24576, 322.65, 62
2026/09/21 06:12:59.179, 100, 23404, 24576, 323.88, 62
2026/09/21 06:13:00.179, 100, 23404, 24576, 321.15, 62
2026/09/21 06:13:01.179, 100, 23404, 24576, 315.58, 62
2026/09/21 06:13:02.180, 100, 23404, 24576, 321.00, 63
2026/09/21 06:13:03.180, 100, 23404, 24576, 323.15, 62
2026/09/21 06:13:04.181, 100, 23404, 24576, 322.96, 62
2026/09/21 06:13:05.181, 100, 23404, 24576, 322.39, 63
2026/09/21 06:13:06.181, 100, 23404, 24576, 317.79, 63
2026/09/21 06:13:07.182, 100, 23404, 24576, 321.65, 63
2026/09/21 06:13:08.182, 100, 23404, 24576, 322.86, 62
2026/09/21 06:13:09.183, 100, 23404, 24576, 321.82, 63
2026/09/21 06:13:10.183, 99, 23404, 24576, 318.73, 63
2026/09/21 06:13:11.183, 100, 23404, 24576, 324.98, 62
2026/09/21 06:13:12.184, 100, 23404, 24576, 323.43, 62
2026/09/21 06:13:13.184, 100, 23404, 24576, 322.37, 64
2026/09/21 06:13:14.184, 100, 23404, 24576, 322.88, 62
2026/09/21 06:13:15.185, 100, 23404, 24576, 320.29, 62
2026/09/21 06:13:16.185, 100, 23404, 24576, 325.44, 63
2026/09/21 06:13:17.185, 100, 23404, 24576, 321.78, 62
2026/09/21 06:13:18.186, 100, 23404, 24576, 323.97, 63
2026/09/21 06:13:19.186, 100, 23404, 24576, 321.68, 63
2026/09/21 06:13:20.186, 100, 23404, 24576, 320.39, 62
2026/09/21 06:13:21.187, 100, 23404, 24576, 324.51, 63
2026/09/21 06:13:22.187, 100, 23404, 24576, 321.06, 62
2026/09/21 06:13:23.187, 100, 23404, 24576, 323.19, 63
2026/09/21 06:13:24.189, 99, 23404, 24576, 319.70, 63
2026/09/21 06:13:25.189, 100, 23404, 24576, 322.33, 62
2026/09/21 06:13:26.189, 100, 23404, 24576, 326.00, 64
2026/09/21 06:13:27.190, 100, 23404, 24576, 320.44, 62
2026/09/21 06:13:28.190, 100, 23404, 24576, 325.28, 64
2026/09/21 06:13:29.190, 98, 23404, 24576, 322.39, 63
2026/09/21 06:13:30.191, 100, 23404, 24576, 321.01, 63
2026/09/21 06:13:31.191, 100, 23404, 24576, 320.71, 63
2026/09/21 06:13:32.192, 100, 23404, 24576, 324.05, 63
2026/09/21 06:13:33.192, 100, 23404, 24576, 317.95, 62
2026/09/21 06:13:34.192, 100, 23404, 24576, 322.47, 62
2026/09/21 06:13:35.193, 100, 23404, 24576, 322.66, 63
2026/09/21 06:13:36.193, 100, 23404, 24576, 323.40, 63
2026/09/21 06:13:37.193, 100, 23404, 24576, 316.38, 62
2026/09/21 06:13:38.194, 100, 23404, 24576, 325.49, 64
2026/09/21 06:13:39.194, 100, 23404, 24576, 320.42, 63
2026/09/21 06:13:40.195, 100, 23404, 24576, 324.22, 64
2026/09/21 06:13:41.195, 100, 23404, 24576, 317.60, 62
2026/09/21 06:13:42.195, 100, 23404, 24576, 325.10, 63
2026/09/21 06:13:43.196, 100, 23404, 24576, 324.19, 63
2026/09/21 06:13:44.196, 100, 23404, 24576, 319.50, 63
2026/09/21 06:13:45.196, 100, 23404, 24576, 325.79, 63
2026/09/21 06:13:46.197, 100, 23404, 24576, 316.60, 62
2026/09/21 06:13:47.197, 100, 23404, 24576, 325.90, 63
2026/09/21 06:13:48.197, 100, 23404, 24576, 321.93, 63
2026/09/21 06:13:49.198, 100, 23404, 24576, 319.30, 63
2026/09/21 06:13:50.198, 100, 23404, 24576, 322.39, 64
2026/09/21 06:13:51.198, 100, 23404, 24576, 318.65, 62
2026/09/21 06:13:52.199, 100, 23404, 24576, 325.91, 63
2026/09/21 06:13:53.199, 100, 23404, 24576, 324.04, 64
2026/09/21 06:13:54.199, 100, 23404, 24576, 303.34, 62
2026/09/21 06:13:55.200, 100, 23404, 24576, 317.95, 62
2026/09/21 06:13:56.200, 100, 23404, 24576, 327.47, 63
2026/09/21 06:13:57.201, 100, 23404, 24576, 324.89, 63
2026/09/21 06:13:58.201, 100, 23404, 24576, 318.69, 62
2026/09/21 06:13:59.201, 25, 23404, 24576, 306.33, 63
2026/09/21 06:14:00.202, 100, 23404, 24576, 305.41, 62
2026/09/21 06:14:01.202, 100, 23404, 24576, 320.24, 62
2026/09/21 06:14:02.203, 100, 23404, 24576, 321.26, 62
2026/09/21 06:14:03.204, 100, 23404, 24576, 321.87, 63
2026/09/21 06:14:04.204, 69, 23404, 24576, 323.15, 62
2026/09/21 06:14:05.204, 89, 23404, 24576, 303.65, 61
2026/09/21 06:14:06.205, 65, 23404, 24576, 299.50, 62
2026/09/21 06:14:07.205, 69, 23404, 24576, 311.08, 62
2026/09/21 06:14:08.206, 91, 23404, 24576, 296.86, 61
2026/09/21 06:14:09.206, 70, 23404, 24576, 309.25, 62
2026/09/21 06:14:10.206, 69, 23404, 24576, 304.08, 62
2026/09/21 06:14:11.207, 70, 23404, 24576, 304.86, 61
2026/09/21 06:14:12.207, 70, 23404, 24576, 304.86, 62
2026/09/21 06:14:13.207, 70, 23404, 24576, 304.92, 61
2026/09/21 06:14:14.208, 0, 23404, 24576, 231.33, 58
2026/09/21 06:14:15.208, 0, 23404, 24576, 175.50, 58
2026/09/21 06:14:16.208, 0, 23404, 24576, 143.94, 57
2026/09/21 06:14:17.209, 100, 23404, 24576, 229.47, 61
2026/09/21 06:14:18.209, 93, 23404, 24576, 335.57, 61
2026/09/21 06:14:19.210, 100, 23404, 24576, 335.77, 61
2026/09/21 06:14:20.210, 100, 23404, 24576, 336.04, 62
2026/09/21 06:14:21.210, 100, 23404, 24576, 336.11, 62
2026/09/21 06:14:22.211, 100, 23404, 24576, 335.98, 62
2026/09/21 06:14:23.211, 100, 23404, 24576, 334.69, 62
2026/09/21 06:14:24.212, 100, 23404, 24576, 335.50, 62
2026/09/21 06:14:25.212, 100, 23404, 24576, 335.47, 62
2026/09/21 06:14:26.212, 100, 23404, 24576, 333.72, 62
2026/09/21 06:14:27.213, 100, 23404, 24576, 335.08, 62
2026/09/21 06:14:28.213, 100, 23404, 24576, 333.03, 62
2026/09/21 06:14:29.213, 100, 23404, 24576, 332.78, 62
2026/09/21 06:14:30.214, 100, 23404, 24576, 334.80, 62
2026/09/21 06:14:31.214, 100, 23404, 24576, 331.57, 62
2026/09/21 06:14:32.214, 100, 23404, 24576, 332.54, 63
2026/09/21 06:14:33.215, 100, 23404, 24576, 331.51, 62
2026/09/21 06:14:34.215, 100, 23404, 24576, 330.76, 62
2026/09/21 06:14:35.216, 100, 23404, 24576, 334.32, 63
2026/09/21 06:14:36.216, 100, 23404, 24576, 333.24, 62
2026/09/21 06:14:37.216, 100, 23404, 24576, 330.98, 63
2026/09/21 06:14:38.217, 100, 23404, 24576, 330.05, 63
2026/09/21 06:14:39.218, 100, 23404, 24576, 330.86, 63
2026/09/21 06:14:40.218, 100, 23404, 24576, 331.48, 63
2026/09/21 06:14:41.219, 100, 23404, 24576, 329.24, 62
2026/09/21 06:14:42.219, 100, 23404, 24576, 331.03, 62
2026/09/21 06:14:43.220, 100, 23404, 24576, 333.38, 63
2026/09/21 06:14:44.220, 100, 23404, 24576, 328.64, 62
2026/09/21 06:14:45.220, 100, 23404, 24576, 331.19, 63
2026/09/21 06:14:46.221, 100, 23404, 24576, 329.11, 63
2026/09/21 06:14:47.221, 100, 23404, 24576, 330.74, 63
2026/09/21 06:14:48.222, 100, 23404, 24576, 328.52, 62
2026/09/21 06:14:49.222, 100, 23404, 24576, 330.40, 62
2026/09/21 06:14:50.222, 100, 23404, 24576, 328.00, 63
2026/09/21 06:14:51.222, 87, 23404, 24576, 295.41, 62
2026/09/21 06:14:52.223, 100, 23404, 24576, 328.64, 62
2026/09/21 06:14:53.223, 100, 23404, 24576, 328.31, 63
2026/09/21 06:14:54.223, 100, 23404, 24576, 320.53, 62
2026/09/21 06:14:55.224, 100, 23404, 24576, 325.68, 63
2026/09/21 06:14:56.224, 100, 23404, 24576, 328.55, 63
2026/09/21 06:14:57.225, 100, 23404, 24576, 322.03, 62
2026/09/21 06:14:58.225, 100, 23404, 24576, 325.13, 62
2026/09/21 06:14:59.225, 98, 23404, 24576, 327.15, 63
2026/09/21 06:15:00.226, 100, 23404, 24576, 326.89, 63
2026/09/21 06:15:01.226, 100, 23404, 24576, 326.54, 63
2026/09/21 06:15:02.227, 100, 23404, 24576, 322.57, 62
2026/09/21 06:15:03.227, 100, 23404, 24576, 329.31, 63
2026/09/21 06:15:04.227, 100, 23404, 24576, 327.34, 63
2026/09/21 06:15:05.234, 100, 23665, 24576, 323.24, 63
2026/09/21 06:15:06.235, 100, 23665, 24576, 326.28, 63
2026/09/21 06:15:07.236, 100, 23404, 24576, 321.74, 62
2026/09/21 06:15:08.236, 100, 23404, 24576, 319.53, 62
2026/09/21 06:15:09.237, 100, 23404, 24576, 325.19, 63
2026/09/21 06:15:10.237, 100, 23404, 24576, 324.85, 63
2026/09/21 06:15:11.238, 100, 23404, 24576, 315.30, 63
2026/09/21 06:15:12.238, 100, 23404, 24576, 326.34, 63
2026/09/21 06:15:13.238, 100, 23404, 24576, 323.98, 63
2026/09/21 06:15:14.239, 100, 23404, 24576, 317.48, 63
2026/09/21 06:15:15.239, 100, 23404, 24576, 323.73, 63
2026/09/21 06:15:16.240, 100, 23404, 24576, 324.16, 62
2026/09/21 06:15:17.240, 100, 23404, 24576, 323.78, 63
2026/09/21 06:15:18.240, 100, 23404, 24576, 323.39, 62
2026/09/21 06:15:19.241, 100, 23404, 24576, 321.46, 64
2026/09/21 06:15:20.241, 100, 23404, 24576, 319.93, 63
2026/09/21 06:15:21.241, 100, 23404, 24576, 320.72, 64
2026/09/21 06:15:22.242, 100, 23404, 24576, 323.97, 63
2026/09/21 06:15:23.242, 100, 23404, 24576, 318.97, 63
2026/09/21 06:15:24.242, 100, 23404, 24576, 320.31, 64
2026/09/21 06:15:25.243, 100, 23404, 24576, 324.15, 64
2026/09/21 06:15:26.243, 99, 23404, 24576, 324.35, 63
2026/09/21 06:15:27.244, 100, 23404, 24576, 322.52, 63
2026/09/21 06:15:28.244, 100, 23404, 24576, 321.52, 62
2026/09/21 06:15:29.244, 100, 23404, 24576, 317.20, 63
2026/09/21 06:15:30.245, 100, 23404, 24576, 320.68, 64
2026/09/21 06:15:31.245, 100, 23404, 24576, 327.11, 64
2026/09/21 06:15:32.246, 100, 23404, 24576, 326.67, 63
2026/09/21 06:15:33.246, 100, 23404, 24576, 320.80, 62
2026/09/21 06:15:34.247, 100, 23404, 24576, 323.68, 63
2026/09/21 06:15:35.247, 100, 23404, 24576, 326.07, 63
2026/09/21 06:15:36.247, 99, 23404, 24576, 323.08, 63
2026/09/21 06:15:37.248, 100, 23404, 24576, 323.56, 63
2026/09/21 06:15:38.248, 100, 23404, 24576, 325.74, 63
2026/09/21 06:15:39.248, 100, 23404, 24576, 325.33, 64
2026/09/21 06:15:40.249, 100, 23404, 24576, 304.44, 63
2026/09/21 06:15:41.249, 100, 23404, 24576, 320.70, 63
2026/09/21 06:15:42.249, 100, 23404, 24576, 323.95, 64
2026/09/21 06:15:43.250, 99, 23404, 24576, 322.74, 64
2026/09/21 06:15:44.250, 100, 23404, 24576, 321.47, 64
2026/09/21 06:15:45.251, 100, 23404, 24576, 321.16, 63
2026/09/21 06:15:46.251, 100, 23404, 24576, 321.23, 63
2026/09/21 06:15:47.251, 100, 23404, 24576, 321.61, 63
2026/09/21 06:15:48.251, 100, 23404, 24576, 322.35, 64
2026/09/21 06:15:49.252, 100, 23404, 24576, 320.25, 62
2026/09/21 06:15:50.252, 100, 23404, 24576, 321.05, 64
2026/09/21 06:15:51.252, 100, 23404, 24576, 323.33, 64
2026/09/21 06:15:52.253, 100, 23404, 24576, 322.09, 63
2026/09/21 06:15:53.253, 100, 23404, 24576, 321.70, 64
2026/09/21 06:15:54.253, 96, 23404, 24576, 322.74, 64
2026/09/21 06:15:55.254, 100, 23404, 24576, 321.92, 63
2026/09/21 06:15:56.254, 100, 23404, 24576, 321.62, 64
2026/09/21 06:15:57.254, 100, 23404, 24576, 322.52, 63
2026/09/21 06:15:58.255, 100, 23404, 24576, 320.24, 63
2026/09/21 06:15:59.255, 100, 23404, 24576, 321.95, 63
2026/09/21 06:16:00.255, 100, 23404, 24576, 321.96, 64
2026/09/21 06:16:01.256, 100, 23404, 24576, 322.20, 62
2026/09/21 06:16:02.257, 100, 23404, 24576, 321.75, 63
2026/09/21 06:16:03.257, 100, 23404, 24576, 323.81, 63
2026/09/21 06:16:04.258, 100, 23404, 24576, 320.91, 64
2026/09/21 06:16:05.258, 100, 23404, 24576, 324.66, 63
2026/09/21 06:16:06.258, 100, 23404, 24576, 319.76, 64
2026/09/21 06:16:07.259, 100, 23404, 24576, 326.19, 63
2026/09/21 06:16:08.259, 100, 23404, 24576, 322.62, 63
2026/09/21 06:16:09.259, 100, 23404, 24576, 318.03, 64
2026/09/21 06:16:10.260, 100, 23404, 24576, 319.45, 63
2026/09/21 06:16:11.260, 100, 23404, 24576, 319.21, 63
2026/09/21 06:16:12.261, 100, 23404, 24576, 317.24, 64
2026/09/21 06:16:13.261, 99, 23404, 24576, 320.71, 63
2026/09/21 06:16:14.262, 100, 23404, 24576, 322.14, 63
2026/09/21 06:16:15.262, 100, 23404, 24576, 315.79, 64
2026/09/21 06:16:16.262, 100, 23404, 24576, 323.25, 64
2026/09/21 06:16:17.263, 100, 23404, 24576, 320.10, 63
2026/09/21 06:16:18.263, 100, 23404, 24576, 320.12, 63
2026/09/21 06:16:19.263, 100, 23404, 24576, 317.57, 63
2026/09/21 06:16:20.263, 100, 23404, 24576, 318.68, 64
2026/09/21 06:16:21.264, 100, 23404, 24576, 322.99, 63
2026/09/21 06:16:22.264, 100, 23404, 24576, 320.77, 63
2026/09/21 06:16:23.264, 100, 23404, 24576, 317.32, 63
2026/09/21 06:16:24.265, 100, 23404, 24576, 320.33, 63
2026/09/21 06:16:25.265, 100, 23404, 24576, 318.21, 63
2026/09/21 06:16:26.266, 100, 23404, 24576, 317.62, 65
2026/09/21 06:16:27.266, 100, 23404, 24576, 325.81, 64
2026/09/21 06:16:28.266, 100, 23404, 24576, 326.70, 64
2026/09/21 06:16:29.267, 100, 23404, 24576, 327.47, 64
2026/09/21 06:16:30.267, 100, 23404, 24576, 323.87, 63
2026/09/21 06:16:31.267, 100, 23404, 24576, 322.98, 63
2026/09/21 06:16:32.268, 100, 23404, 24576, 323.31, 63
2026/09/21 06:16:33.268, 100, 23404, 24576, 325.46, 63
2026/09/21 06:16:34.269, 100, 23404, 24576, 318.79, 63
2026/09/21 06:16:35.269, 100, 23404, 24576, 319.02, 63
2026/09/21 06:16:36.269, 100, 23404, 24576, 321.98, 63
2026/09/21 06:16:37.270, 100, 23404, 24576, 322.66, 63
2026/09/21 06:16:38.270, 100, 23404, 24576, 318.24, 63
2026/09/21 06:16:39.270, 100, 23404, 24576, 319.72, 63
2026/09/21 06:16:40.271, 100, 23404, 24576, 321.25, 63
2026/09/21 06:16:41.271, 100, 23404, 24576, 324.04, 64
2026/09/21 06:16:42.271, 99, 23404, 24576, 324.24, 63
2026/09/21 06:16:43.272, 100, 23404, 24576, 303.17, 64
2026/09/21 06:16:44.272, 100, 23404, 24576, 321.42, 63
2026/09/21 06:16:45.273, 100, 23404, 24576, 320.22, 63
2026/09/21 06:16:46.273, 100, 23404, 24576, 320.92, 63
2026/09/21 06:16:47.273, 100, 23404, 24576, 317.73, 63
2026/09/21 06:16:48.273, 100, 23404, 24576, 322.57, 64
2026/09/21 06:16:49.274, 100, 23404, 24576, 326.07, 64
2026/09/21 06:16:50.274, 100, 23404, 24576, 324.64, 64
2026/09/21 06:16:51.275, 100, 23404, 24576, 319.99, 64
2026/09/21 06:16:52.275, 100, 23404, 24576, 322.27, 63
2026/09/21 06:16:53.276, 100, 23404, 24576, 320.23, 63
2026/09/21 06:16:54.276, 100, 23404, 24576, 324.42, 64
2026/09/21 06:16:55.276, 100, 23404, 24576, 323.06, 64
2026/09/21 06:16:56.277, 100, 23404, 24576, 318.87, 65
2026/09/21 06:16:57.277, 100, 23404, 24576, 322.40, 63
2026/09/21 06:16:58.277, 100, 23404, 24576, 323.54, 64
2026/09/21 06:16:59.278, 100, 23404, 24576, 323.92, 65
2026/09/21 06:17:00.278, 99, 23404, 24576, 322.95, 64
2026/09/21 06:17:01.278, 100, 23404, 24576, 322.64, 63
2026/09/21 06:17:02.279, 100, 23404, 24576, 321.57, 63
2026/09/21 06:17:03.279, 100, 23404, 24576, 322.64, 65
2026/09/21 06:17:04.280, 100, 23404, 24576, 322.45, 63
2026/09/21 06:17:05.280, 100, 23404, 24576, 316.66, 63
2026/09/21 06:17:06.280, 100, 23404, 24576, 321.46, 64
2026/09/21 06:17:07.281, 100, 23404, 24576, 321.09, 63
2026/09/21 06:17:08.281, 100, 23404, 24576, 323.46, 63
2026/09/21 06:17:09.282, 100, 23404, 24576, 322.74, 65
2026/09/21 06:17:10.282, 100, 23404, 24576, 320.27, 64
2026/09/21 06:17:11.282, 100, 23404, 24576, 322.51, 63
2026/09/21 06:17:12.283, 100, 23404, 24576, 320.02, 65
2026/09/21 06:17:13.283, 100, 23404, 24576, 323.72, 63
2026/09/21 06:17:14.283, 100, 23404, 24576, 320.02, 63
2026/09/21 06:17:15.284, 100, 23404, 24576, 321.36, 65
2026/09/21 06:17:16.284, 100, 23404, 24576, 322.95, 63
2026/09/21 06:17:17.284, 100, 23404, 24576, 320.19, 65
2026/09/21 06:17:18.285, 100, 23404, 24576, 323.67, 63
2026/09/21 06:17:19.285, 100, 23404, 24576, 320.63, 63
2026/09/21 06:17:20.285, 100, 23404, 24576, 321.74, 64
2026/09/21 06:17:21.286, 100, 23404, 24576, 324.46, 63
2026/09/21 06:17:22.286, 100, 23404, 24576, 322.89, 64
2026/09/21 06:17:23.286, 100, 23404, 24576, 326.06, 64
2026/09/21 06:17:24.286, 100, 23404, 24576, 325.57, 65
2026/09/21 06:17:25.287, 100, 23404, 24576, 323.50, 63
2026/09/21 06:17:26.287, 100, 23404, 24576, 318.63, 64
2026/09/21 06:17:27.287, 100, 23404, 24576, 327.10, 63
2026/09/21 06:17:28.288, 100, 23404, 24576, 319.89, 64
2026/09/21 06:17:29.288, 100, 23404, 24576, 320.11, 63
2026/09/21 06:17:30.288, 100, 23404, 24576, 326.44, 65
2026/09/21 06:17:31.289, 100, 23404, 24576, 322.27, 63
2026/09/21 06:17:32.289, 100, 23404, 24576, 322.55, 64
2026/09/21 06:17:33.289, 100, 23404, 24576, 321.45, 64
2026/09/21 06:17:34.290, 100, 23404, 24576, 323.15, 64
2026/09/21 06:17:35.290, 100, 23404, 24576, 323.49, 64
2026/09/21 06:17:36.290, 100, 23404, 24576, 316.02, 63
2026/09/21 06:17:37.292, 100, 23404, 24576, 328.42, 65
2026/09/21 06:17:38.292, 100, 23404, 24576, 323.52, 64
2026/09/21 06:17:39.292, 100, 23404, 24576, 327.07, 65
2026/09/21 06:17:40.293, 100, 23404, 24576, 321.80, 64
2026/09/21 06:17:41.293, 100, 23404, 24576, 316.40, 63
2026/09/21 06:17:42.293, 100, 23404, 24576, 327.96, 65
2026/09/21 06:17:43.294, 100, 23404, 24576, 321.59, 63
2026/09/21 06:17:44.294, 100, 23404, 24576, 327.59, 64
2026/09/21 06:17:45.294, 100, 23404, 24576, 325.69, 64
2026/09/21 06:17:46.295, 100, 23404, 24576, 318.29, 63
2026/09/21 06:17:47.295, 100, 23404, 24576, 326.20, 64
2026/09/21 06:17:48.295, 100, 23404, 24576, 319.01, 63
2026/09/21 06:17:49.296, 100, 23404, 24576, 304.15, 63
2026/09/21 06:17:50.296, 100, 23404, 24576, 318.98, 63
2026/09/21 06:17:51.296, 100, 23404, 24576, 326.80, 64
2026/09/21 06:17:52.297, 100, 23404, 24576, 322.87, 64
2026/09/21 06:17:53.297, 100, 23404, 24576, 317.15, 63
2026/09/21 06:17:54.298, 100, 23404, 24576, 304.64, 63
2026/09/21 06:17:55.298, 100, 23404, 24576, 320.23, 63
2026/09/21 06:17:56.298, 100, 23404, 24576, 322.01, 63
2026/09/21 06:17:57.299, 100, 23404, 24576, 309.32, 63
2026/09/21 06:17:58.299, 0, 23404, 24576, 315.60, 61
2026/09/21 06:17:59.299, 100, 23404, 24576, 190.95, 62
2026/09/21 06:18:00.300, 76, 23404, 24576, 342.56, 63
2026/09/21 06:18:01.300, 82, 23404, 24576, 291.69, 63
2026/09/21 06:18:02.301, 77, 23404, 24576, 315.84, 63
2026/09/21 06:18:03.301, 75, 23404, 24576, 324.81, 63
2026/09/21 06:18:04.302, 62, 23404, 24576, 303.72, 63
2026/09/21 06:18:05.302, 68, 23404, 24576, 301.91, 63
2026/09/21 06:18:06.302, 70, 23404, 24576, 313.33, 63
2026/09/21 06:18:07.303, 63, 23404, 24576, 301.43, 63
2026/09/21 06:18:08.303, 69, 23404, 24576, 300.46, 63
2026/09/21 06:18:09.304, 69, 23404, 24576, 301.80, 63
2026/09/21 06:18:10.304, 0, 23404, 24576, 253.41, 59
2026/09/21 06:18:11.304, 100, 23404, 24576, 178.17, 61
2026/09/21 06:18:12.305, 77, 23404, 24576, 341.23, 62
2026/09/21 06:18:13.305, 70, 23404, 24576, 301.11, 62
2026/09/21 06:18:14.310, 71, 23404, 24576, 297.77, 62
2026/09/21 06:18:15.310, 76, 23404, 24576, 301.49, 62
2026/09/21 06:18:16.311, 69, 23404, 24576, 310.77, 62
2026/09/21 06:18:17.311, 29, 23404, 24576, 285.89, 62
2026/09/21 06:18:18.311, 70, 23404, 24576, 300.80, 62
2026/09/21 06:18:19.312, 77, 23404, 24576, 300.79, 62
2026/09/21 06:18:20.312, 63, 23404, 24576, 300.52, 62
2026/09/21 06:18:21.312, 74, 23404, 24576, 299.39, 62
2026/09/21 06:18:22.313, 0, 23404, 24576, 293.15, 62
2026/09/21 06:18:23.313, 100, 23404, 24576, 185.90, 61
2026/09/21 06:18:24.313, 89, 23404, 24576, 342.84, 62
2026/09/21 06:18:25.314, 70, 23404, 24576, 303.40, 61
2026/09/21 06:18:26.314, 68, 23404, 24576, 302.83, 62
2026/09/21 06:18:27.315, 71, 23404, 24576, 304.41, 62
2026/09/21 06:18:28.315, 68, 23404, 24576, 289.11, 61
2026/09/21 06:18:29.315, 68, 23404, 24576, 305.23, 62
2026/09/21 06:18:30.373, 70, 23404, 24576, 305.37, 62
2026/09/21 06:18:31.374, 75, 23404, 24576, 302.47, 61
2026/09/21 06:18:32.374, 73, 23404, 24576, 305.55, 62
2026/09/21 06:18:33.375, 74, 23404, 24576, 305.78, 62
2026/09/21 06:18:34.375, 70, 23404, 24576, 304.57, 61
2026/09/21 06:18:35.375, 0, 23404, 24576, 172.51, 57
2026/09/21 06:18:36.376, 100, 23404, 24576, 279.73, 62
2026/09/21 06:18:37.376, 69, 23404, 24576, 321.27, 61
2026/09/21 06:18:38.376, 88, 23404, 24576, 303.29, 62
2026/09/21 06:18:39.377, 19, 23404, 24576, 290.69, 60
2026/09/21 06:18:40.377, 70, 23404, 24576, 305.62, 61
2026/09/21 06:18:41.378, 70, 23404, 24576, 307.06, 61
2026/09/21 06:18:42.378, 68, 23404, 24576, 305.77, 61
2026/09/21 06:18:43.379, 70, 23404, 24576, 307.34, 62
2026/09/21 06:18:44.379, 69, 23404, 24576, 306.50, 61
2026/09/21 06:18:45.379, 69, 23404, 24576, 306.24, 61
2026/09/21 06:18:46.380, 70, 23404, 24576, 307.63, 62
2026/09/21 06:18:47.380, 0, 23404, 24576, 231.35, 57
2026/09/21 06:18:48.381, 100, 23404, 24576, 216.23, 61
2026/09/21 06:18:49.381, 58, 23404, 24576, 328.08, 61
2026/09/21 06:18:50.381, 75, 23404, 24576, 303.86, 61
2026/09/21 06:18:51.382, 68, 23404, 24576, 305.40, 61
2026/09/21 06:18:52.382, 64, 23404, 24576, 305.72, 61
2026/09/21 06:18:53.382, 70, 23404, 24576, 303.67, 61
2026/09/21 06:18:54.383, 65, 23404, 24576, 302.04, 60
2026/09/21 06:18:55.383, 72, 23404, 24576, 304.58, 61
2026/09/21 06:18:56.383, 68, 23404, 24576, 305.34, 61
2026/09/21 06:18:57.384, 77, 23404, 24576, 306.80, 61
2026/09/21 06:18:58.384, 69, 23404, 24576, 304.13, 60
2026/09/21 06:18:59.384, 0, 23404, 24576, 288.23, 58
2026/09/21 06:19:00.385, 0, 23404, 24576, 173.25, 57
2026/09/21 06:19:01.385, 0, 23404, 24576, 141.29, 56
2026/09/21 06:19:02.385, 100, 23404, 24576, 268.78, 61
2026/09/21 06:19:03.386, 93, 23404, 24576, 336.79, 61
2026/09/21 06:19:04.386, 100, 23404, 24576, 336.46, 61
2026/09/21 06:19:05.387, 100, 23404, 24576, 336.57, 61
2026/09/21 06:19:06.387, 100, 23404, 24576, 335.87, 61
2026/09/21 06:19:07.387, 100, 23404, 24576, 335.59, 61
2026/09/21 06:19:08.388, 100, 23404, 24576, 335.20, 62
2026/09/21 06:19:09.388, 100, 23404, 24576, 335.69, 62
2026/09/21 06:19:10.388, 100, 23404, 24576, 335.32, 62
2026/09/21 06:19:11.389, 100, 23404, 24576, 334.62, 62
2026/09/21 06:19:12.389, 100, 23404, 24576, 335.21, 62
2026/09/21 06:19:13.390, 100, 23404, 24576, 334.57, 62
2026/09/21 06:19:14.390, 100, 23404, 24576, 333.62, 62
2026/09/21 06:19:15.390, 100, 23404, 24576, 333.48, 62
2026/09/21 06:19:16.391, 100, 23404, 24576, 334.61, 62
2026/09/21 06:19:17.391, 100, 23404, 24576, 332.79, 61
2026/09/21 06:19:18.391, 100, 23404, 24576, 332.62, 62
2026/09/21 06:19:19.392, 100, 23404, 24576, 330.49, 62
2026/09/21 06:19:20.392, 100, 23404, 24576, 332.50, 62
2026/09/21 06:19:21.392, 100, 23404, 24576, 331.86, 62
2026/09/21 06:19:22.393, 100, 23404, 24576, 331.43, 62
2026/09/21 06:19:23.393, 100, 23404, 24576, 332.13, 62
2026/09/21 06:19:24.393, 100, 23404, 24576, 331.20, 62
2026/09/21 06:19:25.394, 100, 23404, 24576, 333.90, 63
2026/09/21 06:19:26.394, 100, 23404, 24576, 330.45, 62
2026/09/21 06:19:27.394, 100, 23404, 24576, 327.51, 62
2026/09/21 06:19:28.395, 100, 23404, 24576, 328.39, 62
2026/09/21 06:19:29.395, 100, 23404, 24576, 327.74, 62
2026/09/21 06:19:30.395, 100, 23404, 24576, 329.58, 62
2026/09/21 06:19:31.396, 100, 23404, 24576, 327.30, 62
2026/09/21 06:19:32.396, 100, 23404, 24576, 330.51, 63
2026/09/21 06:19:33.396, 100, 23404, 24576, 328.22, 62
2026/09/21 06:19:34.397, 100, 23404, 24576, 320.93, 62
2026/09/21 06:19:35.397, 100, 23404, 24576, 330.36, 63
2026/09/21 06:19:36.397, 100, 23404, 24576, 297.19, 63
2026/09/21 06:19:37.397, 100, 23404, 24576, 325.93, 63
2026/09/21 06:19:38.398, 100, 23404, 24576, 329.24, 62
2026/09/21 06:19:39.398, 100, 23404, 24576, 329.37, 63
2026/09/21 06:19:40.398, 100, 23404, 24576, 330.32, 63
2026/09/21 06:19:41.399, 100, 23404, 24576, 332.46, 62
2026/09/21 06:19:42.399, 100, 23404, 24576, 320.40, 63
2026/09/21 06:19:43.399, 100, 23404, 24576, 325.28, 63
2026/09/21 06:19:44.400, 100, 23404, 24576, 323.72, 62
2026/09/21 06:19:45.400, 100, 23404, 24576, 329.98, 62
2026/09/21 06:19:46.400, 100, 23404, 24576, 330.94, 63
2026/09/21 06:19:47.401, 100, 23404, 24576, 322.49, 62
2026/09/21 06:19:48.401, 100, 23404, 24576, 324.54, 62
2026/09/21 06:19:49.401, 100, 23404, 24576, 328.11, 63
2026/09/21 06:19:50.402, 100, 23404, 24576, 324.89, 62
2026/09/21 06:19:51.402, 100, 23404, 24576, 324.26, 63
2026/09/21 06:19:52.402, 100, 23404, 24576, 326.13, 64
2026/09/21 06:19:53.402, 100, 23404, 24576, 322.89, 63
2026/09/21 06:19:54.403, 100, 23404, 24576, 322.32, 62
2026/09/21 06:19:55.403, 100, 23404, 24576, 325.88, 63
2026/09/21 06:19:56.403, 100, 23404, 24576, 325.05, 63
2026/09/21 06:19:57.404, 100, 23404, 24576, 324.35, 62
2026/09/21 06:19:58.404, 100, 23404, 24576, 325.58, 63
2026/09/21 06:19:59.404, 100, 23404, 24576, 326.91, 63
2026/09/21 06:20:00.405, 100, 23404, 24576, 325.84, 62
2026/09/21 06:20:01.405, 100, 23404, 24576, 323.90, 64
2026/09/21 06:20:02.406, 100, 23404, 24576, 317.27, 62
2026/09/21 06:20:03.407, 100, 23404, 24576, 324.11, 63
2026/09/21 06:20:04.407, 100, 23404, 24576, 326.98, 62
2026/09/21 06:20:05.408, 100, 23665, 24576, 327.47, 64
2026/09/21 06:20:06.408, 100, 23404, 24576, 320.74, 64
2026/09/21 06:20:07.755, 100, 23404, 24576, 323.13, 63
2026/09/21 06:20:08.755, 100, 23404, 24576, 322.76, 63
2026/09/21 06:20:09.756, 100, 23404, 24576, 319.96, 63
2026/09/21 06:20:10.756, 100, 23404, 24576, 322.52, 63
2026/09/21 06:20:11.759, 100, 23404, 24576, 320.94, 62
2026/09/21 06:20:12.759, 100, 23404, 24576, 318.89, 62
2026/09/21 06:20:13.759, 100, 23404, 24576, 318.91, 62
2026/09/21 06:20:14.760, 100, 23404, 24576, 320.05, 63
2026/09/21 06:20:15.760, 100, 23404, 24576, 324.41, 63
2026/09/21 06:20:16.760, 100, 23404, 24576, 325.14, 63
2026/09/21 06:20:17.761, 99, 23404, 24576, 323.53, 63
2026/09/21 06:20:18.761, 100, 23404, 24576, 323.94, 62
2026/09/21 06:20:19.761, 100, 23404, 24576, 327.87, 63
2026/09/21 06:20:20.762, 100, 23404, 24576, 327.17, 63
2026/09/21 06:20:21.762, 100, 23404, 24576, 322.93, 62
2026/09/21 06:20:22.762, 100, 23404, 24576, 326.24, 63
2026/09/21 06:20:23.763, 100, 23404, 24576, 326.41, 63
2026/09/21 06:20:24.763, 44, 23404, 24576, 307.12, 62
2026/09/21 06:20:25.763, 100, 23404, 24576, 310.42, 62
2026/09/21 06:20:26.764, 100, 23404, 24576, 320.72, 62
2026/09/21 06:20:27.764, 100, 23404, 24576, 324.12, 63
2026/09/21 06:20:28.764, 100, 23404, 24576, 323.20, 63
2026/09/21 06:20:29.765, 100, 23404, 24576, 324.35, 64
2026/09/21 06:20:30.765, 100, 23404, 24576, 320.64, 62
2026/09/21 06:20:31.766, 100, 23404, 24576, 316.77, 63
2026/09/21 06:20:32.766, 100, 23404, 24576, 323.54, 63
2026/09/21 06:20:33.766, 100, 23404, 24576, 324.02, 64
2026/09/21 06:20:34.767, 100, 23404, 24576, 321.07, 62
2026/09/21 06:20:35.767, 100, 23404, 24576, 318.86, 62
2026/09/21 06:20:36.767, 100, 23404, 24576, 322.70, 63
2026/09/21 06:20:37.767, 100, 23404, 24576, 322.14, 62
2026/09/21 06:20:38.768, 100, 23404, 24576, 324.51, 63
2026/09/21 06:20:39.768, 100, 23404, 24576, 326.62, 63
2026/09/21 06:20:40.768, 100, 23404, 24576, 321.64, 62
2026/09/21 06:20:41.769, 100, 23404, 24576, 320.87, 63
2026/09/21 06:20:42.769, 99, 23404, 24576, 319.77, 64
2026/09/21 06:20:43.769, 100, 23404, 24576, 321.60, 62
2026/09/21 06:20:44.770, 100, 23404, 24576, 319.51, 63
2026/09/21 06:20:45.770, 100, 23404, 24576, 322.94, 63
2026/09/21 06:20:46.770, 100, 23404, 24576, 323.33, 64
2026/09/21 06:20:47.771, 100, 23404, 24576, 324.11, 62
2026/09/21 06:20:48.771, 100, 23404, 24576, 319.90, 63
2026/09/21 06:20:49.771, 100, 23404, 24576, 321.09, 64
2026/09/21 06:20:50.771, 100, 23404, 24576, 319.66, 63
2026/09/21 06:20:51.772, 100, 23404, 24576, 320.96, 63
2026/09/21 06:20:52.772, 100, 23404, 24576, 325.22, 62
2026/09/21 06:20:53.772, 100, 23404, 24576, 320.37, 62
2026/09/21 06:20:54.773, 100, 23404, 24576, 321.60, 63
2026/09/21 06:20:55.773, 100, 23404, 24576, 324.08, 62
2026/09/21 06:20:56.773, 100, 23404, 24576, 316.99, 63
2026/09/21 06:20:57.774, 100, 23404, 24576, 323.08, 64
2026/09/21 06:20:58.774, 100, 23404, 24576, 321.21, 62
2026/09/21 06:20:59.775, 100, 23404, 24576, 316.58, 63
2026/09/21 06:21:00.778, 100, 23404, 24576, 320.53, 64
2026/09/21 06:21:01.779, 100, 23404, 24576, 327.72, 63
2026/09/21 06:21:02.779, 100, 23404, 24576, 322.63, 62
2026/09/21 06:21:03.779, 100, 23404, 24576, 317.45, 63
2026/09/21 06:21:04.780, 100, 23404, 24576, 319.26, 64
2026/09/21 06:21:05.780, 100, 23404, 24576, 327.21, 64
2026/09/21 06:21:06.780, 100, 23404, 24576, 323.74, 62
2026/09/21 06:21:07.781, 100, 23404, 24576, 318.76, 62
2026/09/21 06:21:08.781, 100, 23404, 24576, 317.06, 63
2026/09/21 06:21:09.781, 100, 23404, 24576, 316.72, 63
2026/09/21 06:21:10.782, 100, 23404, 24576, 322.39, 63
2026/09/21 06:21:11.782, 100, 23404, 24576, 326.55, 63
2026/09/21 06:21:12.782, 100, 23404, 24576, 328.12, 63
2026/09/21 06:21:13.782, 100, 23404, 24576, 328.40, 63
2026/09/21 06:21:14.783, 100, 23404, 24576, 321.93, 62
2026/09/21 06:21:15.783, 100, 23404, 24576, 316.99, 62
2026/09/21 06:21:16.783, 100, 23404, 24576, 318.07, 62
2026/09/21 06:21:17.784, 100, 23404, 24576, 318.36, 62
2026/09/21 06:21:18.784, 100, 23404, 24576, 317.21, 63
2026/09/21 06:21:19.784, 100, 23404, 24576, 320.26, 63
2026/09/21 06:21:20.785, 100, 23404, 24576, 318.82, 62
2026/09/21 06:21:21.785, 100, 23404, 24576, 317.48, 62
2026/09/21 06:21:22.785, 100, 23404, 24576, 317.58, 63
2026/09/21 06:21:23.786, 100, 23404, 24576, 320.93, 63
2026/09/21 06:21:24.786, 100, 23404, 24576, 317.81, 62
2026/09/21 06:21:25.786, 100, 23404, 24576, 320.19, 62
2026/09/21 06:21:26.787, 100, 23404, 24576, 321.11, 62
2026/09/21 06:21:27.787, 100, 23404, 24576, 307.07, 63
2026/09/21 06:21:28.787, 100, 23404, 24576, 325.98, 64
2026/09/21 06:21:29.788, 100, 23404, 24576, 324.01, 63
2026/09/21 06:21:30.788, 100, 23404, 24576, 321.99, 63
2026/09/21 06:21:31.788, 100, 23404, 24576, 317.26, 63
2026/09/21 06:21:32.789, 100, 23404, 24576, 320.06, 62
2026/09/21 06:21:33.789, 100, 23404, 24576, 320.17, 62
2026/09/21 06:21:34.789, 100, 23404, 24576, 324.08, 63
2026/09/21 06:21:35.790, 100, 23404, 24576, 324.43, 63
2026/09/21 06:21:36.792, 100, 23404, 24576, 323.79, 64
2026/09/21 06:21:37.792, 100, 23404, 24576, 322.63, 63
2026/09/21 06:21:38.793, 100, 23404, 24576, 321.84, 62
2026/09/21 06:21:39.793, 100, 23404, 24576, 323.26, 63
2026/09/21 06:21:40.793, 100, 23404, 24576, 327.26, 63
2026/09/21 06:21:41.794, 100, 23404, 24576, 325.13, 64
2026/09/21 06:21:42.794, 100, 23404, 24576, 322.89, 63
2026/09/21 06:21:43.794, 100, 23404, 24576, 321.95, 62
2026/09/21 06:21:44.795, 100, 23404, 24576, 320.73, 63
2026/09/21 06:21:45.795, 100, 23404, 24576, 322.65, 64
2026/09/21 06:21:46.795, 100, 23404, 24576, 322.05, 63
2026/09/21 06:21:47.796, 100, 23404, 24576, 322.49, 62
2026/09/21 06:21:48.796, 100, 23404, 24576, 322.67, 64
2026/09/21 06:21:49.796, 100, 23404, 24576, 323.36, 64
2026/09/21 06:21:50.797, 100, 23404, 24576, 322.69, 63
2026/09/21 06:21:51.797, 100, 23404, 24576, 322.34, 63
2026/09/21 06:21:52.797, 100, 23404, 24576, 323.03, 63
2026/09/21 06:21:53.797, 100, 23404, 24576, 320.24, 62
2026/09/21 06:21:54.798, 100, 23404, 24576, 322.45, 62
2026/09/21 06:21:55.798, 100, 23404, 24576, 320.06, 63
2026/09/21 06:21:56.799, 100, 23404, 24576, 324.09, 62
2026/09/21 06:21:57.799, 100, 23404, 24576, 322.13, 64
2026/09/21 06:21:58.799, 100, 23404, 24576, 323.65, 63
2026/09/21 06:21:59.800, 100, 23404, 24576, 321.43, 62
2026/09/21 06:22:00.800, 100, 23404, 24576, 325.35, 64
2026/09/21 06:22:01.800, 100, 23404, 24576, 319.74, 62
2026/09/21 06:22:02.801, 100, 23404, 24576, 323.43, 64
2026/09/21 06:22:03.801, 100, 23404, 24576, 322.35, 63
2026/09/21 06:22:04.801, 100, 23404, 24576, 322.26, 62
2026/09/21 06:22:05.801, 100, 23404, 24576, 323.97, 63
2026/09/21 06:22:06.802, 100, 23404, 24576, 322.51, 62
2026/09/21 06:22:07.802, 100, 23404, 24576, 323.60, 63
2026/09/21 06:22:08.802, 100, 23404, 24576, 323.06, 62
2026/09/21 06:22:09.803, 100, 23404, 24576, 325.33, 64
2026/09/21 06:22:10.803, 100, 23404, 24576, 318.45, 62
2026/09/21 06:22:11.803, 100, 23404, 24576, 325.92, 64
2026/09/21 06:22:12.804, 100, 23404, 24576, 320.53, 62
2026/09/21 06:22:13.804, 100, 23404, 24576, 320.28, 63
2026/09/21 06:22:14.807, 100, 23404, 24576, 317.76, 62
2026/09/21 06:22:15.807, 100, 23404, 24576, 325.68, 64
2026/09/21 06:22:16.808, 100, 23404, 24576, 319.59, 62
2026/09/21 06:22:17.808, 99, 23404, 24576, 319.36, 63
2026/09/21 06:22:18.808, 100, 23404, 24576, 320.27, 62
2026/09/21 06:22:19.808, 100, 23404, 24576, 325.82, 63
2026/09/21 06:22:20.809, 100, 23404, 24576, 322.35, 63
2026/09/21 06:22:21.809, 100, 23404, 24576, 319.02, 63
2026/09/21 06:22:22.809, 100, 23404, 24576, 320.40, 63
2026/09/21 06:22:23.810, 100, 23404, 24576, 318.95, 62
2026/09/21 06:22:24.810, 100, 23404, 24576, 323.97, 64
2026/09/21 06:22:25.810, 100, 23404, 24576, 318.42, 62
2026/09/21 06:22:26.811, 100, 23404, 24576, 319.08, 62
2026/09/21 06:22:27.811, 100, 23404, 24576, 318.88, 63
2026/09/21 06:22:28.811, 100, 23404, 24576, 318.99, 62
2026/09/21 06:22:29.811, 100, 23404, 24576, 327.97, 63
2026/09/21 06:22:30.812, 100, 23404, 24576, 323.85, 63
2026/09/21 06:22:31.813, 100, 23404, 24576, 316.07, 62
2026/09/21 06:22:32.813, 100, 23404, 24576, 323.67, 63
2026/09/21 06:22:33.813, 100, 23404, 24576, 310.94, 63
2026/09/21 06:22:34.814, 100, 23404, 24576, 317.57, 62
2026/09/21 06:22:35.814, 100, 23404, 24576, 323.97, 63
2026/09/21 06:22:36.814, 100, 23404, 24576, 326.38, 63
2026/09/21 06:22:37.815, 100, 23404, 24576, 321.45, 62
2026/09/21 06:22:38.815, 100, 23404, 24576, 298.80, 62
2026/09/21 06:22:39.815, 100, 23404, 24576, 312.96, 62
2026/09/21 06:22:40.816, 100, 23404, 24576, 314.35, 62
2026/09/21 06:22:41.816, 100, 23404, 24576, 307.65, 62
2026/09/21 06:22:42.816, 0, 23404, 24576, 319.40, 60
2026/09/21 06:22:43.816, 100, 23404, 24576, 203.33, 62
2026/09/21 06:22:44.817, 92, 23404, 24576, 337.69, 62
2026/09/21 06:22:45.817, 71, 23404, 24576, 311.00, 62
2026/09/21 06:22:46.817, 69, 23404, 24576, 305.23, 62
2026/09/21 06:22:47.818, 69, 23404, 24576, 306.35, 62
2026/09/21 06:22:48.818, 67, 23404, 24576, 305.49, 62
2026/09/21 06:22:49.818, 53, 23404, 24576, 293.84, 61
2026/09/21 06:22:50.819, 71, 23404, 24576, 310.44, 62
2026/09/21 06:22:51.819, 68, 23404, 24576, 306.94, 62
2026/09/21 06:22:52.819, 77, 23404, 24576, 308.10, 62
2026/09/21 06:22:53.819, 71, 23404, 24576, 307.67, 62
2026/09/21 06:22:54.820, 0, 23404, 24576, 285.48, 60
2026/09/21 06:22:55.820, 6, 23404, 24576, 146.08, 57
2026/09/21 06:22:56.820, 100, 23404, 24576, 313.45, 62
2026/09/21 06:22:57.821, 73, 23404, 24576, 316.18, 61
2026/09/21 06:22:58.821, 68, 23404, 24576, 303.51, 61
2026/09/21 06:22:59.822, 68, 23404, 24576, 305.32, 61
2026/09/21 06:23:00.822, 77, 23404, 24576, 306.33, 61
2026/09/21 06:23:01.822, 71, 23404, 24576, 306.40, 61
2026/09/21 06:23:02.823, 96, 23404, 24576, 318.50, 61
2026/09/21 06:23:03.823, 70, 23404, 24576, 312.69, 61
2026/09/21 06:23:04.824, 67, 23404, 24576, 305.98, 61
2026/09/21 06:23:05.824, 69, 23404, 24576, 305.34, 61
2026/09/21 06:23:06.824, 69, 23404, 24576, 307.39, 61
2026/09/21 06:23:07.825, 0, 23404, 24576, 166.85, 57
2026/09/21 06:23:08.825, 100, 23404, 24576, 310.99, 61
2026/09/21 06:23:09.825, 70, 23404, 24576, 321.68, 61
2026/09/21 06:23:10.826, 71, 23404, 24576, 306.14, 61
2026/09/21 06:23:11.826, 68, 23404, 24576, 304.82, 61
2026/09/21 06:23:12.826, 71, 23404, 24576, 305.90, 61
2026/09/21 06:23:13.826, 68, 23404, 24576, 305.40, 61
2026/09/21 06:23:14.827, 71, 23404, 24576, 304.86, 61
2026/09/21 06:23:15.827, 70, 23404, 24576, 306.98, 61
2026/09/21 06:23:16.828, 64, 23404, 24576, 304.98, 61
2026/09/21 06:23:17.828, 69, 23404, 24576, 302.93, 61
2026/09/21 06:23:18.828, 70, 23404, 24576, 304.23, 61
2026/09/21 06:23:19.829, 0, 23404, 24576, 197.38, 57
2026/09/21 06:23:20.829, 100, 23404, 24576, 300.38, 61
2026/09/21 06:23:21.829, 70, 23404, 24576, 314.46, 61
2026/09/21 06:23:22.830, 65, 23404, 24576, 303.09, 61
2026/09/21 06:23:23.830, 69, 23404, 24576, 302.76, 61
2026/09/21 06:23:24.830, 69, 23404, 24576, 301.47, 61
2026/09/21 06:23:25.831, 69, 23404, 24576, 300.38, 61
2026/09/21 06:23:26.831, 70, 23404, 24576, 300.57, 61
2026/09/21 06:23:27.831, 64, 23404, 24576, 298.75, 60
2026/09/21 06:23:28.832, 71, 23404, 24576, 301.45, 60
2026/09/21 06:23:29.832, 61, 23404, 24576, 302.65, 61
2026/09/21 06:23:30.832, 76, 23404, 24576, 299.13, 61
2026/09/21 06:23:31.833, 0, 23404, 24576, 210.99, 56
2026/09/21 06:23:32.833, 100, 23404, 24576, 279.99, 61
2026/09/21 06:23:33.833, 77, 23404, 24576, 321.10, 61
2026/09/21 06:23:34.834, 75, 23404, 24576, 300.30, 60
2026/09/21 06:23:35.872, 70, 23404, 24576, 298.80, 60
2026/09/21 06:23:36.873, 68, 23404, 24576, 296.72, 60
2026/09/21 06:23:37.873, 71, 23404, 24576, 297.49, 60
2026/09/21 06:23:38.874, 53, 23404, 24576, 291.96, 58
2026/09/21 06:23:39.874, 83, 23404, 24576, 295.79, 60
2026/09/21 06:23:40.875, 67, 23404, 24576, 300.79, 60
2026/09/21 06:23:41.875, 69, 23404, 24576, 297.99, 60
2026/09/21 06:23:42.875, 71, 23404, 24576, 298.59, 60
2026/09/21 06:23:43.876, 0, 23404, 24576, 224.88, 56
2026/09/21 06:23:44.876, 0, 23404, 24576, 168.36, 56
2026/09/21 06:23:45.876, 0, 23404, 24576, 141.27, 55
2026/09/21 06:23:46.877, 100, 23404, 24576, 239.70, 60
2026/09/21 06:23:47.878, 92, 23404, 24576, 334.54, 60
2026/09/21 06:23:48.883, 100, 23404, 24576, 337.32, 60
2026/09/21 06:23:49.883, 100, 23404, 24576, 324.32, 60
2026/09/21 06:23:50.884, 100, 23404, 24576, 337.97, 60
2026/09/21 06:23:51.884, 100, 23404, 24576, 336.72, 60
2026/09/21 06:23:52.884, 100, 23404, 24576, 336.35, 60
2026/09/21 06:23:53.884, 100, 23404, 24576, 335.94, 60
2026/09/21 06:23:54.885, 100, 23404, 24576, 336.14, 61
2026/09/21 06:23:55.885, 100, 23404, 24576, 333.34, 61
2026/09/21 06:23:56.885, 100, 23404, 24576, 335.02, 61
2026/09/21 06:23:57.885, 100, 23404, 24576, 332.44, 61
2026/09/21 06:23:58.886, 100, 23404, 24576, 332.65, 61
2026/09/21 06:23:59.886, 100, 23404, 24576, 331.69, 61
2026/09/21 06:24:00.886, 100, 23404, 24576, 330.91, 61
2026/09/21 06:24:01.887, 100, 23404, 24576, 332.36, 61
2026/09/21 06:24:02.887, 100, 23404, 24576, 331.61, 61
2026/09/21 06:24:03.888, 100, 23404, 24576, 331.87, 61
2026/09/21 06:24:04.888, 100, 23404, 24576, 335.34, 62
2026/09/21 06:24:05.888, 100, 23404, 24576, 331.80, 62
2026/09/21 06:24:06.889, 100, 23404, 24576, 331.38, 62
2026/09/21 06:24:07.889, 100, 23404, 24576, 331.20, 62
2026/09/21 06:24:08.889, 100, 23404, 24576, 332.80, 62
2026/09/21 06:24:09.890, 100, 23404, 24576, 331.38, 62
2026/09/21 06:24:10.890, 100, 23404, 24576, 327.58, 61
2026/09/21 06:24:11.890, 100, 23404, 24576, 331.15, 62
2026/09/21 06:24:12.891, 100, 23404, 24576, 334.11, 62
2026/09/21 06:24:13.891, 100, 23404, 24576, 326.73, 61
2026/09/21 06:24:14.891, 100, 23404, 24576, 330.72, 62
2026/09/21 06:24:15.891, 100, 23404, 24576, 328.86, 61
2026/09/21 06:24:16.892, 100, 23404, 24576, 330.04, 62
2026/09/21 06:24:17.892, 100, 23404, 24576, 325.99, 61
2026/09/21 06:24:18.892, 100, 23404, 24576, 326.82, 61
2026/09/21 06:24:19.893, 100, 23404, 24576, 328.03, 62
2026/09/21 06:24:20.893, 100, 23404, 24576, 305.22, 62
2026/09/21 06:24:21.893, 100, 23404, 24576, 325.63, 61
2026/09/21 06:24:22.894, 100, 23404, 24576, 326.88, 62
2026/09/21 06:24:23.894, 100, 23404, 24576, 326.45, 62
2026/09/21 06:24:24.894, 100, 23404, 24576, 329.29, 62
2026/09/21 06:24:25.895, 100, 23404, 24576, 325.10, 62
2026/09/21 06:24:26.895, 100, 23404, 24576, 326.44, 63
2026/09/21 06:24:27.895, 100, 23404, 24576, 330.51, 62
2026/09/21 06:24:28.896, 100, 23404, 24576, 327.35, 63
2026/09/21 06:24:29.896, 100, 23404, 24576, 322.08, 63
2026/09/21 06:24:30.896, 100, 23404, 24576, 322.34, 62
2026/09/21 06:24:31.897, 100, 23404, 24576, 324.54, 63
2026/09/21 06:24:32.897, 100, 23404, 24576, 326.06, 63
2026/09/21 06:24:33.897, 100, 23404, 24576, 321.01, 62
2026/09/21 06:24:34.898, 100, 23404, 24576, 321.92, 63
2026/09/21 06:24:35.898, 100, 23404, 24576, 319.84, 62
2026/09/21 06:24:36.898, 100, 23404, 24576, 327.26, 63
2026/09/21 06:24:37.899, 100, 23404, 24576, 326.85, 62
2026/09/21 06:24:38.899, 100, 23404, 24576, 325.99, 63
2026/09/21 06:24:39.899, 100, 23404, 24576, 320.54, 62
2026/09/21 06:24:40.900, 100, 23404, 24576, 320.48, 63
2026/09/21 06:24:41.900, 100, 23404, 24576, 323.63, 63
2026/09/21 06:24:42.900, 100, 23404, 24576, 325.30, 62
2026/09/21 06:24:43.901, 100, 23404, 24576, 319.55, 62
2026/09/21 06:24:44.901, 100, 23404, 24576, 322.47, 63
2026/09/21 06:24:45.901, 100, 23404, 24576, 325.34, 62
2026/09/21 06:24:46.902, 100, 23404, 24576, 324.82, 63
2026/09/21 06:24:47.902, 100, 23404, 24576, 325.98, 62
2026/09/21 06:24:48.902, 100, 23404, 24576, 320.08, 63
2026/09/21 06:24:49.903, 100, 23404, 24576, 318.67, 62
2026/09/21 06:24:50.903, 100, 23404, 24576, 317.93, 63
2026/09/21 06:24:51.903, 100, 23404, 24576, 321.51, 64
2026/09/21 06:24:52.903, 100, 23404, 24576, 318.63, 62
2026/09/21 06:24:53.904, 100, 23404, 24576, 318.56, 63
2026/09/21 06:24:54.904, 100, 23404, 24576, 321.24, 64
2026/09/21 06:24:55.904, 100, 23404, 24576, 320.72, 62
2026/09/21 06:24:56.905, 100, 23404, 24576, 323.66, 62
2026/09/21 06:24:57.905, 100, 23404, 24576, 319.21, 62
2026/09/21 06:24:58.905, 100, 23404, 24576, 318.31, 62
2026/09/21 06:24:59.906, 100, 23404, 24576, 319.03, 63
2026/09/21 06:25:00.906, 100, 23404, 24576, 325.79, 64
2026/09/21 06:25:01.906, 100, 23404, 24576, 324.20, 64
2026/09/21 06:25:02.907, 100, 23404, 24576, 322.10, 62
2026/09/21 06:25:03.907, 100, 23404, 24576, 326.50, 63
2026/09/21 06:25:04.907, 100, 23404, 24576, 327.58, 64
2026/09/21 06:25:05.908, 100, 23404, 24576, 321.50, 62
2026/09/21 06:25:06.908, 100, 23404, 24576, 325.16, 63
2026/09/21 06:25:07.908, 100, 23404, 24576, 327.52, 64
2026/09/21 06:25:08.909, 100, 23404, 24576, 325.70, 64
2026/09/21 06:25:09.909, 100, 23404, 24576, 304.76, 63
2026/09/21 06:25:10.909, 100, 23404, 24576, 320.40, 62
2026/09/21 06:25:11.910, 100, 23404, 24576, 322.32, 63
2026/09/21 06:25:12.910, 99, 23404, 24576, 324.41, 63
2026/09/21 06:25:13.911, 100, 23404, 24576, 325.81, 64
2026/09/21 06:25:14.911, 100, 23404, 24576, 320.04, 63
2026/09/21 06:25:15.911, 100, 23404, 24576, 321.31, 62
2026/09/21 06:25:16.912, 100, 23404, 24576, 322.76, 63
2026/09/21 06:25:17.912, 100, 23404, 24576, 323.67, 64
2026/09/21 06:25:18.913, 100, 23404, 24576, 322.15, 63
2026/09/21 06:25:19.913, 100, 23404, 24576, 316.56, 63
2026/09/21 06:25:20.913, 100, 23404, 24576, 324.42, 63
2026/09/21 06:25:21.913, 100, 23404, 24576, 319.93, 63
2026/09/21 06:25:22.914, 100, 23404, 24576, 322.38, 63
2026/09/21 06:25:23.914, 100, 23404, 24576, 324.21, 64
2026/09/21 06:25:24.914, 100, 23404, 24576, 320.29, 63
2026/09/21 06:25:25.915, 100, 23404, 24576, 321.62, 64
2026/09/21 06:25:26.915, 100, 23404, 24576, 321.73, 63
2026/09/21 06:25:27.915, 100, 23404, 24576, 318.45, 63
2026/09/21 06:25:28.916, 100, 23404, 24576, 319.48, 63
2026/09/21 06:25:29.916, 100, 23404, 24576, 323.65, 64
2026/09/21 06:25:30.916, 100, 23404, 24576, 323.84, 63
2026/09/21 06:25:31.916, 100, 23404, 24576, 318.04, 62
2026/09/21 06:25:32.917, 100, 23404, 24576, 317.53, 63
2026/09/21 06:25:33.917, 100, 23404, 24576, 322.45, 64
2026/09/21 06:25:34.917, 100, 23404, 24576, 321.61, 63
2026/09/21 06:25:35.918, 100, 23404, 24576, 327.87, 64
2026/09/21 06:25:36.918, 100, 23404, 24576, 323.51, 62
2026/09/21 06:25:37.918, 100, 23404, 24576, 316.99, 63
2026/09/21 06:25:38.919, 100, 23404, 24576, 318.82, 62
2026/09/21 06:25:39.919, 100, 23404, 24576, 319.99, 63
2026/09/21 06:25:40.919, 100, 23404, 24576, 317.28, 64
2026/09/21 06:25:41.920, 100, 23404, 24576, 326.44, 64
2026/09/21 06:25:42.920, 100, 23404, 24576, 321.05, 63
2026/09/21 06:25:43.920, 100, 23404, 24576, 318.83, 64
2026/09/21 06:25:44.921, 100, 23404, 24576, 325.11, 64
2026/09/21 06:25:45.921, 100, 23404, 24576, 327.29, 63
2026/09/21 06:25:46.921, 100, 23404, 24576, 321.43, 63
2026/09/21 06:25:47.922, 100, 23404, 24576, 319.36, 64
2026/09/21 06:25:48.922, 100, 23404, 24576, 326.00, 64
2026/09/21 06:25:49.922, 100, 23404, 24576, 326.63, 64
2026/09/21 06:25:50.923, 100, 23404, 24576, 320.41, 63
2026/09/21 06:25:51.923, 100, 23404, 24576, 318.07, 63
2026/09/21 06:25:52.923, 100, 23404, 24576, 319.31, 64
2026/09/21 06:25:53.924, 100, 23404, 24576, 321.68, 64
2026/09/21 06:25:54.924, 99, 23404, 24576, 323.46, 63
2026/09/21 06:25:55.924, 100, 23404, 24576, 325.58, 63
2026/09/21 06:25:56.924, 100, 23404, 24576, 322.07, 63
2026/09/21 06:25:57.925, 100, 23404, 24576, 322.33, 63
2026/09/21 06:25:58.925, 100, 23404, 24576, 319.48, 63
2026/09/21 06:25:59.925, 100, 23404, 24576, 319.02, 63
2026/09/21 06:26:00.926, 100, 23404, 24576, 319.34, 63
2026/09/21 06:26:01.926, 100, 23404, 24576, 318.77, 63
2026/09/21 06:26:02.926, 100, 23404, 24576, 324.43, 63
2026/09/21 06:26:03.927, 100, 23404, 24576, 323.31, 64
2026/09/21 06:26:04.927, 100, 23404, 24576, 326.36, 64
2026/09/21 06:26:05.927, 100, 23404, 24576, 328.93, 63
2026/09/21 06:26:06.928, 100, 23404, 24576, 326.66, 63
2026/09/21 06:26:07.928, 100, 23404, 24576, 324.54, 64
2026/09/21 06:26:08.928, 100, 23404, 24576, 324.92, 63
2026/09/21 06:26:09.928, 100, 23404, 24576, 327.60, 63
2026/09/21 06:26:10.929, 100, 23404, 24576, 324.00, 63
2026/09/21 06:26:11.929, 100, 23404, 24576, 309.35, 62
2026/09/21 06:26:12.929, 100, 23404, 24576, 320.20, 63
2026/09/21 06:26:13.930, 100, 23404, 24576, 320.04, 64
2026/09/21 06:26:14.930, 100, 23404, 24576, 322.34, 64
2026/09/21 06:26:15.930, 100, 23404, 24576, 320.28, 63
2026/09/21 06:26:16.931, 100, 23404, 24576, 325.95, 64
2026/09/21 06:26:17.931, 100, 23404, 24576, 325.67, 63
2026/09/21 06:26:18.931, 100, 23404, 24576, 323.04, 63
2026/09/21 06:26:19.932, 100, 23404, 24576, 321.74, 63
2026/09/21 06:26:20.932, 100, 23404, 24576, 316.96, 63
2026/09/21 06:26:21.932, 100, 23404, 24576, 321.93, 64
2026/09/21 06:26:22.933, 100, 23404, 24576, 322.83, 64
2026/09/21 06:26:23.933, 100, 23404, 24576, 326.10, 63
2026/09/21 06:26:24.933, 99, 23404, 24576, 323.77, 63
2026/09/21 06:26:25.934, 100, 23404, 24576, 321.82, 63
2026/09/21 06:26:26.934, 100, 23404, 24576, 321.24, 64
2026/09/21 06:26:27.934, 100, 23404, 24576, 322.12, 63
2026/09/21 06:26:28.935, 100, 23404, 24576, 322.49, 63
2026/09/21 06:26:29.935, 100, 23404, 24576, 320.03, 63
2026/09/21 06:26:30.935, 100, 23404, 24576, 322.18, 64
2026/09/21 06:26:31.936, 100, 23404, 24576, 322.48, 63
2026/09/21 06:26:32.936, 100, 23404, 24576, 322.92, 63
2026/09/21 06:26:33.936, 100, 23404, 24576, 319.31, 63
2026/09/21 06:26:34.937, 100, 23404, 24576, 324.18, 64
2026/09/21 06:26:35.937, 100, 23404, 24576, 320.09, 63
2026/09/21 06:26:36.937, 100, 23404, 24576, 323.30, 64
2026/09/21 06:26:37.938, 100, 23404, 24576, 321.14, 63
2026/09/21 06:26:38.938, 100, 23404, 24576, 326.19, 63
2026/09/21 06:26:39.938, 100, 23404, 24576, 320.81, 63
2026/09/21 06:26:40.939, 100, 23404, 24576, 320.94, 63
2026/09/21 06:26:41.939, 100, 23404, 24576, 322.89, 63
2026/09/21 06:26:42.939, 100, 23404, 24576, 323.65, 64
2026/09/21 06:26:43.940, 100, 23404, 24576, 327.24, 63
2026/09/21 06:26:44.940, 100, 23404, 24576, 322.66, 63
2026/09/21 06:26:45.940, 100, 23404, 24576, 325.07, 63
2026/09/21 06:26:46.941, 100, 23404, 24576, 322.61, 63
2026/09/21 06:26:47.941, 100, 23404, 24576, 320.01, 64
2026/09/21 06:26:48.941, 100, 23404, 24576, 325.52, 63
2026/09/21 06:26:49.942, 100, 23404, 24576, 324.37, 64
2026/09/21 06:26:50.942, 100, 23404, 24576, 321.26, 63
2026/09/21 06:26:51.943, 100, 23404, 24576, 324.22, 64
2026/09/21 06:26:52.943, 100, 23404, 24576, 320.89, 63
2026/09/21 06:26:53.943, 100, 23404, 24576, 322.58, 63
2026/09/21 06:26:54.944, 100, 23404, 24576, 324.75, 64
2026/09/21 06:26:55.944, 100, 23404, 24576, 323.08, 63
2026/09/21 06:26:56.945, 100, 23404, 24576, 322.95, 64
2026/09/21 06:26:57.945, 100, 23404, 24576, 319.11, 64
2026/09/21 06:26:58.945, 100, 23404, 24576, 327.83, 64
2026/09/21 06:26:59.946, 100, 23404, 24576, 323.92, 63
2026/09/21 06:27:00.946, 100, 23404, 24576, 324.14, 64
2026/09/21 06:27:01.946, 100, 23404, 24576, 324.11, 63
2026/09/21 06:27:02.947, 100, 23404, 24576, 320.51, 64
2026/09/21 06:27:03.947, 100, 23404, 24576, 323.65, 63
2026/09/21 06:27:04.947, 100, 23404, 24576, 317.88, 64
2026/09/21 06:27:05.948, 100, 23404, 24576, 326.51, 63
2026/09/21 06:27:06.948, 100, 23404, 24576, 319.01, 63
2026/09/21 06:27:07.948, 100, 23404, 24576, 320.71, 63
2026/09/21 06:27:08.949, 100, 23404, 24576, 319.46, 63
2026/09/21 06:27:09.949, 100, 23404, 24576, 323.36, 65
2026/09/21 06:27:10.949, 100, 23404, 24576, 324.85, 63
2026/09/21 06:27:11.950, 100, 23404, 24576, 318.52, 63
2026/09/21 06:27:12.950, 100, 23404, 24576, 320.67, 63
2026/09/21 06:27:13.951, 100, 23404, 24576, 321.31, 63
2026/09/21 06:27:14.951, 100, 23404, 24576, 319.02, 65
2026/09/21 06:27:15.951, 100, 23404, 24576, 327.97, 64
2026/09/21 06:27:16.952, 100, 23404, 24576, 324.90, 63
2026/09/21 06:27:17.952, 100, 23404, 24576, 302.89, 63
2026/09/21 06:27:18.953, 100, 23404, 24576, 326.58, 64
2026/09/21 06:27:19.953, 100, 23404, 24576, 325.53, 63
2026/09/21 06:27:20.953, 100, 23404, 24576, 318.73, 63
2026/09/21 06:27:21.954, 100, 23404, 24576, 318.55, 64
2026/09/21 06:27:22.957, 74, 23404, 24576, 314.54, 63
2026/09/21 06:27:23.957, 100, 23404, 24576, 317.94, 63
2026/09/21 06:27:24.958, 100, 23404, 24576, 318.75, 63
2026/09/21 06:27:25.958, 100, 23404, 24576, 319.14, 63
2026/09/21 06:27:26.958, 100, 23404, 24576, 320.01, 64
2026/09/21 06:27:27.959, 0, 23404, 24576, 231.61, 59
2026/09/21 06:27:28.959, 100, 23404, 24576, 264.08, 63
2026/09/21 06:27:29.959, 25, 23404, 24576, 283.40, 60
2026/09/21 06:27:30.960, 70, 23404, 24576, 301.03, 63
2026/09/21 06:27:31.960, 51, 23404, 24576, 279.09, 62
2026/09/21 06:27:32.960, 46, 23404, 24576, 295.35, 62
2026/09/21 06:27:33.975, 85, 23404, 24576, 312.30, 63
2026/09/21 06:27:34.975, 51, 23404, 24576, 317.38, 63
2026/09/21 06:27:35.976, 70, 23404, 24576, 309.75, 63
2026/09/21 06:27:36.976, 70, 23404, 24576, 303.88, 63
2026/09/21 06:27:37.977, 28, 23404, 24576, 295.34, 60
2026/09/21 06:27:38.977, 70, 23404, 24576, 301.20, 63
2026/09/21 06:27:39.977, 0, 23404, 24576, 265.46, 59
2026/09/21 06:27:40.978, 56, 23404, 24576, 161.00, 61
2026/09/21 06:27:41.978, 94, 23404, 24576, 340.29, 62
2026/09/21 06:27:42.978, 73, 23404, 24576, 309.62, 62
2026/09/21 06:27:43.979, 77, 23404, 24576, 306.53, 62
2026/09/21 06:27:44.979, 71, 23404, 24576, 324.25, 62
2026/09/21 06:27:45.979, 86, 23404, 24576, 323.32, 62
2026/09/21 06:27:46.980, 83, 23404, 24576, 325.02, 63
2026/09/21 06:27:47.980, 70, 23404, 24576, 303.10, 62
2026/09/21 06:27:48.981, 71, 23404, 24576, 312.24, 62
2026/09/21 06:27:49.981, 96, 23404, 24576, 321.06, 63
2026/09/21 06:27:50.981, 74, 23404, 24576, 316.73, 62
2026/09/21 06:27:51.981, 0, 23404, 24576, 179.49, 58
2026/09/21 06:27:52.982, 100, 23404, 24576, 311.18, 62
2026/09/21 06:27:53.982, 76, 23404, 24576, 320.84, 62
2026/09/21 06:27:54.982, 69, 23404, 24576, 300.48, 62
2026/09/21 06:27:55.983, 70, 23404, 24576, 299.29, 62
2026/09/21 06:27:56.983, 43, 23404, 24576, 289.66, 61
2026/09/21 06:27:57.983, 94, 23404, 24576, 298.69, 62
2026/09/21 06:27:58.984, 67, 23404, 24576, 320.35, 62
2026/09/21 06:27:59.984, 69, 23404, 24576, 300.90, 62
2026/09/21 06:28:00.984, 69, 23404, 24576, 301.08, 62
2026/09/21 06:28:01.985, 90, 23404, 24576, 306.31, 62
2026/09/21 06:28:02.985, 89, 23404, 24576, 317.18, 61
2026/09/21 06:28:03.985, 28, 23404, 24576, 168.07, 59
2026/09/21 06:28:04.986, 97, 23404, 24576, 334.44, 62
2026/09/21 06:28:05.986, 68, 23404, 24576, 307.59, 62
2026/09/21 06:28:06.986, 68, 23404, 24576, 301.39, 62
2026/09/21 06:28:07.987, 63, 23404, 24576, 301.60, 62
2026/09/21 06:28:08.987, 84, 23404, 24576, 311.02, 62
2026/09/21 06:28:09.987, 67, 23404, 24576, 304.47, 62
2026/09/21 06:28:10.988, 76, 23404, 24576, 306.80, 62
2026/09/21 06:28:11.988, 69, 23404, 24576, 313.70, 62
2026/09/21 06:28:12.989, 69, 23404, 24576, 305.65, 62
2026/09/21 06:28:13.989, 63, 23404, 24576, 306.54, 62
2026/09/21 06:28:14.990, 34, 23404, 24576, 296.64, 59
2026/09/21 06:28:15.990, 100, 23404, 24576, 185.38, 61
2026/09/21 06:28:16.990, 70, 23404, 24576, 340.27, 62
2026/09/21 06:28:17.990, 69, 23404, 24576, 304.50, 62
2026/09/21 06:28:18.991, 69, 23404, 24576, 305.52, 62
2026/09/21 06:28:19.991, 71, 23404, 24576, 306.36, 62
2026/09/21 06:28:20.991, 73, 23404, 24576, 310.11, 61
2026/09/21 06:28:21.992, 81, 23404, 24576, 301.19, 62
2026/09/21 06:28:22.993, 71, 23404, 24576, 303.26, 62
2026/09/21 06:28:23.993, 70, 23404, 24576, 303.48, 62
2026/09/21 06:28:24.993, 69, 23404, 24576, 303.34, 62
2026/09/21 06:28:25.993, 70, 23404, 24576, 304.11, 62
2026/09/21 06:28:26.994, 70, 23404, 24576, 304.87, 62
2026/09/21 06:28:27.994, 0, 23404, 24576, 168.30, 57
2026/09/21 06:28:28.994, 0, 23404, 24576, 143.74, 56
2026/09/21 06:28:29.995, 0, 23404, 24576, 133.47, 55
2026/09/21 06:28:30.995, 0, 23404, 24576, 122.99, 55
2026/09/21 06:28:31.995, 0, 23404, 24576, 122.52, 54
2026/09/21 06:28:32.996, 0, 23404, 24576, 122.26, 54
2026/09/21 06:28:33.996, 0, 23404, 24576, 121.90, 53
2026/09/21 06:28:34.997, 0, 23404, 24576, 121.79, 53
2026/09/21 06:28:35.997, 0, 23404, 24576, 121.56, 53
2026/09/21 06:28:36.997, 0, 23404, 24576, 121.35, 52
2026/09/21 06:28:37.998, 0, 23404, 24576, 121.01, 52
2026/09/21 06:28:38.998, 0, 23404, 24576, 120.83, 52
2026/09/21 06:28:39.998, 0, 23404, 24576, 120.64, 51
2026/09/21 06:28:40.999, 0, 23404, 24576, 120.41, 51
2026/09/21 06:28:41.999, 100, 23404, 24576, 204.83, 57
2026/09/21 06:28:43.000, 90, 23404, 24576, 333.99, 57
2026/09/21 06:28:44.000, 100, 23404, 24576, 336.23, 58
2026/09/21 06:28:45.000, 100, 23404, 24576, 336.36, 58
2026/09/21 06:28:46.001, 100, 23404, 24576, 337.16, 58
2026/09/21 06:28:47.001, 100, 23404, 24576, 337.20, 59
2026/09/21 06:28:48.001, 100, 23404, 24576, 336.86, 59
2026/09/21 06:28:49.002, 100, 23404, 24576, 335.74, 59
2026/09/21 06:28:50.002, 100, 23404, 24576, 335.62, 59
2026/09/21 06:28:51.002, 100, 23404, 24576, 336.14, 59
2026/09/21 06:28:52.003, 95, 23404, 24576, 333.67, 59
2026/09/21 06:28:53.003, 100, 23404, 24576, 335.04, 60
2026/09/21 06:28:54.003, 95, 23404, 24576, 333.46, 60
2026/09/21 06:28:55.004, 100, 23404, 24576, 336.58, 60
2026/09/21 06:28:56.004, 100, 23404, 24576, 334.90, 60
2026/09/21 06:28:57.004, 100, 23404, 24576, 333.45, 60
2026/09/21 06:28:58.005, 100, 23404, 24576, 334.23, 60
2026/09/21 06:28:59.005, 100, 23404, 24576, 335.88, 61
2026/09/21 06:29:00.005, 100, 23404, 24576, 331.00, 61
2026/09/21 06:29:01.006, 100, 23404, 24576, 334.83, 61
2026/09/21 06:29:02.006, 100, 23404, 24576, 332.94, 61
2026/09/21 06:29:03.006, 100, 23404, 24576, 335.23, 61
2026/09/21 06:29:04.007, 100, 23404, 24576, 332.36, 61
2026/09/21 06:29:05.007, 100, 23404, 24576, 335.19, 61
2026/09/21 06:29:06.008, 100, 23404, 24576, 334.65, 62
2026/09/21 06:29:07.008, 100, 23404, 24576, 334.11, 61
2026/09/21 06:29:08.008, 98, 23404, 24576, 332.58, 61
2026/09/21 06:29:09.008, 100, 23404, 24576, 336.56, 62
2026/09/21 06:29:10.009, 99, 23404, 24576, 331.60, 61
2026/09/21 06:29:11.009, 100, 23404, 24576, 332.79, 62
2026/09/21 06:29:12.009, 100, 23404, 24576, 332.39, 62
2026/09/21 06:29:13.010, 100, 23404, 24576, 331.70, 62
2026/09/21 06:29:14.010, 100, 23404, 24576, 328.05, 62
2026/09/21 06:29:15.010, 100, 23404, 24576, 332.44, 62
2026/09/21 06:29:16.011, 100, 23404, 24576, 333.61, 62
2026/09/21 06:29:17.011, 100, 23404, 24576, 334.19, 62
2026/09/21 06:29:18.011, 100, 23404, 24576, 331.77, 62
2026/09/21 06:29:19.012, 100, 23404, 24576, 329.35, 63
2026/09/21 06:29:20.012, 100, 23404, 24576, 332.14, 63
2026/09/21 06:29:21.012, 94, 23404, 24576, 328.46, 63
2026/09/21 06:29:22.013, 100, 23404, 24576, 331.68, 63
2026/09/21 06:29:23.013, 100, 23404, 24576, 330.67, 63
2026/09/21 06:29:24.013, 100, 23404, 24576, 332.76, 63
2026/09/21 06:29:25.013, 100, 23404, 24576, 330.23, 63
2026/09/21 06:29:26.014, 100, 23404, 24576, 327.55, 63
2026/09/21 06:29:27.014, 100, 23404, 24576, 329.24, 63
2026/09/21 06:29:28.014, 98, 23404, 24576, 328.32, 63
2026/09/21 06:29:29.015, 100, 23404, 24576, 334.11, 63
2026/09/21 06:29:30.015, 100, 23404, 24576, 334.31, 63
2026/09/21 06:29:31.016, 100, 23404, 24576, 329.95, 64
2026/09/21 06:29:32.016, 100, 23404, 24576, 327.98, 64
2026/09/21 06:29:33.016, 100, 23404, 24576, 329.25, 64
2026/09/21 06:29:34.016, 100, 23404, 24576, 327.85, 64
2026/09/21 06:29:35.017, 96, 23404, 24576, 330.16, 63
2026/09/21 06:29:36.017, 100, 23404, 24576, 329.74, 64
2026/09/21 06:29:37.017, 100, 23404, 24576, 327.46, 64
2026/09/21 06:29:38.018, 100, 23404, 24576, 326.82, 64
2026/09/21 06:29:39.018, 100, 23404, 24576, 328.23, 64
2026/09/21 06:29:40.018, 88, 23404, 24576, 323.77, 64
2026/09/21 06:29:41.019, 100, 23404, 24576, 329.90, 63
2026/09/21 06:29:42.019, 100, 23404, 24576, 327.37, 64
2026/09/21 06:29:43.020, 100, 23404, 24576, 327.17, 64
2026/09/21 06:29:44.020, 100, 23404, 24576, 326.39, 64
2026/09/21 06:29:45.020, 99, 23404, 24576, 328.53, 64
2026/09/21 06:29:46.021, 100, 23404, 24576, 330.47, 64
2026/09/21 06:29:47.021, 100, 23404, 24576, 326.13, 64
2026/09/21 06:29:48.021, 100, 23404, 24576, 328.56, 63
2026/09/21 06:29:49.022, 100, 23404, 24576, 328.36, 64
2026/09/21 06:29:50.022, 93, 23404, 24576, 326.05, 63
2026/09/21 06:29:51.022, 100, 23404, 24576, 290.20, 64
2026/09/21 06:29:52.023, 100, 23404, 24576, 325.46, 64
2026/09/21 06:29:53.023, 97, 23404, 24576, 324.71, 64
2026/09/21 06:29:54.023, 100, 23404, 24576, 328.46, 64
2026/09/21 06:29:55.024, 100, 23404, 24576, 327.14, 64
2026/09/21 06:29:56.024, 100, 23404, 24576, 319.27, 64
2026/09/21 06:29:57.050, 100, 23404, 24576, 324.22, 64
2026/09/21 06:29:58.051, 100, 23404, 24576, 326.87, 64
2026/09/21 06:29:59.051, 100, 23404, 24576, 321.83, 64
2026/09/21 06:30:00.052, 100, 23404, 24576, 325.92, 64
2026/09/21 06:30:01.052, 99, 23404, 24576, 326.37, 64
2026/09/21 06:30:02.052, 100, 23404, 24576, 330.82, 64
2026/09/21 06:30:03.052, 100, 23404, 24576, 326.45, 65
2026/09/21 06:30:04.053, 100, 23404, 24576, 328.72, 63
2026/09/21 06:30:05.053, 100, 23429, 24576, 329.12, 63
2026/09/21 06:30:06.053, 100, 23665, 24576, 331.04, 63
2026/09/21 06:30:07.077, 100, 23404, 24576, 325.52, 64
2026/09/21 06:30:08.279, 100, 23404, 24576, 323.27, 65
2026/09/21 06:30:09.280, 100, 23404, 24576, 326.12, 65
2026/09/21 06:30:10.280, 100, 23404, 24576, 323.07, 64
2026/09/21 06:30:11.280, 100, 23404, 24576, 320.95, 64
2026/09/21 06:30:12.281, 100, 23404, 24576, 325.31, 64
2026/09/21 06:30:13.281, 100, 23404, 24576, 325.53, 64
2026/09/21 06:30:14.281, 100, 23404, 24576, 322.62, 64
2026/09/21 06:30:15.282, 100, 23404, 24576, 322.40, 64
2026/09/21 06:30:16.282, 100, 23404, 24576, 322.61, 64
2026/09/21 06:30:17.282, 100, 23404, 24576, 322.65, 65
2026/09/21 06:30:18.283, 100, 23404, 24576, 319.57, 64
2026/09/21 06:30:19.283, 100, 23404, 24576, 323.64, 65
2026/09/21 06:30:20.283, 99, 23404, 24576, 319.59, 63
2026/09/21 06:30:21.284, 100, 23404, 24576, 325.74, 64
2026/09/21 06:30:22.284, 100, 23404, 24576, 329.51, 63
2026/09/21 06:30:23.284, 98, 23404, 24576, 325.94, 64
2026/09/21 06:30:24.285, 100, 23404, 24576, 325.76, 64
2026/09/21 06:30:25.285, 100, 23404, 24576, 323.69, 63
2026/09/21 06:30:26.285, 100, 23404, 24576, 323.52, 64
2026/09/21 06:30:27.286, 100, 23404, 24576, 327.26, 65
2026/09/21 06:30:28.286, 100, 23404, 24576, 323.57, 64
2026/09/21 06:30:29.286, 100, 23404, 24576, 319.37, 64
2026/09/21 06:30:30.287, 100, 23404, 24576, 326.73, 64
2026/09/21 06:30:31.287, 100, 23404, 24576, 324.94, 65
2026/09/21 06:30:32.288, 100, 23404, 24576, 317.32, 64
2026/09/21 06:30:33.288, 100, 23404, 24576, 325.94, 65
2026/09/21 06:30:34.288, 100, 23404, 24576, 324.00, 64
2026/09/21 06:30:35.289, 100, 23404, 24576, 321.40, 64
2026/09/21 06:30:36.289, 100, 23404, 24576, 326.10, 65
2026/09/21 06:30:37.289, 100, 23404, 24576, 324.16, 64
2026/09/21 06:30:38.290, 97, 23404, 24576, 325.07, 64
2026/09/21 06:30:39.290, 100, 23404, 24576, 323.63, 63
2026/09/21 06:30:40.290, 100, 23404, 24576, 322.31, 64
2026/09/21 06:30:41.291, 98, 23404, 24576, 321.26, 65
2026/09/21 06:30:42.291, 100, 23404, 24576, 326.71, 65
2026/09/21 06:30:43.291, 100, 23404, 24576, 324.39, 63
2026/09/21 06:30:44.292, 99, 23404, 24576, 321.64, 64
2026/09/21 06:30:45.292, 100, 23404, 24576, 317.73, 63
2026/09/21 06:30:46.292, 100, 23404, 24576, 322.69, 65
2026/09/21 06:30:47.293, 100, 23404, 24576, 324.33, 64
2026/09/21 06:30:48.293, 100, 23404, 24576, 325.65, 65
2026/09/21 06:30:49.293, 100, 23404, 24576, 325.53, 64
2026/09/21 06:30:50.294, 100, 23404, 24576, 327.65, 63
2026/09/21 06:30:51.294, 100, 23404, 24576, 322.31, 65
2026/09/21 06:30:52.295, 100, 23404, 24576, 328.03, 64
2026/09/21 06:30:53.295, 100, 23404, 24576, 325.87, 63
2026/09/21 06:30:54.295, 100, 23404, 24576, 323.68, 65
2026/09/21 06:30:55.296, 100, 23404, 24576, 327.20, 63
2026/09/21 06:30:56.296, 100, 23404, 24576, 327.59, 63
2026/09/21 06:30:57.296, 100, 23404, 24576, 323.48, 65
2026/09/21 06:30:58.297, 100, 23404, 24576, 326.84, 65
2026/09/21 06:30:59.297, 100, 23404, 24576, 328.25, 64
2026/09/21 06:31:00.298, 100, 23404, 24576, 323.07, 64
2026/09/21 06:31:01.298, 100, 23404, 24576, 323.57, 65
2026/09/21 06:31:02.298, 100, 23404, 24576, 323.10, 65
2026/09/21 06:31:03.299, 100, 23404, 24576, 324.90, 65
2026/09/21 06:31:04.299, 100, 23404, 24576, 322.60, 64
2026/09/21 06:31:05.299, 100, 23404, 24576, 321.87, 63
2026/09/21 06:31:06.300, 100, 23404, 24576, 321.29, 63
2026/09/21 06:31:07.300, 100, 23404, 24576, 322.94, 65
2026/09/21 06:31:08.300, 100, 23404, 24576, 326.14, 64
2026/09/21 06:31:09.300, 100, 23404, 24576, 324.14, 65
2026/09/21 06:31:10.301, 96, 23404, 24576, 324.41, 64
2026/09/21 06:31:11.301, 100, 23404, 24576, 328.87, 63
2026/09/21 06:31:12.301, 100, 23404, 24576, 327.90, 64
2026/09/21 06:31:13.302, 100, 23404, 24576, 328.70, 64
2026/09/21 06:31:14.302, 100, 23404, 24576, 320.98, 63
2026/09/21 06:31:15.302, 100, 23404, 24576, 320.38, 63
2026/09/21 06:31:16.303, 100, 23404, 24576, 323.94, 63
2026/09/21 06:31:17.303, 100, 23404, 24576, 321.13, 63
2026/09/21 06:31:18.303, 100, 23404, 24576, 320.12, 63
2026/09/21 06:31:19.304, 100, 23404, 24576, 322.31, 63
2026/09/21 06:31:20.304, 100, 23404, 24576, 319.32, 64
2026/09/21 06:31:21.304, 100, 23404, 24576, 320.56, 63
2026/09/21 06:31:22.304, 100, 23404, 24576, 320.56, 63
2026/09/21 06:31:23.305, 100, 23404, 24576, 324.19, 63
2026/09/21 06:31:24.305, 100, 23404, 24576, 325.02, 63
2026/09/21 06:31:25.307, 100, 23404, 24576, 324.92, 63
2026/09/21 06:31:26.308, 100, 23404, 24576, 325.74, 64
2026/09/21 06:31:27.308, 31, 23404, 24576, 306.20, 61
2026/09/21 06:31:28.308, 100, 23404, 24576, 291.48, 64
2026/09/21 06:31:29.309, 100, 23404, 24576, 322.20, 63
2026/09/21 06:31:30.309, 100, 23404, 24576, 317.01, 63
2026/09/21 06:31:31.309, 100, 23404, 24576, 314.81, 63
2026/09/21 06:31:32.310, 100, 23404, 24576, 322.10, 63
2026/09/21 06:31:33.310, 100, 23404, 24576, 325.18, 64
2026/09/21 06:31:34.310, 96, 23404, 24576, 323.82, 64
2026/09/21 06:31:35.310, 100, 23404, 24576, 324.33, 64
2026/09/21 06:31:36.311, 100, 23404, 24576, 321.59, 63
2026/09/21 06:31:37.311, 100, 23404, 24576, 322.29, 63
2026/09/21 06:31:38.312, 100, 23404, 24576, 322.31, 63
2026/09/21 06:31:39.312, 100, 23404, 24576, 324.20, 64
2026/09/21 06:31:40.312, 100, 23404, 24576, 323.14, 64
2026/09/21 06:31:41.312, 100, 23404, 24576, 320.44, 63
2026/09/21 06:31:42.313, 100, 23404, 24576, 318.61, 63
2026/09/21 06:31:43.313, 100, 23404, 24576, 322.97, 64
2026/09/21 06:31:44.313, 100, 23404, 24576, 321.75, 63
2026/09/21 06:31:45.314, 100, 23404, 24576, 315.56, 63
2026/09/21 06:31:46.314, 100, 23404, 24576, 320.17, 63
2026/09/21 06:31:47.314, 100, 23404, 24576, 326.28, 64
2026/09/21 06:31:48.315, 100, 23404, 24576, 322.46, 63
2026/09/21 06:31:49.315, 100, 23404, 24576, 315.76, 63
2026/09/21 06:31:50.315, 100, 23404, 24576, 323.99, 64
2026/09/21 06:31:51.315, 100, 23404, 24576, 323.83, 63
2026/09/21 06:31:52.316, 96, 23404, 24576, 317.07, 63
2026/09/21 06:31:53.316, 100, 23404, 24576, 325.52, 64
2026/09/21 06:31:54.316, 100, 23404, 24576, 322.23, 63
2026/09/21 06:31:55.317, 100, 23404, 24576, 322.96, 64
2026/09/21 06:31:56.317, 100, 23404, 24576, 323.52, 64
2026/09/21 06:31:57.318, 100, 23404, 24576, 322.76, 62
2026/09/21 06:31:58.318, 100, 23404, 24576, 322.07, 64
2026/09/21 06:31:59.318, 100, 23404, 24576, 322.94, 62
2026/09/21 06:32:00.318, 100, 23404, 24576, 319.30, 63
2026/09/21 06:32:01.319, 100, 23404, 24576, 319.81, 64
2026/09/21 06:32:02.319, 100, 23404, 24576, 323.70, 63
2026/09/21 06:32:03.319, 100, 23404, 24576, 321.88, 63
2026/09/21 06:32:04.319, 100, 23404, 24576, 319.65, 63
2026/09/21 06:32:05.320, 100, 23404, 24576, 320.85, 64
2026/09/21 06:32:06.320, 100, 23404, 24576, 324.03, 62
2026/09/21 06:32:07.320, 98, 23404, 24576, 321.55, 63
2026/09/21 06:32:08.320, 100, 23404, 24576, 320.99, 63
2026/09/21 06:32:09.321, 100, 23404, 24576, 322.44, 64
2026/09/21 06:32:10.321, 100, 23404, 24576, 322.44, 62
2026/09/21 06:32:11.321, 100, 23404, 24576, 320.43, 62
2026/09/21 06:32:12.321, 100, 23404, 24576, 320.46, 63
2026/09/21 06:32:13.322, 100, 23404, 24576, 322.02, 63
2026/09/21 06:32:14.322, 100, 23404, 24576, 324.39, 62
2026/09/21 06:32:15.322, 100, 23404, 24576, 320.90, 63
2026/09/21 06:32:16.323, 100, 23404, 24576, 323.06, 62
2026/09/21 06:32:17.323, 100, 23404, 24576, 317.93, 64
2026/09/21 06:32:18.323, 100, 23404, 24576, 326.61, 63
2026/09/21 06:32:19.324, 100, 23404, 24576, 324.07, 64
2026/09/21 06:32:20.324, 100, 23404, 24576, 325.94, 62
2026/09/21 06:32:21.325, 100, 23404, 24576, 323.39, 62
2026/09/21 06:32:22.325, 100, 23404, 24576, 319.64, 62
2026/09/21 06:32:23.325, 100, 23404, 24576, 316.55, 62
2026/09/21 06:32:24.326, 100, 23404, 24576, 316.03, 62
2026/09/21 06:32:25.326, 100, 23404, 24576, 323.16, 63
2026/09/21 06:32:26.326, 100, 23404, 24576, 321.23, 63
2026/09/21 06:32:27.327, 100, 23404, 24576, 325.11, 63
2026/09/21 06:32:28.327, 100, 23404, 24576, 325.64, 62
2026/09/21 06:32:29.327, 100, 23404, 24576, 322.63, 62
2026/09/21 06:32:30.328, 94, 23404, 24576, 318.90, 63
2026/09/21 06:32:31.328, 100, 23404, 24576, 325.16, 62
2026/09/21 06:32:32.328, 100, 23404, 24576, 320.69, 62
2026/09/21 06:32:33.329, 100, 23404, 24576, 317.57, 63
2026/09/21 06:32:34.329, 100, 23404, 24576, 320.32, 62
2026/09/21 06:32:35.330, 100, 23404, 24576, 319.61, 62
2026/09/21 06:32:36.330, 100, 23404, 24576, 317.33, 63
2026/09/21 06:32:37.330, 100, 23404, 24576, 322.71, 63
2026/09/21 06:32:38.330, 100, 23404, 24576, 322.20, 62
2026/09/21 06:32:39.331, 100, 23404, 24576, 316.69, 62
2026/09/21 06:32:40.331, 100, 23404, 24576, 320.23, 63
2026/09/21 06:32:41.332, 100, 23404, 24576, 325.79, 63
2026/09/21 06:32:42.332, 100, 23404, 24576, 322.53, 62
2026/09/21 06:32:43.333, 100, 23404, 24576, 318.37, 62
2026/09/21 06:32:44.333, 100, 23404, 24576, 321.49, 63
2026/09/21 06:32:45.334, 100, 23404, 24576, 325.14, 63
2026/09/21 06:32:46.334, 100, 23404, 24576, 323.72, 62
2026/09/21 06:32:47.334, 100, 23404, 24576, 316.60, 62
2026/09/21 06:32:48.335, 100, 23404, 24576, 316.05, 63
2026/09/21 06:32:49.335, 100, 23404, 24576, 323.24, 64
2026/09/21 06:32:50.335, 100, 23404, 24576, 323.45, 62
2026/09/21 06:32:51.336, 100, 23404, 24576, 321.43, 62
2026/09/21 06:32:52.336, 100, 23404, 24576, 319.48, 62
2026/09/21 06:32:53.336, 100, 23404, 24576, 316.91, 62
2026/09/21 06:32:54.337, 95, 23404, 24576, 320.14, 63
2026/09/21 06:32:55.337, 100, 23404, 24576, 317.61, 63
2026/09/21 06:32:56.337, 100, 23404, 24576, 317.13, 62
2026/09/21 06:32:57.338, 100, 23404, 24576, 319.30, 62
2026/09/21 06:32:58.338, 97, 23404, 24576, 324.09, 63
2026/09/21 06:32:59.339, 100, 23404, 24576, 326.76, 63
2026/09/21 06:33:00.339, 100, 23404, 24576, 328.31, 63
2026/09/21 06:33:01.339, 100, 23404, 24576, 327.43, 63
2026/09/21 06:33:02.339, 99, 23404, 24576, 320.47, 63
2026/09/21 06:33:03.340, 100, 23404, 24576, 320.31, 62
2026/09/21 06:33:04.340, 100, 23404, 24576, 318.29, 62
2026/09/21 06:33:05.340, 100, 23404, 24576, 318.14, 62
2026/09/21 06:33:06.341, 100, 23404, 24576, 319.49, 62
2026/09/21 06:33:07.341, 100, 23404, 24576, 320.50, 62
2026/09/21 06:33:08.341, 100, 23404, 24576, 326.58, 62
2026/09/21 06:33:09.342, 100, 23404, 24576, 326.69, 62
2026/09/21 06:33:10.342, 100, 23404, 24576, 325.70, 62
2026/09/21 06:33:11.342, 100, 23404, 24576, 324.20, 63
2026/09/21 06:33:12.343, 100, 23404, 24576, 327.28, 63
2026/09/21 06:33:13.343, 100, 23404, 24576, 327.73, 63
2026/09/21 06:33:14.343, 100, 23404, 24576, 328.83, 62
2026/09/21 06:33:15.344, 100, 23404, 24576, 323.22, 63
2026/09/21 06:33:16.344, 100, 23404, 24576, 319.22, 63
2026/09/21 06:33:17.344, 100, 23404, 24576, 322.22, 63
2026/09/21 06:33:18.345, 100, 23404, 24576, 322.72, 63
2026/09/21 06:33:19.345, 100, 23404, 24576, 319.18, 63
2026/09/21 06:33:20.345, 100, 23404, 24576, 319.54, 63
2026/09/21 06:33:21.346, 100, 23404, 24576, 319.74, 63
2026/09/21 06:33:22.346, 100, 23404, 24576, 322.45, 63
2026/09/21 06:33:23.346, 92, 23404, 24576, 318.19, 63
2026/09/21 06:33:24.347, 100, 23404, 24576, 316.82, 63
2026/09/21 06:33:25.347, 100, 23404, 24576, 323.47, 63
2026/09/21 06:33:26.347, 100, 23404, 24576, 324.60, 62
2026/09/21 06:33:27.347, 100, 23404, 24576, 327.70, 62
2026/09/21 06:33:28.348, 100, 23404, 24576, 324.51, 63
2026/09/21 06:33:29.348, 100, 23404, 24576, 327.49, 62
2026/09/21 06:33:30.348, 100, 23404, 24576, 327.02, 62
2026/09/21 06:33:31.349, 100, 23404, 24576, 321.62, 61
2026/09/21 06:33:32.349, 56, 23404, 24576, 285.34, 59
2026/09/21 06:33:33.349, 100, 23404, 24576, 316.55, 61
2026/09/21 06:33:34.350, 100, 23404, 24576, 321.12, 61
2026/09/21 06:33:35.350, 100, 23404, 24576, 320.95, 62
2026/09/21 06:33:36.351, 100, 23404, 24576, 319.88, 63
2026/09/21 06:33:37.352, 100, 23404, 24576, 317.36, 62
2026/09/21 06:33:38.352, 100, 23404, 24576, 319.81, 63
2026/09/21 06:33:39.352, 100, 23404, 24576, 324.24, 63
2026/09/21 06:33:40.352, 100, 23404, 24576, 328.76, 62
2026/09/21 06:33:41.353, 100, 23404, 24576, 328.17, 63
2026/09/21 06:33:42.353, 100, 23404, 24576, 325.11, 62
2026/09/21 06:33:43.353, 100, 23404, 24576, 322.71, 61
2026/09/21 06:33:44.354, 100, 23404, 24576, 320.49, 62
2026/09/21 06:33:45.354, 100, 23404, 24576, 315.19, 62
2026/09/21 06:33:46.354, 100, 23404, 24576, 319.13, 62
2026/09/21 06:33:47.355, 100, 23404, 24576, 321.34, 63
2026/09/21 06:33:48.355, 100, 23404, 24576, 325.09, 62
2026/09/21 06:33:49.355, 100, 23404, 24576, 323.31, 61
2026/09/21 06:33:50.356, 100, 23404, 24576, 325.13, 62
2026/09/21 06:33:51.356, 100, 23404, 24576, 321.71, 61
2026/09/21 06:33:52.356, 100, 23404, 24576, 320.98, 62
2026/09/21 06:33:53.357, 100, 23404, 24576, 322.20, 62
2026/09/21 06:33:54.357, 97, 23404, 24576, 325.34, 62
2026/09/21 06:33:55.358, 100, 23404, 24576, 325.01, 63
2026/09/21 06:33:56.358, 100, 23404, 24576, 322.13, 62
2026/09/21 06:33:57.358, 100, 23404, 24576, 320.77, 61
2026/09/21 06:33:58.358, 100, 23404, 24576, 321.56, 62
2026/09/21 06:33:59.359, 100, 23404, 24576, 325.27, 62
2026/09/21 06:34:00.359, 100, 23404, 24576, 324.88, 63
2026/09/21 06:34:01.360, 100, 23404, 24576, 322.01, 62
2026/09/21 06:34:02.361, 100, 23404, 24576, 319.90, 61
2026/09/21 06:34:03.361, 100, 23404, 24576, 320.21, 61
2026/09/21 06:34:04.362, 100, 23404, 24576, 324.30, 62
2026/09/21 06:34:05.362, 100, 23404, 24576, 321.10, 62
2026/09/21 06:34:06.362, 100, 23404, 24576, 320.66, 61
2026/09/21 06:34:07.363, 100, 23404, 24576, 321.56, 62
2026/09/21 06:34:08.363, 100, 23404, 24576, 325.68, 62
2026/09/21 06:34:09.364, 100, 23404, 24576, 322.90, 62
2026/09/21 06:34:10.364, 100, 23404, 24576, 322.78, 61
2026/09/21 06:34:11.364, 100, 23404, 24576, 323.21, 62
2026/09/21 06:34:12.364, 95, 23404, 24576, 327.76, 63
2026/09/21 06:34:13.365, 100, 23404, 24576, 321.31, 62
2026/09/21 06:34:14.365, 100, 23404, 24576, 321.88, 61
2026/09/21 06:34:15.366, 100, 23404, 24576, 325.10, 63
2026/09/21 06:34:16.366, 100, 23404, 24576, 321.90, 62
2026/09/21 06:34:17.366, 100, 23404, 24576, 319.97, 62
2026/09/21 06:34:18.366, 100, 23404, 24576, 323.09, 61
2026/09/21 06:34:19.367, 100, 23404, 24576, 320.94, 63
2026/09/21 06:34:20.367, 100, 23404, 24576, 323.48, 61
2026/09/21 06:34:21.368, 97, 23404, 24576, 315.48, 62
2026/09/21 06:34:22.368, 100, 23404, 24576, 326.24, 62
2026/09/21 06:34:23.368, 100, 23404, 24576, 321.89, 62
2026/09/21 06:34:24.369, 100, 23404, 24576, 323.46, 61
2026/09/21 06:34:25.369, 100, 23404, 24576, 322.56, 63
2026/09/21 06:34:26.370, 100, 23404, 24576, 320.69, 62
2026/09/21 06:34:27.370, 100, 23404, 24576, 323.82, 61
2026/09/21 06:34:28.370, 100, 23404, 24576, 321.70, 63
2026/09/21 06:34:29.371, 100, 23404, 24576, 322.84, 62
2026/09/21 06:34:30.371, 100, 23404, 24576, 322.18, 62
2026/09/21 06:34:31.371, 100, 23404, 24576, 322.36, 63
2026/09/21 06:34:32.371, 100, 23404, 24576, 324.12, 62
2026/09/21 06:34:33.372, 100, 23404, 24576, 324.07, 62
2026/09/21 06:34:34.372, 100, 23404, 24576, 323.56, 62
2026/09/21 06:34:35.372, 94, 23404, 24576, 320.16, 62
2026/09/21 06:34:36.373, 100, 23404, 24576, 326.86, 62
2026/09/21 06:34:37.373, 100, 23404, 24576, 321.02, 61
2026/09/21 06:34:38.374, 100, 23404, 24576, 324.64, 62
2026/09/21 06:34:39.374, 100, 23404, 24576, 321.21, 62
2026/09/21 06:34:40.374, 100, 23404, 24576, 319.34, 61
2026/09/21 06:34:41.375, 100, 23404, 24576, 321.60, 62
2026/09/21 06:34:42.375, 100, 23404, 24576, 322.11, 62
2026/09/21 06:34:43.375, 100, 23404, 24576, 322.77, 62
2026/09/21 06:34:44.375, 100, 23404, 24576, 321.61, 62
2026/09/21 06:34:45.376, 100, 23404, 24576, 318.68, 61
2026/09/21 06:34:46.376, 100, 23404, 24576, 320.76, 63
2026/09/21 06:34:47.376, 100, 23404, 24576, 322.40, 61
2026/09/21 06:34:48.377, 100, 23404, 24576, 319.98, 63
2026/09/21 06:34:49.377, 100, 23404, 24576, 322.79, 61
2026/09/21 06:34:50.377, 100, 23404, 24576, 319.27, 61
2026/09/21 06:34:51.378, 100, 23404, 24576, 320.98, 62
2026/09/21 06:34:52.378, 100, 23404, 24576, 325.27, 62
2026/09/21 06:34:53.378, 100, 23404, 24576, 319.71, 62
2026/09/21 06:34:54.379, 97, 23404, 24576, 320.33, 62
2026/09/21 06:34:55.379, 100, 23404, 24576, 324.10, 63
2026/09/21 06:34:56.379, 100, 23404, 24576, 322.77, 61
2026/09/21 06:34:57.379, 100, 23404, 24576, 320.23, 63
2026/09/21 06:34:58.380, 100, 23404, 24576, 322.28, 61
2026/09/21 06:34:59.380, 95, 23404, 24576, 318.89, 62
2026/09/21 06:35:00.380, 100, 23404, 24576, 320.44, 61
2026/09/21 06:35:01.381, 100, 23404, 24576, 320.69, 62
2026/09/21 06:35:02.381, 100, 23404, 24576, 322.29, 61
2026/09/21 06:35:03.381, 100, 23404, 24576, 319.97, 62
2026/09/21 06:35:04.382, 100, 23404, 24576, 319.11, 62
2026/09/21 06:35:05.382, 100, 23404, 24576, 324.84, 62
2026/09/21 06:35:06.382, 100, 23404, 24576, 321.38, 61
2026/09/21 06:35:07.383, 100, 23404, 24576, 320.17, 63
2026/09/21 06:35:08.383, 100, 23404, 24576, 323.46, 61
2026/09/21 06:35:09.383, 100, 23404, 24576, 322.38, 62
2026/09/21 06:35:10.384, 100, 23404, 24576, 323.37, 61
2026/09/21 06:35:11.384, 100, 23404, 24576, 319.08, 63
2026/09/21 06:35:12.384, 100, 23404, 24576, 323.92, 61
2026/09/21 06:35:13.385, 100, 23404, 24576, 318.20, 62
2026/09/21 06:35:14.385, 100, 23404, 24576, 319.77, 61
2026/09/21 06:35:15.385, 100, 23404, 24576, 317.10, 63
2026/09/21 06:35:16.386, 100, 23404, 24576, 325.91, 61
2026/09/21 06:35:17.386, 100, 23404, 24576, 321.08, 61
2026/09/21 06:35:18.386, 100, 23404, 24576, 322.92, 62
2026/09/21 06:35:19.386, 100, 23404, 24576, 319.85, 62
2026/09/21 06:35:20.387, 100, 23404, 24576, 326.04, 62
2026/09/21 06:35:21.387, 100, 23404, 24576, 322.80, 61
2026/09/21 06:35:22.387, 100, 23404, 24576, 316.17, 63
2026/09/21 06:35:23.390, 100, 23404, 24576, 326.24, 61
2026/09/21 06:35:24.390, 100, 23404, 24576, 318.59, 63
2026/09/21 06:35:25.391, 100, 23404, 24576, 327.96, 61
2026/09/21 06:35:26.391, 100, 23404, 24576, 321.44, 61
2026/09/21 06:35:27.392, 100, 23404, 24576, 318.53, 62
2026/09/21 06:35:28.392, 100, 23404, 24576, 324.12, 61
2026/09/21 06:35:29.392, 100, 23404, 24576, 318.21, 63
2026/09/21 06:35:30.393, 100, 23404, 24576, 327.05, 61
2026/09/21 06:35:31.393, 100, 23404, 24576, 319.73, 61
2026/09/21 06:35:32.393, 100, 23404, 24576, 317.93, 63
2026/09/21 06:35:33.394, 100, 23404, 24576, 323.86, 61
2026/09/21 06:35:34.394, 100, 23404, 24576, 319.92, 63
2026/09/21 06:35:35.394, 100, 23404, 24576, 328.51, 62
2026/09/21 06:35:36.395, 100, 23404, 24576, 321.59, 61
2026/09/21 06:35:37.395, 100, 23404, 24576, 314.82, 62
2026/09/21 06:35:38.395, 100, 23404, 24576, 328.14, 62
2026/09/21 06:35:39.396, 100, 23404, 24576, 323.27, 62
2026/09/21 06:35:40.396, 100, 23404, 24576, 328.37, 62
2026/09/21 06:35:41.397, 100, 23404, 24576, 323.41, 61
2026/09/21 06:35:42.397, 100, 23404, 24576, 318.08, 62
2026/09/21 06:35:43.397, 100, 23404, 24576, 326.15, 62
2026/09/21 06:35:44.398, 100, 23404, 24576, 283.49, 62
2026/09/21 06:35:45.398, 100, 23404, 24576, 326.47, 62
2026/09/21 06:35:46.398, 100, 23404, 24576, 324.61, 61
2026/09/21 06:35:47.399, 100, 23404, 24576, 317.85, 61
2026/09/21 06:35:48.399, 100, 23404, 24576, 318.09, 62
2026/09/21 06:35:49.400, 100, 23404, 24576, 322.50, 61
2026/09/21 06:35:50.400, 100, 23404, 24576, 317.78, 62
2026/09/21 06:35:51.400, 100, 23404, 24576, 323.40, 63
2026/09/21 06:35:52.400, 100, 23404, 24576, 326.12, 61
2026/09/21 06:35:53.401, 100, 23404, 24576, 319.85, 61
2026/09/21 06:35:54.401, 54, 23404, 24576, 307.78, 59
2026/09/21 06:35:55.401, 100, 23404, 24576, 271.16, 62
2026/09/21 06:35:56.402, 100, 23404, 24576, 313.82, 62
2026/09/21 06:35:57.402, 100, 23404, 24576, 316.50, 62
2026/09/21 06:35:58.402, 100, 23404, 24576, 295.83, 61
2026/09/21 06:35:59.403, 100, 23404, 24576, 312.48, 61
2026/09/21 06:36:00.403, 100, 23404, 24576, 311.97, 61
2026/09/21 06:36:01.403, 66, 23404, 24576, 306.57, 59
2026/09/21 06:36:02.404, 100, 23404, 24576, 327.40, 61
2026/09/21 06:36:03.404, 96, 23404, 24576, 343.73, 61
2026/09/21 06:36:04.404, 93, 23404, 24576, 307.99, 62
2026/09/21 06:36:05.405, 93, 23404, 24576, 313.70, 62
2026/09/21 06:36:06.405, 8, 23404, 24576, 264.75, 58
2026/09/21 06:36:07.406, 89, 23404, 24576, 281.26, 61
2026/09/21 06:36:08.407, 91, 23404, 24576, 323.50, 61
2026/09/21 06:36:09.407, 62, 23404, 24576, 304.23, 59
2026/09/21 06:36:10.472, 90, 23404, 24576, 311.77, 61
2026/09/21 06:36:11.473, 52, 23404, 24576, 305.00, 59
2026/09/21 06:36:12.473, 1, 23404, 24576, 223.69, 57
2026/09/21 06:36:13.473, 98, 23404, 24576, 295.15, 61
2026/09/21 06:36:14.474, 90, 23404, 24576, 301.52, 61
2026/09/21 06:36:15.474, 28, 23404, 24576, 285.92, 58
2026/09/21 06:36:16.475, 84, 23404, 24576, 282.94, 60
2026/09/21 06:36:17.477, 85, 23404, 24576, 290.10, 61
2026/09/21 06:36:18.477, 84, 23404, 24576, 315.61, 60
2026/09/21 06:36:19.478, 93, 23404, 24576, 313.02, 61
2026/09/21 06:36:20.478, 16, 23404, 24576, 306.49, 58
2026/09/21 06:36:21.478, 0, 23404, 24576, 165.58, 56
2026/09/21 06:36:22.478, 88, 23404, 24576, 174.34, 59
2026/09/21 06:36:23.479, 100, 23404, 24576, 337.76, 60
2026/09/21 06:36:24.479, 100, 23404, 24576, 336.69, 60
2026/09/21 06:36:25.480, 100, 23404, 24576, 336.84, 60
2026/09/21 06:36:26.480, 100, 23404, 24576, 335.95, 60
2026/09/21 06:36:27.481, 100, 23404, 24576, 336.13, 60
2026/09/21 06:36:28.481, 100, 23404, 24576, 336.08, 60
2026/09/21 06:36:29.481, 97, 23404, 24576, 335.81, 60
2026/09/21 06:36:30.482, 100, 23404, 24576, 337.49, 60
2026/09/21 06:36:31.482, 100, 23404, 24576, 335.53, 61
2026/09/21 06:36:32.482, 100, 23404, 24576, 336.59, 60
2026/09/21 06:36:33.482, 100, 23404, 24576, 336.80, 61
2026/09/21 06:36:34.483, 100, 23404, 24576, 335.06, 61
2026/09/21 06:36:35.483, 100, 23404, 24576, 336.14, 61
2026/09/21 06:36:36.483, 100, 23404, 24576, 335.97, 61
2026/09/21 06:36:37.484, 100, 23404, 24576, 335.73, 61
2026/09/21 06:36:38.484, 100, 23404, 24576, 336.02, 61
2026/09/21 06:36:39.484, 100, 23404, 24576, 335.56, 61
2026/09/21 06:36:40.485, 100, 23404, 24576, 335.93, 61
2026/09/21 06:36:41.485, 100, 23404, 24576, 334.39, 61
2026/09/21 06:36:42.485, 100, 23404, 24576, 335.58, 61
2026/09/21 06:36:43.486, 100, 23404, 24576, 332.74, 61
2026/09/21 06:36:44.486, 100, 23404, 24576, 334.07, 61
2026/09/21 06:36:45.486, 100, 23404, 24576, 331.78, 61
2026/09/21 06:36:46.487, 100, 23404, 24576, 332.17, 61
2026/09/21 06:36:47.487, 100, 23404, 24576, 334.91, 61
2026/09/21 06:36:48.487, 100, 23404, 24576, 334.46, 61
2026/09/21 06:36:49.488, 100, 23404, 24576, 331.46, 61
2026/09/21 06:36:50.488, 100, 23404, 24576, 334.04, 61
2026/09/21 06:36:51.488, 100, 23404, 24576, 331.05, 61
2026/09/21 06:36:52.489, 100, 23404, 24576, 333.94, 61
2026/09/21 06:36:53.489, 100, 23404, 24576, 332.48, 62
2026/09/21 06:36:54.490, 100, 23404, 24576, 333.67, 61
2026/09/21 06:36:55.490, 100, 23404, 24576, 332.40, 61
2026/09/21 06:36:56.490, 100, 23404, 24576, 331.47, 62
2026/09/21 06:36:57.491, 82, 23404, 24576, 326.92, 61
2026/09/21 06:36:58.491, 100, 23404, 24576, 328.92, 61
2026/09/21 06:36:59.491, 100, 23404, 24576, 331.15, 62
2026/09/21 06:37:00.491, 100, 23404, 24576, 335.21, 62
2026/09/21 06:37:01.492, 100, 23404, 24576, 332.38, 62
2026/09/21 06:37:02.492, 100, 23404, 24576, 329.95, 62
2026/09/21 06:37:03.493, 100, 23404, 24576, 333.17, 62
2026/09/21 06:37:04.493, 100, 23404, 24576, 329.44, 62
2026/09/21 06:37:05.493, 100, 23404, 24576, 328.95, 62
2026/09/21 06:37:06.494, 97, 23404, 24576, 328.22, 62
2026/09/21 06:37:07.494, 100, 23404, 24576, 327.38, 62
2026/09/21 06:37:08.495, 100, 23404, 24576, 331.63, 62
2026/09/21 06:37:09.495, 100, 23404, 24576, 329.76, 62
2026/09/21 06:37:10.496, 100, 23404, 24576, 332.21, 61
2026/09/21 06:37:11.496, 100, 23404, 24576, 327.21, 62
2026/09/21 06:37:12.497, 100, 23404, 24576, 329.20, 62
2026/09/21 06:37:13.497, 100, 23404, 24576, 333.79, 62
2026/09/21 06:37:14.497, 100, 23404, 24576, 329.58, 62
2026/09/21 06:37:15.498, 100, 23404, 24576, 329.23, 62
2026/09/21 06:37:16.498, 100, 23404, 24576, 329.46, 62
2026/09/21 06:37:17.498, 100, 23404, 24576, 324.65, 62
2026/09/21 06:37:18.499, 93, 23404, 24576, 326.05, 61
2026/09/21 06:37:19.499, 100, 23404, 24576, 328.62, 62
2026/09/21 06:37:20.500, 100, 23404, 24576, 330.65, 62
2026/09/21 06:37:21.500, 100, 23404, 24576, 330.44, 62
2026/09/21 06:37:22.501, 100, 23404, 24576, 329.61, 61
2026/09/21 06:37:23.501, 96, 23404, 24576, 328.18, 61
2026/09/21 06:37:24.501, 100, 23404, 24576, 328.59, 62
2026/09/21 06:37:25.502, 100, 23404, 24576, 330.50, 62
2026/09/21 06:37:26.502, 100, 23404, 24576, 331.51, 62
2026/09/21 06:37:27.502, 100, 23404, 24576, 327.78, 62
2026/09/21 06:37:28.503, 96, 23404, 24576, 324.59, 61
2026/09/21 06:37:29.503, 100, 23404, 24576, 328.65, 62
2026/09/21 06:37:30.504, 100, 23404, 24576, 326.63, 61
2026/09/21 06:37:31.504, 100, 23404, 24576, 281.09, 62
2026/09/21 06:37:32.504, 100, 23404, 24576, 328.63, 62
2026/09/21 06:37:33.505, 100, 23404, 24576, 329.97, 62
2026/09/21 06:37:34.505, 100, 23404, 24576, 329.93, 62
2026/09/21 06:37:35.506, 100, 23404, 24576, 330.00, 61
2026/09/21 06:37:36.506, 100, 23404, 24576, 325.30, 61
2026/09/21 06:37:37.506, 100, 23404, 24576, 325.68, 61
2026/09/21 06:37:38.507, 100, 23404, 24576, 327.52, 61
2026/09/21 06:37:39.507, 100, 23404, 24576, 327.17, 62
2026/09/21 06:37:40.507, 100, 23404, 24576, 328.81, 61
2026/09/21 06:37:41.508, 100, 23404, 24576, 329.12, 61
2026/09/21 06:37:42.508, 100, 23404, 24576, 326.34, 62
2026/09/21 06:37:43.509, 100, 23404, 24576, 329.32, 62
2026/09/21 06:37:44.509, 100, 23404, 24576, 327.52, 62
2026/09/21 06:37:45.509, 100, 23404, 24576, 324.84, 61
2026/09/21 06:37:46.510, 100, 23404, 24576, 324.35, 62
2026/09/21 06:37:47.510, 95, 23404, 24576, 325.57, 62
2026/09/21 06:37:48.510, 100, 23404, 24576, 329.37, 62
2026/09/21 06:37:49.511, 100, 23404, 24576, 332.04, 62
2026/09/21 06:37:50.511, 100, 23404, 24576, 325.03, 61
2026/09/21 06:37:51.511, 100, 23404, 24576, 323.45, 61
2026/09/21 06:37:52.512, 100, 23404, 24576, 328.74, 61
2026/09/21 06:37:53.512, 100, 23404, 24576, 321.91, 62
2026/09/21 06:37:54.513, 100, 23404, 24576, 321.95, 61
2026/09/21 06:37:55.513, 100, 23404, 24576, 323.61, 61
2026/09/21 06:37:56.513, 100, 23404, 24576, 321.19, 62
2026/09/21 06:37:57.514, 100, 23404, 24576, 322.86, 61
2026/09/21 06:37:58.514, 100, 23404, 24576, 325.43, 61
2026/09/21 06:37:59.514, 100, 23404, 24576, 322.88, 61
2026/09/21 06:38:00.515, 100, 23404, 24576, 325.63, 62
2026/09/21 06:38:01.515, 98, 23404, 24576, 325.95, 61
2026/09/21 06:38:02.515, 100, 23404, 24576, 325.02, 62
2026/09/21 06:38:03.516, 100, 23404, 24576, 328.62, 62
2026/09/21 06:38:04.516, 97, 23404, 24576, 322.77, 63
2026/09/21 06:38:05.516, 100, 23404, 24576, 324.82, 62
2026/09/21 06:38:06.517, 100, 23404, 24576, 325.24, 62
2026/09/21 06:38:07.517, 100, 23404, 24576, 325.01, 62
2026/09/21 06:38:08.517, 100, 23404, 24576, 328.30, 62
2026/09/21 06:38:09.518, 100, 23404, 24576, 324.28, 61
2026/09/21 06:38:10.519, 100, 23404, 24576, 320.00, 61
2026/09/21 06:38:11.519, 100, 23404, 24576, 326.08, 62
2026/09/21 06:38:12.519, 100, 23404, 24576, 327.37, 62
2026/09/21 06:38:13.519, 100, 23404, 24576, 320.87, 62
2026/09/21 06:38:14.520, 100, 23404, 24576, 325.73, 61
2026/09/21 06:38:15.520, 100, 23404, 24576, 325.20, 62
2026/09/21 06:38:16.520, 100, 23404, 24576, 321.94, 62
2026/09/21 06:38:17.521, 100, 23404, 24576, 324.51, 62
2026/09/21 06:38:18.521, 100, 23404, 24576, 324.11, 61
2026/09/21 06:38:19.522, 100, 23404, 24576, 318.85, 61
2026/09/21 06:38:20.522, 100, 23404, 24576, 324.97, 62
2026/09/21 06:38:21.523, 100, 23404, 24576, 325.76, 61
2026/09/21 06:38:22.523, 97, 23404, 24576, 325.78, 62
2026/09/21 06:38:23.524, 100, 23404, 24576, 323.89, 61
2026/09/21 06:38:24.524, 100, 23404, 24576, 324.67, 63
2026/09/21 06:38:25.524, 96, 23404, 24576, 318.98, 61
2026/09/21 06:38:26.525, 100, 23404, 24576, 325.20, 62
2026/09/21 06:38:27.525, 100, 23404, 24576, 326.05, 61
2026/09/21 06:38:28.525, 100, 23404, 24576, 321.78, 61
2026/09/21 06:38:29.526, 100, 23404, 24576, 319.34, 61
2026/09/21 06:38:30.526, 100, 23404, 24576, 324.34, 61
2026/09/21 06:38:31.526, 100, 23404, 24576, 319.44, 62
2026/09/21 06:38:32.527, 100, 23404, 24576, 317.05, 61
2026/09/21 06:38:33.527, 100, 23404, 24576, 319.89, 62
2026/09/21 06:38:34.527, 100, 23404, 24576, 320.81, 63
2026/09/21 06:38:35.528, 100, 23404, 24576, 319.36, 61
2026/09/21 06:38:36.528, 100, 23404, 24576, 318.15, 62
2026/09/21 06:38:37.528, 100, 23404, 24576, 319.65, 62
2026/09/21 06:38:38.529, 100, 23404, 24576, 317.67, 61
2026/09/21 06:38:39.529, 100, 23404, 24576, 324.70, 61
2026/09/21 06:38:40.529, 100, 23404, 24576, 321.32, 62
2026/09/21 06:38:41.529, 95, 23404, 24576, 319.78, 62
2026/09/21 06:38:42.530, 100, 23404, 24576, 326.43, 61
2026/09/21 06:38:43.530, 100, 23404, 24576, 324.52, 61
2026/09/21 06:38:44.531, 100, 23404, 24576, 323.44, 61
2026/09/21 06:38:45.531, 100, 23404, 24576, 321.21, 62
2026/09/21 06:38:46.531, 100, 23404, 24576, 325.62, 62
2026/09/21 06:38:47.531, 100, 23404, 24576, 327.72, 62
2026/09/21 06:38:48.532, 100, 23404, 24576, 323.52, 61
2026/09/21 06:38:49.532, 100, 23404, 24576, 322.31, 61
2026/09/21 06:38:50.533, 100, 23404, 24576, 321.10, 61
2026/09/21 06:38:51.533, 100, 23404, 24576, 316.49, 63
2026/09/21 06:38:52.533, 100, 23404, 24576, 320.97, 63
2026/09/21 06:38:53.533, 100, 23404, 24576, 320.18, 62
2026/09/21 06:38:54.534, 100, 23404, 24576, 317.13, 62
2026/09/21 06:38:55.534, 100, 23404, 24576, 320.77, 62
2026/09/21 06:38:56.535, 100, 23404, 24576, 328.34, 63
2026/09/21 06:38:57.535, 100, 23404, 24576, 325.47, 63
2026/09/21 06:38:58.536, 100, 23404, 24576, 322.87, 62
2026/09/21 06:38:59.537, 100, 23404, 24576, 326.96, 62
2026/09/21 06:39:00.538, 100, 23404, 24576, 325.71, 62
2026/09/21 06:39:01.538, 99, 23404, 24576, 321.92, 61
2026/09/21 06:39:02.538, 100, 23404, 24576, 327.02, 62
2026/09/21 06:39:03.539, 100, 23404, 24576, 325.68, 63
2026/09/21 06:39:04.539, 100, 23404, 24576, 321.91, 63
2026/09/21 06:39:05.539, 100, 23404, 24576, 321.83, 62
2026/09/21 06:39:06.540, 100, 23404, 24576, 326.28, 63
2026/09/21 06:39:07.540, 100, 23404, 24576, 319.95, 63
2026/09/21 06:39:08.541, 18, 23404, 24576, 276.70, 58
2026/09/21 06:39:09.541, 100, 23404, 24576, 299.99, 62
2026/09/21 06:39:10.542, 100, 23404, 24576, 325.95, 62
2026/09/21 06:39:11.542, 100, 23404, 24576, 320.92, 62
2026/09/21 06:39:12.543, 100, 23404, 24576, 317.45, 63
2026/09/21 06:39:13.543, 100, 23404, 24576, 319.17, 61
2026/09/21 06:39:14.543, 100, 23404, 24576, 317.83, 61
2026/09/21 06:39:15.544, 84, 23404, 24576, 317.63, 61
2026/09/21 06:39:16.544, 100, 23404, 24576, 321.52, 62
2026/09/21 06:39:17.544, 100, 23404, 24576, 323.41, 63
2026/09/21 06:39:18.545, 100, 23404, 24576, 318.03, 61
2026/09/21 06:39:19.545, 100, 23404, 24576, 315.50, 61
2026/09/21 06:39:20.545, 100, 23404, 24576, 320.22, 61
2026/09/21 06:39:21.546, 100, 23404, 24576, 324.45, 62
2026/09/21 06:39:22.546, 100, 23404, 24576, 322.49, 62
2026/09/21 06:39:23.546, 100, 23404, 24576, 314.87, 62
2026/09/21 06:39:24.547, 100, 23404, 24576, 321.19, 61
2026/09/21 06:39:25.547, 100, 23404, 24576, 324.66, 62
2026/09/21 06:39:26.547, 100, 23404, 24576, 320.58, 63
2026/09/21 06:39:27.548, 100, 23404, 24576, 320.76, 61
2026/09/21 06:39:28.548, 100, 23404, 24576, 322.88, 62
2026/09/21 06:39:29.548, 100, 23404, 24576, 322.72, 63
2026/09/21 06:39:30.549, 100, 23404, 24576, 318.89, 62
2026/09/21 06:39:31.549, 100, 23404, 24576, 321.38, 61
2026/09/21 06:39:32.550, 100, 23404, 24576, 321.13, 63
2026/09/21 06:39:33.550, 100, 23404, 24576, 317.10, 62
2026/09/21 06:39:34.550, 100, 23404, 24576, 320.69, 62
2026/09/21 06:39:35.553, 100, 23404, 24576, 319.67, 63
2026/09/21 06:39:36.553, 100, 23404, 24576, 319.76, 61
2026/09/21 06:39:37.554, 100, 23404, 24576, 318.84, 62
2026/09/21 06:39:38.554, 100, 23404, 24576, 321.18, 63
2026/09/21 06:39:39.554, 100, 23404, 24576, 322.71, 62
2026/09/21 06:39:40.555, 100, 23404, 24576, 323.14, 62
2026/09/21 06:39:41.555, 100, 23404, 24576, 316.43, 61
2026/09/21 06:39:42.555, 100, 23404, 24576, 319.33, 62
2026/09/21 06:39:43.556, 100, 23404, 24576, 322.50, 62
2026/09/21 06:39:44.556, 96, 23404, 24576, 316.98, 62
2026/09/21 06:39:45.556, 100, 23404, 24576, 321.45, 63
2026/09/21 06:39:46.557, 100, 23404, 24576, 323.42, 62
2026/09/21 06:39:47.557, 100, 23404, 24576, 320.21, 62
2026/09/21 06:39:48.557, 100, 23404, 24576, 317.23, 61
2026/09/21 06:39:49.558, 100, 23404, 24576, 319.85, 63
2026/09/21 06:39:50.558, 100, 23404, 24576, 323.51, 61
2026/09/21 06:39:51.558, 100, 23404, 24576, 319.09, 63
2026/09/21 06:39:52.559, 100, 23404, 24576, 316.19, 61
2026/09/21 06:39:53.559, 100, 23404, 24576, 320.02, 63
2026/09/21 06:39:54.559, 100, 23404, 24576, 323.97, 61
2026/09/21 06:39:55.560, 100, 23404, 24576, 322.68, 62
2026/09/21 06:39:56.560, 100, 23404, 24576, 320.13, 61
2026/09/21 06:39:57.560, 100, 23404, 24576, 325.26, 62
2026/09/21 06:39:58.561, 100, 23404, 24576, 323.38, 63
2026/09/21 06:39:59.561, 96, 23404, 24576, 318.58, 62
2026/09/21 06:40:00.561, 100, 23404, 24576, 317.53, 62
2026/09/21 06:40:01.562, 100, 23404, 24576, 316.82, 61
2026/09/21 06:40:02.562, 100, 23404, 24576, 324.65, 62
2026/09/21 06:40:03.563, 99, 23404, 24576, 319.70, 62
2026/09/21 06:40:04.563, 100, 23404, 24576, 323.03, 62
2026/09/21 06:40:05.566, 100, 23665, 24576, 323.50, 63
2026/09/21 06:40:06.568, 100, 23665, 24576, 317.32, 62
2026/09/21 06:40:07.570, 100, 23404, 24576, 317.91, 63
2026/09/21 06:40:08.570, 100, 23404, 24576, 321.02, 63
2026/09/21 06:40:09.571, 100, 23404, 24576, 317.10, 62
2026/09/21 06:40:10.571, 100, 23404, 24576, 324.15, 62
2026/09/21 06:40:11.571, 100, 23404, 24576, 318.31, 62
2026/09/21 06:40:12.572, 100, 23404, 24576, 322.87, 62
2026/09/21 06:40:13.572, 100, 23404, 24576, 326.78, 63
2026/09/21 06:40:14.572, 100, 23404, 24576, 321.95, 63
2026/09/21 06:40:15.573, 100, 23404, 24576, 317.80, 62
2026/09/21 06:40:16.573, 100, 23404, 24576, 325.27, 63
2026/09/21 06:40:17.574, 100, 23404, 24576, 322.76, 63
2026/09/21 06:40:18.574, 100, 23404, 24576, 317.90, 62
2026/09/21 06:40:19.574, 100, 23404, 24576, 319.19, 62
2026/09/21 06:40:20.575, 100, 23404, 24576, 324.74, 63
2026/09/21 06:40:21.575, 100, 23404, 24576, 319.34, 62
2026/09/21 06:40:22.575, 100, 23404, 24576, 316.96, 62
2026/09/21 06:40:23.576, 100, 23404, 24576, 322.79, 63
2026/09/21 06:40:24.576, 100, 23404, 24576, 323.75, 63
2026/09/21 06:40:25.576, 100, 23404, 24576, 315.63, 63
2026/09/21 06:40:26.577, 100, 23404, 24576, 318.06, 62
2026/09/21 06:40:27.577, 100, 23404, 24576, 323.51, 63
2026/09/21 06:40:28.578, 100, 23404, 24576, 326.88, 63
2026/09/21 06:40:29.578, 100, 23404, 24576, 321.03, 63
2026/09/21 06:40:30.578, 100, 23404, 24576, 315.45, 62
2026/09/21 06:40:31.579, 100, 23404, 24576, 320.00, 62
2026/09/21 06:40:32.579, 100, 23404, 24576, 326.75, 62
2026/09/21 06:40:33.579, 100, 23404, 24576, 327.06, 63
2026/09/21 06:40:34.580, 100, 23404, 24576, 323.95, 63
2026/09/21 06:40:35.580, 100, 23404, 24576, 315.17, 62
2026/09/21 06:40:36.580, 100, 23404, 24576, 318.64, 62
2026/09/21 06:40:37.581, 100, 23404, 24576, 320.72, 62
2026/09/21 06:40:38.581, 100, 23404, 24576, 323.42, 62
2026/09/21 06:40:39.581, 100, 23404, 24576, 321.83, 63
2026/09/21 06:40:40.582, 100, 23404, 24576, 322.08, 63
2026/09/21 06:40:41.582, 100, 23404, 24576, 318.65, 63
2026/09/21 06:40:42.582, 100, 23404, 24576, 319.50, 63
2026/09/21 06:40:43.583, 100, 23404, 24576, 316.43, 62
2026/09/21 06:40:44.583, 100, 23404, 24576, 320.05, 62
2026/09/21 06:40:45.583, 100, 23404, 24576, 319.72, 62
2026/09/21 06:40:46.584, 100, 23404, 24576, 320.78, 62
2026/09/21 06:40:47.584, 95, 23404, 24576, 322.42, 62
2026/09/21 06:40:48.585, 100, 23404, 24576, 323.36, 62
2026/09/21 06:40:49.585, 100, 23404, 24576, 327.99, 63
2026/09/21 06:40:50.585, 100, 23404, 24576, 327.46, 62
2026/09/21 06:40:51.586, 100, 23404, 24576, 327.33, 62
2026/09/21 06:40:52.586, 100, 23404, 24576, 322.07, 63
2026/09/21 06:40:53.586, 100, 23404, 24576, 319.76, 63
2026/09/21 06:40:54.587, 100, 23404, 24576, 319.17, 63
2026/09/21 06:40:55.587, 100, 23404, 24576, 320.27, 62
2026/09/21 06:40:56.588, 100, 23404, 24576, 316.04, 62
2026/09/21 06:40:57.588, 100, 23404, 24576, 315.79, 62
2026/09/21 06:40:58.589, 100, 23404, 24576, 318.65, 62
2026/09/21 06:40:59.589, 100, 23404, 24576, 318.61, 62
2026/09/21 06:41:00.589, 100, 23404, 24576, 315.83, 62
2026/09/21 06:41:01.590, 100, 23404, 24576, 318.64, 62
2026/09/21 06:41:02.590, 100, 23404, 24576, 317.95, 62
2026/09/21 06:41:03.591, 100, 23404, 24576, 319.92, 62
2026/09/21 06:41:04.591, 100, 23404, 24576, 317.56, 63
2026/09/21 06:41:05.591, 100, 23404, 24576, 321.69, 62
2026/09/21 06:41:06.592, 100, 23404, 24576, 317.70, 62
2026/09/21 06:41:07.592, 100, 23404, 24576, 322.11, 62
2026/09/21 06:41:08.592, 100, 23404, 24576, 324.70, 63
2026/09/21 06:41:09.593, 100, 23404, 24576, 322.39, 62
2026/09/21 06:41:10.593, 100, 23404, 24576, 323.94, 62
2026/09/21 06:41:11.593, 100, 23404, 24576, 328.58, 63
2026/09/21 06:41:12.594, 100, 23404, 24576, 324.70, 64
2026/09/21 06:41:13.594, 100, 23404, 24576, 290.29, 61
2026/09/21 06:41:14.594, 100, 23404, 24576, 330.82, 63
2026/09/21 06:41:15.595, 100, 23404, 24576, 326.94, 64
2026/09/21 06:41:16.595, 100, 23404, 24576, 320.87, 64
2026/09/21 06:41:17.595, 100, 23404, 24576, 321.43, 62
2026/09/21 06:41:18.596, 100, 23404, 24576, 316.50, 63
2026/09/21 06:41:19.596, 100, 23404, 24576, 321.93, 63
2026/09/21 06:41:20.597, 100, 23404, 24576, 319.74, 62
2026/09/21 06:41:21.597, 100, 23404, 24576, 320.55, 62
2026/09/21 06:41:22.598, 100, 23404, 24576, 317.85, 62
2026/09/21 06:41:23.598, 100, 23404, 24576, 322.97, 63
2026/09/21 06:41:24.599, 100, 23404, 24576, 325.49, 64
2026/09/21 06:41:25.599, 100, 23404, 24576, 323.92, 63
2026/09/21 06:41:26.600, 100, 23404, 24576, 319.35, 63
2026/09/21 06:41:27.600, 100, 23404, 24576, 321.13, 62
2026/09/21 06:41:28.601, 100, 23404, 24576, 319.82, 62
2026/09/21 06:41:29.601, 100, 23404, 24576, 322.68, 62
2026/09/21 06:41:30.601, 100, 23404, 24576, 326.35, 64
2026/09/21 06:41:31.602, 100, 23404, 24576, 326.92, 63
2026/09/21 06:41:32.602, 100, 23404, 24576, 323.27, 64
2026/09/21 06:41:33.602, 100, 23404, 24576, 323.24, 63
2026/09/21 06:41:34.603, 100, 23404, 24576, 320.35, 62
2026/09/21 06:41:35.603, 100, 23404, 24576, 319.34, 62
2026/09/21 06:41:36.604, 100, 23404, 24576, 323.74, 63
2026/09/21 06:41:37.604, 100, 23404, 24576, 323.54, 63
2026/09/21 06:41:38.604, 100, 23404, 24576, 322.19, 63
2026/09/21 06:41:39.605, 100, 23404, 24576, 320.77, 62
2026/09/21 06:41:40.605, 100, 23404, 24576, 317.87, 62
2026/09/21 06:41:41.605, 100, 23404, 24576, 323.57, 63
2026/09/21 06:41:42.606, 100, 23404, 24576, 321.34, 63
2026/09/21 06:41:43.606, 100, 23404, 24576, 322.29, 62
2026/09/21 06:41:44.607, 100, 23404, 24576, 317.01, 63
2026/09/21 06:41:45.607, 100, 23404, 24576, 323.64, 63
2026/09/21 06:41:46.608, 100, 23404, 24576, 325.59, 64
2026/09/21 06:41:47.608, 100, 23404, 24576, 323.07, 63
2026/09/21 06:41:48.608, 100, 23404, 24576, 321.05, 62
2026/09/21 06:41:49.609, 100, 23404, 24576, 320.18, 62
2026/09/21 06:41:50.609, 100, 23404, 24576, 322.24, 64
2026/09/21 06:41:51.610, 100, 23404, 24576, 323.06, 63
2026/09/21 06:41:52.610, 100, 23404, 24576, 323.20, 63
2026/09/21 06:41:53.611, 95, 23404, 24576, 325.73, 62
2026/09/21 06:41:54.611, 100, 23404, 24576, 320.73, 64
2026/09/21 06:41:55.612, 100, 23404, 24576, 322.66, 62
2026/09/21 06:41:56.612, 100, 23404, 24576, 322.88, 63
2026/09/21 06:41:57.613, 100, 23404, 24576, 322.47, 64
2026/09/21 06:41:58.613, 100, 23404, 24576, 321.35, 63
2026/09/21 06:41:59.613, 100, 23404, 24576, 320.25, 62
2026/09/21 06:42:00.614, 100, 23404, 24576, 322.72, 63
2026/09/21 06:42:01.614, 100, 23404, 24576, 322.08, 62
2026/09/21 06:42:02.615, 97, 23404, 24576, 317.85, 63
2026/09/21 06:42:03.615, 100, 23404, 24576, 327.05, 63
2026/09/21 06:42:04.617, 100, 23404, 24576, 322.70, 63
2026/09/21 06:42:05.617, 100, 23404, 24576, 322.47, 62
2026/09/21 06:42:06.618, 100, 23404, 24576, 321.82, 64
2026/09/21 06:42:07.619, 100, 23404, 24576, 322.19, 64
2026/09/21 06:42:08.619, 100, 23404, 24576, 324.39, 62
2026/09/21 06:42:09.619, 100, 23404, 24576, 323.66, 64
2026/09/21 06:42:10.619, 100, 23404, 24576, 323.79, 63
2026/09/21 06:42:11.620, 100, 23404, 24576, 323.17, 63
2026/09/21 06:42:12.620, 100, 23404, 24576, 324.50, 63
2026/09/21 06:42:13.620, 100, 23404, 24576, 322.36, 63
2026/09/21 06:42:14.621, 100, 23404, 24576, 323.49, 63
2026/09/21 06:42:15.621, 100, 23404, 24576, 322.92, 63
2026/09/21 06:42:16.622, 100, 23404, 24576, 320.08, 63
2026/09/21 06:42:17.622, 100, 23404, 24576, 325.18, 63
2026/09/21 06:42:18.623, 100, 23404, 24576, 321.92, 63
2026/09/21 06:42:19.623, 100, 23404, 24576, 326.30, 63
2026/09/21 06:42:20.623, 100, 23404, 24576, 321.91, 63
2026/09/21 06:42:21.624, 100, 23404, 24576, 320.92, 63
2026/09/21 06:42:22.624, 100, 23404, 24576, 321.45, 63
2026/09/21 06:42:23.625, 100, 23404, 24576, 324.03, 63
2026/09/21 06:42:24.625, 100, 23404, 24576, 323.74, 62
2026/09/21 06:42:25.626, 100, 23404, 24576, 323.27, 63
2026/09/21 06:42:26.626, 100, 23404, 24576, 318.19, 62
2026/09/21 06:42:27.626, 100, 23404, 24576, 321.29, 63
2026/09/21 06:42:28.627, 100, 23404, 24576, 321.16, 62
2026/09/21 06:42:29.627, 100, 23404, 24576, 320.35, 64
2026/09/21 06:42:30.627, 100, 23404, 24576, 322.62, 62
2026/09/21 06:42:31.628, 100, 23404, 24576, 320.07, 62
2026/09/21 06:42:32.628, 100, 23404, 24576, 321.09, 63
2026/09/21 06:42:33.628, 100, 23404, 24576, 325.74, 62
2026/09/21 06:42:34.629, 100, 23404, 24576, 320.77, 63
2026/09/21 06:42:35.629, 99, 23404, 24576, 319.68, 63
2026/09/21 06:42:36.629, 100, 23404, 24576, 323.92, 64
2026/09/21 06:42:37.630, 100, 23404, 24576, 322.95, 62
2026/09/21 06:42:38.630, 100, 23404, 24576, 319.57, 64
2026/09/21 06:42:39.631, 100, 23404, 24576, 323.39, 62
2026/09/21 06:42:40.631, 96, 23404, 24576, 323.24, 63
2026/09/21 06:42:41.631, 100, 23404, 24576, 321.60, 62
2026/09/21 06:42:42.632, 100, 23404, 24576, 321.84, 63
2026/09/21 06:42:43.632, 100, 23404, 24576, 322.66, 62
2026/09/21 06:42:44.632, 100, 23404, 24576, 320.76, 63
2026/09/21 06:42:45.632, 100, 23404, 24576, 320.89, 63
2026/09/21 06:42:46.633, 100, 23404, 24576, 325.22, 63
2026/09/21 06:42:47.633, 100, 23404, 24576, 322.92, 62
2026/09/21 06:42:48.634, 100, 23404, 24576, 320.06, 64
2026/09/21 06:42:49.634, 100, 23404, 24576, 324.05, 62
2026/09/21 06:42:50.634, 100, 23404, 24576, 320.49, 63
2026/09/21 06:42:51.635, 100, 23404, 24576, 322.73, 62
2026/09/21 06:42:52.635, 100, 23404, 24576, 319.09, 64
2026/09/21 06:42:53.635, 100, 23404, 24576, 323.78, 62
2026/09/21 06:42:54.635, 100, 23404, 24576, 318.67, 63
2026/09/21 06:42:55.636, 100, 23404, 24576, 318.67, 62
2026/09/21 06:42:56.636, 100, 23404, 24576, 317.68, 64
2026/09/21 06:42:57.636, 100, 23404, 24576, 326.07, 62
2026/09/21 06:42:58.637, 100, 23404, 24576, 321.03, 63
2026/09/21 06:42:59.638, 100, 23404, 24576, 322.52, 63
2026/09/21 06:43:00.639, 100, 23404, 24576, 320.66, 62
2026/09/21 06:43:01.639, 100, 23404, 24576, 324.46, 63
2026/09/21 06:43:02.639, 100, 23404, 24576, 322.81, 62
2026/09/21 06:43:03.640, 100, 23404, 24576, 317.02, 63
2026/09/21 06:43:04.640, 100, 23404, 24576, 327.99, 63
2026/09/21 06:43:05.640, 100, 23404, 24576, 322.63, 64
2026/09/21 06:43:06.641, 100, 23404, 24576, 327.28, 63
2026/09/21 06:43:07.641, 100, 23404, 24576, 321.14, 62
2026/09/21 06:43:08.641, 100, 23404, 24576, 314.17, 64
2026/09/21 06:43:09.642, 100, 23404, 24576, 325.53, 63
2026/09/21 06:43:10.642, 100, 23404, 24576, 318.77, 63
2026/09/21 06:43:11.642, 100, 23404, 24576, 325.20, 63
2026/09/21 06:43:12.643, 100, 23404, 24576, 323.30, 62
2026/09/21 06:43:13.643, 100, 23404, 24576, 318.11, 63
2026/09/21 06:43:14.643, 100, 23404, 24576, 328.98, 63
2026/09/21 06:43:15.644, 100, 23404, 24576, 320.12, 63
2026/09/21 06:43:16.644, 100, 23404, 24576, 325.03, 63
2026/09/21 06:43:17.644, 100, 23404, 24576, 317.34, 62
2026/09/21 06:43:18.645, 100, 23404, 24576, 326.40, 63
2026/09/21 06:43:19.645, 100, 23404, 24576, 325.73, 64
2026/09/21 06:43:20.645, 100, 23404, 24576, 317.46, 63
2026/09/21 06:43:21.646, 100, 23404, 24576, 327.84, 64
2026/09/21 06:43:22.646, 100, 23404, 24576, 323.56, 63
2026/09/21 06:43:23.646, 100, 23404, 24576, 316.05, 62
2026/09/21 06:43:24.647, 100, 23404, 24576, 327.67, 63
2026/09/21 06:43:25.647, 100, 23404, 24576, 285.60, 62
2026/09/21 06:43:26.647, 100, 23404, 24576, 326.05, 64
2026/09/21 06:43:27.648, 100, 23404, 24576, 322.66, 63
2026/09/21 06:43:28.648, 100, 23404, 24576, 316.88, 62
2026/09/21 06:43:29.648, 100, 23404, 24576, 325.24, 63
2026/09/21 06:43:30.649, 100, 23404, 24576, 322.20, 62
2026/09/21 06:43:31.649, 100, 23404, 24576, 318.13, 62
2026/09/21 06:43:32.649, 100, 23404, 24576, 327.59, 63
2026/09/21 06:43:33.650, 100, 23404, 24576, 324.80, 63
2026/09/21 06:43:34.650, 100, 23404, 24576, 317.31, 62
2026/09/21 06:43:35.650, 34, 23404, 24576, 305.21, 63
2026/09/21 06:43:36.650, 100, 23404, 24576, 286.02, 62
2026/09/21 06:43:37.651, 100, 23404, 24576, 320.08, 63
2026/09/21 06:43:38.651, 100, 23404, 24576, 318.71, 63
2026/09/21 06:43:39.652, 100, 23404, 24576, 304.24, 62
2026/09/21 06:43:40.652, 100, 23404, 24576, 320.35, 62
2026/09/21 06:43:41.652, 100, 23404, 24576, 320.39, 62
2026/09/21 06:43:42.653, 14, 23404, 24576, 294.81, 60
2026/09/21 06:43:43.653, 97, 23404, 24576, 330.73, 62
2026/09/21 06:43:44.653, 96, 23404, 24576, 343.09, 62
2026/09/21 06:43:45.654, 1, 23404, 24576, 302.70, 61
2026/09/21 06:43:46.654, 88, 23404, 24576, 301.27, 63
2026/09/21 06:43:47.654, 93, 23404, 24576, 319.15, 62
2026/09/21 06:43:48.655, 87, 23404, 24576, 317.36, 62
2026/09/21 06:43:49.655, 55, 23404, 24576, 306.66, 62
2026/09/21 06:43:50.655, 52, 23404, 24576, 310.86, 62
2026/09/21 06:43:51.655, 92, 23404, 24576, 311.20, 62
2026/09/21 06:43:52.656, 99, 23404, 24576, 290.09, 62
2026/09/21 06:43:53.656, 93, 23404, 24576, 310.69, 62
2026/09/21 06:43:54.673, 50, 23404, 24576, 314.82, 61
2026/09/21 06:43:55.673, 60, 23404, 24576, 314.86, 62
2026/09/21 06:43:56.674, 85, 23404, 24576, 317.73, 62
2026/09/21 06:43:57.674, 93, 23404, 24576, 316.04, 62
2026/09/21 06:43:58.674, 83, 23404, 24576, 315.92, 62
2026/09/21 06:43:59.674, 64, 23404, 24576, 300.64, 62
2026/09/21 06:44:00.675, 0, 23404, 24576, 181.11, 58
2026/09/21 06:44:01.675, 0, 23404, 24576, 146.09, 57
2026/09/21 06:44:02.676, 100, 23404, 24576, 245.69, 61
2026/09/21 06:44:03.676, 100, 23404, 24576, 334.98, 61
2026/09/21 06:44:04.676, 100, 23404, 24576, 335.77, 62
2026/09/21 06:44:05.676, 100, 23404, 24576, 334.60, 62
2026/09/21 06:44:06.677, 100, 23404, 24576, 337.24, 62
2026/09/21 06:44:07.677, 100, 23404, 24576, 337.43, 62
2026/09/21 06:44:08.677, 100, 23404, 24576, 336.97, 62
2026/09/21 06:44:09.678, 100, 23404, 24576, 334.94, 62
2026/09/21 06:44:10.678, 92, 23404, 24576, 335.21, 62
2026/09/21 06:44:11.678, 100, 23404, 24576, 335.93, 62
2026/09/21 06:44:12.679, 100, 23404, 24576, 334.50, 62
2026/09/21 06:44:13.679, 100, 23404, 24576, 336.84, 62
2026/09/21 06:44:14.679, 100, 23404, 24576, 336.15, 62
2026/09/21 06:44:15.680, 100, 23404, 24576, 336.74, 62
2026/09/21 06:44:16.680, 100, 23404, 24576, 336.09, 62
2026/09/21 06:44:17.680, 100, 23404, 24576, 335.20, 62
2026/09/21 06:44:18.681, 100, 23404, 24576, 336.43, 62
2026/09/21 06:44:19.681, 100, 23404, 24576, 336.22, 63
2026/09/21 06:44:20.682, 100, 23404, 24576, 333.94, 62
2026/09/21 06:44:21.682, 100, 23404, 24576, 334.06, 63
2026/09/21 06:44:22.682, 100, 23404, 24576, 330.57, 62
2026/09/21 06:44:23.683, 100, 23404, 24576, 336.19, 62
2026/09/21 06:44:24.683, 100, 23404, 24576, 334.72, 62
2026/09/21 06:44:25.683, 100, 23404, 24576, 334.35, 63
2026/09/21 06:44:26.684, 100, 23404, 24576, 331.15, 62
2026/09/21 06:44:27.684, 100, 23404, 24576, 335.81, 62
2026/09/21 06:44:28.684, 100, 23404, 24576, 334.46, 63
2026/09/21 06:44:29.685, 100, 23404, 24576, 331.33, 62
2026/09/21 06:44:30.685, 100, 23404, 24576, 331.71, 63
2026/09/21 06:44:31.685, 100, 23404, 24576, 331.20, 63
2026/09/21 06:44:32.686, 94, 23404, 24576, 332.08, 63
2026/09/21 06:44:33.686, 100, 23404, 24576, 332.93, 62
2026/09/21 06:44:34.686, 100, 23404, 24576, 334.22, 63
2026/09/21 06:44:35.687, 100, 23404, 24576, 333.32, 63
2026/09/21 06:44:36.687, 100, 23404, 24576, 329.40, 62
2026/09/21 06:44:37.687, 100, 23404, 24576, 330.26, 63
2026/09/21 06:44:38.688, 100, 23404, 24576, 333.24, 63
2026/09/21 06:44:39.688, 100, 23404, 24576, 330.17, 63
2026/09/21 06:44:40.689, 100, 23404, 24576, 332.76, 63
2026/09/21 06:44:41.689, 100, 23404, 24576, 332.79, 63
2026/09/21 06:44:42.689, 100, 23404, 24576, 334.00, 63
2026/09/21 06:44:43.690, 100, 23404, 24576, 334.71, 62
2026/09/21 06:44:44.690, 100, 23404, 24576, 332.22, 63
2026/09/21 06:44:45.690, 100, 23404, 24576, 332.40, 63
2026/09/21 06:44:46.691, 100, 23404, 24576, 332.30, 63
2026/09/21 06:44:47.691, 100, 23404, 24576, 331.07, 63
2026/09/21 06:44:48.692, 100, 23404, 24576, 324.93, 62
2026/09/21 06:44:49.692, 100, 23404, 24576, 328.02, 63
2026/09/21 06:44:50.692, 100, 23404, 24576, 328.62, 63
2026/09/21 06:44:51.692, 100, 23404, 24576, 326.39, 63
2026/09/21 06:44:52.693, 100, 23404, 24576, 329.08, 63
2026/09/21 06:44:53.693, 100, 23404, 24576, 326.80, 63
2026/09/21 06:44:54.693, 100, 23404, 24576, 332.10, 63
2026/09/21 06:44:55.694, 97, 23404, 24576, 327.18, 62
2026/09/21 06:44:56.694, 100, 23404, 24576, 330.03, 63
2026/09/21 06:44:57.694, 100, 23404, 24576, 330.18, 63
2026/09/21 06:44:58.695, 100, 23404, 24576, 329.88, 63
2026/09/21 06:44:59.695, 100, 23404, 24576, 330.53, 63
2026/09/21 06:45:00.695, 100, 23404, 24576, 327.22, 63
2026/09/21 06:45:01.696, 100, 23404, 24576, 325.45, 63
2026/09/21 06:45:02.696, 100, 23404, 24576, 330.67, 63
2026/09/21 06:45:03.696, 100, 23404, 24576, 328.36, 63
2026/09/21 06:45:04.697, 100, 23404, 24576, 328.82, 63
2026/09/21 06:45:05.697, 100, 23665, 24576, 324.93, 63
2026/09/21 06:45:06.698, 100, 23665, 24576, 330.33, 63
2026/09/21 06:45:07.698, 100, 23404, 24576, 326.27, 62
2026/09/21 06:45:08.699, 100, 23404, 24576, 324.99, 62
2026/09/21 06:45:09.699, 100, 23404, 24576, 330.41, 63
2026/09/21 06:45:10.699, 81, 23404, 24576, 320.09, 62
2026/09/21 06:45:11.700, 100, 23404, 24576, 290.61, 63
2026/09/21 06:45:12.700, 100, 23404, 24576, 328.38, 63
2026/09/21 06:45:13.701, 100, 23404, 24576, 323.20, 63
2026/09/21 06:45:14.701, 100, 23404, 24576, 326.63, 63
2026/09/21 06:45:15.701, 100, 23404, 24576, 329.24, 63
2026/09/21 06:45:16.702, 100, 23404, 24576, 331.85, 63
2026/09/21 06:45:17.702, 100, 23404, 24576, 331.54, 63
2026/09/21 06:45:18.703, 100, 23404, 24576, 332.15, 62
2026/09/21 06:45:19.703, 100, 23404, 24576, 326.88, 63
2026/09/21 06:45:20.703, 100, 23404, 24576, 329.28, 63
2026/09/21 06:45:21.704, 100, 23404, 24576, 326.58, 64
2026/09/21 06:45:22.704, 100, 23404, 24576, 325.77, 63
2026/09/21 06:45:23.705, 100, 23404, 24576, 326.51, 63
2026/09/21 06:45:24.705, 100, 23404, 24576, 323.73, 62
2026/09/21 06:45:25.705, 100, 23404, 24576, 324.89, 62
2026/09/21 06:45:26.705, 100, 23404, 24576, 323.06, 63
2026/09/21 06:45:27.706, 100, 23404, 24576, 324.18, 63
2026/09/21 06:45:28.706, 100, 23404, 24576, 328.01, 64
2026/09/21 06:45:29.706, 91, 23404, 24576, 323.54, 62
2026/09/21 06:45:30.707, 100, 23404, 24576, 325.94, 63
2026/09/21 06:45:31.707, 100, 23404, 24576, 330.83, 63
2026/09/21 06:45:32.707, 100, 23404, 24576, 324.40, 62
2026/09/21 06:45:33.708, 100, 23404, 24576, 324.77, 62
2026/09/21 06:45:34.708, 100, 23404, 24576, 327.75, 63
2026/09/21 06:45:35.708, 100, 23404, 24576, 325.48, 62
2026/09/21 06:45:36.709, 100, 23404, 24576, 327.80, 63
2026/09/21 06:45:37.709, 100, 23404, 24576, 329.36, 63
2026/09/21 06:45:38.710, 100, 23404, 24576, 326.77, 63
2026/09/21 06:45:39.710, 100, 23404, 24576, 328.59, 63
2026/09/21 06:45:40.710, 100, 23404, 24576, 323.01, 63
2026/09/21 06:45:41.710, 100, 23404, 24576, 324.04, 64
2026/09/21 06:45:42.711, 100, 23404, 24576, 321.87, 63
2026/09/21 06:45:43.711, 100, 23404, 24576, 326.26, 63
2026/09/21 06:45:44.711, 100, 23404, 24576, 323.83, 63
2026/09/21 06:45:45.712, 100, 23404, 24576, 327.17, 63
2026/09/21 06:45:46.713, 100, 23404, 24576, 322.02, 62
2026/09/21 06:45:47.713, 100, 23404, 24576, 319.25, 62
2026/09/21 06:45:48.713, 100, 23404, 24576, 323.73, 62
2026/09/21 06:45:49.713, 100, 23404, 24576, 328.43, 64
2026/09/21 06:45:50.714, 100, 23404, 24576, 321.51, 64
2026/09/21 06:45:51.714, 100, 23404, 24576, 325.43, 62
2026/09/21 06:45:52.714, 100, 23404, 24576, 324.19, 64
2026/09/21 06:45:53.715, 100, 23404, 24576, 323.40, 64
2026/09/21 06:45:54.715, 100, 23404, 24576, 323.17, 62
2026/09/21 06:45:55.715, 100, 23404, 24576, 327.14, 64
2026/09/21 06:45:56.716, 100, 23404, 24576, 319.01, 63
2026/09/21 06:45:57.716, 100, 23404, 24576, 324.70, 63
2026/09/21 06:45:58.716, 100, 23404, 24576, 325.52, 62
2026/09/21 06:45:59.717, 100, 23404, 24576, 320.25, 62
2026/09/21 06:46:00.717, 100, 23404, 24576, 323.75, 64
2026/09/21 06:46:01.718, 100, 23404, 24576, 324.64, 63
2026/09/21 06:46:02.718, 100, 23404, 24576, 326.97, 63
2026/09/21 06:46:03.718, 100, 23404, 24576, 325.70, 62
2026/09/21 06:46:04.718, 100, 23404, 24576, 320.11, 64
2026/09/21 06:46:05.719, 100, 23404, 24576, 319.96, 62
2026/09/21 06:46:06.719, 100, 23404, 24576, 323.52, 64
2026/09/21 06:46:07.720, 100, 23404, 24576, 326.08, 63
2026/09/21 06:46:08.720, 100, 23404, 24576, 326.86, 64
2026/09/21 06:46:09.720, 100, 23404, 24576, 326.49, 63
2026/09/21 06:46:10.720, 100, 23404, 24576, 327.81, 62
2026/09/21 06:46:11.721, 100, 23404, 24576, 325.34, 64
2026/09/21 06:46:12.721, 100, 23404, 24576, 326.33, 63
2026/09/21 06:46:13.721, 100, 23404, 24576, 324.01, 63
2026/09/21 06:46:14.722, 97, 23404, 24576, 322.59, 64
2026/09/21 06:46:15.722, 100, 23404, 24576, 325.06, 63
2026/09/21 06:46:16.723, 100, 23404, 24576, 323.21, 62
2026/09/21 06:46:17.723, 100, 23404, 24576, 319.20, 63
2026/09/21 06:46:18.723, 100, 23404, 24576, 320.24, 63
2026/09/21 06:46:19.724, 100, 23404, 24576, 326.57, 62
2026/09/21 06:46:20.724, 100, 23404, 24576, 325.92, 62
2026/09/21 06:46:21.724, 100, 23404, 24576, 324.00, 64
2026/09/21 06:46:22.725, 100, 23404, 24576, 325.81, 64
2026/09/21 06:46:23.725, 100, 23404, 24576, 326.82, 63
2026/09/21 06:46:24.725, 100, 23404, 24576, 323.07, 62
2026/09/21 06:46:25.726, 100, 23404, 24576, 320.69, 63
2026/09/21 06:46:26.726, 100, 23404, 24576, 319.08, 63
2026/09/21 06:46:27.726, 96, 23404, 24576, 320.67, 64
2026/09/21 06:46:28.726, 100, 23404, 24576, 328.47, 63
2026/09/21 06:46:29.727, 100, 23404, 24576, 328.66, 63
2026/09/21 06:46:30.727, 100, 23404, 24576, 324.82, 63
2026/09/21 06:46:31.727, 100, 23404, 24576, 321.21, 62
2026/09/21 06:46:32.728, 100, 23404, 24576, 322.10, 62
2026/09/21 06:46:33.728, 100, 23404, 24576, 322.01, 62
2026/09/21 06:46:34.728, 100, 23404, 24576, 318.49, 64
2026/09/21 06:46:35.728, 100, 23404, 24576, 318.61, 63
2026/09/21 06:46:36.729, 100, 23404, 24576, 327.38, 63
2026/09/21 06:46:37.729, 95, 23404, 24576, 319.63, 63
2026/09/21 06:46:38.729, 100, 23404, 24576, 325.76, 64
2026/09/21 06:46:39.729, 100, 23404, 24576, 327.40, 63
2026/09/21 06:46:40.730, 100, 23404, 24576, 326.68, 62
2026/09/21 06:46:41.730, 100, 23404, 24576, 325.52, 64
2026/09/21 06:46:42.730, 100, 23404, 24576, 324.53, 63
2026/09/21 06:46:43.731, 100, 23404, 24576, 327.86, 63
2026/09/21 06:46:44.731, 100, 23404, 24576, 325.38, 64
2026/09/21 06:46:45.732, 100, 23404, 24576, 327.39, 62
2026/09/21 06:46:46.732, 100, 23404, 24576, 325.42, 62
2026/09/21 06:46:47.732, 100, 23404, 24576, 321.43, 63
2026/09/21 06:46:48.733, 100, 23404, 24576, 283.17, 62
2026/09/21 06:46:49.733, 100, 23404, 24576, 319.62, 63
2026/09/21 06:46:50.733, 100, 23404, 24576, 321.58, 64
2026/09/21 06:46:51.734, 100, 23404, 24576, 319.11, 64
2026/09/21 06:46:52.734, 100, 23404, 24576, 321.07, 63
2026/09/21 06:46:53.734, 100, 23404, 24576, 326.22, 63
2026/09/21 06:46:54.734, 100, 23404, 24576, 321.64, 62
2026/09/21 06:46:55.735, 100, 23404, 24576, 318.50, 62
2026/09/21 06:46:56.735, 100, 23404, 24576, 319.17, 63
2026/09/21 06:46:57.736, 100, 23404, 24576, 321.76, 63
2026/09/21 06:46:58.736, 95, 23404, 24576, 325.65, 63
2026/09/21 06:46:59.737, 100, 23404, 24576, 324.90, 62
2026/09/21 06:47:00.737, 100, 23404, 24576, 319.91, 63
2026/09/21 06:47:01.738, 100, 23404, 24576, 321.17, 64
2026/09/21 06:47:02.738, 100, 23404, 24576, 322.83, 64
2026/09/21 06:47:03.739, 100, 23404, 24576, 323.05, 62
2026/09/21 06:47:04.739, 100, 23404, 24576, 321.02, 63
2026/09/21 06:47:05.740, 96, 23404, 24576, 317.88, 63
2026/09/21 06:47:06.740, 100, 23404, 24576, 325.66, 63
2026/09/21 06:47:07.740, 100, 23404, 24576, 322.80, 62
2026/09/21 06:47:08.741, 100, 23404, 24576, 322.59, 64
2026/09/21 06:47:09.741, 100, 23404, 24576, 322.87, 64
2026/09/21 06:47:10.742, 100, 23404, 24576, 322.92, 62
2026/09/21 06:47:11.742, 100, 23404, 24576, 322.58, 64
2026/09/21 06:47:12.742, 100, 23404, 24576, 322.16, 63
2026/09/21 06:47:13.742, 100, 23404, 24576, 322.41, 62
2026/09/21 06:47:14.743, 100, 23404, 24576, 322.80, 64
2026/09/21 06:47:15.743, 100, 23404, 24576, 322.87, 63
2026/09/21 06:47:16.744, 95, 23404, 24576, 321.07, 63
2026/09/21 06:47:17.744, 100, 23404, 24576, 322.77, 64
2026/09/21 06:47:18.745, 100, 23404, 24576, 320.19, 62
2026/09/21 06:47:19.745, 100, 23404, 24576, 323.12, 64
2026/09/21 06:47:20.746, 100, 23404, 24576, 321.62, 63
2026/09/21 06:47:21.746, 100, 23404, 24576, 322.69, 62
2026/09/21 06:47:22.746, 100, 23404, 24576, 321.53, 63
2026/09/21 06:47:23.747, 100, 23404, 24576, 322.61, 64
2026/09/21 06:47:24.747, 100, 23404, 24576, 316.49, 64
2026/09/21 06:47:25.747, 100, 23404, 24576, 320.73, 62
2026/09/21 06:47:26.748, 100, 23404, 24576, 325.42, 64
2026/09/21 06:47:27.748, 100, 23404, 24576, 319.06, 62
2026/09/21 06:47:28.749, 100, 23404, 24576, 314.90, 64
2026/09/21 06:47:29.749, 100, 23404, 24576, 319.49, 62
2026/09/21 06:47:30.749, 100, 23404, 24576, 323.97, 64
2026/09/21 06:47:31.750, 97, 23404, 24576, 324.26, 63
2026/09/21 06:47:32.750, 100, 23404, 24576, 322.75, 64
2026/09/21 06:47:33.751, 100, 23404, 24576, 317.88, 62
2026/09/21 06:47:34.751, 100, 23404, 24576, 325.24, 63
2026/09/21 06:47:35.751, 100, 23404, 24576, 322.92, 64
2026/09/21 06:47:36.752, 100, 23404, 24576, 324.12, 62
2026/09/21 06:47:37.752, 100, 23404, 24576, 321.92, 63
2026/09/21 06:47:38.753, 100, 23404, 24576, 321.75, 64
2026/09/21 06:47:39.753, 100, 23404, 24576, 319.23, 63
2026/09/21 06:47:40.754, 100, 23404, 24576, 322.05, 64
2026/09/21 06:47:41.754, 100, 23404, 24576, 325.49, 63
2026/09/21 06:47:42.754, 100, 23404, 24576, 321.45, 63
2026/09/21 06:47:43.755, 100, 23404, 24576, 318.78, 63
2026/09/21 06:47:44.755, 100, 23404, 24576, 323.06, 62
2026/09/21 06:47:45.755, 100, 23404, 24576, 318.02, 64
2026/09/21 06:47:46.756, 100, 23404, 24576, 325.93, 63
2026/09/21 06:47:47.756, 100, 23404, 24576, 317.52, 63
2026/09/21 06:47:48.756, 100, 23404, 24576, 323.13, 64
2026/09/21 06:47:49.757, 100, 23404, 24576, 326.07, 63
2026/09/21 06:47:50.757, 100, 23404, 24576, 323.18, 62
2026/09/21 06:47:51.757, 100, 23404, 24576, 321.38, 63
2026/09/21 06:47:52.758, 100, 23404, 24576, 325.45, 62
2026/09/21 06:47:53.758, 100, 23404, 24576, 320.51, 62
2026/09/21 06:47:54.759, 100, 23404, 24576, 317.05, 63
2026/09/21 06:47:55.856, 100, 23404, 24576, 321.55, 62
2026/09/21 06:47:56.856, 100, 23404, 24576, 319.60, 62
2026/09/21 06:47:57.857, 100, 23404, 24576, 316.55, 63
2026/09/21 06:47:58.857, 97, 23404, 24576, 318.79, 63
2026/09/21 06:47:59.858, 100, 23404, 24576, 322.39, 62
2026/09/21 06:48:00.858, 100, 23404, 24576, 318.15, 63
2026/09/21 06:48:01.858, 100, 23404, 24576, 318.48, 64
2026/09/21 06:48:02.859, 96, 23404, 24576, 321.37, 62
2026/09/21 06:48:03.859, 100, 23404, 24576, 318.98, 62
2026/09/21 06:48:04.860, 100, 23404, 24576, 319.09, 63
2026/09/21 06:48:05.861, 100, 23404, 24576, 317.21, 63
2026/09/21 06:48:06.861, 96, 23404, 24576, 321.22, 63
2026/09/21 06:48:07.862, 100, 23404, 24576, 322.74, 62
2026/09/21 06:48:08.862, 100, 23404, 24576, 317.42, 62
2026/09/21 06:48:09.862, 100, 23404, 24576, 319.45, 62
2026/09/21 06:48:10.863, 100, 23404, 24576, 316.34, 64
2026/09/21 06:48:11.863, 100, 23404, 24576, 323.54, 63
2026/09/21 06:48:12.863, 100, 23404, 24576, 327.41, 62
2026/09/21 06:48:13.864, 100, 23404, 24576, 322.67, 62
2026/09/21 06:48:14.864, 100, 23404, 24576, 321.23, 62
2026/09/21 06:48:15.864, 100, 23404, 24576, 316.84, 63
2026/09/21 06:48:16.866, 100, 23404, 24576, 324.61, 63
2026/09/21 06:48:17.866, 100, 23404, 24576, 324.49, 63
2026/09/21 06:48:18.866, 100, 23404, 24576, 327.98, 63
2026/09/21 06:48:19.867, 100, 23404, 24576, 322.73, 62
2026/09/21 06:48:20.867, 100, 23404, 24576, 317.19, 62
2026/09/21 06:48:21.867, 100, 23404, 24576, 319.02, 62
2026/09/21 06:48:22.868, 100, 23404, 24576, 317.25, 62
2026/09/21 06:48:23.868, 100, 23404, 24576, 316.80, 64
2026/09/21 06:48:24.869, 100, 23404, 24576, 327.03, 64
2026/09/21 06:48:25.869, 100, 23404, 24576, 326.39, 63
2026/09/21 06:48:26.869, 100, 23404, 24576, 327.71, 63
2026/09/21 06:48:27.870, 100, 23404, 24576, 322.89, 62
2026/09/21 06:48:28.870, 100, 23404, 24576, 319.80, 62
2026/09/21 06:48:29.870, 100, 23404, 24576, 322.50, 62
2026/09/21 06:48:30.871, 100, 23404, 24576, 323.13, 62
2026/09/21 06:48:31.871, 100, 23404, 24576, 317.07, 62
2026/09/21 06:48:32.871, 100, 23404, 24576, 318.02, 62
2026/09/21 06:48:33.872, 100, 23404, 24576, 317.56, 62
2026/09/21 06:48:34.872, 100, 23404, 24576, 318.19, 62
2026/09/21 06:48:35.873, 100, 23404, 24576, 316.43, 62
2026/09/21 06:48:36.873, 100, 23404, 24576, 319.67, 63
2026/09/21 06:48:37.873, 100, 23404, 24576, 319.78, 62
2026/09/21 06:48:38.874, 100, 23404, 24576, 318.55, 62
2026/09/21 06:48:39.874, 100, 23404, 24576, 317.31, 62
2026/09/21 06:48:40.874, 100, 23404, 24576, 316.76, 63
2026/09/21 06:48:41.875, 100, 23404, 24576, 320.73, 63
2026/09/21 06:48:42.875, 100, 23404, 24576, 318.72, 62
2026/09/21 06:48:43.875, 100, 23404, 24576, 317.32, 62
2026/09/21 06:48:44.875, 100, 23404, 24576, 317.76, 63
2026/09/21 06:48:45.876, 100, 23404, 24576, 322.19, 62
2026/09/21 06:48:46.876, 100, 23404, 24576, 318.27, 62
2026/09/21 06:48:47.877, 100, 23404, 24576, 318.58, 62
2026/09/21 06:48:48.877, 100, 23404, 24576, 316.33, 62
2026/09/21 06:48:49.877, 100, 23404, 24576, 320.33, 62
2026/09/21 06:48:50.878, 100, 23404, 24576, 317.70, 62
2026/09/21 06:48:51.878, 100, 23404, 24576, 320.93, 62
2026/09/21 06:48:52.878, 96, 23404, 24576, 319.33, 62
2026/09/21 06:48:53.879, 100, 23404, 24576, 286.80, 62
2026/09/21 06:48:54.879, 100, 23404, 24576, 321.80, 62
2026/09/21 06:48:55.879, 100, 23404, 24576, 327.49, 63
2026/09/21 06:48:56.880, 100, 23404, 24576, 326.80, 63
2026/09/21 06:48:57.880, 100, 23404, 24576, 324.35, 63
2026/09/21 06:48:58.881, 100, 23404, 24576, 326.09, 63
2026/09/21 06:48:59.881, 100, 23404, 24576, 324.59, 63
2026/09/21 06:49:00.883, 100, 23404, 24576, 322.24, 62
2026/09/21 06:49:01.884, 100, 23404, 24576, 318.16, 62
2026/09/21 06:49:02.884, 100, 23404, 24576, 322.15, 62
2026/09/21 06:49:03.884, 100, 23404, 24576, 318.24, 62
2026/09/21 06:49:04.885, 100, 23404, 24576, 322.97, 63
2026/09/21 06:49:05.885, 100, 23404, 24576, 328.21, 63
2026/09/21 06:49:06.886, 100, 23404, 24576, 325.13, 63
2026/09/21 06:49:07.886, 100, 23404, 24576, 324.32, 63
2026/09/21 06:49:08.886, 100, 23404, 24576, 321.89, 62
2026/09/21 06:49:09.886, 100, 23404, 24576, 319.43, 62
2026/09/21 06:49:10.887, 100, 23404, 24576, 314.83, 62
2026/09/21 06:49:11.887, 100, 23404, 24576, 320.58, 62
2026/09/21 06:49:12.887, 100, 23404, 24576, 323.79, 63
2026/09/21 06:49:13.888, 100, 23404, 24576, 323.79, 63
2026/09/21 06:49:14.888, 100, 23404, 24576, 320.38, 61
2026/09/21 06:49:15.889, 100, 23404, 24576, 316.63, 62
2026/09/21 06:49:16.889, 100, 23404, 24576, 319.83, 61
2026/09/21 06:49:17.889, 100, 23404, 24576, 323.17, 63
2026/09/21 06:49:18.890, 100, 23404, 24576, 324.58, 63
2026/09/21 06:49:19.890, 100, 23404, 24576, 321.57, 63
2026/09/21 06:49:20.890, 100, 23404, 24576, 323.14, 62
2026/09/21 06:49:21.890, 100, 23404, 24576, 321.07, 61
2026/09/21 06:49:22.891, 100, 23404, 24576, 323.09, 63
2026/09/21 06:49:23.891, 100, 23404, 24576, 322.45, 62
2026/09/21 06:49:24.891, 100, 23404, 24576, 318.71, 62
2026/09/21 06:49:25.892, 100, 23404, 24576, 321.36, 61
2026/09/21 06:49:26.892, 100, 23404, 24576, 322.04, 63
2026/09/21 06:49:27.892, 100, 23404, 24576, 321.85, 63
2026/09/21 06:49:28.893, 100, 23404, 24576, 319.18, 63
2026/09/21 06:49:29.893, 100, 23404, 24576, 321.44, 61
2026/09/21 06:49:30.894, 100, 23404, 24576, 321.94, 62
2026/09/21 06:49:31.894, 100, 23404, 24576, 321.64, 62
2026/09/21 06:49:32.894, 100, 23404, 24576, 322.21, 61
2026/09/21 06:49:33.894, 100, 23404, 24576, 315.90, 61
2026/09/21 06:49:34.895, 100, 23404, 24576, 321.27, 63
2026/09/21 06:49:35.895, 100, 23404, 24576, 322.60, 62
2026/09/21 06:49:36.895, 100, 23404, 24576, 321.67, 61
2026/09/21 06:49:37.896, 100, 23404, 24576, 321.58, 61
2026/09/21 06:49:38.896, 100, 23404, 24576, 322.60, 63
2026/09/21 06:49:39.896, 100, 23404, 24576, 322.46, 61
2026/09/21 06:49:40.897, 100, 23404, 24576, 322.20, 62
2026/09/21 06:49:41.897, 100, 23404, 24576, 321.65, 62
2026/09/21 06:49:42.898, 100, 23404, 24576, 318.86, 62
2026/09/21 06:49:43.898, 100, 23404, 24576, 323.04, 61
2026/09/21 06:49:44.898, 100, 23404, 24576, 323.23, 62
2026/09/21 06:49:45.899, 100, 23404, 24576, 322.59, 61
2026/09/21 06:49:46.899, 100, 23404, 24576, 319.27, 61
2026/09/21 06:49:47.899, 100, 23404, 24576, 316.75, 63
2026/09/21 06:49:48.900, 100, 23404, 24576, 321.19, 61
2026/09/21 06:49:49.900, 100, 23404, 24576, 321.30, 63
2026/09/21 06:49:50.900, 100, 23404, 24576, 322.02, 61
2026/09/21 06:49:51.901, 100, 23404, 24576, 315.61, 61
2026/09/21 06:49:52.901, 100, 23404, 24576, 320.10, 63
2026/09/21 06:49:53.901, 100, 23404, 24576, 319.68, 61
2026/09/21 06:49:54.902, 100, 23404, 24576, 321.36, 62
2026/09/21 06:49:55.903, 97, 23404, 24576, 322.95, 63
2026/09/21 06:49:56.903, 100, 23404, 24576, 320.93, 61
2026/09/21 06:49:57.904, 100, 23404, 24576, 321.05, 62
2026/09/21 06:49:58.904, 100, 23404, 24576, 322.96, 62
2026/09/21 06:49:59.904, 100, 23404, 24576, 323.66, 61
2026/09/21 06:50:00.905, 100, 23404, 24576, 326.35, 63
2026/09/21 06:50:01.905, 100, 23404, 24576, 322.96, 61
2026/09/21 06:50:02.907, 100, 23404, 24576, 320.86, 62
2026/09/21 06:50:03.909, 100, 23404, 24576, 322.80, 61
2026/09/21 06:50:04.910, 100, 23665, 24576, 323.97, 62
2026/09/21 06:50:05.915, 100, 23665, 24576, 323.23, 63
2026/09/21 06:50:06.915, 100, 23404, 24576, 319.12, 61
2026/09/21 06:50:07.915, 100, 23404, 24576, 325.62, 63
2026/09/21 06:50:08.916, 100, 23404, 24576, 321.82, 61
2026/09/21 06:50:09.916, 100, 23404, 24576, 321.17, 62
2026/09/21 06:50:10.916, 100, 23404, 24576, 322.43, 62
2026/09/21 06:50:11.917, 100, 23404, 24576, 322.38, 62
2026/09/21 06:50:12.917, 100, 23404, 24576, 321.84, 62
2026/09/21 06:50:13.918, 100, 23404, 24576, 323.15, 62
2026/09/21 06:50:14.918, 100, 23404, 24576, 317.87, 62
2026/09/21 06:50:15.918, 100, 23404, 24576, 321.52, 61
2026/09/21 06:50:16.919, 100, 23404, 24576, 326.70, 63
2026/09/21 06:50:17.919, 100, 23404, 24576, 321.80, 61
2026/09/21 06:50:18.920, 100, 23404, 24576, 326.07, 63
2026/09/21 06:50:19.920, 100, 23404, 24576, 321.29, 61
2026/09/21 06:50:20.920, 100, 23404, 24576, 324.88, 63
2026/09/21 06:50:21.921, 100, 23404, 24576, 317.52, 61
2026/09/21 06:50:22.921, 100, 23404, 24576, 325.14, 63
2026/09/21 06:50:23.921, 100, 23404, 24576, 317.51, 61
2026/09/21 06:50:24.922, 100, 23404, 24576, 318.77, 62
2026/09/21 06:50:25.922, 100, 23404, 24576, 316.70, 61
2026/09/21 06:50:26.922, 100, 23404, 24576, 325.18, 63
2026/09/21 06:50:27.923, 100, 23404, 24576, 319.92, 61
2026/09/21 06:50:28.923, 100, 23404, 24576, 324.69, 62
2026/09/21 06:50:29.924, 100, 23404, 24576, 319.49, 61
2026/09/21 06:50:30.924, 100, 23404, 24576, 325.69, 62
2026/09/21 06:50:31.924, 100, 23404, 24576, 319.47, 61
2026/09/21 06:50:32.924, 100, 23404, 24576, 325.30, 62
2026/09/21 06:50:33.925, 100, 23404, 24576, 323.71, 61
2026/09/21 06:50:34.925, 100, 23404, 24576, 320.95, 62
2026/09/21 06:50:35.925, 100, 23404, 24576, 322.06, 61
2026/09/21 06:50:36.926, 100, 23404, 24576, 320.79, 61
2026/09/21 06:50:37.926, 100, 23404, 24576, 323.45, 62
2026/09/21 06:50:38.926, 100, 23404, 24576, 315.08, 61
2026/09/21 06:50:39.927, 100, 23404, 24576, 321.11, 62
2026/09/21 06:50:40.927, 100, 23404, 24576, 317.50, 61
2026/09/21 06:50:41.928, 100, 23404, 24576, 326.01, 62
2026/09/21 06:50:42.928, 100, 23404, 24576, 321.59, 61
2026/09/21 06:50:43.928, 96, 23404, 24576, 318.51, 61
2026/09/21 06:50:44.928, 100, 23404, 24576, 316.14, 61
2026/09/21 06:50:45.929, 100, 23404, 24576, 318.70, 61
2026/09/21 06:50:46.929, 100, 23404, 24576, 324.82, 62
2026/09/21 06:50:47.929, 100, 23404, 24576, 318.14, 61
2026/09/21 06:50:48.930, 99, 23404, 24576, 322.34, 61
2026/09/21 06:50:49.930, 100, 23404, 24576, 320.09, 61
2026/09/21 06:50:50.930, 100, 23404, 24576, 321.35, 61
2026/09/21 06:50:51.931, 100, 23404, 24576, 322.72, 62
2026/09/21 06:50:52.931, 100, 23404, 24576, 317.39, 61
2026/09/21 06:50:53.932, 97, 23404, 24576, 322.38, 61
2026/09/21 06:50:54.932, 100, 23404, 24576, 321.86, 61
2026/09/21 06:50:55.932, 100, 23404, 24576, 323.00, 61
2026/09/21 06:50:56.933, 100, 23404, 24576, 326.62, 63
2026/09/21 06:50:57.933, 100, 23404, 24576, 317.30, 61
2026/09/21 06:50:58.933, 100, 23404, 24576, 318.93, 61
2026/09/21 06:50:59.934, 100, 23404, 24576, 320.35, 61
2026/09/21 06:51:00.934, 100, 23404, 24576, 317.90, 61
2026/09/21 06:51:01.935, 100, 23404, 24576, 327.32, 62
2026/09/21 06:51:02.935, 100, 23404, 24576, 322.26, 62
2026/09/21 06:51:03.935, 100, 23404, 24576, 316.25, 61
2026/09/21 06:51:04.936, 100, 23404, 24576, 277.54, 62
2026/09/21 06:51:05.936, 100, 23404, 24576, 318.49, 61
2026/09/21 06:51:06.936, 100, 23404, 24576, 326.08, 62
2026/09/21 06:51:07.937, 100, 23404, 24576, 326.13, 61
2026/09/21 06:51:08.937, 100, 23404, 24576, 318.57, 61
2026/09/21 06:51:09.937, 100, 23404, 24576, 322.82, 62
2026/09/21 06:51:10.938, 100, 23404, 24576, 324.15, 61
2026/09/21 06:51:11.938, 100, 23404, 24576, 319.20, 61
2026/09/21 06:51:12.938, 100, 23404, 24576, 326.31, 62
2026/09/21 06:51:13.939, 100, 23404, 24576, 326.95, 61
2026/09/21 06:51:14.939, 40, 23404, 24576, 275.95, 57
2026/09/21 06:51:15.940, 100, 23404, 24576, 296.17, 61
2026/09/21 06:51:16.940, 100, 23404, 24576, 313.75, 62
2026/09/21 06:51:17.940, 100, 23404, 24576, 314.81, 62
2026/09/21 06:51:18.940, 100, 23404, 24576, 292.22, 61
2026/09/21 06:51:19.941, 100, 23404, 24576, 319.44, 60
2026/09/21 06:51:20.941, 100, 23404, 24576, 319.89, 60
2026/09/21 06:51:21.942, 68, 23404, 24576, 300.80, 60
2026/09/21 06:51:22.942, 100, 23404, 24576, 342.59, 61
2026/09/21 06:51:23.942, 91, 23404, 24576, 344.09, 61
2026/09/21 06:51:24.943, 90, 23404, 24576, 316.30, 61
2026/09/21 06:51:25.943, 99, 23404, 24576, 310.05, 61
2026/09/21 06:51:26.943, 93, 23404, 24576, 300.48, 61
2026/09/21 06:51:27.943, 93, 23404, 24576, 282.86, 61
2026/09/21 06:51:28.944, 80, 23404, 24576, 269.11, 60
2026/09/21 06:51:29.944, 94, 23404, 24576, 275.01, 60
2026/09/21 06:51:30.945, 49, 23404, 24576, 238.03, 59
2026/09/21 06:51:31.945, 98, 23404, 24576, 303.05, 59
2026/09/21 06:51:32.945, 4, 23404, 24576, 295.96, 58
2026/09/21 06:51:33.945, 99, 23404, 24576, 301.70, 60
2026/09/21 06:51:34.946, 71, 23404, 24576, 311.31, 60
2026/09/21 06:51:35.946, 27, 23404, 24576, 304.17, 59
2026/09/21 06:51:36.946, 80, 23404, 24576, 304.89, 60
2026/09/21 06:51:37.972, 68, 23404, 24576, 311.70, 59
2026/09/21 06:51:38.973, 98, 23404, 24576, 310.45, 60
2026/09/21 06:51:39.973, 46, 23404, 24576, 321.16, 59
2026/09/21 06:51:40.973, 0, 23404, 24576, 218.70, 56
2026/09/21 06:51:41.974, 0, 23404, 24576, 172.76, 56
2026/09/21 06:51:42.974, 100, 23404, 24576, 202.89, 59
2026/09/21 06:51:43.974, 100, 23404, 24576, 337.66, 60
2026/09/21 06:51:44.974, 100, 23404, 24576, 337.80, 60
2026/09/21 06:51:45.975, 92, 23404, 24576, 336.98, 60
2026/09/21 06:51:46.975, 100, 23404, 24576, 336.46, 60
2026/09/21 06:51:47.975, 100, 23404, 24576, 336.70, 60
2026/09/21 06:51:48.976, 100, 23404, 24576, 336.85, 60
2026/09/21 06:51:49.976, 100, 23404, 24576, 336.44, 60
2026/09/21 06:51:50.976, 100, 23404, 24576, 335.58, 60
2026/09/21 06:51:51.977, 100, 23404, 24576, 337.25, 60
2026/09/21 06:51:52.977, 100, 23404, 24576, 336.04, 60
2026/09/21 06:51:53.977, 100, 23404, 24576, 336.71, 61
2026/09/21 06:51:54.978, 100, 23404, 24576, 335.31, 60
2026/09/21 06:51:55.978, 100, 23404, 24576, 336.16, 61
2026/09/21 06:51:56.978, 100, 23404, 24576, 334.51, 61
2026/09/21 06:51:57.979, 100, 23404, 24576, 333.25, 60
2026/09/21 06:51:58.979, 95, 23404, 24576, 332.02, 60
2026/09/21 06:51:59.979, 100, 23404, 24576, 333.82, 61
2026/09/21 06:52:00.980, 93, 23404, 24576, 332.47, 61
2026/09/21 06:52:01.980, 100, 23404, 24576, 333.63, 61
2026/09/21 06:52:02.981, 93, 23404, 24576, 330.65, 61
2026/09/21 06:52:03.981, 100, 23404, 24576, 332.81, 61
2026/09/21 06:52:04.981, 94, 23404, 24576, 330.12, 60
2026/09/21 06:52:05.981, 100, 23404, 24576, 330.96, 61
2026/09/21 06:52:06.982, 100, 23404, 24576, 332.68, 61
2026/09/21 06:52:07.982, 100, 23404, 24576, 334.17, 61
2026/09/21 06:52:08.982, 100, 23404, 24576, 332.98, 61
2026/09/21 06:52:09.983, 100, 23404, 24576, 331.82, 61
2026/09/21 06:52:10.983, 100, 23404, 24576, 335.63, 62
2026/09/21 06:52:11.983, 100, 23404, 24576, 331.80, 61
2026/09/21 06:52:12.984, 100, 23404, 24576, 334.94, 62
2026/09/21 06:52:13.984, 100, 23404, 24576, 331.39, 61
2026/09/21 06:52:14.984, 100, 23404, 24576, 333.89, 62
2026/09/21 06:52:15.985, 100, 23404, 24576, 331.65, 62
2026/09/21 06:52:16.985, 100, 23404, 24576, 329.47, 61
2026/09/21 06:52:17.985, 100, 23404, 24576, 329.08, 61
2026/09/21 06:52:18.986, 100, 23404, 24576, 332.74, 62
2026/09/21 06:52:19.986, 94, 23404, 24576, 329.04, 62
2026/09/21 06:52:20.986, 100, 23404, 24576, 333.34, 62
2026/09/21 06:52:21.987, 100, 23404, 24576, 331.27, 62
2026/09/21 06:52:22.987, 100, 23404, 24576, 330.62, 61
2026/09/21 06:52:23.987, 100, 23404, 24576, 332.67, 61
2026/09/21 06:52:24.988, 100, 23404, 24576, 331.45, 61
2026/09/21 06:52:25.988, 100, 23404, 24576, 333.75, 61
2026/09/21 06:52:26.988, 100, 23404, 24576, 332.33, 62
2026/09/21 06:52:27.989, 100, 23404, 24576, 333.97, 61
2026/09/21 06:52:28.989, 100, 23404, 24576, 334.74, 62
2026/09/21 06:52:29.989, 100, 23404, 24576, 330.32, 62
2026/09/21 06:52:30.991, 100, 23404, 24576, 329.71, 62
2026/09/21 06:52:31.991, 100, 23404, 24576, 329.27, 61
2026/09/21 06:52:32.991, 100, 23404, 24576, 334.32, 62
2026/09/21 06:52:33.992, 100, 23404, 24576, 327.31, 62
2026/09/21 06:52:34.992, 100, 23404, 24576, 330.85, 61
2026/09/21 06:52:35.992, 100, 23404, 24576, 330.97, 61
2026/09/21 06:52:36.992, 100, 23404, 24576, 326.02, 62
2026/09/21 06:52:37.993, 100, 23404, 24576, 328.91, 61
2026/09/21 06:52:38.993, 100, 23404, 24576, 327.61, 61
2026/09/21 06:52:39.993, 100, 23404, 24576, 330.33, 62
2026/09/21 06:52:40.994, 100, 23404, 24576, 333.19, 62
2026/09/21 06:52:41.994, 100, 23404, 24576, 325.94, 62
2026/09/21 06:52:42.994, 100, 23404, 24576, 325.73, 61
2026/09/21 06:52:43.995, 100, 23404, 24576, 326.13, 62
2026/09/21 06:52:44.995, 100, 23404, 24576, 329.97, 61
2026/09/21 06:52:45.995, 100, 23404, 24576, 331.02, 62
2026/09/21 06:52:46.995, 100, 23404, 24576, 325.64, 62
2026/09/21 06:52:47.996, 100, 23404, 24576, 329.32, 62
2026/09/21 06:52:48.996, 100, 23404, 24576, 329.71, 62
2026/09/21 06:52:49.996, 100, 23404, 24576, 328.69, 62
2026/09/21 06:52:50.997, 100, 23404, 24576, 328.15, 62
2026/09/21 06:52:51.997, 100, 23404, 24576, 288.65, 61
2026/09/21 06:52:52.998, 100, 23404, 24576, 325.22, 62
2026/09/21 06:52:53.998, 100, 23404, 24576, 328.37, 62
2026/09/21 06:52:54.998, 100, 23404, 24576, 324.86, 62
2026/09/21 06:52:55.999, 100, 23404, 24576, 326.14, 62
2026/09/21 06:52:56.999, 100, 23404, 24576, 326.56, 62
2026/09/21 06:52:57.999, 100, 23404, 24576, 326.31, 62
2026/09/21 06:52:59.000, 100, 23404, 24576, 330.54, 62
2026/09/21 06:53:00.000, 100, 23404, 24576, 327.22, 62
2026/09/21 06:53:01.000, 100, 23404, 24576, 328.61, 62
2026/09/21 06:53:02.001, 100, 23404, 24576, 328.88, 61
2026/09/21 06:53:03.001, 100, 23404, 24576, 327.14, 62
2026/09/21 06:53:04.001, 100, 23404, 24576, 326.09, 62
2026/09/21 06:53:05.001, 100, 23404, 24576, 322.65, 61
2026/09/21 06:53:06.002, 100, 23404, 24576, 329.30, 61
2026/09/21 06:53:07.002, 100, 23404, 24576, 324.36, 61
2026/09/21 06:53:08.002, 100, 23404, 24576, 325.98, 62
2026/09/21 06:53:09.003, 100, 23404, 24576, 327.63, 62
2026/09/21 06:53:10.003, 100, 23404, 24576, 327.02, 62
2026/09/21 06:53:11.003, 100, 23404, 24576, 326.45, 61
2026/09/21 06:53:12.004, 100, 23404, 24576, 329.29, 61
2026/09/21 06:53:13.004, 100, 23404, 24576, 331.72, 62
2026/09/21 06:53:14.004, 100, 23404, 24576, 325.41, 61
2026/09/21 06:53:15.005, 100, 23404, 24576, 322.63, 61
2026/09/21 06:53:16.005, 97, 23404, 24576, 324.66, 62
2026/09/21 06:53:17.005, 100, 23404, 24576, 325.75, 61
2026/09/21 06:53:18.006, 100, 23404, 24576, 326.65, 61
2026/09/21 06:53:19.006, 100, 23404, 24576, 322.07, 61
2026/09/21 06:53:20.007, 100, 23404, 24576, 325.94, 61
2026/09/21 06:53:21.007, 100, 23404, 24576, 328.42, 62
2026/09/21 06:53:22.007, 100, 23404, 24576, 327.98, 61
2026/09/21 06:53:23.007, 100, 23404, 24576, 327.47, 62
2026/09/21 06:53:24.008, 100, 23404, 24576, 323.08, 62
2026/09/21 06:53:25.008, 100, 23404, 24576, 324.01, 62
2026/09/21 06:53:26.008, 100, 23404, 24576, 322.63, 61
2026/09/21 06:53:27.009, 100, 23404, 24576, 324.67, 62
2026/09/21 06:53:28.009, 100, 23404, 24576, 323.81, 62
2026/09/21 06:53:29.010, 100, 23404, 24576, 323.88, 62
2026/09/21 06:53:30.010, 100, 23404, 24576, 323.60, 61
2026/09/21 06:53:31.010, 100, 23404, 24576, 321.41, 61
2026/09/21 06:53:32.011, 100, 23404, 24576, 327.08, 62
2026/09/21 06:53:33.011, 100, 23404, 24576, 327.79, 61
2026/09/21 06:53:34.012, 100, 23404, 24576, 325.13, 61
2026/09/21 06:53:35.012, 100, 23404, 24576, 322.43, 62
2026/09/21 06:53:36.012, 100, 23404, 24576, 327.96, 61
2026/09/21 06:53:37.012, 100, 23404, 24576, 320.92, 61
2026/09/21 06:53:38.013, 100, 23404, 24576, 324.86, 62
2026/09/21 06:53:39.013, 100, 23404, 24576, 323.73, 62
2026/09/21 06:53:40.013, 100, 23404, 24576, 317.10, 62
2026/09/21 06:53:41.014, 100, 23404, 24576, 322.47, 61
2026/09/21 06:53:42.014, 100, 23404, 24576, 324.64, 62
2026/09/21 06:53:43.015, 100, 23404, 24576, 325.47, 62
2026/09/21 06:53:44.015, 100, 23404, 24576, 323.21, 62
2026/09/21 06:53:45.015, 100, 23404, 24576, 321.20, 61
2026/09/21 06:53:46.015, 100, 23404, 24576, 315.40, 62
2026/09/21 06:53:47.016, 100, 23404, 24576, 321.95, 61
2026/09/21 06:53:48.016, 100, 23404, 24576, 323.86, 62
2026/09/21 06:53:49.016, 100, 23404, 24576, 324.68, 61
2026/09/21 06:53:50.017, 100, 23404, 24576, 326.18, 62
2026/09/21 06:53:51.017, 100, 23404, 24576, 326.64, 62
2026/09/21 06:53:52.018, 96, 23404, 24576, 322.27, 62
2026/09/21 06:53:53.018, 100, 23404, 24576, 324.28, 62
2026/09/21 06:53:54.019, 100, 23404, 24576, 321.14, 62
2026/09/21 06:53:55.019, 96, 23404, 24576, 320.31, 61
2026/09/21 06:53:56.020, 100, 23404, 24576, 319.49, 62
2026/09/21 06:53:57.020, 100, 23404, 24576, 320.27, 62
2026/09/21 06:53:58.020, 100, 23404, 24576, 321.41, 61
2026/09/21 06:53:59.021, 100, 23404, 24576, 320.47, 62
2026/09/21 06:54:00.021, 100, 23404, 24576, 323.30, 62
2026/09/21 06:54:01.021, 100, 23404, 24576, 319.27, 61
2026/09/21 06:54:02.022, 100, 23404, 24576, 319.75, 62
2026/09/21 06:54:03.022, 100, 23404, 24576, 326.83, 62
2026/09/21 06:54:04.023, 100, 23404, 24576, 323.18, 62
2026/09/21 06:54:05.023, 100, 23404, 24576, 320.90, 61
2026/09/21 06:54:06.023, 100, 23404, 24576, 324.37, 61
2026/09/21 06:54:07.024, 100, 23404, 24576, 325.49, 61
2026/09/21 06:54:08.024, 96, 23404, 24576, 322.45, 61
2026/09/21 06:54:09.024, 100, 23404, 24576, 323.06, 62
2026/09/21 06:54:10.025, 100, 23404, 24576, 322.18, 62
2026/09/21 06:54:11.025, 100, 23404, 24576, 321.78, 62
2026/09/21 06:54:12.026, 100, 23404, 24576, 320.62, 61
2026/09/21 06:54:13.026, 100, 23404, 24576, 324.69, 61
2026/09/21 06:54:14.026, 100, 23404, 24576, 322.37, 61
2026/09/21 06:54:15.027, 100, 23404, 24576, 322.96, 62
2026/09/21 06:54:16.027, 100, 23404, 24576, 327.38, 61
2026/09/21 06:54:17.027, 100, 23404, 24576, 325.88, 61
2026/09/21 06:54:18.028, 99, 23404, 24576, 322.57, 61
2026/09/21 06:54:19.028, 100, 23404, 24576, 323.12, 62
2026/09/21 06:54:20.029, 100, 23404, 24576, 327.35, 62
2026/09/21 06:54:21.029, 100, 23404, 24576, 326.59, 61
2026/09/21 06:54:22.029, 100, 23404, 24576, 326.35, 63
2026/09/21 06:54:23.030, 100, 23404, 24576, 325.44, 62
2026/09/21 06:54:24.030, 100, 23404, 24576, 325.88, 61
2026/09/21 06:54:25.030, 95, 23404, 24576, 324.55, 61
2026/09/21 06:54:26.031, 100, 23404, 24576, 325.52, 62
2026/09/21 06:54:27.031, 100, 23404, 24576, 327.23, 63
2026/09/21 06:54:28.031, 100, 23404, 24576, 322.11, 63
2026/09/21 06:54:29.032, 100, 23404, 24576, 290.28, 62
2026/09/21 06:54:30.032, 100, 23404, 24576, 320.92, 62
2026/09/21 06:54:31.032, 100, 23404, 24576, 318.45, 61
