2026/09/20 22:03:11.016, 0, 15766, 16380, 6.95, 38
2026/09/20 22:03:12.024, 100, 15766, 16380, 22.43, 48
2026/09/20 22:03:13.024, 100, 15766, 16380, 69.28, 51
2026/09/20 22:03:14.024, 100, 15766, 16380, 69.13, 52
2026/09/20 22:03:15.025, 100, 15766, 16380, 68.93, 53
2026/09/20 22:03:16.025, 100, 15766, 16380, 68.67, 53
2026/09/20 22:03:17.025, 100, 15766, 16380, 68.64, 53
2026/09/20 22:03:18.025, 100, 15766, 16380, 68.85, 55
2026/09/20 22:03:19.026, 100, 15766, 16380, 68.57, 55
2026/09/20 22:03:20.026, 100, 15766, 16380, 68.56, 56
2026/09/20 22:03:21.026, 100, 15766, 16380, 68.54, 55
2026/09/20 22:03:22.027, 100, 15766, 16380, 68.19, 56
2026/09/20 22:03:23.027, 100, 15766, 16380, 68.55, 56
2026/09/20 22:03:24.027, 100, 15766, 16380, 68.23, 57
2026/09/20 22:03:25.027, 100, 15766, 16380, 67.70, 57
2026/09/20 22:03:26.027, 100, 15766, 16380, 68.18, 57
2026/09/20 22:03:27.028, 100, 15766, 16380, 68.08, 58
2026/09/20 22:03:28.028, 100, 15766, 16380, 68.21, 58
2026/09/20 22:03:29.028, 100, 15766, 16380, 67.83, 58
2026/09/20 22:03:30.028, 100, 15766, 16380, 68.09, 59
2026/09/20 22:03:31.028, 100, 15766, 16380, 68.36, 59
2026/09/20 22:03:32.029, 100, 15766, 16380, 68.04, 59
2026/09/20 22:03:33.029, 100, 15766, 16380, 67.91, 59
2026/09/20 22:03:34.030, 100, 15766, 16380, 67.50, 60
2026/09/20 22:03:35.030, 100, 15766, 16380, 67.72, 60
2026/09/20 22:03:36.030, 100, 15766, 16380, 67.62, 59
2026/09/20 22:03:37.031, 100, 15766, 16380, 67.86, 60
2026/09/20 22:03:38.031, 99, 15766, 16380, 67.67, 62
2026/09/20 22:03:39.031, 100, 15766, 16380, 67.27, 61
2026/09/20 22:03:40.031, 100, 15766, 16380, 68.83, 60
2026/09/20 22:03:41.032, 100, 15766, 16380, 67.89, 62
2026/09/20 22:03:42.032, 100, 15766, 16380, 67.62, 62
2026/09/20 22:03:43.032, 100, 15766, 16380, 67.75, 62
2026/09/20 22:03:44.032, 100, 15766, 16380, 67.54, 61
2026/09/20 22:03:45.032, 100, 15766, 16380, 67.80, 62
2026/09/20 22:03:46.033, 100, 15766, 16380, 67.43, 62
2026/09/20 22:03:47.033, 100, 15766, 16380, 68.06, 63
2026/09/20 22:03:48.033, 100, 15766, 16380, 67.31, 63
2026/09/20 22:03:49.033, 100, 15766, 16380, 67.93, 62
2026/09/20 22:03:50.034, 100, 15766, 16380, 68.68, 64
2026/09/20 22:03:51.035, 100, 15766, 16380, 67.87, 64
2026/09/20 22:03:52.035, 100, 15766, 16380, 67.50, 63
2026/09/20 22:03:53.035, 100, 15766, 16380, 69.03, 63
2026/09/20 22:03:54.035, 100, 15766, 16380, 67.21, 65
2026/09/20 22:03:55.036, 100, 15766, 16380, 66.93, 65
2026/09/20 22:03:56.036, 100, 15766, 16380, 67.60, 65
2026/09/20 22:03:57.036, 100, 15766, 16380, 66.51, 65
2026/09/20 22:03:58.036, 100, 15766, 16380, 67.88, 66
2026/09/20 22:03:59.036, 100, 15766, 16380, 68.45, 65
2026/09/20 22:04:00.037, 100, 15766, 16380, 66.77, 65
2026/09/20 22:04:01.037, 100, 15766, 16380, 68.17, 66
2026/09/20 22:04:02.037, 100, 15766, 16380, 66.29, 66
2026/09/20 22:04:03.037, 100, 15766, 16380, 66.59, 66
2026/09/20 22:04:04.038, 100, 15766, 16380, 66.75, 67
2026/09/20 22:04:05.039, 100, 15766, 16380, 65.99, 66
2026/09/20 22:04:06.039, 100, 15766, 16380, 66.06, 67
2026/09/20 22:04:07.039, 100, 15766, 16380, 67.52, 65
2026/09/20 22:04:08.039, 100, 15766, 16380, 67.74, 66
2026/09/20 22:04:09.039, 100, 15766, 16380, 66.81, 67
2026/09/20 22:04:10.040, 100, 15766, 16380, 66.45, 67
2026/09/20 22:04:11.041, 100, 15766, 16380, 66.69, 65
2026/09/20 22:04:12.041, 100, 15766, 16380, 66.82, 67
2026/09/20 22:04:13.041, 100, 15766, 16380, 66.38, 67
2026/09/20 22:04:14.041, 100, 15766, 16380, 67.22, 66
2026/09/20 22:04:15.042, 100, 15766, 16380, 67.06, 67
2026/09/20 22:04:16.042, 100, 15766, 16380, 66.62, 69
2026/09/20 22:04:17.042, 100, 15766, 16380, 67.13, 66
2026/09/20 22:04:18.042, 100, 15766, 16380, 66.96, 69
2026/09/20 22:04:19.043, 100, 15766, 16380, 67.36, 66
2026/09/20 22:04:20.044, 100, 15766, 16380, 66.94, 67
2026/09/20 22:04:21.044, 100, 15766, 16380, 66.18, 67
2026/09/20 22:04:22.044, 100, 15766, 16380, 67.71, 68
2026/09/20 22:04:23.044, 100, 15766, 16380, 66.75, 67
2026/09/20 22:04:24.044, 100, 15766, 16380, 66.16, 68
2026/09/20 22:04:25.045, 100, 15766, 16380, 66.91, 68
2026/09/20 22:04:26.045, 100, 15766, 16380, 66.62, 68
2026/09/20 22:04:27.045, 100, 15766, 16380, 64.04, 70
2026/09/20 22:04:28.045, 100, 15766, 16380, 66.72, 68
2026/09/20 22:04:29.046, 100, 15766, 16380, 66.35, 68
2026/09/20 22:04:30.047, 100, 15766, 16380, 66.77, 67
2026/09/20 22:04:31.047, 100, 15766, 16380, 65.23, 67
2026/09/20 22:04:32.047, 96, 15766, 16380, 67.56, 68
2026/09/20 22:04:33.048, 97, 15766, 16380, 66.28, 69
2026/09/20 22:04:34.048, 97, 15766, 16380, 69.10, 68
2026/09/20 22:04:35.048, 97, 15766, 16380, 68.65, 69
2026/09/20 22:04:36.048, 98, 15766, 16380, 69.04, 68
2026/09/20 22:04:37.048, 100, 15766, 16380, 68.93, 68
2026/09/20 22:04:38.049, 99, 15766, 16380, 68.93, 68
2026/09/20 22:04:39.049, 98, 15766, 16380, 66.40, 69
2026/09/20 22:04:40.050, 99, 15766, 16380, 69.22, 68
2026/09/20 22:04:41.050, 98, 15766, 16380, 69.14, 69
2026/09/20 22:04:42.050, 97, 15766, 16380, 68.79, 69
2026/09/20 22:04:43.050, 97, 15766, 16380, 69.18, 69
2026/09/20 22:04:44.051, 97, 15766, 16380, 69.02, 69
2026/09/20 22:04:45.051, 0, 15766, 16380, 57.71, 62
2026/09/20 22:04:46.051, 0, 15766, 16380, 29.41, 61
2026/09/20 22:04:47.051, 100, 15766, 16380, 53.68, 68
2026/09/20 22:04:48.051, 100, 15766, 16380, 69.19, 68
2026/09/20 22:04:49.052, 100, 15766, 16380, 69.10, 68
2026/09/20 22:04:50.052, 100, 15766, 16380, 69.09, 69
2026/09/20 22:04:51.052, 100, 15766, 16380, 69.05, 69
2026/09/20 22:04:52.053, 100, 15766, 16380, 69.09, 69
2026/09/20 22:04:53.054, 100, 15766, 16380, 69.07, 69
2026/09/20 22:04:54.054, 100, 15766, 16380, 68.83, 69
2026/09/20 22:04:55.054, 100, 15766, 16380, 68.61, 70
2026/09/20 22:04:56.055, 100, 15766, 16380, 68.38, 69
2026/09/20 22:04:57.055, 100, 15766, 16380, 68.40, 70
2026/09/20 22:04:58.055, 100, 15766, 16380, 68.50, 70
2026/09/20 22:04:59.055, 100, 15766, 16380, 68.54, 69
2026/09/20 22:05:00.056, 100, 15766, 16380, 69.25, 70
2026/09/20 22:05:01.056, 100, 15766, 16380, 68.65, 69
2026/09/20 22:05:02.056, 100, 15766, 16380, 68.58, 70
2026/09/20 22:05:03.056, 100, 15766, 16380, 67.94, 70
2026/09/20 22:05:04.056, 100, 15766, 16380, 67.69, 70
2026/09/20 22:05:05.057, 100, 15766, 16380, 67.85, 70
2026/09/20 22:05:06.057, 100, 15766, 16380, 67.96, 70
2026/09/20 22:05:07.058, 100, 15766, 16380, 67.72, 69
2026/09/20 22:05:08.058, 100, 15766, 16380, 68.35, 70
2026/09/20 22:05:09.058, 100, 15766, 16380, 67.77, 70
2026/09/20 22:05:10.058, 100, 15766, 16380, 68.06, 70
2026/09/20 22:05:11.058, 100, 15766, 16380, 67.89, 71
2026/09/20 22:05:12.059, 100, 15766, 16380, 67.56, 70
2026/09/20 22:05:13.059, 100, 15766, 16380, 67.93, 70
2026/09/20 22:05:14.059, 100, 15766, 16380, 67.76, 71
2026/09/20 22:05:15.059, 100, 15766, 16380, 67.78, 70
2026/09/20 22:05:16.060, 100, 15766, 16380, 67.81, 71
2026/09/20 22:05:17.060, 100, 15766, 16380, 67.79, 70
2026/09/20 22:05:18.060, 100, 15766, 16380, 68.03, 71
2026/09/20 22:05:19.060, 100, 15766, 16380, 68.12, 71
2026/09/20 22:05:20.061, 100, 15766, 16380, 67.79, 70
2026/09/20 22:05:21.061, 100, 15766, 16380, 67.15, 69
2026/09/20 22:05:22.062, 100, 15766, 16380, 67.51, 72
2026/09/20 22:05:23.062, 100, 15766, 16380, 67.37, 70
2026/09/20 22:05:24.062, 100, 15766, 16380, 66.81, 70
2026/09/20 22:05:25.063, 100, 15766, 16380, 67.08, 69
2026/09/20 22:05:26.063, 100, 15766, 16380, 66.58, 71
2026/09/20 22:05:27.063, 100, 15766, 16380, 68.17, 72
2026/09/20 22:05:28.063, 100, 15766, 16380, 68.08, 71
2026/09/20 22:05:29.063, 100, 15766, 16380, 67.97, 72
2026/09/20 22:05:30.064, 100, 15766, 16380, 67.57, 71
2026/09/20 22:05:31.064, 100, 15766, 16380, 66.84, 71
2026/09/20 22:05:32.064, 100, 15766, 16380, 67.27, 71
2026/09/20 22:05:33.064, 100, 15766, 16380, 67.91, 71
2026/09/20 22:05:34.065, 100, 15766, 16380, 67.32, 72
2026/09/20 22:05:35.065, 100, 15766, 16380, 68.00, 72
2026/09/20 22:05:36.065, 100, 15766, 16380, 67.87, 71
2026/09/20 22:05:37.065, 100, 15766, 16380, 67.70, 70
2026/09/20 22:05:38.066, 100, 15766, 16380, 67.36, 70
2026/09/20 22:05:39.066, 100, 15766, 16380, 67.37, 70
2026/09/20 22:05:40.066, 100, 15766, 16380, 66.38, 72
2026/09/20 22:05:41.066, 100, 15766, 16380, 67.08, 71
2026/09/20 22:05:42.067, 100, 15766, 16380, 67.50, 72
2026/09/20 22:05:43.067, 100, 15766, 16380, 66.85, 70
2026/09/20 22:05:44.067, 100, 15766, 16380, 66.19, 71
2026/09/20 22:05:45.067, 100, 15766, 16380, 66.92, 71
2026/09/20 22:05:46.091, 100, 15766, 16380, 67.00, 70
2026/09/20 22:05:47.091, 100, 15766, 16380, 65.92, 71
2026/09/20 22:05:48.091, 100, 15766, 16380, 66.90, 71
2026/09/20 22:05:49.092, 100, 15766, 16380, 67.21, 71
2026/09/20 22:05:50.092, 100, 15766, 16380, 66.55, 71
2026/09/20 22:05:51.092, 100, 15766, 16380, 66.83, 70
2026/09/20 22:05:52.092, 100, 15766, 16380, 66.34, 71
2026/09/20 22:05:53.092, 100, 15766, 16380, 66.96, 72
2026/09/20 22:05:54.093, 100, 15766, 16380, 67.49, 71
2026/09/20 22:05:55.093, 100, 15766, 16380, 66.80, 70
2026/09/20 22:05:56.093, 100, 15766, 16380, 66.23, 71
2026/09/20 22:05:57.094, 100, 15766, 16380, 66.28, 71
2026/09/20 22:05:58.094, 100, 15766, 16380, 66.64, 72
2026/09/20 22:05:59.095, 100, 15766, 16380, 66.82, 70
2026/09/20 22:06:00.095, 100, 15766, 16380, 66.48, 70
2026/09/20 22:06:01.095, 100, 15766, 16380, 66.91, 72
2026/09/20 22:06:02.095, 100, 15766, 16380, 67.04, 70
2026/09/20 22:06:03.095, 100, 15766, 16380, 66.48, 71
2026/09/20 22:06:04.096, 100, 15766, 16380, 66.90, 72
2026/09/20 22:06:05.096, 100, 15766, 16380, 66.66, 70
2026/09/20 22:06:06.096, 100, 15766, 16380, 66.58, 70
2026/09/20 22:06:07.096, 100, 15766, 16380, 67.27, 72
2026/09/20 22:06:08.096, 100, 15766, 16380, 66.27, 71
2026/09/20 22:06:09.097, 100, 15766, 16380, 64.71, 71
2026/09/20 22:06:10.097, 100, 15766, 16380, 66.57, 70
2026/09/20 22:06:11.097, 100, 15766, 16380, 66.67, 73
2026/09/20 22:06:12.097, 100, 15766, 16380, 67.38, 73
2026/09/20 22:06:13.098, 100, 15766, 16380, 66.91, 72
2026/09/20 22:06:14.098, 100, 15766, 16380, 65.79, 71
2026/09/20 22:06:15.098, 100, 15766, 16380, 65.40, 71
2026/09/20 22:06:16.098, 100, 15766, 16380, 65.86, 70
2026/09/20 22:06:17.098, 100, 15766, 16380, 66.59, 71
2026/09/20 22:06:18.099, 100, 15766, 16380, 66.65, 70
2026/09/20 22:06:19.099, 100, 15766, 16380, 66.25, 71
2026/09/20 22:06:20.100, 100, 15766, 16380, 67.23, 72
2026/09/20 22:06:21.100, 100, 15766, 16380, 67.14, 71
2026/09/20 22:06:22.100, 100, 15766, 16380, 66.93, 73
2026/09/20 22:06:23.100, 100, 15766, 16380, 67.93, 72
2026/09/20 22:06:24.100, 100, 15766, 16380, 66.52, 72
2026/09/20 22:06:25.101, 100, 15766, 16380, 66.36, 73
2026/09/20 22:06:26.101, 100, 15766, 16380, 67.39, 73
2026/09/20 22:06:27.101, 100, 15766, 16380, 67.38, 72
2026/09/20 22:06:28.101, 100, 15766, 16380, 67.20, 71
2026/09/20 22:06:29.101, 100, 15766, 16380, 66.60, 71
2026/09/20 22:06:30.102, 100, 15766, 16380, 66.63, 70
2026/09/20 22:06:31.102, 100, 15766, 16380, 65.34, 71
2026/09/20 22:06:32.102, 100, 15766, 16380, 65.07, 72
2026/09/20 22:06:33.102, 100, 15766, 16380, 66.34, 72
2026/09/20 22:06:34.104, 100, 15766, 16380, 66.66, 73
2026/09/20 22:06:35.104, 100, 15766, 16380, 69.45, 74
2026/09/20 22:06:36.104, 100, 15766, 16380, 68.08, 72
2026/09/20 22:06:37.104, 100, 15766, 16380, 68.71, 73
2026/09/20 22:06:38.104, 100, 15766, 16380, 66.53, 71
2026/09/20 22:06:39.105, 100, 15766, 16380, 65.89, 73
2026/09/20 22:06:40.105, 100, 15766, 16380, 65.43, 71
2026/09/20 22:06:41.105, 100, 15766, 16380, 66.13, 72
2026/09/20 22:06:42.105, 100, 15766, 16380, 66.60, 73
2026/09/20 22:06:43.106, 100, 15766, 16380, 66.10, 73
2026/09/20 22:06:44.106, 100, 15766, 16380, 66.85, 72
2026/09/20 22:06:45.106, 100, 15766, 16380, 67.48, 72
2026/09/20 22:06:46.106, 100, 15766, 16380, 66.74, 73
2026/09/20 22:06:47.107, 100, 15766, 16380, 66.90, 73
2026/09/20 22:06:48.107, 100, 15766, 16380, 65.46, 72
2026/09/20 22:06:49.107, 100, 15766, 16380, 66.69, 73
2026/09/20 22:06:50.108, 100, 15766, 16380, 65.36, 72
2026/09/20 22:06:51.108, 100, 15766, 16380, 65.54, 72
2026/09/20 22:06:52.109, 100, 15766, 16380, 65.61, 72
2026/09/20 22:06:53.109, 100, 15766, 16380, 66.08, 70
2026/09/20 22:06:54.109, 100, 15766, 16380, 66.77, 72
2026/09/20 22:06:55.109, 100, 15766, 16380, 66.88, 71
2026/09/20 22:06:56.109, 100, 15766, 16380, 66.64, 71
2026/09/20 22:06:57.110, 100, 15766, 16380, 65.76, 73
2026/09/20 22:06:58.110, 100, 15766, 16380, 66.01, 72
2026/09/20 22:06:59.110, 100, 15766, 16380, 65.84, 72
2026/09/20 22:07:00.110, 100, 15766, 16380, 66.86, 71
2026/09/20 22:07:01.110, 100, 15766, 16380, 68.80, 73
2026/09/20 22:07:02.111, 100, 15766, 16380, 67.42, 71
2026/09/20 22:07:03.111, 100, 15766, 16380, 66.24, 73
2026/09/20 22:07:04.111, 100, 15766, 16380, 65.92, 71
2026/09/20 22:07:05.112, 100, 15766, 16380, 65.94, 71
2026/09/20 22:07:06.113, 100, 15766, 16380, 66.33, 72
2026/09/20 22:07:07.113, 100, 15766, 16380, 66.30, 74
2026/09/20 22:07:08.113, 100, 15766, 16380, 66.70, 70
2026/09/20 22:07:09.113, 100, 15766, 16380, 66.69, 71
2026/09/20 22:07:10.114, 100, 15766, 16380, 66.45, 72
2026/09/20 22:07:11.114, 100, 15766, 16380, 66.80, 72
2026/09/20 22:07:12.114, 100, 15766, 16380, 65.05, 72
2026/09/20 22:07:13.114, 100, 15766, 16380, 67.81, 72
2026/09/20 22:07:14.115, 100, 15766, 16380, 66.21, 72
2026/09/20 22:07:15.115, 100, 15766, 16380, 66.03, 72
2026/09/20 22:07:16.115, 100, 15766, 16380, 68.38, 72
2026/09/20 22:07:17.115, 100, 15766, 16380, 66.00, 72
2026/09/20 22:07:18.116, 100, 15766, 16380, 66.33, 72
2026/09/20 22:07:19.116, 100, 15766, 16380, 66.59, 72
2026/09/20 22:07:20.116, 100, 15766, 16380, 66.46, 72
2026/09/20 22:07:21.117, 100, 15766, 16380, 65.98, 75
2026/09/20 22:07:22.118, 100, 15766, 16380, 67.76, 71
2026/09/20 22:07:23.118, 100, 15766, 16380, 66.59, 71
2026/09/20 22:07:24.118, 100, 15766, 16380, 65.05, 74
2026/09/20 22:07:25.118, 100, 15766, 16380, 66.53, 72
2026/09/20 22:07:26.119, 100, 15766, 16380, 66.83, 72
2026/09/20 22:07:27.120, 100, 15766, 16380, 65.86, 71
2026/09/20 22:07:28.120, 100, 15766, 16380, 66.33, 73
2026/09/20 22:07:29.120, 100, 15766, 16380, 66.34, 72
2026/09/20 22:07:30.120, 100, 15766, 16380, 66.97, 72
2026/09/20 22:07:31.121, 100, 15766, 16380, 66.04, 71
2026/09/20 22:07:32.121, 100, 15766, 16380, 65.68, 74
2026/09/20 22:07:33.121, 100, 15766, 16380, 66.75, 73
2026/09/20 22:07:34.121, 100, 15766, 16380, 67.92, 70
2026/09/20 22:07:35.122, 100, 15766, 16380, 65.87, 71
2026/09/20 22:07:36.122, 100, 15766, 16380, 66.11, 71
2026/09/20 22:07:37.124, 100, 15766, 16380, 66.47, 73
2026/09/20 22:07:38.124, 100, 15766, 16380, 66.39, 72
2026/09/20 22:07:39.124, 100, 15766, 16380, 66.11, 73
2026/09/20 22:07:40.124, 100, 15766, 16380, 66.39, 73
2026/09/20 22:07:41.124, 100, 15766, 16380, 67.73, 70
2026/09/20 22:07:42.125, 100, 15766, 16380, 66.79, 72
2026/09/20 22:07:43.126, 100, 15766, 16380, 66.21, 70
2026/09/20 22:07:44.126, 100, 15766, 16380, 66.75, 72
2026/09/20 22:07:45.126, 100, 15766, 16380, 66.73, 73
2026/09/20 22:07:46.126, 100, 15766, 16380, 65.65, 71
2026/09/20 22:07:47.127, 100, 15766, 16380, 66.00, 73
2026/09/20 22:07:48.127, 100, 15766, 16380, 65.83, 74
2026/09/20 22:07:49.127, 100, 15766, 16380, 67.44, 72
2026/09/20 22:07:50.127, 100, 15766, 16380, 66.37, 73
2026/09/20 22:07:51.128, 100, 15766, 16380, 66.16, 72
2026/09/20 22:07:52.128, 100, 15766, 16380, 67.63, 72
2026/09/20 22:07:53.128, 100, 15766, 16380, 68.26, 71
2026/09/20 22:07:54.128, 100, 15766, 16380, 65.90, 74
2026/09/20 22:07:55.128, 100, 15766, 16380, 67.76, 72
2026/09/20 22:07:56.129, 100, 15766, 16380, 68.00, 72
2026/09/20 22:07:57.129, 100, 15766, 16380, 68.39, 71
2026/09/20 22:07:58.129, 100, 15766, 16380, 65.71, 73
2026/09/20 22:07:59.130, 100, 15766, 16380, 66.47, 72
2026/09/20 22:08:00.131, 100, 15766, 16380, 68.04, 72
2026/09/20 22:08:01.131, 100, 15766, 16380, 67.59, 71
2026/09/20 22:08:02.131, 100, 15766, 16380, 65.39, 70
2026/09/20 22:08:03.132, 100, 15766, 16380, 63.09, 72
2026/09/20 22:08:04.132, 100, 15766, 16380, 65.24, 72
2026/09/20 22:08:05.132, 100, 15766, 16380, 65.09, 74
2026/09/20 22:08:06.132, 100, 15766, 16380, 65.20, 73
2026/09/20 22:08:07.133, 100, 15766, 16380, 66.44, 70
2026/09/20 22:08:08.133, 100, 15766, 16380, 66.46, 70
2026/09/20 22:08:09.133, 100, 15766, 16380, 66.13, 70
2026/09/20 22:08:10.134, 100, 15766, 16380, 65.73, 71
2026/09/20 22:08:11.135, 100, 15766, 16380, 65.60, 73
2026/09/20 22:08:12.135, 100, 15766, 16380, 66.55, 73
2026/09/20 22:08:13.135, 100, 15766, 16380, 66.70, 72
2026/09/20 22:08:14.135, 100, 15766, 16380, 67.10, 72
2026/09/20 22:08:15.135, 100, 15766, 16380, 66.46, 71
2026/09/20 22:08:16.136, 100, 15766, 16380, 66.17, 71
2026/09/20 22:08:17.136, 100, 15766, 16380, 66.36, 71
2026/09/20 22:08:18.136, 100, 15766, 16380, 66.55, 71
2026/09/20 22:08:19.136, 100, 15766, 16380, 65.58, 74
2026/09/20 22:08:20.136, 100, 15766, 16380, 65.75, 74
2026/09/20 22:08:21.137, 100, 15766, 16380, 65.21, 73
2026/09/20 22:08:22.137, 100, 15766, 16380, 64.95, 72
2026/09/20 22:08:23.137, 100, 15766, 16380, 66.01, 72
2026/09/20 22:08:24.137, 100, 15766, 16380, 67.13, 72
2026/09/20 22:08:25.137, 100, 15766, 16380, 66.78, 73
2026/09/20 22:08:26.138, 100, 15766, 16380, 66.28, 74
2026/09/20 22:08:27.138, 100, 15766, 16380, 66.89, 71
2026/09/20 22:08:28.139, 100, 15766, 16380, 67.12, 72
2026/09/20 22:08:29.139, 100, 15766, 16380, 67.31, 72
2026/09/20 22:08:30.139, 100, 15766, 16380, 67.04, 72
2026/09/20 22:08:31.139, 100, 15766, 16380, 65.77, 73
2026/09/20 22:08:32.140, 100, 15766, 16380, 66.63, 72
2026/09/20 22:08:33.140, 100, 15766, 16380, 67.39, 72
2026/09/20 22:08:34.140, 100, 15766, 16380, 66.65, 73
2026/09/20 22:08:35.140, 100, 15766, 16380, 66.28, 74
2026/09/20 22:08:36.140, 100, 15766, 16380, 66.34, 71
2026/09/20 22:08:37.141, 100, 15766, 16380, 67.17, 73
2026/09/20 22:08:38.141, 100, 15766, 16380, 66.04, 74
2026/09/20 22:08:39.141, 100, 15766, 16380, 65.55, 72
2026/09/20 22:08:40.141, 100, 15766, 16380, 65.77, 73
2026/09/20 22:08:41.142, 100, 15766, 16380, 66.29, 73
2026/09/20 22:08:42.143, 100, 15766, 16380, 65.40, 72
2026/09/20 22:08:43.143, 100, 15766, 16380, 66.00, 71
2026/09/20 22:08:44.143, 100, 15766, 16380, 65.29, 72
2026/09/20 22:08:45.143, 100, 15766, 16380, 66.46, 71
2026/09/20 22:08:46.144, 100, 15766, 16380, 67.23, 71
2026/09/20 22:08:47.144, 100, 15766, 16380, 66.92, 72
2026/09/20 22:08:48.144, 100, 15766, 16380, 67.11, 73
2026/09/20 22:08:49.144, 100, 15766, 16380, 67.19, 72
2026/09/20 22:08:50.145, 100, 15766, 16380, 67.45, 73
2026/09/20 22:08:51.145, 100, 15766, 16380, 65.89, 72
2026/09/20 22:08:52.145, 100, 15766, 16380, 65.88, 70
2026/09/20 22:08:53.145, 100, 15766, 16380, 66.52, 73
2026/09/20 22:08:54.145, 100, 15766, 16380, 65.54, 71
2026/09/20 22:08:55.146, 100, 15766, 16380, 67.77, 72
2026/09/20 22:08:56.147, 100, 15766, 16380, 66.09, 74
2026/09/20 22:08:57.147, 100, 15766, 16380, 67.00, 74
2026/09/20 22:08:58.147, 100, 15766, 16380, 65.28, 75
2026/09/20 22:08:59.147, 100, 15766, 16380, 67.52, 73
2026/09/20 22:09:00.148, 100, 15766, 16380, 65.77, 71
2026/09/20 22:09:01.148, 100, 15766, 16380, 67.64, 73
2026/09/20 22:09:02.148, 100, 15766, 16380, 68.42, 71
2026/09/20 22:09:03.148, 100, 15766, 16380, 65.59, 74
2026/09/20 22:09:04.149, 100, 15766, 16380, 66.69, 73
2026/09/20 22:09:05.149, 100, 15766, 16380, 66.43, 70
2026/09/20 22:09:06.149, 100, 15766, 16380, 66.21, 72
2026/09/20 22:09:07.149, 100, 15766, 16380, 67.32, 72
2026/09/20 22:09:08.150, 100, 15766, 16380, 66.94, 74
2026/09/20 22:09:09.150, 100, 15766, 16380, 66.47, 72
2026/09/20 22:09:10.150, 100, 15766, 16380, 65.88, 71
2026/09/20 22:09:11.151, 100, 15766, 16380, 67.97, 70
2026/09/20 22:09:12.151, 100, 15766, 16380, 67.29, 73
2026/09/20 22:09:13.152, 100, 15766, 16380, 66.20, 72
2026/09/20 22:09:14.152, 100, 15766, 16380, 67.23, 70
2026/09/20 22:09:15.152, 100, 15766, 16380, 67.21, 72
2026/09/20 22:09:16.152, 100, 15766, 16380, 67.05, 72
2026/09/20 22:09:17.153, 100, 15766, 16380, 66.47, 73
2026/09/20 22:09:18.153, 100, 15766, 16380, 66.54, 71
2026/09/20 22:09:19.153, 100, 15766, 16380, 66.82, 75
2026/09/20 22:09:20.153, 100, 15766, 16380, 67.18, 75
2026/09/20 22:09:21.154, 100, 15766, 16380, 68.28, 73
2026/09/20 22:09:22.154, 100, 15766, 16380, 66.65, 71
2026/09/20 22:09:23.154, 100, 15766, 16380, 66.37, 74
2026/09/20 22:09:24.155, 100, 15766, 16380, 66.61, 71
2026/09/20 22:09:25.155, 100, 15766, 16380, 66.62, 72
2026/09/20 22:09:26.216, 100, 15766, 16380, 66.52, 72
2026/09/20 22:09:27.216, 100, 15766, 16380, 66.31, 73
2026/09/20 22:09:28.217, 100, 15766, 16380, 66.58, 71
2026/09/20 22:09:29.217, 100, 15766, 16380, 68.39, 71
2026/09/20 22:09:30.217, 100, 15766, 16380, 66.04, 74
2026/09/20 22:09:31.217, 100, 15766, 16380, 66.92, 71
2026/09/20 22:09:32.217, 100, 15766, 16380, 66.07, 72
2026/09/20 22:09:33.218, 100, 15766, 16380, 66.64, 72
2026/09/20 22:09:34.218, 100, 15766, 16380, 66.37, 71
2026/09/20 22:09:35.218, 100, 15766, 16380, 67.57, 72
2026/09/20 22:09:36.218, 100, 15766, 16380, 67.35, 73
2026/09/20 22:09:37.220, 100, 15766, 16380, 66.76, 71
2026/09/20 22:09:38.221, 100, 15766, 16380, 66.98, 74
2026/09/20 22:09:39.221, 100, 15766, 16380, 65.96, 73
2026/09/20 22:09:40.221, 100, 15766, 16380, 66.86, 71
2026/09/20 22:09:41.221, 100, 15766, 16380, 66.48, 73
2026/09/20 22:09:42.222, 100, 15766, 16380, 67.62, 71
2026/09/20 22:09:43.222, 100, 15766, 16380, 65.69, 71
2026/09/20 22:09:44.222, 100, 15766, 16380, 65.85, 73
2026/09/20 22:09:45.222, 100, 15766, 16380, 68.02, 71
2026/09/20 22:09:46.222, 100, 15766, 16380, 68.71, 75
2026/09/20 22:09:47.223, 100, 15766, 16380, 67.26, 70
2026/09/20 22:09:48.223, 100, 15766, 16380, 65.16, 71
2026/09/20 22:09:49.224, 100, 15766, 16380, 65.87, 73
2026/09/20 22:09:50.224, 100, 15766, 16380, 66.58, 72
2026/09/20 22:09:51.224, 100, 15766, 16380, 66.10, 73
2026/09/20 22:09:52.225, 100, 15766, 16380, 66.28, 72
2026/09/20 22:09:53.225, 100, 15766, 16380, 66.72, 73
2026/09/20 22:09:54.225, 100, 15766, 16380, 65.71, 72
2026/09/20 22:09:55.225, 100, 15766, 16380, 67.46, 75
2026/09/20 22:09:56.225, 100, 15766, 16380, 66.09, 71
2026/09/20 22:09:57.226, 100, 15766, 16380, 66.46, 74
2026/09/20 22:09:58.226, 100, 15766, 16380, 67.70, 72
2026/09/20 22:09:59.226, 100, 15766, 16380, 66.75, 72
2026/09/20 22:10:00.226, 100, 15766, 16380, 65.04, 72
2026/09/20 22:10:01.227, 100, 15766, 16380, 68.39, 75
2026/09/20 22:10:02.227, 100, 15766, 16380, 67.34, 73
2026/09/20 22:10:03.228, 100, 15766, 16380, 67.42, 71
2026/09/20 22:10:04.228, 100, 15766, 16380, 65.92, 72
2026/09/20 22:10:05.228, 100, 15766, 16380, 67.99, 72
2026/09/20 22:10:06.228, 100, 15766, 16380, 65.18, 71
2026/09/20 22:10:07.229, 100, 15766, 16380, 65.20, 71
2026/09/20 22:10:08.230, 100, 15766, 16380, 65.60, 73
2026/09/20 22:10:09.230, 100, 15766, 16380, 66.65, 73
2026/09/20 22:10:10.230, 100, 15766, 16380, 64.84, 71
2026/09/20 22:10:11.230, 100, 15766, 16380, 67.07, 74
2026/09/20 22:10:12.231, 100, 15766, 16380, 67.87, 73
2026/09/20 22:10:13.231, 100, 15766, 16380, 67.84, 73
2026/09/20 22:10:14.232, 100, 15766, 16380, 65.80, 71
2026/09/20 22:10:15.233, 100, 15766, 16380, 66.25, 73
2026/09/20 22:10:16.233, 100, 15766, 16380, 66.93, 72
2026/09/20 22:10:17.233, 100, 15766, 16380, 66.41, 74
2026/09/20 22:10:18.233, 100, 15766, 16380, 67.05, 71
2026/09/20 22:10:19.234, 100, 15766, 16380, 65.06, 72
2026/09/20 22:10:20.234, 100, 15766, 16380, 67.97, 73
2026/09/20 22:10:21.234, 100, 15766, 16380, 65.41, 70
2026/09/20 22:10:22.234, 100, 15766, 16380, 65.30, 73
2026/09/20 22:10:23.234, 100, 15766, 16380, 65.01, 70
2026/09/20 22:10:24.235, 100, 15766, 16380, 66.58, 73
2026/09/20 22:10:25.235, 100, 15766, 16380, 67.98, 72
2026/09/20 22:10:26.235, 100, 15766, 16380, 65.73, 71
2026/09/20 22:10:27.235, 100, 15766, 16380, 66.50, 74
2026/09/20 22:10:28.235, 100, 15766, 16380, 66.94, 72
2026/09/20 22:10:29.236, 100, 15766, 16380, 65.61, 72
2026/09/20 22:10:30.236, 100, 15766, 16380, 67.95, 75
2026/09/20 22:10:31.236, 100, 15766, 16380, 67.16, 72
2026/09/20 22:10:32.236, 100, 15766, 16380, 66.53, 75
2026/09/20 22:10:33.236, 100, 15766, 16380, 66.99, 72
2026/09/20 22:10:34.237, 100, 15766, 16380, 65.29, 71
2026/09/20 22:10:35.237, 100, 15766, 16380, 67.13, 73
2026/09/20 22:10:36.237, 100, 15766, 16380, 67.54, 72
2026/09/20 22:10:37.237, 100, 15766, 16380, 66.23, 73
2026/09/20 22:10:38.237, 100, 15766, 16380, 68.06, 72
2026/09/20 22:10:39.238, 100, 15766, 16380, 65.54, 71
2026/09/20 22:10:40.238, 100, 15766, 16380, 65.30, 72
2026/09/20 22:10:41.239, 100, 15766, 16380, 67.76, 74
2026/09/20 22:10:42.239, 100, 15766, 16380, 66.48, 72
2026/09/20 22:10:43.239, 100, 15766, 16380, 67.36, 73
2026/09/20 22:10:44.239, 100, 15766, 16380, 67.60, 73
2026/09/20 22:10:45.239, 100, 15766, 16380, 65.62, 70
2026/09/20 22:10:46.240, 100, 15766, 16380, 65.80, 72
2026/09/20 22:10:47.240, 100, 15766, 16380, 66.84, 72
2026/09/20 22:10:48.240, 100, 15766, 16380, 65.31, 71
2026/09/20 22:10:49.240, 100, 15766, 16380, 66.94, 73
2026/09/20 22:10:50.241, 100, 15766, 16380, 68.13, 74
2026/09/20 22:10:51.241, 100, 15766, 16380, 67.04, 72
2026/09/20 22:10:52.241, 100, 15766, 16380, 66.59, 74
2026/09/20 22:10:53.241, 100, 15766, 16380, 67.56, 73
2026/09/20 22:10:54.241, 100, 15766, 16380, 66.28, 71
2026/09/20 22:10:55.242, 100, 15766, 16380, 65.42, 72
2026/09/20 22:10:56.243, 100, 15766, 16380, 67.43, 73
2026/09/20 22:10:57.243, 100, 15766, 16380, 66.59, 72
2026/09/20 22:10:58.243, 100, 15766, 16380, 65.79, 72
2026/09/20 22:10:59.243, 100, 15766, 16380, 67.98, 74
2026/09/20 22:11:00.244, 100, 15766, 16380, 68.36, 73
2026/09/20 22:11:01.244, 100, 15766, 16380, 66.43, 72
2026/09/20 22:11:02.244, 100, 15766, 16380, 65.47, 73
2026/09/20 22:11:03.244, 100, 15766, 16380, 67.00, 71
2026/09/20 22:11:04.244, 100, 15766, 16380, 66.40, 72
2026/09/20 22:11:05.245, 100, 15766, 16380, 65.35, 73
2026/09/20 22:11:06.245, 100, 15766, 16380, 65.76, 75
2026/09/20 22:11:07.245, 100, 15766, 16380, 67.88, 73
2026/09/20 22:11:08.245, 100, 15766, 16380, 66.52, 73
2026/09/20 22:11:09.246, 100, 15766, 16380, 65.42, 74
2026/09/20 22:11:10.246, 100, 15766, 16380, 67.25, 73
2026/09/20 22:11:11.248, 100, 15766, 16380, 68.03, 72
2026/09/20 22:11:12.248, 100, 15766, 16380, 67.88, 70
2026/09/20 22:11:13.248, 100, 15766, 16380, 65.55, 74
2026/09/20 22:11:14.248, 100, 15766, 16380, 67.51, 73
2026/09/20 22:11:15.248, 100, 15766, 16380, 68.27, 72
2026/09/20 22:11:16.249, 100, 15766, 16380, 68.14, 71
2026/09/20 22:11:17.249, 100, 15766, 16380, 66.21, 72
2026/09/20 22:11:18.249, 100, 15766, 16380, 65.89, 74
2026/09/20 22:11:19.249, 100, 15766, 16380, 67.75, 72
2026/09/20 22:11:20.250, 100, 15766, 16380, 68.33, 71
2026/09/20 22:11:21.250, 100, 15766, 16380, 66.97, 71
2026/09/20 22:11:22.250, 100, 15766, 16380, 65.79, 73
2026/09/20 22:11:23.250, 100, 15766, 16380, 65.33, 73
2026/09/20 22:11:24.250, 100, 15766, 16380, 67.34, 72
2026/09/20 22:11:25.251, 100, 15766, 16380, 67.77, 71
2026/09/20 22:11:26.251, 100, 15766, 16380, 65.98, 71
2026/09/20 22:11:27.252, 100, 15766, 16380, 65.57, 72
2026/09/20 22:11:28.252, 100, 15766, 16380, 65.15, 73
2026/09/20 22:11:29.252, 100, 15766, 16380, 67.38, 72
2026/09/20 22:11:30.252, 100, 15766, 16380, 68.10, 71
2026/09/20 22:11:31.253, 100, 15766, 16380, 66.61, 71
2026/09/20 22:11:32.253, 100, 15766, 16380, 66.00, 72
2026/09/20 22:11:33.253, 100, 15766, 16380, 65.67, 73
2026/09/20 22:11:34.253, 100, 15766, 16380, 66.75, 73
2026/09/20 22:11:35.253, 100, 15766, 16380, 68.07, 72
2026/09/20 22:11:36.254, 100, 15766, 16380, 67.97, 71
2026/09/20 22:11:37.254, 100, 15766, 16380, 66.47, 71
2026/09/20 22:11:38.255, 100, 15766, 16380, 65.94, 72
2026/09/20 22:11:39.255, 100, 15766, 16380, 65.83, 72
2026/09/20 22:11:40.255, 100, 15766, 16380, 65.81, 73
2026/09/20 22:11:41.255, 100, 15766, 16380, 68.21, 72
2026/09/20 22:11:42.256, 100, 15766, 16380, 67.99, 72
2026/09/20 22:11:43.256, 100, 15766, 16380, 67.97, 72
2026/09/20 22:11:44.256, 100, 15766, 16380, 67.72, 71
2026/09/20 22:11:45.256, 100, 15766, 16380, 66.06, 73
2026/09/20 22:11:46.256, 100, 15766, 16380, 65.93, 73
2026/09/20 22:11:47.257, 100, 15766, 16380, 66.47, 73
2026/09/20 22:11:48.257, 100, 15766, 16380, 66.76, 74
2026/09/20 22:11:49.257, 100, 15766, 16380, 66.35, 74
2026/09/20 22:11:50.257, 100, 15766, 16380, 67.47, 72
2026/09/20 22:11:51.258, 100, 15766, 16380, 67.57, 71
2026/09/20 22:11:52.258, 100, 15766, 16380, 66.46, 71
2026/09/20 22:11:53.258, 100, 15766, 16380, 66.53, 71
2026/09/20 22:11:54.258, 100, 15766, 16380, 65.98, 72
2026/09/20 22:11:55.259, 100, 15766, 16380, 66.16, 72
2026/09/20 22:11:56.259, 100, 15766, 16380, 65.47, 74
2026/09/20 22:11:57.259, 100, 15766, 16380, 67.20, 74
2026/09/20 22:11:58.259, 100, 15766, 16380, 67.29, 74
2026/09/20 22:11:59.260, 100, 15766, 16380, 67.56, 73
2026/09/20 22:12:00.260, 100, 15766, 16380, 67.66, 73
2026/09/20 22:12:01.260, 100, 15766, 16380, 67.48, 72
2026/09/20 22:12:02.260, 100, 15766, 16380, 67.77, 71
2026/09/20 22:12:03.261, 100, 15766, 16380, 66.34, 71
2026/09/20 22:12:04.261, 100, 15766, 16380, 66.31, 71
2026/09/20 22:12:05.261, 100, 15766, 16380, 66.10, 71
2026/09/20 22:12:06.262, 100, 15766, 16380, 66.38, 71
2026/09/20 22:12:07.262, 100, 15766, 16380, 65.49, 74
2026/09/20 22:12:08.262, 100, 15766, 16380, 66.45, 73
2026/09/20 22:12:09.262, 100, 15766, 16380, 66.55, 73
2026/09/20 22:12:10.262, 100, 15766, 16380, 66.68, 73
2026/09/20 22:12:11.263, 100, 15766, 16380, 66.55, 73
2026/09/20 22:12:12.263, 100, 15766, 16380, 66.55, 73
2026/09/20 22:12:13.263, 100, 15766, 16380, 67.29, 73
2026/09/20 22:12:14.263, 100, 15766, 16380, 67.76, 72
2026/09/20 22:12:15.264, 100, 15766, 16380, 68.11, 72
2026/09/20 22:12:16.264, 100, 15766, 16380, 67.86, 73
2026/09/20 22:12:17.264, 100, 15766, 16380, 67.63, 73
2026/09/20 22:12:18.264, 100, 15766, 16380, 67.90, 71
2026/09/20 22:12:19.265, 100, 15766, 16380, 68.12, 71
2026/09/20 22:12:20.266, 100, 15766, 16380, 67.39, 71
2026/09/20 22:12:21.266, 100, 15766, 16380, 68.16, 72
2026/09/20 22:12:22.267, 100, 15766, 16380, 68.13, 72
2026/09/20 22:12:23.267, 100, 15766, 16380, 67.60, 72
2026/09/20 22:12:24.267, 100, 15766, 16380, 67.22, 71
2026/09/20 22:12:25.267, 100, 15766, 16380, 66.73, 71
2026/09/20 22:12:26.267, 100, 15766, 16380, 67.42, 70
2026/09/20 22:12:27.268, 100, 15766, 16380, 67.12, 71
2026/09/20 22:12:28.268, 100, 15766, 16380, 67.73, 72
2026/09/20 22:12:29.268, 100, 15766, 16380, 66.96, 72
2026/09/20 22:12:30.268, 100, 15766, 16380, 66.96, 71
2026/09/20 22:12:31.268, 100, 15766, 16380, 66.60, 71
2026/09/20 22:12:32.269, 100, 15766, 16380, 67.87, 71
2026/09/20 22:12:33.269, 100, 15766, 16380, 67.92, 71
2026/09/20 22:12:34.269, 100, 15766, 16380, 67.94, 72
2026/09/20 22:12:35.274, 100, 15766, 16380, 66.96, 72
2026/09/20 22:12:36.274, 100, 15766, 16380, 67.65, 71
2026/09/20 22:12:37.275, 100, 15766, 16380, 67.86, 71
2026/09/20 22:12:38.275, 100, 15766, 16380, 67.29, 72
2026/09/20 22:12:39.275, 100, 15766, 16380, 67.82, 72
2026/09/20 22:12:40.275, 100, 15766, 16380, 65.99, 73
2026/09/20 22:12:41.275, 100, 15766, 16380, 68.19, 71
2026/09/20 22:12:42.276, 100, 15766, 16380, 68.02, 72
2026/09/20 22:12:43.276, 100, 15766, 16380, 67.75, 73
2026/09/20 22:12:44.276, 100, 15766, 16380, 66.25, 75
2026/09/20 22:12:45.277, 100, 15766, 16380, 65.46, 73
2026/09/20 22:12:46.277, 100, 15766, 16380, 66.11, 73
2026/09/20 22:12:47.277, 100, 15766, 16380, 66.32, 75
2026/09/20 22:12:48.277, 100, 15766, 16380, 66.25, 73
2026/09/20 22:12:49.277, 100, 15766, 16380, 66.31, 73
2026/09/20 22:12:50.278, 100, 15766, 16380, 64.77, 71
2026/09/20 22:12:51.278, 100, 15766, 16380, 65.73, 70
2026/09/20 22:12:52.278, 100, 15766, 16380, 63.75, 72
2026/09/20 22:12:53.278, 100, 15766, 16380, 67.19, 71
2026/09/20 22:12:54.278, 100, 15766, 16380, 67.36, 70
2026/09/20 22:12:55.279, 100, 15766, 16380, 67.45, 72
2026/09/20 22:12:56.279, 100, 15766, 16380, 67.64, 72
2026/09/20 22:12:57.279, 100, 15766, 16380, 67.07, 74
2026/09/20 22:12:58.279, 100, 15766, 16380, 68.01, 72
2026/09/20 22:12:59.284, 100, 15766, 16380, 67.29, 74
2026/09/20 22:13:00.284, 100, 15766, 16380, 67.01, 73
2026/09/20 22:13:01.284, 100, 15766, 16380, 66.63, 73
2026/09/20 22:13:02.284, 100, 15766, 16380, 66.47, 73
2026/09/20 22:13:03.284, 100, 15766, 16380, 66.21, 72
2026/09/20 22:13:04.285, 100, 15766, 16380, 65.36, 73
2026/09/20 22:13:05.285, 100, 15766, 16380, 66.39, 72
2026/09/20 22:13:06.285, 100, 15766, 16380, 66.92, 71
2026/09/20 22:13:07.285, 100, 15766, 16380, 67.46, 72
2026/09/20 22:13:08.285, 100, 15766, 16380, 67.69, 73
2026/09/20 22:13:09.286, 100, 15766, 16380, 67.10, 73
2026/09/20 22:13:10.287, 100, 15766, 16380, 64.50, 73
2026/09/20 22:13:11.287, 100, 15766, 16380, 66.83, 73
2026/09/20 22:13:12.287, 100, 15766, 16380, 66.00, 72
2026/09/20 22:13:13.287, 100, 15766, 16380, 67.39, 71
2026/09/20 22:13:14.287, 100, 15766, 16380, 67.68, 72
2026/09/20 22:13:15.288, 100, 15766, 16380, 67.55, 74
2026/09/20 22:13:16.288, 100, 15766, 16380, 66.79, 71
2026/09/20 22:13:17.288, 100, 15766, 16380, 65.42, 72
2026/09/20 22:13:18.288, 100, 15766, 16380, 62.59, 72
2026/09/20 22:13:19.288, 100, 15766, 16380, 64.85, 72
2026/09/20 22:13:20.289, 100, 15766, 16380, 66.56, 71
2026/09/20 22:13:21.289, 98, 15766, 16380, 69.02, 71
2026/09/20 22:13:22.289, 98, 15766, 16380, 68.47, 71
2026/09/20 22:13:23.289, 100, 15766, 16380, 69.07, 71
2026/09/20 22:13:24.290, 96, 15766, 16380, 69.04, 71
2026/09/20 22:13:25.290, 100, 15766, 16380, 68.94, 72
2026/09/20 22:13:26.291, 96, 15766, 16380, 68.74, 71
2026/09/20 22:13:27.291, 100, 15766, 16380, 68.72, 71
2026/09/20 22:13:28.291, 100, 15766, 16380, 68.72, 71
2026/09/20 22:13:29.291, 96, 15766, 16380, 68.61, 71
2026/09/20 22:13:30.291, 100, 15766, 16380, 68.89, 71
2026/09/20 22:13:31.292, 97, 15766, 16380, 68.87, 71
2026/09/20 22:13:32.292, 100, 15766, 16380, 68.85, 71
2026/09/20 22:13:33.292, 100, 15766, 16380, 68.73, 71
2026/09/20 22:13:34.292, 97, 15766, 16380, 68.69, 71
2026/09/20 22:13:35.293, 100, 15766, 16380, 68.78, 72
2026/09/20 22:13:36.293, 97, 15766, 16380, 68.68, 71
2026/09/20 22:13:37.294, 100, 15766, 16380, 68.82, 71
2026/09/20 22:13:38.294, 100, 15766, 16380, 68.45, 71
2026/09/20 22:13:39.294, 97, 15766, 16380, 68.82, 71
2026/09/20 22:13:40.295, 100, 15766, 16380, 68.94, 72
2026/09/20 22:13:41.295, 97, 15766, 16380, 68.72, 72
2026/09/20 22:13:42.295, 100, 15766, 16380, 68.56, 70
2026/09/20 22:13:43.295, 0, 15766, 16380, 29.53, 63
2026/09/20 22:13:44.295, 100, 15766, 16380, 50.80, 70
2026/09/20 22:13:45.296, 100, 15766, 16380, 69.17, 70
2026/09/20 22:13:46.296, 100, 15766, 16380, 69.03, 70
2026/09/20 22:13:47.296, 100, 15766, 16380, 68.88, 70
2026/09/20 22:13:48.296, 100, 15766, 16380, 68.91, 70
2026/09/20 22:13:49.297, 100, 15766, 16380, 68.98, 70
2026/09/20 22:13:50.297, 100, 15766, 16380, 68.64, 70
2026/09/20 22:13:51.297, 100, 15766, 16380, 68.71, 71
2026/09/20 22:13:52.297, 100, 15766, 16380, 68.84, 70
2026/09/20 22:13:53.298, 100, 15766, 16380, 68.58, 70
2026/09/20 22:13:54.298, 100, 15766, 16380, 68.48, 70
2026/09/20 22:13:55.299, 100, 15766, 16380, 68.19, 70
2026/09/20 22:13:56.299, 100, 15766, 16380, 68.28, 70
2026/09/20 22:13:57.299, 100, 15766, 16380, 67.97, 70
2026/09/20 22:13:58.300, 100, 15766, 16380, 68.19, 70
2026/09/20 22:13:59.300, 100, 15766, 16380, 67.88, 71
2026/09/20 22:14:00.300, 100, 15766, 16380, 67.90, 70
2026/09/20 22:14:01.300, 100, 15766, 16380, 67.69, 70
2026/09/20 22:14:02.300, 100, 15766, 16380, 67.89, 71
2026/09/20 22:14:03.301, 100, 15766, 16380, 67.94, 69
2026/09/20 22:14:04.301, 100, 15766, 16380, 67.56, 70
2026/09/20 22:14:05.301, 100, 15766, 16380, 67.95, 71
2026/09/20 22:14:06.301, 100, 15766, 16380, 67.81, 70
2026/09/20 22:14:07.302, 100, 15766, 16380, 67.53, 70
2026/09/20 22:14:08.302, 100, 15766, 16380, 67.76, 71
2026/09/20 22:14:09.302, 100, 15766, 16380, 67.83, 71
2026/09/20 22:14:10.302, 100, 15766, 16380, 67.83, 71
2026/09/20 22:14:11.303, 100, 15766, 16380, 68.10, 72
2026/09/20 22:14:12.303, 100, 15766, 16380, 67.98, 71
2026/09/20 22:14:13.303, 100, 15766, 16380, 68.25, 70
2026/09/20 22:14:14.303, 100, 15766, 16380, 67.37, 71
2026/09/20 22:14:15.303, 100, 15766, 16380, 67.65, 71
2026/09/20 22:14:16.304, 100, 15766, 16380, 67.59, 71
2026/09/20 22:14:17.304, 100, 15766, 16380, 67.81, 71
2026/09/20 22:14:18.304, 100, 15766, 16380, 67.82, 71
2026/09/20 22:14:19.304, 100, 15766, 16380, 66.79, 70
2026/09/20 22:14:20.304, 100, 15766, 16380, 67.62, 71
2026/09/20 22:14:21.305, 100, 15766, 16380, 67.61, 71
2026/09/20 22:14:22.305, 100, 15766, 16380, 67.99, 71
2026/09/20 22:14:23.305, 100, 15766, 16380, 67.33, 71
2026/09/20 22:14:24.305, 100, 15766, 16380, 66.79, 71
2026/09/20 22:14:25.305, 100, 15766, 16380, 67.43, 70
2026/09/20 22:14:26.306, 100, 15766, 16380, 66.50, 70
2026/09/20 22:14:27.306, 100, 15766, 16380, 67.31, 70
2026/09/20 22:14:28.306, 100, 15766, 16380, 67.25, 70
2026/09/20 22:14:29.306, 100, 15766, 16380, 67.25, 70
2026/09/20 22:14:30.306, 100, 15766, 16380, 67.03, 69
2026/09/20 22:14:31.307, 100, 15766, 16380, 67.33, 70
2026/09/20 22:14:32.307, 100, 15766, 16380, 66.99, 71
2026/09/20 22:14:33.308, 100, 15766, 16380, 66.82, 71
2026/09/20 22:14:34.308, 100, 15766, 16380, 66.72, 70
2026/09/20 22:14:35.308, 100, 15766, 16380, 66.76, 71
2026/09/20 22:14:36.308, 100, 15766, 16380, 67.59, 72
2026/09/20 22:14:37.309, 100, 15766, 16380, 67.43, 70
2026/09/20 22:14:38.309, 100, 15766, 16380, 67.01, 70
2026/09/20 22:14:39.309, 100, 15766, 16380, 67.22, 71
2026/09/20 22:14:40.309, 100, 15766, 16380, 67.16, 72
2026/09/20 22:14:41.309, 100, 15766, 16380, 67.90, 71
2026/09/20 22:14:42.310, 100, 15766, 16380, 67.50, 70
2026/09/20 22:14:43.310, 100, 15766, 16380, 66.66, 71
2026/09/20 22:14:44.311, 100, 15766, 16380, 67.25, 72
2026/09/20 22:14:45.311, 100, 15766, 16380, 67.76, 70
2026/09/20 22:14:46.311, 100, 15766, 16380, 66.87, 72
2026/09/20 22:14:47.312, 100, 15766, 16380, 67.54, 70
2026/09/20 22:14:48.312, 100, 15766, 16380, 66.88, 71
2026/09/20 22:14:49.312, 100, 15766, 16380, 66.95, 70
2026/09/20 22:14:50.312, 100, 15766, 16380, 66.17, 71
2026/09/20 22:14:51.313, 100, 15766, 16380, 66.26, 70
2026/09/20 22:14:52.313, 100, 15766, 16380, 66.00, 71
2026/09/20 22:14:53.313, 100, 15766, 16380, 66.72, 72
2026/09/20 22:14:54.313, 100, 15766, 16380, 67.47, 73
2026/09/20 22:14:55.314, 100, 15766, 16380, 67.25, 70
2026/09/20 22:14:56.314, 100, 15766, 16380, 66.21, 71
2026/09/20 22:14:57.314, 100, 15766, 16380, 65.71, 71
2026/09/20 22:14:58.314, 100, 15766, 16380, 67.03, 70
2026/09/20 22:14:59.315, 100, 15766, 16380, 66.63, 71
2026/09/20 22:15:00.315, 83, 15766, 16380, 64.34, 69
2026/09/20 22:15:01.315, 100, 15766, 16380, 66.27, 71
2026/09/20 22:15:02.315, 100, 15766, 16380, 66.61, 71
2026/09/20 22:15:03.315, 99, 15766, 16380, 66.49, 70
2026/09/20 22:15:04.316, 61, 15857, 16380, 65.11, 70
2026/09/20 22:15:05.324, 100, 15857, 16380, 64.91, 71
2026/09/20 22:15:06.334, 99, 15766, 16380, 68.35, 70
2026/09/20 22:15:07.334, 97, 15766, 16380, 68.87, 70
2026/09/20 22:15:08.334, 97, 15766, 16380, 69.26, 71
2026/09/20 22:15:09.334, 96, 15766, 16380, 68.51, 71
2026/09/20 22:15:10.334, 98, 15766, 16380, 68.73, 71
2026/09/20 22:15:11.335, 99, 15766, 16380, 69.12, 71
2026/09/20 22:15:12.336, 97, 15766, 16380, 69.14, 70
2026/09/20 22:15:13.336, 97, 15766, 16380, 68.72, 70
2026/09/20 22:15:14.336, 97, 15766, 16380, 68.60, 70
2026/09/20 22:15:15.337, 98, 15766, 16380, 68.82, 71
2026/09/20 22:15:16.337, 99, 15766, 16380, 69.20, 70
2026/09/20 22:15:17.337, 97, 15766, 16380, 68.14, 71
2026/09/20 22:15:18.337, 97, 15766, 16380, 69.19, 70
2026/09/20 22:15:19.337, 100, 15766, 16380, 63.09, 70
2026/09/20 22:15:20.338, 100, 15766, 16380, 68.93, 70
2026/09/20 22:15:21.338, 100, 15766, 16380, 68.81, 71
2026/09/20 22:15:22.338, 100, 15766, 16380, 68.64, 70
2026/09/20 22:15:23.338, 100, 15766, 16380, 68.70, 71
2026/09/20 22:15:24.339, 100, 15766, 16380, 68.70, 71
2026/09/20 22:15:25.339, 100, 15766, 16380, 68.49, 71
2026/09/20 22:15:26.339, 100, 15766, 16380, 68.54, 71
2026/09/20 22:15:27.340, 100, 15766, 16380, 68.70, 70
2026/09/20 22:15:28.340, 100, 15766, 16380, 68.46, 70
2026/09/20 22:15:29.340, 100, 15766, 16380, 68.76, 70
2026/09/20 22:15:30.340, 100, 15766, 16380, 68.32, 71
2026/09/20 22:15:31.341, 100, 15766, 16380, 68.39, 71
2026/09/20 22:15:32.341, 100, 15766, 16380, 67.94, 71
2026/09/20 22:15:33.342, 100, 15766, 16380, 68.01, 71
2026/09/20 22:15:34.342, 100, 15766, 16380, 68.32, 70
2026/09/20 22:15:35.342, 100, 15766, 16380, 67.74, 71
2026/09/20 22:15:36.342, 100, 15766, 16380, 68.19, 70
2026/09/20 22:15:37.343, 100, 15766, 16380, 68.23, 71
2026/09/20 22:15:38.343, 100, 15766, 16380, 67.54, 71
2026/09/20 22:15:39.343, 100, 15766, 16380, 67.58, 71
2026/09/20 22:15:40.343, 100, 15766, 16380, 68.30, 70
2026/09/20 22:15:41.343, 100, 15766, 16380, 67.92, 71
2026/09/20 22:15:42.344, 100, 15766, 16380, 67.36, 72
2026/09/20 22:15:43.344, 100, 15766, 16380, 67.99, 70
2026/09/20 22:15:44.345, 100, 15766, 16380, 67.84, 71
2026/09/20 22:15:45.345, 100, 15766, 16380, 68.05, 71
2026/09/20 22:15:46.345, 100, 15766, 16380, 67.29, 71
2026/09/20 22:15:47.345, 100, 15766, 16380, 67.76, 70
2026/09/20 22:15:48.346, 100, 15766, 16380, 68.14, 71
2026/09/20 22:15:49.346, 100, 15766, 16380, 67.68, 71
2026/09/20 22:15:50.346, 100, 15766, 16380, 67.77, 72
2026/09/20 22:15:51.346, 100, 15766, 16380, 67.51, 72
2026/09/20 22:15:52.347, 100, 15766, 16380, 67.97, 70
2026/09/20 22:15:53.347, 100, 15766, 16380, 67.56, 71
2026/09/20 22:15:54.347, 100, 15766, 16380, 67.45, 71
2026/09/20 22:15:55.347, 100, 15766, 16380, 67.58, 71
2026/09/20 22:15:56.347, 100, 15766, 16380, 67.80, 72
2026/09/20 22:15:57.348, 100, 15766, 16380, 66.74, 72
2026/09/20 22:15:58.349, 100, 15766, 16380, 67.42, 72
2026/09/20 22:15:59.349, 100, 15766, 16380, 67.02, 72
2026/09/20 22:16:00.349, 100, 15766, 16380, 67.59, 71
2026/09/20 22:16:01.349, 100, 15766, 16380, 67.57, 71
2026/09/20 22:16:02.349, 100, 15766, 16380, 67.15, 71
2026/09/20 22:16:03.350, 100, 15766, 16380, 67.30, 72
2026/09/20 22:16:04.350, 100, 15766, 16380, 67.96, 72
2026/09/20 22:16:05.350, 100, 15766, 16380, 68.49, 71
2026/09/20 22:16:06.350, 100, 15766, 16380, 68.06, 72
2026/09/20 22:16:07.350, 100, 15766, 16380, 66.84, 71
2026/09/20 22:16:08.351, 100, 15766, 16380, 67.39, 71
2026/09/20 22:16:09.351, 100, 15766, 16380, 67.26, 71
2026/09/20 22:16:10.351, 100, 15766, 16380, 66.31, 71
2026/09/20 22:16:11.351, 100, 15766, 16380, 67.29, 70
2026/09/20 22:16:12.352, 100, 15766, 16380, 67.42, 70
2026/09/20 22:16:13.352, 100, 15766, 16380, 66.45, 72
2026/09/20 22:16:14.352, 100, 15766, 16380, 66.76, 72
2026/09/20 22:16:15.352, 100, 15766, 16380, 66.87, 70
2026/09/20 22:16:16.352, 100, 15766, 16380, 68.73, 71
2026/09/20 22:16:17.353, 100, 15766, 16380, 67.02, 72
2026/09/20 22:16:18.353, 100, 15766, 16380, 67.13, 70
2026/09/20 22:16:19.353, 100, 15766, 16380, 66.29, 71
2026/09/20 22:16:20.353, 100, 15766, 16380, 67.89, 72
2026/09/20 22:16:21.354, 100, 15766, 16380, 67.90, 70
2026/09/20 22:16:22.354, 100, 15766, 16380, 68.73, 72
2026/09/20 22:16:23.354, 100, 15766, 16380, 67.20, 72
2026/09/20 22:16:24.355, 100, 15766, 16380, 66.70, 71
2026/09/20 22:16:25.355, 100, 15766, 16380, 66.89, 72
2026/09/20 22:16:26.355, 100, 15766, 16380, 65.96, 70
2026/09/20 22:16:27.355, 100, 15766, 16380, 67.38, 73
2026/09/20 22:16:28.355, 100, 15766, 16380, 66.11, 71
2026/09/20 22:16:29.356, 100, 15766, 16380, 67.76, 72
2026/09/20 22:16:30.356, 100, 15766, 16380, 66.50, 72
2026/09/20 22:16:31.356, 100, 15766, 16380, 67.18, 73
2026/09/20 22:16:32.356, 100, 15766, 16380, 67.33, 71
2026/09/20 22:16:33.356, 100, 15766, 16380, 67.63, 70
2026/09/20 22:16:34.357, 100, 15766, 16380, 66.39, 73
2026/09/20 22:16:35.359, 100, 15766, 16380, 66.61, 71
2026/09/20 22:16:36.359, 100, 15766, 16380, 66.30, 72
2026/09/20 22:16:37.359, 100, 15766, 16380, 66.51, 70
2026/09/20 22:16:38.359, 100, 15766, 16380, 66.73, 72
2026/09/20 22:16:39.360, 100, 15766, 16380, 66.61, 71
2026/09/20 22:16:40.360, 100, 15766, 16380, 64.51, 70
2026/09/20 22:16:41.360, 97, 15766, 16380, 67.54, 71
2026/09/20 22:16:42.360, 97, 15766, 16380, 69.35, 71
2026/09/20 22:16:43.360, 97, 15766, 16380, 68.87, 71
2026/09/20 22:16:44.361, 99, 15766, 16380, 68.89, 70
2026/09/20 22:16:45.361, 97, 15766, 16380, 69.22, 71
2026/09/20 22:16:46.361, 97, 15766, 16380, 69.09, 71
2026/09/20 22:16:47.361, 97, 15766, 16380, 68.74, 71
2026/09/20 22:16:48.361, 97, 15766, 16380, 68.87, 71
2026/09/20 22:16:49.362, 98, 15766, 16380, 69.02, 70
2026/09/20 22:16:50.362, 98, 15766, 16380, 68.83, 71
2026/09/20 22:16:51.363, 97, 15766, 16380, 69.06, 71
2026/09/20 22:16:52.363, 95, 15766, 16380, 68.73, 71
2026/09/20 22:16:53.363, 98, 15766, 16380, 68.98, 71
2026/09/20 22:16:54.363, 100, 15766, 16380, 65.12, 71
2026/09/20 22:16:55.363, 100, 15766, 16380, 69.14, 71
2026/09/20 22:16:56.364, 100, 15766, 16380, 68.84, 70
2026/09/20 22:16:57.364, 100, 15766, 16380, 68.90, 70
2026/09/20 22:16:58.364, 100, 15766, 16380, 68.70, 71
2026/09/20 22:16:59.364, 100, 15766, 16380, 68.64, 70
2026/09/20 22:17:00.365, 100, 15766, 16380, 68.46, 71
2026/09/20 22:17:01.365, 100, 15766, 16380, 68.61, 70
2026/09/20 22:17:02.365, 100, 15766, 16380, 68.84, 71
2026/09/20 22:17:03.366, 100, 15766, 16380, 68.01, 71
2026/09/20 22:17:04.366, 100, 15766, 16380, 68.27, 71
2026/09/20 22:17:05.372, 100, 15766, 16380, 68.45, 71
2026/09/20 22:17:06.372, 100, 15766, 16380, 68.64, 71
2026/09/20 22:17:07.373, 100, 15766, 16380, 68.62, 71
2026/09/20 22:17:08.373, 100, 15766, 16380, 68.30, 71
2026/09/20 22:17:09.373, 100, 15766, 16380, 67.99, 71
2026/09/20 22:17:10.373, 100, 15766, 16380, 67.99, 71
2026/09/20 22:17:11.373, 100, 15766, 16380, 67.86, 71
2026/09/20 22:17:12.374, 100, 15766, 16380, 67.70, 71
2026/09/20 22:17:13.374, 100, 15766, 16380, 68.42, 70
2026/09/20 22:17:14.374, 100, 15766, 16380, 68.42, 72
2026/09/20 22:17:15.374, 100, 15766, 16380, 67.90, 71
2026/09/20 22:17:16.374, 100, 15766, 16380, 67.14, 71
2026/09/20 22:17:17.375, 100, 15766, 16380, 67.95, 71
2026/09/20 22:17:18.375, 100, 15766, 16380, 67.39, 71
2026/09/20 22:17:19.375, 100, 15766, 16380, 68.16, 72
2026/09/20 22:17:20.376, 100, 15766, 16380, 68.52, 71
2026/09/20 22:17:21.376, 100, 15766, 16380, 67.66, 72
2026/09/20 22:17:22.376, 100, 15766, 16380, 67.70, 71
2026/09/20 22:17:23.376, 100, 15766, 16380, 67.28, 70
2026/09/20 22:17:24.377, 100, 15766, 16380, 67.66, 72
2026/09/20 22:17:25.377, 100, 15766, 16380, 67.81, 71
2026/09/20 22:17:26.377, 100, 15766, 16380, 67.29, 72
2026/09/20 22:17:27.377, 100, 15766, 16380, 67.18, 71
2026/09/20 22:17:28.377, 100, 15766, 16380, 67.56, 71
2026/09/20 22:17:29.378, 100, 15766, 16380, 68.04, 71
2026/09/20 22:17:30.378, 100, 15766, 16380, 67.58, 71
2026/09/20 22:17:31.378, 100, 15766, 16380, 67.69, 71
2026/09/20 22:17:32.378, 100, 15766, 16380, 67.30, 71
2026/09/20 22:17:33.379, 100, 15766, 16380, 67.54, 71
2026/09/20 22:17:34.379, 100, 15766, 16380, 67.95, 72
2026/09/20 22:17:35.379, 100, 15766, 16380, 67.64, 70
2026/09/20 22:17:36.379, 100, 15766, 16380, 67.28, 72
2026/09/20 22:17:37.379, 100, 15766, 16380, 67.13, 70
2026/09/20 22:17:38.380, 100, 15766, 16380, 67.14, 72
2026/09/20 22:17:39.380, 100, 15766, 16380, 66.74, 72
2026/09/20 22:17:40.380, 100, 15766, 16380, 66.65, 70
2026/09/20 22:17:41.380, 100, 15766, 16380, 66.89, 72
2026/09/20 22:17:42.380, 100, 15766, 16380, 67.03, 70
2026/09/20 22:17:43.381, 100, 15766, 16380, 67.79, 70
2026/09/20 22:17:44.381, 100, 15766, 16380, 67.97, 70
2026/09/20 22:17:45.383, 100, 15766, 16380, 67.69, 71
2026/09/20 22:17:46.383, 100, 15766, 16380, 66.64, 72
2026/09/20 22:17:47.383, 100, 15766, 16380, 66.58, 71
2026/09/20 22:17:48.383, 100, 15766, 16380, 66.75, 70
2026/09/20 22:17:49.384, 100, 15766, 16380, 67.19, 70
2026/09/20 22:17:50.384, 100, 15766, 16380, 67.93, 71
2026/09/20 22:17:51.384, 100, 15766, 16380, 66.51, 73
2026/09/20 22:17:52.384, 100, 15766, 16380, 66.89, 70
2026/09/20 22:17:53.384, 100, 15766, 16380, 66.87, 72
2026/09/20 22:17:54.385, 100, 15766, 16380, 66.89, 73
2026/09/20 22:17:55.385, 100, 15766, 16380, 66.79, 70
2026/09/20 22:17:56.385, 100, 15766, 16380, 66.91, 72
2026/09/20 22:17:57.386, 100, 15766, 16380, 66.10, 72
2026/09/20 22:17:58.387, 100, 15766, 16380, 67.26, 70
2026/09/20 22:17:59.387, 100, 15766, 16380, 66.71, 73
2026/09/20 22:18:00.387, 100, 15766, 16380, 67.00, 70
2026/09/20 22:18:01.388, 100, 15766, 16380, 67.26, 71
2026/09/20 22:18:02.388, 100, 15766, 16380, 66.85, 71
2026/09/20 22:18:03.388, 100, 15766, 16380, 66.73, 72
2026/09/20 22:18:04.388, 100, 15766, 16380, 66.54, 70
2026/09/20 22:18:05.388, 100, 15766, 16380, 66.22, 72
2026/09/20 22:18:06.389, 100, 15766, 16380, 66.76, 71
2026/09/20 22:18:07.389, 100, 15766, 16380, 66.58, 73
2026/09/20 22:18:08.389, 100, 15766, 16380, 65.63, 72
2026/09/20 22:18:09.389, 100, 15766, 16380, 66.85, 70
2026/09/20 22:18:10.390, 100, 15766, 16380, 66.81, 73
2026/09/20 22:18:11.390, 100, 15766, 16380, 64.16, 70
2026/09/20 22:18:12.390, 100, 15766, 16380, 66.27, 71
2026/09/20 22:18:13.390, 100, 15766, 16380, 66.63, 70
2026/09/20 22:18:14.390, 100, 15766, 16380, 67.51, 71
2026/09/20 22:18:15.391, 100, 15766, 16380, 64.99, 70
2026/09/20 22:18:16.391, 97, 15766, 16380, 66.95, 71
2026/09/20 22:18:17.391, 99, 15766, 16380, 69.03, 70
2026/09/20 22:18:18.392, 97, 15766, 16380, 68.92, 71
2026/09/20 22:18:19.392, 97, 15766, 16380, 69.06, 71
2026/09/20 22:18:20.392, 97, 15766, 16380, 69.05, 71
2026/09/20 22:18:21.392, 98, 15766, 16380, 68.85, 71
2026/09/20 22:18:22.393, 100, 15766, 16380, 69.24, 70
2026/09/20 22:18:23.394, 98, 15766, 16380, 69.11, 71
2026/09/20 22:18:24.394, 96, 15766, 16380, 69.09, 71
2026/09/20 22:18:25.394, 97, 15766, 16380, 68.75, 71
2026/09/20 22:18:26.395, 97, 15766, 16380, 69.04, 71
2026/09/20 22:18:27.395, 98, 15766, 16380, 68.96, 70
2026/09/20 22:18:28.395, 99, 15766, 16380, 68.82, 71
2026/09/20 22:18:29.395, 25, 15766, 16380, 61.88, 66
2026/09/20 22:18:30.395, 100, 15766, 16380, 65.79, 71
2026/09/20 22:18:31.396, 100, 15766, 16380, 68.99, 70
2026/09/20 22:18:32.396, 100, 15766, 16380, 68.96, 71
2026/09/20 22:18:33.396, 100, 15766, 16380, 68.77, 71
2026/09/20 22:18:34.396, 100, 15766, 16380, 68.70, 71
2026/09/20 22:18:35.398, 100, 15766, 16380, 68.65, 71
2026/09/20 22:18:36.398, 100, 15766, 16380, 68.18, 71
2026/09/20 22:18:37.398, 100, 15766, 16380, 68.70, 71
2026/09/20 22:18:38.398, 100, 15766, 16380, 68.53, 71
2026/09/20 22:18:39.399, 100, 15766, 16380, 68.69, 71
2026/09/20 22:18:40.399, 100, 15766, 16380, 68.48, 71
2026/09/20 22:18:41.399, 100, 15766, 16380, 68.61, 71
2026/09/20 22:18:42.400, 100, 15766, 16380, 68.54, 70
2026/09/20 22:18:43.400, 100, 15766, 16380, 68.21, 71
2026/09/20 22:18:44.400, 100, 15766, 16380, 68.56, 71
2026/09/20 22:18:45.401, 100, 15766, 16380, 68.19, 71
2026/09/20 22:18:46.401, 100, 15766, 16380, 68.02, 70
2026/09/20 22:18:47.401, 100, 15766, 16380, 67.62, 71
2026/09/20 22:18:48.401, 100, 15766, 16380, 67.77, 71
2026/09/20 22:18:49.401, 100, 15766, 16380, 67.51, 71
2026/09/20 22:18:50.402, 100, 15766, 16380, 67.72, 71
2026/09/20 22:18:51.402, 100, 15766, 16380, 67.60, 71
2026/09/20 22:18:52.402, 100, 15766, 16380, 67.92, 72
2026/09/20 22:18:53.402, 100, 15766, 16380, 68.26, 71
2026/09/20 22:18:54.403, 100, 15766, 16380, 67.72, 71
2026/09/20 22:18:55.403, 100, 15766, 16380, 67.67, 72
2026/09/20 22:18:56.404, 100, 15766, 16380, 67.88, 71
2026/09/20 22:18:57.405, 100, 15766, 16380, 67.66, 71
2026/09/20 22:18:58.405, 100, 15766, 16380, 67.44, 71
2026/09/20 22:18:59.405, 100, 15766, 16380, 67.33, 71
2026/09/20 22:19:00.405, 100, 15766, 16380, 67.79, 71
2026/09/20 22:19:01.406, 100, 15766, 16380, 67.95, 70
2026/09/20 22:19:02.406, 100, 15766, 16380, 67.41, 72
2026/09/20 22:19:03.406, 100, 15766, 16380, 67.49, 72
2026/09/20 22:19:04.406, 100, 15766, 16380, 66.97, 70
2026/09/20 22:19:05.407, 100, 15766, 16380, 67.06, 70
2026/09/20 22:19:06.407, 100, 15766, 16380, 67.67, 72
2026/09/20 22:19:07.407, 100, 15766, 16380, 67.99, 72
2026/09/20 22:19:08.407, 100, 15766, 16380, 67.45, 71
2026/09/20 22:19:09.407, 100, 15766, 16380, 67.45, 70
2026/09/20 22:19:10.408, 100, 15766, 16380, 66.92, 70
2026/09/20 22:19:11.409, 100, 15766, 16380, 67.20, 71
2026/09/20 22:19:12.409, 100, 15766, 16380, 67.29, 70
2026/09/20 22:19:13.409, 100, 15766, 16380, 67.11, 71
2026/09/20 22:19:14.410, 100, 15766, 16380, 67.85, 72
2026/09/20 22:19:15.410, 100, 15766, 16380, 67.77, 70
2026/09/20 22:19:16.410, 100, 15766, 16380, 68.42, 72
2026/09/20 22:19:17.410, 100, 15766, 16380, 67.98, 72
2026/09/20 22:19:18.410, 100, 15766, 16380, 67.78, 70
2026/09/20 22:19:19.411, 100, 15766, 16380, 67.56, 70
2026/09/20 22:19:20.412, 100, 15766, 16380, 65.98, 72
2026/09/20 22:19:21.412, 100, 15766, 16380, 66.97, 72
2026/09/20 22:19:22.412, 100, 15766, 16380, 66.84, 72
2026/09/20 22:19:23.412, 100, 15766, 16380, 66.97, 70
2026/09/20 22:19:24.414, 100, 15766, 16380, 67.55, 70
2026/09/20 22:19:25.415, 100, 15766, 16380, 66.57, 70
2026/09/20 22:19:26.416, 100, 15766, 16380, 66.94, 72
2026/09/20 22:19:27.416, 100, 15766, 16380, 68.36, 73
2026/09/20 22:19:28.416, 100, 15766, 16380, 66.94, 70
2026/09/20 22:19:29.416, 100, 15766, 16380, 66.94, 71
2026/09/20 22:19:30.417, 100, 15766, 16380, 67.47, 73
2026/09/20 22:19:31.417, 100, 15766, 16380, 67.03, 70
2026/09/20 22:19:32.417, 100, 15766, 16380, 67.43, 72
2026/09/20 22:19:33.417, 100, 15766, 16380, 67.85, 70
2026/09/20 22:19:34.417, 100, 15766, 16380, 66.66, 72
2026/09/20 22:19:35.418, 100, 15766, 16380, 67.61, 70
2026/09/20 22:19:36.418, 100, 15766, 16380, 67.46, 71
2026/09/20 22:19:37.418, 100, 15766, 16380, 66.98, 71
2026/09/20 22:19:38.418, 100, 15766, 16380, 65.68, 72
2026/09/20 22:19:39.419, 100, 15766, 16380, 67.43, 73
2026/09/20 22:19:40.419, 100, 15766, 16380, 67.95, 75
2026/09/20 22:19:41.419, 100, 15766, 16380, 67.11, 71
2026/09/20 22:19:42.420, 100, 15766, 16380, 67.18, 71
2026/09/20 22:19:43.420, 100, 15766, 16380, 65.92, 72
2026/09/20 22:19:44.420, 100, 15766, 16380, 66.78, 71
2026/09/20 22:19:45.420, 100, 15766, 16380, 68.36, 72
2026/09/20 22:19:46.421, 100, 15766, 16380, 63.34, 70
2026/09/20 22:19:47.421, 100, 15766, 16380, 66.58, 71
2026/09/20 22:19:48.421, 100, 15766, 16380, 66.76, 70
2026/09/20 22:19:49.421, 100, 15766, 16380, 67.31, 71
2026/09/20 22:19:50.422, 100, 15766, 16380, 65.51, 71
2026/09/20 22:19:51.422, 98, 15766, 16380, 66.72, 71
2026/09/20 22:19:52.422, 97, 15766, 16380, 67.04, 71
2026/09/20 22:19:53.422, 98, 15766, 16380, 68.75, 70
2026/09/20 22:19:54.422, 99, 15766, 16380, 68.99, 70
2026/09/20 22:19:55.423, 97, 15766, 16380, 69.58, 71
2026/09/20 22:19:56.423, 97, 15766, 16380, 68.80, 72
2026/09/20 22:19:57.424, 97, 15766, 16380, 68.77, 71
2026/09/20 22:19:58.424, 97, 15766, 16380, 68.78, 71
2026/09/20 22:19:59.424, 100, 15766, 16380, 69.00, 71
2026/09/20 22:20:00.424, 99, 15766, 16380, 69.00, 71
2026/09/20 22:20:01.424, 96, 15766, 16380, 68.86, 71
2026/09/20 22:20:02.425, 97, 15766, 16380, 68.87, 71
2026/09/20 22:20:03.425, 97, 15766, 16380, 69.00, 71
2026/09/20 22:20:04.425, 98, 15766, 16380, 68.88, 70
2026/09/20 22:20:05.425, 100, 15766, 16380, 64.65, 71
2026/09/20 22:20:06.425, 100, 15766, 16380, 68.93, 71
2026/09/20 22:20:07.426, 100, 15766, 16380, 68.82, 71
2026/09/20 22:20:08.426, 100, 15766, 16380, 68.84, 71
2026/09/20 22:20:09.426, 100, 15766, 16380, 68.58, 71
2026/09/20 22:20:10.426, 100, 15766, 16380, 68.75, 71
2026/09/20 22:20:11.426, 100, 15766, 16380, 68.62, 71
2026/09/20 22:20:12.427, 100, 15766, 16380, 68.71, 71
2026/09/20 22:20:13.427, 100, 15766, 16380, 68.68, 71
2026/09/20 22:20:14.427, 100, 15766, 16380, 68.61, 71
2026/09/20 22:20:15.427, 100, 15766, 16380, 68.57, 72
2026/09/20 22:20:16.427, 100, 15766, 16380, 68.30, 71
2026/09/20 22:20:17.428, 100, 15766, 16380, 68.39, 72
2026/09/20 22:20:18.428, 100, 15766, 16380, 68.19, 72
2026/09/20 22:20:19.428, 100, 15766, 16380, 68.09, 71
2026/09/20 22:20:20.429, 100, 15766, 16380, 68.00, 71
2026/09/20 22:20:21.429, 100, 15766, 16380, 68.11, 71
2026/09/20 22:20:22.429, 100, 15766, 16380, 68.25, 71
2026/09/20 22:20:23.430, 100, 15766, 16380, 68.17, 71
2026/09/20 22:20:24.430, 100, 15766, 16380, 68.10, 72
2026/09/20 22:20:25.430, 100, 15766, 16380, 67.75, 72
2026/09/20 22:20:26.431, 100, 15766, 16380, 68.26, 70
2026/09/20 22:20:27.431, 100, 15766, 16380, 67.98, 71
2026/09/20 22:20:28.431, 100, 15766, 16380, 67.62, 72
2026/09/20 22:20:29.431, 100, 15766, 16380, 67.95, 70
2026/09/20 22:20:30.431, 100, 15766, 16380, 67.89, 72
2026/09/20 22:20:31.432, 100, 15766, 16380, 67.45, 70
2026/09/20 22:20:32.432, 100, 15766, 16380, 67.83, 72
2026/09/20 22:20:33.432, 100, 15766, 16380, 67.77, 71
2026/09/20 22:20:34.432, 100, 15766, 16380, 68.00, 71
2026/09/20 22:20:35.433, 100, 15766, 16380, 67.31, 71
2026/09/20 22:20:36.433, 100, 15766, 16380, 67.19, 72
2026/09/20 22:20:37.434, 100, 15766, 16380, 67.22, 72
2026/09/20 22:20:38.434, 100, 15766, 16380, 67.52, 72
2026/09/20 22:20:39.434, 100, 15766, 16380, 67.51, 72
2026/09/20 22:20:40.434, 100, 15766, 16380, 66.82, 72
2026/09/20 22:20:41.434, 100, 15766, 16380, 67.73, 71
2026/09/20 22:20:42.435, 100, 15766, 16380, 67.03, 71
2026/09/20 22:20:43.435, 100, 15766, 16380, 67.36, 70
2026/09/20 22:20:44.435, 100, 15766, 16380, 67.51, 72
2026/09/20 22:20:45.435, 100, 15766, 16380, 67.26, 72
2026/09/20 22:20:46.435, 100, 15766, 16380, 67.11, 72
2026/09/20 22:20:47.436, 100, 15766, 16380, 66.94, 71
2026/09/20 22:20:48.436, 100, 15766, 16380, 67.18, 72
2026/09/20 22:20:49.436, 100, 15766, 16380, 67.21, 72
2026/09/20 22:20:50.436, 100, 15766, 16380, 66.14, 72
2026/09/20 22:20:51.437, 100, 15766, 16380, 67.08, 72
2026/09/20 22:20:52.437, 100, 15766, 16380, 67.19, 71
2026/09/20 22:20:53.438, 100, 15766, 16380, 66.47, 72
2026/09/20 22:20:54.439, 100, 15766, 16380, 66.58, 73
2026/09/20 22:20:55.439, 100, 15766, 16380, 66.38, 72
2026/09/20 22:20:56.440, 100, 15766, 16380, 67.17, 71
2026/09/20 22:20:57.440, 100, 15766, 16380, 68.19, 72
2026/09/20 22:20:58.440, 100, 15766, 16380, 67.40, 72
2026/09/20 22:20:59.440, 100, 15766, 16380, 66.38, 72
2026/09/20 22:21:00.440, 100, 15766, 16380, 66.75, 72
2026/09/20 22:21:01.441, 100, 15766, 16380, 66.52, 72
2026/09/20 22:21:02.441, 100, 15766, 16380, 67.26, 72
2026/09/20 22:21:03.441, 100, 15766, 16380, 65.97, 73
2026/09/20 22:21:04.441, 100, 15766, 16380, 67.06, 72
2026/09/20 22:21:05.441, 100, 15766, 16380, 67.43, 72
2026/09/20 22:21:06.442, 100, 15766, 16380, 66.32, 73
2026/09/20 22:21:07.442, 100, 15766, 16380, 66.88, 72
2026/09/20 22:21:08.442, 100, 15766, 16380, 67.15, 72
2026/09/20 22:21:09.444, 100, 15766, 16380, 66.65, 71
2026/09/20 22:21:10.444, 100, 15766, 16380, 66.42, 72
2026/09/20 22:21:11.444, 100, 15766, 16380, 66.57, 71
2026/09/20 22:21:12.444, 100, 15766, 16380, 66.03, 73
2026/09/20 22:21:13.444, 100, 15766, 16380, 67.50, 71
2026/09/20 22:21:14.445, 100, 15766, 16380, 67.52, 72
2026/09/20 22:21:15.445, 100, 15766, 16380, 66.44, 72
2026/09/20 22:21:16.445, 100, 15766, 16380, 66.84, 73
2026/09/20 22:21:17.445, 100, 15766, 16380, 67.02, 71
2026/09/20 22:21:18.446, 100, 15766, 16380, 67.55, 71
2026/09/20 22:21:19.446, 100, 15766, 16380, 67.11, 72
2026/09/20 22:21:20.446, 100, 15766, 16380, 66.41, 70
2026/09/20 22:21:21.446, 78, 15766, 16380, 64.97, 73
2026/09/20 22:21:22.447, 100, 15766, 16380, 66.10, 72
2026/09/20 22:21:23.447, 100, 15766, 16380, 66.54, 72
2026/09/20 22:21:24.447, 100, 15766, 16380, 66.13, 71
2026/09/20 22:21:25.449, 74, 15766, 16380, 65.96, 67
2026/09/20 22:21:26.450, 100, 15766, 16380, 64.55, 71
2026/09/20 22:21:27.450, 97, 15766, 16380, 68.20, 71
2026/09/20 22:21:28.450, 97, 15766, 16380, 68.82, 71
2026/09/20 22:21:29.450, 97, 15766, 16380, 69.15, 71
2026/09/20 22:21:30.450, 97, 15766, 16380, 68.82, 71
2026/09/20 22:21:31.450, 100, 15766, 16380, 68.88, 71
2026/09/20 22:21:32.451, 96, 15766, 16380, 68.81, 71
2026/09/20 22:21:33.451, 97, 15766, 16380, 68.70, 71
2026/09/20 22:21:34.451, 97, 15766, 16380, 69.08, 71
2026/09/20 22:21:35.451, 97, 15766, 16380, 69.04, 71
2026/09/20 22:21:36.452, 100, 15766, 16380, 69.11, 70
2026/09/20 22:21:37.452, 96, 15766, 16380, 68.96, 71
2026/09/20 22:21:38.452, 97, 15766, 16380, 68.88, 71
2026/09/20 22:21:39.453, 97, 15766, 16380, 69.07, 71
2026/09/20 22:21:40.454, 0, 15766, 16380, 42.68, 63
2026/09/20 22:21:41.455, 100, 15766, 16380, 44.92, 70
2026/09/20 22:21:42.456, 100, 15766, 16380, 69.07, 70
2026/09/20 22:21:43.456, 100, 15766, 16380, 68.98, 70
2026/09/20 22:21:44.456, 100, 15766, 16380, 68.88, 71
2026/09/20 22:21:45.456, 100, 15766, 16380, 68.79, 70
2026/09/20 22:21:46.458, 100, 15766, 16380, 68.51, 70
2026/09/20 22:21:47.458, 100, 15766, 16380, 68.55, 71
2026/09/20 22:21:48.458, 100, 15766, 16380, 68.57, 71
2026/09/20 22:21:49.459, 100, 15766, 16380, 68.81, 71
2026/09/20 22:21:50.459, 100, 15766, 16380, 68.50, 71
2026/09/20 22:21:51.459, 100, 15766, 16380, 68.38, 71
2026/09/20 22:21:52.459, 100, 15766, 16380, 68.53, 71
2026/09/20 22:21:53.460, 100, 15766, 16380, 68.24, 71
2026/09/20 22:21:54.460, 100, 15766, 16380, 68.04, 71
2026/09/20 22:21:55.460, 100, 15766, 16380, 68.61, 71
2026/09/20 22:21:56.460, 100, 15766, 16380, 68.09, 72
2026/09/20 22:21:57.460, 100, 15766, 16380, 67.77, 71
2026/09/20 22:21:58.461, 100, 15766, 16380, 67.75, 71
2026/09/20 22:21:59.461, 100, 15766, 16380, 68.03, 70
2026/09/20 22:22:00.461, 100, 15766, 16380, 68.43, 71
2026/09/20 22:22:01.463, 100, 15766, 16380, 67.67, 72
2026/09/20 22:22:02.463, 100, 15766, 16380, 67.47, 72
2026/09/20 22:22:03.463, 100, 15766, 16380, 68.20, 70
2026/09/20 22:22:04.463, 100, 15766, 16380, 67.89, 71
2026/09/20 22:22:05.464, 100, 15766, 16380, 67.44, 72
2026/09/20 22:22:06.464, 100, 15766, 16380, 67.88, 71
2026/09/20 22:22:07.464, 100, 15766, 16380, 67.17, 71
2026/09/20 22:22:08.464, 100, 15766, 16380, 67.62, 72
2026/09/20 22:22:09.465, 100, 15766, 16380, 67.66, 72
2026/09/20 22:22:10.465, 100, 15766, 16380, 67.76, 71
2026/09/20 22:22:11.465, 100, 15766, 16380, 67.77, 70
2026/09/20 22:22:12.465, 100, 15766, 16380, 67.77, 72
2026/09/20 22:22:13.465, 100, 15766, 16380, 67.56, 71
2026/09/20 22:22:14.466, 100, 15766, 16380, 68.26, 71
2026/09/20 22:22:15.467, 100, 15766, 16380, 67.64, 71
2026/09/20 22:22:16.467, 100, 15766, 16380, 67.52, 72
2026/09/20 22:22:17.467, 100, 15766, 16380, 67.68, 70
2026/09/20 22:22:18.468, 100, 15766, 16380, 67.35, 71
2026/09/20 22:22:19.468, 100, 15766, 16380, 66.94, 72
2026/09/20 22:22:20.468, 100, 15766, 16380, 67.47, 72
2026/09/20 22:22:21.468, 100, 15766, 16380, 67.36, 72
2026/09/20 22:22:22.468, 100, 15766, 16380, 67.30, 72
2026/09/20 22:22:23.468, 100, 15766, 16380, 67.87, 70
2026/09/20 22:22:24.469, 100, 15766, 16380, 67.60, 72
2026/09/20 22:22:25.469, 100, 15766, 16380, 67.89, 70
2026/09/20 22:22:26.469, 100, 15766, 16380, 67.64, 72
2026/09/20 22:22:27.469, 100, 15766, 16380, 67.31, 71
2026/09/20 22:22:28.470, 100, 15766, 16380, 67.97, 70
2026/09/20 22:22:29.470, 100, 15766, 16380, 67.73, 71
2026/09/20 22:22:30.470, 100, 15766, 16380, 67.35, 71
2026/09/20 22:22:31.471, 100, 15766, 16380, 67.16, 71
2026/09/20 22:22:32.471, 100, 15766, 16380, 66.18, 72
2026/09/20 22:22:33.471, 100, 15766, 16380, 66.73, 73
2026/09/20 22:22:34.471, 100, 15766, 16380, 66.89, 72
2026/09/20 22:22:35.472, 100, 15766, 16380, 66.97, 72
2026/09/20 22:22:36.472, 100, 15766, 16380, 67.68, 72
2026/09/20 22:22:37.472, 100, 15766, 16380, 66.39, 72
2026/09/20 22:22:38.472, 100, 15766, 16380, 67.52, 70
2026/09/20 22:22:39.472, 100, 15766, 16380, 67.54, 72
2026/09/20 22:22:40.473, 100, 15766, 16380, 66.87, 72
2026/09/20 22:22:41.473, 100, 15766, 16380, 67.94, 70
2026/09/20 22:22:42.473, 100, 15766, 16380, 66.75, 71
2026/09/20 22:22:43.473, 100, 15766, 16380, 66.66, 73
2026/09/20 22:22:44.473, 100, 15766, 16380, 67.32, 71
2026/09/20 22:22:45.474, 100, 15766, 16380, 65.96, 72
2026/09/20 22:22:46.474, 100, 15766, 16380, 66.32, 70
2026/09/20 22:22:47.474, 100, 15766, 16380, 66.43, 72
2026/09/20 22:22:48.475, 100, 15766, 16380, 67.08, 73
2026/09/20 22:22:49.475, 100, 15766, 16380, 67.43, 72
2026/09/20 22:22:50.475, 100, 15766, 16380, 67.01, 70
2026/09/20 22:22:51.475, 100, 15766, 16380, 66.21, 72
2026/09/20 22:22:52.476, 100, 15766, 16380, 65.73, 72
2026/09/20 22:22:53.476, 100, 15766, 16380, 66.97, 73
2026/09/20 22:22:54.476, 100, 15766, 16380, 67.24, 70
2026/09/20 22:22:55.476, 100, 15766, 16380, 66.23, 70
2026/09/20 22:22:56.476, 100, 15766, 16380, 66.58, 72
2026/09/20 22:22:57.477, 100, 15766, 16380, 66.79, 70
2026/09/20 22:22:58.477, 100, 15766, 16380, 63.02, 72
2026/09/20 22:22:59.477, 100, 15766, 16380, 66.72, 70
2026/09/20 22:23:00.477, 100, 15766, 16380, 66.96, 72
2026/09/20 22:23:01.477, 100, 15766, 16380, 67.11, 71
2026/09/20 22:23:02.478, 100, 15766, 16380, 65.22, 71
2026/09/20 22:23:03.478, 98, 15766, 16380, 68.38, 71
2026/09/20 22:23:04.479, 97, 15766, 16380, 68.93, 71
2026/09/20 22:23:05.479, 99, 15766, 16380, 68.98, 71
2026/09/20 22:23:06.479, 97, 15766, 16380, 69.12, 70
2026/09/20 22:23:07.479, 97, 15766, 16380, 69.42, 71
2026/09/20 22:23:08.479, 98, 15766, 16380, 69.17, 71
2026/09/20 22:23:09.480, 97, 15766, 16380, 68.83, 71
2026/09/20 22:23:10.480, 98, 15766, 16380, 68.75, 71
2026/09/20 22:23:11.480, 98, 15766, 16380, 69.09, 70
2026/09/20 22:23:12.480, 97, 15766, 16380, 68.62, 71
2026/09/20 22:23:13.480, 97, 15766, 16380, 69.03, 71
2026/09/20 22:23:14.481, 97, 15766, 16380, 68.88, 71
2026/09/20 22:23:15.482, 100, 15766, 16380, 68.82, 71
2026/09/20 22:23:16.482, 100, 15766, 16380, 62.11, 70
2026/09/20 22:23:17.482, 100, 15766, 16380, 68.93, 71
2026/09/20 22:23:18.482, 100, 15766, 16380, 68.84, 71
2026/09/20 22:23:19.482, 100, 15766, 16380, 68.79, 71
2026/09/20 22:23:20.483, 100, 15766, 16380, 68.61, 71
2026/09/20 22:23:21.483, 100, 15766, 16380, 68.56, 71
2026/09/20 22:23:22.483, 100, 15766, 16380, 68.54, 71
2026/09/20 22:23:23.483, 100, 15766, 16380, 68.65, 71
2026/09/20 22:23:24.484, 100, 15766, 16380, 68.69, 71
2026/09/20 22:23:25.484, 100, 15766, 16380, 68.36, 70
2026/09/20 22:23:26.485, 100, 15766, 16380, 68.60, 71
2026/09/20 22:23:27.485, 100, 15766, 16380, 68.42, 71
2026/09/20 22:23:28.485, 100, 15766, 16380, 68.73, 72
2026/09/20 22:23:29.486, 100, 15766, 16380, 68.66, 71
2026/09/20 22:23:30.486, 100, 15766, 16380, 68.46, 71
2026/09/20 22:23:31.486, 100, 15766, 16380, 68.58, 71
2026/09/20 22:23:32.486, 100, 15766, 16380, 68.31, 71
2026/09/20 22:23:33.487, 100, 15766, 16380, 68.11, 71
2026/09/20 22:23:34.487, 100, 15766, 16380, 67.63, 71
2026/09/20 22:23:35.487, 100, 15766, 16380, 67.60, 71
2026/09/20 22:23:36.487, 100, 15766, 16380, 68.14, 71
2026/09/20 22:23:37.488, 100, 15766, 16380, 68.04, 70
2026/09/20 22:23:38.488, 100, 15766, 16380, 67.81, 71
2026/09/20 22:23:39.489, 100, 15766, 16380, 67.76, 72
2026/09/20 22:23:40.489, 100, 15766, 16380, 68.10, 70
2026/09/20 22:23:41.489, 100, 15766, 16380, 67.63, 71
2026/09/20 22:23:42.489, 100, 15766, 16380, 67.89, 71
2026/09/20 22:23:43.489, 100, 15766, 16380, 67.59, 71
2026/09/20 22:23:44.490, 100, 15766, 16380, 67.68, 70
2026/09/20 22:23:45.490, 100, 15766, 16380, 68.01, 72
2026/09/20 22:23:46.490, 100, 15766, 16380, 67.69, 71
2026/09/20 22:23:47.490, 100, 15766, 16380, 67.21, 72
2026/09/20 22:23:48.491, 100, 15766, 16380, 67.55, 72
2026/09/20 22:23:49.491, 100, 15766, 16380, 67.71, 72
2026/09/20 22:23:50.491, 100, 15766, 16380, 67.53, 71
2026/09/20 22:23:51.491, 100, 15766, 16380, 67.17, 71
2026/09/20 22:23:52.492, 100, 15766, 16380, 67.69, 70
2026/09/20 22:23:53.492, 100, 15766, 16380, 67.31, 70
2026/09/20 22:23:54.492, 100, 15766, 16380, 67.57, 72
2026/09/20 22:23:55.492, 100, 15766, 16380, 66.98, 71
2026/09/20 22:23:56.494, 100, 15766, 16380, 66.51, 72
2026/09/20 22:23:57.494, 100, 15766, 16380, 67.02, 71
2026/09/20 22:23:58.494, 100, 15766, 16380, 66.72, 70
2026/09/20 22:23:59.494, 100, 15766, 16380, 66.72, 71
2026/09/20 22:24:00.495, 100, 15766, 16380, 67.25, 71
2026/09/20 22:24:01.495, 100, 15766, 16380, 66.35, 72
2026/09/20 22:24:02.495, 100, 15766, 16380, 67.23, 72
2026/09/20 22:24:03.495, 100, 15766, 16380, 67.14, 72
2026/09/20 22:24:04.496, 100, 15766, 16380, 66.25, 71
2026/09/20 22:24:05.496, 100, 15766, 16380, 66.70, 71
2026/09/20 22:24:06.496, 100, 15766, 16380, 66.90, 72
2026/09/20 22:24:07.496, 100, 15766, 16380, 67.47, 71
2026/09/20 22:24:08.496, 100, 15766, 16380, 69.11, 72
2026/09/20 22:24:09.497, 100, 15766, 16380, 67.43, 73
2026/09/20 22:24:10.497, 100, 15766, 16380, 66.21, 73
2026/09/20 22:24:11.498, 100, 15766, 16380, 66.89, 71
2026/09/20 22:24:12.498, 100, 15766, 16380, 67.71, 72
2026/09/20 22:24:13.498, 100, 15766, 16380, 66.69, 72
2026/09/20 22:24:14.498, 100, 15766, 16380, 66.48, 73
2026/09/20 22:24:15.499, 100, 15766, 16380, 66.93, 71
2026/09/20 22:24:16.499, 100, 15766, 16380, 66.05, 72
2026/09/20 22:24:17.499, 100, 15766, 16380, 67.28, 73
2026/09/20 22:24:18.499, 100, 15766, 16380, 67.03, 72
2026/09/20 22:24:19.499, 100, 15766, 16380, 65.98, 72
2026/09/20 22:24:20.500, 100, 15766, 16380, 67.29, 70
2026/09/20 22:24:21.501, 100, 15766, 16380, 66.07, 72
2026/09/20 22:24:22.501, 100, 15766, 16380, 66.99, 70
2026/09/20 22:24:23.501, 100, 15766, 16380, 67.03, 71
2026/09/20 22:24:24.501, 100, 15766, 16380, 68.59, 71
2026/09/20 22:24:25.502, 100, 15766, 16380, 66.60, 72
2026/09/20 22:24:26.502, 100, 15766, 16380, 67.32, 72
2026/09/20 22:24:27.503, 100, 15766, 16380, 67.68, 73
2026/09/20 22:24:28.503, 100, 15766, 16380, 66.36, 71
2026/09/20 22:24:29.503, 100, 15766, 16380, 68.54, 71
2026/09/20 22:24:30.503, 100, 15766, 16380, 67.13, 72
2026/09/20 22:24:31.504, 100, 15766, 16380, 66.52, 70
2026/09/20 22:24:32.504, 68, 15766, 16380, 64.39, 71
2026/09/20 22:24:33.504, 100, 15766, 16380, 66.68, 73
2026/09/20 22:24:34.504, 100, 15766, 16380, 67.32, 71
2026/09/20 22:24:35.504, 100, 15766, 16380, 66.47, 72
2026/09/20 22:24:36.505, 66, 15766, 16380, 65.55, 66
2026/09/20 22:24:37.505, 100, 15766, 16380, 65.02, 71
2026/09/20 22:24:38.505, 97, 15766, 16380, 68.25, 71
2026/09/20 22:24:39.505, 97, 15766, 16380, 69.05, 71
2026/09/20 22:24:40.506, 96, 15766, 16380, 69.29, 71
2026/09/20 22:24:41.506, 97, 15766, 16380, 69.20, 71
2026/09/20 22:24:42.506, 100, 15766, 16380, 68.87, 71
2026/09/20 22:24:43.507, 99, 15766, 16380, 69.01, 71
2026/09/20 22:24:44.507, 95, 15766, 16380, 68.95, 71
2026/09/20 22:24:45.507, 97, 15766, 16380, 68.84, 71
2026/09/20 22:24:46.507, 97, 15766, 16380, 68.73, 71
2026/09/20 22:24:47.507, 98, 15766, 16380, 69.03, 71
2026/09/20 22:24:48.508, 99, 15766, 16380, 69.11, 71
2026/09/20 22:24:49.509, 97, 15766, 16380, 68.98, 72
2026/09/20 22:24:50.510, 97, 15766, 16380, 68.86, 72
2026/09/20 22:24:51.510, 100, 15766, 16380, 62.37, 71
2026/09/20 22:24:52.510, 100, 15766, 16380, 69.18, 71
2026/09/20 22:24:53.510, 100, 15766, 16380, 69.13, 71
2026/09/20 22:24:54.510, 100, 15766, 16380, 68.82, 71
2026/09/20 22:24:55.511, 100, 15766, 16380, 68.85, 71
2026/09/20 22:24:56.511, 100, 15766, 16380, 68.60, 71
2026/09/20 22:24:57.511, 100, 15766, 16380, 68.54, 71
2026/09/20 22:24:58.511, 100, 15766, 16380, 68.82, 71
2026/09/20 22:24:59.511, 100, 15766, 16380, 68.68, 72
2026/09/20 22:25:00.512, 100, 15766, 16380, 68.44, 71
2026/09/20 22:25:01.512, 100, 15766, 16380, 68.53, 71
2026/09/20 22:25:02.513, 100, 15766, 16380, 68.37, 72
2026/09/20 22:25:03.513, 100, 15766, 16380, 68.43, 71
2026/09/20 22:25:04.513, 100, 15766, 16380, 68.14, 71
2026/09/20 22:25:05.514, 100, 15766, 16380, 68.14, 71
2026/09/20 22:25:06.514, 100, 15766, 16380, 68.09, 71
2026/09/20 22:25:07.514, 100, 15766, 16380, 67.43, 71
2026/09/20 22:25:08.514, 100, 15766, 16380, 67.76, 72
2026/09/20 22:25:09.514, 100, 15766, 16380, 68.26, 71
2026/09/20 22:25:10.515, 100, 15766, 16380, 68.03, 71
2026/09/20 22:25:11.515, 100, 15766, 16380, 67.33, 71
2026/09/20 22:25:12.515, 100, 15766, 16380, 68.25, 70
2026/09/20 22:25:13.515, 100, 15766, 16380, 67.93, 72
2026/09/20 22:25:14.515, 100, 15766, 16380, 67.32, 72
2026/09/20 22:25:15.516, 100, 15766, 16380, 67.68, 70
2026/09/20 22:25:16.516, 100, 15766, 16380, 67.61, 71
2026/09/20 22:25:17.516, 100, 15766, 16380, 67.75, 70
2026/09/20 22:25:18.516, 100, 15766, 16380, 67.31, 72
2026/09/20 22:25:19.517, 100, 15766, 16380, 67.55, 70
2026/09/20 22:25:20.517, 100, 15766, 16380, 68.14, 72
2026/09/20 22:25:21.517, 100, 15766, 16380, 67.13, 71
2026/09/20 22:25:22.517, 100, 15766, 16380, 67.25, 72
2026/09/20 22:25:23.517, 100, 15766, 16380, 67.08, 73
2026/09/20 22:25:24.518, 100, 15766, 16380, 67.19, 71
2026/09/20 22:25:25.518, 100, 15766, 16380, 67.64, 72
2026/09/20 22:25:26.518, 100, 15766, 16380, 67.33, 72
2026/09/20 22:25:27.518, 100, 15766, 16380, 67.47, 72
2026/09/20 22:25:28.520, 100, 15766, 16380, 67.48, 70
2026/09/20 22:25:29.520, 100, 15766, 16380, 67.51, 70
2026/09/20 22:25:30.520, 100, 15766, 16380, 66.76, 72
2026/09/20 22:25:31.520, 100, 15766, 16380, 66.68, 72
2026/09/20 22:25:32.521, 100, 15766, 16380, 66.83, 72
2026/09/20 22:25:33.521, 100, 15766, 16380, 67.52, 72
2026/09/20 22:25:34.522, 100, 15766, 16380, 66.85, 72
2026/09/20 22:25:35.522, 100, 15766, 16380, 67.27, 72
2026/09/20 22:25:36.522, 100, 15766, 16380, 66.32, 73
2026/09/20 22:25:37.523, 100, 15766, 16380, 66.86, 72
2026/09/20 22:25:38.523, 100, 15766, 16380, 67.07, 72
2026/09/20 22:25:39.523, 100, 15766, 16380, 66.27, 72
2026/09/20 22:25:40.523, 100, 15766, 16380, 66.63, 73
2026/09/20 22:25:41.523, 100, 15766, 16380, 66.70, 73
2026/09/20 22:25:42.524, 100, 15766, 16380, 67.08, 71
2026/09/20 22:25:43.524, 100, 15766, 16380, 67.93, 71
2026/09/20 22:25:44.524, 100, 15766, 16380, 67.73, 72
2026/09/20 22:25:45.524, 100, 15766, 16380, 66.48, 72
2026/09/20 22:25:46.524, 100, 15766, 16380, 66.59, 72
2026/09/20 22:25:47.525, 100, 15766, 16380, 66.69, 72
2026/09/20 22:25:48.525, 100, 15766, 16380, 67.09, 72
2026/09/20 22:25:49.525, 100, 15766, 16380, 66.29, 73
2026/09/20 22:25:50.526, 100, 15766, 16380, 67.88, 72
2026/09/20 22:25:51.527, 100, 15766, 16380, 67.82, 72
2026/09/20 22:25:52.527, 100, 15766, 16380, 66.10, 73
2026/09/20 22:25:53.527, 100, 15766, 16380, 67.64, 72
2026/09/20 22:25:54.527, 100, 15766, 16380, 66.71, 72
2026/09/20 22:25:55.527, 100, 15766, 16380, 66.57, 70
2026/09/20 22:25:56.528, 100, 15766, 16380, 66.20, 72
2026/09/20 22:25:57.528, 100, 15766, 16380, 67.47, 70
2026/09/20 22:25:58.528, 100, 15766, 16380, 66.78, 72
2026/09/20 22:25:59.528, 100, 15766, 16380, 67.98, 70
2026/09/20 22:26:00.528, 100, 15766, 16380, 68.08, 72
2026/09/20 22:26:01.529, 100, 15766, 16380, 65.68, 71
2026/09/20 22:26:02.529, 100, 15766, 16380, 66.53, 73
2026/09/20 22:26:03.529, 100, 15766, 16380, 67.08, 71
2026/09/20 22:26:04.530, 100, 15766, 16380, 66.51, 74
2026/09/20 22:26:05.532, 100, 15766, 16380, 66.66, 72
2026/09/20 22:26:06.532, 100, 15766, 16380, 67.26, 71
2026/09/20 22:26:07.532, 100, 15766, 16380, 66.96, 72
2026/09/20 22:26:08.532, 100, 15766, 16380, 63.56, 73
2026/09/20 22:26:09.532, 100, 15766, 16380, 66.32, 71
2026/09/20 22:26:10.533, 100, 15766, 16380, 66.67, 71
2026/09/20 22:26:11.533, 100, 15766, 16380, 66.58, 71
2026/09/20 22:26:12.533, 100, 15766, 16380, 64.79, 70
2026/09/20 22:26:13.533, 99, 15766, 16380, 67.80, 70
2026/09/20 22:26:14.533, 96, 15766, 16380, 69.03, 71
2026/09/20 22:26:15.534, 97, 15766, 16380, 68.85, 71
2026/09/20 22:26:16.534, 97, 15766, 16380, 68.89, 71
2026/09/20 22:26:17.534, 95, 15766, 16380, 66.97, 71
2026/09/20 22:26:18.534, 96, 15766, 16380, 68.75, 71
2026/09/20 22:26:19.535, 97, 15766, 16380, 68.81, 71
2026/09/20 22:26:20.536, 98, 15766, 16380, 68.53, 70
2026/09/20 22:26:21.536, 99, 15766, 16380, 68.79, 70
2026/09/20 22:26:22.536, 96, 15766, 16380, 69.12, 71
2026/09/20 22:26:23.536, 95, 15766, 16380, 68.82, 71
2026/09/20 22:26:24.537, 97, 15766, 16380, 68.72, 71
2026/09/20 22:26:25.537, 98, 15766, 16380, 68.66, 71
2026/09/20 22:26:26.538, 53, 15766, 16380, 62.86, 73
2026/09/20 22:26:27.538, 100, 15766, 16380, 69.00, 71
2026/09/20 22:26:28.538, 100, 15766, 16380, 69.13, 71
2026/09/20 22:26:29.538, 100, 15766, 16380, 68.91, 71
2026/09/20 22:26:30.538, 100, 15766, 16380, 68.74, 71
2026/09/20 22:26:31.539, 100, 15766, 16380, 68.66, 71
2026/09/20 22:26:32.539, 100, 15766, 16380, 69.17, 71
2026/09/20 22:26:33.539, 100, 15766, 16380, 69.09, 71
2026/09/20 22:26:34.539, 100, 15766, 16380, 68.46, 71
2026/09/20 22:26:35.540, 100, 15766, 16380, 68.59, 71
2026/09/20 22:26:36.540, 100, 15766, 16380, 68.72, 71
2026/09/20 22:26:37.540, 100, 15766, 16380, 68.75, 72
2026/09/20 22:26:38.540, 100, 15766, 16380, 68.31, 71
2026/09/20 22:26:39.542, 100, 15766, 16380, 68.17, 71
2026/09/20 22:26:40.542, 100, 15766, 16380, 67.88, 71
2026/09/20 22:26:41.542, 100, 15766, 16380, 68.39, 71
2026/09/20 22:26:42.542, 100, 15766, 16380, 67.80, 71
2026/09/20 22:26:43.543, 100, 15766, 16380, 67.91, 72
2026/09/20 22:26:44.543, 100, 15766, 16380, 68.04, 71
2026/09/20 22:26:45.543, 100, 15766, 16380, 68.10, 70
2026/09/20 22:26:46.543, 100, 15766, 16380, 68.42, 71
2026/09/20 22:26:47.543, 100, 15766, 16380, 67.61, 71
2026/09/20 22:26:48.544, 100, 15766, 16380, 67.53, 72
2026/09/20 22:26:49.544, 100, 15766, 16380, 67.56, 71
2026/09/20 22:26:50.544, 100, 15766, 16380, 67.02, 72
2026/09/20 22:26:51.544, 100, 15766, 16380, 67.47, 71
2026/09/20 22:26:52.545, 100, 15766, 16380, 66.98, 71
2026/09/20 22:26:53.545, 100, 15766, 16380, 67.85, 70
2026/09/20 22:26:54.545, 100, 15766, 16380, 67.34, 72
2026/09/20 22:26:55.546, 100, 15766, 16380, 67.94, 71
2026/09/20 22:26:56.546, 100, 15766, 16380, 67.71, 72
2026/09/20 22:26:57.546, 100, 15766, 16380, 68.38, 72
2026/09/20 22:26:58.547, 100, 15766, 16380, 67.66, 71
2026/09/20 22:26:59.547, 100, 15766, 16380, 67.90, 72
2026/09/20 22:27:00.547, 100, 15766, 16380, 68.07, 71
2026/09/20 22:27:01.548, 100, 15766, 16380, 67.31, 72
2026/09/20 22:27:02.548, 100, 15766, 16380, 67.74, 72
2026/09/20 22:27:03.548, 100, 15766, 16380, 67.74, 72
2026/09/20 22:27:04.548, 100, 15766, 16380, 67.17, 72
2026/09/20 22:27:05.548, 100, 15766, 16380, 67.34, 71
2026/09/20 22:27:06.549, 100, 15766, 16380, 66.51, 70
2026/09/20 22:27:07.549, 100, 15766, 16380, 67.68, 70
2026/09/20 22:27:08.549, 100, 15766, 16380, 67.43, 72
2026/09/20 22:27:09.549, 100, 15766, 16380, 67.50, 70
2026/09/20 22:27:10.550, 100, 15766, 16380, 67.30, 72
2026/09/20 22:27:11.551, 100, 15766, 16380, 68.25, 73
2026/09/20 22:27:12.551, 100, 15766, 16380, 67.93, 72
2026/09/20 22:27:13.551, 100, 15766, 16380, 67.86, 72
2026/09/20 22:27:14.551, 100, 15766, 16380, 67.25, 72
2026/09/20 22:27:15.552, 100, 15766, 16380, 67.66, 70
2026/09/20 22:27:16.552, 100, 15766, 16380, 67.11, 70
2026/09/20 22:27:17.552, 100, 15766, 16380, 66.42, 72
2026/09/20 22:27:18.552, 100, 15766, 16380, 66.96, 72
2026/09/20 22:27:19.553, 100, 15766, 16380, 66.85, 72
2026/09/20 22:27:20.553, 100, 15766, 16380, 67.28, 70
2026/09/20 22:27:21.553, 100, 15766, 16380, 66.90, 71
2026/09/20 22:27:22.553, 100, 15766, 16380, 66.63, 72
2026/09/20 22:27:23.554, 100, 15766, 16380, 66.92, 73
2026/09/20 22:27:24.554, 100, 15766, 16380, 68.04, 70
2026/09/20 22:27:25.554, 100, 15766, 16380, 66.80, 71
2026/09/20 22:27:26.555, 100, 15766, 16380, 66.68, 72
2026/09/20 22:27:27.555, 100, 15766, 16380, 67.93, 70
2026/09/20 22:27:28.555, 100, 15766, 16380, 67.11, 73
2026/09/20 22:27:29.556, 100, 15766, 16380, 67.38, 72
2026/09/20 22:27:30.556, 100, 15766, 16380, 66.84, 71
2026/09/20 22:27:31.556, 100, 15766, 16380, 66.59, 72
2026/09/20 22:27:32.557, 100, 15766, 16380, 66.61, 71
2026/09/20 22:27:33.557, 100, 15766, 16380, 66.82, 72
2026/09/20 22:27:34.557, 100, 15766, 16380, 65.99, 72
2026/09/20 22:27:35.557, 100, 15766, 16380, 66.30, 73
2026/09/20 22:27:36.558, 100, 15766, 16380, 66.87, 71
2026/09/20 22:27:37.558, 100, 15766, 16380, 66.51, 70
2026/09/20 22:27:38.558, 100, 15766, 16380, 66.40, 72
2026/09/20 22:27:39.558, 100, 15766, 16380, 66.86, 71
2026/09/20 22:27:40.559, 100, 15766, 16380, 67.36, 72
2026/09/20 22:27:41.560, 100, 15766, 16380, 66.46, 72
2026/09/20 22:27:42.560, 100, 15766, 16380, 66.95, 73
2026/09/20 22:27:43.560, 100, 15766, 16380, 64.70, 70
2026/09/20 22:27:44.560, 100, 15766, 16380, 66.66, 73
2026/09/20 22:27:45.560, 100, 15766, 16380, 66.18, 71
2026/09/20 22:27:46.561, 100, 15766, 16380, 66.07, 71
2026/09/20 22:27:47.561, 100, 15766, 16380, 64.90, 70
2026/09/20 22:27:48.561, 97, 15766, 16380, 66.55, 71
2026/09/20 22:27:49.561, 98, 15766, 16380, 69.11, 71
2026/09/20 22:27:50.561, 99, 15766, 16380, 69.05, 71
2026/09/20 22:27:51.562, 99, 15766, 16380, 68.92, 71
2026/09/20 22:27:52.562, 97, 15766, 16380, 68.94, 70
2026/09/20 22:27:53.562, 97, 15766, 16380, 68.85, 71
2026/09/20 22:27:54.562, 97, 15766, 16380, 68.74, 71
2026/09/20 22:27:55.563, 98, 15766, 16380, 68.53, 71
2026/09/20 22:27:56.564, 99, 15766, 16380, 69.27, 71
2026/09/20 22:27:57.564, 97, 15766, 16380, 69.00, 70
2026/09/20 22:27:58.564, 97, 15766, 16380, 69.06, 72
2026/09/20 22:27:59.564, 97, 15766, 16380, 68.59, 71
2026/09/20 22:28:00.565, 99, 15766, 16380, 68.98, 71
2026/09/20 22:28:01.565, 97, 15766, 16380, 68.84, 70
2026/09/20 22:28:02.565, 100, 15766, 16380, 61.57, 71
2026/09/20 22:28:03.565, 100, 15766, 16380, 68.98, 71
2026/09/20 22:28:04.566, 100, 15766, 16380, 68.87, 71
2026/09/20 22:28:05.567, 100, 15766, 16380, 68.72, 71
2026/09/20 22:28:06.567, 100, 15766, 16380, 68.55, 71
2026/09/20 22:28:07.567, 100, 15766, 16380, 68.53, 71
2026/09/20 22:28:08.567, 100, 15766, 16380, 68.53, 71
2026/09/20 22:28:09.567, 100, 15766, 16380, 68.63, 71
2026/09/20 22:28:10.568, 100, 15766, 16380, 68.66, 71
2026/09/20 22:28:11.568, 100, 15766, 16380, 68.49, 72
2026/09/20 22:28:12.568, 100, 15766, 16380, 68.58, 71
2026/09/20 22:28:13.568, 100, 15766, 16380, 68.22, 72
2026/09/20 22:28:14.568, 100, 15766, 16380, 68.53, 71
2026/09/20 22:28:15.568, 100, 15766, 16380, 67.94, 71
2026/09/20 22:28:16.569, 100, 15766, 16380, 68.13, 71
2026/09/20 22:28:17.570, 100, 15766, 16380, 67.89, 71
2026/09/20 22:28:18.570, 100, 15766, 16380, 68.02, 71
2026/09/20 22:28:19.570, 100, 15766, 16380, 68.19, 71
2026/09/20 22:28:20.570, 100, 15766, 16380, 67.75, 71
2026/09/20 22:28:21.570, 100, 15766, 16380, 67.62, 71
2026/09/20 22:28:22.571, 100, 15766, 16380, 67.63, 71
2026/09/20 22:28:23.571, 100, 15766, 16380, 68.23, 70
2026/09/20 22:28:24.571, 100, 15766, 16380, 67.66, 71
2026/09/20 22:28:25.571, 100, 15766, 16380, 67.30, 71
2026/09/20 22:28:26.572, 100, 15766, 16380, 67.86, 71
2026/09/20 22:28:27.572, 100, 15766, 16380, 67.54, 72
2026/09/20 22:28:28.572, 100, 15766, 16380, 67.73, 71
2026/09/20 22:28:29.572, 100, 15766, 16380, 67.55, 72
2026/09/20 22:28:30.573, 100, 15766, 16380, 67.61, 71
2026/09/20 22:28:31.573, 100, 15766, 16380, 67.36, 72
2026/09/20 22:28:32.573, 100, 15766, 16380, 67.02, 71
2026/09/20 22:28:33.573, 100, 15766, 16380, 67.82, 70
2026/09/20 22:28:34.574, 100, 15766, 16380, 67.32, 72
2026/09/20 22:28:35.574, 100, 15766, 16380, 67.48, 72
2026/09/20 22:28:36.574, 100, 15766, 16380, 67.68, 70
2026/09/20 22:28:37.574, 100, 15766, 16380, 67.81, 70
2026/09/20 22:28:38.575, 100, 15766, 16380, 67.82, 72
2026/09/20 22:28:39.575, 100, 15766, 16380, 67.21, 71
2026/09/20 22:28:40.575, 100, 15766, 16380, 67.68, 71
2026/09/20 22:28:41.575, 100, 15766, 16380, 67.46, 70
2026/09/20 22:28:42.575, 100, 15766, 16380, 67.72, 71
2026/09/20 22:28:43.576, 100, 15766, 16380, 68.10, 72
2026/09/20 22:28:44.576, 100, 15766, 16380, 67.04, 71
2026/09/20 22:28:45.576, 100, 15766, 16380, 66.72, 72
2026/09/20 22:28:46.577, 100, 15766, 16380, 66.47, 72
2026/09/20 22:28:47.577, 100, 15766, 16380, 66.93, 71
2026/09/20 22:28:48.577, 100, 15766, 16380, 67.16, 72
2026/09/20 22:28:49.578, 100, 15766, 16380, 66.46, 73
2026/09/20 22:28:50.578, 100, 15766, 16380, 67.29, 70
2026/09/20 22:28:51.578, 100, 15766, 16380, 67.37, 70
2026/09/20 22:28:52.578, 100, 15766, 16380, 67.65, 70
2026/09/20 22:28:53.579, 100, 15766, 16380, 67.66, 72
2026/09/20 22:28:54.579, 100, 15766, 16380, 67.07, 72
2026/09/20 22:28:55.579, 100, 15766, 16380, 66.16, 71
2026/09/20 22:28:56.579, 100, 15766, 16380, 67.64, 70
2026/09/20 22:28:57.581, 100, 15766, 16380, 67.46, 71
2026/09/20 22:28:58.582, 100, 15766, 16380, 67.13, 72
2026/09/20 22:28:59.582, 100, 15766, 16380, 66.15, 73
2026/09/20 22:29:00.583, 100, 15766, 16380, 67.03, 70
2026/09/20 22:29:01.583, 100, 15766, 16380, 66.66, 72
2026/09/20 22:29:02.583, 100, 15766, 16380, 66.22, 73
2026/09/20 22:29:03.583, 100, 15766, 16380, 67.24, 70
2026/09/20 22:29:04.584, 100, 15766, 16380, 66.48, 72
2026/09/20 22:29:05.584, 100, 15766, 16380, 66.79, 70
2026/09/20 22:29:06.584, 100, 15766, 16380, 67.07, 72
2026/09/20 22:29:07.584, 100, 15766, 16380, 67.33, 70
2026/09/20 22:29:08.584, 100, 15766, 16380, 67.07, 71
2026/09/20 22:29:09.585, 100, 15766, 16380, 66.06, 73
2026/09/20 22:29:10.585, 100, 15766, 16380, 66.53, 72
2026/09/20 22:29:11.585, 100, 15766, 16380, 65.93, 71
2026/09/20 22:29:12.586, 100, 15766, 16380, 66.81, 73
2026/09/20 22:29:13.586, 100, 15766, 16380, 66.70, 71
2026/09/20 22:29:14.586, 100, 15766, 16380, 67.84, 72
2026/09/20 22:29:15.587, 100, 15766, 16380, 65.22, 74
2026/09/20 22:29:16.587, 100, 15766, 16380, 67.88, 71
2026/09/20 22:29:17.587, 100, 15766, 16380, 67.02, 72
2026/09/20 22:29:18.587, 56, 15766, 16380, 64.59, 69
2026/09/20 22:29:19.587, 100, 15766, 16380, 65.36, 72
2026/09/20 22:29:20.588, 100, 15766, 16380, 66.86, 72
2026/09/20 22:29:21.588, 100, 15766, 16380, 65.80, 71
2026/09/20 22:29:22.588, 100, 15766, 16380, 67.03, 71
2026/09/20 22:29:23.588, 100, 15766, 16380, 64.66, 71
2026/09/20 22:29:24.589, 98, 15766, 16380, 68.05, 71
2026/09/20 22:29:25.589, 99, 15766, 16380, 69.00, 70
2026/09/20 22:29:26.589, 97, 15766, 16380, 68.98, 71
2026/09/20 22:29:27.590, 96, 15766, 16380, 69.21, 71
2026/09/20 22:29:28.590, 97, 15766, 16380, 68.91, 71
2026/09/20 22:29:29.590, 86, 15766, 16380, 68.40, 69
2026/09/20 22:29:30.590, 96, 15766, 16380, 68.38, 71
2026/09/20 22:29:31.591, 97, 15766, 16380, 69.27, 71
2026/09/20 22:29:32.591, 97, 15766, 16380, 68.84, 71
2026/09/20 22:29:33.592, 98, 15766, 16380, 68.84, 71
2026/09/20 22:29:34.592, 99, 15766, 16380, 68.88, 70
2026/09/20 22:29:35.592, 97, 15766, 16380, 69.18, 71
2026/09/20 22:29:36.592, 97, 15766, 16380, 69.03, 71
2026/09/20 22:29:37.593, 0, 15766, 16380, 47.09, 64
2026/09/20 22:29:38.593, 100, 15766, 16380, 35.83, 69
2026/09/20 22:29:39.593, 100, 15766, 16380, 69.03, 70
2026/09/20 22:29:40.593, 100, 15766, 16380, 68.95, 71
2026/09/20 22:29:41.593, 100, 15766, 16380, 68.79, 71
2026/09/20 22:29:42.594, 100, 15766, 16380, 68.63, 70
2026/09/20 22:29:43.594, 100, 15766, 16380, 68.70, 71
2026/09/20 22:29:44.594, 100, 15766, 16380, 68.67, 71
2026/09/20 22:29:45.594, 100, 15766, 16380, 68.65, 71
2026/09/20 22:29:46.595, 100, 15766, 16380, 68.77, 71
2026/09/20 22:29:47.596, 100, 15766, 16380, 68.40, 71
2026/09/20 22:29:48.596, 100, 15766, 16380, 68.61, 71
2026/09/20 22:29:49.597, 100, 15766, 16380, 68.56, 71
2026/09/20 22:29:50.597, 100, 15766, 16380, 68.77, 71
2026/09/20 22:29:51.598, 100, 15766, 16380, 68.56, 70
2026/09/20 22:29:52.598, 100, 15766, 16380, 68.37, 70
2026/09/20 22:29:53.598, 100, 15766, 16380, 68.49, 71
2026/09/20 22:29:54.598, 100, 15766, 16380, 68.08, 71
2026/09/20 22:29:55.598, 100, 15766, 16380, 68.18, 71
2026/09/20 22:29:56.599, 100, 15766, 16380, 67.60, 71
2026/09/20 22:29:57.599, 100, 15766, 16380, 67.64, 72
2026/09/20 22:29:58.601, 100, 15766, 16380, 68.22, 70
2026/09/20 22:29:59.602, 100, 15766, 16380, 68.18, 71
2026/09/20 22:30:00.602, 100, 15766, 16380, 68.24, 71
2026/09/20 22:30:01.602, 100, 15766, 16380, 67.62, 71
2026/09/20 22:30:02.602, 100, 15766, 16380, 68.12, 71
2026/09/20 22:30:03.603, 100, 15766, 16380, 67.42, 71
2026/09/20 22:30:04.619, 100, 15857, 16380, 67.53, 71
2026/09/20 22:30:05.619, 100, 15766, 16380, 67.87, 71
2026/09/20 22:30:06.679, 100, 15766, 16380, 64.96, 72
2026/09/20 22:30:07.679, 100, 15766, 16380, 67.53, 71
2026/09/20 22:30:08.679, 100, 15766, 16380, 67.67, 70
2026/09/20 22:30:09.680, 100, 15766, 16380, 67.87, 71
2026/09/20 22:30:10.680, 100, 15766, 16380, 67.99, 70
2026/09/20 22:30:11.680, 100, 15766, 16380, 67.61, 72
2026/09/20 22:30:12.680, 100, 15766, 16380, 67.74, 72
2026/09/20 22:30:13.680, 100, 15766, 16380, 67.77, 72
2026/09/20 22:30:14.681, 100, 15766, 16380, 67.58, 72
2026/09/20 22:30:15.681, 100, 15766, 16380, 67.79, 72
2026/09/20 22:30:16.682, 100, 15766, 16380, 66.99, 72
2026/09/20 22:30:17.682, 100, 15766, 16380, 67.17, 71
2026/09/20 22:30:18.683, 100, 15766, 16380, 67.33, 72
2026/09/20 22:30:19.683, 100, 15766, 16380, 67.26, 71
2026/09/20 22:30:20.683, 100, 15766, 16380, 67.93, 71
2026/09/20 22:30:21.683, 100, 15766, 16380, 67.46, 70
2026/09/20 22:30:22.683, 100, 15766, 16380, 67.28, 71
2026/09/20 22:30:23.684, 100, 15766, 16380, 66.27, 72
2026/09/20 22:30:24.684, 100, 15766, 16380, 66.94, 70
2026/09/20 22:30:25.684, 100, 15766, 16380, 67.42, 70
2026/09/20 22:30:26.684, 100, 15766, 16380, 67.43, 71
2026/09/20 22:30:27.685, 100, 15766, 16380, 67.63, 71
2026/09/20 22:30:28.685, 100, 15766, 16380, 68.20, 71
2026/09/20 22:30:29.685, 100, 15766, 16380, 67.53, 71
2026/09/20 22:30:30.685, 100, 15766, 16380, 66.65, 72
2026/09/20 22:30:31.689, 100, 15766, 16380, 66.87, 72
2026/09/20 22:30:32.689, 100, 15766, 16380, 67.29, 70
2026/09/20 22:30:33.689, 100, 15766, 16380, 67.80, 71
2026/09/20 22:30:34.689, 100, 15766, 16380, 68.11, 72
2026/09/20 22:30:35.689, 100, 15766, 16380, 66.70, 73
2026/09/20 22:30:36.690, 100, 15766, 16380, 67.14, 70
2026/09/20 22:30:37.690, 100, 15766, 16380, 66.84, 72
2026/09/20 22:30:38.690, 100, 15766, 16380, 66.63, 72
2026/09/20 22:30:39.690, 100, 15766, 16380, 67.00, 70
2026/09/20 22:30:40.690, 100, 15766, 16380, 66.61, 72
2026/09/20 22:30:41.691, 100, 15766, 16380, 66.25, 73
2026/09/20 22:30:42.691, 100, 15766, 16380, 67.22, 70
2026/09/20 22:30:43.691, 100, 15766, 16380, 66.67, 73
2026/09/20 22:30:44.692, 100, 15766, 16380, 67.01, 71
2026/09/20 22:30:45.692, 100, 15766, 16380, 67.59, 72
2026/09/20 22:30:46.692, 100, 15766, 16380, 66.70, 72
2026/09/20 22:30:47.693, 100, 15766, 16380, 67.32, 73
2026/09/20 22:30:48.693, 100, 15766, 16380, 66.65, 70
2026/09/20 22:30:49.693, 100, 15766, 16380, 66.32, 70
2026/09/20 22:30:50.693, 100, 15766, 16380, 67.01, 72
2026/09/20 22:30:51.694, 100, 15766, 16380, 66.56, 73
2026/09/20 22:30:52.694, 100, 15766, 16380, 65.97, 72
2026/09/20 22:30:53.694, 100, 15766, 16380, 66.90, 71
2026/09/20 22:30:54.694, 100, 15766, 16380, 66.51, 73
2026/09/20 22:30:55.694, 100, 15766, 16380, 63.42, 70
2026/09/20 22:30:56.695, 100, 15766, 16380, 66.19, 72
2026/09/20 22:30:57.695, 100, 15766, 16380, 66.61, 71
2026/09/20 22:30:58.695, 100, 15766, 16380, 67.53, 70
2026/09/20 22:30:59.695, 100, 15766, 16380, 65.97, 71
2026/09/20 22:31:00.697, 97, 15766, 16380, 66.92, 71
2026/09/20 22:31:01.697, 41, 15766, 16380, 66.04, 71
2026/09/20 22:31:02.697, 97, 15766, 16380, 66.97, 71
2026/09/20 22:31:03.697, 98, 15766, 16380, 69.40, 70
2026/09/20 22:31:04.698, 99, 15766, 16380, 69.43, 71
2026/09/20 22:31:05.699, 97, 15766, 16380, 69.12, 71
2026/09/20 22:31:06.700, 97, 15766, 16380, 68.55, 71
2026/09/20 22:31:07.700, 96, 15766, 16380, 68.85, 71
2026/09/20 22:31:08.700, 98, 15766, 16380, 68.68, 71
2026/09/20 22:31:09.700, 100, 15766, 16380, 69.24, 71
2026/09/20 22:31:10.700, 97, 15766, 16380, 69.31, 71
2026/09/20 22:31:11.701, 96, 15766, 16380, 69.20, 71
2026/09/20 22:31:12.701, 97, 15766, 16380, 68.65, 71
2026/09/20 22:31:13.701, 98, 15766, 16380, 68.93, 68
2026/09/20 22:31:14.701, 100, 15766, 16380, 62.53, 71
2026/09/20 22:31:15.701, 100, 15766, 16380, 68.86, 71
2026/09/20 22:31:16.702, 100, 15766, 16380, 68.71, 71
2026/09/20 22:31:17.702, 100, 15766, 16380, 68.73, 71
2026/09/20 22:31:18.702, 100, 15766, 16380, 68.55, 71
2026/09/20 22:31:19.702, 100, 15766, 16380, 68.62, 71
2026/09/20 22:31:20.703, 100, 15766, 16380, 68.50, 71
2026/09/20 22:31:21.704, 100, 15766, 16380, 68.56, 71
2026/09/20 22:31:22.704, 100, 15766, 16380, 68.92, 71
2026/09/20 22:31:23.704, 100, 15766, 16380, 68.31, 71
2026/09/20 22:31:24.704, 100, 15766, 16380, 68.39, 71
2026/09/20 22:31:25.705, 100, 15766, 16380, 68.54, 71
2026/09/20 22:31:26.705, 100, 15766, 16380, 68.47, 71
2026/09/20 22:31:27.705, 100, 15766, 16380, 68.19, 71
2026/09/20 22:31:28.705, 100, 15766, 16380, 67.99, 71
2026/09/20 22:31:29.706, 100, 15766, 16380, 67.71, 72
2026/09/20 22:31:30.706, 100, 15766, 16380, 67.70, 71
2026/09/20 22:31:31.706, 100, 15766, 16380, 67.66, 72
2026/09/20 22:31:32.706, 100, 15766, 16380, 68.10, 72
2026/09/20 22:31:33.706, 100, 15766, 16380, 68.02, 70
2026/09/20 22:31:34.707, 100, 15766, 16380, 67.42, 72
2026/09/20 22:31:35.708, 100, 15766, 16380, 67.94, 72
2026/09/20 22:31:36.708, 100, 15766, 16380, 68.10, 71
2026/09/20 22:31:37.708, 100, 15766, 16380, 67.34, 71
2026/09/20 22:31:38.708, 100, 15766, 16380, 68.18, 72
2026/09/20 22:31:39.708, 100, 15766, 16380, 67.71, 72
2026/09/20 22:31:40.709, 100, 15766, 16380, 68.09, 72
2026/09/20 22:31:41.709, 100, 15766, 16380, 67.98, 72
2026/09/20 22:31:42.709, 100, 15766, 16380, 67.81, 72
2026/09/20 22:31:43.709, 100, 15766, 16380, 67.77, 71
2026/09/20 22:31:44.710, 100, 15766, 16380, 67.43, 71
2026/09/20 22:31:45.710, 100, 15766, 16380, 67.28, 71
2026/09/20 22:31:46.710, 100, 15766, 16380, 67.05, 71
2026/09/20 22:31:47.710, 100, 15766, 16380, 67.72, 72
2026/09/20 22:31:48.710, 100, 15766, 16380, 67.28, 72
2026/09/20 22:31:49.711, 100, 15766, 16380, 66.48, 71
2026/09/20 22:31:50.712, 100, 15766, 16380, 67.51, 70
2026/09/20 22:31:51.712, 100, 15766, 16380, 67.26, 70
2026/09/20 22:31:52.712, 100, 15766, 16380, 67.51, 73
2026/09/20 22:31:53.712, 100, 15766, 16380, 67.63, 72
2026/09/20 22:31:54.713, 100, 15766, 16380, 66.96, 72
2026/09/20 22:31:55.713, 100, 15766, 16380, 66.88, 72
2026/09/20 22:31:56.713, 100, 15766, 16380, 66.57, 72
2026/09/20 22:31:57.713, 100, 15766, 16380, 66.79, 71
2026/09/20 22:31:58.713, 100, 15766, 16380, 67.00, 71
2026/09/20 22:31:59.714, 100, 15766, 16380, 66.36, 71
2026/09/20 22:32:00.714, 100, 15766, 16380, 66.84, 72
2026/09/20 22:32:01.714, 100, 15766, 16380, 66.99, 72
2026/09/20 22:32:02.714, 100, 15766, 16380, 66.76, 72
2026/09/20 22:32:03.714, 100, 15766, 16380, 66.95, 72
2026/09/20 22:32:04.716, 100, 15766, 16380, 67.12, 71
2026/09/20 22:32:05.716, 100, 15766, 16380, 67.02, 70
2026/09/20 22:32:06.716, 100, 15766, 16380, 67.41, 70
2026/09/20 22:32:07.716, 100, 15766, 16380, 66.12, 71
2026/09/20 22:32:08.717, 100, 15766, 16380, 66.88, 72
2026/09/20 22:32:09.717, 100, 15766, 16380, 67.46, 73
2026/09/20 22:32:10.717, 100, 15766, 16380, 67.25, 71
2026/09/20 22:32:11.717, 100, 15766, 16380, 66.42, 72
2026/09/20 22:32:12.718, 100, 15766, 16380, 66.88, 72
2026/09/20 22:32:13.718, 100, 15766, 16380, 66.92, 70
2026/09/20 22:32:14.718, 100, 15766, 16380, 66.01, 72
2026/09/20 22:32:15.718, 100, 15766, 16380, 67.12, 72
2026/09/20 22:32:16.718, 100, 15766, 16380, 66.65, 72
2026/09/20 22:32:17.719, 100, 15766, 16380, 66.39, 72
2026/09/20 22:32:18.720, 100, 15766, 16380, 65.98, 72
2026/09/20 22:32:19.720, 100, 15766, 16380, 67.41, 72
2026/09/20 22:32:20.720, 100, 15766, 16380, 67.06, 71
2026/09/20 22:32:21.720, 99, 15766, 16380, 66.95, 73
2026/09/20 22:32:22.721, 100, 15766, 16380, 67.11, 70
2026/09/20 22:32:23.721, 100, 15766, 16380, 66.19, 72
2026/09/20 22:32:24.721, 100, 15766, 16380, 65.90, 72
2026/09/20 22:32:25.721, 100, 15766, 16380, 66.62, 72
2026/09/20 22:32:26.721, 100, 15766, 16380, 67.32, 71
2026/09/20 22:32:27.722, 100, 15766, 16380, 66.82, 70
2026/09/20 22:32:28.722, 100, 15766, 16380, 67.02, 72
2026/09/20 22:32:29.722, 100, 15766, 16380, 67.99, 71
2026/09/20 22:32:30.722, 100, 15766, 16380, 62.80, 71
2026/09/20 22:32:31.723, 100, 15766, 16380, 67.36, 72
2026/09/20 22:32:32.723, 100, 15766, 16380, 66.08, 72
2026/09/20 22:32:33.724, 100, 15766, 16380, 66.32, 72
2026/09/20 22:32:34.724, 62, 15766, 16380, 64.87, 67
2026/09/20 22:32:35.724, 100, 15766, 16380, 67.16, 71
2026/09/20 22:32:36.724, 97, 15766, 16380, 68.36, 71
2026/09/20 22:32:37.725, 97, 15766, 16380, 68.91, 71
2026/09/20 22:32:38.725, 98, 15766, 16380, 68.58, 71
2026/09/20 22:32:39.725, 100, 15766, 16380, 68.86, 70
2026/09/20 22:32:40.725, 97, 15766, 16380, 69.24, 71
2026/09/20 22:32:41.725, 96, 15766, 16380, 69.01, 71
2026/09/20 22:32:42.726, 97, 15766, 16380, 68.86, 71
2026/09/20 22:32:43.726, 97, 15766, 16380, 68.75, 71
2026/09/20 22:32:44.726, 100, 15766, 16380, 69.02, 71
2026/09/20 22:32:45.726, 97, 15766, 16380, 69.20, 71
2026/09/20 22:32:46.726, 97, 15766, 16380, 68.90, 71
2026/09/20 22:32:47.727, 97, 15766, 16380, 68.83, 71
2026/09/20 22:32:48.727, 98, 15766, 16380, 69.01, 71
2026/09/20 22:32:49.727, 100, 15766, 16380, 62.44, 71
2026/09/20 22:32:50.727, 100, 15766, 16380, 69.00, 71
2026/09/20 22:32:51.728, 100, 15766, 16380, 68.82, 71
2026/09/20 22:32:52.728, 100, 15766, 16380, 68.72, 71
2026/09/20 22:32:53.729, 100, 15766, 16380, 68.70, 71
2026/09/20 22:32:54.729, 100, 15766, 16380, 68.61, 70
2026/09/20 22:32:55.729, 100, 15766, 16380, 68.48, 72
2026/09/20 22:32:56.729, 100, 15766, 16380, 68.89, 71
2026/09/20 22:32:57.730, 100, 15766, 16380, 68.64, 71
2026/09/20 22:32:58.731, 100, 15766, 16380, 68.72, 71
2026/09/20 22:32:59.731, 100, 15766, 16380, 68.57, 71
2026/09/20 22:33:00.731, 100, 15766, 16380, 68.51, 71
2026/09/20 22:33:01.732, 100, 15766, 16380, 68.26, 72
2026/09/20 22:33:02.732, 100, 15766, 16380, 68.69, 71
2026/09/20 22:33:03.732, 100, 15766, 16380, 68.38, 71
2026/09/20 22:33:04.732, 100, 15766, 16380, 67.99, 71
2026/09/20 22:33:05.732, 100, 15766, 16380, 68.32, 71
2026/09/20 22:33:06.733, 100, 15766, 16380, 68.48, 71
2026/09/20 22:33:07.733, 100, 15766, 16380, 67.73, 71
2026/09/20 22:33:08.734, 100, 15766, 16380, 67.92, 71
2026/09/20 22:33:09.734, 100, 15766, 16380, 67.94, 70
2026/09/20 22:33:10.734, 100, 15766, 16380, 68.23, 72
2026/09/20 22:33:11.734, 100, 15766, 16380, 67.75, 72
2026/09/20 22:33:12.735, 100, 15766, 16380, 67.55, 70
2026/09/20 22:33:13.736, 100, 15766, 16380, 68.25, 71
2026/09/20 22:33:14.737, 100, 15766, 16380, 67.69, 72
2026/09/20 22:33:15.737, 100, 15766, 16380, 68.05, 72
2026/09/20 22:33:16.737, 100, 15766, 16380, 67.52, 72
2026/09/20 22:33:17.737, 100, 15766, 16380, 68.11, 71
2026/09/20 22:33:18.738, 100, 15766, 16380, 67.11, 72
2026/09/20 22:33:19.738, 100, 15766, 16380, 67.50, 71
2026/09/20 22:33:20.738, 100, 15766, 16380, 67.96, 71
2026/09/20 22:33:21.738, 100, 15766, 16380, 67.74, 72
2026/09/20 22:33:22.738, 100, 15766, 16380, 68.11, 72
2026/09/20 22:33:23.739, 100, 15766, 16380, 68.01, 70
2026/09/20 22:33:24.742, 100, 15766, 16380, 67.57, 71
2026/09/20 22:33:25.742, 100, 15766, 16380, 67.49, 71
2026/09/20 22:33:26.742, 100, 15766, 16380, 66.84, 72
2026/09/20 22:33:27.743, 100, 15766, 16380, 67.51, 72
2026/09/20 22:33:28.743, 100, 15766, 16380, 68.05, 70
2026/09/20 22:33:29.743, 100, 15766, 16380, 67.65, 70
2026/09/20 22:33:30.743, 100, 15766, 16380, 67.65, 72
2026/09/20 22:33:31.743, 100, 15766, 16380, 67.50, 72
2026/09/20 22:33:32.744, 100, 15766, 16380, 66.61, 73
2026/09/20 22:33:33.744, 100, 15766, 16380, 66.93, 72
2026/09/20 22:33:34.744, 100, 15766, 16380, 66.70, 72
2026/09/20 22:33:35.744, 100, 15766, 16380, 66.44, 73
2026/09/20 22:33:36.744, 100, 15766, 16380, 66.87, 72
2026/09/20 22:33:37.745, 100, 15766, 16380, 66.86, 70
2026/09/20 22:33:38.745, 100, 15766, 16380, 67.68, 70
2026/09/20 22:33:39.746, 100, 15766, 16380, 67.63, 70
2026/09/20 22:33:40.746, 100, 15766, 16380, 67.21, 71
2026/09/20 22:33:41.746, 100, 15766, 16380, 67.00, 72
2026/09/20 22:33:42.746, 100, 15766, 16380, 66.65, 71
2026/09/20 22:33:43.747, 100, 15766, 16380, 66.37, 71
2026/09/20 22:33:44.747, 100, 15766, 16380, 67.96, 70
2026/09/20 22:33:45.747, 100, 15766, 16380, 67.31, 72
2026/09/20 22:33:46.747, 100, 15766, 16380, 66.35, 73
2026/09/20 22:33:47.747, 100, 15766, 16380, 66.69, 72
2026/09/20 22:33:48.748, 100, 15766, 16380, 66.56, 72
2026/09/20 22:33:49.748, 100, 15766, 16380, 66.18, 73
2026/09/20 22:33:50.748, 100, 15766, 16380, 66.53, 71
2026/09/20 22:33:51.748, 100, 15766, 16380, 67.19, 72
2026/09/20 22:33:52.748, 100, 15766, 16380, 65.74, 72
2026/09/20 22:33:53.749, 100, 15766, 16380, 66.76, 71
2026/09/20 22:33:54.750, 100, 15766, 16380, 67.24, 71
2026/09/20 22:33:55.750, 100, 15766, 16380, 67.80, 71
2026/09/20 22:33:56.750, 100, 15766, 16380, 68.06, 72
2026/09/20 22:33:57.750, 100, 15766, 16380, 66.81, 72
2026/09/20 22:33:58.750, 100, 15766, 16380, 67.46, 73
2026/09/20 22:33:59.751, 100, 15766, 16380, 66.68, 70
2026/09/20 22:34:00.751, 100, 15766, 16380, 67.36, 71
2026/09/20 22:34:01.751, 100, 15766, 16380, 67.72, 72
2026/09/20 22:34:02.751, 100, 15766, 16380, 65.78, 71
2026/09/20 22:34:03.765, 100, 15766, 16380, 65.40, 73
2026/09/20 22:34:04.765, 100, 15766, 16380, 67.69, 72
2026/09/20 22:34:05.765, 100, 15766, 16380, 67.75, 72
2026/09/20 22:34:06.766, 100, 15766, 16380, 64.67, 70
2026/09/20 22:34:07.766, 100, 15766, 16380, 66.43, 72
2026/09/20 22:34:08.766, 100, 15766, 16380, 66.50, 71
2026/09/20 22:34:09.766, 100, 15766, 16380, 66.98, 71
2026/09/20 22:34:10.767, 100, 15766, 16380, 64.75, 70
2026/09/20 22:34:11.767, 97, 15766, 16380, 67.78, 71
2026/09/20 22:34:12.767, 93, 15766, 16380, 68.49, 71
2026/09/20 22:34:13.767, 97, 15766, 16380, 68.78, 71
2026/09/20 22:34:14.768, 97, 15766, 16380, 69.04, 71
2026/09/20 22:34:15.768, 99, 15766, 16380, 69.05, 71
2026/09/20 22:34:16.768, 97, 15766, 16380, 69.09, 71
2026/09/20 22:34:17.768, 97, 15766, 16380, 68.63, 71
2026/09/20 22:34:18.768, 97, 15766, 16380, 68.85, 71
2026/09/20 22:34:19.769, 98, 15766, 16380, 68.70, 71
2026/09/20 22:34:20.769, 99, 15766, 16380, 69.10, 70
2026/09/20 22:34:21.769, 96, 15766, 16380, 68.87, 71
2026/09/20 22:34:22.769, 96, 15766, 16380, 68.74, 71
2026/09/20 22:34:23.769, 97, 15766, 16380, 68.44, 71
2026/09/20 22:34:24.770, 100, 15766, 16380, 60.84, 70
2026/09/20 22:34:25.770, 100, 15766, 16380, 69.66, 71
2026/09/20 22:34:26.771, 100, 15766, 16380, 68.95, 71
2026/09/20 22:34:27.771, 100, 15766, 16380, 68.88, 71
2026/09/20 22:34:28.771, 100, 15766, 16380, 68.90, 71
2026/09/20 22:34:29.771, 100, 15766, 16380, 68.67, 71
2026/09/20 22:34:30.772, 100, 15766, 16380, 68.44, 71
2026/09/20 22:34:31.772, 100, 15766, 16380, 68.59, 71
2026/09/20 22:34:32.772, 100, 15766, 16380, 68.61, 71
2026/09/20 22:34:33.772, 100, 15766, 16380, 68.62, 71
2026/09/20 22:34:34.772, 100, 15766, 16380, 68.54, 70
2026/09/20 22:34:35.773, 100, 15766, 16380, 68.60, 70
2026/09/20 22:34:36.773, 100, 15766, 16380, 68.49, 71
2026/09/20 22:34:37.773, 100, 15766, 16380, 68.14, 71
2026/09/20 22:34:38.773, 100, 15766, 16380, 68.40, 71
2026/09/20 22:34:39.775, 100, 15766, 16380, 68.56, 71
2026/09/20 22:34:40.775, 100, 15766, 16380, 68.27, 71
2026/09/20 22:34:41.775, 100, 15766, 16380, 68.24, 71
2026/09/20 22:34:42.775, 100, 15766, 16380, 68.01, 72
2026/09/20 22:34:43.775, 100, 15766, 16380, 67.72, 72
2026/09/20 22:34:44.776, 100, 15766, 16380, 67.73, 71
2026/09/20 22:34:45.776, 100, 15766, 16380, 67.54, 71
2026/09/20 22:34:46.776, 100, 15766, 16380, 67.55, 71
2026/09/20 22:34:47.776, 100, 15766, 16380, 67.65, 70
2026/09/20 22:34:48.777, 100, 15766, 16380, 68.25, 71
2026/09/20 22:34:49.777, 100, 15766, 16380, 67.45, 72
2026/09/20 22:34:50.777, 100, 15766, 16380, 68.38, 71
2026/09/20 22:34:51.777, 100, 15766, 16380, 67.79, 72
2026/09/20 22:34:52.778, 100, 15766, 16380, 67.63, 71
2026/09/20 22:34:53.778, 100, 15766, 16380, 67.02, 72
2026/09/20 22:34:54.778, 100, 15766, 16380, 67.25, 72
2026/09/20 22:34:55.778, 100, 15766, 16380, 67.75, 70
2026/09/20 22:34:56.779, 100, 15766, 16380, 67.73, 71
2026/09/20 22:34:57.780, 100, 15766, 16380, 67.42, 72
2026/09/20 22:34:58.780, 100, 15766, 16380, 67.85, 70
2026/09/20 22:34:59.780, 100, 15766, 16380, 67.59, 72
2026/09/20 22:35:00.780, 100, 15766, 16380, 67.78, 71
2026/09/20 22:35:01.780, 100, 15766, 16380, 67.36, 71
2026/09/20 22:35:02.781, 100, 15766, 16380, 67.94, 72
2026/09/20 22:35:03.781, 100, 15766, 16380, 68.10, 71
2026/09/20 22:35:04.781, 100, 15766, 16380, 67.10, 71
2026/09/20 22:35:05.781, 100, 15766, 16380, 66.65, 72
2026/09/20 22:35:06.781, 100, 15766, 16380, 67.17, 71
2026/09/20 22:35:07.782, 100, 15766, 16380, 67.10, 73
2026/09/20 22:35:08.782, 100, 15766, 16380, 66.76, 71
2026/09/20 22:35:09.782, 100, 15766, 16380, 67.20, 72
2026/09/20 22:35:10.782, 100, 15766, 16380, 66.56, 72
2026/09/20 22:35:11.782, 100, 15766, 16380, 66.86, 72
2026/09/20 22:35:12.783, 100, 15766, 16380, 66.66, 71
2026/09/20 22:35:13.783, 100, 15766, 16380, 66.35, 72
2026/09/20 22:35:14.783, 100, 15766, 16380, 66.75, 72
2026/09/20 22:35:15.784, 100, 15766, 16380, 66.91, 71
2026/09/20 22:35:16.785, 100, 15766, 16380, 68.14, 72
2026/09/20 22:35:17.786, 100, 15766, 16380, 67.86, 71
2026/09/20 22:35:18.786, 100, 15766, 16380, 66.43, 72
2026/09/20 22:35:19.786, 100, 15766, 16380, 66.42, 72
2026/09/20 22:35:20.787, 100, 15766, 16380, 66.95, 70
2026/09/20 22:35:21.787, 100, 15766, 16380, 67.01, 72
2026/09/20 22:35:22.787, 100, 15766, 16380, 66.72, 72
2026/09/20 22:35:23.787, 100, 15766, 16380, 66.17, 72
2026/09/20 22:35:24.788, 100, 15766, 16380, 66.73, 72
2026/09/20 22:35:25.788, 100, 15766, 16380, 66.79, 72
2026/09/20 22:35:26.788, 100, 15766, 16380, 66.73, 72
2026/09/20 22:35:27.788, 100, 15766, 16380, 67.70, 72
2026/09/20 22:35:28.788, 100, 15766, 16380, 65.54, 72
2026/09/20 22:35:29.789, 100, 15766, 16380, 67.10, 72
2026/09/20 22:35:30.789, 100, 15766, 16380, 66.41, 72
2026/09/20 22:35:31.789, 100, 15766, 16380, 66.63, 71
2026/09/20 22:35:32.789, 100, 15766, 16380, 67.24, 71
2026/09/20 22:35:33.790, 100, 15766, 16380, 67.79, 72
2026/09/20 22:35:34.790, 100, 15766, 16380, 66.69, 73
2026/09/20 22:35:35.791, 100, 15766, 16380, 67.33, 72
2026/09/20 22:35:36.791, 100, 15766, 16380, 66.76, 71
2026/09/20 22:35:37.791, 100, 15766, 16380, 67.54, 73
2026/09/20 22:35:38.791, 100, 15766, 16380, 65.28, 72
2026/09/20 22:35:39.792, 100, 15766, 16380, 66.64, 72
2026/09/20 22:35:40.792, 100, 15766, 16380, 66.72, 71
2026/09/20 22:35:41.792, 100, 15766, 16380, 63.94, 72
2026/09/20 22:35:42.793, 100, 15766, 16380, 66.53, 71
2026/09/20 22:35:43.794, 100, 15766, 16380, 66.57, 73
2026/09/20 22:35:44.794, 100, 15766, 16380, 67.00, 70
2026/09/20 22:35:45.794, 100, 15766, 16380, 64.71, 71
2026/09/20 22:35:46.794, 97, 15766, 16380, 66.85, 71
2026/09/20 22:35:47.794, 100, 15766, 16380, 68.60, 70
2026/09/20 22:35:48.795, 96, 15766, 16380, 68.96, 71
2026/09/20 22:35:49.795, 96, 15766, 16380, 69.15, 71
2026/09/20 22:35:50.795, 97, 15766, 16380, 68.92, 71
2026/09/20 22:35:51.795, 100, 15766, 16380, 69.21, 71
2026/09/20 22:35:52.796, 96, 15766, 16380, 68.73, 70
2026/09/20 22:35:53.796, 97, 15766, 16380, 68.75, 71
2026/09/20 22:35:54.796, 97, 15766, 16380, 68.83, 71
2026/09/20 22:35:55.796, 98, 15766, 16380, 68.82, 71
2026/09/20 22:35:56.796, 99, 15766, 16380, 68.69, 71
2026/09/20 22:35:57.797, 96, 15766, 16380, 68.77, 70
2026/09/20 22:35:58.797, 96, 15766, 16380, 68.60, 71
2026/09/20 22:35:59.797, 75, 15766, 16380, 68.05, 71
2026/09/20 22:36:00.797, 100, 15766, 16380, 63.63, 71
2026/09/20 22:36:01.798, 100, 15766, 16380, 68.90, 71
2026/09/20 22:36:02.798, 100, 15766, 16380, 68.77, 71
2026/09/20 22:36:03.798, 100, 15766, 16380, 68.65, 71
2026/09/20 22:36:04.799, 100, 15766, 16380, 68.62, 71
2026/09/20 22:36:05.799, 100, 15766, 16380, 68.50, 71
2026/09/20 22:36:06.799, 100, 15766, 16380, 68.51, 71
2026/09/20 22:36:07.799, 100, 15766, 16380, 68.61, 71
2026/09/20 22:36:08.799, 100, 15766, 16380, 68.80, 71
2026/09/20 22:36:09.800, 100, 15766, 16380, 68.18, 71
2026/09/20 22:36:10.800, 100, 15766, 16380, 68.74, 72
2026/09/20 22:36:11.800, 100, 15766, 16380, 68.77, 71
2026/09/20 22:36:12.800, 100, 15766, 16380, 68.86, 71
2026/09/20 22:36:13.801, 100, 15766, 16380, 68.46, 71
2026/09/20 22:36:14.801, 100, 15766, 16380, 68.43, 71
2026/09/20 22:36:15.801, 100, 15766, 16380, 67.98, 72
2026/09/20 22:36:16.801, 100, 15766, 16380, 68.54, 72
2026/09/20 22:36:17.802, 100, 15766, 16380, 68.24, 72
2026/09/20 22:36:18.802, 100, 15766, 16380, 67.80, 71
2026/09/20 22:36:19.802, 100, 15766, 16380, 67.51, 71
2026/09/20 22:36:20.803, 100, 15766, 16380, 67.93, 72
2026/09/20 22:36:21.803, 100, 15766, 16380, 68.52, 71
2026/09/20 22:36:22.804, 100, 15766, 16380, 67.33, 71
2026/09/20 22:36:23.804, 100, 15766, 16380, 67.95, 72
2026/09/20 22:36:24.804, 100, 15766, 16380, 67.91, 71
2026/09/20 22:36:25.804, 100, 15766, 16380, 67.95, 72
2026/09/20 22:36:26.805, 100, 15766, 16380, 68.26, 71
2026/09/20 22:36:27.805, 100, 15766, 16380, 67.38, 72
2026/09/20 22:36:28.805, 100, 15766, 16380, 67.85, 71
2026/09/20 22:36:29.805, 100, 15766, 16380, 67.71, 72
2026/09/20 22:36:30.805, 100, 15766, 16380, 67.61, 72
2026/09/20 22:36:31.806, 100, 15766, 16380, 67.81, 70
2026/09/20 22:36:32.806, 100, 15766, 16380, 67.68, 72
2026/09/20 22:36:33.806, 100, 15766, 16380, 67.80, 72
2026/09/20 22:36:34.807, 100, 15766, 16380, 67.99, 70
2026/09/20 22:36:35.808, 100, 15766, 16380, 67.27, 71
2026/09/20 22:36:36.808, 100, 15766, 16380, 67.73, 72
2026/09/20 22:36:37.808, 100, 15766, 16380, 67.28, 72
2026/09/20 22:36:38.808, 100, 15766, 16380, 67.21, 72
2026/09/20 22:36:39.808, 100, 15766, 16380, 67.44, 70
2026/09/20 22:36:40.809, 100, 15766, 16380, 67.17, 70
2026/09/20 22:36:41.809, 100, 15766, 16380, 67.56, 72
2026/09/20 22:36:42.809, 100, 15766, 16380, 67.72, 71
2026/09/20 22:36:43.809, 100, 15766, 16380, 67.24, 72
2026/09/20 22:36:44.810, 100, 15766, 16380, 68.13, 72
2026/09/20 22:36:45.810, 100, 15766, 16380, 67.41, 72
2026/09/20 22:36:46.810, 100, 15766, 16380, 67.97, 73
2026/09/20 22:36:47.810, 100, 15766, 16380, 68.24, 73
2026/09/20 22:36:48.810, 100, 15766, 16380, 67.29, 70
2026/09/20 22:36:49.811, 100, 15766, 16380, 67.10, 70
2026/09/20 22:36:50.811, 100, 15766, 16380, 66.60, 70
2026/09/20 22:36:51.811, 100, 15766, 16380, 66.27, 71
2026/09/20 22:36:52.812, 100, 15766, 16380, 66.57, 72
2026/09/20 22:36:53.812, 100, 15766, 16380, 67.05, 72
2026/09/20 22:36:54.812, 100, 15766, 16380, 67.66, 70
2026/09/20 22:36:55.812, 100, 15766, 16380, 67.09, 70
2026/09/20 22:36:56.813, 100, 15766, 16380, 66.68, 72
2026/09/20 22:36:57.813, 100, 15766, 16380, 67.16, 72
2026/09/20 22:36:58.813, 100, 15766, 16380, 67.82, 71
2026/09/20 22:36:59.813, 100, 15766, 16380, 66.61, 71
2026/09/20 22:37:00.813, 100, 15766, 16380, 67.31, 71
2026/09/20 22:37:01.814, 100, 15766, 16380, 67.83, 71
2026/09/20 22:37:02.814, 100, 15766, 16380, 66.91, 70
2026/09/20 22:37:03.814, 100, 15766, 16380, 66.89, 72
2026/09/20 22:37:04.814, 100, 15766, 16380, 67.16, 71
2026/09/20 22:37:05.815, 100, 15766, 16380, 66.60, 72
2026/09/20 22:37:06.815, 100, 15766, 16380, 66.82, 73
2026/09/20 22:37:07.815, 100, 15766, 16380, 66.32, 72
2026/09/20 22:37:08.816, 100, 15766, 16380, 66.04, 72
2026/09/20 22:37:09.816, 100, 15766, 16380, 66.86, 72
2026/09/20 22:37:10.816, 100, 15766, 16380, 67.53, 71
2026/09/20 22:37:11.816, 100, 15766, 16380, 67.65, 72
2026/09/20 22:37:12.817, 100, 15766, 16380, 66.53, 71
2026/09/20 22:37:13.817, 100, 15766, 16380, 66.08, 73
2026/09/20 22:37:14.817, 100, 15766, 16380, 66.68, 72
2026/09/20 22:37:15.817, 100, 15766, 16380, 66.65, 72
2026/09/20 22:37:16.818, 88, 15766, 16380, 64.47, 71
2026/09/20 22:37:17.819, 100, 15766, 16380, 67.08, 73
2026/09/20 22:37:18.819, 100, 15766, 16380, 66.41, 71
2026/09/20 22:37:19.819, 100, 15766, 16380, 66.64, 71
2026/09/20 22:37:20.819, 51, 15766, 16380, 64.92, 66
2026/09/20 22:37:21.819, 100, 15766, 16380, 64.35, 70
2026/09/20 22:37:22.820, 96, 15766, 16380, 68.10, 71
2026/09/20 22:37:23.820, 97, 15766, 16380, 68.85, 71
2026/09/20 22:37:24.820, 97, 15766, 16380, 68.78, 71
2026/09/20 22:37:25.820, 98, 15766, 16380, 68.80, 71
2026/09/20 22:37:26.821, 99, 15766, 16380, 68.96, 70
2026/09/20 22:37:27.821, 96, 15766, 16380, 68.98, 71
2026/09/20 22:37:28.821, 97, 15766, 16380, 68.66, 71
2026/09/20 22:37:29.822, 97, 15766, 16380, 68.89, 71
2026/09/20 22:37:30.822, 96, 15766, 16380, 68.71, 71
2026/09/20 22:37:31.822, 100, 15766, 16380, 69.10, 70
2026/09/20 22:37:32.823, 97, 15766, 16380, 68.99, 71
2026/09/20 22:37:33.823, 97, 15766, 16380, 68.73, 71
2026/09/20 22:37:34.823, 97, 15766, 16380, 69.26, 72
2026/09/20 22:37:35.823, 100, 15766, 16380, 53.56, 70
2026/09/20 22:37:36.824, 100, 15766, 16380, 69.29, 71
2026/09/20 22:37:37.825, 100, 15766, 16380, 69.20, 71
2026/09/20 22:37:38.825, 100, 15766, 16380, 69.01, 71
2026/09/20 22:37:39.825, 100, 15766, 16380, 68.89, 70
2026/09/20 22:37:40.826, 100, 15766, 16380, 68.90, 71
2026/09/20 22:37:41.826, 100, 15766, 16380, 68.62, 71
2026/09/20 22:37:42.826, 100, 15766, 16380, 68.68, 71
2026/09/20 22:37:43.826, 100, 15766, 16380, 68.86, 71
2026/09/20 22:37:44.827, 100, 15766, 16380, 68.56, 71
2026/09/20 22:37:45.828, 100, 15766, 16380, 68.64, 71
2026/09/20 22:37:46.828, 100, 15766, 16380, 68.42, 71
2026/09/20 22:37:47.828, 100, 15766, 16380, 68.77, 71
2026/09/20 22:37:48.828, 100, 15766, 16380, 68.89, 72
2026/09/20 22:37:49.828, 100, 15766, 16380, 68.59, 72
2026/09/20 22:37:50.829, 100, 15766, 16380, 68.26, 71
2026/09/20 22:37:51.829, 100, 15766, 16380, 68.23, 71
2026/09/20 22:37:52.829, 100, 15766, 16380, 67.95, 71
2026/09/20 22:37:53.829, 100, 15766, 16380, 67.52, 71
2026/09/20 22:37:54.830, 100, 15766, 16380, 67.71, 71
2026/09/20 22:37:55.830, 100, 15766, 16380, 68.03, 71
2026/09/20 22:37:56.830, 100, 15766, 16380, 67.95, 71
2026/09/20 22:37:57.830, 100, 15766, 16380, 67.46, 72
2026/09/20 22:37:58.830, 100, 15766, 16380, 67.76, 71
2026/09/20 22:37:59.831, 100, 15766, 16380, 67.77, 71
2026/09/20 22:38:00.832, 100, 15766, 16380, 67.53, 70
2026/09/20 22:38:01.832, 100, 15766, 16380, 68.20, 71
2026/09/20 22:38:02.833, 100, 15766, 16380, 67.00, 72
2026/09/20 22:38:03.833, 100, 15766, 16380, 67.28, 71
2026/09/20 22:38:04.833, 100, 15766, 16380, 67.85, 70
2026/09/20 22:38:05.833, 100, 15766, 16380, 67.27, 72
2026/09/20 22:38:06.833, 100, 15766, 16380, 67.77, 71
2026/09/20 22:38:07.834, 100, 15766, 16380, 67.63, 72
2026/09/20 22:38:08.834, 100, 15766, 16380, 67.48, 72
2026/09/20 22:38:09.834, 100, 15766, 16380, 67.82, 72
2026/09/20 22:38:10.834, 100, 15766, 16380, 68.00, 70
2026/09/20 22:38:11.835, 100, 15766, 16380, 67.61, 72
2026/09/20 22:38:12.835, 100, 15766, 16380, 67.79, 71
2026/09/20 22:38:13.835, 100, 15766, 16380, 67.11, 72
2026/09/20 22:38:14.836, 100, 15766, 16380, 67.31, 71
2026/09/20 22:38:15.837, 100, 15766, 16380, 68.11, 71
2026/09/20 22:38:16.837, 100, 15766, 16380, 67.70, 70
2026/09/20 22:38:17.837, 100, 15766, 16380, 67.04, 72
2026/09/20 22:38:18.838, 100, 15766, 16380, 66.86, 71
2026/09/20 22:38:19.838, 100, 15766, 16380, 66.63, 73
2026/09/20 22:38:20.838, 100, 15766, 16380, 67.03, 72
2026/09/20 22:38:21.838, 100, 15766, 16380, 66.46, 71
2026/09/20 22:38:22.838, 100, 15766, 16380, 66.63, 72
2026/09/20 22:38:23.839, 100, 15766, 16380, 67.35, 70
2026/09/20 22:38:24.839, 100, 15766, 16380, 67.98, 70
2026/09/20 22:38:25.839, 100, 15766, 16380, 67.70, 70
2026/09/20 22:38:26.839, 100, 15766, 16380, 67.32, 72
2026/09/20 22:38:27.840, 100, 15766, 16380, 66.84, 72
2026/09/20 22:38:28.840, 100, 15766, 16380, 66.92, 71
2026/09/20 22:38:29.840, 100, 15766, 16380, 66.97, 70
2026/09/20 22:38:30.841, 100, 15766, 16380, 67.30, 70
2026/09/20 22:38:31.842, 100, 15766, 16380, 67.85, 72
2026/09/20 22:38:32.842, 100, 15766, 16380, 66.26, 73
2026/09/20 22:38:33.842, 100, 15766, 16380, 66.98, 70
2026/09/20 22:38:34.842, 100, 15766, 16380, 66.92, 72
2026/09/20 22:38:35.842, 100, 15766, 16380, 66.62, 72
2026/09/20 22:38:36.843, 100, 15766, 16380, 67.90, 71
2026/09/20 22:38:37.843, 100, 15766, 16380, 67.79, 72
2026/09/20 22:38:38.843, 100, 15766, 16380, 65.81, 72
2026/09/20 22:38:39.843, 100, 15766, 16380, 67.42, 71
2026/09/20 22:38:40.844, 100, 15766, 16380, 66.72, 73
2026/09/20 22:38:41.844, 100, 15766, 16380, 66.93, 71
2026/09/20 22:38:42.844, 100, 15766, 16380, 68.72, 72
2026/09/20 22:38:43.844, 100, 15766, 16380, 66.29, 72
2026/09/20 22:38:44.844, 100, 15766, 16380, 66.81, 72
2026/09/20 22:38:45.844, 100, 15766, 16380, 67.42, 70
2026/09/20 22:38:46.845, 100, 15766, 16380, 67.23, 73
2026/09/20 22:38:47.846, 100, 15766, 16380, 66.56, 72
2026/09/20 22:38:48.847, 100, 15766, 16380, 67.26, 72
2026/09/20 22:38:49.848, 100, 15766, 16380, 66.22, 72
2026/09/20 22:38:50.848, 100, 15766, 16380, 67.62, 71
2026/09/20 22:38:51.848, 100, 15766, 16380, 67.28, 72
2026/09/20 22:38:52.848, 100, 15766, 16380, 63.13, 70
2026/09/20 22:38:53.848, 100, 15766, 16380, 66.75, 72
2026/09/20 22:38:54.849, 100, 15766, 16380, 66.68, 71
2026/09/20 22:38:55.849, 100, 15766, 16380, 67.00, 70
2026/09/20 22:38:56.850, 100, 15766, 16380, 65.74, 71
2026/09/20 22:38:57.850, 0, 15766, 16380, 61.27, 65
2026/09/20 22:38:58.850, 100, 15766, 16380, 62.10, 71
2026/09/20 22:38:59.850, 97, 15766, 16380, 68.20, 71
2026/09/20 22:39:00.850, 96, 15766, 16380, 68.77, 71
2026/09/20 22:39:01.851, 97, 15766, 16380, 68.64, 71
2026/09/20 22:39:02.851, 98, 15766, 16380, 68.94, 71
2026/09/20 22:39:03.851, 99, 15766, 16380, 69.43, 71
2026/09/20 22:39:04.851, 97, 15766, 16380, 69.05, 71
2026/09/20 22:39:05.852, 97, 15766, 16380, 68.77, 71
2026/09/20 22:39:06.852, 97, 15766, 16380, 68.76, 71
2026/09/20 22:39:07.852, 98, 15766, 16380, 68.87, 71
2026/09/20 22:39:08.852, 100, 15766, 16380, 69.00, 71
2026/09/20 22:39:09.853, 98, 15766, 16380, 68.88, 71
2026/09/20 22:39:10.853, 98, 15766, 16380, 69.10, 71
2026/09/20 22:39:11.853, 98, 15766, 16380, 69.03, 71
2026/09/20 22:39:12.853, 100, 15766, 16380, 61.65, 71
2026/09/20 22:39:13.854, 99, 15766, 16380, 67.28, 70
2026/09/20 22:39:14.854, 97, 15766, 16380, 69.00, 71
2026/09/20 22:39:15.855, 97, 15766, 16380, 68.97, 71
2026/09/20 22:39:16.855, 97, 15766, 16380, 69.00, 71
2026/09/20 22:39:17.855, 97, 15766, 16380, 69.06, 71
2026/09/20 22:39:18.855, 98, 15766, 16380, 68.89, 71
2026/09/20 22:39:19.856, 99, 15766, 16380, 69.07, 71
2026/09/20 22:39:20.856, 98, 15766, 16380, 69.45, 71
2026/09/20 22:39:21.856, 98, 15766, 16380, 68.65, 71
2026/09/20 22:39:22.856, 98, 15766, 16380, 68.84, 71
2026/09/20 22:39:23.856, 97, 15766, 16380, 69.08, 72
2026/09/20 22:39:24.857, 100, 15766, 16380, 68.92, 70
2026/09/20 22:39:25.857, 96, 15766, 16380, 69.16, 71
2026/09/20 22:39:26.857, 15, 15766, 16380, 60.95, 69
2026/09/20 22:39:27.857, 100, 15766, 16380, 64.31, 71
2026/09/20 22:39:28.858, 98, 15766, 16380, 67.82, 71
2026/09/20 22:39:29.859, 99, 15766, 16380, 68.90, 71
2026/09/20 22:39:30.860, 97, 15766, 16380, 68.88, 71
2026/09/20 22:39:31.860, 97, 15766, 16380, 68.84, 71
2026/09/20 22:39:32.860, 97, 15766, 16380, 68.81, 71
2026/09/20 22:39:33.860, 98, 15766, 16380, 68.83, 71
2026/09/20 22:39:34.861, 99, 15766, 16380, 68.91, 71
2026/09/20 22:39:35.861, 97, 15766, 16380, 69.18, 71
2026/09/20 22:39:36.861, 97, 15766, 16380, 68.75, 71
2026/09/20 22:39:37.861, 98, 15766, 16380, 68.85, 71
2026/09/20 22:39:38.862, 98, 15766, 16380, 69.13, 71
2026/09/20 22:39:39.862, 97, 15766, 16380, 69.07, 71
2026/09/20 22:39:40.862, 97, 15766, 16380, 69.03, 71
2026/09/20 22:39:41.862, 100, 15766, 16380, 62.88, 71
2026/09/20 22:39:42.862, 97, 15766, 16380, 67.34, 71
2026/09/20 22:39:43.863, 99, 15766, 16380, 68.97, 71
2026/09/20 22:39:44.863, 99, 15766, 16380, 68.90, 71
2026/09/20 22:39:45.863, 97, 15766, 16380, 69.10, 71
2026/09/20 22:39:46.863, 97, 15766, 16380, 69.15, 71
2026/09/20 22:39:47.864, 96, 15766, 16380, 68.78, 71
2026/09/20 22:39:48.864, 98, 15766, 16380, 68.93, 71
2026/09/20 22:39:49.864, 100, 15766, 16380, 68.86, 71
2026/09/20 22:39:50.864, 97, 15766, 16380, 69.22, 70
2026/09/20 22:39:51.864, 97, 15766, 16380, 69.03, 72
2026/09/20 22:39:52.865, 97, 15766, 16380, 69.11, 72
2026/09/20 22:39:53.865, 98, 15766, 16380, 69.15, 72
2026/09/20 22:39:54.865, 100, 15766, 16380, 68.97, 71
2026/09/20 22:39:55.865, 100, 15766, 16380, 62.74, 70
2026/09/20 22:39:56.865, 98, 15766, 16380, 67.21, 71
2026/09/20 22:39:57.866, 96, 15766, 16380, 68.24, 71
2026/09/20 22:39:58.866, 97, 15766, 16380, 69.21, 71
2026/09/20 22:39:59.866, 99, 15766, 16380, 68.94, 71
2026/09/20 22:40:00.866, 97, 15766, 16380, 69.07, 71
2026/09/20 22:40:01.867, 97, 15766, 16380, 68.99, 71
2026/09/20 22:40:02.867, 97, 15766, 16380, 68.75, 71
2026/09/20 22:40:03.868, 98, 15766, 16380, 68.73, 71
2026/09/20 22:40:04.868, 99, 15766, 16380, 69.15, 71
2026/09/20 22:40:05.868, 97, 15766, 16380, 69.14, 71
2026/09/20 22:40:06.868, 97, 15766, 16380, 68.96, 71
2026/09/20 22:40:07.869, 97, 15766, 16380, 69.02, 71
2026/09/20 22:40:08.869, 98, 15766, 16380, 69.08, 71
2026/09/20 22:40:09.869, 100, 15766, 16380, 69.05, 71
2026/09/20 22:40:10.869, 100, 15766, 16380, 55.72, 71
2026/09/20 22:40:11.870, 100, 15766, 16380, 69.21, 71
2026/09/20 22:40:12.870, 100, 15766, 16380, 69.23, 71
2026/09/20 22:40:13.870, 100, 15766, 16380, 68.84, 71
2026/09/20 22:40:14.870, 100, 15766, 16380, 68.78, 71
2026/09/20 22:40:15.871, 100, 15766, 16380, 68.97, 71
2026/09/20 22:40:16.871, 100, 15766, 16380, 68.71, 71
2026/09/20 22:40:17.871, 100, 15766, 16380, 68.47, 72
2026/09/20 22:40:18.871, 100, 15766, 16380, 68.77, 72
2026/09/20 22:40:19.872, 100, 15766, 16380, 68.45, 71
2026/09/20 22:40:20.872, 100, 15766, 16380, 68.70, 72
2026/09/20 22:40:21.872, 100, 15766, 16380, 67.97, 71
2026/09/20 22:40:22.873, 100, 15766, 16380, 68.51, 71
2026/09/20 22:40:23.873, 100, 15766, 16380, 68.31, 72
2026/09/20 22:40:24.873, 100, 15766, 16380, 68.20, 71
2026/09/20 22:40:25.873, 100, 15766, 16380, 67.64, 71
2026/09/20 22:40:26.874, 100, 15766, 16380, 67.88, 72
2026/09/20 22:40:27.874, 100, 15766, 16380, 67.79, 71
2026/09/20 22:40:28.876, 100, 15766, 16380, 68.08, 72
2026/09/20 22:40:29.876, 100, 15766, 16380, 68.48, 71
2026/09/20 22:40:30.876, 100, 15766, 16380, 67.58, 71
2026/09/20 22:40:31.876, 100, 15766, 16380, 67.47, 72
2026/09/20 22:40:32.876, 100, 15766, 16380, 68.37, 72
2026/09/20 22:40:33.877, 100, 15766, 16380, 67.98, 71
2026/09/20 22:40:34.877, 100, 15766, 16380, 67.76, 72
2026/09/20 22:40:35.877, 100, 15766, 16380, 67.92, 71
2026/09/20 22:40:36.878, 100, 15766, 16380, 67.25, 72
2026/09/20 22:40:37.878, 100, 15766, 16380, 67.39, 72
2026/09/20 22:40:38.879, 100, 15766, 16380, 67.64, 72
2026/09/20 22:40:39.879, 100, 15766, 16380, 67.69, 71
2026/09/20 22:40:40.879, 100, 15766, 16380, 67.57, 71
2026/09/20 22:40:41.879, 100, 15766, 16380, 67.99, 72
2026/09/20 22:40:42.880, 100, 15766, 16380, 67.18, 72
2026/09/20 22:40:43.881, 100, 15766, 16380, 68.31, 70
2026/09/20 22:40:44.881, 100, 15766, 16380, 67.64, 72
2026/09/20 22:40:45.881, 100, 15766, 16380, 67.23, 72
2026/09/20 22:40:46.882, 100, 15766, 16380, 67.70, 72
2026/09/20 22:40:47.882, 100, 15766, 16380, 67.50, 72
2026/09/20 22:40:48.882, 100, 15766, 16380, 67.51, 72
2026/09/20 22:40:49.882, 100, 15766, 16380, 67.36, 71
2026/09/20 22:40:50.882, 100, 15766, 16380, 67.15, 72
2026/09/20 22:40:51.883, 100, 15766, 16380, 67.63, 72
2026/09/20 22:40:52.883, 100, 15766, 16380, 66.88, 72
2026/09/20 22:40:53.883, 100, 15766, 16380, 67.50, 72
2026/09/20 22:40:54.883, 100, 15766, 16380, 67.33, 72
2026/09/20 22:40:55.883, 100, 15766, 16380, 67.70, 74
2026/09/20 22:40:56.885, 100, 15766, 16380, 68.66, 72
2026/09/20 22:40:57.885, 100, 15766, 16380, 67.91, 73
2026/09/20 22:40:58.885, 100, 15766, 16380, 66.84, 71
2026/09/20 22:40:59.885, 100, 15766, 16380, 66.98, 72
2026/09/20 22:41:00.887, 100, 15766, 16380, 66.92, 71
2026/09/20 22:41:01.887, 100, 15766, 16380, 67.50, 70
2026/09/20 22:41:02.887, 100, 15766, 16380, 66.60, 70
2026/09/20 22:41:03.887, 100, 15766, 16380, 67.26, 71
2026/09/20 22:41:04.887, 100, 15766, 16380, 67.36, 72
2026/09/20 22:41:05.888, 100, 15766, 16380, 66.70, 72
2026/09/20 22:41:06.888, 100, 15766, 16380, 67.10, 71
2026/09/20 22:41:07.888, 100, 15766, 16380, 67.47, 71
2026/09/20 22:41:08.888, 100, 15766, 16380, 67.72, 72
2026/09/20 22:41:09.888, 100, 15766, 16380, 65.96, 70
2026/09/20 22:41:10.889, 100, 15766, 16380, 66.93, 71
2026/09/20 22:41:11.889, 100, 15766, 16380, 68.58, 72
2026/09/20 22:41:12.889, 100, 15766, 16380, 66.17, 71
2026/09/20 22:41:13.889, 100, 15766, 16380, 67.81, 71
2026/09/20 22:41:14.890, 100, 15766, 16380, 65.34, 72
2026/09/20 22:41:15.891, 100, 15766, 16380, 65.64, 72
2026/09/20 22:41:16.891, 100, 15766, 16380, 65.93, 73
2026/09/20 22:41:17.891, 100, 15766, 16380, 66.99, 71
2026/09/20 22:41:18.891, 100, 15766, 16380, 67.87, 71
2026/09/20 22:41:19.892, 100, 15766, 16380, 67.37, 72
2026/09/20 22:41:20.892, 100, 15766, 16380, 66.76, 73
2026/09/20 22:41:21.892, 100, 15766, 16380, 66.21, 72
2026/09/20 22:41:22.892, 100, 15766, 16380, 67.28, 71
2026/09/20 22:41:23.892, 100, 15766, 16380, 66.73, 72
2026/09/20 22:41:24.893, 100, 15766, 16380, 66.73, 71
2026/09/20 22:41:25.894, 100, 15766, 16380, 67.33, 73
2026/09/20 22:41:26.894, 100, 15766, 16380, 66.70, 71
2026/09/20 22:41:27.894, 100, 15766, 16380, 64.59, 72
2026/09/20 22:41:28.894, 100, 15766, 16380, 66.66, 71
2026/09/20 22:41:29.895, 100, 15766, 16380, 66.70, 72
2026/09/20 22:41:30.895, 100, 15766, 16380, 66.68, 71
2026/09/20 22:41:31.896, 100, 15766, 16380, 65.26, 70
2026/09/20 22:41:32.896, 100, 15766, 16380, 62.40, 70
2026/09/20 22:41:33.896, 99, 15766, 16380, 66.84, 70
2026/09/20 22:41:34.896, 97, 15766, 16380, 68.91, 71
2026/09/20 22:41:35.897, 97, 15766, 16380, 68.92, 71
2026/09/20 22:41:36.897, 96, 15766, 16380, 68.98, 71
2026/09/20 22:41:37.897, 97, 15766, 16380, 69.07, 71
2026/09/20 22:41:38.897, 99, 15766, 16380, 69.36, 71
2026/09/20 22:41:39.897, 97, 15766, 16380, 68.82, 71
2026/09/20 22:41:40.898, 97, 15766, 16380, 68.77, 71
2026/09/20 22:41:41.898, 97, 15766, 16380, 68.62, 71
2026/09/20 22:41:42.898, 98, 15766, 16380, 68.89, 71
2026/09/20 22:41:43.899, 99, 15766, 16380, 69.03, 71
2026/09/20 22:41:44.899, 97, 15766, 16380, 69.14, 71
2026/09/20 22:41:45.899, 97, 15766, 16380, 68.88, 71
2026/09/20 22:41:46.900, 97, 15766, 16380, 69.05, 71
2026/09/20 22:41:47.900, 100, 15766, 16380, 61.91, 70
2026/09/20 22:41:48.900, 99, 15766, 16380, 67.59, 71
2026/09/20 22:41:49.900, 97, 15766, 16380, 69.14, 71
2026/09/20 22:41:50.901, 96, 15766, 16380, 68.79, 71
2026/09/20 22:41:51.901, 96, 15766, 16380, 68.62, 71
2026/09/20 22:41:52.901, 98, 15766, 16380, 69.40, 71
2026/09/20 22:41:53.901, 100, 15766, 16380, 68.97, 70
2026/09/20 22:41:54.901, 97, 15766, 16380, 69.21, 71
2026/09/20 22:41:55.902, 96, 15766, 16380, 68.60, 71
2026/09/20 22:41:56.902, 96, 15766, 16380, 68.72, 71
2026/09/20 22:41:57.902, 97, 15766, 16380, 68.77, 71
2026/09/20 22:41:58.902, 99, 15766, 16380, 69.09, 72
2026/09/20 22:41:59.903, 97, 15766, 16380, 68.87, 71
2026/09/20 22:42:00.903, 98, 15766, 16380, 68.79, 71
2026/09/20 22:42:01.903, 100, 15766, 16380, 63.28, 70
2026/09/20 22:42:02.903, 98, 15766, 16380, 67.19, 71
2026/09/20 22:42:03.903, 99, 15766, 16380, 69.04, 71
2026/09/20 22:42:04.904, 97, 15766, 16380, 69.15, 71
2026/09/20 22:42:05.904, 96, 15766, 16380, 68.86, 71
2026/09/20 22:42:06.904, 97, 15766, 16380, 68.90, 71
2026/09/20 22:42:07.904, 97, 15766, 16380, 68.81, 71
2026/09/20 22:42:08.905, 100, 15766, 16380, 68.82, 71
2026/09/20 22:42:09.906, 97, 15766, 16380, 68.89, 71
2026/09/20 22:42:10.907, 96, 15766, 16380, 68.66, 71
2026/09/20 22:42:11.907, 97, 15766, 16380, 68.91, 71
2026/09/20 22:42:12.907, 98, 15766, 16380, 69.06, 71
2026/09/20 22:42:13.907, 100, 15766, 16380, 69.16, 71
2026/09/20 22:42:14.908, 97, 15766, 16380, 68.87, 71
2026/09/20 22:42:15.908, 97, 15766, 16380, 68.79, 71
2026/09/20 22:42:16.908, 100, 15766, 16380, 61.78, 70
2026/09/20 22:42:17.908, 98, 15766, 16380, 67.64, 71
2026/09/20 22:42:18.909, 100, 15766, 16380, 68.86, 70
2026/09/20 22:42:19.909, 99, 15766, 16380, 69.37, 72
2026/09/20 22:42:20.909, 97, 15766, 16380, 68.66, 71
2026/09/20 22:42:21.909, 97, 15766, 16380, 68.57, 71
2026/09/20 22:42:22.909, 97, 15766, 16380, 68.84, 71
2026/09/20 22:42:23.910, 99, 15766, 16380, 69.04, 71
2026/09/20 22:42:24.910, 99, 15766, 16380, 68.94, 71
2026/09/20 22:42:25.910, 97, 15766, 16380, 68.95, 71
2026/09/20 22:42:26.910, 97, 15766, 16380, 68.97, 71
2026/09/20 22:42:27.911, 97, 15766, 16380, 69.08, 71
2026/09/20 22:42:28.912, 98, 15766, 16380, 69.04, 71
2026/09/20 22:42:29.912, 99, 15766, 16380, 69.21, 71
2026/09/20 22:42:30.912, 100, 15766, 16380, 62.85, 70
2026/09/20 22:42:31.912, 97, 15766, 16380, 66.96, 71
2026/09/20 22:42:32.913, 97, 15766, 16380, 68.81, 71
2026/09/20 22:42:33.913, 97, 15766, 16380, 68.91, 71
2026/09/20 22:42:34.913, 100, 15766, 16380, 69.01, 71
2026/09/20 22:42:35.913, 97, 15766, 16380, 69.14, 71
2026/09/20 22:42:36.914, 97, 15766, 16380, 68.81, 71
2026/09/20 22:42:37.914, 97, 15766, 16380, 68.87, 71
2026/09/20 22:42:38.914, 97, 15766, 16380, 68.93, 71
2026/09/20 22:42:39.914, 100, 15766, 16380, 68.90, 71
2026/09/20 22:42:40.914, 99, 15766, 16380, 68.86, 71
2026/09/20 22:42:41.915, 97, 15766, 16380, 69.04, 71
2026/09/20 22:42:42.915, 97, 15766, 16380, 68.89, 72
2026/09/20 22:42:43.915, 97, 15766, 16380, 69.16, 71
2026/09/20 22:42:44.916, 100, 15766, 16380, 69.05, 69
2026/09/20 22:42:45.916, 100, 15766, 16380, 55.23, 71
2026/09/20 22:42:46.917, 100, 15766, 16380, 69.07, 70
2026/09/20 22:42:47.917, 100, 15766, 16380, 69.02, 71
2026/09/20 22:42:48.917, 100, 15766, 16380, 69.02, 71
2026/09/20 22:42:49.917, 100, 15766, 16380, 68.95, 71
2026/09/20 22:42:50.917, 100, 15766, 16380, 68.65, 71
2026/09/20 22:42:51.918, 100, 15766, 16380, 68.58, 71
2026/09/20 22:42:52.918, 100, 15766, 16380, 68.90, 71
2026/09/20 22:42:53.918, 100, 15766, 16380, 68.69, 71
2026/09/20 22:42:54.918, 100, 15766, 16380, 68.52, 71
2026/09/20 22:42:55.919, 100, 15766, 16380, 68.56, 72
2026/09/20 22:42:56.919, 100, 15766, 16380, 68.13, 72
2026/09/20 22:42:57.919, 100, 15766, 16380, 68.47, 72
2026/09/20 22:42:58.919, 100, 15766, 16380, 68.31, 72
2026/09/20 22:42:59.919, 100, 15766, 16380, 68.45, 71
2026/09/20 22:43:00.920, 100, 15766, 16380, 68.27, 72
2026/09/20 22:43:01.920, 100, 15766, 16380, 68.47, 71
2026/09/20 22:43:02.920, 100, 15766, 16380, 68.16, 71
2026/09/20 22:43:03.921, 100, 15766, 16380, 68.19, 71
2026/09/20 22:43:04.921, 100, 15766, 16380, 68.03, 72
2026/09/20 22:43:05.921, 100, 15766, 16380, 67.62, 71
2026/09/20 22:43:06.921, 100, 15766, 16380, 67.92, 71
2026/09/20 22:43:07.921, 100, 15766, 16380, 67.63, 72
2026/09/20 22:43:08.922, 100, 15766, 16380, 67.28, 72
2026/09/20 22:43:09.922, 100, 15766, 16380, 68.24, 71
2026/09/20 22:43:10.922, 100, 15766, 16380, 67.42, 71
2026/09/20 22:43:11.922, 100, 15766, 16380, 67.83, 72
2026/09/20 22:43:12.923, 100, 15766, 16380, 67.58, 72
2026/09/20 22:43:13.923, 100, 15766, 16380, 67.95, 72
2026/09/20 22:43:14.923, 100, 15766, 16380, 67.18, 72
2026/09/20 22:43:15.923, 100, 15766, 16380, 67.50, 72
2026/09/20 22:43:16.924, 100, 15766, 16380, 67.83, 70
2026/09/20 22:43:17.924, 100, 15766, 16380, 67.63, 72
2026/09/20 22:43:18.925, 100, 15766, 16380, 67.43, 72
2026/09/20 22:43:19.925, 100, 15766, 16380, 67.97, 70
2026/09/20 22:43:20.926, 100, 15766, 16380, 67.64, 72
2026/09/20 22:43:21.926, 100, 15766, 16380, 67.49, 71
2026/09/20 22:43:22.926, 100, 15766, 16380, 67.25, 72
2026/09/20 22:43:23.926, 100, 15766, 16380, 67.84, 72
2026/09/20 22:43:24.926, 100, 15766, 16380, 67.16, 70
2026/09/20 22:43:25.927, 100, 15766, 16380, 66.75, 70
2026/09/20 22:43:26.927, 100, 15766, 16380, 67.47, 71
2026/09/20 22:43:27.927, 100, 15766, 16380, 67.77, 72
2026/09/20 22:43:28.927, 100, 15766, 16380, 68.10, 72
2026/09/20 22:43:29.928, 100, 15766, 16380, 67.73, 72
2026/09/20 22:43:30.928, 100, 15766, 16380, 67.95, 70
2026/09/20 22:43:31.928, 100, 15766, 16380, 67.41, 71
2026/09/20 22:43:32.928, 100, 15766, 16380, 67.54, 72
2026/09/20 22:43:33.928, 100, 15766, 16380, 67.46, 71
2026/09/20 22:43:34.929, 100, 15766, 16380, 67.49, 71
2026/09/20 22:43:35.929, 100, 15766, 16380, 66.90, 71
2026/09/20 22:43:36.929, 100, 15766, 16380, 66.58, 72
2026/09/20 22:43:37.929, 100, 15766, 16380, 67.26, 72
2026/09/20 22:43:38.930, 100, 15766, 16380, 66.93, 70
2026/09/20 22:43:39.930, 100, 15766, 16380, 68.08, 70
2026/09/20 22:43:40.930, 100, 15766, 16380, 67.18, 71
2026/09/20 22:43:41.930, 100, 15766, 16380, 67.30, 72
2026/09/20 22:43:42.930, 100, 15766, 16380, 67.59, 73
2026/09/20 22:43:43.931, 100, 15766, 16380, 68.54, 70
2026/09/20 22:43:44.931, 100, 15766, 16380, 66.82, 71
2026/09/20 22:43:45.931, 100, 15766, 16380, 67.24, 73
2026/09/20 22:43:46.932, 100, 15766, 16380, 68.07, 70
2026/09/20 22:43:47.932, 100, 15766, 16380, 67.42, 72
2026/09/20 22:43:48.932, 100, 15766, 16380, 68.94, 72
2026/09/20 22:43:49.932, 100, 15766, 16380, 66.51, 72
2026/09/20 22:43:50.932, 100, 15766, 16380, 67.38, 72
2026/09/20 22:43:51.933, 100, 15766, 16380, 66.57, 72
2026/09/20 22:43:52.933, 100, 15766, 16380, 66.83, 72
2026/09/20 22:43:53.933, 100, 15766, 16380, 65.85, 72
2026/09/20 22:43:54.933, 100, 15766, 16380, 66.94, 72
2026/09/20 22:43:55.933, 100, 15766, 16380, 66.90, 72
2026/09/20 22:43:56.934, 100, 15766, 16380, 66.10, 70
2026/09/20 22:43:57.934, 100, 15766, 16380, 66.39, 71
2026/09/20 22:43:58.934, 100, 15766, 16380, 66.76, 70
2026/09/20 22:43:59.934, 100, 15766, 16380, 66.60, 71
2026/09/20 22:44:00.934, 100, 15766, 16380, 66.38, 72
2026/09/20 22:44:01.935, 100, 15766, 16380, 65.81, 71
2026/09/20 22:44:02.936, 100, 15766, 16380, 63.26, 72
2026/09/20 22:44:03.936, 100, 15766, 16380, 66.62, 72
2026/09/20 22:44:04.936, 100, 15766, 16380, 66.56, 71
2026/09/20 22:44:05.936, 100, 15766, 16380, 66.78, 71
2026/09/20 22:44:06.936, 100, 15766, 16380, 65.84, 70
2026/09/20 22:44:07.937, 100, 15766, 16380, 60.42, 71
2026/09/20 22:44:08.937, 98, 15766, 16380, 67.44, 71
2026/09/20 22:44:09.937, 99, 15766, 16380, 69.14, 71
2026/09/20 22:44:10.937, 97, 15766, 16380, 69.40, 71
2026/09/20 22:44:11.937, 97, 15766, 16380, 69.07, 71
2026/09/20 22:44:12.938, 97, 15766, 16380, 68.75, 71
2026/09/20 22:44:13.938, 97, 15766, 16380, 68.93, 71
2026/09/20 22:44:14.938, 100, 15766, 16380, 68.98, 71
2026/09/20 22:44:15.938, 97, 15766, 16380, 69.16, 71
2026/09/20 22:44:16.938, 97, 15766, 16380, 69.22, 71
2026/09/20 22:44:17.939, 97, 15766, 16380, 69.00, 71
2026/09/20 22:44:18.939, 97, 15766, 16380, 68.74, 72
2026/09/20 22:44:19.939, 100, 15766, 16380, 69.08, 71
2026/09/20 22:44:20.940, 97, 15766, 16380, 69.31, 71
2026/09/20 22:44:21.940, 37, 15766, 16380, 66.50, 71
2026/09/20 22:44:22.941, 100, 15766, 16380, 61.97, 71
2026/09/20 22:44:23.941, 97, 15766, 16380, 67.77, 71
2026/09/20 22:44:24.941, 98, 15766, 16380, 69.00, 71
2026/09/20 22:44:25.941, 99, 15766, 16380, 69.17, 71
2026/09/20 22:44:26.941, 97, 15766, 16380, 69.03, 71
2026/09/20 22:44:27.942, 96, 15766, 16380, 68.81, 71
2026/09/20 22:44:28.942, 97, 15766, 16380, 68.73, 71
2026/09/20 22:44:29.942, 98, 15766, 16380, 69.06, 72
2026/09/20 22:44:30.942, 98, 15766, 16380, 69.48, 71
2026/09/20 22:44:31.943, 98, 15766, 16380, 69.30, 71
2026/09/20 22:44:32.943, 97, 15766, 16380, 68.70, 71
2026/09/20 22:44:33.943, 97, 15766, 16380, 68.50, 71
2026/09/20 22:44:34.943, 99, 15766, 16380, 68.99, 71
2026/09/20 22:44:35.943, 99, 15766, 16380, 69.21, 71
2026/09/20 22:44:36.944, 100, 15766, 16380, 63.55, 71
2026/09/20 22:44:37.945, 97, 15766, 16380, 67.41, 71
2026/09/20 22:44:38.945, 97, 15766, 16380, 68.92, 71
2026/09/20 22:44:39.945, 97, 15766, 16380, 69.18, 71
2026/09/20 22:44:40.945, 98, 15766, 16380, 68.82, 70
2026/09/20 22:44:41.945, 99, 15766, 16380, 68.91, 71
2026/09/20 22:44:42.946, 98, 15766, 16380, 68.98, 71
2026/09/20 22:44:43.946, 98, 15766, 16380, 69.00, 72
2026/09/20 22:44:44.946, 97, 15766, 16380, 68.82, 71
2026/09/20 22:44:45.946, 97, 15766, 16380, 69.05, 71
2026/09/20 22:44:46.946, 99, 15766, 16380, 69.11, 71
2026/09/20 22:44:47.947, 96, 15766, 16380, 69.15, 72
2026/09/20 22:44:48.947, 97, 15766, 16380, 68.94, 71
2026/09/20 22:44:49.947, 97, 15766, 16380, 68.89, 71
2026/09/20 22:44:50.947, 0, 15766, 16380, 64.08, 66
2026/09/20 22:44:51.948, 100, 15766, 16380, 61.22, 71
2026/09/20 22:44:52.948, 97, 15766, 16380, 67.91, 71
2026/09/20 22:44:53.948, 98, 15766, 16380, 69.01, 71
2026/09/20 22:44:54.949, 100, 15766, 16380, 68.75, 71
2026/09/20 22:44:55.949, 97, 15766, 16380, 69.07, 71
2026/09/20 22:44:56.949, 97, 15766, 16380, 69.03, 71
2026/09/20 22:44:57.950, 98, 15766, 16380, 68.82, 71
2026/09/20 22:44:58.950, 97, 15766, 16380, 69.14, 71
2026/09/20 22:44:59.950, 98, 15766, 16380, 69.07, 71
2026/09/20 22:45:00.950, 97, 15766, 16380, 69.50, 71
2026/09/20 22:45:01.950, 97, 15766, 16380, 68.55, 71
2026/09/20 22:45:02.951, 97, 15766, 16380, 68.75, 71
2026/09/20 22:45:03.953, 97, 15857, 16380, 68.85, 71
2026/09/20 22:45:04.961, 99, 15766, 16380, 65.84, 66
2026/09/20 22:45:06.315, 100, 15766, 16380, 61.48, 70
2026/09/20 22:45:07.315, 97, 15766, 16380, 67.99, 72
2026/09/20 22:45:08.316, 98, 15766, 16380, 68.86, 71
2026/09/20 22:45:09.317, 100, 15766, 16380, 68.87, 71
2026/09/20 22:45:10.317, 99, 15766, 16380, 69.16, 71
2026/09/20 22:45:11.317, 97, 15766, 16380, 69.22, 72
2026/09/20 22:45:12.317, 97, 15766, 16380, 68.76, 71
2026/09/20 22:45:13.318, 97, 15766, 16380, 69.16, 71
2026/09/20 22:45:14.318, 98, 15766, 16380, 69.00, 71
2026/09/20 22:45:15.318, 99, 15766, 16380, 68.97, 71
2026/09/20 22:45:16.318, 97, 15766, 16380, 68.83, 72
2026/09/20 22:45:17.318, 97, 15766, 16380, 68.79, 71
2026/09/20 22:45:18.319, 96, 15766, 16380, 68.70, 71
2026/09/20 22:45:19.319, 100, 15766, 16380, 69.01, 71
2026/09/20 22:45:20.319, 0, 15766, 16380, 44.57, 64
2026/09/20 22:45:21.319, 0, 15766, 16380, 32.27, 63
2026/09/20 22:45:22.320, 100, 15766, 16380, 28.00, 68
2026/09/20 22:45:23.320, 100, 15766, 16380, 69.43, 70
2026/09/20 22:45:24.321, 99, 15766, 16380, 69.17, 70
2026/09/20 22:45:25.321, 100, 15766, 16380, 69.17, 70
2026/09/20 22:45:26.321, 100, 15766, 16380, 69.24, 70
2026/09/20 22:45:27.321, 100, 15766, 16380, 68.84, 71
2026/09/20 22:45:28.322, 100, 15766, 16380, 68.71, 71
2026/09/20 22:45:29.322, 100, 15766, 16380, 68.72, 71
2026/09/20 22:45:30.322, 100, 15766, 16380, 68.86, 71
2026/09/20 22:45:31.322, 100, 15766, 16380, 68.71, 70
2026/09/20 22:45:32.322, 100, 15766, 16380, 69.05, 71
2026/09/20 22:45:33.323, 100, 15766, 16380, 69.09, 71
2026/09/20 22:45:34.323, 100, 15766, 16380, 69.02, 71
2026/09/20 22:45:35.323, 100, 15766, 16380, 68.54, 71
2026/09/20 22:45:36.323, 100, 15766, 16380, 68.78, 71
2026/09/20 22:45:37.323, 100, 15766, 16380, 68.64, 71
2026/09/20 22:45:38.324, 100, 15766, 16380, 68.78, 71
2026/09/20 22:45:39.324, 100, 15766, 16380, 68.88, 71
2026/09/20 22:45:40.324, 100, 15766, 16380, 68.07, 71
2026/09/20 22:45:41.325, 100, 15766, 16380, 68.73, 71
2026/09/20 22:45:42.326, 100, 15766, 16380, 68.71, 71
2026/09/20 22:45:43.326, 100, 15766, 16380, 68.46, 71
2026/09/20 22:45:44.326, 100, 15766, 16380, 68.37, 71
2026/09/20 22:45:45.326, 100, 15766, 16380, 68.74, 70
2026/09/20 22:45:46.327, 100, 15766, 16380, 68.90, 71
2026/09/20 22:45:47.327, 100, 15766, 16380, 68.57, 71
2026/09/20 22:45:48.327, 100, 15766, 16380, 68.59, 71
2026/09/20 22:45:49.327, 100, 15766, 16380, 68.18, 70
2026/09/20 22:45:50.328, 100, 15766, 16380, 68.48, 71
2026/09/20 22:45:51.328, 100, 15766, 16380, 68.73, 71
2026/09/20 22:45:52.328, 100, 15766, 16380, 68.58, 71
2026/09/20 22:45:53.328, 100, 15766, 16380, 68.50, 71
2026/09/20 22:45:54.328, 100, 15766, 16380, 67.87, 71
2026/09/20 22:45:55.329, 100, 15766, 16380, 68.07, 71
2026/09/20 22:45:56.330, 100, 15766, 16380, 67.71, 72
2026/09/20 22:45:57.331, 100, 15766, 16380, 67.80, 71
2026/09/20 22:45:58.331, 100, 15766, 16380, 68.28, 71
2026/09/20 22:45:59.331, 100, 15766, 16380, 68.78, 71
2026/09/20 22:46:00.332, 100, 15766, 16380, 67.28, 72
2026/09/20 22:46:01.332, 100, 15766, 16380, 67.63, 71
2026/09/20 22:46:02.332, 100, 15766, 16380, 68.10, 71
2026/09/20 22:46:03.332, 100, 15766, 16380, 67.90, 71
2026/09/20 22:46:04.333, 100, 15766, 16380, 67.97, 72
2026/09/20 22:46:05.333, 100, 15766, 16380, 67.81, 71
2026/09/20 22:46:06.333, 100, 15766, 16380, 68.58, 71
2026/09/20 22:46:07.333, 100, 15766, 16380, 67.15, 70
2026/09/20 22:46:08.334, 100, 15766, 16380, 67.72, 71
2026/09/20 22:46:09.334, 100, 15766, 16380, 68.16, 72
2026/09/20 22:46:10.334, 100, 15766, 16380, 67.42, 70
2026/09/20 22:46:11.334, 100, 15766, 16380, 68.07, 72
2026/09/20 22:46:12.335, 100, 15766, 16380, 67.57, 72
2026/09/20 22:46:13.336, 100, 15766, 16380, 68.26, 71
2026/09/20 22:46:14.336, 100, 15766, 16380, 67.77, 72
2026/09/20 22:46:15.336, 100, 15766, 16380, 67.68, 72
2026/09/20 22:46:16.337, 100, 15766, 16380, 67.00, 72
2026/09/20 22:46:17.337, 100, 15766, 16380, 67.72, 71
2026/09/20 22:46:18.337, 100, 15766, 16380, 66.66, 72
2026/09/20 22:46:19.337, 100, 15766, 16380, 67.64, 71
2026/09/20 22:46:20.338, 100, 15766, 16380, 67.56, 70
2026/09/20 22:46:21.338, 100, 15766, 16380, 67.87, 72
2026/09/20 22:46:22.338, 100, 15766, 16380, 67.61, 72
2026/09/20 22:46:23.338, 100, 15766, 16380, 67.42, 72
2026/09/20 22:46:24.339, 100, 15766, 16380, 67.76, 72
2026/09/20 22:46:25.339, 100, 15766, 16380, 67.95, 71
2026/09/20 22:46:26.339, 100, 15766, 16380, 68.21, 71
2026/09/20 22:46:27.339, 100, 15766, 16380, 67.63, 72
2026/09/20 22:46:28.340, 100, 15766, 16380, 67.56, 70
2026/09/20 22:46:29.340, 100, 15766, 16380, 67.36, 72
2026/09/20 22:46:30.340, 100, 15766, 16380, 67.49, 72
2026/09/20 22:46:31.341, 100, 15766, 16380, 67.77, 71
2026/09/20 22:46:32.341, 100, 15766, 16380, 67.98, 70
2026/09/20 22:46:33.342, 100, 15766, 16380, 67.76, 72
2026/09/20 22:46:34.342, 100, 15766, 16380, 67.22, 72
2026/09/20 22:46:35.342, 100, 15766, 16380, 67.49, 72
2026/09/20 22:46:36.342, 100, 15766, 16380, 67.50, 70
2026/09/20 22:46:37.343, 100, 15766, 16380, 67.50, 71
2026/09/20 22:46:38.344, 100, 15766, 16380, 66.77, 72
2026/09/20 22:46:39.345, 100, 15766, 16380, 67.24, 72
2026/09/20 22:46:40.345, 100, 15766, 16380, 67.13, 72
2026/09/20 22:46:41.346, 100, 15766, 16380, 67.52, 71
2026/09/20 22:46:42.346, 100, 15766, 16380, 68.01, 71
2026/09/20 22:46:43.346, 100, 15766, 16380, 67.80, 70
2026/09/20 22:46:44.347, 100, 15766, 16380, 67.28, 73
2026/09/20 22:46:45.347, 100, 15766, 16380, 67.28, 70
2026/09/20 22:46:46.347, 100, 15766, 16380, 66.89, 72
2026/09/20 22:46:47.348, 100, 15766, 16380, 67.34, 71
2026/09/20 22:46:48.348, 100, 15766, 16380, 66.71, 73
2026/09/20 22:46:49.348, 100, 15766, 16380, 67.05, 72
2026/09/20 22:46:50.348, 100, 15766, 16380, 67.04, 72
2026/09/20 22:46:51.349, 100, 15766, 16380, 66.69, 72
2026/09/20 22:46:52.349, 100, 15766, 16380, 67.04, 72
2026/09/20 22:46:53.349, 100, 15766, 16380, 66.48, 72
2026/09/20 22:46:54.349, 100, 15766, 16380, 66.63, 73
2026/09/20 22:46:55.350, 100, 15766, 16380, 67.10, 72
2026/09/20 22:46:56.350, 100, 15766, 16380, 67.01, 71
2026/09/20 22:46:57.351, 100, 15766, 16380, 67.00, 72
2026/09/20 22:46:58.351, 100, 15766, 16380, 66.15, 73
2026/09/20 22:46:59.351, 100, 15766, 16380, 67.26, 71
2026/09/20 22:47:00.352, 100, 15766, 16380, 67.99, 71
2026/09/20 22:47:01.352, 100, 15766, 16380, 67.16, 73
2026/09/20 22:47:02.352, 100, 15766, 16380, 67.72, 72
2026/09/20 22:47:03.352, 100, 15766, 16380, 66.99, 72
2026/09/20 22:47:04.353, 100, 15766, 16380, 66.28, 72
2026/09/20 22:47:05.353, 100, 15766, 16380, 66.73, 71
2026/09/20 22:47:06.353, 100, 15766, 16380, 67.20, 70
2026/09/20 22:47:07.353, 100, 15766, 16380, 67.11, 72
2026/09/20 22:47:08.353, 100, 15766, 16380, 67.03, 72
2026/09/20 22:47:09.354, 100, 15766, 16380, 67.14, 72
2026/09/20 22:47:10.354, 100, 15766, 16380, 66.90, 70
2026/09/20 22:47:11.354, 100, 15766, 16380, 67.64, 71
2026/09/20 22:47:12.354, 99, 15766, 16380, 66.60, 73
2026/09/20 22:47:13.354, 100, 15766, 16380, 66.47, 72
2026/09/20 22:47:14.356, 100, 15766, 16380, 66.78, 72
2026/09/20 22:47:15.356, 100, 15766, 16380, 66.73, 71
2026/09/20 22:47:16.356, 100, 15766, 16380, 66.61, 71
2026/09/20 22:47:17.356, 100, 15766, 16380, 66.27, 72
2026/09/20 22:47:18.357, 100, 15766, 16380, 66.51, 72
2026/09/20 22:47:19.357, 100, 15766, 16380, 67.36, 72
2026/09/20 22:47:20.357, 100, 15766, 16380, 66.18, 73
2026/09/20 22:47:21.357, 100, 15766, 16380, 66.71, 72
2026/09/20 22:47:22.357, 100, 15766, 16380, 67.37, 72
2026/09/20 22:47:23.358, 100, 15766, 16380, 65.98, 73
2026/09/20 22:47:24.358, 100, 15766, 16380, 66.66, 72
2026/09/20 22:47:25.358, 100, 15766, 16380, 66.70, 72
2026/09/20 22:47:26.359, 100, 15766, 16380, 66.47, 71
2026/09/20 22:47:27.360, 100, 15766, 16380, 66.52, 72
2026/09/20 22:47:28.360, 100, 15766, 16380, 66.17, 72
2026/09/20 22:47:29.360, 100, 15766, 16380, 66.19, 72
2026/09/20 22:47:30.360, 100, 15766, 16380, 66.84, 73
2026/09/20 22:47:31.362, 100, 15766, 16380, 67.37, 71
2026/09/20 22:47:32.362, 100, 15766, 16380, 66.90, 73
2026/09/20 22:47:33.363, 100, 15766, 16380, 67.15, 71
2026/09/20 22:47:34.363, 100, 15766, 16380, 67.59, 72
2026/09/20 22:47:35.363, 100, 15766, 16380, 66.60, 72
2026/09/20 22:47:36.363, 100, 15766, 16380, 67.19, 72
2026/09/20 22:47:37.363, 100, 15766, 16380, 66.78, 70
2026/09/20 22:47:38.364, 100, 15766, 16380, 65.75, 72
2026/09/20 22:47:39.364, 100, 15766, 16380, 66.77, 71
2026/09/20 22:47:40.364, 100, 15766, 16380, 67.57, 72
2026/09/20 22:47:41.364, 100, 15766, 16380, 66.35, 72
2026/09/20 22:47:42.364, 100, 15766, 16380, 66.72, 73
2026/09/20 22:47:43.365, 100, 15766, 16380, 66.91, 71
2026/09/20 22:47:44.365, 100, 15766, 16380, 66.40, 70
2026/09/20 22:47:45.365, 100, 15766, 16380, 66.49, 72
2026/09/20 22:47:46.366, 100, 15766, 16380, 67.01, 71
2026/09/20 22:47:47.367, 100, 15766, 16380, 66.95, 73
2026/09/20 22:47:48.367, 100, 15766, 16380, 66.76, 71
2026/09/20 22:47:49.368, 100, 15766, 16380, 67.09, 73
2026/09/20 22:47:50.368, 100, 15766, 16380, 67.38, 72
2026/09/20 22:47:51.368, 100, 15766, 16380, 67.06, 70
2026/09/20 22:47:52.368, 100, 15766, 16380, 66.89, 72
2026/09/20 22:47:53.369, 100, 15766, 16380, 66.50, 72
2026/09/20 22:47:54.369, 100, 15766, 16380, 66.68, 71
2026/09/20 22:47:55.369, 100, 15766, 16380, 66.59, 72
2026/09/20 22:47:56.369, 100, 15766, 16380, 59.80, 71
2026/09/20 22:47:57.370, 100, 15766, 16380, 66.55, 71
2026/09/20 22:47:58.370, 100, 15766, 16380, 66.76, 72
2026/09/20 22:47:59.371, 100, 15766, 16380, 66.31, 72
2026/09/20 22:48:00.371, 100, 15766, 16380, 66.56, 70
2026/09/20 22:48:01.371, 100, 15766, 16380, 66.62, 72
2026/09/20 22:48:02.371, 100, 15766, 16380, 66.77, 71
2026/09/20 22:48:03.372, 100, 15766, 16380, 64.45, 70
2026/09/20 22:48:04.372, 100, 15766, 16380, 64.43, 70
2026/09/20 22:48:05.372, 100, 15766, 16380, 67.24, 71
2026/09/20 22:48:06.372, 97, 15766, 16380, 66.47, 71
2026/09/20 22:48:07.373, 100, 15766, 16380, 67.74, 70
2026/09/20 22:48:08.373, 100, 15766, 16380, 61.86, 70
2026/09/20 22:48:09.373, 95, 15776, 16380, 63.78, 71
2026/09/20 22:48:10.373, 99, 15776, 16380, 68.34, 72
2026/09/20 22:48:11.374, 100, 15776, 16380, 68.48, 72
2026/09/20 22:48:12.374, 94, 15776, 16380, 68.42, 72
2026/09/20 22:48:13.375, 94, 15776, 16380, 67.69, 72
2026/09/20 22:48:14.375, 100, 15776, 16380, 68.39, 72
2026/09/20 22:48:15.376, 95, 15776, 16380, 68.10, 72
2026/09/20 22:48:16.376, 92, 15776, 16380, 68.33, 71
2026/09/20 22:48:17.376, 100, 15776, 16380, 67.73, 72
2026/09/20 22:48:18.376, 100, 15776, 16380, 68.06, 72
2026/09/20 22:48:19.376, 95, 15776, 16380, 68.41, 72
2026/09/20 22:48:20.377, 99, 15776, 16380, 68.42, 72
2026/09/20 22:48:21.377, 100, 15776, 16380, 68.39, 72
2026/09/20 22:48:22.377, 96, 15776, 16380, 68.48, 72
2026/09/20 22:48:23.377, 94, 15776, 16380, 68.55, 72
2026/09/20 22:48:24.378, 100, 15776, 16380, 68.36, 72
2026/09/20 22:48:25.378, 96, 15776, 16380, 68.31, 72
2026/09/20 22:48:26.378, 95, 15776, 16380, 68.43, 71
2026/09/20 22:48:27.378, 100, 15776, 16380, 68.38, 71
2026/09/20 22:48:28.379, 0, 15776, 16380, 60.88, 66
2026/09/20 22:48:29.380, 100, 15776, 16380, 61.53, 71
2026/09/20 22:48:30.380, 100, 15776, 16380, 68.90, 71
2026/09/20 22:48:31.380, 100, 15776, 16380, 68.95, 71
2026/09/20 22:48:32.380, 100, 15776, 16380, 69.12, 71
2026/09/20 22:48:33.381, 100, 15776, 16380, 68.86, 71
2026/09/20 22:48:34.381, 100, 15776, 16380, 68.91, 71
2026/09/20 22:48:35.381, 100, 15776, 16380, 68.67, 71
2026/09/20 22:48:36.381, 100, 15776, 16380, 68.82, 71
2026/09/20 22:48:37.381, 100, 15776, 16380, 69.02, 71
2026/09/20 22:48:38.382, 100, 15776, 16380, 68.81, 71
2026/09/20 22:48:39.382, 100, 15776, 16380, 68.61, 71
2026/09/20 22:48:40.382, 100, 15776, 16380, 68.77, 71
2026/09/20 22:48:41.382, 100, 15776, 16380, 68.64, 71
2026/09/20 22:48:42.383, 100, 15776, 16380, 68.47, 71
2026/09/20 22:48:43.383, 100, 15776, 16380, 68.95, 71
2026/09/20 22:48:44.383, 100, 15776, 16380, 68.65, 71
2026/09/20 22:48:45.384, 100, 15776, 16380, 68.72, 71
2026/09/20 22:48:46.384, 100, 15776, 16380, 68.66, 71
2026/09/20 22:48:47.384, 100, 15776, 16380, 68.30, 72
2026/09/20 22:48:48.386, 100, 15776, 16380, 68.45, 71
2026/09/20 22:48:49.386, 100, 15776, 16380, 68.44, 71
2026/09/20 22:48:50.386, 100, 15776, 16380, 68.49, 71
2026/09/20 22:48:51.386, 100, 15776, 16380, 68.05, 71
2026/09/20 22:48:52.386, 100, 15776, 16380, 68.31, 71
2026/09/20 22:48:53.387, 100, 15776, 16380, 68.29, 70
2026/09/20 22:48:54.387, 100, 15776, 16380, 68.65, 71
2026/09/20 22:48:55.387, 100, 15776, 16380, 68.41, 71
2026/09/20 22:48:56.387, 100, 15776, 16380, 68.36, 71
2026/09/20 22:48:57.388, 100, 15776, 16380, 68.04, 71
2026/09/20 22:48:58.388, 100, 15776, 16380, 68.28, 71
2026/09/20 22:48:59.388, 100, 15776, 16380, 68.38, 71
2026/09/20 22:49:00.388, 100, 15776, 16380, 67.86, 71
2026/09/20 22:49:01.388, 100, 15776, 16380, 67.91, 71
2026/09/20 22:49:02.389, 100, 15776, 16380, 67.96, 72
2026/09/20 22:49:03.390, 100, 15776, 16380, 68.47, 72
2026/09/20 22:49:04.390, 100, 15776, 16380, 68.21, 71
2026/09/20 22:49:05.390, 100, 15776, 16380, 67.72, 72
2026/09/20 22:49:06.390, 100, 15776, 16380, 67.88, 72
2026/09/20 22:49:07.391, 100, 15776, 16380, 67.99, 71
2026/09/20 22:49:08.391, 100, 15776, 16380, 68.15, 71
2026/09/20 22:49:09.391, 100, 15776, 16380, 68.14, 72
2026/09/20 22:49:10.391, 100, 15776, 16380, 67.18, 72
2026/09/20 22:49:11.392, 100, 15776, 16380, 67.85, 71
2026/09/20 22:49:12.392, 100, 15776, 16380, 67.69, 71
2026/09/20 22:49:13.392, 100, 15776, 16380, 67.70, 72
2026/09/20 22:49:14.392, 100, 15776, 16380, 67.76, 72
2026/09/20 22:49:15.392, 100, 15776, 16380, 68.07, 71
2026/09/20 22:49:16.393, 100, 15776, 16380, 67.61, 70
2026/09/20 22:49:17.394, 100, 15776, 16380, 68.02, 71
2026/09/20 22:49:18.394, 100, 15776, 16380, 67.65, 71
2026/09/20 22:49:19.394, 100, 15776, 16380, 67.42, 71
2026/09/20 22:49:20.396, 100, 15776, 16380, 67.84, 72
2026/09/20 22:49:21.396, 100, 15776, 16380, 67.78, 71
2026/09/20 22:49:22.396, 100, 15776, 16380, 67.85, 72
2026/09/20 22:49:23.397, 100, 15776, 16380, 67.80, 70
2026/09/20 22:49:24.397, 100, 15776, 16380, 66.82, 72
2026/09/20 22:49:25.397, 100, 15776, 16380, 67.96, 71
2026/09/20 22:49:26.397, 100, 15776, 16380, 67.72, 72
2026/09/20 22:49:27.398, 100, 15776, 16380, 67.93, 71
2026/09/20 22:49:28.398, 100, 15776, 16380, 66.93, 72
2026/09/20 22:49:29.398, 100, 15776, 16380, 67.38, 71
2026/09/20 22:49:30.398, 100, 15776, 16380, 67.34, 71
2026/09/20 22:49:31.399, 100, 15776, 16380, 67.86, 72
2026/09/20 22:49:32.399, 100, 15776, 16380, 67.94, 72
2026/09/20 22:49:33.399, 100, 15776, 16380, 67.24, 71
2026/09/20 22:49:34.399, 100, 15776, 16380, 66.81, 72
2026/09/20 22:49:35.399, 100, 15776, 16380, 67.11, 71
2026/09/20 22:49:36.400, 100, 15776, 16380, 67.24, 71
2026/09/20 22:49:37.401, 100, 15776, 16380, 67.57, 72
2026/09/20 22:49:38.401, 100, 15776, 16380, 67.90, 72
2026/09/20 22:49:39.401, 100, 15776, 16380, 66.96, 71
2026/09/20 22:49:40.401, 100, 15776, 16380, 67.70, 70
2026/09/20 22:49:41.402, 100, 15776, 16380, 67.86, 71
2026/09/20 22:49:42.402, 100, 15776, 16380, 67.52, 72
2026/09/20 22:49:43.402, 100, 15776, 16380, 67.60, 72
2026/09/20 22:49:44.403, 100, 15776, 16380, 67.45, 72
2026/09/20 22:49:45.403, 100, 15776, 16380, 67.70, 70
2026/09/20 22:49:46.403, 100, 15776, 16380, 67.44, 70
2026/09/20 22:49:47.403, 100, 15776, 16380, 67.45, 72
2026/09/20 22:49:48.404, 100, 15776, 16380, 66.99, 71
2026/09/20 22:49:49.404, 100, 15776, 16380, 66.74, 72
2026/09/20 22:49:50.404, 100, 15776, 16380, 67.20, 72
2026/09/20 22:49:51.404, 100, 15776, 16380, 67.63, 71
2026/09/20 22:49:52.404, 100, 15776, 16380, 68.16, 72
2026/09/20 22:49:53.405, 100, 15776, 16380, 67.45, 71
2026/09/20 22:49:54.405, 100, 15776, 16380, 67.86, 71
2026/09/20 22:49:55.405, 100, 15776, 16380, 67.69, 71
2026/09/20 22:49:56.405, 100, 15776, 16380, 68.24, 70
2026/09/20 22:49:57.406, 100, 15776, 16380, 67.34, 71
2026/09/20 22:49:58.406, 100, 15776, 16380, 67.96, 70
2026/09/20 22:49:59.406, 100, 15776, 16380, 67.74, 70
2026/09/20 22:50:00.406, 100, 15776, 16380, 67.14, 72
2026/09/20 22:50:01.407, 100, 15776, 16380, 68.07, 71
2026/09/20 22:50:02.408, 100, 15776, 16380, 67.76, 71
2026/09/20 22:50:03.408, 100, 15776, 16380, 66.86, 72
2026/09/20 22:50:04.408, 100, 15776, 16380, 67.73, 72
2026/09/20 22:50:05.408, 100, 15776, 16380, 67.34, 72
2026/09/20 22:50:06.409, 100, 15776, 16380, 66.81, 72
2026/09/20 22:50:07.409, 100, 15776, 16380, 66.90, 72
2026/09/20 22:50:08.409, 100, 15776, 16380, 66.24, 72
2026/09/20 22:50:09.409, 100, 15776, 16380, 66.56, 72
2026/09/20 22:50:10.409, 100, 15776, 16380, 67.24, 72
2026/09/20 22:50:11.410, 100, 15776, 16380, 67.07, 72
2026/09/20 22:50:12.410, 100, 15776, 16380, 67.46, 71
2026/09/20 22:50:13.410, 100, 15776, 16380, 66.46, 72
2026/09/20 22:50:14.410, 100, 15776, 16380, 66.42, 73
2026/09/20 22:50:15.411, 100, 15776, 16380, 66.90, 72
2026/09/20 22:50:16.411, 100, 15776, 16380, 67.07, 71
2026/09/20 22:50:17.411, 100, 15776, 16380, 67.54, 71
2026/09/20 22:50:18.411, 100, 15776, 16380, 66.88, 71
2026/09/20 22:50:19.412, 100, 15776, 16380, 66.70, 70
2026/09/20 22:50:20.412, 100, 15776, 16380, 67.66, 70
2026/09/20 22:50:21.412, 100, 15776, 16380, 66.97, 72
2026/09/20 22:50:22.412, 100, 15776, 16380, 66.81, 73
2026/09/20 22:50:23.413, 100, 15776, 16380, 66.71, 70
2026/09/20 22:50:24.414, 100, 15776, 16380, 66.70, 72
2026/09/20 22:50:25.414, 100, 15776, 16380, 66.70, 72
2026/09/20 22:50:26.414, 100, 15776, 16380, 66.19, 73
2026/09/20 22:50:27.414, 100, 15776, 16380, 67.05, 72
2026/09/20 22:50:28.414, 100, 15776, 16380, 67.01, 72
2026/09/20 22:50:29.415, 100, 15776, 16380, 66.25, 72
2026/09/20 22:50:30.415, 100, 15776, 16380, 66.66, 72
2026/09/20 22:50:31.415, 100, 15776, 16380, 66.84, 72
2026/09/20 22:50:32.415, 100, 15776, 16380, 66.35, 72
2026/09/20 22:50:33.416, 100, 15776, 16380, 66.38, 72
2026/09/20 22:50:34.416, 100, 15776, 16380, 66.17, 73
2026/09/20 22:50:35.416, 100, 15776, 16380, 67.55, 70
2026/09/20 22:50:36.416, 100, 15776, 16380, 66.27, 72
2026/09/20 22:50:37.416, 100, 15776, 16380, 66.96, 70
2026/09/20 22:50:38.417, 100, 15776, 16380, 66.41, 73
2026/09/20 22:50:39.418, 100, 15776, 16380, 67.30, 70
2026/09/20 22:50:40.418, 100, 15776, 16380, 67.06, 72
2026/09/20 22:50:41.419, 100, 15776, 16380, 67.18, 70
2026/09/20 22:50:42.419, 100, 15776, 16380, 67.42, 72
2026/09/20 22:50:43.419, 100, 15776, 16380, 66.14, 73
2026/09/20 22:50:44.419, 100, 15776, 16380, 66.52, 72
2026/09/20 22:50:45.420, 100, 15776, 16380, 66.22, 70
2026/09/20 22:50:46.420, 100, 15776, 16380, 66.63, 71
2026/09/20 22:50:47.420, 100, 15776, 16380, 67.06, 71
2026/09/20 22:50:48.420, 100, 15776, 16380, 67.54, 71
2026/09/20 22:50:49.421, 100, 15776, 16380, 66.53, 70
2026/09/20 22:50:50.421, 100, 15776, 16380, 65.57, 73
2026/09/20 22:50:51.421, 100, 15776, 16380, 67.02, 71
2026/09/20 22:50:52.421, 100, 15776, 16380, 66.94, 73
2026/09/20 22:50:53.421, 100, 15776, 16380, 66.25, 71
2026/09/20 22:50:54.422, 100, 15776, 16380, 66.30, 70
2026/09/20 22:50:55.422, 100, 15776, 16380, 67.36, 72
2026/09/20 22:50:56.423, 100, 15776, 16380, 66.45, 72
2026/09/20 22:50:57.423, 100, 15776, 16380, 66.77, 72
2026/09/20 22:50:58.423, 100, 15776, 16380, 66.60, 71
2026/09/20 22:50:59.423, 100, 15776, 16380, 67.27, 72
2026/09/20 22:51:00.424, 100, 15776, 16380, 66.84, 73
2026/09/20 22:51:01.424, 100, 15776, 16380, 66.88, 72
2026/09/20 22:51:02.424, 100, 15776, 16380, 62.44, 70
2026/09/20 22:51:03.424, 100, 15776, 16380, 66.69, 72
2026/09/20 22:51:04.425, 100, 15776, 16380, 66.50, 71
2026/09/20 22:51:05.425, 100, 15776, 16380, 67.52, 71
2026/09/20 22:51:06.425, 100, 15776, 16380, 66.36, 72
2026/09/20 22:51:07.425, 100, 15776, 16380, 66.46, 72
2026/09/20 22:51:08.426, 100, 15776, 16380, 66.91, 71
2026/09/20 22:51:09.426, 100, 15776, 16380, 66.41, 71
2026/09/20 22:51:10.426, 85, 15776, 16380, 65.07, 70
2026/09/20 22:51:11.426, 100, 15776, 16380, 66.33, 70
2026/09/20 22:51:12.427, 100, 15776, 16380, 66.51, 70
2026/09/20 22:51:13.427, 99, 15776, 16380, 67.48, 72
2026/09/20 22:51:14.428, 100, 15776, 16380, 68.36, 71
2026/09/20 22:51:15.428, 96, 15776, 16380, 68.52, 71
2026/09/20 22:51:16.428, 99, 15776, 16380, 68.44, 72
2026/09/20 22:51:17.428, 100, 15776, 16380, 68.24, 71
2026/09/20 22:51:18.428, 95, 15776, 16380, 68.32, 72
2026/09/20 22:51:19.429, 98, 15776, 16380, 68.16, 72
2026/09/20 22:51:20.429, 100, 15776, 16380, 68.43, 71
2026/09/20 22:51:21.430, 68, 15776, 16380, 61.46, 71
2026/09/20 22:51:22.430, 97, 15776, 16380, 67.33, 72
2026/09/20 22:51:23.430, 100, 15776, 16380, 68.17, 71
2026/09/20 22:51:24.430, 96, 15776, 16380, 68.46, 72
2026/09/20 22:51:25.431, 96, 15776, 16380, 68.50, 72
2026/09/20 22:51:26.431, 100, 15776, 16380, 68.46, 72
2026/09/20 22:51:27.431, 96, 15776, 16380, 68.37, 72
2026/09/20 22:51:28.431, 95, 15776, 16380, 68.24, 72
2026/09/20 22:51:29.432, 100, 15776, 16380, 68.28, 72
2026/09/20 22:51:30.432, 97, 15776, 16380, 68.24, 72
2026/09/20 22:51:31.432, 93, 15776, 16380, 68.34, 72
2026/09/20 22:51:32.432, 20, 15776, 16380, 57.03, 70
2026/09/20 22:51:33.432, 100, 15776, 16380, 66.60, 71
2026/09/20 22:51:34.433, 100, 15776, 16380, 69.03, 71
2026/09/20 22:51:35.433, 100, 15776, 16380, 68.95, 71
2026/09/20 22:51:36.433, 100, 15776, 16380, 68.94, 71
2026/09/20 22:51:37.434, 100, 15776, 16380, 68.85, 71
2026/09/20 22:51:38.435, 100, 15776, 16380, 68.71, 71
2026/09/20 22:51:39.435, 100, 15776, 16380, 68.64, 71
2026/09/20 22:51:40.435, 100, 15776, 16380, 68.86, 71
2026/09/20 22:51:41.435, 100, 15776, 16380, 68.64, 71
2026/09/20 22:51:42.435, 100, 15776, 16380, 68.56, 71
2026/09/20 22:51:43.436, 100, 15776, 16380, 68.68, 71
2026/09/20 22:51:44.436, 100, 15776, 16380, 68.68, 71
2026/09/20 22:51:45.436, 100, 15776, 16380, 68.61, 71
2026/09/20 22:51:46.436, 100, 15776, 16380, 68.69, 71
2026/09/20 22:51:47.437, 100, 15776, 16380, 68.73, 71
2026/09/20 22:51:48.437, 100, 15776, 16380, 68.91, 71
2026/09/20 22:51:49.437, 100, 15776, 16380, 68.69, 71
2026/09/20 22:51:50.437, 100, 15776, 16380, 68.37, 71
2026/09/20 22:51:51.438, 100, 15776, 16380, 68.51, 71
2026/09/20 22:51:52.438, 100, 15776, 16380, 68.44, 72
2026/09/20 22:51:53.438, 100, 15776, 16380, 68.68, 71
2026/09/20 22:51:54.438, 100, 15776, 16380, 68.41, 72
2026/09/20 22:51:55.439, 100, 15776, 16380, 68.50, 72
2026/09/20 22:51:56.440, 100, 15776, 16380, 68.50, 71
2026/09/20 22:51:57.440, 100, 15776, 16380, 68.72, 72
2026/09/20 22:51:58.440, 100, 15776, 16380, 68.62, 70
2026/09/20 22:51:59.441, 100, 15776, 16380, 68.65, 71
2026/09/20 22:52:00.441, 100, 15776, 16380, 68.57, 71
2026/09/20 22:52:01.441, 100, 15776, 16380, 68.08, 71
2026/09/20 22:52:02.441, 100, 15776, 16380, 68.42, 71
2026/09/20 22:52:03.442, 100, 15776, 16380, 68.04, 72
2026/09/20 22:52:04.442, 100, 15776, 16380, 67.78, 71
2026/09/20 22:52:05.442, 100, 15776, 16380, 67.60, 71
2026/09/20 22:52:06.442, 100, 15776, 16380, 68.13, 71
2026/09/20 22:52:07.442, 100, 15776, 16380, 68.21, 72
2026/09/20 22:52:08.443, 100, 15776, 16380, 68.08, 71
2026/09/20 22:52:09.443, 100, 15776, 16380, 68.02, 71
2026/09/20 22:52:10.443, 100, 15776, 16380, 68.00, 72
2026/09/20 22:52:11.444, 100, 15776, 16380, 68.46, 71
2026/09/20 22:52:12.445, 100, 15776, 16380, 68.11, 71
2026/09/20 22:52:13.445, 100, 15776, 16380, 67.18, 71
2026/09/20 22:52:14.445, 100, 15776, 16380, 67.46, 71
2026/09/20 22:52:15.446, 100, 15776, 16380, 68.05, 70
2026/09/20 22:52:16.446, 100, 15776, 16380, 67.48, 71
2026/09/20 22:52:17.446, 100, 15776, 16380, 67.30, 71
2026/09/20 22:52:18.446, 100, 15776, 16380, 67.54, 70
2026/09/20 22:52:19.446, 100, 15776, 16380, 66.97, 71
2026/09/20 22:52:20.447, 100, 15776, 16380, 67.75, 71
2026/09/20 22:52:21.447, 100, 15776, 16380, 67.71, 71
2026/09/20 22:52:22.447, 100, 15776, 16380, 67.36, 71
2026/09/20 22:52:23.447, 100, 15776, 16380, 67.63, 71
2026/09/20 22:52:24.447, 100, 15776, 16380, 67.38, 71
2026/09/20 22:52:25.448, 100, 15776, 16380, 67.69, 71
2026/09/20 22:52:26.448, 100, 15776, 16380, 67.39, 71
2026/09/20 22:52:27.448, 100, 15776, 16380, 67.68, 72
2026/09/20 22:52:28.448, 100, 15776, 16380, 67.83, 71
2026/09/20 22:52:29.450, 100, 15776, 16380, 67.89, 70
2026/09/20 22:52:30.450, 100, 15776, 16380, 67.78, 72
2026/09/20 22:52:31.450, 100, 15776, 16380, 67.86, 71
2026/09/20 22:52:32.450, 100, 15776, 16380, 67.32, 70
2026/09/20 22:52:33.451, 100, 15776, 16380, 67.63, 72
2026/09/20 22:52:34.451, 100, 15776, 16380, 68.12, 70
2026/09/20 22:52:35.451, 100, 15776, 16380, 67.48, 72
2026/09/20 22:52:36.451, 100, 15776, 16380, 67.37, 71
2026/09/20 22:52:37.451, 100, 15776, 16380, 67.47, 71
2026/09/20 22:52:38.452, 100, 15776, 16380, 67.72, 72
2026/09/20 22:52:39.452, 100, 15776, 16380, 67.70, 72
2026/09/20 22:52:40.452, 100, 15776, 16380, 67.50, 71
2026/09/20 22:52:41.452, 100, 15776, 16380, 67.99, 72
2026/09/20 22:52:42.452, 100, 15776, 16380, 68.12, 72
2026/09/20 22:52:43.453, 100, 15776, 16380, 67.53, 71
2026/09/20 22:52:44.453, 100, 15776, 16380, 67.66, 70
2026/09/20 22:52:45.454, 100, 15776, 16380, 66.60, 70
2026/09/20 22:52:46.454, 100, 15776, 16380, 67.56, 72
2026/09/20 22:52:47.454, 100, 15776, 16380, 67.59, 71
2026/09/20 22:52:48.455, 100, 15776, 16380, 66.72, 72
2026/09/20 22:52:49.455, 100, 15776, 16380, 67.43, 71
2026/09/20 22:52:50.455, 100, 15776, 16380, 67.02, 71
2026/09/20 22:52:51.455, 100, 15776, 16380, 67.18, 71
2026/09/20 22:52:52.456, 100, 15776, 16380, 67.65, 72
2026/09/20 22:52:53.456, 100, 15776, 16380, 67.52, 72
2026/09/20 22:52:54.456, 100, 15776, 16380, 67.94, 71
2026/09/20 22:52:55.457, 100, 15776, 16380, 67.38, 73
2026/09/20 22:52:56.457, 100, 15776, 16380, 67.54, 72
2026/09/20 22:52:57.457, 100, 15776, 16380, 67.14, 71
2026/09/20 22:52:58.457, 100, 15776, 16380, 66.61, 72
2026/09/20 22:52:59.457, 100, 15776, 16380, 66.67, 71
2026/09/20 22:53:00.458, 100, 15776, 16380, 67.05, 71
2026/09/20 22:53:01.458, 100, 15776, 16380, 66.52, 71
2026/09/20 22:53:02.458, 100, 15776, 16380, 67.22, 72
2026/09/20 22:53:03.458, 100, 15776, 16380, 66.11, 72
2026/09/20 22:53:04.459, 100, 15776, 16380, 66.73, 72
2026/09/20 22:53:05.459, 100, 15776, 16380, 66.58, 71
2026/09/20 22:53:06.459, 100, 15776, 16380, 66.88, 72
2026/09/20 22:53:07.460, 100, 15776, 16380, 66.83, 72
2026/09/20 22:53:08.460, 100, 15776, 16380, 66.61, 72
2026/09/20 22:53:09.460, 100, 15776, 16380, 67.10, 72
2026/09/20 22:53:10.460, 100, 15776, 16380, 67.81, 72
2026/09/20 22:53:11.461, 100, 15776, 16380, 67.40, 72
2026/09/20 22:53:12.461, 100, 15776, 16380, 67.37, 70
2026/09/20 22:53:13.461, 100, 15776, 16380, 66.96, 70
2026/09/20 22:53:14.461, 100, 15776, 16380, 66.24, 72
2026/09/20 22:53:15.462, 100, 15776, 16380, 66.78, 72
2026/09/20 22:53:16.462, 100, 15776, 16380, 67.36, 72
2026/09/20 22:53:17.462, 100, 15776, 16380, 67.53, 70
2026/09/20 22:53:18.462, 100, 15776, 16380, 66.88, 70
2026/09/20 22:53:19.463, 100, 15776, 16380, 66.69, 70
2026/09/20 22:53:20.463, 100, 15776, 16380, 66.66, 72
2026/09/20 22:53:21.463, 100, 15776, 16380, 67.41, 72
2026/09/20 22:53:22.463, 100, 15776, 16380, 66.77, 73
2026/09/20 22:53:23.464, 100, 15776, 16380, 67.62, 73
2026/09/20 22:53:24.464, 100, 15776, 16380, 67.46, 71
2026/09/20 22:53:25.464, 100, 15776, 16380, 66.58, 71
2026/09/20 22:53:26.464, 100, 15776, 16380, 67.46, 72
2026/09/20 22:53:27.464, 100, 15776, 16380, 67.33, 72
2026/09/20 22:53:28.465, 100, 15776, 16380, 66.25, 71
2026/09/20 22:53:29.465, 100, 15776, 16380, 67.46, 71
2026/09/20 22:53:30.465, 100, 15776, 16380, 66.49, 72
2026/09/20 22:53:31.465, 100, 15776, 16380, 66.72, 71
2026/09/20 22:53:32.466, 100, 15776, 16380, 67.93, 71
2026/09/20 22:53:33.466, 100, 15776, 16380, 67.16, 74
2026/09/20 22:53:34.466, 100, 15776, 16380, 67.40, 71
2026/09/20 22:53:35.466, 100, 15776, 16380, 67.68, 72
2026/09/20 22:53:36.467, 100, 15776, 16380, 66.12, 73
2026/09/20 22:53:37.467, 100, 15776, 16380, 66.43, 72
2026/09/20 22:53:38.467, 100, 15776, 16380, 67.46, 72
2026/09/20 22:53:39.468, 100, 15776, 16380, 66.99, 72
2026/09/20 22:53:40.468, 100, 15776, 16380, 66.65, 74
2026/09/20 22:53:41.468, 100, 15776, 16380, 67.76, 70
2026/09/20 22:53:42.469, 100, 15776, 16380, 66.29, 72
2026/09/20 22:53:43.469, 100, 15776, 16380, 66.99, 71
2026/09/20 22:53:44.469, 100, 15776, 16380, 66.23, 71
2026/09/20 22:53:45.469, 100, 15776, 16380, 67.45, 70
2026/09/20 22:53:46.470, 100, 15776, 16380, 67.27, 71
2026/09/20 22:53:47.470, 100, 15776, 16380, 65.97, 73
2026/09/20 22:53:48.470, 100, 15776, 16380, 66.97, 72
2026/09/20 22:53:49.471, 100, 15776, 16380, 66.56, 72
2026/09/20 22:53:50.471, 100, 15776, 16380, 66.66, 71
2026/09/20 22:53:51.471, 100, 15776, 16380, 68.05, 70
2026/09/20 22:53:52.471, 100, 15776, 16380, 66.71, 72
2026/09/20 22:53:53.472, 100, 15776, 16380, 66.82, 73
2026/09/20 22:53:54.472, 100, 15776, 16380, 66.48, 72
2026/09/20 22:53:55.472, 100, 15776, 16380, 67.08, 70
2026/09/20 22:53:56.473, 100, 15776, 16380, 67.10, 72
2026/09/20 22:53:57.474, 100, 15776, 16380, 66.07, 71
2026/09/20 22:53:58.474, 100, 15776, 16380, 67.32, 73
2026/09/20 22:53:59.474, 100, 15776, 16380, 67.88, 71
2026/09/20 22:54:00.474, 100, 15776, 16380, 66.93, 70
2026/09/20 22:54:01.475, 100, 15776, 16380, 68.22, 74
2026/09/20 22:54:02.475, 100, 15776, 16380, 67.59, 70
2026/09/20 22:54:03.475, 100, 15776, 16380, 67.01, 70
2026/09/20 22:54:04.475, 100, 15776, 16380, 67.87, 72
2026/09/20 22:54:05.475, 100, 15776, 16380, 66.40, 70
2026/09/20 22:54:06.476, 100, 15776, 16380, 60.47, 72
2026/09/20 22:54:07.476, 100, 15776, 16380, 66.65, 71
2026/09/20 22:54:08.476, 100, 15776, 16380, 66.83, 71
2026/09/20 22:54:09.476, 100, 15776, 16380, 66.01, 71
2026/09/20 22:54:10.477, 100, 15776, 16380, 66.61, 72
2026/09/20 22:54:11.477, 100, 15776, 16380, 66.73, 70
2026/09/20 22:54:12.477, 100, 15776, 16380, 66.67, 71
2026/09/20 22:54:13.478, 100, 15776, 16380, 65.33, 70
2026/09/20 22:54:14.478, 100, 15776, 16380, 65.75, 70
2026/09/20 22:54:15.478, 100, 15776, 16380, 67.11, 71
2026/09/20 22:54:16.478, 98, 15776, 16380, 65.75, 70
2026/09/20 22:54:17.478, 100, 15776, 16380, 67.14, 72
2026/09/20 22:54:18.479, 95, 15776, 16380, 62.39, 72
2026/09/20 22:54:19.479, 99, 15776, 16380, 68.43, 72
2026/09/20 22:54:20.479, 100, 15776, 16380, 68.21, 71
2026/09/20 22:54:21.479, 95, 15776, 16380, 68.51, 71
2026/09/20 22:54:22.479, 99, 15776, 16380, 68.08, 72
2026/09/20 22:54:23.481, 100, 15776, 16380, 68.46, 70
2026/09/20 22:54:24.481, 100, 15776, 16380, 64.35, 71
2026/09/20 22:54:25.481, 97, 15776, 16380, 68.34, 71
2026/09/20 22:54:26.481, 94, 15776, 16380, 68.49, 72
2026/09/20 22:54:27.481, 100, 15776, 16380, 68.39, 72
2026/09/20 22:54:28.482, 100, 15776, 16380, 67.93, 71
2026/09/20 22:54:29.482, 94, 15776, 16380, 68.50, 72
2026/09/20 22:54:30.482, 99, 15776, 16380, 68.30, 72
2026/09/20 22:54:31.482, 100, 15776, 16380, 68.59, 72
2026/09/20 22:54:32.484, 95, 15776, 16380, 68.75, 71
2026/09/20 22:54:33.484, 99, 15776, 16380, 68.40, 72
2026/09/20 22:54:34.485, 100, 15776, 16380, 68.40, 71
2026/09/20 22:54:35.485, 95, 15776, 16380, 68.58, 71
2026/09/20 22:54:36.485, 100, 15776, 16380, 56.41, 70
2026/09/20 22:54:37.485, 100, 15776, 16380, 69.70, 71
2026/09/20 22:54:38.485, 100, 15776, 16380, 68.94, 71
2026/09/20 22:54:39.486, 100, 15776, 16380, 69.00, 71
2026/09/20 22:54:40.486, 100, 15776, 16380, 69.12, 71
2026/09/20 22:54:41.486, 100, 15776, 16380, 68.78, 71
2026/09/20 22:54:42.486, 100, 15776, 16380, 68.86, 71
2026/09/20 22:54:43.486, 100, 15776, 16380, 68.77, 71
2026/09/20 22:54:44.487, 100, 15776, 16380, 68.73, 71
2026/09/20 22:54:45.488, 100, 15776, 16380, 68.67, 71
2026/09/20 22:54:46.488, 100, 15776, 16380, 68.68, 71
2026/09/20 22:54:47.489, 100, 15776, 16380, 68.78, 71
2026/09/20 22:54:48.489, 100, 15776, 16380, 68.58, 71
2026/09/20 22:54:49.490, 100, 15776, 16380, 68.52, 71
2026/09/20 22:54:50.490, 100, 15776, 16380, 68.68, 71
2026/09/20 22:54:51.490, 100, 15776, 16380, 68.71, 71
2026/09/20 22:54:52.490, 100, 15776, 16380, 68.59, 71
2026/09/20 22:54:53.490, 100, 15776, 16380, 68.68, 71
2026/09/20 22:54:54.491, 100, 15776, 16380, 68.57, 71
2026/09/20 22:54:55.491, 100, 15776, 16380, 68.60, 71
2026/09/20 22:54:56.491, 100, 15776, 16380, 68.08, 71
2026/09/20 22:54:57.491, 100, 15776, 16380, 68.82, 71
2026/09/20 22:54:58.492, 100, 15776, 16380, 68.04, 71
2026/09/20 22:54:59.492, 100, 15776, 16380, 69.00, 72
2026/09/20 22:55:00.492, 100, 15776, 16380, 68.52, 72
2026/09/20 22:55:01.494, 100, 15776, 16380, 68.31, 71
2026/09/20 22:55:02.495, 100, 15776, 16380, 68.41, 71
2026/09/20 22:55:03.495, 100, 15776, 16380, 68.10, 71
2026/09/20 22:55:04.495, 100, 15776, 16380, 68.35, 71
2026/09/20 22:55:05.496, 100, 15776, 16380, 68.00, 71
2026/09/20 22:55:06.496, 100, 15776, 16380, 68.22, 71
2026/09/20 22:55:07.496, 100, 15776, 16380, 67.88, 72
2026/09/20 22:55:08.496, 100, 15776, 16380, 68.17, 72
2026/09/20 22:55:09.496, 100, 15776, 16380, 67.70, 71
2026/09/20 22:55:10.497, 100, 15776, 16380, 68.21, 71
2026/09/20 22:55:11.497, 100, 15776, 16380, 68.28, 71
2026/09/20 22:55:12.497, 100, 15776, 16380, 68.04, 71
2026/09/20 22:55:13.497, 100, 15776, 16380, 67.89, 71
2026/09/20 22:55:14.498, 100, 15776, 16380, 67.97, 71
2026/09/20 22:55:15.498, 100, 15776, 16380, 68.46, 71
2026/09/20 22:55:16.498, 100, 15776, 16380, 68.60, 71
2026/09/20 22:55:17.498, 100, 15776, 16380, 67.84, 72
2026/09/20 22:55:18.499, 100, 15776, 16380, 67.95, 72
2026/09/20 22:55:19.499, 100, 15776, 16380, 68.12, 71
2026/09/20 22:55:20.499, 100, 15776, 16380, 67.15, 71
2026/09/20 22:55:21.499, 100, 15776, 16380, 67.15, 71
2026/09/20 22:55:22.500, 100, 15776, 16380, 67.74, 71
2026/09/20 22:55:23.500, 100, 15776, 16380, 67.51, 72
2026/09/20 22:55:24.500, 100, 15776, 16380, 67.82, 71
2026/09/20 22:55:25.501, 100, 15776, 16380, 67.62, 71
2026/09/20 22:55:26.501, 100, 15776, 16380, 67.44, 71
2026/09/20 22:55:27.501, 100, 15776, 16380, 67.80, 71
2026/09/20 22:55:28.501, 100, 15776, 16380, 67.34, 72
2026/09/20 22:55:29.502, 100, 15776, 16380, 67.51, 71
2026/09/20 22:55:30.502, 100, 15776, 16380, 67.69, 71
2026/09/20 22:55:31.502, 100, 15776, 16380, 67.70, 71
2026/09/20 22:55:32.502, 100, 15776, 16380, 67.79, 70
2026/09/20 22:55:33.502, 100, 15776, 16380, 68.05, 72
2026/09/20 22:55:34.503, 100, 15776, 16380, 67.48, 71
2026/09/20 22:55:35.503, 100, 15776, 16380, 67.92, 71
2026/09/20 22:55:36.503, 100, 15776, 16380, 67.36, 71
2026/09/20 22:55:37.503, 100, 15776, 16380, 67.37, 71
2026/09/20 22:55:38.503, 100, 15776, 16380, 68.09, 72
2026/09/20 22:55:39.504, 100, 15776, 16380, 67.50, 71
2026/09/20 22:55:40.504, 100, 15776, 16380, 67.41, 72
2026/09/20 22:55:41.504, 100, 15776, 16380, 67.56, 71
2026/09/20 22:55:42.505, 100, 15776, 16380, 67.72, 71
2026/09/20 22:55:43.505, 100, 15776, 16380, 67.73, 72
2026/09/20 22:55:44.505, 100, 15776, 16380, 67.42, 72
2026/09/20 22:55:45.505, 100, 15776, 16380, 67.89, 71
2026/09/20 22:55:46.506, 100, 15776, 16380, 67.92, 70
2026/09/20 22:55:47.506, 100, 15776, 16380, 67.28, 72
2026/09/20 22:55:48.506, 100, 15776, 16380, 67.47, 71
2026/09/20 22:55:49.506, 100, 15776, 16380, 66.89, 72
2026/09/20 22:55:50.506, 100, 15776, 16380, 67.83, 70
2026/09/20 22:55:51.507, 100, 15776, 16380, 67.60, 71
2026/09/20 22:55:52.507, 100, 15776, 16380, 66.89, 72
2026/09/20 22:55:53.507, 100, 15776, 16380, 67.34, 71
2026/09/20 22:55:54.508, 100, 15776, 16380, 66.82, 71
2026/09/20 22:55:55.508, 100, 15776, 16380, 67.30, 71
2026/09/20 22:55:56.508, 100, 15776, 16380, 67.75, 70
2026/09/20 22:55:57.508, 100, 15776, 16380, 67.61, 70
2026/09/20 22:55:58.508, 100, 15776, 16380, 67.83, 71
2026/09/20 22:55:59.509, 100, 15776, 16380, 67.78, 70
2026/09/20 22:56:00.509, 100, 15776, 16380, 67.68, 72
2026/09/20 22:56:01.509, 100, 15776, 16380, 67.20, 72
2026/09/20 22:56:02.510, 100, 15776, 16380, 66.19, 72
2026/09/20 22:56:03.510, 100, 15776, 16380, 67.28, 72
2026/09/20 22:56:04.510, 100, 15776, 16380, 67.23, 72
2026/09/20 22:56:05.510, 100, 15776, 16380, 66.84, 72
2026/09/20 22:56:06.511, 100, 15776, 16380, 67.04, 71
2026/09/20 22:56:07.511, 100, 15776, 16380, 66.03, 72
2026/09/20 22:56:08.511, 100, 15776, 16380, 66.38, 72
2026/09/20 22:56:09.511, 100, 15776, 16380, 67.24, 72
2026/09/20 22:56:10.511, 100, 15776, 16380, 66.90, 72
2026/09/20 22:56:11.512, 100, 15776, 16380, 66.79, 72
2026/09/20 22:56:12.512, 100, 15776, 16380, 66.92, 72
2026/09/20 22:56:13.512, 100, 15776, 16380, 67.85, 70
2026/09/20 22:56:14.512, 100, 15776, 16380, 67.55, 70
2026/09/20 22:56:15.513, 100, 15776, 16380, 67.11, 71
2026/09/20 22:56:16.513, 100, 15776, 16380, 68.51, 72
2026/09/20 22:56:17.513, 100, 15776, 16380, 67.45, 71
2026/09/20 22:56:18.514, 100, 15776, 16380, 66.67, 73
2026/09/20 22:56:19.514, 100, 15776, 16380, 66.23, 72
2026/09/20 22:56:20.515, 100, 15776, 16380, 67.94, 72
2026/09/20 22:56:21.515, 100, 15776, 16380, 67.22, 72
2026/09/20 22:56:22.515, 100, 15776, 16380, 66.62, 71
2026/09/20 22:56:23.516, 100, 15776, 16380, 66.70, 71
2026/09/20 22:56:24.516, 100, 15776, 16380, 67.00, 73
2026/09/20 22:56:25.516, 100, 15776, 16380, 68.46, 71
2026/09/20 22:56:26.516, 100, 15776, 16380, 66.87, 73
2026/09/20 22:56:27.516, 100, 15776, 16380, 66.73, 71
2026/09/20 22:56:28.517, 100, 15776, 16380, 67.38, 72
2026/09/20 22:56:29.517, 100, 15776, 16380, 67.29, 70
2026/09/20 22:56:30.517, 100, 15776, 16380, 65.51, 71
2026/09/20 22:56:31.517, 100, 15776, 16380, 67.42, 72
2026/09/20 22:56:32.517, 100, 15776, 16380, 67.47, 70
2026/09/20 22:56:33.518, 100, 15776, 16380, 66.98, 70
2026/09/20 22:56:34.518, 100, 15776, 16380, 67.55, 71
2026/09/20 22:56:35.519, 100, 15776, 16380, 66.92, 73
2026/09/20 22:56:36.520, 100, 15776, 16380, 67.62, 70
2026/09/20 22:56:37.520, 100, 15776, 16380, 66.07, 72
2026/09/20 22:56:38.520, 100, 15776, 16380, 66.50, 71
2026/09/20 22:56:39.520, 100, 15776, 16380, 67.00, 71
2026/09/20 22:56:40.520, 100, 15776, 16380, 66.63, 70
2026/09/20 22:56:41.521, 100, 15776, 16380, 67.14, 70
2026/09/20 22:56:42.521, 100, 15776, 16380, 66.00, 71
2026/09/20 22:56:43.521, 100, 15776, 16380, 66.96, 70
2026/09/20 22:56:44.521, 100, 15776, 16380, 66.11, 72
2026/09/20 22:56:45.521, 100, 15776, 16380, 67.16, 72
2026/09/20 22:56:46.522, 100, 15776, 16380, 66.84, 72
2026/09/20 22:56:47.522, 100, 15776, 16380, 66.10, 72
2026/09/20 22:56:48.522, 100, 15776, 16380, 67.79, 70
2026/09/20 22:56:49.522, 100, 15776, 16380, 67.03, 73
2026/09/20 22:56:50.522, 100, 15776, 16380, 67.66, 70
2026/09/20 22:56:51.523, 100, 15776, 16380, 66.98, 73
2026/09/20 22:56:52.523, 100, 15776, 16380, 67.15, 70
2026/09/20 22:56:53.525, 100, 15776, 16380, 66.24, 71
2026/09/20 22:56:54.525, 100, 15776, 16380, 66.67, 70
2026/09/20 22:56:55.525, 100, 15776, 16380, 67.59, 73
2026/09/20 22:56:56.525, 100, 15776, 16380, 67.88, 71
2026/09/20 22:56:57.525, 100, 15776, 16380, 66.78, 72
2026/09/20 22:56:58.526, 100, 15776, 16380, 66.11, 72
2026/09/20 22:56:59.526, 100, 15776, 16380, 66.61, 71
2026/09/20 22:57:00.526, 100, 15776, 16380, 66.86, 72
2026/09/20 22:57:01.526, 100, 15776, 16380, 66.57, 71
2026/09/20 22:57:02.526, 100, 15776, 16380, 66.46, 73
2026/09/20 22:57:03.527, 100, 15776, 16380, 66.64, 70
2026/09/20 22:57:04.527, 100, 15776, 16380, 66.48, 70
2026/09/20 22:57:05.527, 100, 15776, 16380, 66.64, 72
2026/09/20 22:57:06.527, 100, 15776, 16380, 67.07, 70
2026/09/20 22:57:07.527, 100, 15776, 16380, 67.49, 70
2026/09/20 22:57:08.528, 100, 15776, 16380, 67.16, 72
2026/09/20 22:57:09.528, 100, 15776, 16380, 68.06, 71
2026/09/20 22:57:10.528, 100, 15776, 16380, 60.85, 72
2026/09/20 22:57:11.529, 100, 15776, 16380, 66.62, 71
2026/09/20 22:57:12.529, 100, 15776, 16380, 66.51, 71
2026/09/20 22:57:13.529, 100, 15776, 16380, 66.50, 71
2026/09/20 22:57:14.529, 100, 15776, 16380, 66.91, 72
2026/09/20 22:57:15.529, 100, 15776, 16380, 67.22, 70
2026/09/20 22:57:16.529, 100, 15776, 16380, 67.34, 71
2026/09/20 22:57:17.530, 100, 15776, 16380, 65.84, 71
2026/09/20 22:57:18.530, 100, 15776, 16380, 64.58, 70
2026/09/20 22:57:19.530, 100, 15776, 16380, 66.68, 71
2026/09/20 22:57:20.530, 96, 15776, 16380, 66.11, 70
2026/09/20 22:57:21.531, 96, 15776, 16380, 68.35, 71
2026/09/20 22:57:22.531, 100, 15776, 16380, 68.51, 71
2026/09/20 22:57:23.531, 97, 15776, 16380, 68.03, 72
2026/09/20 22:57:24.531, 96, 15776, 16380, 68.74, 72
2026/09/20 22:57:25.533, 100, 15776, 16380, 68.76, 71
2026/09/20 22:57:26.533, 97, 15776, 16380, 68.50, 71
2026/09/20 22:57:27.533, 95, 15776, 16380, 68.64, 72
2026/09/20 22:57:28.533, 100, 15776, 16380, 68.41, 72
2026/09/20 22:57:29.534, 96, 15776, 16380, 68.58, 72
2026/09/20 22:57:30.534, 95, 15776, 16380, 68.49, 71
2026/09/20 22:57:31.534, 100, 15776, 16380, 68.39, 72
2026/09/20 22:57:32.534, 97, 15776, 16380, 68.24, 72
2026/09/20 22:57:33.534, 96, 15776, 16380, 68.37, 72
2026/09/20 22:57:34.535, 100, 15776, 16380, 68.36, 71
2026/09/20 22:57:35.535, 97, 15776, 16380, 68.21, 72
2026/09/20 22:57:36.536, 95, 15776, 16380, 68.50, 72
2026/09/20 22:57:37.536, 99, 15776, 16380, 68.32, 71
2026/09/20 22:57:38.584, 100, 15776, 16380, 68.47, 72
2026/09/20 22:57:39.584, 96, 15776, 16380, 68.61, 72
2026/09/20 22:57:40.584, 100, 15776, 16380, 56.86, 71
2026/09/20 22:57:41.584, 100, 15776, 16380, 69.03, 71
2026/09/20 22:57:42.584, 100, 15776, 16380, 68.96, 71
2026/09/20 22:57:43.585, 100, 15776, 16380, 69.05, 71
2026/09/20 22:57:44.585, 100, 15776, 16380, 68.95, 71
2026/09/20 22:57:45.586, 100, 15776, 16380, 68.63, 71
2026/09/20 22:57:46.586, 100, 15776, 16380, 68.75, 71
2026/09/20 22:57:47.586, 100, 15776, 16380, 69.00, 71
2026/09/20 22:57:48.586, 100, 15776, 16380, 68.79, 70
2026/09/20 22:57:49.586, 100, 15776, 16380, 68.54, 71
2026/09/20 22:57:50.587, 100, 15776, 16380, 68.46, 71
2026/09/20 22:57:51.588, 100, 15776, 16380, 68.49, 71
2026/09/20 22:57:52.589, 100, 15776, 16380, 68.54, 71
2026/09/20 22:57:53.589, 100, 15776, 16380, 68.63, 71
2026/09/20 22:57:54.589, 100, 15776, 16380, 68.71, 71
2026/09/20 22:57:55.589, 100, 15776, 16380, 68.51, 71
2026/09/20 22:57:56.590, 100, 15776, 16380, 68.58, 71
2026/09/20 22:57:57.590, 100, 15776, 16380, 68.74, 71
2026/09/20 22:57:58.590, 100, 15776, 16380, 68.57, 72
2026/09/20 22:57:59.590, 100, 15776, 16380, 68.73, 71
2026/09/20 22:58:00.590, 100, 15776, 16380, 68.61, 72
2026/09/20 22:58:01.591, 100, 15776, 16380, 68.60, 72
2026/09/20 22:58:02.591, 100, 15776, 16380, 67.97, 72
2026/09/20 22:58:03.591, 100, 15776, 16380, 68.38, 71
2026/09/20 22:58:04.591, 100, 15776, 16380, 68.50, 72
2026/09/20 22:58:05.592, 100, 15776, 16380, 68.29, 71
2026/09/20 22:58:06.593, 100, 15776, 16380, 67.97, 71
2026/09/20 22:58:07.594, 100, 15776, 16380, 68.07, 71
2026/09/20 22:58:08.594, 100, 15776, 16380, 68.21, 71
2026/09/20 22:58:09.594, 100, 15776, 16380, 67.92, 72
2026/09/20 22:58:10.594, 100, 15776, 16380, 68.19, 71
2026/09/20 22:58:11.594, 100, 15776, 16380, 67.84, 71
2026/09/20 22:58:12.595, 100, 15776, 16380, 68.32, 71
2026/09/20 22:58:13.595, 100, 15776, 16380, 67.97, 71
2026/09/20 22:58:14.595, 100, 15776, 16380, 68.01, 71
2026/09/20 22:58:15.595, 100, 15776, 16380, 68.03, 71
2026/09/20 22:58:16.596, 100, 15776, 16380, 67.53, 71
2026/09/20 22:58:17.596, 100, 15776, 16380, 67.18, 71
2026/09/20 22:58:18.596, 100, 15776, 16380, 68.08, 71
2026/09/20 22:58:19.596, 100, 15776, 16380, 68.08, 71
2026/09/20 22:58:20.596, 100, 15776, 16380, 67.33, 72
2026/09/20 22:58:21.597, 100, 15776, 16380, 67.88, 71
2026/09/20 22:58:22.597, 100, 15776, 16380, 68.07, 71
2026/09/20 22:58:23.597, 100, 15776, 16380, 68.28, 71
2026/09/20 22:58:24.598, 100, 15776, 16380, 67.17, 72
2026/09/20 22:58:25.598, 100, 15776, 16380, 68.10, 71
2026/09/20 22:58:26.598, 100, 15776, 16380, 67.78, 71
2026/09/20 22:58:27.598, 100, 15776, 16380, 67.54, 72
2026/09/20 22:58:28.599, 100, 15776, 16380, 67.75, 71
2026/09/20 22:58:29.599, 100, 15776, 16380, 67.54, 72
2026/09/20 22:58:30.599, 100, 15776, 16380, 67.63, 71
2026/09/20 22:58:31.599, 100, 15776, 16380, 67.47, 72
2026/09/20 22:58:32.599, 100, 15776, 16380, 67.66, 72
2026/09/20 22:58:33.600, 100, 15776, 16380, 67.49, 72
2026/09/20 22:58:34.600, 100, 15776, 16380, 67.99, 70
2026/09/20 22:58:35.600, 100, 15776, 16380, 67.43, 72
2026/09/20 22:58:36.600, 100, 15776, 16380, 67.88, 71
2026/09/20 22:58:37.601, 100, 15776, 16380, 67.83, 72
2026/09/20 22:58:38.601, 100, 15776, 16380, 68.17, 71
2026/09/20 22:58:39.601, 100, 15776, 16380, 66.97, 72
2026/09/20 22:58:40.602, 100, 15776, 16380, 67.25, 72
2026/09/20 22:58:41.602, 100, 15776, 16380, 67.84, 70
2026/09/20 22:58:42.602, 100, 15776, 16380, 67.51, 72
2026/09/20 22:58:43.602, 100, 15776, 16380, 68.21, 71
2026/09/20 22:58:44.603, 100, 15776, 16380, 67.05, 72
2026/09/20 22:58:45.603, 100, 15776, 16380, 66.76, 72
2026/09/20 22:58:46.603, 100, 15776, 16380, 67.83, 72
2026/09/20 22:58:47.603, 100, 15776, 16380, 67.36, 72
2026/09/20 22:58:48.603, 100, 15776, 16380, 67.17, 71
2026/09/20 22:58:49.604, 100, 15776, 16380, 67.50, 71
2026/09/20 22:58:50.604, 100, 15776, 16380, 67.24, 72
2026/09/20 22:58:51.604, 100, 15776, 16380, 67.65, 71
2026/09/20 22:58:52.604, 100, 15776, 16380, 67.37, 71
2026/09/20 22:58:53.604, 100, 15776, 16380, 67.27, 72
2026/09/20 22:58:54.605, 100, 15776, 16380, 67.71, 71
2026/09/20 22:58:55.606, 100, 15776, 16380, 67.90, 71
2026/09/20 22:58:56.606, 100, 15776, 16380, 67.63, 72
2026/09/20 22:58:57.607, 100, 15776, 16380, 66.99, 72
2026/09/20 22:58:58.607, 100, 15776, 16380, 66.62, 72
2026/09/20 22:58:59.607, 100, 15776, 16380, 67.73, 72
2026/09/20 22:59:00.607, 100, 15776, 16380, 66.99, 72
2026/09/20 22:59:01.607, 100, 15776, 16380, 67.43, 72
2026/09/20 22:59:02.608, 100, 15776, 16380, 67.74, 71
2026/09/20 22:59:03.609, 100, 15776, 16380, 67.65, 72
2026/09/20 22:59:04.609, 100, 15776, 16380, 68.34, 70
2026/09/20 22:59:05.610, 100, 15776, 16380, 66.63, 70
2026/09/20 22:59:06.610, 100, 15776, 16380, 66.02, 70
2026/09/20 22:59:07.610, 100, 15776, 16380, 67.08, 72
2026/09/20 22:59:08.611, 100, 15776, 16380, 67.28, 70
2026/09/20 22:59:09.611, 100, 15776, 16380, 67.55, 70
2026/09/20 22:59:10.611, 100, 15776, 16380, 67.15, 72
2026/09/20 22:59:11.611, 100, 15776, 16380, 67.53, 70
2026/09/20 22:59:12.611, 100, 15776, 16380, 67.58, 70
2026/09/20 22:59:13.612, 100, 15776, 16380, 66.60, 72
2026/09/20 22:59:14.612, 100, 15776, 16380, 67.40, 71
2026/09/20 22:59:15.612, 100, 15776, 16380, 67.83, 70
2026/09/20 22:59:16.612, 100, 15776, 16380, 67.29, 72
2026/09/20 22:59:17.613, 100, 15776, 16380, 68.62, 72
2026/09/20 22:59:18.613, 100, 15776, 16380, 66.66, 71
2026/09/20 22:59:19.613, 100, 15776, 16380, 68.13, 71
2026/09/20 22:59:20.614, 100, 15776, 16380, 67.04, 72
2026/09/20 22:59:21.614, 100, 15776, 16380, 67.24, 72
2026/09/20 22:59:22.615, 100, 15776, 16380, 66.79, 70
2026/09/20 22:59:23.615, 100, 15776, 16380, 66.66, 70
2026/09/20 22:59:24.615, 100, 15776, 16380, 67.24, 72
2026/09/20 22:59:25.615, 100, 15776, 16380, 67.27, 72
2026/09/20 22:59:26.615, 100, 15776, 16380, 67.44, 75
2026/09/20 22:59:27.616, 100, 15776, 16380, 66.63, 70
2026/09/20 22:59:28.616, 100, 15776, 16380, 68.06, 70
2026/09/20 22:59:29.616, 100, 15776, 16380, 67.64, 71
2026/09/20 22:59:30.616, 100, 15776, 16380, 67.33, 72
2026/09/20 22:59:31.617, 100, 15776, 16380, 66.18, 73
2026/09/20 22:59:32.617, 100, 15776, 16380, 66.68, 72
2026/09/20 22:59:33.617, 100, 15776, 16380, 67.05, 72
2026/09/20 22:59:34.617, 100, 15776, 16380, 68.15, 72
2026/09/20 22:59:35.619, 100, 15776, 16380, 65.51, 72
2026/09/20 22:59:36.619, 100, 15776, 16380, 66.69, 71
2026/09/20 22:59:37.619, 100, 15776, 16380, 67.67, 72
2026/09/20 22:59:38.619, 100, 15776, 16380, 66.72, 70
2026/09/20 22:59:39.620, 100, 15776, 16380, 68.17, 72
2026/09/20 22:59:40.620, 100, 15776, 16380, 67.75, 72
2026/09/20 22:59:41.620, 100, 15776, 16380, 67.40, 70
2026/09/20 22:59:42.620, 100, 15776, 16380, 67.68, 72
2026/09/20 22:59:43.620, 100, 15776, 16380, 67.68, 72
2026/09/20 22:59:44.621, 100, 15776, 16380, 66.76, 70
2026/09/20 22:59:45.621, 100, 15776, 16380, 67.50, 72
2026/09/20 22:59:46.621, 100, 15776, 16380, 66.07, 73
2026/09/20 22:59:47.621, 100, 15776, 16380, 66.91, 71
2026/09/20 22:59:48.622, 100, 15776, 16380, 68.78, 72
2026/09/20 22:59:49.622, 100, 15776, 16380, 66.31, 72
2026/09/20 22:59:50.622, 100, 15776, 16380, 65.98, 72
2026/09/20 22:59:51.622, 100, 15776, 16380, 66.20, 70
2026/09/20 22:59:52.623, 100, 15776, 16380, 67.53, 72
2026/09/20 22:59:53.624, 100, 15776, 16380, 67.86, 70
2026/09/20 22:59:54.624, 100, 15776, 16380, 66.90, 72
2026/09/20 22:59:55.624, 100, 15776, 16380, 65.98, 72
2026/09/20 22:59:56.624, 100, 15776, 16380, 67.04, 72
2026/09/20 22:59:57.624, 100, 15776, 16380, 66.80, 72
2026/09/20 22:59:58.625, 100, 15776, 16380, 65.49, 73
2026/09/20 22:59:59.626, 100, 15776, 16380, 67.97, 70
2026/09/20 23:00:00.626, 100, 15776, 16380, 66.91, 72
2026/09/20 23:00:01.626, 100, 15776, 16380, 66.62, 71
2026/09/20 23:00:02.626, 100, 15776, 16380, 66.45, 73
2026/09/20 23:00:03.627, 100, 15776, 16380, 67.15, 71
2026/09/20 23:00:04.627, 100, 15815, 16380, 67.15, 71
2026/09/20 23:00:05.627, 100, 15867, 16380, 67.88, 72
2026/09/20 23:00:06.628, 100, 15776, 16380, 67.12, 72
2026/09/20 23:00:07.628, 100, 15776, 16380, 65.66, 74
2026/09/20 23:00:08.628, 100, 15776, 16380, 66.78, 71
2026/09/20 23:00:09.628, 100, 15776, 16380, 66.86, 73
2026/09/20 23:00:10.628, 100, 15776, 16380, 66.02, 73
2026/09/20 23:00:11.629, 100, 15776, 16380, 66.69, 71
2026/09/20 23:00:12.629, 100, 15776, 16380, 67.11, 72
2026/09/20 23:00:13.630, 45, 15776, 16380, 60.18, 71
2026/09/20 23:00:14.631, 100, 15776, 16380, 65.00, 70
2026/09/20 23:00:15.631, 100, 15776, 16380, 66.38, 71
2026/09/20 23:00:16.631, 100, 15776, 16380, 65.57, 72
2026/09/20 23:00:17.631, 100, 15776, 16380, 67.42, 70
2026/09/20 23:00:18.632, 100, 15776, 16380, 66.47, 73
2026/09/20 23:00:19.632, 100, 15776, 16380, 65.86, 72
2026/09/20 23:00:20.632, 100, 15776, 16380, 67.34, 69
2026/09/20 23:00:21.632, 100, 15776, 16380, 66.29, 70
2026/09/20 23:00:22.632, 100, 15776, 16380, 64.35, 71
2026/09/20 23:00:23.633, 100, 15776, 16380, 66.73, 70
2026/09/20 23:00:24.633, 96, 15776, 16380, 67.04, 71
2026/09/20 23:00:25.633, 99, 15776, 16380, 68.58, 72
2026/09/20 23:00:26.633, 100, 15776, 16380, 68.70, 72
2026/09/20 23:00:27.634, 96, 15776, 16380, 68.64, 72
2026/09/20 23:00:28.634, 99, 15776, 16380, 68.35, 72
2026/09/20 23:00:29.634, 100, 15776, 16380, 68.49, 72
2026/09/20 23:00:30.634, 96, 15776, 16380, 68.67, 72
2026/09/20 23:00:31.634, 99, 15776, 16380, 68.25, 72
2026/09/20 23:00:32.635, 99, 15776, 16380, 68.21, 72
2026/09/20 23:00:33.635, 96, 15776, 16380, 68.35, 72
2026/09/20 23:00:34.635, 99, 15776, 16380, 68.43, 72
2026/09/20 23:00:35.635, 100, 15776, 16380, 68.21, 72
2026/09/20 23:00:36.636, 95, 15776, 16380, 68.31, 72
2026/09/20 23:00:37.636, 99, 15776, 16380, 68.45, 72
2026/09/20 23:00:38.636, 100, 15776, 16380, 68.41, 72
2026/09/20 23:00:39.637, 96, 15776, 16380, 68.57, 71
2026/09/20 23:00:40.637, 98, 15776, 16380, 68.35, 72
2026/09/20 23:00:41.637, 100, 15776, 16380, 68.27, 72
2026/09/20 23:00:42.638, 96, 15776, 16380, 68.36, 72
2026/09/20 23:00:43.638, 0, 15776, 16380, 53.67, 65
2026/09/20 23:00:44.638, 0, 15776, 16380, 29.88, 63
2026/09/20 23:00:45.638, 0, 15776, 16380, 25.48, 61
2026/09/20 23:00:46.638, 100, 15776, 16380, 70.26, 70
2026/09/20 23:00:47.639, 100, 15776, 16380, 69.25, 70
2026/09/20 23:00:48.639, 100, 15776, 16380, 68.96, 71
2026/09/20 23:00:49.639, 100, 15776, 16380, 69.30, 70
2026/09/20 23:00:50.639, 100, 15776, 16380, 69.07, 70
2026/09/20 23:00:51.640, 100, 15776, 16380, 68.67, 71
2026/09/20 23:00:52.640, 100, 15776, 16380, 68.68, 71
2026/09/20 23:00:53.640, 100, 15776, 16380, 68.76, 71
2026/09/20 23:00:54.640, 100, 15776, 16380, 68.86, 71
2026/09/20 23:00:55.641, 100, 15776, 16380, 69.11, 71
2026/09/20 23:00:56.642, 100, 15776, 16380, 68.47, 70
2026/09/20 23:00:57.642, 100, 15776, 16380, 69.00, 70
2026/09/20 23:00:58.642, 100, 15776, 16380, 68.67, 70
2026/09/20 23:00:59.642, 100, 15776, 16380, 68.89, 71
2026/09/20 23:01:00.642, 100, 15776, 16380, 68.96, 71
2026/09/20 23:01:01.643, 100, 15776, 16380, 68.61, 71
2026/09/20 23:01:02.643, 100, 15776, 16380, 68.79, 71
2026/09/20 23:01:03.643, 100, 15776, 16380, 68.55, 71
2026/09/20 23:01:04.643, 100, 15776, 16380, 68.87, 71
2026/09/20 23:01:05.644, 100, 15776, 16380, 68.69, 71
2026/09/20 23:01:06.644, 100, 15776, 16380, 68.60, 71
2026/09/20 23:01:07.644, 100, 15776, 16380, 68.67, 71
2026/09/20 23:01:08.644, 100, 15776, 16380, 68.64, 71
2026/09/20 23:01:09.645, 100, 15776, 16380, 68.43, 71
2026/09/20 23:01:10.646, 100, 15776, 16380, 67.90, 71
2026/09/20 23:01:11.647, 100, 15776, 16380, 68.24, 71
2026/09/20 23:01:12.647, 100, 15776, 16380, 68.21, 71
2026/09/20 23:01:13.647, 100, 15776, 16380, 68.37, 71
2026/09/20 23:01:14.647, 100, 15776, 16380, 68.45, 71
2026/09/20 23:01:15.647, 100, 15776, 16380, 68.20, 71
2026/09/20 23:01:16.648, 100, 15776, 16380, 68.35, 71
2026/09/20 23:01:17.648, 100, 15776, 16380, 68.36, 71
2026/09/20 23:01:18.648, 100, 15776, 16380, 68.45, 70
2026/09/20 23:01:19.648, 100, 15776, 16380, 67.67, 70
2026/09/20 23:01:20.649, 100, 15776, 16380, 67.37, 71
2026/09/20 23:01:21.649, 100, 15776, 16380, 67.47, 71
2026/09/20 23:01:22.649, 100, 15776, 16380, 68.24, 71
2026/09/20 23:01:23.649, 100, 15776, 16380, 67.77, 70
2026/09/20 23:01:24.649, 100, 15776, 16380, 67.81, 70
2026/09/20 23:01:25.650, 100, 15776, 16380, 67.14, 71
2026/09/20 23:01:26.650, 100, 15776, 16380, 68.07, 71
2026/09/20 23:01:27.651, 100, 15776, 16380, 68.35, 71
2026/09/20 23:01:28.652, 100, 15776, 16380, 68.04, 71
2026/09/20 23:01:29.652, 100, 15776, 16380, 67.73, 71
2026/09/20 23:01:30.652, 100, 15776, 16380, 68.06, 70
2026/09/20 23:01:31.652, 100, 15776, 16380, 67.63, 71
2026/09/20 23:01:32.653, 100, 15776, 16380, 67.57, 71
2026/09/20 23:01:33.653, 100, 15776, 16380, 68.06, 70
2026/09/20 23:01:34.653, 100, 15776, 16380, 67.41, 71
2026/09/20 23:01:35.653, 100, 15776, 16380, 67.87, 71
2026/09/20 23:01:36.653, 100, 15776, 16380, 67.22, 71
2026/09/20 23:01:37.654, 100, 15776, 16380, 67.14, 71
2026/09/20 23:01:38.655, 100, 15776, 16380, 67.47, 71
2026/09/20 23:01:39.655, 100, 15776, 16380, 68.09, 72
2026/09/20 23:01:40.655, 100, 15776, 16380, 67.30, 71
2026/09/20 23:01:41.655, 100, 15776, 16380, 67.63, 71
2026/09/20 23:01:42.656, 100, 15776, 16380, 67.66, 71
2026/09/20 23:01:43.657, 100, 15776, 16380, 67.86, 71
2026/09/20 23:01:44.657, 100, 15776, 16380, 67.21, 71
2026/09/20 23:01:45.657, 100, 15776, 16380, 67.35, 71
2026/09/20 23:01:46.658, 100, 15776, 16380, 67.84, 72
2026/09/20 23:01:47.658, 100, 15776, 16380, 67.60, 72
2026/09/20 23:01:48.658, 100, 15776, 16380, 67.76, 70
2026/09/20 23:01:49.659, 100, 15776, 16380, 67.24, 72
2026/09/20 23:01:50.659, 100, 15776, 16380, 67.08, 71
2026/09/20 23:01:51.659, 100, 15776, 16380, 67.93, 71
2026/09/20 23:01:52.659, 100, 15776, 16380, 67.48, 72
2026/09/20 23:01:53.660, 100, 15776, 16380, 67.57, 72
2026/09/20 23:01:54.660, 100, 15776, 16380, 67.63, 71
2026/09/20 23:01:55.660, 100, 15776, 16380, 67.18, 72
2026/09/20 23:01:56.660, 100, 15776, 16380, 67.72, 72
2026/09/20 23:01:57.660, 100, 15776, 16380, 66.77, 72
2026/09/20 23:01:58.661, 100, 15776, 16380, 67.72, 71
2026/09/20 23:01:59.661, 100, 15776, 16380, 67.59, 72
2026/09/20 23:02:00.661, 100, 15776, 16380, 67.72, 71
2026/09/20 23:02:01.662, 100, 15776, 16380, 67.74, 71
2026/09/20 23:02:02.662, 100, 15776, 16380, 67.04, 71
2026/09/20 23:02:03.662, 100, 15776, 16380, 67.10, 73
2026/09/20 23:02:04.663, 100, 15776, 16380, 68.31, 71
2026/09/20 23:02:05.663, 100, 15776, 16380, 67.05, 71
2026/09/20 23:02:06.663, 100, 15776, 16380, 67.40, 72
2026/09/20 23:02:07.664, 100, 15776, 16380, 67.93, 70
2026/09/20 23:02:08.664, 100, 15776, 16380, 67.61, 70
2026/09/20 23:02:09.664, 100, 15776, 16380, 67.54, 72
2026/09/20 23:02:10.664, 100, 15776, 16380, 67.13, 70
2026/09/20 23:02:11.665, 100, 15776, 16380, 67.96, 72
2026/09/20 23:02:12.665, 100, 15776, 16380, 66.38, 71
2026/09/20 23:02:13.665, 100, 15776, 16380, 66.52, 71
2026/09/20 23:02:14.665, 100, 15776, 16380, 66.85, 73
2026/09/20 23:02:15.665, 100, 15776, 16380, 67.25, 74
2026/09/20 23:02:16.666, 100, 15776, 16380, 67.41, 72
2026/09/20 23:02:17.666, 100, 15776, 16380, 65.82, 72
2026/09/20 23:02:18.666, 99, 15776, 16380, 67.53, 71
2026/09/20 23:02:19.666, 100, 15776, 16380, 67.80, 70
2026/09/20 23:02:20.666, 100, 15776, 16380, 66.86, 70
2026/09/20 23:02:21.667, 100, 15776, 16380, 68.76, 71
2026/09/20 23:02:22.667, 100, 15776, 16380, 68.01, 71
2026/09/20 23:02:23.667, 100, 15776, 16380, 68.11, 71
2026/09/20 23:02:24.668, 100, 15776, 16380, 67.66, 72
2026/09/20 23:02:25.669, 100, 15776, 16380, 67.26, 72
2026/09/20 23:02:26.669, 100, 15776, 16380, 66.25, 71
2026/09/20 23:02:27.669, 100, 15776, 16380, 65.82, 71
2026/09/20 23:02:28.669, 100, 15776, 16380, 67.03, 70
2026/09/20 23:02:29.669, 100, 15776, 16380, 66.88, 71
2026/09/20 23:02:30.670, 100, 15776, 16380, 68.11, 71
2026/09/20 23:02:31.670, 100, 15776, 16380, 67.21, 72
2026/09/20 23:02:32.670, 100, 15776, 16380, 66.27, 73
2026/09/20 23:02:33.670, 100, 15776, 16380, 66.96, 71
2026/09/20 23:02:34.671, 100, 15776, 16380, 67.53, 70
2026/09/20 23:02:35.671, 100, 15776, 16380, 67.07, 72
2026/09/20 23:02:36.671, 100, 15776, 16380, 66.72, 72
2026/09/20 23:02:37.671, 100, 15776, 16380, 66.39, 73
2026/09/20 23:02:38.671, 100, 15776, 16380, 66.81, 72
2026/09/20 23:02:39.673, 100, 15776, 16380, 67.46, 72
2026/09/20 23:02:40.673, 100, 15776, 16380, 66.75, 70
2026/09/20 23:02:41.673, 100, 15776, 16380, 67.71, 71
2026/09/20 23:02:42.673, 100, 15776, 16380, 67.94, 72
2026/09/20 23:02:43.673, 100, 15776, 16380, 66.63, 72
2026/09/20 23:02:44.674, 100, 15776, 16380, 66.91, 70
2026/09/20 23:02:45.674, 100, 15776, 16380, 67.68, 71
2026/09/20 23:02:46.674, 100, 15776, 16380, 66.91, 71
2026/09/20 23:02:47.674, 100, 15776, 16380, 67.19, 71
2026/09/20 23:02:48.674, 100, 15776, 16380, 67.91, 71
2026/09/20 23:02:49.675, 100, 15776, 16380, 67.01, 70
2026/09/20 23:02:50.675, 100, 15776, 16380, 67.26, 72
2026/09/20 23:02:51.675, 100, 15776, 16380, 67.28, 72
2026/09/20 23:02:52.675, 100, 15776, 16380, 65.39, 71
2026/09/20 23:02:53.675, 100, 15776, 16380, 66.49, 72
2026/09/20 23:02:54.676, 100, 15776, 16380, 66.96, 70
2026/09/20 23:02:55.676, 100, 15776, 16380, 66.61, 72
2026/09/20 23:02:56.677, 100, 15776, 16380, 66.93, 71
2026/09/20 23:02:57.677, 100, 15776, 16380, 66.53, 73
2026/09/20 23:02:58.677, 100, 15776, 16380, 67.02, 71
2026/09/20 23:02:59.677, 100, 15776, 16380, 67.11, 72
2026/09/20 23:03:00.678, 100, 15776, 16380, 67.43, 70
2026/09/20 23:03:01.678, 100, 15776, 16380, 67.61, 72
2026/09/20 23:03:02.678, 100, 15776, 16380, 65.94, 72
2026/09/20 23:03:03.678, 100, 15776, 16380, 65.61, 72
2026/09/20 23:03:04.678, 100, 15776, 16380, 68.04, 70
2026/09/20 23:03:05.679, 100, 15776, 16380, 67.03, 72
2026/09/20 23:03:06.679, 100, 15776, 16380, 67.31, 71
2026/09/20 23:03:07.679, 100, 15776, 16380, 66.46, 74
2026/09/20 23:03:08.679, 100, 15776, 16380, 66.87, 70
2026/09/20 23:03:09.679, 100, 15776, 16380, 66.97, 71
2026/09/20 23:03:10.680, 100, 15776, 16380, 67.42, 72
2026/09/20 23:03:11.681, 100, 15776, 16380, 67.03, 72
2026/09/20 23:03:12.681, 100, 15776, 16380, 65.60, 73
2026/09/20 23:03:13.681, 100, 15776, 16380, 66.54, 72
2026/09/20 23:03:14.681, 100, 15776, 16380, 66.87, 72
2026/09/20 23:03:15.681, 100, 15776, 16380, 66.49, 72
2026/09/20 23:03:16.682, 100, 15776, 16380, 66.50, 71
2026/09/20 23:03:17.682, 100, 15776, 16380, 66.75, 73
2026/09/20 23:03:18.682, 100, 15776, 16380, 61.38, 71
2026/09/20 23:03:19.682, 100, 15776, 16380, 66.66, 70
2026/09/20 23:03:20.682, 100, 15776, 16380, 67.80, 72
2026/09/20 23:03:21.683, 100, 15776, 16380, 66.00, 72
