2026/09/21 16:06:33.812, 0, 10054, 16380, 6.00, 33
2026/09/21 16:06:34.817, 0, 10054, 16380, 5.97, 33
2026/09/21 16:06:35.817, 0, 10058, 16380, 5.98, 33
2026/09/21 16:06:36.817, 100, 10058, 16380, 23.98, 43
2026/09/21 16:06:37.818, 100, 10058, 16380, 56.06, 45
2026/09/21 16:06:38.818, 100, 10058, 16380, 56.10, 46
2026/09/21 16:06:39.818, 100, 10058, 16380, 56.43, 46
2026/09/21 16:06:40.819, 100, 10058, 16380, 56.46, 47
2026/09/21 16:06:41.820, 95, 10058, 16380, 56.70, 47
2026/09/21 16:06:42.820, 100, 10058, 16380, 56.78, 48
2026/09/21 16:06:43.820, 100, 10058, 16380, 56.87, 49
2026/09/21 16:06:44.820, 100, 10058, 16380, 57.03, 49
2026/09/21 16:06:45.821, 100, 10058, 16380, 57.12, 50
2026/09/21 16:06:46.821, 100, 10058, 16380, 57.46, 49
2026/09/21 16:06:47.821, 100, 10058, 16380, 57.34, 50
2026/09/21 16:06:48.822, 100, 10058, 16380, 57.65, 51
2026/09/21 16:06:49.822, 100, 10058, 16380, 57.55, 51
2026/09/21 16:06:50.822, 100, 10058, 16380, 57.80, 51
2026/09/21 16:06:51.823, 100, 10058, 16380, 57.78, 52
2026/09/21 16:06:52.823, 100, 10058, 16380, 58.08, 52
2026/09/21 16:06:53.823, 100, 10058, 16380, 57.93, 52
2026/09/21 16:06:54.823, 100, 10058, 16380, 58.37, 53
2026/09/21 16:06:55.824, 100, 10058, 16380, 58.30, 54
2026/09/21 16:06:56.824, 100, 10058, 16380, 58.59, 53
2026/09/21 16:06:57.825, 100, 10058, 16380, 58.40, 54
2026/09/21 16:06:58.825, 100, 10058, 16380, 58.67, 54
2026/09/21 16:06:59.825, 100, 10058, 16380, 58.61, 54
2026/09/21 16:07:00.826, 100, 10058, 16380, 58.83, 54
2026/09/21 16:07:01.826, 100, 10058, 16380, 58.81, 55
2026/09/21 16:07:02.826, 100, 10058, 16380, 59.05, 55
2026/09/21 16:07:03.827, 100, 10058, 16380, 58.99, 55
2026/09/21 16:07:04.827, 100, 10058, 16380, 59.34, 56
2026/09/21 16:07:05.827, 100, 10058, 16380, 59.25, 56
2026/09/21 16:07:06.827, 94, 10058, 16380, 59.56, 56
2026/09/21 16:07:07.828, 100, 10058, 16380, 59.47, 56
2026/09/21 16:07:08.828, 94, 10058, 16380, 59.81, 56
2026/09/21 16:07:09.828, 100, 10058, 16380, 59.57, 57
2026/09/21 16:07:10.829, 94, 10058, 16380, 60.02, 57
2026/09/21 16:07:11.829, 100, 10058, 16380, 59.93, 58
2026/09/21 16:07:12.829, 100, 10058, 16380, 59.91, 58
2026/09/21 16:07:13.830, 100, 10058, 16380, 60.08, 58
2026/09/21 16:07:14.830, 100, 10058, 16380, 60.18, 58
2026/09/21 16:07:15.830, 100, 10058, 16380, 60.18, 59
2026/09/21 16:07:16.831, 100, 10058, 16380, 60.16, 59
2026/09/21 16:07:17.831, 100, 10058, 16380, 60.33, 59
2026/09/21 16:07:18.831, 100, 10058, 16380, 60.35, 59
2026/09/21 16:07:19.832, 100, 10058, 16380, 60.43, 59
2026/09/21 16:07:20.832, 100, 10058, 16380, 60.33, 60
2026/09/21 16:07:21.832, 100, 10058, 16380, 60.37, 60
2026/09/21 16:07:22.833, 100, 10058, 16380, 60.44, 60
2026/09/21 16:07:23.833, 100, 10058, 16380, 60.42, 60
2026/09/21 16:07:24.833, 94, 10058, 16380, 60.81, 60
2026/09/21 16:07:25.834, 100, 10058, 16380, 60.74, 61
2026/09/21 16:07:26.834, 93, 10058, 16380, 60.85, 61
2026/09/21 16:07:27.834, 100, 10058, 16380, 60.82, 61
2026/09/21 16:07:28.835, 93, 10058, 16380, 60.97, 61
2026/09/21 16:07:29.835, 100, 10058, 16380, 61.09, 61
2026/09/21 16:07:30.835, 97, 10058, 16380, 61.28, 61
2026/09/21 16:07:31.836, 100, 10058, 16380, 60.99, 63
2026/09/21 16:07:32.836, 100, 10058, 16380, 61.42, 62
2026/09/21 16:07:33.836, 100, 10058, 16380, 61.05, 62
2026/09/21 16:07:34.837, 100, 10058, 16380, 61.35, 62
2026/09/21 16:07:35.837, 100, 10058, 16380, 61.28, 62
2026/09/21 16:07:36.837, 100, 10058, 16380, 61.51, 63
2026/09/21 16:07:37.838, 100, 10058, 16380, 61.33, 63
2026/09/21 16:07:38.838, 100, 10058, 16380, 61.36, 63
2026/09/21 16:07:39.838, 100, 10058, 16380, 61.45, 63
2026/09/21 16:07:40.839, 100, 10058, 16380, 61.86, 63
2026/09/21 16:07:41.839, 100, 10058, 16380, 61.41, 64
2026/09/21 16:07:42.839, 100, 10058, 16380, 61.96, 64
2026/09/21 16:07:43.840, 100, 10058, 16380, 61.56, 64
2026/09/21 16:07:44.840, 100, 10058, 16380, 61.64, 64
2026/09/21 16:07:45.840, 100, 10058, 16380, 61.33, 64
2026/09/21 16:07:46.841, 100, 10058, 16380, 62.12, 64
2026/09/21 16:07:47.841, 100, 10058, 16380, 61.79, 65
2026/09/21 16:07:48.841, 100, 10058, 16380, 62.39, 64
2026/09/21 16:07:49.842, 100, 10058, 16380, 61.74, 65
2026/09/21 16:07:50.842, 100, 10058, 16380, 62.30, 65
2026/09/21 16:07:51.842, 100, 10058, 16380, 62.31, 65
2026/09/21 16:07:52.843, 100, 10058, 16380, 62.22, 65
2026/09/21 16:07:53.843, 100, 10058, 16380, 62.01, 66
2026/09/21 16:07:54.843, 100, 10058, 16380, 62.00, 66
2026/09/21 16:07:55.844, 100, 10058, 16380, 61.88, 66
2026/09/21 16:07:56.844, 100, 10058, 16380, 61.99, 65
2026/09/21 16:07:57.845, 100, 10058, 16380, 61.97, 66
2026/09/21 16:07:58.845, 100, 10058, 16380, 61.84, 66
2026/09/21 16:07:59.845, 100, 10058, 16380, 61.94, 66
2026/09/21 16:08:00.845, 100, 10058, 16380, 61.97, 66
2026/09/21 16:08:01.846, 100, 10058, 16380, 62.08, 67
2026/09/21 16:08:02.847, 100, 10058, 16380, 61.86, 66
2026/09/21 16:08:03.847, 100, 10058, 16380, 62.43, 66
2026/09/21 16:08:04.847, 100, 10058, 16380, 62.01, 67
2026/09/21 16:08:05.848, 100, 10058, 16380, 62.01, 66
2026/09/21 16:08:06.848, 100, 10058, 16380, 61.96, 68
2026/09/21 16:08:07.848, 100, 10058, 16380, 62.14, 66
2026/09/21 16:08:08.849, 93, 10058, 16380, 62.40, 67
2026/09/21 16:08:09.849, 100, 10058, 16380, 62.17, 67
2026/09/21 16:08:10.849, 100, 10058, 16380, 62.00, 67
2026/09/21 16:08:11.850, 100, 10058, 16380, 62.17, 67
2026/09/21 16:08:12.850, 100, 10058, 16380, 62.36, 67
2026/09/21 16:08:13.850, 100, 10058, 16380, 62.25, 67
2026/09/21 16:08:14.850, 100, 10058, 16380, 62.19, 67
2026/09/21 16:08:15.850, 100, 10058, 16380, 62.05, 69
2026/09/21 16:08:16.851, 100, 10058, 16380, 62.25, 67
2026/09/21 16:08:17.851, 100, 10058, 16380, 62.16, 67
2026/09/21 16:08:18.851, 100, 10058, 16380, 62.29, 68
2026/09/21 16:08:19.852, 100, 10058, 16380, 62.06, 69
2026/09/21 16:08:20.852, 100, 10058, 16380, 62.36, 67
2026/09/21 16:08:21.852, 100, 10058, 16380, 62.37, 68
2026/09/21 16:08:22.853, 100, 10058, 16380, 61.98, 68
2026/09/21 16:08:23.853, 100, 10058, 16380, 61.51, 68
2026/09/21 16:08:24.853, 100, 10058, 16380, 62.27, 69
2026/09/21 16:08:25.854, 100, 10058, 16380, 62.58, 68
2026/09/21 16:08:26.854, 100, 10058, 16380, 61.92, 68
2026/09/21 16:08:27.855, 100, 10058, 16380, 62.04, 68
2026/09/21 16:08:28.855, 100, 10058, 16380, 61.24, 68
2026/09/21 16:08:29.855, 100, 10058, 16380, 63.47, 68
2026/09/21 16:08:30.856, 100, 10058, 16380, 62.25, 68
2026/09/21 16:08:31.856, 100, 10058, 16380, 62.40, 70
2026/09/21 16:08:32.856, 100, 10058, 16380, 62.09, 68
2026/09/21 16:08:33.857, 100, 10058, 16380, 62.40, 68
2026/09/21 16:08:34.857, 100, 10058, 16380, 63.61, 68
2026/09/21 16:08:35.857, 100, 10058, 16380, 62.27, 68
2026/09/21 16:08:36.858, 100, 10058, 16380, 62.03, 69
2026/09/21 16:08:37.858, 100, 10058, 16380, 62.88, 68
2026/09/21 16:08:38.859, 100, 10058, 16380, 62.83, 69
2026/09/21 16:08:39.859, 100, 10058, 16380, 63.88, 69
2026/09/21 16:08:40.860, 100, 10058, 16380, 62.97, 69
2026/09/21 16:08:41.860, 100, 10058, 16380, 63.10, 69
2026/09/21 16:08:42.860, 100, 10058, 16380, 62.80, 69
2026/09/21 16:08:43.861, 100, 10058, 16380, 63.71, 69
2026/09/21 16:08:44.861, 100, 10058, 16380, 61.79, 69
2026/09/21 16:08:45.861, 100, 10058, 16380, 63.83, 68
2026/09/21 16:08:46.862, 91, 10058, 16380, 62.98, 70
2026/09/21 16:08:47.862, 98, 10058, 16380, 67.10, 69
2026/09/21 16:08:48.862, 99, 10058, 16380, 69.89, 69
2026/09/21 16:08:49.863, 98, 10058, 16380, 69.91, 70
2026/09/21 16:08:50.863, 98, 10058, 16380, 69.94, 70
2026/09/21 16:08:51.863, 98, 10058, 16380, 69.71, 70
2026/09/21 16:08:52.864, 99, 10058, 16380, 69.67, 70
2026/09/21 16:08:53.864, 98, 10058, 16380, 69.68, 70
2026/09/21 16:08:54.864, 98, 10058, 16380, 69.75, 70
2026/09/21 16:08:55.865, 98, 10058, 16380, 69.66, 70
2026/09/21 16:08:56.865, 95, 10058, 16380, 69.31, 70
2026/09/21 16:08:57.865, 98, 10058, 16380, 69.86, 70
2026/09/21 16:08:58.866, 99, 10058, 16380, 69.62, 70
2026/09/21 16:08:59.866, 98, 10058, 16380, 69.39, 70
2026/09/21 16:09:00.866, 98, 10058, 16380, 69.29, 70
2026/09/21 16:09:01.866, 94, 10058, 16380, 69.60, 71
2026/09/21 16:09:02.867, 98, 10058, 16380, 69.61, 71
2026/09/21 16:09:03.867, 96, 10058, 16380, 69.52, 71
2026/09/21 16:09:04.867, 97, 10058, 16380, 69.35, 70
2026/09/21 16:09:05.868, 98, 10058, 16380, 69.31, 71
2026/09/21 16:09:06.868, 97, 10058, 16380, 69.44, 71
2026/09/21 16:09:07.868, 98, 10058, 16380, 69.61, 71
2026/09/21 16:09:08.869, 98, 10058, 16380, 69.32, 71
2026/09/21 16:09:09.869, 98, 10058, 16380, 69.26, 71
2026/09/21 16:09:10.869, 99, 10058, 16380, 69.23, 71
2026/09/21 16:09:11.869, 99, 10058, 16380, 69.47, 71
2026/09/21 16:09:12.870, 99, 10058, 16380, 69.34, 71
2026/09/21 16:09:13.870, 99, 10058, 16380, 69.24, 71
2026/09/21 16:09:14.870, 99, 10058, 16380, 69.29, 71
2026/09/21 16:09:15.871, 98, 10058, 16380, 69.30, 71
2026/09/21 16:09:16.871, 96, 10058, 16380, 66.73, 71
2026/09/21 16:09:17.871, 100, 10058, 16380, 60.86, 71
2026/09/21 16:09:18.872, 100, 10058, 16380, 62.95, 71
2026/09/21 16:09:19.872, 100, 10058, 16380, 63.04, 72
2026/09/21 16:09:20.873, 100, 10058, 16380, 62.98, 72
2026/09/21 16:09:21.873, 100, 10058, 16380, 63.27, 72
2026/09/21 16:09:22.873, 100, 10058, 16380, 63.21, 72
2026/09/21 16:09:23.874, 100, 10058, 16380, 63.38, 72
2026/09/21 16:09:24.874, 100, 10058, 16380, 63.20, 72
2026/09/21 16:09:25.875, 100, 10058, 16380, 63.49, 72
2026/09/21 16:09:26.875, 100, 10058, 16380, 63.21, 72
2026/09/21 16:09:27.875, 100, 10058, 16380, 63.55, 72
2026/09/21 16:09:28.876, 100, 10058, 16380, 63.46, 72
2026/09/21 16:09:29.876, 100, 10058, 16380, 63.54, 72
2026/09/21 16:09:30.876, 100, 10058, 16380, 63.52, 72
2026/09/21 16:09:31.877, 100, 10058, 16380, 63.79, 72
2026/09/21 16:09:32.877, 100, 10058, 16380, 63.59, 72
2026/09/21 16:09:33.877, 100, 10058, 16380, 63.83, 72
2026/09/21 16:09:34.878, 100, 10058, 16380, 63.71, 72
2026/09/21 16:09:35.878, 100, 10058, 16380, 63.91, 72
2026/09/21 16:09:36.878, 100, 10058, 16380, 63.76, 72
2026/09/21 16:09:37.879, 100, 10058, 16380, 64.11, 71
2026/09/21 16:09:38.879, 100, 10058, 16380, 63.88, 72
2026/09/21 16:09:39.879, 94, 10058, 16380, 64.22, 72
2026/09/21 16:09:40.880, 100, 10058, 16380, 64.03, 72
2026/09/21 16:09:41.880, 94, 10058, 16380, 64.22, 72
2026/09/21 16:09:42.880, 100, 10058, 16380, 63.96, 72
2026/09/21 16:09:43.880, 100, 10058, 16380, 63.84, 72
2026/09/21 16:09:44.881, 100, 10058, 16380, 63.93, 72
2026/09/21 16:09:45.881, 100, 10058, 16380, 63.85, 72
2026/09/21 16:09:46.882, 100, 10058, 16380, 64.00, 72
2026/09/21 16:09:47.882, 100, 10058, 16380, 63.88, 72
2026/09/21 16:09:48.882, 100, 10058, 16380, 64.25, 72
2026/09/21 16:09:49.883, 100, 10058, 16380, 63.96, 72
2026/09/21 16:09:50.883, 100, 10058, 16380, 64.33, 72
2026/09/21 16:09:51.883, 100, 10058, 16380, 63.99, 72
2026/09/21 16:09:52.884, 100, 10058, 16380, 64.29, 72
2026/09/21 16:09:53.884, 100, 10058, 16380, 63.92, 72
2026/09/21 16:09:54.884, 100, 10058, 16380, 64.19, 72
2026/09/21 16:09:55.884, 100, 10058, 16380, 63.94, 72
2026/09/21 16:09:56.885, 100, 10058, 16380, 64.27, 72
2026/09/21 16:09:57.885, 100, 10058, 16380, 63.96, 72
2026/09/21 16:09:58.886, 100, 10058, 16380, 64.31, 72
2026/09/21 16:09:59.887, 100, 10058, 16380, 64.09, 72
2026/09/21 16:10:00.887, 100, 10058, 16380, 64.14, 72
2026/09/21 16:10:01.887, 100, 10058, 16380, 64.00, 72
2026/09/21 16:10:02.888, 100, 10058, 16380, 64.27, 72
2026/09/21 16:10:03.888, 100, 10058, 16380, 63.57, 72
2026/09/21 16:10:04.888, 100, 10058, 16380, 63.73, 72
2026/09/21 16:10:05.888, 100, 10058, 16380, 63.64, 72
2026/09/21 16:10:06.889, 100, 10058, 16380, 63.84, 72
2026/09/21 16:10:07.890, 100, 10058, 16380, 63.93, 72
2026/09/21 16:10:08.890, 100, 10058, 16380, 63.81, 72
2026/09/21 16:10:09.890, 93, 10058, 16380, 64.29, 72
2026/09/21 16:10:10.891, 100, 10058, 16380, 63.70, 72
2026/09/21 16:10:11.891, 93, 10058, 16380, 63.87, 72
2026/09/21 16:10:12.891, 100, 10058, 16380, 63.96, 72
2026/09/21 16:10:13.892, 100, 10058, 16380, 64.14, 71
2026/09/21 16:10:14.892, 100, 10058, 16380, 63.80, 72
2026/09/21 16:10:15.892, 100, 10058, 16380, 63.99, 72
2026/09/21 16:10:16.892, 100, 10058, 16380, 64.05, 72
2026/09/21 16:10:17.893, 100, 10058, 16380, 64.23, 72
2026/09/21 16:10:18.893, 100, 10058, 16380, 63.88, 72
2026/09/21 16:10:19.894, 100, 10058, 16380, 63.89, 72
2026/09/21 16:10:20.894, 100, 10058, 16380, 63.86, 71
2026/09/21 16:10:21.894, 100, 10058, 16380, 63.70, 72
2026/09/21 16:10:22.895, 100, 10058, 16380, 63.31, 72
2026/09/21 16:10:23.895, 100, 10058, 16380, 64.12, 72
2026/09/21 16:10:24.895, 100, 10058, 16380, 63.98, 72
2026/09/21 16:10:25.896, 100, 10058, 16380, 63.76, 71
2026/09/21 16:10:26.896, 100, 10058, 16380, 63.76, 72
2026/09/21 16:10:27.896, 100, 10058, 16380, 63.73, 72
2026/09/21 16:10:28.897, 100, 10058, 16380, 63.74, 72
2026/09/21 16:10:29.897, 100, 10058, 16380, 63.77, 72
2026/09/21 16:10:30.897, 100, 10058, 16380, 63.64, 72
2026/09/21 16:10:31.898, 100, 10058, 16380, 63.67, 72
2026/09/21 16:10:32.898, 100, 10058, 16380, 63.38, 71
2026/09/21 16:10:33.898, 100, 10058, 16380, 63.75, 72
2026/09/21 16:10:34.899, 99, 10058, 16380, 63.53, 71
2026/09/21 16:10:35.899, 100, 10058, 16380, 63.54, 71
2026/09/21 16:10:36.899, 100, 10058, 16380, 63.54, 71
2026/09/21 16:10:37.900, 100, 10058, 16380, 63.38, 72
2026/09/21 16:10:38.900, 100, 10058, 16380, 63.28, 72
2026/09/21 16:10:39.900, 100, 10058, 16380, 63.44, 71
2026/09/21 16:10:40.901, 100, 10058, 16380, 63.66, 72
2026/09/21 16:10:41.901, 100, 10058, 16380, 63.47, 71
2026/09/21 16:10:42.902, 100, 10058, 16380, 63.81, 72
2026/09/21 16:10:43.902, 100, 10058, 16380, 63.10, 72
2026/09/21 16:10:44.902, 100, 10058, 16380, 63.49, 72
2026/09/21 16:10:45.903, 100, 10058, 16380, 63.12, 72
2026/09/21 16:10:46.903, 100, 10058, 16380, 63.51, 71
2026/09/21 16:10:47.904, 92, 10058, 16380, 63.20, 71
2026/09/21 16:10:48.904, 100, 10058, 16380, 62.83, 71
2026/09/21 16:10:49.904, 100, 10058, 16380, 63.40, 70
2026/09/21 16:10:50.904, 100, 10058, 16380, 62.97, 71
2026/09/21 16:10:51.905, 100, 10058, 16380, 63.14, 71
2026/09/21 16:10:52.905, 100, 10058, 16380, 63.14, 71
2026/09/21 16:10:53.905, 100, 10058, 16380, 62.85, 71
2026/09/21 16:10:54.906, 100, 10058, 16380, 62.85, 71
2026/09/21 16:10:55.906, 100, 10058, 16380, 62.92, 72
2026/09/21 16:10:56.906, 100, 10058, 16380, 62.70, 71
2026/09/21 16:10:57.907, 100, 10058, 16380, 63.04, 71
2026/09/21 16:10:58.907, 92, 10058, 16380, 63.01, 71
2026/09/21 16:10:59.908, 100, 10058, 16380, 62.78, 71
2026/09/21 16:11:00.908, 100, 10058, 16380, 62.96, 71
2026/09/21 16:11:01.909, 100, 10058, 16380, 62.95, 71
2026/09/21 16:11:02.909, 100, 10058, 16380, 62.28, 71
2026/09/21 16:11:03.909, 100, 10058, 16380, 61.85, 71
2026/09/21 16:11:04.910, 100, 10058, 16380, 62.36, 71
2026/09/21 16:11:05.910, 100, 10058, 16380, 62.58, 72
2026/09/21 16:11:06.910, 100, 10058, 16380, 63.19, 72
2026/09/21 16:11:07.911, 100, 10058, 16380, 62.32, 72
2026/09/21 16:11:08.911, 100, 10058, 16380, 63.51, 71
2026/09/21 16:11:09.912, 100, 10058, 16380, 63.06, 70
2026/09/21 16:11:10.912, 100, 10058, 16380, 62.19, 70
2026/09/21 16:11:11.912, 100, 10058, 16380, 61.81, 71
2026/09/21 16:11:12.913, 100, 10058, 16380, 62.41, 71
2026/09/21 16:11:13.913, 100, 10058, 16380, 62.86, 71
2026/09/21 16:11:14.913, 100, 10058, 16380, 63.53, 71
2026/09/21 16:11:15.914, 100, 10058, 16380, 63.14, 71
2026/09/21 16:11:16.914, 100, 10058, 16380, 63.69, 71
2026/09/21 16:11:17.914, 100, 10058, 16380, 63.16, 71
2026/09/21 16:11:18.915, 100, 10058, 16380, 64.20, 72
2026/09/21 16:11:19.915, 100, 10058, 16380, 63.48, 72
2026/09/21 16:11:20.915, 100, 10058, 16380, 64.17, 71
2026/09/21 16:11:21.916, 100, 10058, 16380, 63.72, 71
2026/09/21 16:11:22.916, 100, 10058, 16380, 63.34, 71
2026/09/21 16:11:23.917, 100, 10058, 16380, 63.57, 71
2026/09/21 16:11:24.917, 100, 10058, 16380, 63.27, 71
2026/09/21 16:11:25.917, 97, 10058, 16380, 63.33, 73
2026/09/21 16:11:26.917, 100, 10058, 16380, 62.56, 72
2026/09/21 16:11:27.918, 100, 10058, 16380, 63.21, 71
2026/09/21 16:11:28.918, 99, 10058, 16380, 65.28, 71
2026/09/21 16:11:29.918, 98, 10058, 16380, 69.36, 71
2026/09/21 16:11:30.919, 98, 10058, 16380, 69.29, 71
2026/09/21 16:11:31.919, 98, 10058, 16380, 69.41, 71
2026/09/21 16:11:32.919, 97, 10058, 16380, 69.40, 71
2026/09/21 16:11:33.920, 98, 10058, 16380, 69.31, 71
2026/09/21 16:11:34.920, 98, 10058, 16380, 69.33, 71
2026/09/21 16:11:35.920, 98, 10058, 16380, 69.17, 72
2026/09/21 16:11:36.921, 99, 10058, 16380, 69.36, 72
2026/09/21 16:11:37.921, 99, 10058, 16380, 69.29, 71
2026/09/21 16:11:38.922, 99, 10058, 16380, 69.23, 71
2026/09/21 16:11:39.922, 99, 10058, 16380, 69.29, 71
2026/09/21 16:11:40.922, 99, 10058, 16380, 69.44, 72
2026/09/21 16:11:41.923, 98, 10058, 16380, 69.31, 72
2026/09/21 16:11:42.923, 98, 10058, 16380, 69.29, 72
2026/09/21 16:11:43.923, 99, 10058, 16380, 69.21, 71
2026/09/21 16:11:44.923, 99, 10058, 16380, 69.43, 72
2026/09/21 16:11:45.924, 98, 10058, 16380, 69.46, 72
2026/09/21 16:11:46.924, 98, 10058, 16380, 69.32, 72
2026/09/21 16:11:47.924, 98, 10058, 16380, 69.36, 72
2026/09/21 16:11:48.925, 98, 10058, 16380, 69.29, 72
2026/09/21 16:11:49.925, 98, 10058, 16380, 69.26, 72
2026/09/21 16:11:50.925, 98, 10058, 16380, 69.67, 72
2026/09/21 16:11:51.925, 98, 10058, 16380, 69.20, 72
2026/09/21 16:11:52.926, 98, 10058, 16380, 69.51, 72
2026/09/21 16:11:53.926, 98, 10058, 16380, 69.39, 72
2026/09/21 16:11:54.926, 98, 10058, 16380, 69.20, 72
2026/09/21 16:11:55.926, 98, 10058, 16380, 69.31, 72
2026/09/21 16:11:56.927, 97, 10058, 16380, 69.31, 72
2026/09/21 16:11:57.927, 98, 10058, 16380, 69.31, 72
2026/09/21 16:11:58.927, 100, 10058, 16380, 64.38, 72
2026/09/21 16:11:59.927, 100, 10058, 16380, 63.57, 73
2026/09/21 16:12:00.928, 100, 10058, 16380, 63.51, 72
2026/09/21 16:12:01.929, 100, 10058, 16380, 63.70, 72
2026/09/21 16:12:02.929, 100, 10058, 16380, 63.46, 72
2026/09/21 16:12:03.929, 100, 10058, 16380, 63.72, 72
2026/09/21 16:12:04.930, 100, 10058, 16380, 63.63, 73
2026/09/21 16:12:05.930, 100, 10058, 16380, 63.80, 72
2026/09/21 16:12:06.930, 100, 10058, 16380, 63.65, 73
2026/09/21 16:12:07.931, 100, 10058, 16380, 63.96, 73
2026/09/21 16:12:08.931, 100, 10058, 16380, 63.67, 72
2026/09/21 16:12:09.931, 94, 10058, 16380, 64.03, 73
2026/09/21 16:12:10.932, 100, 10058, 16380, 63.78, 73
2026/09/21 16:12:11.932, 100, 10058, 16380, 63.79, 73
2026/09/21 16:12:12.932, 100, 10058, 16380, 64.01, 72
2026/09/21 16:12:13.932, 100, 10058, 16380, 63.98, 72
2026/09/21 16:12:14.933, 100, 10058, 16380, 63.93, 73
2026/09/21 16:12:15.933, 100, 10058, 16380, 63.97, 73
2026/09/21 16:12:16.933, 100, 10058, 16380, 64.26, 73
2026/09/21 16:12:17.934, 100, 10058, 16380, 64.01, 73
2026/09/21 16:12:18.934, 100, 10058, 16380, 64.31, 73
2026/09/21 16:12:19.934, 100, 10058, 16380, 64.13, 73
2026/09/21 16:12:20.935, 100, 10058, 16380, 64.38, 73
2026/09/21 16:12:21.935, 100, 10058, 16380, 64.21, 73
2026/09/21 16:12:22.935, 100, 10058, 16380, 64.52, 73
2026/09/21 16:12:23.936, 100, 10058, 16380, 64.22, 72
2026/09/21 16:12:24.936, 100, 10058, 16380, 64.44, 72
2026/09/21 16:12:25.936, 100, 10058, 16380, 64.21, 73
2026/09/21 16:12:26.937, 100, 10058, 16380, 64.40, 72
2026/09/21 16:12:27.937, 100, 10058, 16380, 64.21, 73
2026/09/21 16:12:28.937, 100, 10058, 16380, 64.44, 72
2026/09/21 16:12:29.937, 100, 10058, 16380, 64.27, 73
2026/09/21 16:12:30.938, 100, 10058, 16380, 64.45, 72
2026/09/21 16:12:31.939, 100, 10058, 16380, 64.38, 72
2026/09/21 16:12:32.939, 100, 10058, 16380, 64.40, 73
2026/09/21 16:12:33.940, 100, 10058, 16380, 64.15, 73
2026/09/21 16:12:34.940, 100, 10058, 16380, 64.32, 72
2026/09/21 16:12:35.940, 100, 10058, 16380, 64.16, 72
2026/09/21 16:12:36.941, 100, 10058, 16380, 64.54, 72
2026/09/21 16:12:37.941, 100, 10058, 16380, 64.21, 72
2026/09/21 16:12:38.941, 100, 10058, 16380, 64.44, 72
2026/09/21 16:12:39.942, 100, 10058, 16380, 64.15, 72
2026/09/21 16:12:40.942, 100, 10058, 16380, 64.18, 73
2026/09/21 16:12:41.942, 100, 10058, 16380, 64.11, 72
2026/09/21 16:12:42.944, 100, 10058, 16380, 64.41, 72
2026/09/21 16:12:43.944, 100, 10058, 16380, 64.13, 73
2026/09/21 16:12:44.945, 100, 10058, 16380, 64.26, 72
2026/09/21 16:12:45.945, 100, 10058, 16380, 63.94, 72
2026/09/21 16:12:46.945, 100, 10058, 16380, 64.12, 72
2026/09/21 16:12:47.946, 100, 10058, 16380, 63.78, 72
2026/09/21 16:12:48.946, 100, 10058, 16380, 64.18, 72
2026/09/21 16:12:49.946, 100, 10058, 16380, 63.75, 72
2026/09/21 16:12:50.947, 100, 10058, 16380, 64.09, 73
2026/09/21 16:12:51.947, 100, 10058, 16380, 63.86, 72
2026/09/21 16:12:52.947, 100, 10058, 16380, 64.20, 72
2026/09/21 16:12:53.948, 100, 10058, 16380, 63.69, 72
2026/09/21 16:12:54.949, 100, 10058, 16380, 64.06, 72
2026/09/21 16:12:55.949, 100, 10058, 16380, 64.22, 72
2026/09/21 16:12:56.949, 100, 10058, 16380, 64.12, 72
2026/09/21 16:12:57.950, 100, 10058, 16380, 63.72, 72
2026/09/21 16:12:58.950, 100, 10058, 16380, 64.17, 72
2026/09/21 16:12:59.950, 100, 10058, 16380, 63.86, 72
2026/09/21 16:13:00.951, 100, 10058, 16380, 63.75, 72
2026/09/21 16:13:01.951, 100, 10058, 16380, 64.13, 72
2026/09/21 16:13:02.951, 100, 10058, 16380, 63.83, 72
2026/09/21 16:13:03.952, 93, 10058, 16380, 63.41, 72
2026/09/21 16:13:04.952, 100, 10058, 16380, 63.82, 72
2026/09/21 16:13:05.952, 100, 10058, 16380, 64.18, 72
2026/09/21 16:13:06.953, 100, 10058, 16380, 63.69, 72
2026/09/21 16:13:07.953, 100, 10058, 16380, 64.11, 73
2026/09/21 16:13:08.954, 100, 10058, 16380, 63.71, 72
2026/09/21 16:13:09.954, 100, 10058, 16380, 64.10, 72
2026/09/21 16:13:10.954, 100, 10058, 16380, 63.65, 72
2026/09/21 16:13:11.955, 100, 10058, 16380, 63.42, 72
2026/09/21 16:13:12.955, 100, 10058, 16380, 63.74, 72
2026/09/21 16:13:13.955, 100, 10058, 16380, 63.45, 72
2026/09/21 16:13:14.956, 100, 10058, 16380, 63.54, 72
2026/09/21 16:13:15.956, 100, 10058, 16380, 63.57, 72
2026/09/21 16:13:16.956, 100, 10058, 16380, 63.23, 72
2026/09/21 16:13:17.957, 100, 10058, 16380, 63.43, 71
2026/09/21 16:13:18.957, 100, 10058, 16380, 63.32, 72
2026/09/21 16:13:19.958, 100, 10058, 16380, 63.42, 72
2026/09/21 16:13:20.958, 100, 10058, 16380, 63.54, 72
2026/09/21 16:13:21.958, 100, 10058, 16380, 63.44, 71
2026/09/21 16:13:22.958, 93, 10058, 16380, 63.68, 72
2026/09/21 16:13:23.959, 100, 10058, 16380, 63.37, 72
2026/09/21 16:13:24.959, 100, 10058, 16380, 63.74, 72
2026/09/21 16:13:25.959, 100, 10058, 16380, 63.24, 72
2026/09/21 16:13:26.960, 100, 10058, 16380, 63.43, 71
2026/09/21 16:13:27.960, 100, 10058, 16380, 63.19, 71
2026/09/21 16:13:28.960, 100, 10058, 16380, 63.73, 73
2026/09/21 16:13:29.961, 100, 10058, 16380, 63.19, 71
2026/09/21 16:13:30.961, 100, 10058, 16380, 63.34, 72
2026/09/21 16:13:31.961, 100, 10058, 16380, 63.69, 73
2026/09/21 16:13:32.962, 100, 10058, 16380, 63.12, 71
2026/09/21 16:13:33.962, 100, 10058, 16380, 63.05, 71
2026/09/21 16:13:34.962, 100, 10058, 16380, 63.10, 71
2026/09/21 16:13:35.962, 100, 10058, 16380, 63.03, 71
2026/09/21 16:13:36.963, 100, 10058, 16380, 62.86, 71
2026/09/21 16:13:37.963, 100, 10058, 16380, 63.13, 72
2026/09/21 16:13:38.963, 100, 10058, 16380, 62.95, 71
2026/09/21 16:13:39.964, 100, 10058, 16380, 63.02, 71
2026/09/21 16:13:40.964, 100, 10058, 16380, 62.50, 71
2026/09/21 16:13:41.964, 100, 10058, 16380, 62.61, 72
2026/09/21 16:13:42.965, 100, 10058, 16380, 63.16, 71
2026/09/21 16:13:43.965, 100, 10058, 16380, 62.65, 71
2026/09/21 16:13:44.965, 92, 10058, 16380, 62.50, 72
2026/09/21 16:13:45.966, 100, 10058, 16380, 62.64, 71
2026/09/21 16:13:46.966, 100, 10058, 16380, 62.52, 71
2026/09/21 16:13:47.966, 100, 10058, 16380, 63.03, 71
2026/09/21 16:13:48.967, 100, 10058, 16380, 62.67, 71
2026/09/21 16:13:49.967, 100, 10058, 16380, 62.80, 71
2026/09/21 16:13:50.967, 100, 10058, 16380, 63.69, 71
2026/09/21 16:13:51.968, 100, 10058, 16380, 62.47, 71
2026/09/21 16:13:52.968, 100, 10058, 16380, 62.50, 72
2026/09/21 16:13:53.968, 92, 10058, 16380, 63.13, 73
2026/09/21 16:13:54.969, 100, 10058, 16380, 62.60, 72
2026/09/21 16:13:55.969, 100, 10058, 16380, 63.76, 71
2026/09/21 16:13:56.969, 100, 10058, 16380, 62.92, 71
2026/09/21 16:13:57.969, 100, 10058, 16380, 63.73, 71
2026/09/21 16:13:58.970, 100, 10058, 16380, 62.99, 71
2026/09/21 16:13:59.970, 100, 10058, 16380, 63.92, 72
2026/09/21 16:14:00.971, 100, 10058, 16380, 63.98, 71
2026/09/21 16:14:01.971, 100, 10058, 16380, 63.89, 71
2026/09/21 16:14:02.971, 92, 10058, 16380, 63.12, 71
2026/09/21 16:14:03.972, 100, 10058, 16380, 62.40, 71
2026/09/21 16:14:04.972, 100, 10058, 16380, 62.95, 71
2026/09/21 16:14:05.972, 100, 10058, 16380, 63.38, 71
2026/09/21 16:14:06.973, 100, 10058, 16380, 63.06, 71
2026/09/21 16:14:07.973, 100, 10058, 16380, 62.86, 71
2026/09/21 16:14:08.973, 100, 10058, 16380, 63.32, 70
2026/09/21 16:14:09.974, 100, 10058, 16380, 62.65, 71
2026/09/21 16:14:10.974, 98, 10058, 16380, 67.90, 71
2026/09/21 16:14:11.975, 99, 10058, 16380, 69.28, 71
2026/09/21 16:14:12.975, 99, 10058, 16380, 69.41, 71
2026/09/21 16:14:13.975, 98, 10058, 16380, 69.40, 71
2026/09/21 16:14:14.976, 98, 10058, 16380, 69.38, 71
2026/09/21 16:14:15.976, 98, 10058, 16380, 69.46, 71
2026/09/21 16:14:16.976, 98, 10058, 16380, 69.33, 71
2026/09/21 16:14:17.977, 98, 10058, 16380, 69.36, 71
2026/09/21 16:14:18.977, 98, 10058, 16380, 69.29, 71
2026/09/21 16:14:19.977, 98, 10058, 16380, 69.37, 71
2026/09/21 16:14:20.978, 98, 10058, 16380, 69.35, 71
2026/09/21 16:14:21.978, 99, 10058, 16380, 69.36, 71
2026/09/21 16:14:22.978, 99, 10058, 16380, 69.27, 71
2026/09/21 16:14:23.979, 99, 10058, 16380, 69.24, 71
2026/09/21 16:14:24.979, 95, 10058, 16380, 69.27, 71
2026/09/21 16:14:25.979, 98, 10058, 16380, 69.15, 72
2026/09/21 16:14:26.980, 98, 10058, 16380, 69.37, 72
2026/09/21 16:14:27.981, 98, 10058, 16380, 69.44, 72
2026/09/21 16:14:28.981, 98, 10058, 16380, 69.22, 72
2026/09/21 16:14:29.981, 98, 10058, 16380, 69.29, 72
2026/09/21 16:14:30.982, 98, 10058, 16380, 69.50, 72
2026/09/21 16:14:31.982, 98, 10058, 16380, 69.47, 72
2026/09/21 16:14:32.982, 98, 10058, 16380, 69.34, 72
2026/09/21 16:14:33.983, 95, 10058, 16380, 69.37, 72
2026/09/21 16:14:34.983, 98, 10058, 16380, 69.16, 72
2026/09/21 16:14:35.983, 98, 10058, 16380, 69.24, 72
2026/09/21 16:14:36.984, 98, 10058, 16380, 69.23, 72
2026/09/21 16:14:37.984, 98, 10058, 16380, 69.35, 72
2026/09/21 16:14:38.984, 98, 10058, 16380, 69.45, 72
2026/09/21 16:14:39.985, 59, 10058, 16380, 69.38, 71
2026/09/21 16:14:40.985, 100, 10058, 16380, 61.45, 72
2026/09/21 16:14:41.985, 94, 10058, 16380, 63.49, 73
2026/09/21 16:14:42.986, 100, 10058, 16380, 63.29, 72
2026/09/21 16:14:43.986, 100, 10058, 16380, 63.41, 72
2026/09/21 16:14:44.986, 100, 10058, 16380, 63.36, 72
2026/09/21 16:14:45.987, 100, 10058, 16380, 63.51, 73
2026/09/21 16:14:46.987, 100, 10058, 16380, 63.84, 72
2026/09/21 16:14:47.987, 100, 10058, 16380, 63.55, 72
2026/09/21 16:14:48.988, 100, 10058, 16380, 63.79, 72
2026/09/21 16:14:49.988, 100, 10058, 16380, 63.63, 73
2026/09/21 16:14:50.989, 100, 10058, 16380, 63.84, 72
2026/09/21 16:14:51.989, 100, 10058, 16380, 63.69, 72
2026/09/21 16:14:52.989, 100, 10058, 16380, 64.04, 73
2026/09/21 16:14:53.989, 100, 10058, 16380, 63.78, 73
2026/09/21 16:14:54.990, 100, 10058, 16380, 64.02, 72
2026/09/21 16:14:55.990, 100, 10058, 16380, 63.84, 72
2026/09/21 16:14:56.990, 100, 10058, 16380, 64.20, 73
2026/09/21 16:14:57.991, 100, 10058, 16380, 64.14, 73
2026/09/21 16:14:58.991, 100, 10058, 16380, 64.33, 73
2026/09/21 16:14:59.992, 100, 10058, 16380, 64.09, 73
2026/09/21 16:15:00.992, 100, 10058, 16380, 64.32, 73
2026/09/21 16:15:01.993, 100, 10058, 16380, 64.21, 73
2026/09/21 16:15:02.993, 100, 10058, 16380, 64.47, 72
2026/09/21 16:15:03.997, 100, 10058, 16380, 64.26, 73
2026/09/21 16:15:04.997, 94, 10058, 16380, 64.85, 72
2026/09/21 16:15:05.998, 100, 10058, 16380, 64.21, 72
2026/09/21 16:15:06.998, 100, 10058, 16380, 64.45, 73
2026/09/21 16:15:07.998, 100, 10058, 16380, 64.31, 73
2026/09/21 16:15:08.999, 100, 10058, 16380, 64.25, 72
2026/09/21 16:15:10.001, 100, 10058, 16380, 64.45, 72
2026/09/21 16:15:11.012, 100, 10058, 16380, 64.31, 73
2026/09/21 16:15:12.012, 100, 10058, 16380, 64.33, 72
2026/09/21 16:15:13.012, 100, 10058, 16380, 64.20, 72
2026/09/21 16:15:14.013, 100, 10058, 16380, 64.04, 73
2026/09/21 16:15:15.013, 100, 10058, 16380, 64.04, 73
2026/09/21 16:15:16.013, 100, 10058, 16380, 64.00, 72
2026/09/21 16:15:17.014, 100, 10058, 16380, 64.10, 72
2026/09/21 16:15:18.014, 100, 10058, 16380, 64.32, 72
2026/09/21 16:15:19.014, 100, 10058, 16380, 64.13, 72
2026/09/21 16:15:20.014, 100, 10058, 16380, 64.48, 72
2026/09/21 16:15:21.015, 100, 10058, 16380, 64.10, 72
2026/09/21 16:15:22.015, 100, 10058, 16380, 64.34, 72
2026/09/21 16:15:23.015, 100, 10058, 16380, 63.99, 73
2026/09/21 16:15:24.016, 100, 10058, 16380, 64.18, 73
2026/09/21 16:15:25.016, 100, 10058, 16380, 63.92, 72
2026/09/21 16:15:26.016, 100, 10058, 16380, 63.59, 72
2026/09/21 16:15:27.017, 100, 10058, 16380, 63.97, 72
2026/09/21 16:15:28.017, 100, 10058, 16380, 63.72, 72
2026/09/21 16:15:29.017, 100, 10058, 16380, 63.74, 72
2026/09/21 16:15:30.018, 100, 10058, 16380, 63.91, 73
2026/09/21 16:15:31.018, 93, 10058, 16380, 64.35, 72
2026/09/21 16:15:32.018, 100, 10058, 16380, 63.69, 73
2026/09/21 16:15:33.019, 92, 10058, 16380, 63.83, 72
2026/09/21 16:15:34.019, 100, 10058, 16380, 63.88, 72
2026/09/21 16:15:35.019, 100, 10058, 16380, 64.25, 73
2026/09/21 16:15:36.020, 100, 10058, 16380, 64.06, 72
2026/09/21 16:15:37.020, 100, 10058, 16380, 64.04, 72
2026/09/21 16:15:38.020, 100, 10058, 16380, 63.63, 72
2026/09/21 16:15:39.020, 100, 10058, 16380, 64.04, 72
2026/09/21 16:15:40.021, 100, 10058, 16380, 64.03, 72
2026/09/21 16:15:41.021, 100, 10058, 16380, 64.06, 72
2026/09/21 16:15:42.021, 100, 10058, 16380, 63.70, 72
2026/09/21 16:15:43.022, 100, 10058, 16380, 64.23, 73
2026/09/21 16:15:44.022, 100, 10058, 16380, 63.75, 72
2026/09/21 16:15:45.022, 100, 10058, 16380, 63.53, 72
2026/09/21 16:15:46.023, 100, 10058, 16380, 63.79, 73
2026/09/21 16:15:47.023, 100, 10058, 16380, 63.71, 72
2026/09/21 16:15:48.023, 100, 10058, 16380, 63.42, 72
2026/09/21 16:15:49.024, 100, 10058, 16380, 64.20, 72
2026/09/21 16:15:50.024, 100, 10058, 16380, 63.52, 72
2026/09/21 16:15:51.024, 100, 10058, 16380, 64.06, 73
2026/09/21 16:15:52.025, 100, 10058, 16380, 63.74, 72
2026/09/21 16:15:53.025, 100, 10058, 16380, 63.55, 72
2026/09/21 16:15:54.025, 100, 10058, 16380, 63.74, 72
2026/09/21 16:15:55.025, 100, 10058, 16380, 63.96, 71
2026/09/21 16:15:56.026, 93, 10058, 16380, 64.03, 72
2026/09/21 16:15:57.026, 100, 10058, 16380, 63.73, 72
2026/09/21 16:15:58.026, 100, 10058, 16380, 63.90, 72
2026/09/21 16:15:59.027, 100, 10058, 16380, 63.64, 72
2026/09/21 16:16:00.027, 100, 10058, 16380, 63.92, 72
2026/09/21 16:16:01.027, 100, 10058, 16380, 63.74, 71
2026/09/21 16:16:02.028, 100, 10058, 16380, 64.13, 72
2026/09/21 16:16:03.028, 100, 10058, 16380, 63.45, 72
2026/09/21 16:16:04.028, 100, 10058, 16380, 63.55, 72
2026/09/21 16:16:05.029, 100, 10058, 16380, 63.34, 72
2026/09/21 16:16:06.029, 100, 10058, 16380, 63.63, 72
2026/09/21 16:16:07.029, 100, 10058, 16380, 63.24, 72
2026/09/21 16:16:08.029, 100, 10058, 16380, 63.68, 71
2026/09/21 16:16:09.030, 100, 10058, 16380, 63.47, 72
2026/09/21 16:16:10.030, 100, 10058, 16380, 63.72, 72
2026/09/21 16:16:11.030, 92, 10058, 16380, 63.56, 71
2026/09/21 16:16:12.031, 100, 10058, 16380, 63.44, 72
2026/09/21 16:16:13.031, 100, 10058, 16380, 63.12, 71
2026/09/21 16:16:14.031, 100, 10058, 16380, 63.23, 71
2026/09/21 16:16:15.032, 100, 10058, 16380, 63.91, 72
2026/09/21 16:16:16.032, 100, 10058, 16380, 63.25, 72
2026/09/21 16:16:17.032, 100, 10058, 16380, 63.39, 71
2026/09/21 16:16:18.033, 100, 10058, 16380, 63.19, 72
2026/09/21 16:16:19.033, 100, 10058, 16380, 63.22, 72
2026/09/21 16:16:20.033, 100, 10058, 16380, 63.01, 73
2026/09/21 16:16:21.034, 100, 10058, 16380, 63.11, 71
2026/09/21 16:16:22.034, 92, 10058, 16380, 62.88, 72
2026/09/21 16:16:23.034, 100, 10058, 16380, 63.31, 71
2026/09/21 16:16:24.034, 100, 10058, 16380, 63.02, 72
2026/09/21 16:16:25.035, 100, 10058, 16380, 63.22, 71
2026/09/21 16:16:26.035, 100, 10058, 16380, 62.12, 71
2026/09/21 16:16:27.035, 100, 10058, 16380, 62.46, 70
2026/09/21 16:16:28.036, 100, 10058, 16380, 61.97, 71
2026/09/21 16:16:29.036, 100, 10058, 16380, 62.43, 71
2026/09/21 16:16:30.037, 100, 10058, 16380, 63.11, 71
2026/09/21 16:16:31.037, 100, 10058, 16380, 62.38, 71
2026/09/21 16:16:32.037, 100, 10058, 16380, 63.58, 71
2026/09/21 16:16:33.038, 100, 10058, 16380, 62.78, 69
2026/09/21 16:16:34.038, 100, 10058, 16380, 62.88, 71
2026/09/21 16:16:35.038, 100, 10058, 16380, 63.03, 70
2026/09/21 16:16:36.039, 100, 10058, 16380, 62.42, 71
2026/09/21 16:16:37.039, 100, 10058, 16380, 63.42, 71
2026/09/21 16:16:38.039, 100, 10058, 16380, 63.45, 71
2026/09/21 16:16:39.040, 100, 10058, 16380, 63.06, 71
2026/09/21 16:16:40.040, 100, 10058, 16380, 63.75, 71
2026/09/21 16:16:41.040, 100, 10058, 16380, 63.06, 71
2026/09/21 16:16:42.041, 100, 10058, 16380, 64.31, 72
2026/09/21 16:16:43.041, 100, 10058, 16380, 63.20, 72
2026/09/21 16:16:44.042, 100, 10058, 16380, 64.19, 71
2026/09/21 16:16:45.042, 100, 10058, 16380, 63.10, 71
2026/09/21 16:16:46.042, 100, 10058, 16380, 63.26, 71
2026/09/21 16:16:47.043, 100, 10058, 16380, 62.86, 72
2026/09/21 16:16:48.043, 100, 10058, 16380, 63.18, 71
2026/09/21 16:16:49.043, 99, 10058, 16380, 63.29, 72
2026/09/21 16:16:50.044, 100, 10058, 16380, 62.96, 72
2026/09/21 16:16:51.044, 100, 10058, 16380, 63.48, 73
2026/09/21 16:16:52.044, 100, 10058, 16380, 63.15, 71
2026/09/21 16:16:53.045, 100, 10058, 16380, 63.38, 71
2026/09/21 16:16:54.045, 100, 10058, 16380, 63.23, 71
2026/09/21 16:16:55.045, 100, 10058, 16380, 63.68, 71
2026/09/21 16:16:56.046, 92, 10058, 16380, 63.68, 71
2026/09/21 16:16:57.046, 100, 10058, 16380, 62.85, 71
2026/09/21 16:16:58.046, 100, 10058, 16380, 62.74, 71
2026/09/21 16:16:59.046, 100, 10058, 16380, 62.95, 71
2026/09/21 16:17:00.047, 100, 10058, 16380, 62.56, 71
2026/09/21 16:17:01.048, 100, 10058, 16380, 63.44, 71
2026/09/21 16:17:02.048, 100, 10058, 16380, 63.50, 71
2026/09/21 16:17:03.048, 100, 10058, 16380, 62.56, 69
2026/09/21 16:17:04.049, 100, 10058, 16380, 61.90, 70
2026/09/21 16:17:05.049, 100, 10058, 16380, 63.30, 71
2026/09/21 16:17:06.049, 100, 10058, 16380, 63.52, 71
2026/09/21 16:17:07.050, 100, 10058, 16380, 62.57, 71
2026/09/21 16:17:08.050, 100, 10058, 16380, 62.63, 70
2026/09/21 16:17:09.050, 100, 10058, 16380, 63.07, 70
2026/09/21 16:17:10.050, 100, 10058, 16380, 63.33, 70
2026/09/21 16:17:11.051, 100, 10058, 16380, 63.12, 71
2026/09/21 16:17:12.051, 100, 10058, 16380, 62.91, 71
2026/09/21 16:17:13.051, 100, 10058, 16380, 61.64, 71
2026/09/21 16:17:14.052, 100, 10058, 16380, 62.77, 71
2026/09/21 16:17:15.052, 92, 10058, 16380, 62.79, 70
2026/09/21 16:17:16.052, 100, 10058, 16380, 62.96, 70
2026/09/21 16:17:17.053, 100, 10058, 16380, 63.54, 72
2026/09/21 16:17:18.053, 100, 10058, 16380, 62.97, 71
2026/09/21 16:17:19.053, 100, 10058, 16380, 62.51, 70
2026/09/21 16:17:20.054, 100, 10058, 16380, 63.44, 71
2026/09/21 16:17:21.054, 100, 10058, 16380, 63.12, 71
2026/09/21 16:17:22.054, 100, 10058, 16380, 62.71, 71
2026/09/21 16:17:23.055, 100, 10058, 16380, 62.65, 71
2026/09/21 16:17:24.055, 100, 10058, 16380, 62.46, 70
2026/09/21 16:17:25.055, 100, 10058, 16380, 63.15, 72
2026/09/21 16:17:26.055, 100, 10058, 16380, 62.80, 71
2026/09/21 16:17:27.056, 100, 10058, 16380, 62.49, 70
2026/09/21 16:17:28.056, 100, 10058, 16380, 63.41, 71
2026/09/21 16:17:29.056, 100, 10058, 16380, 62.78, 71
2026/09/21 16:17:30.057, 100, 10058, 16380, 62.22, 70
2026/09/21 16:17:31.057, 100, 10058, 16380, 63.57, 71
2026/09/21 16:17:32.057, 92, 10058, 16380, 63.27, 71
2026/09/21 16:17:33.058, 100, 10058, 16380, 62.92, 70
2026/09/21 16:17:34.058, 100, 10058, 16380, 63.36, 71
2026/09/21 16:17:35.058, 100, 10058, 16380, 63.01, 70
2026/09/21 16:17:36.058, 100, 10058, 16380, 62.31, 70
2026/09/21 16:17:37.059, 100, 10058, 16380, 62.78, 71
2026/09/21 16:17:38.059, 100, 10058, 16380, 62.72, 70
2026/09/21 16:17:39.059, 100, 10058, 16380, 63.26, 71
2026/09/21 16:17:40.060, 100, 10058, 16380, 62.37, 70
2026/09/21 16:17:41.060, 100, 10058, 16380, 63.11, 72
2026/09/21 16:17:42.061, 100, 10058, 16380, 63.34, 70
2026/09/21 16:17:43.061, 100, 10058, 16380, 62.88, 70
2026/09/21 16:17:44.061, 100, 10058, 16380, 63.36, 72
2026/09/21 16:17:45.061, 100, 10058, 16380, 62.63, 70
2026/09/21 16:17:46.062, 100, 10058, 16380, 63.42, 71
2026/09/21 16:17:47.062, 100, 10058, 16380, 62.46, 70
2026/09/21 16:17:48.062, 100, 10058, 16380, 63.35, 70
2026/09/21 16:17:49.063, 100, 10058, 16380, 62.96, 70
2026/09/21 16:17:50.063, 100, 10058, 16380, 63.08, 71
2026/09/21 16:17:51.063, 100, 10058, 16380, 62.57, 70
2026/09/21 16:17:52.064, 100, 10058, 16380, 63.28, 71
2026/09/21 16:17:53.065, 100, 10058, 16380, 62.92, 70
2026/09/21 16:17:54.065, 100, 10058, 16380, 62.62, 71
2026/09/21 16:17:55.065, 100, 10058, 16380, 62.07, 70
2026/09/21 16:17:56.066, 100, 10058, 16380, 63.53, 71
2026/09/21 16:17:57.066, 100, 10058, 16380, 62.54, 70
2026/09/21 16:17:58.066, 100, 10058, 16380, 62.68, 71
2026/09/21 16:17:59.066, 100, 10058, 16380, 62.64, 71
2026/09/21 16:18:00.067, 100, 10058, 16380, 62.78, 70
2026/09/21 16:18:01.067, 100, 10058, 16380, 63.08, 70
2026/09/21 16:18:02.067, 100, 10058, 16380, 63.04, 70
2026/09/21 16:18:03.068, 100, 10058, 16380, 62.99, 72
2026/09/21 16:18:04.068, 100, 10058, 16380, 62.79, 70
2026/09/21 16:18:05.068, 100, 10058, 16380, 62.61, 71
2026/09/21 16:18:06.069, 100, 10058, 16380, 62.81, 71
2026/09/21 16:18:07.069, 100, 10058, 16380, 62.68, 70
2026/09/21 16:18:08.070, 100, 10058, 16380, 62.42, 71
2026/09/21 16:18:09.070, 100, 10058, 16380, 62.80, 72
2026/09/21 16:18:10.070, 100, 10058, 16380, 63.07, 70
2026/09/21 16:18:11.071, 100, 10058, 16380, 62.89, 71
2026/09/21 16:18:12.071, 92, 10058, 16380, 62.92, 70
2026/09/21 16:18:13.071, 100, 10058, 16380, 62.87, 70
2026/09/21 16:18:14.071, 100, 10058, 16380, 62.97, 71
2026/09/21 16:18:15.072, 100, 10058, 16380, 62.83, 70
2026/09/21 16:18:16.072, 100, 10058, 16380, 62.72, 70
2026/09/21 16:18:17.072, 100, 10058, 16380, 62.50, 71
2026/09/21 16:18:18.073, 100, 10058, 16380, 63.20, 72
2026/09/21 16:18:19.074, 100, 10058, 16380, 63.13, 70
2026/09/21 16:18:20.074, 100, 10058, 16380, 63.22, 70
2026/09/21 16:18:21.075, 100, 10058, 16380, 63.37, 69
2026/09/21 16:18:22.075, 100, 10058, 16380, 62.64, 71
2026/09/21 16:18:23.075, 100, 10058, 16380, 63.25, 70
2026/09/21 16:18:24.075, 100, 10058, 16380, 63.45, 70
2026/09/21 16:18:25.076, 100, 10058, 16380, 62.44, 71
2026/09/21 16:18:26.076, 100, 10058, 16380, 63.08, 72
2026/09/21 16:18:27.076, 100, 10058, 16380, 62.85, 70
2026/09/21 16:18:28.077, 100, 10058, 16380, 64.18, 70
2026/09/21 16:18:29.077, 100, 10058, 16380, 63.46, 71
2026/09/21 16:18:30.077, 100, 10058, 16380, 63.18, 70
2026/09/21 16:18:31.077, 100, 10058, 16380, 62.41, 71
2026/09/21 16:18:32.077, 100, 10058, 16380, 62.17, 70
2026/09/21 16:18:33.078, 100, 10058, 16380, 63.23, 71
2026/09/21 16:18:34.078, 100, 10058, 16380, 63.33, 72
2026/09/21 16:18:35.078, 100, 10058, 16380, 62.79, 70
2026/09/21 16:18:36.079, 100, 10058, 16380, 62.65, 70
2026/09/21 16:18:37.080, 100, 10058, 16380, 64.24, 70
2026/09/21 16:18:38.080, 100, 10058, 16380, 62.58, 71
2026/09/21 16:18:39.080, 100, 10058, 16380, 63.04, 71
2026/09/21 16:18:40.081, 100, 10058, 16380, 63.05, 72
2026/09/21 16:18:41.081, 100, 10058, 16380, 62.44, 72
2026/09/21 16:18:42.081, 100, 10058, 16380, 62.47, 70
2026/09/21 16:18:43.081, 100, 10058, 16380, 62.81, 71
2026/09/21 16:18:44.082, 100, 10058, 16380, 64.12, 70
2026/09/21 16:18:45.082, 100, 10058, 16380, 63.52, 72
2026/09/21 16:18:46.082, 100, 10058, 16380, 62.62, 72
2026/09/21 16:18:47.082, 100, 10058, 16380, 62.99, 70
2026/09/21 16:18:48.083, 100, 10058, 16380, 63.49, 70
2026/09/21 16:18:49.083, 100, 10058, 16380, 62.75, 69
2026/09/21 16:18:50.083, 100, 10058, 16380, 63.35, 70
2026/09/21 16:18:51.084, 100, 10058, 16380, 64.19, 70
2026/09/21 16:18:52.085, 100, 10058, 16380, 63.68, 70
2026/09/21 16:18:53.085, 100, 10058, 16380, 63.54, 71
2026/09/21 16:18:54.086, 100, 10058, 16380, 63.77, 72
2026/09/21 16:18:55.086, 100, 10058, 16380, 62.65, 71
2026/09/21 16:18:56.086, 100, 10058, 16380, 61.96, 70
2026/09/21 16:18:57.087, 100, 10058, 16380, 62.57, 71
2026/09/21 16:18:58.087, 100, 10058, 16380, 62.91, 70
2026/09/21 16:18:59.087, 100, 10058, 16380, 62.54, 68
2026/09/21 16:19:00.088, 100, 10058, 16380, 62.44, 70
2026/09/21 16:19:01.088, 100, 10058, 16380, 62.39, 70
2026/09/21 16:19:02.088, 100, 10058, 16380, 62.91, 70
2026/09/21 16:19:03.089, 100, 10058, 16380, 62.98, 70
2026/09/21 16:19:04.089, 100, 10058, 16380, 61.86, 70
2026/09/21 16:19:05.089, 100, 10058, 16380, 64.52, 70
2026/09/21 16:19:06.090, 100, 10058, 16380, 63.28, 70
2026/09/21 16:19:07.090, 100, 10058, 16380, 63.53, 70
2026/09/21 16:19:08.090, 100, 10058, 16380, 63.86, 70
2026/09/21 16:19:09.090, 100, 10058, 16380, 63.92, 70
2026/09/21 16:19:10.091, 89, 10058, 16380, 63.90, 69
2026/09/21 16:19:11.091, 100, 10058, 16380, 63.44, 70
2026/09/21 16:19:12.091, 100, 10058, 16380, 62.92, 69
2026/09/21 16:19:13.092, 100, 10058, 16380, 62.63, 70
2026/09/21 16:19:14.092, 100, 10058, 16380, 62.67, 70
2026/09/21 16:19:15.092, 100, 10058, 16380, 62.44, 70
2026/09/21 16:19:16.093, 100, 10058, 16380, 64.06, 70
2026/09/21 16:19:17.094, 100, 10058, 16380, 64.57, 69
2026/09/21 16:19:18.094, 100, 10058, 16380, 63.09, 68
2026/09/21 16:19:19.094, 100, 10058, 16380, 62.28, 70
2026/09/21 16:19:20.095, 100, 10058, 16380, 62.14, 71
2026/09/21 16:19:21.095, 100, 10058, 16380, 61.83, 72
2026/09/21 16:19:22.095, 100, 10058, 16380, 61.49, 70
2026/09/21 16:19:23.096, 100, 10058, 16380, 63.31, 70
2026/09/21 16:19:24.096, 100, 10058, 16380, 63.26, 70
2026/09/21 16:19:25.096, 100, 10058, 16380, 65.19, 70
2026/09/21 16:19:26.097, 100, 10058, 16380, 63.66, 69
2026/09/21 16:19:27.097, 100, 10058, 16380, 64.33, 69
2026/09/21 16:19:28.097, 100, 10058, 16380, 63.47, 69
2026/09/21 16:19:29.098, 100, 10058, 16380, 62.97, 69
2026/09/21 16:19:30.098, 100, 10058, 16380, 59.87, 70
2026/09/21 16:19:31.098, 100, 10058, 16380, 64.04, 69
2026/09/21 16:19:32.099, 100, 10058, 16380, 59.98, 70
2026/09/21 16:19:33.158, 98, 10062, 16380, 64.03, 71
2026/09/21 16:19:34.158, 98, 10062, 16380, 69.04, 71
2026/09/21 16:19:35.158, 98, 10062, 16380, 68.79, 71
2026/09/21 16:19:36.159, 100, 10062, 16380, 68.94, 71
2026/09/21 16:19:37.159, 98, 10062, 16380, 68.93, 71
2026/09/21 16:19:38.159, 98, 10062, 16380, 69.06, 72
2026/09/21 16:19:39.160, 98, 10062, 16380, 68.89, 71
2026/09/21 16:19:40.160, 98, 10062, 16380, 68.71, 71
2026/09/21 16:19:41.160, 98, 10062, 16380, 68.77, 71
2026/09/21 16:19:42.161, 98, 10062, 16380, 68.99, 71
2026/09/21 16:19:43.161, 98, 10062, 16380, 68.95, 72
2026/09/21 16:19:44.161, 98, 10062, 16380, 68.70, 71
2026/09/21 16:19:45.162, 98, 10062, 16380, 68.78, 72
2026/09/21 16:19:46.162, 98, 10062, 16380, 68.70, 71
2026/09/21 16:19:47.162, 95, 10062, 16380, 68.76, 72
2026/09/21 16:19:48.162, 98, 10062, 16380, 68.81, 72
2026/09/21 16:19:49.163, 98, 10062, 16380, 68.96, 72
2026/09/21 16:19:50.164, 100, 10062, 16380, 68.89, 72
2026/09/21 16:19:51.165, 98, 10062, 16380, 68.92, 72
2026/09/21 16:19:52.165, 98, 10062, 16380, 68.82, 72
2026/09/21 16:19:53.165, 98, 10062, 16380, 68.75, 72
2026/09/21 16:19:54.166, 98, 10062, 16380, 68.65, 72
2026/09/21 16:19:55.166, 98, 10062, 16380, 68.92, 72
2026/09/21 16:19:56.166, 98, 10062, 16380, 68.68, 72
2026/09/21 16:19:57.167, 97, 10062, 16380, 68.72, 71
2026/09/21 16:19:58.167, 98, 10062, 16380, 69.06, 72
2026/09/21 16:19:59.167, 98, 10062, 16380, 68.71, 72
2026/09/21 16:20:00.167, 98, 10062, 16380, 68.68, 72
2026/09/21 16:20:01.168, 98, 10062, 16380, 68.78, 72
2026/09/21 16:20:02.168, 98, 10062, 16380, 68.74, 72
2026/09/21 16:20:03.169, 98, 10062, 16380, 68.57, 72
2026/09/21 16:20:04.169, 98, 10062, 16380, 68.93, 72
2026/09/21 16:20:05.169, 98, 10062, 16380, 68.71, 71
2026/09/21 16:20:06.170, 98, 10062, 16380, 69.02, 72
2026/09/21 16:20:07.170, 98, 10062, 16380, 68.64, 72
2026/09/21 16:20:08.171, 98, 10062, 16380, 68.79, 72
2026/09/21 16:20:09.171, 98, 10062, 16380, 68.82, 72
2026/09/21 16:20:10.172, 98, 10062, 16380, 68.87, 72
2026/09/21 16:20:11.172, 98, 10062, 16380, 68.73, 72
2026/09/21 16:20:12.172, 98, 10062, 16380, 68.68, 72
2026/09/21 16:20:13.173, 100, 10062, 16380, 68.48, 72
2026/09/21 16:20:14.173, 98, 10062, 16380, 68.76, 73
2026/09/21 16:20:15.173, 98, 10062, 16380, 68.84, 72
2026/09/21 16:20:16.173, 98, 10062, 16380, 69.21, 72
2026/09/21 16:20:17.174, 98, 10062, 16380, 68.83, 72
2026/09/21 16:20:18.174, 98, 10062, 16380, 68.69, 72
2026/09/21 16:20:19.174, 98, 10062, 16380, 68.68, 73
2026/09/21 16:20:20.175, 98, 10062, 16380, 68.74, 72
2026/09/21 16:20:21.175, 98, 10062, 16380, 68.72, 72
2026/09/21 16:20:22.175, 98, 10062, 16380, 68.83, 72
2026/09/21 16:20:23.176, 98, 10062, 16380, 68.65, 73
2026/09/21 16:20:24.176, 98, 10062, 16380, 69.10, 73
2026/09/21 16:20:25.176, 98, 10062, 16380, 69.12, 73
2026/09/21 16:20:26.177, 99, 10062, 16380, 68.52, 72
2026/09/21 16:20:27.177, 99, 10062, 16380, 68.61, 72
2026/09/21 16:20:28.177, 0, 10062, 16380, 26.92, 64
2026/09/21 16:20:29.178, 19, 10062, 16380, 23.14, 63
2026/09/21 16:20:30.178, 20, 10062, 16380, 20.08, 61
2026/09/21 16:20:31.178, 20, 10062, 16380, 20.02, 61
2026/09/21 16:20:32.178, 19, 10062, 16380, 19.93, 60
2026/09/21 16:20:33.179, 20, 10062, 16380, 19.89, 60
2026/09/21 16:20:34.179, 20, 10062, 16380, 19.85, 59
2026/09/21 16:20:35.179, 100, 10062, 16380, 55.63, 68
2026/09/21 16:20:36.180, 100, 10062, 16380, 62.70, 70
2026/09/21 16:20:37.180, 100, 10062, 16380, 62.22, 69
2026/09/21 16:20:38.180, 100, 10062, 16380, 64.30, 69
2026/09/21 16:20:39.181, 100, 10062, 16380, 62.89, 70
2026/09/21 16:20:40.181, 71, 10062, 16380, 61.81, 68
2026/09/21 16:20:41.181, 100, 10062, 16380, 62.87, 69
2026/09/21 16:20:42.181, 100, 10062, 16380, 63.62, 70
2026/09/21 16:20:43.182, 100, 10062, 16380, 63.84, 71
2026/09/21 16:20:44.182, 100, 10062, 16380, 63.78, 69
2026/09/21 16:20:45.182, 100, 10062, 16380, 62.96, 70
2026/09/21 16:20:46.183, 100, 10062, 16380, 62.87, 69
2026/09/21 16:20:47.183, 100, 10062, 16380, 62.58, 69
2026/09/21 16:20:48.183, 100, 10062, 16380, 62.64, 68
2026/09/21 16:20:49.183, 100, 10062, 16380, 63.67, 70
2026/09/21 16:20:50.184, 100, 10062, 16380, 63.93, 72
2026/09/21 16:20:51.184, 100, 10062, 16380, 63.66, 70
2026/09/21 16:20:52.184, 100, 10062, 16380, 63.19, 70
2026/09/21 16:20:53.185, 100, 10062, 16380, 62.74, 70
2026/09/21 16:20:54.185, 100, 10062, 16380, 62.49, 70
2026/09/21 16:20:55.185, 100, 10062, 16380, 62.78, 70
2026/09/21 16:20:56.186, 100, 10062, 16380, 63.68, 70
2026/09/21 16:20:57.186, 100, 10062, 16380, 64.07, 72
2026/09/21 16:20:58.186, 100, 10062, 16380, 63.85, 70
2026/09/21 16:20:59.187, 100, 10062, 16380, 63.10, 71
2026/09/21 16:21:00.187, 100, 10062, 16380, 63.02, 70
2026/09/21 16:21:01.187, 100, 10062, 16380, 62.66, 70
2026/09/21 16:21:02.188, 100, 10062, 16380, 62.92, 70
2026/09/21 16:21:03.188, 100, 10062, 16380, 63.67, 71
2026/09/21 16:21:04.188, 100, 10062, 16380, 64.11, 72
2026/09/21 16:21:05.189, 100, 10062, 16380, 63.71, 71
2026/09/21 16:21:06.189, 100, 10062, 16380, 63.03, 71
2026/09/21 16:21:07.189, 100, 10062, 16380, 62.57, 70
2026/09/21 16:21:08.189, 100, 10062, 16380, 62.40, 70
2026/09/21 16:21:09.190, 100, 10062, 16380, 63.42, 70
2026/09/21 16:21:10.192, 100, 10062, 16380, 63.88, 73
2026/09/21 16:21:11.192, 100, 10062, 16380, 64.22, 71
2026/09/21 16:21:12.192, 100, 10062, 16380, 63.47, 71
2026/09/21 16:21:13.192, 100, 10062, 16380, 62.93, 70
2026/09/21 16:21:14.193, 100, 10062, 16380, 62.14, 70
2026/09/21 16:21:15.193, 100, 10062, 16380, 62.69, 70
2026/09/21 16:21:16.193, 100, 10062, 16380, 63.92, 71
2026/09/21 16:21:17.194, 100, 10062, 16380, 63.94, 72
2026/09/21 16:21:18.194, 100, 10062, 16380, 63.68, 70
2026/09/21 16:21:19.194, 100, 10062, 16380, 62.72, 71
2026/09/21 16:21:20.194, 100, 10062, 16380, 62.81, 70
2026/09/21 16:21:21.195, 100, 10062, 16380, 62.40, 70
2026/09/21 16:21:22.195, 100, 10062, 16380, 63.18, 70
2026/09/21 16:21:23.195, 100, 10062, 16380, 63.77, 72
2026/09/21 16:21:24.196, 100, 10062, 16380, 64.21, 71
2026/09/21 16:21:25.196, 100, 10062, 16380, 63.24, 71
2026/09/21 16:21:26.196, 100, 10062, 16380, 62.61, 70
2026/09/21 16:21:27.196, 100, 10062, 16380, 62.27, 70
2026/09/21 16:21:28.197, 100, 10062, 16380, 62.90, 70
2026/09/21 16:21:29.197, 100, 10062, 16380, 63.77, 71
2026/09/21 16:21:30.197, 100, 10062, 16380, 64.22, 71
2026/09/21 16:21:31.197, 100, 10062, 16380, 63.21, 71
2026/09/21 16:21:32.198, 100, 10062, 16380, 62.80, 70
2026/09/21 16:21:33.198, 100, 10062, 16380, 62.29, 71
2026/09/21 16:21:34.198, 100, 10062, 16380, 62.62, 70
2026/09/21 16:21:35.199, 100, 10062, 16380, 63.53, 71
2026/09/21 16:21:36.199, 100, 10062, 16380, 64.11, 73
2026/09/21 16:21:37.199, 100, 10062, 16380, 63.84, 71
2026/09/21 16:21:38.200, 100, 10062, 16380, 63.23, 71
2026/09/21 16:21:39.200, 100, 10062, 16380, 63.07, 71
2026/09/21 16:21:40.200, 100, 10062, 16380, 62.50, 70
2026/09/21 16:21:41.200, 100, 10062, 16380, 63.10, 70
2026/09/21 16:21:42.201, 100, 10062, 16380, 63.62, 72
2026/09/21 16:21:43.202, 100, 10062, 16380, 64.38, 71
2026/09/21 16:21:44.202, 100, 10062, 16380, 63.34, 71
2026/09/21 16:21:45.202, 100, 10062, 16380, 62.77, 71
2026/09/21 16:21:46.203, 100, 10062, 16380, 62.62, 70
2026/09/21 16:21:47.203, 100, 10062, 16380, 62.65, 70
2026/09/21 16:21:48.203, 100, 10062, 16380, 63.56, 71
2026/09/21 16:21:49.204, 100, 10062, 16380, 64.12, 72
2026/09/21 16:21:50.204, 100, 10062, 16380, 63.52, 71
2026/09/21 16:21:51.204, 100, 10062, 16380, 62.97, 71
2026/09/21 16:21:52.204, 100, 10062, 16380, 62.46, 71
2026/09/21 16:21:53.205, 100, 10062, 16380, 62.30, 70
2026/09/21 16:21:54.205, 100, 10062, 16380, 63.50, 71
2026/09/21 16:21:55.205, 100, 10062, 16380, 64.03, 73
2026/09/21 16:21:56.206, 100, 10062, 16380, 64.12, 70
2026/09/21 16:21:57.206, 100, 10062, 16380, 63.06, 70
2026/09/21 16:21:58.206, 100, 10062, 16380, 63.23, 71
2026/09/21 16:21:59.207, 100, 10062, 16380, 62.39, 73
2026/09/21 16:22:00.207, 100, 10062, 16380, 63.32, 71
2026/09/21 16:22:01.207, 100, 10062, 16380, 63.27, 71
2026/09/21 16:22:02.208, 100, 10062, 16380, 63.50, 70
2026/09/21 16:22:03.208, 100, 10062, 16380, 62.70, 72
2026/09/21 16:22:04.208, 100, 10062, 16380, 62.59, 72
2026/09/21 16:22:05.209, 100, 10062, 16380, 62.43, 72
2026/09/21 16:22:06.209, 100, 10062, 16380, 63.19, 71
2026/09/21 16:22:07.209, 100, 10062, 16380, 63.93, 72
2026/09/21 16:22:08.209, 100, 10062, 16380, 64.50, 71
2026/09/21 16:22:09.210, 100, 10062, 16380, 63.46, 70
2026/09/21 16:22:10.210, 100, 10062, 16380, 62.91, 71
2026/09/21 16:22:11.210, 100, 10062, 16380, 62.52, 73
2026/09/21 16:22:12.211, 100, 10062, 16380, 62.62, 71
2026/09/21 16:22:13.211, 100, 10062, 16380, 63.68, 71
2026/09/21 16:22:14.211, 100, 10062, 16380, 64.39, 70
2026/09/21 16:22:15.212, 100, 10062, 16380, 63.38, 70
2026/09/21 16:22:16.212, 100, 10062, 16380, 63.16, 71
2026/09/21 16:22:17.212, 100, 10062, 16380, 63.13, 73
2026/09/21 16:22:18.213, 100, 10062, 16380, 61.62, 71
2026/09/21 16:22:19.213, 100, 10062, 16380, 63.84, 71
2026/09/21 16:22:20.213, 100, 10062, 16380, 63.94, 71
2026/09/21 16:22:21.214, 100, 10062, 16380, 63.75, 70
2026/09/21 16:22:22.214, 100, 10062, 16380, 63.38, 71
2026/09/21 16:22:23.214, 100, 10062, 16380, 62.82, 71
2026/09/21 16:22:24.214, 100, 10062, 16380, 62.92, 73
2026/09/21 16:22:25.215, 100, 10062, 16380, 63.59, 71
2026/09/21 16:22:26.215, 100, 10062, 16380, 63.41, 71
2026/09/21 16:22:27.216, 100, 10062, 16380, 64.51, 71
2026/09/21 16:22:28.216, 100, 10062, 16380, 63.85, 70
2026/09/21 16:22:29.216, 100, 10062, 16380, 62.95, 71
2026/09/21 16:22:30.217, 100, 10062, 16380, 62.63, 73
2026/09/21 16:22:31.217, 100, 10062, 16380, 63.10, 71
2026/09/21 16:22:32.217, 100, 10062, 16380, 63.44, 72
2026/09/21 16:22:33.218, 100, 10062, 16380, 63.37, 71
2026/09/21 16:22:34.218, 100, 10062, 16380, 62.98, 70
2026/09/21 16:22:35.218, 100, 10062, 16380, 63.00, 71
2026/09/21 16:22:36.219, 100, 10062, 16380, 63.18, 73
2026/09/21 16:22:37.219, 100, 10062, 16380, 62.28, 71
2026/09/21 16:22:38.219, 100, 10062, 16380, 64.17, 71
2026/09/21 16:22:39.219, 100, 10062, 16380, 64.05, 71
2026/09/21 16:22:40.220, 100, 10062, 16380, 63.34, 70
2026/09/21 16:22:41.220, 100, 10062, 16380, 63.38, 70
2026/09/21 16:22:42.220, 100, 10062, 16380, 62.52, 73
2026/09/21 16:22:43.221, 100, 10062, 16380, 62.25, 71
2026/09/21 16:22:44.221, 100, 10062, 16380, 63.63, 71
2026/09/21 16:22:45.221, 100, 10062, 16380, 64.00, 71
2026/09/21 16:22:46.221, 100, 10062, 16380, 63.72, 70
2026/09/21 16:22:47.222, 100, 10062, 16380, 62.88, 71
2026/09/21 16:22:48.222, 100, 10062, 16380, 62.57, 73
2026/09/21 16:22:49.222, 100, 10062, 16380, 63.24, 71
2026/09/21 16:22:50.258, 100, 10062, 16380, 63.49, 71
2026/09/21 16:22:51.259, 100, 10062, 16380, 64.39, 71
2026/09/21 16:22:52.259, 100, 10062, 16380, 64.56, 70
2026/09/21 16:22:53.259, 100, 10062, 16380, 62.69, 71
2026/09/21 16:22:54.260, 100, 10062, 16380, 62.94, 72
2026/09/21 16:22:55.260, 100, 10062, 16380, 61.91, 72
2026/09/21 16:22:56.260, 100, 10062, 16380, 63.48, 71
2026/09/21 16:22:57.261, 100, 10062, 16380, 64.18, 71
2026/09/21 16:22:58.261, 100, 10062, 16380, 63.69, 70
2026/09/21 16:22:59.261, 100, 10062, 16380, 62.94, 70
2026/09/21 16:23:00.262, 100, 10062, 16380, 62.72, 73
2026/09/21 16:23:01.262, 100, 10062, 16380, 62.93, 72
2026/09/21 16:23:02.262, 100, 10062, 16380, 64.18, 71
2026/09/21 16:23:03.263, 100, 10062, 16380, 63.64, 71
2026/09/21 16:23:04.263, 100, 10062, 16380, 64.80, 71
2026/09/21 16:23:05.263, 100, 10062, 16380, 64.12, 71
2026/09/21 16:23:06.264, 100, 10062, 16380, 62.72, 71
2026/09/21 16:23:07.266, 100, 10062, 16380, 62.55, 73
2026/09/21 16:23:08.266, 100, 10062, 16380, 62.56, 71
2026/09/21 16:23:09.268, 100, 10062, 16380, 64.16, 71
2026/09/21 16:23:10.268, 100, 10062, 16380, 64.10, 70
2026/09/21 16:23:11.268, 100, 10062, 16380, 63.45, 71
2026/09/21 16:23:12.269, 100, 10062, 16380, 62.82, 72
2026/09/21 16:23:13.269, 100, 10062, 16380, 62.24, 73
2026/09/21 16:23:14.269, 100, 10062, 16380, 63.49, 71
2026/09/21 16:23:15.270, 100, 10062, 16380, 63.25, 72
2026/09/21 16:23:16.270, 100, 10062, 16380, 63.41, 70
2026/09/21 16:23:17.270, 100, 10062, 16380, 63.43, 71
2026/09/21 16:23:18.270, 100, 10062, 16380, 63.16, 71
2026/09/21 16:23:19.271, 100, 10062, 16380, 63.04, 73
2026/09/21 16:23:20.272, 100, 10062, 16380, 62.40, 71
2026/09/21 16:23:21.358, 100, 10062, 16380, 63.28, 71
2026/09/21 16:23:22.358, 100, 10062, 16380, 63.76, 71
2026/09/21 16:23:23.358, 100, 10062, 16380, 64.00, 71
2026/09/21 16:23:24.359, 100, 10062, 16380, 62.64, 69
2026/09/21 16:23:25.359, 100, 10062, 16380, 62.78, 71
2026/09/21 16:23:26.359, 100, 10062, 16380, 62.48, 72
2026/09/21 16:23:27.360, 100, 10062, 16380, 62.02, 73
2026/09/21 16:23:28.360, 100, 10062, 16380, 63.45, 73
2026/09/21 16:23:29.361, 100, 10062, 16380, 62.31, 73
2026/09/21 16:23:30.362, 100, 10062, 16380, 61.71, 70
2026/09/21 16:23:31.362, 100, 10062, 16380, 63.22, 70
2026/09/21 16:23:32.362, 100, 10062, 16380, 62.73, 70
2026/09/21 16:23:33.363, 100, 10062, 16380, 61.86, 73
2026/09/21 16:23:34.363, 100, 10062, 16380, 62.87, 71
2026/09/21 16:23:35.363, 100, 10062, 16380, 63.37, 71
2026/09/21 16:23:36.363, 100, 10062, 16380, 63.72, 71
2026/09/21 16:23:37.364, 100, 10062, 16380, 63.82, 71
2026/09/21 16:23:38.364, 74, 10062, 16380, 63.21, 70
2026/09/21 16:23:39.364, 100, 10062, 16380, 63.22, 70
2026/09/21 16:23:40.365, 100, 10062, 16380, 62.79, 71
2026/09/21 16:23:41.368, 100, 10062, 16380, 62.13, 71
2026/09/21 16:23:42.369, 100, 10062, 16380, 64.07, 71
2026/09/21 16:23:43.369, 100, 10062, 16380, 64.01, 71
2026/09/21 16:23:44.370, 100, 10062, 16380, 62.09, 70
2026/09/21 16:23:45.370, 100, 10062, 16380, 62.64, 71
2026/09/21 16:23:46.370, 100, 10062, 16380, 62.35, 73
2026/09/21 16:23:47.371, 100, 10062, 16380, 62.64, 73
2026/09/21 16:23:48.371, 100, 10062, 16380, 63.09, 71
2026/09/21 16:23:49.371, 100, 10062, 16380, 63.39, 71
2026/09/21 16:23:50.372, 100, 10062, 16380, 63.72, 71
2026/09/21 16:23:51.372, 100, 10062, 16380, 63.41, 71
2026/09/21 16:23:52.372, 100, 10062, 16380, 63.88, 73
2026/09/21 16:23:53.373, 100, 10062, 16380, 62.91, 73
2026/09/21 16:23:54.373, 100, 10062, 16380, 62.64, 73
2026/09/21 16:23:55.373, 100, 10062, 16380, 62.17, 71
2026/09/21 16:23:56.374, 100, 10062, 16380, 63.72, 71
2026/09/21 16:23:57.374, 100, 10062, 16380, 64.09, 71
2026/09/21 16:23:58.374, 100, 10062, 16380, 64.29, 71
2026/09/21 16:23:59.375, 100, 10062, 16380, 63.57, 70
2026/09/21 16:24:00.375, 99, 10062, 16380, 63.11, 71
2026/09/21 16:24:01.375, 100, 10062, 16380, 62.61, 70
2026/09/21 16:24:02.376, 100, 10062, 16380, 62.62, 71
2026/09/21 16:24:03.376, 100, 10062, 16380, 63.14, 70
2026/09/21 16:24:04.376, 100, 10062, 16380, 63.11, 70
2026/09/21 16:24:05.377, 100, 10062, 16380, 62.68, 71
2026/09/21 16:24:06.377, 100, 10062, 16380, 62.04, 72
2026/09/21 16:24:07.377, 100, 10062, 16380, 63.29, 71
2026/09/21 16:24:08.378, 100, 10062, 16380, 63.55, 71
2026/09/21 16:24:09.378, 100, 10062, 16380, 63.05, 72
2026/09/21 16:24:10.378, 100, 10062, 16380, 62.74, 71
2026/09/21 16:24:11.379, 99, 10062, 16380, 62.56, 71
2026/09/21 16:24:12.379, 100, 10062, 16380, 62.14, 70
2026/09/21 16:24:13.379, 100, 10062, 16380, 62.55, 70
2026/09/21 16:24:14.379, 100, 10062, 16380, 63.61, 71
2026/09/21 16:24:15.380, 100, 10062, 16380, 62.37, 70
2026/09/21 16:24:16.380, 100, 10062, 16380, 61.50, 70
2026/09/21 16:24:17.380, 100, 10062, 16380, 62.62, 71
2026/09/21 16:24:18.381, 100, 10062, 16380, 63.66, 73
2026/09/21 16:24:19.381, 100, 10062, 16380, 64.14, 72
2026/09/21 16:24:20.381, 100, 10062, 16380, 64.13, 71
2026/09/21 16:24:21.382, 100, 10062, 16380, 63.66, 71
2026/09/21 16:24:22.382, 100, 10062, 16380, 63.00, 71
2026/09/21 16:24:23.382, 100, 10062, 16380, 62.76, 71
2026/09/21 16:24:24.383, 100, 10062, 16380, 62.30, 71
2026/09/21 16:24:25.383, 100, 10062, 16380, 62.73, 71
2026/09/21 16:24:26.383, 100, 10062, 16380, 62.60, 71
2026/09/21 16:24:27.384, 100, 10062, 16380, 61.51, 71
2026/09/21 16:24:28.384, 100, 10062, 16380, 61.32, 70
2026/09/21 16:24:29.385, 100, 10062, 16380, 63.32, 71
2026/09/21 16:24:30.385, 100, 10062, 16380, 63.67, 73
2026/09/21 16:24:31.385, 100, 10062, 16380, 64.03, 72
2026/09/21 16:24:32.386, 100, 10062, 16380, 64.44, 71
2026/09/21 16:24:33.386, 100, 10062, 16380, 63.57, 71
2026/09/21 16:24:34.386, 100, 10062, 16380, 63.10, 71
2026/09/21 16:24:35.386, 100, 10062, 16380, 63.17, 72
2026/09/21 16:24:36.387, 100, 10062, 16380, 63.99, 71
2026/09/21 16:24:37.387, 100, 10062, 16380, 63.43, 71
2026/09/21 16:24:38.388, 100, 10062, 16380, 62.69, 71
2026/09/21 16:24:39.388, 100, 10062, 16380, 63.06, 70
2026/09/21 16:24:40.388, 100, 10062, 16380, 62.32, 70
2026/09/21 16:24:41.389, 100, 10062, 16380, 62.67, 70
2026/09/21 16:24:42.389, 100, 10062, 16380, 63.33, 71
2026/09/21 16:24:43.389, 100, 10062, 16380, 63.83, 72
2026/09/21 16:24:44.389, 100, 10062, 16380, 63.71, 73
2026/09/21 16:24:45.390, 100, 10062, 16380, 63.84, 71
2026/09/21 16:24:46.390, 100, 10062, 16380, 63.99, 72
2026/09/21 16:24:47.390, 100, 10062, 16380, 64.03, 73
2026/09/21 16:24:48.391, 100, 10062, 16380, 64.14, 71
2026/09/21 16:24:49.391, 100, 10062, 16380, 62.37, 71
2026/09/21 16:24:50.392, 100, 10062, 16380, 63.31, 71
2026/09/21 16:24:51.392, 100, 10062, 16380, 63.68, 70
2026/09/21 16:24:52.392, 100, 10062, 16380, 62.80, 70
2026/09/21 16:24:53.393, 100, 10062, 16380, 62.15, 70
2026/09/21 16:24:54.393, 100, 10062, 16380, 62.84, 70
2026/09/21 16:24:55.393, 100, 10062, 16380, 63.08, 71
2026/09/21 16:24:56.394, 100, 10062, 16380, 63.54, 72
2026/09/21 16:24:57.394, 100, 10062, 16380, 63.56, 70
2026/09/21 16:24:58.394, 100, 10062, 16380, 64.11, 70
2026/09/21 16:24:59.395, 100, 10062, 16380, 64.55, 71
2026/09/21 16:25:00.395, 100, 10062, 16380, 63.46, 71
2026/09/21 16:25:01.396, 100, 10062, 16380, 63.86, 71
2026/09/21 16:25:02.396, 100, 10062, 16380, 63.07, 71
2026/09/21 16:25:03.396, 100, 10062, 16380, 63.44, 71
2026/09/21 16:25:04.397, 100, 10062, 16380, 62.64, 71
2026/09/21 16:25:05.397, 100, 10062, 16380, 62.37, 70
2026/09/21 16:25:06.397, 100, 10062, 16380, 61.42, 70
2026/09/21 16:25:07.398, 100, 10062, 16380, 64.21, 70
2026/09/21 16:25:08.398, 100, 10062, 16380, 62.98, 71
2026/09/21 16:25:09.398, 100, 10062, 16380, 63.95, 71
2026/09/21 16:25:10.398, 100, 10062, 16380, 64.00, 71
2026/09/21 16:25:11.399, 100, 10062, 16380, 64.23, 72
2026/09/21 16:25:12.399, 100, 10062, 16380, 64.39, 73
2026/09/21 16:25:13.399, 100, 10062, 16380, 63.98, 72
2026/09/21 16:25:14.400, 100, 10062, 16380, 64.09, 71
2026/09/21 16:25:15.400, 100, 10062, 16380, 63.42, 71
2026/09/21 16:25:16.400, 100, 10062, 16380, 63.33, 71
2026/09/21 16:25:17.401, 100, 10062, 16380, 62.68, 71
2026/09/21 16:25:18.401, 100, 10062, 16380, 62.31, 70
2026/09/21 16:25:19.401, 100, 10062, 16380, 62.10, 71
2026/09/21 16:25:20.401, 100, 10062, 16380, 62.92, 70
2026/09/21 16:25:21.402, 100, 10062, 16380, 62.66, 70
2026/09/21 16:25:22.402, 100, 10062, 16380, 62.06, 72
2026/09/21 16:25:23.402, 100, 10062, 16380, 64.26, 71
2026/09/21 16:25:24.403, 100, 10062, 16380, 63.97, 72
2026/09/21 16:25:25.403, 100, 10062, 16380, 63.83, 73
2026/09/21 16:25:26.403, 100, 10062, 16380, 63.81, 71
2026/09/21 16:25:27.404, 100, 10062, 16380, 64.10, 70
2026/09/21 16:25:28.404, 100, 10062, 16380, 65.01, 70
2026/09/21 16:25:29.404, 100, 10062, 16380, 64.05, 70
2026/09/21 16:25:30.405, 100, 10062, 16380, 62.71, 71
2026/09/21 16:25:31.405, 100, 10062, 16380, 64.22, 69
2026/09/21 16:25:32.405, 100, 10062, 16380, 62.12, 70
2026/09/21 16:25:33.405, 100, 10062, 16380, 62.02, 73
2026/09/21 16:25:34.406, 100, 10062, 16380, 62.32, 71
2026/09/21 16:25:35.406, 100, 10062, 16380, 63.00, 71
2026/09/21 16:25:36.406, 100, 10062, 16380, 63.56, 71
2026/09/21 16:25:37.407, 100, 10062, 16380, 63.58, 70
2026/09/21 16:25:38.407, 100, 10062, 16380, 63.96, 71
2026/09/21 16:25:39.407, 100, 10062, 16380, 63.82, 70
2026/09/21 16:25:40.407, 100, 10062, 16380, 63.32, 70
2026/09/21 16:25:41.408, 100, 10062, 16380, 63.58, 71
2026/09/21 16:25:42.408, 100, 10062, 16380, 64.01, 70
2026/09/21 16:25:43.408, 100, 10062, 16380, 63.13, 70
2026/09/21 16:25:44.409, 100, 10062, 16380, 62.43, 73
2026/09/21 16:25:45.409, 100, 10062, 16380, 62.22, 72
2026/09/21 16:25:46.409, 100, 10062, 16380, 62.26, 71
2026/09/21 16:25:47.410, 100, 10062, 16380, 63.18, 71
2026/09/21 16:25:48.410, 100, 10062, 16380, 63.41, 71
2026/09/21 16:25:49.410, 100, 10062, 16380, 63.74, 71
2026/09/21 16:25:50.411, 100, 10062, 16380, 64.09, 70
2026/09/21 16:25:51.411, 100, 10062, 16380, 63.90, 70
2026/09/21 16:25:52.411, 100, 10062, 16380, 63.63, 70
2026/09/21 16:25:53.412, 100, 10062, 16380, 64.11, 70
2026/09/21 16:25:54.412, 100, 10062, 16380, 63.82, 70
2026/09/21 16:25:55.413, 100, 10062, 16380, 62.01, 71
2026/09/21 16:25:56.413, 100, 10062, 16380, 62.37, 73
2026/09/21 16:25:57.414, 100, 10062, 16380, 61.58, 71
2026/09/21 16:25:58.414, 100, 10062, 16380, 62.54, 71
2026/09/21 16:25:59.414, 100, 10062, 16380, 63.89, 71
2026/09/21 16:26:00.414, 100, 10062, 16380, 62.88, 71
2026/09/21 16:26:01.415, 100, 10062, 16380, 64.19, 70
2026/09/21 16:26:02.415, 100, 10062, 16380, 63.71, 70
2026/09/21 16:26:03.415, 100, 10062, 16380, 63.79, 70
2026/09/21 16:26:04.415, 100, 10062, 16380, 63.75, 70
2026/09/21 16:26:05.415, 100, 10062, 16380, 63.95, 70
2026/09/21 16:26:06.416, 100, 10062, 16380, 63.63, 70
2026/09/21 16:26:07.416, 100, 10062, 16380, 62.93, 71
2026/09/21 16:26:08.416, 100, 10062, 16380, 62.30, 73
2026/09/21 16:26:09.417, 100, 10062, 16380, 62.19, 72
2026/09/21 16:26:10.417, 100, 10062, 16380, 63.04, 71
2026/09/21 16:26:11.417, 100, 10062, 16380, 63.13, 72
2026/09/21 16:26:12.417, 100, 10062, 16380, 63.48, 71
2026/09/21 16:26:13.417, 100, 10062, 16380, 64.66, 70
2026/09/21 16:26:14.418, 100, 10062, 16380, 63.75, 70
2026/09/21 16:26:15.418, 100, 10062, 16380, 64.35, 70
2026/09/21 16:26:16.418, 100, 10062, 16380, 63.63, 70
2026/09/21 16:26:17.419, 100, 10062, 16380, 60.72, 70
2026/09/21 16:26:18.419, 100, 10062, 16380, 56.63, 72
2026/09/21 16:26:19.419, 100, 10062, 16380, 62.40, 71
2026/09/21 16:26:20.420, 100, 10062, 16380, 63.32, 69
2026/09/21 16:26:21.420, 98, 10062, 16380, 62.58, 72
2026/09/21 16:26:22.421, 98, 10062, 16380, 68.83, 72
2026/09/21 16:26:23.421, 98, 10062, 16380, 68.81, 72
2026/09/21 16:26:24.422, 99, 10062, 16380, 68.71, 72
2026/09/21 16:26:25.422, 98, 10062, 16380, 68.93, 71
2026/09/21 16:26:26.423, 98, 10062, 16380, 68.77, 72
2026/09/21 16:26:27.423, 98, 10062, 16380, 68.86, 72
2026/09/21 16:26:28.423, 98, 10062, 16380, 68.66, 72
2026/09/21 16:26:29.424, 98, 10062, 16380, 68.71, 72
2026/09/21 16:26:30.424, 98, 10062, 16380, 69.07, 72
2026/09/21 16:26:31.424, 98, 10062, 16380, 68.89, 72
2026/09/21 16:26:32.425, 98, 10062, 16380, 68.70, 72
2026/09/21 16:26:33.425, 98, 10062, 16380, 68.98, 72
2026/09/21 16:26:34.425, 98, 10062, 16380, 68.80, 72
2026/09/21 16:26:35.425, 98, 10062, 16380, 68.85, 72
2026/09/21 16:26:36.426, 98, 10062, 16380, 68.75, 72
2026/09/21 16:26:37.426, 98, 10062, 16380, 68.77, 72
2026/09/21 16:26:38.427, 98, 10062, 16380, 68.83, 72
2026/09/21 16:26:39.427, 98, 10062, 16380, 68.77, 71
2026/09/21 16:26:40.427, 98, 10062, 16380, 68.78, 72
2026/09/21 16:26:41.428, 98, 10062, 16380, 68.89, 72
2026/09/21 16:26:42.428, 98, 10062, 16380, 68.83, 72
2026/09/21 16:26:43.428, 98, 10062, 16380, 68.95, 72
2026/09/21 16:26:44.428, 98, 10062, 16380, 68.97, 72
2026/09/21 16:26:45.429, 98, 10062, 16380, 68.86, 72
2026/09/21 16:26:46.429, 98, 10062, 16380, 69.06, 72
2026/09/21 16:26:47.429, 98, 10062, 16380, 68.69, 72
2026/09/21 16:26:48.430, 98, 10062, 16380, 68.75, 72
2026/09/21 16:26:49.430, 98, 10062, 16380, 68.97, 72
2026/09/21 16:26:50.430, 98, 10062, 16380, 69.18, 72
2026/09/21 16:26:51.431, 98, 10062, 16380, 68.81, 72
2026/09/21 16:26:52.431, 98, 10062, 16380, 68.97, 72
2026/09/21 16:26:53.431, 98, 10062, 16380, 68.79, 73
2026/09/21 16:26:54.432, 98, 10062, 16380, 68.84, 72
2026/09/21 16:26:55.432, 98, 10062, 16380, 68.85, 72
2026/09/21 16:26:56.432, 98, 10062, 16380, 68.74, 72
2026/09/21 16:26:57.433, 98, 10062, 16380, 68.87, 73
2026/09/21 16:26:58.433, 98, 10062, 16380, 68.73, 72
2026/09/21 16:26:59.433, 98, 10062, 16380, 68.98, 73
2026/09/21 16:27:00.434, 98, 10062, 16380, 68.84, 73
2026/09/21 16:27:01.434, 98, 10062, 16380, 68.74, 73
2026/09/21 16:27:02.434, 98, 10062, 16380, 68.55, 72
2026/09/21 16:27:03.434, 98, 10062, 16380, 68.70, 72
2026/09/21 16:27:04.435, 98, 10062, 16380, 69.04, 72
2026/09/21 16:27:05.435, 98, 10062, 16380, 68.69, 72
2026/09/21 16:27:06.435, 98, 10062, 16380, 69.03, 72
2026/09/21 16:27:07.436, 98, 10062, 16380, 68.71, 73
2026/09/21 16:27:08.436, 98, 10062, 16380, 68.86, 73
2026/09/21 16:27:09.436, 98, 10062, 16380, 68.82, 73
2026/09/21 16:27:10.437, 98, 10062, 16380, 68.73, 73
2026/09/21 16:27:11.437, 98, 10062, 16380, 68.71, 73
2026/09/21 16:27:12.438, 98, 10062, 16380, 68.83, 73
2026/09/21 16:27:13.438, 98, 10062, 16380, 68.95, 73
2026/09/21 16:27:14.439, 98, 10062, 16380, 68.76, 73
2026/09/21 16:27:15.439, 97, 10062, 16380, 69.49, 66
2026/09/21 16:27:16.439, 0, 10062, 16380, 29.05, 64
2026/09/21 16:27:17.440, 19, 10062, 16380, 22.93, 62
2026/09/21 16:27:18.440, 20, 10062, 16380, 19.90, 61
2026/09/21 16:27:19.440, 20, 10062, 16380, 19.78, 61
2026/09/21 16:27:20.441, 19, 10062, 16380, 19.74, 60
2026/09/21 16:27:21.441, 19, 10062, 16380, 19.69, 60
2026/09/21 16:27:22.441, 19, 10062, 16380, 19.68, 59
2026/09/21 16:27:23.442, 0, 10062, 16380, 33.48, 67
2026/09/21 16:27:24.442, 100, 10062, 16380, 63.94, 69
2026/09/21 16:27:25.442, 100, 10062, 16380, 63.96, 69
2026/09/21 16:27:26.443, 100, 10062, 16380, 64.15, 69
2026/09/21 16:27:27.443, 100, 10062, 16380, 64.26, 69
2026/09/21 16:27:28.444, 100, 10062, 16380, 62.73, 71
2026/09/21 16:27:29.444, 100, 10062, 16380, 61.93, 70
2026/09/21 16:27:30.444, 100, 10062, 16380, 62.53, 70
2026/09/21 16:27:31.445, 100, 10062, 16380, 64.05, 70
2026/09/21 16:27:32.445, 100, 10062, 16380, 63.34, 70
2026/09/21 16:27:33.445, 100, 10062, 16380, 63.73, 69
2026/09/21 16:27:34.446, 100, 10062, 16380, 63.68, 69
2026/09/21 16:27:35.446, 100, 10062, 16380, 62.54, 70
2026/09/21 16:27:36.446, 100, 10062, 16380, 63.25, 72
2026/09/21 16:27:37.447, 100, 10062, 16380, 62.04, 70
2026/09/21 16:27:38.447, 100, 10062, 16380, 63.23, 70
2026/09/21 16:27:39.448, 100, 10062, 16380, 63.56, 70
2026/09/21 16:27:40.448, 100, 10062, 16380, 64.27, 69
2026/09/21 16:27:41.448, 100, 10062, 16380, 63.32, 70
2026/09/21 16:27:42.449, 100, 10062, 16380, 62.81, 70
2026/09/21 16:27:43.449, 100, 10062, 16380, 63.27, 72
2026/09/21 16:27:44.449, 100, 10062, 16380, 61.89, 71
2026/09/21 16:27:45.450, 100, 10062, 16380, 63.53, 71
2026/09/21 16:27:46.450, 100, 10062, 16380, 62.89, 70
2026/09/21 16:27:47.450, 100, 10062, 16380, 63.13, 70
2026/09/21 16:27:48.451, 100, 10062, 16380, 62.58, 70
2026/09/21 16:27:49.451, 100, 10062, 16380, 62.69, 70
2026/09/21 16:27:50.451, 100, 10062, 16380, 63.55, 72
2026/09/21 16:27:51.452, 100, 10062, 16380, 63.84, 71
2026/09/21 16:27:52.452, 100, 10062, 16380, 63.43, 71
2026/09/21 16:27:53.452, 100, 10062, 16380, 62.82, 70
2026/09/21 16:27:54.453, 100, 10062, 16380, 62.93, 70
2026/09/21 16:27:55.453, 100, 10062, 16380, 63.12, 70
2026/09/21 16:27:56.454, 100, 10062, 16380, 62.87, 70
2026/09/21 16:27:57.454, 100, 10062, 16380, 63.99, 72
2026/09/21 16:27:58.454, 100, 10062, 16380, 63.82, 70
2026/09/21 16:27:59.455, 100, 10062, 16380, 63.17, 71
2026/09/21 16:28:00.455, 100, 10062, 16380, 63.07, 70
2026/09/21 16:28:01.455, 100, 10062, 16380, 62.75, 70
2026/09/21 16:28:02.456, 100, 10062, 16380, 63.09, 70
2026/09/21 16:28:03.456, 100, 10062, 16380, 62.39, 70
2026/09/21 16:28:04.456, 100, 10062, 16380, 63.77, 73
2026/09/21 16:28:05.457, 100, 10062, 16380, 64.93, 71
2026/09/21 16:28:06.457, 100, 10062, 16380, 63.74, 71
2026/09/21 16:28:07.457, 100, 10062, 16380, 62.95, 71
2026/09/21 16:28:08.458, 100, 10062, 16380, 62.68, 71
2026/09/21 16:28:09.458, 100, 10062, 16380, 62.22, 70
2026/09/21 16:28:10.458, 100, 10062, 16380, 63.16, 71
2026/09/21 16:28:11.459, 100, 10062, 16380, 64.22, 73
2026/09/21 16:28:12.459, 100, 10062, 16380, 63.96, 71
2026/09/21 16:28:13.459, 100, 10062, 16380, 62.78, 71
2026/09/21 16:28:14.460, 100, 10062, 16380, 62.85, 71
2026/09/21 16:28:15.461, 100, 10062, 16380, 62.74, 70
2026/09/21 16:28:16.461, 100, 10062, 16380, 63.62, 70
2026/09/21 16:28:17.461, 100, 10062, 16380, 62.65, 71
2026/09/21 16:28:18.462, 100, 10062, 16380, 64.28, 73
2026/09/21 16:28:19.462, 100, 10062, 16380, 64.71, 71
2026/09/21 16:28:20.462, 100, 10062, 16380, 63.35, 71
2026/09/21 16:28:21.463, 100, 10062, 16380, 63.72, 71
2026/09/21 16:28:22.463, 100, 10062, 16380, 62.81, 70
2026/09/21 16:28:23.463, 100, 10062, 16380, 62.58, 72
2026/09/21 16:28:24.464, 100, 10062, 16380, 63.76, 71
2026/09/21 16:28:25.464, 100, 10062, 16380, 63.12, 72
2026/09/21 16:28:26.465, 100, 10062, 16380, 63.45, 71
2026/09/21 16:28:27.465, 100, 10062, 16380, 62.50, 71
2026/09/21 16:28:28.465, 100, 10062, 16380, 62.55, 72
2026/09/21 16:28:29.465, 100, 10062, 16380, 62.79, 71
2026/09/21 16:28:30.466, 100, 10062, 16380, 63.39, 71
2026/09/21 16:28:31.466, 100, 10062, 16380, 63.66, 73
2026/09/21 16:28:32.466, 100, 10062, 16380, 64.39, 71
2026/09/21 16:28:33.467, 100, 10062, 16380, 63.79, 71
2026/09/21 16:28:34.467, 100, 10062, 16380, 63.63, 70
2026/09/21 16:28:35.467, 100, 10062, 16380, 62.62, 72
2026/09/21 16:28:36.467, 100, 10062, 16380, 62.71, 70
2026/09/21 16:28:37.468, 100, 10062, 16380, 63.38, 71
2026/09/21 16:28:38.469, 100, 10062, 16380, 63.65, 73
2026/09/21 16:28:39.469, 100, 10062, 16380, 64.40, 71
2026/09/21 16:28:40.469, 100, 10062, 16380, 63.94, 71
2026/09/21 16:28:41.470, 100, 10062, 16380, 62.77, 71
2026/09/21 16:28:42.470, 100, 10062, 16380, 62.58, 70
2026/09/21 16:28:43.470, 100, 10062, 16380, 62.39, 70
2026/09/21 16:28:44.471, 100, 10062, 16380, 63.46, 72
2026/09/21 16:28:45.471, 100, 10062, 16380, 63.95, 72
2026/09/21 16:28:46.471, 100, 10062, 16380, 64.48, 71
2026/09/21 16:28:47.471, 100, 10062, 16380, 62.92, 71
2026/09/21 16:28:48.472, 100, 10062, 16380, 63.30, 71
2026/09/21 16:28:49.472, 100, 10062, 16380, 62.26, 71
2026/09/21 16:28:50.472, 100, 10062, 16380, 63.06, 71
2026/09/21 16:28:51.473, 100, 10062, 16380, 63.84, 73
2026/09/21 16:28:52.473, 100, 10062, 16380, 64.16, 71
2026/09/21 16:28:53.473, 100, 10062, 16380, 63.19, 72
2026/09/21 16:28:54.473, 100, 10062, 16380, 62.91, 71
2026/09/21 16:28:55.474, 100, 10062, 16380, 62.47, 70
2026/09/21 16:28:56.474, 100, 10062, 16380, 62.43, 71
2026/09/21 16:28:57.474, 100, 10062, 16380, 63.96, 73
2026/09/21 16:28:58.474, 100, 10062, 16380, 63.76, 71
2026/09/21 16:28:59.475, 100, 10062, 16380, 63.55, 72
2026/09/21 16:29:00.475, 100, 10062, 16380, 63.32, 71
2026/09/21 16:29:01.475, 100, 10062, 16380, 62.24, 70
2026/09/21 16:29:02.476, 100, 10062, 16380, 62.47, 71
2026/09/21 16:29:03.476, 100, 10062, 16380, 63.00, 71
2026/09/21 16:29:04.476, 100, 10062, 16380, 63.95, 71
2026/09/21 16:29:05.477, 100, 10062, 16380, 63.91, 70
2026/09/21 16:29:06.477, 100, 10062, 16380, 62.99, 70
2026/09/21 16:29:07.477, 100, 10062, 16380, 62.75, 73
2026/09/21 16:29:08.478, 100, 10062, 16380, 62.67, 72
2026/09/21 16:29:09.478, 100, 10062, 16380, 63.24, 71
2026/09/21 16:29:10.478, 100, 10062, 16380, 63.78, 71
2026/09/21 16:29:11.478, 100, 10062, 16380, 64.50, 71
2026/09/21 16:29:12.479, 100, 10062, 16380, 63.36, 71
2026/09/21 16:29:13.479, 100, 10062, 16380, 63.64, 71
2026/09/21 16:29:14.480, 100, 10062, 16380, 62.45, 73
2026/09/21 16:29:15.480, 100, 10062, 16380, 62.69, 71
2026/09/21 16:29:16.480, 100, 10062, 16380, 63.33, 71
2026/09/21 16:29:17.481, 100, 10062, 16380, 63.93, 71
2026/09/21 16:29:18.481, 100, 10062, 16380, 62.74, 72
2026/09/21 16:29:19.481, 100, 10062, 16380, 63.49, 71
2026/09/21 16:29:20.482, 100, 10062, 16380, 62.84, 73
2026/09/21 16:29:21.482, 100, 10062, 16380, 62.53, 71
2026/09/21 16:29:22.482, 100, 10062, 16380, 63.54, 72
2026/09/21 16:29:23.483, 100, 10062, 16380, 64.25, 71
2026/09/21 16:29:24.483, 100, 10062, 16380, 63.95, 70
2026/09/21 16:29:25.483, 100, 10062, 16380, 63.56, 70
2026/09/21 16:29:26.483, 100, 10062, 16380, 62.94, 73
2026/09/21 16:29:27.484, 100, 10062, 16380, 62.28, 72
2026/09/21 16:29:28.484, 100, 10062, 16380, 62.78, 72
2026/09/21 16:29:29.485, 100, 10062, 16380, 63.83, 71
2026/09/21 16:29:30.485, 100, 10062, 16380, 64.49, 70
2026/09/21 16:29:31.485, 100, 10062, 16380, 63.11, 72
2026/09/21 16:29:32.486, 100, 10062, 16380, 63.26, 72
2026/09/21 16:29:33.486, 100, 10062, 16380, 62.83, 72
2026/09/21 16:29:34.486, 100, 10062, 16380, 62.30, 71
2026/09/21 16:29:35.487, 100, 10062, 16380, 64.09, 72
2026/09/21 16:29:36.487, 100, 10062, 16380, 64.14, 71
2026/09/21 16:29:37.487, 100, 10062, 16380, 63.23, 71
2026/09/21 16:29:38.488, 100, 10062, 16380, 63.16, 71
2026/09/21 16:29:39.488, 100, 10062, 16380, 62.62, 73
2026/09/21 16:29:40.488, 100, 10062, 16380, 62.37, 71
2026/09/21 16:29:41.489, 100, 10062, 16380, 63.59, 72
2026/09/21 16:29:42.489, 100, 10062, 16380, 63.98, 71
2026/09/21 16:29:43.489, 100, 10062, 16380, 63.42, 71
2026/09/21 16:29:44.489, 100, 10062, 16380, 62.59, 71
2026/09/21 16:29:45.490, 100, 10062, 16380, 62.57, 72
2026/09/21 16:29:46.490, 100, 10062, 16380, 63.65, 71
2026/09/21 16:29:47.490, 100, 10062, 16380, 63.66, 72
2026/09/21 16:29:48.490, 100, 10062, 16380, 64.25, 71
2026/09/21 16:29:49.491, 100, 10062, 16380, 62.91, 70
2026/09/21 16:29:50.491, 100, 10062, 16380, 62.31, 72
2026/09/21 16:29:51.491, 100, 10062, 16380, 62.47, 72
2026/09/21 16:29:52.491, 100, 10062, 16380, 62.61, 71
2026/09/21 16:29:53.492, 100, 10062, 16380, 63.35, 71
2026/09/21 16:29:54.492, 100, 10062, 16380, 64.15, 70
2026/09/21 16:29:55.492, 100, 10062, 16380, 62.32, 70
2026/09/21 16:29:56.492, 100, 10062, 16380, 62.76, 73
2026/09/21 16:29:57.493, 100, 10062, 16380, 62.40, 72
2026/09/21 16:29:58.493, 100, 10062, 16380, 63.41, 72
2026/09/21 16:29:59.493, 100, 10062, 16380, 64.21, 71
2026/09/21 16:30:00.493, 100, 10062, 16380, 64.80, 70
2026/09/21 16:30:01.494, 100, 10062, 16380, 62.94, 70
2026/09/21 16:30:02.494, 100, 10062, 16380, 62.80, 72
2026/09/21 16:30:03.494, 100, 10062, 16380, 62.36, 72
2026/09/21 16:30:04.496, 100, 10062, 16380, 62.29, 71
2026/09/21 16:30:05.496, 100, 10062, 16380, 63.23, 71
2026/09/21 16:30:06.496, 100, 10062, 16380, 63.87, 72
2026/09/21 16:30:07.496, 87, 10062, 16380, 63.63, 70
2026/09/21 16:30:08.498, 100, 10149, 16380, 63.55, 70
2026/09/21 16:30:09.498, 100, 10062, 16380, 62.85, 70
2026/09/21 16:30:10.498, 100, 10062, 16380, 62.72, 71
2026/09/21 16:30:11.499, 100, 10062, 16380, 62.60, 71
2026/09/21 16:30:12.499, 100, 10062, 16380, 61.75, 71
2026/09/21 16:30:13.499, 100, 10062, 16380, 61.88, 73
2026/09/21 16:30:14.500, 100, 10062, 16380, 62.78, 72
2026/09/21 16:30:15.500, 100, 10062, 16380, 62.87, 71
2026/09/21 16:30:16.500, 100, 10062, 16380, 63.01, 72
2026/09/21 16:30:17.500, 100, 10062, 16380, 63.50, 73
2026/09/21 16:30:18.501, 79, 10062, 16380, 61.08, 70
2026/09/21 16:30:19.501, 100, 10062, 16380, 63.26, 70
2026/09/21 16:30:20.502, 100, 10062, 16380, 63.03, 71
2026/09/21 16:30:21.502, 100, 10062, 16380, 62.31, 72
2026/09/21 16:30:22.502, 100, 10062, 16380, 62.38, 72
2026/09/21 16:30:23.503, 100, 10062, 16380, 62.19, 73
2026/09/21 16:30:24.503, 100, 10062, 16380, 62.38, 73
2026/09/21 16:30:25.503, 100, 10062, 16380, 62.63, 72
2026/09/21 16:30:26.504, 100, 10062, 16380, 62.60, 71
2026/09/21 16:30:27.504, 100, 10062, 16380, 63.33, 72
2026/09/21 16:30:28.504, 100, 10062, 16380, 63.35, 71
2026/09/21 16:30:29.505, 89, 10062, 16380, 62.01, 72
2026/09/21 16:30:30.505, 100, 10062, 16380, 62.50, 73
2026/09/21 16:30:31.505, 100, 10062, 16380, 62.27, 73
2026/09/21 16:30:32.506, 100, 10062, 16380, 62.19, 71
2026/09/21 16:30:33.506, 100, 10062, 16380, 63.26, 71
2026/09/21 16:30:34.506, 100, 10062, 16380, 63.12, 71
2026/09/21 16:30:35.507, 100, 10062, 16380, 63.45, 71
2026/09/21 16:30:36.507, 100, 10062, 16380, 63.40, 71
2026/09/21 16:30:37.507, 100, 10062, 16380, 63.19, 72
2026/09/21 16:30:38.508, 100, 10062, 16380, 62.93, 71
2026/09/21 16:30:39.508, 100, 10062, 16380, 63.01, 71
2026/09/21 16:30:40.508, 100, 10062, 16380, 63.66, 72
2026/09/21 16:30:41.509, 100, 10062, 16380, 62.56, 72
2026/09/21 16:30:42.509, 100, 10062, 16380, 62.16, 73
2026/09/21 16:30:43.509, 100, 10062, 16380, 61.22, 71
2026/09/21 16:30:44.510, 100, 10062, 16380, 63.19, 71
2026/09/21 16:30:45.510, 100, 10062, 16380, 63.27, 71
2026/09/21 16:30:46.510, 100, 10062, 16380, 63.37, 71
2026/09/21 16:30:47.511, 100, 10062, 16380, 63.40, 71
2026/09/21 16:30:48.511, 100, 10062, 16380, 63.46, 72
2026/09/21 16:30:49.511, 100, 10062, 16380, 63.43, 72
2026/09/21 16:30:50.511, 100, 10062, 16380, 63.27, 72
2026/09/21 16:30:51.512, 100, 10062, 16380, 63.58, 72
2026/09/21 16:30:52.512, 100, 10062, 16380, 63.23, 71
2026/09/21 16:30:53.512, 100, 10062, 16380, 62.53, 71
2026/09/21 16:30:54.512, 100, 10062, 16380, 63.01, 71
2026/09/21 16:30:55.513, 100, 10062, 16380, 63.51, 71
2026/09/21 16:30:56.513, 100, 10062, 16380, 64.08, 71
2026/09/21 16:30:57.513, 100, 10062, 16380, 64.37, 71
2026/09/21 16:30:58.514, 100, 10062, 16380, 63.98, 71
2026/09/21 16:30:59.514, 100, 10062, 16380, 64.08, 70
2026/09/21 16:31:00.515, 100, 10062, 16380, 63.79, 70
2026/09/21 16:31:01.515, 100, 10062, 16380, 63.42, 70
2026/09/21 16:31:02.515, 100, 10062, 16380, 63.97, 72
2026/09/21 16:31:03.516, 100, 10062, 16380, 63.52, 71
2026/09/21 16:31:04.516, 100, 10062, 16380, 63.18, 71
2026/09/21 16:31:05.516, 100, 10062, 16380, 63.58, 70
2026/09/21 16:31:06.517, 100, 10062, 16380, 63.21, 70
2026/09/21 16:31:07.517, 100, 10062, 16380, 62.99, 70
2026/09/21 16:31:08.517, 100, 10062, 16380, 62.76, 71
2026/09/21 16:31:09.517, 100, 10062, 16380, 63.54, 71
2026/09/21 16:31:10.518, 100, 10062, 16380, 62.69, 72
2026/09/21 16:31:11.519, 100, 10062, 16380, 62.17, 70
2026/09/21 16:31:12.519, 100, 10062, 16380, 63.40, 70
2026/09/21 16:31:13.519, 100, 10062, 16380, 63.91, 70
2026/09/21 16:31:14.520, 100, 10062, 16380, 64.28, 70
2026/09/21 16:31:15.520, 100, 10062, 16380, 61.97, 68
2026/09/21 16:31:16.521, 100, 10062, 16380, 62.62, 71
2026/09/21 16:31:17.521, 100, 10062, 16380, 62.21, 71
2026/09/21 16:31:18.521, 100, 10062, 16380, 62.49, 72
2026/09/21 16:31:19.522, 100, 10062, 16380, 62.27, 73
2026/09/21 16:31:20.522, 100, 10062, 16380, 62.05, 73
2026/09/21 16:31:21.522, 100, 10062, 16380, 62.31, 73
2026/09/21 16:31:22.523, 100, 10062, 16380, 62.63, 72
2026/09/21 16:31:23.523, 100, 10062, 16380, 63.75, 73
2026/09/21 16:31:24.523, 100, 10062, 16380, 63.00, 71
2026/09/21 16:31:25.523, 100, 10062, 16380, 62.47, 71
2026/09/21 16:31:26.524, 78, 10062, 16380, 62.44, 73
2026/09/21 16:31:27.524, 100, 10062, 16380, 62.57, 72
2026/09/21 16:31:28.525, 100, 10062, 16380, 62.89, 72
2026/09/21 16:31:29.525, 100, 10062, 16380, 63.14, 71
2026/09/21 16:31:30.525, 100, 10062, 16380, 63.10, 71
2026/09/21 16:31:31.526, 100, 10062, 16380, 63.25, 71
2026/09/21 16:31:32.526, 100, 10062, 16380, 63.34, 71
2026/09/21 16:31:33.526, 100, 10062, 16380, 63.33, 71
2026/09/21 16:31:34.527, 100, 10062, 16380, 63.39, 72
2026/09/21 16:31:35.527, 100, 10062, 16380, 63.18, 71
2026/09/21 16:31:36.527, 100, 10062, 16380, 63.34, 71
2026/09/21 16:31:37.528, 100, 10062, 16380, 63.01, 71
2026/09/21 16:31:38.528, 100, 10062, 16380, 63.49, 71
2026/09/21 16:31:39.528, 100, 10062, 16380, 63.74, 71
2026/09/21 16:31:40.529, 100, 10062, 16380, 63.82, 71
2026/09/21 16:31:41.529, 100, 10062, 16380, 64.01, 71
2026/09/21 16:31:42.530, 100, 10062, 16380, 63.58, 70
2026/09/21 16:31:43.530, 100, 10062, 16380, 63.48, 70
2026/09/21 16:31:44.530, 100, 10062, 16380, 62.92, 70
2026/09/21 16:31:45.531, 91, 10062, 16380, 63.95, 71
2026/09/21 16:31:46.531, 100, 10062, 16380, 64.19, 71
2026/09/21 16:31:47.531, 100, 10062, 16380, 64.14, 70
2026/09/21 16:31:48.532, 100, 10062, 16380, 62.70, 70
2026/09/21 16:31:49.532, 100, 10062, 16380, 62.55, 70
2026/09/21 16:31:50.532, 100, 10062, 16380, 62.55, 70
2026/09/21 16:31:51.533, 100, 10062, 16380, 62.49, 71
2026/09/21 16:31:52.533, 100, 10062, 16380, 62.44, 72
2026/09/21 16:31:53.533, 100, 10062, 16380, 62.22, 73
2026/09/21 16:31:54.534, 100, 10062, 16380, 62.24, 73
2026/09/21 16:31:55.534, 100, 10062, 16380, 62.58, 73
2026/09/21 16:31:56.534, 88, 10062, 16380, 62.76, 70
2026/09/21 16:31:57.535, 100, 10062, 16380, 62.44, 71
2026/09/21 16:31:58.536, 100, 10062, 16380, 62.50, 72
2026/09/21 16:31:59.536, 100, 10062, 16380, 63.66, 71
2026/09/21 16:32:00.536, 100, 10062, 16380, 63.84, 71
2026/09/21 16:32:01.536, 100, 10062, 16380, 63.41, 71
2026/09/21 16:32:02.537, 100, 10062, 16380, 63.29, 71
2026/09/21 16:32:03.537, 100, 10062, 16380, 62.93, 71
2026/09/21 16:32:04.537, 100, 10062, 16380, 62.76, 72
2026/09/21 16:32:05.538, 100, 10062, 16380, 62.77, 71
2026/09/21 16:32:06.538, 100, 10062, 16380, 62.47, 70
2026/09/21 16:32:07.538, 100, 10062, 16380, 63.12, 71
2026/09/21 16:32:08.539, 100, 10062, 16380, 63.25, 71
2026/09/21 16:32:09.539, 100, 10062, 16380, 62.97, 71
2026/09/21 16:32:10.539, 100, 10062, 16380, 62.28, 71
2026/09/21 16:32:11.540, 100, 10062, 16380, 62.32, 70
2026/09/21 16:32:12.541, 100, 10062, 16380, 62.09, 70
2026/09/21 16:32:13.541, 100, 10062, 16380, 62.65, 70
2026/09/21 16:32:14.541, 100, 10062, 16380, 62.77, 70
2026/09/21 16:32:15.542, 100, 10062, 16380, 63.05, 70
2026/09/21 16:32:16.542, 100, 10062, 16380, 63.06, 70
2026/09/21 16:32:17.542, 100, 10062, 16380, 63.31, 70
2026/09/21 16:32:18.543, 100, 10062, 16380, 63.45, 70
2026/09/21 16:32:19.543, 100, 10062, 16380, 62.51, 70
2026/09/21 16:32:20.543, 100, 10062, 16380, 62.07, 70
2026/09/21 16:32:21.544, 100, 10062, 16380, 63.04, 71
2026/09/21 16:32:22.544, 100, 10062, 16380, 63.42, 73
2026/09/21 16:32:23.544, 100, 10062, 16380, 63.67, 73
2026/09/21 16:32:24.545, 100, 10062, 16380, 63.68, 72
2026/09/21 16:32:25.545, 100, 10062, 16380, 64.03, 71
2026/09/21 16:32:26.546, 100, 10062, 16380, 63.60, 71
2026/09/21 16:32:27.546, 100, 10062, 16380, 62.95, 71
2026/09/21 16:32:28.546, 100, 10062, 16380, 63.00, 71
2026/09/21 16:32:29.547, 100, 10062, 16380, 64.10, 72
2026/09/21 16:32:30.547, 100, 10062, 16380, 64.25, 71
2026/09/21 16:32:31.547, 100, 10062, 16380, 62.08, 71
2026/09/21 16:32:32.548, 100, 10062, 16380, 63.79, 71
2026/09/21 16:32:33.548, 100, 10062, 16380, 62.51, 71
2026/09/21 16:32:34.548, 100, 10062, 16380, 62.54, 71
2026/09/21 16:32:35.548, 100, 10062, 16380, 62.42, 71
2026/09/21 16:32:36.549, 100, 10062, 16380, 62.03, 70
2026/09/21 16:32:37.550, 100, 10062, 16380, 62.10, 70
2026/09/21 16:32:38.550, 100, 10062, 16380, 62.59, 70
2026/09/21 16:32:39.550, 100, 10062, 16380, 63.45, 70
2026/09/21 16:32:40.550, 100, 10062, 16380, 63.67, 70
2026/09/21 16:32:41.551, 100, 10062, 16380, 62.31, 71
2026/09/21 16:32:42.551, 100, 10062, 16380, 61.53, 70
2026/09/21 16:32:43.551, 100, 10062, 16380, 63.03, 70
2026/09/21 16:32:44.552, 100, 10062, 16380, 63.10, 70
2026/09/21 16:32:45.552, 100, 10062, 16380, 63.56, 71
2026/09/21 16:32:46.552, 100, 10062, 16380, 63.56, 72
2026/09/21 16:32:47.553, 100, 10062, 16380, 63.41, 73
2026/09/21 16:32:48.553, 100, 10062, 16380, 63.65, 72
2026/09/21 16:32:49.553, 100, 10062, 16380, 63.77, 71
2026/09/21 16:32:50.554, 100, 10062, 16380, 63.60, 71
2026/09/21 16:32:51.555, 100, 10062, 16380, 63.60, 72
2026/09/21 16:32:52.555, 100, 10062, 16380, 63.63, 73
2026/09/21 16:32:53.555, 100, 10062, 16380, 64.03, 73
2026/09/21 16:32:54.555, 100, 10062, 16380, 63.76, 71
2026/09/21 16:32:55.556, 100, 10062, 16380, 63.08, 71
2026/09/21 16:32:56.556, 100, 10062, 16380, 62.72, 70
2026/09/21 16:32:57.556, 100, 10062, 16380, 62.40, 70
2026/09/21 16:32:58.557, 100, 10062, 16380, 62.06, 70
2026/09/21 16:32:59.557, 100, 10062, 16380, 62.93, 70
2026/09/21 16:33:00.557, 100, 10062, 16380, 63.10, 71
2026/09/21 16:33:01.557, 100, 10062, 16380, 63.59, 72
2026/09/21 16:33:02.558, 100, 10062, 16380, 63.40, 72
2026/09/21 16:33:03.558, 100, 10062, 16380, 63.86, 72
2026/09/21 16:33:04.559, 100, 10062, 16380, 60.02, 71
2026/09/21 16:33:05.559, 100, 10062, 16380, 59.65, 72
2026/09/21 16:33:06.559, 100, 10062, 16380, 63.78, 71
2026/09/21 16:33:07.560, 100, 10062, 16380, 59.09, 71
2026/09/21 16:33:08.560, 98, 10062, 16380, 64.61, 71
2026/09/21 16:33:09.560, 98, 10062, 16380, 68.82, 71
2026/09/21 16:33:10.561, 98, 10062, 16380, 68.97, 71
2026/09/21 16:33:11.561, 98, 10062, 16380, 68.87, 71
2026/09/21 16:33:12.561, 98, 10062, 16380, 68.86, 72
2026/09/21 16:33:13.562, 98, 10062, 16380, 69.11, 71
2026/09/21 16:33:14.562, 98, 10062, 16380, 68.90, 72
2026/09/21 16:33:15.562, 98, 10062, 16380, 68.84, 72
2026/09/21 16:33:16.562, 98, 10062, 16380, 68.81, 72
2026/09/21 16:33:17.563, 100, 10062, 16380, 69.01, 72
2026/09/21 16:33:18.563, 98, 10062, 16380, 68.90, 72
2026/09/21 16:33:19.563, 98, 10062, 16380, 69.00, 72
2026/09/21 16:33:20.564, 98, 10062, 16380, 69.06, 72
2026/09/21 16:33:21.564, 98, 10062, 16380, 68.67, 72
2026/09/21 16:33:22.564, 98, 10062, 16380, 68.91, 72
2026/09/21 16:33:23.565, 98, 10062, 16380, 68.89, 72
2026/09/21 16:33:24.565, 98, 10062, 16380, 68.80, 72
2026/09/21 16:33:25.565, 98, 10062, 16380, 68.99, 72
2026/09/21 16:33:26.566, 98, 10062, 16380, 68.79, 72
2026/09/21 16:33:27.566, 98, 10062, 16380, 68.92, 72
2026/09/21 16:33:28.566, 97, 10062, 16380, 68.90, 72
2026/09/21 16:33:29.566, 98, 10062, 16380, 68.53, 72
2026/09/21 16:33:30.567, 98, 10062, 16380, 69.03, 73
2026/09/21 16:33:31.567, 98, 10062, 16380, 68.58, 72
2026/09/21 16:33:32.567, 98, 10062, 16380, 68.70, 72
2026/09/21 16:33:33.568, 98, 10062, 16380, 68.76, 72
2026/09/21 16:33:34.568, 98, 10062, 16380, 68.92, 72
2026/09/21 16:33:35.568, 100, 10062, 16380, 69.05, 73
2026/09/21 16:33:36.569, 98, 10062, 16380, 68.84, 72
2026/09/21 16:33:37.569, 98, 10062, 16380, 68.75, 72
2026/09/21 16:33:38.569, 98, 10062, 16380, 68.79, 72
2026/09/21 16:33:39.570, 98, 10062, 16380, 68.85, 72
2026/09/21 16:33:40.570, 98, 10062, 16380, 68.91, 73
2026/09/21 16:33:41.570, 98, 10062, 16380, 68.86, 73
2026/09/21 16:33:42.571, 98, 10062, 16380, 68.73, 72
2026/09/21 16:33:43.571, 98, 10062, 16380, 68.71, 73
2026/09/21 16:33:44.571, 98, 10062, 16380, 68.68, 72
2026/09/21 16:33:45.571, 98, 10062, 16380, 68.86, 72
2026/09/21 16:33:46.572, 98, 10062, 16380, 68.95, 72
2026/09/21 16:33:47.572, 98, 10062, 16380, 68.92, 72
2026/09/21 16:33:48.572, 98, 10062, 16380, 69.23, 73
2026/09/21 16:33:49.573, 98, 10062, 16380, 69.26, 73
2026/09/21 16:33:50.573, 98, 10062, 16380, 68.86, 72
2026/09/21 16:33:51.573, 98, 10062, 16380, 68.92, 72
2026/09/21 16:33:52.574, 98, 10062, 16380, 68.93, 72
2026/09/21 16:33:53.574, 98, 10062, 16380, 69.04, 73
2026/09/21 16:33:54.574, 98, 10062, 16380, 68.99, 72
2026/09/21 16:33:55.575, 98, 10062, 16380, 68.60, 72
2026/09/21 16:33:56.575, 98, 10062, 16380, 68.74, 73
2026/09/21 16:33:57.575, 98, 10062, 16380, 68.76, 73
2026/09/21 16:33:58.575, 98, 10062, 16380, 68.75, 73
2026/09/21 16:33:59.576, 100, 10062, 16380, 68.72, 73
2026/09/21 16:34:00.576, 98, 10062, 16380, 68.82, 73
2026/09/21 16:34:01.576, 98, 10062, 16380, 68.73, 73
2026/09/21 16:34:02.577, 97, 10062, 16380, 65.21, 73
2026/09/21 16:34:03.577, 0, 10062, 16380, 23.26, 64
2026/09/21 16:34:04.577, 19, 10062, 16380, 23.00, 63
2026/09/21 16:34:05.578, 20, 10062, 16380, 19.94, 61
2026/09/21 16:34:06.578, 19, 10062, 16380, 19.81, 61
2026/09/21 16:34:07.578, 20, 10062, 16380, 19.74, 60
2026/09/21 16:34:08.579, 19, 10062, 16380, 19.68, 60
2026/09/21 16:34:09.579, 20, 10062, 16380, 19.64, 59
2026/09/21 16:34:10.579, 82, 10062, 16380, 35.76, 64
2026/09/21 16:34:11.580, 100, 10062, 16380, 62.54, 67
2026/09/21 16:34:12.580, 100, 10062, 16380, 62.39, 70
2026/09/21 16:34:13.580, 100, 10062, 16380, 62.58, 71
2026/09/21 16:34:14.581, 100, 10062, 16380, 63.01, 69
2026/09/21 16:34:15.581, 100, 10062, 16380, 63.67, 70
2026/09/21 16:34:16.581, 100, 10062, 16380, 63.97, 71
2026/09/21 16:34:17.582, 100, 10062, 16380, 62.93, 69
2026/09/21 16:34:18.582, 100, 10062, 16380, 62.65, 69
2026/09/21 16:34:19.582, 100, 10062, 16380, 62.14, 72
2026/09/21 16:34:20.583, 100, 10062, 16380, 62.61, 70
2026/09/21 16:34:21.584, 100, 10062, 16380, 63.32, 70
2026/09/21 16:34:22.584, 100, 10062, 16380, 63.71, 70
2026/09/21 16:34:23.584, 100, 10062, 16380, 64.68, 70
2026/09/21 16:34:24.584, 100, 10062, 16380, 63.14, 69
2026/09/21 16:34:25.585, 100, 10062, 16380, 62.77, 70
2026/09/21 16:34:26.585, 100, 10062, 16380, 62.45, 72
2026/09/21 16:34:27.585, 100, 10062, 16380, 62.38, 70
2026/09/21 16:34:28.586, 100, 10062, 16380, 63.54, 70
2026/09/21 16:34:29.586, 100, 10062, 16380, 64.12, 71
2026/09/21 16:34:30.586, 100, 10062, 16380, 64.18, 70
2026/09/21 16:34:31.587, 100, 10062, 16380, 63.29, 69
2026/09/21 16:34:32.587, 100, 10062, 16380, 62.82, 70
2026/09/21 16:34:33.588, 100, 10062, 16380, 63.28, 71
2026/09/21 16:34:34.588, 100, 10062, 16380, 61.79, 72
2026/09/21 16:34:35.588, 100, 10062, 16380, 63.08, 71
2026/09/21 16:34:36.589, 100, 10062, 16380, 64.46, 71
2026/09/21 16:34:37.589, 100, 10062, 16380, 65.17, 70
2026/09/21 16:34:38.589, 100, 10062, 16380, 64.27, 70
2026/09/21 16:34:39.590, 100, 10062, 16380, 63.07, 70
2026/09/21 16:34:40.590, 100, 10062, 16380, 62.57, 71
2026/09/21 16:34:41.590, 100, 10062, 16380, 62.04, 72
2026/09/21 16:34:42.591, 100, 10062, 16380, 63.94, 71
2026/09/21 16:34:43.591, 100, 10062, 16380, 63.99, 71
2026/09/21 16:34:44.591, 100, 10062, 16380, 64.93, 70
2026/09/21 16:34:45.592, 100, 10062, 16380, 63.74, 70
2026/09/21 16:34:46.592, 100, 10062, 16380, 63.19, 70
2026/09/21 16:34:47.593, 100, 10062, 16380, 61.82, 72
2026/09/21 16:34:48.593, 100, 10062, 16380, 62.55, 72
2026/09/21 16:34:49.593, 100, 10062, 16380, 63.17, 71
2026/09/21 16:34:50.594, 100, 10062, 16380, 63.98, 70
2026/09/21 16:34:51.594, 100, 10062, 16380, 63.08, 70
2026/09/21 16:34:52.594, 100, 10062, 16380, 63.48, 70
2026/09/21 16:34:53.594, 100, 10062, 16380, 62.76, 70
2026/09/21 16:34:54.595, 100, 10062, 16380, 61.43, 72
2026/09/21 16:34:55.595, 100, 10062, 16380, 63.05, 71
2026/09/21 16:34:56.595, 100, 10062, 16380, 63.83, 71
2026/09/21 16:34:57.595, 100, 10062, 16380, 64.29, 70
2026/09/21 16:34:58.596, 100, 10062, 16380, 63.17, 70
2026/09/21 16:34:59.596, 100, 10062, 16380, 62.94, 70
2026/09/21 16:35:00.596, 100, 10062, 16380, 62.91, 73
2026/09/21 16:35:01.597, 100, 10062, 16380, 62.74, 71
2026/09/21 16:35:02.597, 100, 10062, 16380, 63.08, 71
2026/09/21 16:35:03.597, 100, 10062, 16380, 63.73, 71
2026/09/21 16:35:04.598, 100, 10062, 16380, 64.18, 70
2026/09/21 16:35:05.598, 100, 10062, 16380, 63.16, 70
2026/09/21 16:35:06.599, 100, 10062, 16380, 62.60, 70
2026/09/21 16:35:07.599, 100, 10062, 16380, 62.56, 73
2026/09/21 16:35:08.599, 100, 10062, 16380, 62.52, 71
2026/09/21 16:35:09.600, 100, 10062, 16380, 63.80, 71
2026/09/21 16:35:10.600, 100, 10062, 16380, 64.07, 71
2026/09/21 16:35:11.600, 100, 10062, 16380, 63.31, 70
2026/09/21 16:35:12.601, 100, 10062, 16380, 63.03, 70
2026/09/21 16:35:13.601, 100, 10062, 16380, 62.69, 73
2026/09/21 16:35:14.601, 100, 10062, 16380, 63.48, 71
2026/09/21 16:35:15.602, 100, 10062, 16380, 63.03, 71
2026/09/21 16:35:16.603, 100, 10062, 16380, 64.12, 71
2026/09/21 16:35:17.603, 100, 10062, 16380, 63.83, 70
2026/09/21 16:35:18.603, 100, 10062, 16380, 63.23, 70
2026/09/21 16:35:19.604, 100, 10062, 16380, 63.12, 71
2026/09/21 16:35:20.604, 100, 10062, 16380, 62.43, 73
2026/09/21 16:35:21.604, 100, 10062, 16380, 63.04, 71
2026/09/21 16:35:22.605, 100, 10062, 16380, 63.83, 71
2026/09/21 16:35:23.605, 100, 10062, 16380, 64.79, 71
2026/09/21 16:35:24.605, 100, 10062, 16380, 63.47, 70
2026/09/21 16:35:25.606, 100, 10062, 16380, 62.72, 70
2026/09/21 16:35:26.606, 100, 10062, 16380, 62.29, 73
2026/09/21 16:35:27.606, 100, 10062, 16380, 62.58, 71
2026/09/21 16:35:28.607, 100, 10062, 16380, 62.50, 70
2026/09/21 16:35:29.607, 100, 10062, 16380, 63.78, 71
2026/09/21 16:35:30.608, 100, 10062, 16380, 63.34, 71
2026/09/21 16:35:31.608, 100, 10062, 16380, 62.74, 71
2026/09/21 16:35:32.608, 100, 10062, 16380, 62.27, 73
2026/09/21 16:35:33.609, 100, 10062, 16380, 63.83, 71
2026/09/21 16:35:34.609, 100, 10062, 16380, 64.03, 71
2026/09/21 16:35:35.609, 100, 10062, 16380, 61.69, 70
2026/09/21 16:35:36.610, 100, 10062, 16380, 62.33, 70
2026/09/21 16:35:37.610, 100, 10062, 16380, 63.56, 71
2026/09/21 16:35:38.610, 100, 10062, 16380, 64.27, 72
2026/09/21 16:35:39.611, 100, 10062, 16380, 63.79, 71
2026/09/21 16:35:40.611, 100, 10062, 16380, 62.81, 72
2026/09/21 16:35:41.611, 100, 10062, 16380, 62.58, 71
2026/09/21 16:35:42.612, 100, 10062, 16380, 62.34, 70
2026/09/21 16:35:43.612, 100, 10062, 16380, 63.77, 72
2026/09/21 16:35:44.613, 100, 10062, 16380, 63.89, 73
2026/09/21 16:35:45.613, 100, 10062, 16380, 63.73, 71
2026/09/21 16:35:46.613, 100, 10062, 16380, 62.60, 71
2026/09/21 16:35:47.614, 100, 10062, 16380, 62.70, 71
2026/09/21 16:35:48.614, 100, 10062, 16380, 62.18, 71
2026/09/21 16:35:49.614, 100, 10062, 16380, 64.04, 71
2026/09/21 16:35:50.615, 100, 10062, 16380, 64.12, 73
2026/09/21 16:35:51.615, 100, 10062, 16380, 63.60, 71
2026/09/21 16:35:52.615, 100, 10062, 16380, 62.97, 72
2026/09/21 16:35:53.616, 100, 10062, 16380, 63.10, 71
2026/09/21 16:35:54.616, 100, 10062, 16380, 62.31, 70
2026/09/21 16:35:55.617, 100, 10062, 16380, 63.86, 70
2026/09/21 16:35:56.617, 100, 10062, 16380, 63.27, 73
2026/09/21 16:35:57.617, 100, 10062, 16380, 63.75, 71
2026/09/21 16:35:58.617, 100, 10062, 16380, 62.73, 71
2026/09/21 16:35:59.618, 100, 10062, 16380, 62.85, 71
2026/09/21 16:36:00.618, 100, 10062, 16380, 62.84, 70
2026/09/21 16:36:01.618, 100, 10062, 16380, 63.03, 71
2026/09/21 16:36:02.619, 100, 10062, 16380, 63.60, 73
2026/09/21 16:36:03.619, 100, 10062, 16380, 65.10, 71
2026/09/21 16:36:04.620, 100, 10062, 16380, 62.70, 71
2026/09/21 16:36:05.620, 100, 10062, 16380, 63.01, 70
2026/09/21 16:36:06.620, 100, 10062, 16380, 62.16, 70
2026/09/21 16:36:07.620, 100, 10062, 16380, 63.30, 71
2026/09/21 16:36:08.621, 100, 10062, 16380, 64.08, 73
2026/09/21 16:36:09.621, 100, 10062, 16380, 64.45, 71
2026/09/21 16:36:10.621, 100, 10062, 16380, 63.11, 71
2026/09/21 16:36:11.622, 100, 10062, 16380, 62.92, 71
2026/09/21 16:36:12.622, 100, 10062, 16380, 62.32, 70
2026/09/21 16:36:13.622, 100, 10062, 16380, 63.47, 71
2026/09/21 16:36:14.623, 100, 10062, 16380, 64.21, 73
2026/09/21 16:36:15.623, 100, 10062, 16380, 64.42, 71
2026/09/21 16:36:16.624, 100, 10062, 16380, 63.04, 72
2026/09/21 16:36:17.624, 100, 10062, 16380, 63.23, 70
2026/09/21 16:36:18.624, 100, 10062, 16380, 62.52, 70
2026/09/21 16:36:19.625, 100, 10062, 16380, 63.10, 71
2026/09/21 16:36:20.625, 100, 10062, 16380, 64.55, 73
2026/09/21 16:36:21.625, 100, 10062, 16380, 63.53, 71
2026/09/21 16:36:22.626, 100, 10062, 16380, 62.91, 71
2026/09/21 16:36:23.626, 100, 10062, 16380, 62.56, 71
2026/09/21 16:36:24.626, 100, 10062, 16380, 62.21, 70
2026/09/21 16:36:25.627, 100, 10062, 16380, 64.29, 71
2026/09/21 16:36:26.627, 100, 10062, 16380, 63.58, 73
2026/09/21 16:36:27.627, 100, 10062, 16380, 63.16, 71
2026/09/21 16:36:28.628, 100, 10062, 16380, 62.82, 72
2026/09/21 16:36:29.628, 100, 10062, 16380, 62.33, 71
2026/09/21 16:36:30.628, 100, 10062, 16380, 61.67, 71
2026/09/21 16:36:31.629, 100, 10062, 16380, 64.19, 71
2026/09/21 16:36:32.629, 100, 10062, 16380, 64.25, 73
2026/09/21 16:36:33.629, 100, 10062, 16380, 63.65, 71
2026/09/21 16:36:34.630, 100, 10062, 16380, 63.26, 71
2026/09/21 16:36:35.630, 100, 10062, 16380, 63.67, 71
2026/09/21 16:36:36.630, 100, 10062, 16380, 62.38, 70
2026/09/21 16:36:37.631, 100, 10062, 16380, 63.24, 70
2026/09/21 16:36:38.631, 100, 10062, 16380, 64.35, 73
2026/09/21 16:36:39.631, 100, 10062, 16380, 64.01, 72
2026/09/21 16:36:40.632, 100, 10062, 16380, 63.31, 72
2026/09/21 16:36:41.632, 100, 10062, 16380, 62.68, 71
2026/09/21 16:36:42.632, 100, 10062, 16380, 62.50, 70
2026/09/21 16:36:43.632, 100, 10062, 16380, 62.94, 70
2026/09/21 16:36:44.633, 100, 10062, 16380, 63.70, 73
2026/09/21 16:36:45.633, 100, 10062, 16380, 64.41, 71
2026/09/21 16:36:46.633, 100, 10062, 16380, 63.06, 72
2026/09/21 16:36:47.634, 100, 10062, 16380, 63.07, 71
2026/09/21 16:36:48.634, 100, 10062, 16380, 62.42, 70
2026/09/21 16:36:49.635, 100, 10062, 16380, 62.34, 70
2026/09/21 16:36:50.635, 100, 10062, 16380, 64.27, 72
2026/09/21 16:36:51.635, 100, 10062, 16380, 64.64, 72
2026/09/21 16:36:52.635, 100, 10062, 16380, 63.12, 71
2026/09/21 16:36:53.636, 100, 10062, 16380, 63.41, 71
2026/09/21 16:36:54.636, 100, 10062, 16380, 62.46, 73
2026/09/21 16:36:55.636, 100, 10062, 16380, 63.28, 71
2026/09/21 16:36:56.637, 100, 10062, 16380, 64.01, 72
2026/09/21 16:36:57.637, 99, 10062, 16380, 64.59, 71
2026/09/21 16:36:58.637, 100, 10062, 16380, 63.24, 71
2026/09/21 16:36:59.638, 100, 10062, 16380, 62.77, 71
2026/09/21 16:37:00.638, 100, 10062, 16380, 61.85, 71
2026/09/21 16:37:01.639, 100, 10062, 16380, 63.88, 72
2026/09/21 16:37:02.639, 100, 10062, 16380, 64.48, 71
2026/09/21 16:37:03.639, 100, 10062, 16380, 64.10, 70
2026/09/21 16:37:04.640, 100, 10062, 16380, 63.50, 70
2026/09/21 16:37:05.640, 100, 10062, 16380, 61.10, 69
2026/09/21 16:37:06.640, 100, 10062, 16380, 63.42, 71
2026/09/21 16:37:07.640, 100, 10062, 16380, 64.20, 71
2026/09/21 16:37:08.641, 100, 10062, 16380, 63.18, 70
2026/09/21 16:37:09.641, 100, 10062, 16380, 63.02, 71
2026/09/21 16:37:10.641, 100, 10062, 16380, 62.51, 73
2026/09/21 16:37:11.642, 100, 10062, 16380, 63.37, 71
2026/09/21 16:37:12.642, 100, 10062, 16380, 64.28, 71
2026/09/21 16:37:13.642, 100, 10062, 16380, 63.95, 70
2026/09/21 16:37:14.643, 100, 10062, 16380, 63.44, 71
2026/09/21 16:37:15.643, 100, 10062, 16380, 62.49, 73
2026/09/21 16:37:16.644, 100, 10062, 16380, 62.93, 71
2026/09/21 16:37:17.644, 100, 10062, 16380, 62.97, 72
2026/09/21 16:37:18.644, 100, 10062, 16380, 62.37, 72
2026/09/21 16:37:19.645, 100, 10062, 16380, 63.46, 71
2026/09/21 16:37:20.645, 100, 10062, 16380, 63.79, 71
2026/09/21 16:37:21.645, 100, 10062, 16380, 63.53, 71
2026/09/21 16:37:22.646, 100, 10062, 16380, 63.01, 73
2026/09/21 16:37:23.646, 100, 10062, 16380, 64.09, 72
2026/09/21 16:37:24.646, 100, 10062, 16380, 64.46, 71
2026/09/21 16:37:25.647, 88, 10062, 16380, 63.39, 72
2026/09/21 16:37:26.647, 100, 10062, 16380, 62.38, 72
2026/09/21 16:37:27.647, 100, 10062, 16380, 61.77, 73
2026/09/21 16:37:28.647, 100, 10062, 16380, 62.09, 72
2026/09/21 16:37:29.648, 100, 10062, 16380, 61.75, 71
2026/09/21 16:37:30.649, 100, 10062, 16380, 65.50, 71
2026/09/21 16:37:31.649, 100, 10062, 16380, 63.63, 70
2026/09/21 16:37:32.649, 100, 10062, 16380, 63.44, 73
2026/09/21 16:37:33.650, 100, 10062, 16380, 62.63, 71
2026/09/21 16:37:34.650, 100, 10062, 16380, 63.70, 70
2026/09/21 16:37:35.650, 100, 10062, 16380, 62.81, 71
2026/09/21 16:37:36.650, 100, 10062, 16380, 63.12, 71
2026/09/21 16:37:37.651, 100, 10062, 16380, 64.45, 71
2026/09/21 16:37:38.651, 100, 10062, 16380, 63.55, 71
2026/09/21 16:37:39.651, 100, 10062, 16380, 63.26, 71
2026/09/21 16:37:40.652, 100, 10062, 16380, 62.78, 71
2026/09/21 16:37:41.652, 100, 10062, 16380, 64.18, 71
2026/09/21 16:37:42.652, 88, 10062, 16380, 63.02, 71
2026/09/21 16:37:43.653, 100, 10062, 16380, 62.96, 71
2026/09/21 16:37:44.653, 100, 10062, 16380, 64.09, 71
2026/09/21 16:37:45.653, 100, 10062, 16380, 64.26, 73
2026/09/21 16:37:46.654, 100, 10062, 16380, 62.92, 71
2026/09/21 16:37:47.654, 100, 10062, 16380, 63.88, 71
2026/09/21 16:37:48.654, 100, 10062, 16380, 63.21, 73
2026/09/21 16:37:49.655, 100, 10062, 16380, 63.93, 72
2026/09/21 16:37:50.655, 100, 10062, 16380, 63.50, 71
2026/09/21 16:37:51.655, 100, 10062, 16380, 63.82, 70
2026/09/21 16:37:52.656, 100, 10062, 16380, 62.76, 71
2026/09/21 16:37:53.656, 100, 10062, 16380, 63.77, 71
2026/09/21 16:37:54.656, 100, 10062, 16380, 63.09, 73
2026/09/21 16:37:55.657, 100, 10062, 16380, 64.03, 71
2026/09/21 16:37:56.657, 100, 10062, 16380, 63.10, 70
2026/09/21 16:37:57.657, 100, 10062, 16380, 63.18, 71
2026/09/21 16:37:58.658, 100, 10062, 16380, 64.06, 71
2026/09/21 16:37:59.658, 100, 10062, 16380, 63.34, 73
2026/09/21 16:38:00.658, 100, 10062, 16380, 64.36, 71
2026/09/21 16:38:01.659, 100, 10062, 16380, 63.70, 70
2026/09/21 16:38:02.659, 100, 10062, 16380, 63.07, 72
2026/09/21 16:38:03.659, 100, 10062, 16380, 63.86, 71
2026/09/21 16:38:04.660, 100, 10062, 16380, 63.19, 70
2026/09/21 16:38:05.660, 100, 10062, 16380, 63.16, 71
2026/09/21 16:38:06.660, 100, 10062, 16380, 64.69, 71
2026/09/21 16:38:07.661, 100, 10062, 16380, 62.99, 71
2026/09/21 16:38:08.661, 87, 10062, 16380, 63.66, 70
2026/09/21 16:38:09.661, 100, 10062, 16380, 62.85, 71
2026/09/21 16:38:10.662, 100, 10062, 16380, 63.64, 71
2026/09/21 16:38:11.662, 100, 10062, 16380, 63.26, 72
2026/09/21 16:38:12.662, 100, 10062, 16380, 63.51, 71
2026/09/21 16:38:13.663, 100, 10062, 16380, 63.41, 73
2026/09/21 16:38:14.663, 100, 10062, 16380, 63.85, 71
2026/09/21 16:38:15.663, 100, 10062, 16380, 63.12, 71
2026/09/21 16:38:16.664, 100, 10062, 16380, 63.91, 71
2026/09/21 16:38:17.664, 100, 10062, 16380, 64.41, 70
2026/09/21 16:38:18.664, 100, 10062, 16380, 63.72, 71
2026/09/21 16:38:19.665, 100, 10062, 16380, 63.87, 70
2026/09/21 16:38:20.665, 100, 10062, 16380, 63.19, 71
2026/09/21 16:38:21.665, 100, 10062, 16380, 63.60, 70
2026/09/21 16:38:22.666, 100, 10062, 16380, 63.95, 71
2026/09/21 16:38:23.666, 100, 10062, 16380, 63.87, 70
2026/09/21 16:38:24.667, 100, 10062, 16380, 63.76, 71
2026/09/21 16:38:25.667, 100, 10062, 16380, 64.15, 71
2026/09/21 16:38:26.667, 100, 10062, 16380, 63.43, 71
2026/09/21 16:38:27.668, 100, 10062, 16380, 64.47, 70
2026/09/21 16:38:28.668, 100, 10062, 16380, 63.15, 71
2026/09/21 16:38:29.668, 100, 10062, 16380, 63.76, 70
2026/09/21 16:38:30.669, 100, 10062, 16380, 63.60, 71
2026/09/21 16:38:31.669, 100, 10062, 16380, 63.36, 70
2026/09/21 16:38:32.669, 100, 10062, 16380, 65.28, 72
2026/09/21 16:38:33.670, 100, 10062, 16380, 63.29, 73
2026/09/21 16:38:34.670, 100, 10062, 16380, 63.59, 71
2026/09/21 16:38:35.670, 100, 10062, 16380, 64.11, 71
2026/09/21 16:38:36.670, 100, 10062, 16380, 64.25, 70
2026/09/21 16:38:37.671, 100, 10062, 16380, 64.83, 71
2026/09/21 16:38:38.672, 100, 10062, 16380, 64.17, 70
2026/09/21 16:38:39.672, 100, 10062, 16380, 63.68, 71
2026/09/21 16:38:40.672, 100, 10062, 16380, 64.15, 70
2026/09/21 16:38:41.673, 100, 10062, 16380, 63.41, 71
2026/09/21 16:38:42.673, 100, 10062, 16380, 63.38, 73
2026/09/21 16:38:43.673, 100, 10062, 16380, 63.78, 70
2026/09/21 16:38:44.673, 100, 10062, 16380, 63.96, 71
2026/09/21 16:38:45.674, 100, 10062, 16380, 62.99, 71
2026/09/21 16:38:46.674, 100, 10062, 16380, 63.60, 71
2026/09/21 16:38:47.674, 100, 10062, 16380, 64.09, 71
2026/09/21 16:38:48.675, 100, 10062, 16380, 64.41, 70
2026/09/21 16:38:49.675, 100, 10062, 16380, 64.28, 71
2026/09/21 16:38:50.675, 100, 10062, 16380, 64.16, 70
2026/09/21 16:38:51.676, 100, 10062, 16380, 64.10, 71
2026/09/21 16:38:52.676, 100, 10062, 16380, 63.87, 72
2026/09/21 16:38:53.676, 100, 10062, 16380, 62.50, 69
2026/09/21 16:38:54.677, 100, 10062, 16380, 63.43, 71
2026/09/21 16:38:55.677, 100, 10062, 16380, 64.07, 72
2026/09/21 16:38:56.678, 100, 10062, 16380, 62.06, 70
2026/09/21 16:38:57.678, 100, 10062, 16380, 64.07, 71
2026/09/21 16:38:58.678, 100, 10062, 16380, 63.81, 72
2026/09/21 16:38:59.679, 100, 10062, 16380, 62.79, 70
2026/09/21 16:39:00.679, 100, 10062, 16380, 64.11, 71
2026/09/21 16:39:01.679, 100, 10062, 16380, 63.81, 71
2026/09/21 16:39:02.680, 100, 10062, 16380, 63.95, 71
2026/09/21 16:39:03.680, 100, 10062, 16380, 63.89, 73
2026/09/21 16:39:04.680, 100, 10062, 16380, 63.32, 70
2026/09/21 16:39:05.680, 100, 10062, 16380, 64.43, 71
2026/09/21 16:39:06.681, 100, 10062, 16380, 62.92, 72
2026/09/21 16:39:07.681, 100, 10062, 16380, 64.19, 70
2026/09/21 16:39:08.682, 100, 10062, 16380, 63.71, 71
2026/09/21 16:39:09.682, 100, 10062, 16380, 63.06, 71
2026/09/21 16:39:10.682, 100, 10062, 16380, 64.40, 71
2026/09/21 16:39:11.682, 100, 10062, 16380, 63.81, 70
2026/09/21 16:39:12.683, 100, 10062, 16380, 63.72, 71
2026/09/21 16:39:13.683, 100, 10062, 16380, 63.49, 73
2026/09/21 16:39:14.683, 100, 10062, 16380, 64.20, 71
2026/09/21 16:39:15.684, 100, 10062, 16380, 62.83, 71
2026/09/21 16:39:16.684, 100, 10062, 16380, 64.58, 71
2026/09/21 16:39:17.684, 85, 10062, 16380, 64.03, 70
2026/09/21 16:39:18.685, 100, 10062, 16380, 63.75, 71
2026/09/21 16:39:19.685, 100, 10062, 16380, 62.89, 71
2026/09/21 16:39:20.685, 100, 10062, 16380, 63.81, 73
2026/09/21 16:39:21.686, 100, 10062, 16380, 64.39, 70
2026/09/21 16:39:22.686, 100, 10062, 16380, 63.90, 70
2026/09/21 16:39:23.687, 87, 10062, 16380, 63.09, 71
2026/09/21 16:39:24.687, 100, 10062, 16380, 63.50, 73
2026/09/21 16:39:25.687, 100, 10062, 16380, 64.37, 70
2026/09/21 16:39:26.687, 92, 10062, 16380, 63.99, 71
2026/09/21 16:39:27.688, 100, 10062, 16380, 63.80, 73
2026/09/21 16:39:28.688, 100, 10062, 16380, 64.30, 70
2026/09/21 16:39:29.688, 100, 10062, 16380, 63.38, 70
2026/09/21 16:39:30.689, 100, 10062, 16380, 63.71, 71
2026/09/21 16:39:31.689, 100, 10062, 16380, 62.58, 72
2026/09/21 16:39:32.689, 100, 10062, 16380, 63.27, 71
2026/09/21 16:39:33.689, 100, 10062, 16380, 64.74, 70
2026/09/21 16:39:34.690, 100, 10062, 16380, 64.10, 70
2026/09/21 16:39:35.690, 100, 10062, 16380, 63.61, 71
2026/09/21 16:39:36.690, 100, 10062, 16380, 62.49, 71
2026/09/21 16:39:37.691, 100, 10062, 16380, 63.09, 73
2026/09/21 16:39:38.691, 100, 10062, 16380, 65.60, 71
2026/09/21 16:39:39.691, 100, 10062, 16380, 63.40, 71
2026/09/21 16:39:40.692, 100, 10062, 16380, 62.88, 71
2026/09/21 16:39:41.692, 100, 10062, 16380, 63.26, 73
2026/09/21 16:39:42.692, 100, 10062, 16380, 64.23, 73
2026/09/21 16:39:43.692, 100, 10062, 16380, 64.62, 71
2026/09/21 16:39:44.693, 100, 10062, 16380, 64.06, 73
2026/09/21 16:39:45.693, 100, 10062, 16380, 63.72, 73
2026/09/21 16:39:46.693, 100, 10062, 16380, 63.76, 70
2026/09/21 16:39:47.694, 100, 10062, 16380, 62.64, 70
2026/09/21 16:39:48.694, 99, 10062, 16380, 62.87, 71
2026/09/21 16:39:49.694, 100, 10062, 16380, 64.20, 71
2026/09/21 16:39:50.695, 100, 10062, 16380, 65.17, 71
2026/09/21 16:39:51.695, 100, 10062, 16380, 63.45, 74
2026/09/21 16:39:52.695, 100, 10062, 16380, 63.76, 71
2026/09/21 16:39:53.696, 100, 10062, 16380, 63.24, 70
2026/09/21 16:39:54.696, 100, 10062, 16380, 62.77, 70
2026/09/21 16:39:55.696, 100, 10062, 16380, 63.69, 71
2026/09/21 16:39:56.697, 100, 10062, 16380, 64.78, 71
2026/09/21 16:39:57.697, 100, 10062, 16380, 64.90, 71
2026/09/21 16:39:58.697, 100, 10062, 16380, 64.39, 71
2026/09/21 16:39:59.698, 100, 10062, 16380, 64.30, 73
2026/09/21 16:40:00.698, 100, 10062, 16380, 64.06, 71
2026/09/21 16:40:01.698, 100, 10062, 16380, 63.29, 71
2026/09/21 16:40:02.699, 100, 10062, 16380, 63.40, 71
2026/09/21 16:40:03.699, 100, 10062, 16380, 63.74, 71
2026/09/21 16:40:04.699, 86, 10062, 16380, 62.00, 73
2026/09/21 16:40:05.699, 100, 10062, 16380, 63.73, 71
2026/09/21 16:40:06.700, 100, 10062, 16380, 63.44, 70
2026/09/21 16:40:07.700, 100, 10062, 16380, 62.16, 70
2026/09/21 16:40:08.701, 100, 10062, 16380, 63.02, 70
2026/09/21 16:40:09.701, 100, 10062, 16380, 62.69, 70
2026/09/21 16:40:10.701, 100, 10062, 16380, 62.84, 70
2026/09/21 16:40:11.702, 100, 10062, 16380, 63.94, 73
2026/09/21 16:40:12.702, 100, 10062, 16380, 63.78, 71
2026/09/21 16:40:13.702, 100, 10062, 16380, 62.99, 70
2026/09/21 16:40:14.703, 100, 10062, 16380, 63.09, 70
2026/09/21 16:40:15.703, 100, 10062, 16380, 63.10, 70
2026/09/21 16:40:16.703, 100, 10062, 16380, 63.53, 70
2026/09/21 16:40:17.703, 31, 10062, 16380, 60.82, 71
2026/09/21 16:40:18.704, 100, 10062, 16380, 65.09, 72
2026/09/21 16:40:19.704, 100, 10062, 16380, 64.20, 73
2026/09/21 16:40:20.705, 100, 10062, 16380, 65.01, 72
2026/09/21 16:40:21.705, 100, 10062, 16380, 62.92, 70
2026/09/21 16:40:22.705, 100, 10062, 16380, 61.99, 70
2026/09/21 16:40:23.706, 100, 10062, 16380, 62.41, 72
2026/09/21 16:40:24.706, 100, 10062, 16380, 64.40, 73
2026/09/21 16:40:25.706, 100, 10062, 16380, 65.11, 70
2026/09/21 16:40:26.707, 100, 10062, 16380, 65.19, 70
2026/09/21 16:40:27.707, 100, 10062, 16380, 64.58, 70
2026/09/21 16:40:28.707, 100, 10062, 16380, 64.36, 71
2026/09/21 16:40:29.709, 100, 10062, 16380, 64.30, 72
2026/09/21 16:40:30.709, 100, 10062, 16380, 61.01, 73
2026/09/21 16:40:31.709, 100, 10062, 16380, 64.53, 71
2026/09/21 16:40:32.710, 100, 10062, 16380, 64.87, 70
2026/09/21 16:40:33.710, 100, 10062, 16380, 65.05, 71
2026/09/21 16:40:34.710, 100, 10062, 16380, 65.07, 70
2026/09/21 16:40:35.710, 100, 10062, 16380, 64.21, 71
2026/09/21 16:40:36.711, 100, 10062, 16380, 63.75, 72
2026/09/21 16:40:37.711, 100, 10062, 16380, 63.07, 71
2026/09/21 16:40:38.711, 100, 10062, 16380, 62.51, 71
2026/09/21 16:40:39.712, 100, 10062, 16380, 63.13, 73
2026/09/21 16:40:40.712, 100, 10062, 16380, 64.32, 70
2026/09/21 16:40:41.712, 100, 10062, 16380, 64.23, 70
2026/09/21 16:40:42.713, 100, 10062, 16380, 64.15, 71
2026/09/21 16:40:43.713, 87, 10062, 16380, 62.38, 71
2026/09/21 16:40:44.714, 100, 10062, 16380, 62.70, 72
2026/09/21 16:40:45.714, 100, 10062, 16380, 63.44, 73
2026/09/21 16:40:46.714, 100, 10062, 16380, 63.18, 73
2026/09/21 16:40:47.715, 100, 10062, 16380, 64.97, 71
2026/09/21 16:40:48.715, 100, 10062, 16380, 65.16, 70
2026/09/21 16:40:49.715, 100, 10062, 16380, 64.57, 70
2026/09/21 16:40:50.715, 100, 10062, 16380, 63.79, 70
2026/09/21 16:40:51.716, 100, 10062, 16380, 64.67, 71
2026/09/21 16:40:52.716, 100, 10062, 16380, 64.15, 72
2026/09/21 16:40:53.716, 100, 10062, 16380, 63.33, 71
2026/09/21 16:40:54.717, 100, 10062, 16380, 62.77, 72
2026/09/21 16:40:55.718, 100, 10062, 16380, 63.55, 70
2026/09/21 16:40:56.718, 100, 10062, 16380, 64.48, 70
2026/09/21 16:40:57.718, 100, 10062, 16380, 65.18, 70
2026/09/21 16:40:58.718, 100, 10062, 16380, 65.02, 71
2026/09/21 16:40:59.719, 100, 10062, 16380, 64.56, 70
2026/09/21 16:41:00.719, 100, 10062, 16380, 64.40, 71
2026/09/21 16:41:01.719, 100, 10062, 16380, 64.28, 71
2026/09/21 16:41:02.720, 100, 10062, 16380, 63.81, 71
2026/09/21 16:41:03.720, 100, 10062, 16380, 63.19, 71
2026/09/21 16:41:04.720, 100, 10062, 16380, 62.67, 72
2026/09/21 16:41:05.721, 100, 10062, 16380, 63.02, 73
2026/09/21 16:41:06.722, 100, 10062, 16380, 64.05, 72
2026/09/21 16:41:07.722, 100, 10062, 16380, 65.01, 70
2026/09/21 16:41:08.722, 100, 10062, 16380, 64.58, 70
2026/09/21 16:41:09.723, 100, 10062, 16380, 64.24, 70
2026/09/21 16:41:10.723, 100, 10062, 16380, 64.20, 70
2026/09/21 16:41:11.723, 100, 10062, 16380, 63.80, 71
2026/09/21 16:41:12.724, 100, 10062, 16380, 62.86, 71
2026/09/21 16:41:13.724, 100, 10062, 16380, 63.26, 71
2026/09/21 16:41:14.724, 100, 10062, 16380, 62.61, 71
2026/09/21 16:41:15.724, 100, 10062, 16380, 62.52, 71
2026/09/21 16:41:16.725, 100, 10062, 16380, 63.05, 73
2026/09/21 16:41:17.725, 100, 10062, 16380, 63.84, 72
2026/09/21 16:41:18.726, 100, 10062, 16380, 64.92, 70
2026/09/21 16:41:19.726, 100, 10062, 16380, 64.86, 70
2026/09/21 16:41:20.726, 100, 10062, 16380, 64.20, 71
2026/09/21 16:41:21.727, 92, 10062, 16380, 64.30, 71
2026/09/21 16:41:22.727, 100, 10062, 16380, 63.49, 71
2026/09/21 16:41:23.727, 100, 10062, 16380, 62.89, 71
2026/09/21 16:41:24.728, 100, 10062, 16380, 62.00, 71
2026/09/21 16:41:25.728, 100, 10062, 16380, 63.16, 72
2026/09/21 16:41:26.728, 100, 10062, 16380, 63.32, 73
2026/09/21 16:41:27.729, 100, 10062, 16380, 64.31, 71
2026/09/21 16:41:28.729, 100, 10062, 16380, 64.96, 70
2026/09/21 16:41:29.729, 100, 10062, 16380, 64.75, 70
2026/09/21 16:41:30.730, 100, 10062, 16380, 64.28, 70
2026/09/21 16:41:31.730, 100, 10062, 16380, 64.21, 70
2026/09/21 16:41:32.730, 100, 10062, 16380, 63.99, 71
2026/09/21 16:41:33.731, 100, 10062, 16380, 63.28, 71
2026/09/21 16:41:34.731, 97, 10062, 16380, 62.62, 72
2026/09/21 16:41:35.731, 100, 10062, 16380, 63.50, 73
2026/09/21 16:41:36.732, 100, 10062, 16380, 64.14, 71
2026/09/21 16:41:37.732, 100, 10062, 16380, 64.41, 71
2026/09/21 16:41:38.732, 100, 10062, 16380, 65.25, 70
2026/09/21 16:41:39.733, 100, 10062, 16380, 64.73, 70
2026/09/21 16:41:40.733, 100, 10062, 16380, 64.47, 70
2026/09/21 16:41:41.733, 100, 10062, 16380, 64.31, 71
2026/09/21 16:41:42.734, 100, 10062, 16380, 63.84, 71
2026/09/21 16:41:43.734, 100, 10062, 16380, 63.28, 71
2026/09/21 16:41:44.735, 100, 10062, 16380, 62.86, 71
2026/09/21 16:41:45.735, 100, 10062, 16380, 62.71, 73
2026/09/21 16:41:46.735, 100, 10062, 16380, 63.78, 70
2026/09/21 16:41:47.736, 100, 10062, 16380, 64.91, 70
2026/09/21 16:41:48.736, 100, 10062, 16380, 64.90, 70
2026/09/21 16:41:49.736, 100, 10062, 16380, 64.45, 70
2026/09/21 16:41:50.737, 100, 10062, 16380, 63.96, 70
2026/09/21 16:41:51.737, 100, 10062, 16380, 64.35, 71
2026/09/21 16:41:52.737, 100, 10062, 16380, 64.19, 71
2026/09/21 16:41:53.738, 100, 10062, 16380, 64.12, 71
2026/09/21 16:41:54.738, 100, 10062, 16380, 63.57, 71
2026/09/21 16:41:55.738, 100, 10062, 16380, 62.67, 71
2026/09/21 16:41:56.739, 100, 10062, 16380, 62.77, 72
2026/09/21 16:41:57.739, 100, 10062, 16380, 63.48, 73
2026/09/21 16:41:58.740, 100, 10062, 16380, 64.54, 70
2026/09/21 16:41:59.740, 100, 10062, 16380, 64.40, 70
2026/09/21 16:42:00.740, 100, 10062, 16380, 64.01, 70
2026/09/21 16:42:01.741, 100, 10062, 16380, 64.17, 71
2026/09/21 16:42:02.741, 100, 10062, 16380, 63.91, 71
2026/09/21 16:42:03.741, 100, 10062, 16380, 62.77, 71
2026/09/21 16:42:04.742, 100, 10062, 16380, 63.01, 71
2026/09/21 16:42:05.742, 100, 10062, 16380, 62.64, 72
2026/09/21 16:42:06.742, 100, 10062, 16380, 63.02, 73
2026/09/21 16:42:07.742, 100, 10062, 16380, 63.95, 71
2026/09/21 16:42:08.743, 100, 10062, 16380, 65.11, 70
2026/09/21 16:42:09.743, 100, 10062, 16380, 64.82, 70
2026/09/21 16:42:10.744, 100, 10062, 16380, 64.64, 70
2026/09/21 16:42:11.744, 100, 10062, 16380, 64.07, 71
2026/09/21 16:42:12.744, 92, 10062, 16380, 63.76, 71
2026/09/21 16:42:13.744, 100, 10062, 16380, 62.95, 71
2026/09/21 16:42:14.745, 100, 10062, 16380, 62.46, 72
2026/09/21 16:42:15.745, 100, 10062, 16380, 62.35, 71
2026/09/21 16:42:16.745, 100, 10062, 16380, 63.11, 73
2026/09/21 16:42:17.746, 100, 10062, 16380, 63.62, 72
2026/09/21 16:42:18.746, 100, 10062, 16380, 64.94, 71
2026/09/21 16:42:19.747, 100, 10062, 16380, 65.12, 70
2026/09/21 16:42:20.747, 100, 10062, 16380, 64.68, 70
2026/09/21 16:42:21.747, 100, 10062, 16380, 64.44, 70
2026/09/21 16:42:22.747, 100, 10062, 16380, 64.17, 71
2026/09/21 16:42:23.748, 100, 10062, 16380, 63.76, 71
2026/09/21 16:42:24.748, 100, 10062, 16380, 63.03, 71
2026/09/21 16:42:25.748, 99, 10062, 16380, 62.49, 73
2026/09/21 16:42:26.749, 100, 10062, 16380, 63.71, 73
2026/09/21 16:42:27.749, 100, 10062, 16380, 64.96, 70
2026/09/21 16:42:28.749, 100, 10062, 16380, 63.88, 71
2026/09/21 16:42:29.750, 100, 10062, 16380, 64.88, 70
2026/09/21 16:42:30.750, 100, 10062, 16380, 64.75, 70
2026/09/21 16:42:31.751, 100, 10062, 16380, 62.99, 70
2026/09/21 16:42:32.751, 100, 10062, 16380, 63.29, 70
2026/09/21 16:42:33.751, 100, 10062, 16380, 63.69, 71
2026/09/21 16:42:34.752, 100, 10062, 16380, 64.86, 71
2026/09/21 16:42:35.752, 100, 10062, 16380, 64.91, 71
2026/09/21 16:42:36.752, 100, 10062, 16380, 64.37, 72
2026/09/21 16:42:37.753, 100, 10062, 16380, 64.29, 70
2026/09/21 16:42:38.753, 100, 10062, 16380, 63.92, 70
2026/09/21 16:42:39.753, 100, 10062, 16380, 62.97, 70
2026/09/21 16:42:40.754, 100, 10062, 16380, 62.45, 70
2026/09/21 16:42:41.754, 100, 10062, 16380, 62.50, 70
2026/09/21 16:42:42.755, 100, 10062, 16380, 62.79, 70
2026/09/21 16:42:43.755, 100, 10062, 16380, 63.55, 71
2026/09/21 16:42:44.755, 100, 10062, 16380, 64.42, 71
2026/09/21 16:42:45.756, 100, 10062, 16380, 64.84, 71
2026/09/21 16:42:46.756, 100, 10062, 16380, 65.20, 71
2026/09/21 16:42:47.756, 100, 10062, 16380, 64.63, 71
2026/09/21 16:42:48.757, 100, 10062, 16380, 64.42, 73
2026/09/21 16:42:49.757, 100, 10062, 16380, 64.30, 71
2026/09/21 16:42:50.757, 100, 10062, 16380, 63.20, 70
2026/09/21 16:42:51.758, 100, 10062, 16380, 63.24, 70
2026/09/21 16:42:52.758, 100, 10062, 16380, 63.04, 71
2026/09/21 16:42:53.758, 100, 10062, 16380, 64.04, 69
2026/09/21 16:42:54.759, 100, 10062, 16380, 63.43, 70
2026/09/21 16:42:55.761, 100, 10062, 16380, 64.33, 71
2026/09/21 16:42:56.761, 100, 10062, 16380, 64.85, 71
2026/09/21 16:42:57.762, 100, 10062, 16380, 65.21, 71
2026/09/21 16:42:58.762, 100, 10062, 16380, 64.19, 72
2026/09/21 16:42:59.762, 100, 10062, 16380, 64.32, 73
2026/09/21 16:43:00.762, 100, 10062, 16380, 63.96, 72
2026/09/21 16:43:01.763, 100, 10062, 16380, 63.83, 70
2026/09/21 16:43:02.763, 100, 10062, 16380, 62.74, 70
2026/09/21 16:43:03.763, 89, 10062, 16380, 62.43, 70
2026/09/21 16:43:04.764, 100, 10062, 16380, 63.26, 70
2026/09/21 16:43:05.764, 100, 10062, 16380, 63.80, 71
2026/09/21 16:43:06.765, 100, 10062, 16380, 63.51, 71
2026/09/21 16:43:07.765, 100, 10062, 16380, 65.00, 71
2026/09/21 16:43:08.765, 100, 10062, 16380, 65.01, 71
2026/09/21 16:43:09.766, 100, 10062, 16380, 64.47, 71
2026/09/21 16:43:10.766, 100, 10062, 16380, 64.52, 73
2026/09/21 16:43:11.766, 100, 10062, 16380, 64.25, 73
2026/09/21 16:43:12.767, 100, 10062, 16380, 63.79, 71
2026/09/21 16:43:13.767, 100, 10062, 16380, 63.50, 70
2026/09/21 16:43:14.767, 100, 10062, 16380, 62.52, 70
2026/09/21 16:43:15.768, 100, 10062, 16380, 62.89, 71
2026/09/21 16:43:16.768, 100, 10062, 16380, 63.96, 71
2026/09/21 16:43:17.768, 100, 10062, 16380, 64.76, 71
2026/09/21 16:43:18.769, 100, 10062, 16380, 64.98, 71
2026/09/21 16:43:19.770, 100, 10062, 16380, 64.37, 71
2026/09/21 16:43:20.770, 100, 10062, 16380, 64.80, 72
2026/09/21 16:43:21.770, 100, 10062, 16380, 64.39, 73
2026/09/21 16:43:22.771, 100, 10062, 16380, 64.26, 73
2026/09/21 16:43:23.771, 100, 10062, 16380, 64.04, 72
2026/09/21 16:43:24.771, 100, 10062, 16380, 63.69, 70
2026/09/21 16:43:25.772, 100, 10062, 16380, 62.89, 70
2026/09/21 16:43:26.772, 100, 10062, 16380, 62.63, 70
2026/09/21 16:43:27.772, 100, 10062, 16380, 63.14, 70
2026/09/21 16:43:28.772, 100, 10062, 16380, 64.48, 70
2026/09/21 16:43:29.773, 100, 10062, 16380, 66.21, 70
2026/09/21 16:43:30.773, 100, 10062, 16380, 63.37, 71
2026/09/21 16:43:31.774, 100, 10062, 16380, 64.26, 71
2026/09/21 16:43:32.774, 100, 10062, 16380, 64.96, 71
2026/09/21 16:43:33.775, 100, 10062, 16380, 65.10, 71
2026/09/21 16:43:34.775, 100, 10062, 16380, 64.73, 71
2026/09/21 16:43:35.775, 100, 10062, 16380, 64.55, 73
2026/09/21 16:43:36.775, 100, 10062, 16380, 64.36, 73
2026/09/21 16:43:37.776, 100, 10062, 16380, 64.16, 71
2026/09/21 16:43:38.776, 100, 10062, 16380, 63.38, 70
2026/09/21 16:43:39.776, 100, 10062, 16380, 63.31, 71
2026/09/21 16:43:40.777, 100, 10062, 16380, 63.07, 70
2026/09/21 16:43:41.777, 100, 10062, 16380, 59.73, 71
2026/09/21 16:43:42.777, 100, 10062, 16380, 64.64, 71
2026/09/21 16:43:43.778, 100, 10062, 16380, 65.29, 71
2026/09/21 16:43:44.778, 100, 10062, 16380, 64.49, 72
2026/09/21 16:43:45.778, 100, 10062, 16380, 64.53, 70
2026/09/21 16:43:46.779, 100, 10062, 16380, 64.66, 70
2026/09/21 16:43:47.779, 100, 10062, 16380, 64.33, 70
2026/09/21 16:43:48.779, 100, 10062, 16380, 64.14, 70
2026/09/21 16:43:49.780, 100, 10062, 16380, 64.65, 70
2026/09/21 16:43:50.780, 100, 10062, 16380, 64.59, 70
2026/09/21 16:43:51.780, 85, 10062, 16380, 64.24, 70
2026/09/21 16:43:52.781, 100, 10062, 16380, 64.30, 71
2026/09/21 16:43:53.781, 100, 10062, 16380, 64.33, 71
2026/09/21 16:43:54.781, 100, 10062, 16380, 59.51, 70
2026/09/21 16:43:55.782, 100, 10062, 16380, 64.26, 71
2026/09/21 16:43:56.782, 100, 10062, 16380, 63.10, 72
2026/09/21 16:43:57.783, 100, 10062, 16380, 63.13, 73
2026/09/21 16:43:58.784, 99, 10062, 16380, 63.60, 71
2026/09/21 16:43:59.785, 100, 10062, 16380, 63.09, 72
2026/09/21 16:44:00.785, 100, 10062, 16380, 63.75, 73
2026/09/21 16:44:01.785, 100, 10062, 16380, 62.79, 72
2026/09/21 16:44:02.786, 100, 10062, 16380, 63.32, 72
2026/09/21 16:44:03.786, 100, 10062, 16380, 63.78, 73
2026/09/21 16:44:04.787, 100, 10062, 16380, 63.42, 73
2026/09/21 16:44:05.787, 100, 10062, 16380, 64.49, 71
2026/09/21 16:44:06.787, 100, 10062, 16380, 64.78, 70
2026/09/21 16:44:07.788, 100, 10062, 16380, 64.37, 69
2026/09/21 16:44:08.788, 100, 10062, 16380, 64.92, 70
2026/09/21 16:44:09.788, 100, 10062, 16380, 65.59, 70
2026/09/21 16:44:10.789, 100, 10062, 16380, 65.50, 70
2026/09/21 16:44:11.789, 100, 10062, 16380, 64.80, 70
2026/09/21 16:44:12.790, 100, 10062, 16380, 65.49, 70
2026/09/21 16:44:13.790, 100, 10062, 16380, 66.02, 70
2026/09/21 16:44:14.790, 100, 10062, 16380, 63.92, 72
2026/09/21 16:44:15.791, 100, 10062, 16380, 65.36, 72
2026/09/21 16:44:16.791, 100, 10062, 16380, 65.27, 72
2026/09/21 16:44:17.791, 100, 10062, 16380, 63.48, 73
2026/09/21 16:44:18.792, 100, 10062, 16380, 64.50, 72
2026/09/21 16:44:19.792, 100, 10062, 16380, 63.51, 71
2026/09/21 16:44:20.792, 100, 10062, 16380, 63.43, 70
2026/09/21 16:44:21.793, 100, 10062, 16380, 63.09, 71
2026/09/21 16:44:22.793, 100, 10062, 16380, 64.06, 71
2026/09/21 16:44:23.794, 100, 10062, 16380, 62.78, 72
2026/09/21 16:44:24.794, 85, 10062, 16380, 64.03, 71
2026/09/21 16:44:25.794, 100, 10062, 16380, 64.25, 71
2026/09/21 16:44:26.795, 100, 10062, 16380, 64.38, 70
2026/09/21 16:44:27.795, 100, 10062, 16380, 64.88, 70
2026/09/21 16:44:28.795, 100, 10062, 16380, 65.45, 70
2026/09/21 16:44:29.796, 100, 10062, 16380, 66.05, 70
2026/09/21 16:44:30.796, 100, 10062, 16380, 64.81, 71
2026/09/21 16:44:31.796, 100, 10062, 16380, 64.11, 73
2026/09/21 16:44:32.796, 100, 10062, 16380, 65.60, 72
2026/09/21 16:44:33.797, 100, 10062, 16380, 63.53, 73
2026/09/21 16:44:34.797, 97, 10062, 16380, 64.02, 71
2026/09/21 16:44:35.798, 100, 10062, 16380, 62.58, 71
2026/09/21 16:44:36.798, 100, 10062, 16380, 64.40, 71
2026/09/21 16:44:37.798, 100, 10062, 16380, 63.69, 71
2026/09/21 16:44:38.799, 100, 10062, 16380, 64.79, 70
2026/09/21 16:44:39.799, 100, 10062, 16380, 65.96, 70
2026/09/21 16:44:40.799, 100, 10062, 16380, 65.29, 72
2026/09/21 16:44:41.800, 100, 10062, 16380, 63.40, 73
2026/09/21 16:44:42.800, 100, 10062, 16380, 64.46, 71
2026/09/21 16:44:43.801, 100, 10062, 16380, 63.54, 71
2026/09/21 16:44:44.801, 100, 10062, 16380, 62.74, 71
2026/09/21 16:44:45.801, 100, 10062, 16380, 65.79, 70
2026/09/21 16:44:46.802, 100, 10062, 16380, 65.37, 71
2026/09/21 16:44:47.802, 100, 10062, 16380, 63.30, 71
2026/09/21 16:44:48.802, 100, 10062, 16380, 64.11, 71
2026/09/21 16:44:49.803, 100, 10062, 16380, 64.93, 70
2026/09/21 16:44:50.803, 100, 10062, 16380, 65.71, 70
2026/09/21 16:44:51.803, 100, 10062, 16380, 63.35, 73
2026/09/21 16:44:52.804, 100, 10062, 16380, 65.06, 71
2026/09/21 16:44:53.804, 100, 10062, 16380, 63.44, 71
2026/09/21 16:44:54.804, 84, 10062, 16380, 63.02, 70
2026/09/21 16:44:55.805, 100, 10062, 16380, 65.27, 70
2026/09/21 16:44:56.805, 100, 10062, 16380, 65.23, 71
2026/09/21 16:44:57.805, 100, 10062, 16380, 64.00, 72
2026/09/21 16:44:58.806, 100, 10062, 16380, 64.28, 71
2026/09/21 16:44:59.806, 100, 10062, 16380, 63.20, 71
2026/09/21 16:45:00.806, 100, 10062, 16380, 63.69, 70
2026/09/21 16:45:01.807, 100, 10062, 16380, 64.94, 70
2026/09/21 16:45:02.807, 100, 10062, 16380, 64.44, 73
2026/09/21 16:45:03.828, 100, 10062, 16380, 64.02, 71
2026/09/21 16:45:04.845, 83, 10062, 16380, 63.37, 71
2026/09/21 16:45:05.845, 100, 10062, 16380, 64.67, 71
2026/09/21 16:45:06.846, 100, 10062, 16380, 65.77, 70
2026/09/21 16:45:07.847, 100, 10062, 16380, 63.96, 71
2026/09/21 16:45:08.848, 100, 10062, 16380, 64.36, 71
2026/09/21 16:45:09.848, 100, 10062, 16380, 63.59, 71
2026/09/21 16:45:10.848, 100, 10062, 16380, 65.14, 70
2026/09/21 16:45:11.849, 100, 10062, 16380, 64.56, 71
2026/09/21 16:45:12.849, 100, 10062, 16380, 64.00, 72
2026/09/21 16:45:13.849, 100, 10062, 16380, 63.68, 71
2026/09/21 16:45:14.850, 90, 10062, 16380, 64.36, 70
2026/09/21 16:45:15.850, 100, 10062, 16380, 64.87, 71
2026/09/21 16:45:16.850, 100, 10062, 16380, 63.96, 70
2026/09/21 16:45:17.851, 100, 10062, 16380, 63.66, 70
2026/09/21 16:45:18.851, 100, 10062, 16380, 63.29, 73
2026/09/21 16:45:19.851, 100, 10062, 16380, 65.36, 71
2026/09/21 16:45:20.852, 100, 10062, 16380, 64.55, 70
2026/09/21 16:45:21.852, 84, 10062, 16380, 63.57, 70
2026/09/21 16:45:22.852, 100, 10062, 16380, 64.07, 73
2026/09/21 16:45:23.853, 100, 10062, 16380, 65.58, 71
2026/09/21 16:45:24.853, 100, 10062, 16380, 64.00, 71
2026/09/21 16:45:25.853, 100, 10062, 16380, 64.21, 70
2026/09/21 16:45:26.854, 100, 10062, 16380, 63.69, 72
2026/09/21 16:45:27.854, 100, 10062, 16380, 65.53, 71
2026/09/21 16:45:28.855, 100, 10062, 16380, 63.93, 70
2026/09/21 16:45:29.855, 100, 10062, 16380, 63.62, 70
2026/09/21 16:45:30.855, 100, 10062, 16380, 64.22, 72
2026/09/21 16:45:31.856, 100, 10062, 16380, 64.37, 71
2026/09/21 16:45:32.856, 100, 10062, 16380, 64.57, 70
2026/09/21 16:45:33.856, 100, 10062, 16380, 63.45, 72
2026/09/21 16:45:34.857, 100, 10062, 16380, 65.22, 71
2026/09/21 16:45:35.857, 100, 10062, 16380, 63.99, 70
2026/09/21 16:45:36.858, 100, 10062, 16380, 64.00, 70
2026/09/21 16:45:37.858, 100, 10062, 16380, 64.15, 72
2026/09/21 16:45:38.858, 100, 10062, 16380, 65.90, 71
2026/09/21 16:45:39.859, 100, 10062, 16380, 64.63, 70
2026/09/21 16:45:40.859, 100, 10062, 16380, 63.87, 72
2026/09/21 16:45:41.859, 100, 10062, 16380, 65.22, 71
2026/09/21 16:45:42.860, 100, 10062, 16380, 64.07, 70
2026/09/21 16:45:43.860, 100, 10062, 16380, 64.68, 72
2026/09/21 16:45:44.860, 100, 10062, 16380, 64.84, 71
2026/09/21 16:45:45.861, 100, 10062, 16380, 63.65, 68
2026/09/21 16:45:46.861, 100, 10062, 16380, 64.49, 72
2026/09/21 16:45:47.861, 100, 10062, 16380, 64.95, 71
2026/09/21 16:45:48.862, 100, 10062, 16380, 64.24, 70
2026/09/21 16:45:49.862, 100, 10062, 16380, 63.66, 72
2026/09/21 16:45:50.862, 100, 10062, 16380, 65.03, 71
2026/09/21 16:45:51.863, 100, 10062, 16380, 64.35, 70
2026/09/21 16:45:52.863, 84, 10062, 16380, 63.80, 72
2026/09/21 16:45:53.863, 100, 10062, 16380, 65.12, 71
2026/09/21 16:45:54.864, 100, 10062, 16380, 64.48, 70
2026/09/21 16:45:55.864, 100, 10062, 16380, 63.30, 72
2026/09/21 16:45:56.864, 100, 10062, 16380, 64.29, 71
2026/09/21 16:45:57.865, 100, 10062, 16380, 64.26, 70
2026/09/21 16:45:58.865, 100, 10062, 16380, 63.99, 73
2026/09/21 16:45:59.865, 100, 10062, 16380, 64.54, 71
2026/09/21 16:46:00.866, 100, 10062, 16380, 64.39, 70
2026/09/21 16:46:01.867, 100, 10062, 16380, 63.68, 73
2026/09/21 16:46:02.867, 100, 10062, 16380, 64.88, 71
2026/09/21 16:46:03.867, 100, 10062, 16380, 64.00, 70
2026/09/21 16:46:04.868, 100, 10062, 16380, 64.34, 72
2026/09/21 16:46:05.868, 100, 10062, 16380, 64.60, 71
2026/09/21 16:46:06.868, 83, 10062, 16380, 64.01, 71
2026/09/21 16:46:07.869, 100, 10062, 16380, 65.18, 71
2026/09/21 16:46:08.869, 100, 10062, 16380, 64.41, 70
2026/09/21 16:46:09.869, 100, 10062, 16380, 63.83, 72
2026/09/21 16:46:10.870, 100, 10062, 16380, 64.11, 71
2026/09/21 16:46:11.870, 100, 10062, 16380, 64.12, 70
2026/09/21 16:46:12.870, 100, 10062, 16380, 64.85, 71
2026/09/21 16:46:13.871, 100, 10062, 16380, 64.14, 70
2026/09/21 16:46:14.871, 100, 10062, 16380, 64.09, 73
2026/09/21 16:46:15.872, 100, 10062, 16380, 64.82, 71
2026/09/21 16:46:16.872, 100, 10062, 16380, 64.30, 70
2026/09/21 16:46:17.872, 100, 10062, 16380, 63.55, 71
2026/09/21 16:46:18.873, 100, 10062, 16380, 64.48, 70
2026/09/21 16:46:19.873, 100, 10062, 16380, 64.10, 72
2026/09/21 16:46:20.873, 100, 10062, 16380, 63.51, 70
2026/09/21 16:46:21.874, 100, 10062, 16380, 64.35, 70
2026/09/21 16:46:22.874, 100, 10062, 16380, 65.46, 71
2026/09/21 16:46:23.874, 100, 10062, 16380, 64.52, 70
2026/09/21 16:46:24.875, 100, 10062, 16380, 64.38, 72
2026/09/21 16:46:25.875, 100, 10062, 16380, 64.92, 71
2026/09/21 16:46:26.875, 100, 10062, 16380, 64.10, 71
2026/09/21 16:46:27.876, 100, 10062, 16380, 64.18, 71
2026/09/21 16:46:28.876, 100, 10062, 16380, 64.59, 70
2026/09/21 16:46:29.877, 100, 10062, 16380, 64.30, 71
2026/09/21 16:46:30.877, 100, 10062, 16380, 64.62, 70
2026/09/21 16:46:31.877, 100, 10062, 16380, 64.72, 72
2026/09/21 16:46:32.878, 100, 10062, 16380, 65.17, 70
2026/09/21 16:46:33.878, 100, 10062, 16380, 64.64, 71
2026/09/21 16:46:34.878, 100, 10062, 16380, 63.54, 71
2026/09/21 16:46:35.879, 100, 10062, 16380, 64.94, 72
2026/09/21 16:46:36.879, 100, 10062, 16380, 65.08, 71
2026/09/21 16:46:37.879, 100, 10062, 16380, 64.95, 72
2026/09/21 16:46:38.880, 100, 10062, 16380, 64.13, 71
2026/09/21 16:46:39.880, 100, 10062, 16380, 64.61, 73
2026/09/21 16:46:40.880, 100, 10062, 16380, 64.57, 71
2026/09/21 16:46:41.881, 100, 10062, 16380, 64.25, 71
2026/09/21 16:46:42.881, 100, 10062, 16380, 63.27, 71
2026/09/21 16:46:43.881, 100, 10062, 16380, 65.07, 70
2026/09/21 16:46:44.882, 100, 10062, 16380, 64.72, 71
2026/09/21 16:46:45.882, 100, 10062, 16380, 63.75, 68
2026/09/21 16:46:46.882, 100, 10062, 16380, 64.20, 71
2026/09/21 16:46:47.882, 100, 10062, 16380, 64.38, 70
2026/09/21 16:46:48.883, 100, 10062, 16380, 64.16, 71
2026/09/21 16:46:49.883, 100, 10062, 16380, 64.16, 70
2026/09/21 16:46:50.883, 100, 10062, 16380, 65.06, 71
2026/09/21 16:46:51.884, 100, 10062, 16380, 64.72, 70
2026/09/21 16:46:52.884, 100, 10062, 16380, 63.48, 73
2026/09/21 16:46:53.885, 100, 10062, 16380, 64.03, 70
2026/09/21 16:46:54.885, 100, 10062, 16380, 64.82, 72
2026/09/21 16:46:55.885, 100, 10062, 16380, 64.60, 71
2026/09/21 16:46:56.886, 82, 10062, 16380, 64.44, 71
2026/09/21 16:46:57.886, 100, 10062, 16380, 64.30, 70
2026/09/21 16:46:58.886, 100, 10062, 16380, 64.76, 72
2026/09/21 16:46:59.888, 100, 10062, 16380, 64.95, 71
2026/09/21 16:47:00.888, 100, 10062, 16380, 63.35, 71
2026/09/21 16:47:01.888, 100, 10062, 16380, 64.77, 70
2026/09/21 16:47:02.889, 100, 10062, 16380, 64.52, 71
2026/09/21 16:47:03.889, 100, 10062, 16380, 65.83, 70
2026/09/21 16:47:04.890, 31, 10062, 16380, 62.95, 69
2026/09/21 16:47:05.890, 100, 10062, 16380, 64.54, 70
2026/09/21 16:47:06.890, 100, 10062, 16380, 64.22, 71
2026/09/21 16:47:07.891, 100, 10062, 16380, 64.50, 70
2026/09/21 16:47:08.891, 100, 10062, 16380, 59.45, 69
2026/09/21 16:47:09.891, 96, 10062, 16380, 65.68, 70
2026/09/21 16:47:10.892, 100, 10062, 16380, 66.32, 70
2026/09/21 16:47:11.892, 95, 10062, 16380, 66.14, 70
2026/09/21 16:47:12.893, 100, 10062, 16380, 66.26, 70
2026/09/21 16:47:13.893, 96, 10062, 16380, 66.36, 70
2026/09/21 16:47:14.893, 100, 10062, 16380, 66.36, 70
2026/09/21 16:47:15.894, 96, 10062, 16380, 66.37, 70
2026/09/21 16:47:16.894, 100, 10062, 16380, 66.38, 70
2026/09/21 16:47:17.894, 96, 10062, 16380, 65.90, 70
2026/09/21 16:47:18.895, 100, 10062, 16380, 66.12, 70
2026/09/21 16:47:19.895, 96, 10062, 16380, 66.41, 70
2026/09/21 16:47:20.895, 100, 10062, 16380, 66.35, 70
2026/09/21 16:47:21.896, 96, 10062, 16380, 66.32, 71
2026/09/21 16:47:22.896, 100, 10062, 16380, 66.28, 71
2026/09/21 16:47:23.896, 96, 10062, 16380, 66.33, 70
2026/09/21 16:47:24.897, 100, 10062, 16380, 66.36, 71
2026/09/21 16:47:25.897, 100, 10062, 16380, 66.34, 70
2026/09/21 16:47:26.898, 96, 10062, 16380, 66.32, 71
2026/09/21 16:47:27.898, 100, 10062, 16380, 66.39, 70
2026/09/21 16:47:28.898, 96, 10062, 16380, 66.39, 71
2026/09/21 16:47:29.899, 100, 10062, 16380, 66.37, 70
2026/09/21 16:47:30.899, 96, 10062, 16380, 66.41, 71
2026/09/21 16:47:31.899, 100, 10062, 16380, 66.25, 71
2026/09/21 16:47:32.900, 100, 10062, 16380, 66.07, 71
2026/09/21 16:47:33.900, 96, 10062, 16380, 66.31, 71
2026/09/21 16:47:34.900, 100, 10062, 16380, 66.32, 71
2026/09/21 16:47:35.901, 96, 10062, 16380, 66.47, 71
2026/09/21 16:47:36.901, 100, 10062, 16380, 66.36, 71
2026/09/21 16:47:37.902, 96, 10062, 16380, 66.35, 71
2026/09/21 16:47:38.902, 100, 10062, 16380, 66.28, 71
2026/09/21 16:47:39.902, 96, 10062, 16380, 66.34, 71
2026/09/21 16:47:40.903, 100, 10062, 16380, 66.34, 71
2026/09/21 16:47:41.903, 96, 10062, 16380, 66.34, 71
2026/09/21 16:47:42.903, 100, 10062, 16380, 66.38, 70
2026/09/21 16:47:43.904, 96, 10062, 16380, 66.31, 71
2026/09/21 16:47:44.904, 100, 10062, 16380, 66.33, 70
2026/09/21 16:47:45.904, 96, 10062, 16380, 66.19, 71
2026/09/21 16:47:46.905, 100, 10062, 16380, 65.82, 70
2026/09/21 16:47:47.905, 96, 10062, 16380, 66.27, 71
2026/09/21 16:47:48.905, 100, 10062, 16380, 66.29, 71
2026/09/21 16:47:49.906, 100, 10062, 16380, 66.32, 71
2026/09/21 16:47:50.906, 98, 10062, 16380, 66.42, 71
2026/09/21 16:47:51.906, 100, 10062, 16380, 66.35, 71
2026/09/21 16:47:52.906, 96, 10062, 16380, 66.32, 71
2026/09/21 16:47:53.907, 100, 10062, 16380, 66.28, 71
2026/09/21 16:47:54.907, 96, 10062, 16380, 66.24, 71
2026/09/21 16:47:55.907, 100, 10062, 16380, 66.25, 71
2026/09/21 16:47:56.908, 96, 10062, 16380, 66.31, 71
2026/09/21 16:47:57.908, 100, 10062, 16380, 66.32, 71
2026/09/21 16:47:58.908, 96, 10062, 16380, 66.43, 71
2026/09/21 16:47:59.909, 100, 10062, 16380, 66.37, 71
2026/09/21 16:48:00.909, 96, 10062, 16380, 66.01, 71
2026/09/21 16:48:01.909, 100, 10062, 16380, 66.25, 71
2026/09/21 16:48:02.910, 96, 10062, 16380, 66.47, 71
2026/09/21 16:48:03.911, 100, 10062, 16380, 66.30, 71
2026/09/21 16:48:04.911, 96, 10062, 16380, 66.37, 71
2026/09/21 16:48:05.912, 100, 10062, 16380, 66.34, 71
2026/09/21 16:48:06.912, 96, 10062, 16380, 66.31, 71
2026/09/21 16:48:07.912, 100, 10062, 16380, 66.44, 71
2026/09/21 16:48:08.913, 96, 10062, 16380, 66.47, 71
2026/09/21 16:48:09.913, 100, 10062, 16380, 66.52, 71
2026/09/21 16:48:10.913, 96, 10062, 16380, 66.53, 71
2026/09/21 16:48:11.914, 100, 10062, 16380, 66.52, 71
2026/09/21 16:48:12.914, 96, 10062, 16380, 66.51, 71
2026/09/21 16:48:13.914, 100, 10062, 16380, 66.53, 70
2026/09/21 16:48:14.915, 89, 10062, 16380, 66.04, 71
2026/09/21 16:48:15.915, 100, 10062, 16380, 66.52, 71
2026/09/21 16:48:16.915, 96, 10062, 16380, 66.46, 71
2026/09/21 16:48:17.916, 100, 10062, 16380, 66.47, 71
2026/09/21 16:48:18.916, 96, 10062, 16380, 66.47, 71
2026/09/21 16:48:19.917, 100, 10062, 16380, 66.49, 70
2026/09/21 16:48:20.917, 96, 10062, 16380, 66.43, 71
2026/09/21 16:48:21.917, 100, 10062, 16380, 66.45, 71
2026/09/21 16:48:22.918, 97, 10062, 16380, 66.51, 71
2026/09/21 16:48:23.918, 100, 10062, 16380, 66.44, 71
2026/09/21 16:48:24.918, 100, 10062, 16380, 66.44, 71
2026/09/21 16:48:25.918, 99, 10062, 16380, 66.53, 71
2026/09/21 16:48:26.919, 100, 10062, 16380, 66.49, 71
2026/09/21 16:48:27.919, 96, 10062, 16380, 66.47, 71
2026/09/21 16:48:28.919, 100, 10062, 16380, 65.97, 71
2026/09/21 16:48:29.920, 100, 10062, 16380, 66.50, 71
2026/09/21 16:48:30.920, 100, 10062, 16380, 66.48, 71
2026/09/21 16:48:31.920, 98, 10062, 16380, 66.47, 71
2026/09/21 16:48:32.921, 100, 10062, 16380, 66.56, 71
2026/09/21 16:48:33.921, 96, 10062, 16380, 66.49, 71
2026/09/21 16:48:34.921, 100, 10062, 16380, 66.40, 71
2026/09/21 16:48:35.922, 96, 10062, 16380, 66.40, 71
2026/09/21 16:48:36.922, 100, 10062, 16380, 66.44, 71
2026/09/21 16:48:37.923, 96, 10062, 16380, 66.48, 71
2026/09/21 16:48:38.923, 100, 10062, 16380, 66.51, 71
2026/09/21 16:48:39.923, 96, 10062, 16380, 66.47, 71
2026/09/21 16:48:40.924, 100, 10062, 16380, 66.48, 71
2026/09/21 16:48:41.924, 96, 10062, 16380, 66.49, 71
2026/09/21 16:48:42.924, 100, 10062, 16380, 66.02, 71
2026/09/21 16:48:43.925, 96, 10062, 16380, 66.13, 71
2026/09/21 16:48:44.925, 100, 10062, 16380, 66.44, 71
2026/09/21 16:48:45.925, 96, 10062, 16380, 66.46, 71
2026/09/21 16:48:46.926, 100, 10062, 16380, 66.48, 71
2026/09/21 16:48:47.926, 96, 10062, 16380, 66.46, 71
2026/09/21 16:48:48.926, 100, 10062, 16380, 66.51, 71
2026/09/21 16:48:49.927, 96, 10062, 16380, 66.51, 71
2026/09/21 16:48:50.927, 100, 10062, 16380, 66.52, 71
2026/09/21 16:48:51.927, 92, 10062, 16380, 66.33, 71
2026/09/21 16:48:52.928, 97, 10062, 16380, 67.80, 71
2026/09/21 16:48:53.928, 97, 10062, 16380, 67.78, 71
2026/09/21 16:48:54.928, 97, 10062, 16380, 68.35, 73
2026/09/21 16:48:55.929, 100, 10062, 16380, 69.11, 72
2026/09/21 16:48:56.929, 98, 10062, 16380, 68.80, 72
2026/09/21 16:48:57.929, 99, 10062, 16380, 68.74, 72
2026/09/21 16:48:58.930, 99, 10062, 16380, 61.94, 73
2026/09/21 16:48:59.930, 17, 10062, 16380, 23.20, 64
2026/09/21 16:49:00.930, 19, 10062, 16380, 22.50, 62
2026/09/21 16:49:01.931, 19, 10062, 16380, 20.04, 61
2026/09/21 16:49:02.931, 19, 10062, 16380, 19.93, 61
2026/09/21 16:49:03.931, 19, 10062, 16380, 19.93, 60
2026/09/21 16:49:04.932, 20, 10062, 16380, 19.83, 60
2026/09/21 16:49:05.932, 20, 10062, 16380, 19.71, 59
2026/09/21 16:49:06.932, 40, 10062, 16380, 35.18, 64
2026/09/21 16:49:07.933, 100, 10062, 16380, 62.66, 69
2026/09/21 16:49:08.933, 100, 10062, 16380, 62.10, 71
2026/09/21 16:49:09.933, 100, 10062, 16380, 62.70, 69
2026/09/21 16:49:10.934, 100, 10062, 16380, 63.18, 69
2026/09/21 16:49:11.934, 100, 10062, 16380, 63.18, 70
2026/09/21 16:49:12.934, 100, 10062, 16380, 62.88, 69
2026/09/21 16:49:13.935, 100, 10062, 16380, 62.97, 69
2026/09/21 16:49:14.935, 100, 10062, 16380, 62.67, 69
2026/09/21 16:49:15.936, 100, 10062, 16380, 62.55, 70
2026/09/21 16:49:16.936, 100, 10062, 16380, 62.20, 72
2026/09/21 16:49:17.936, 100, 10062, 16380, 62.54, 70
2026/09/21 16:49:18.937, 100, 10062, 16380, 63.18, 70
2026/09/21 16:49:19.937, 100, 10062, 16380, 63.77, 71
2026/09/21 16:49:20.937, 100, 10062, 16380, 63.74, 70
2026/09/21 16:49:21.938, 100, 10062, 16380, 64.29, 70
2026/09/21 16:49:22.938, 100, 10062, 16380, 64.22, 69
2026/09/21 16:49:23.938, 100, 10062, 16380, 62.70, 69
2026/09/21 16:49:24.939, 100, 10062, 16380, 62.80, 70
2026/09/21 16:49:25.939, 100, 10062, 16380, 62.63, 72
2026/09/21 16:49:26.939, 100, 10062, 16380, 62.22, 71
2026/09/21 16:49:27.940, 100, 10062, 16380, 62.82, 70
2026/09/21 16:49:28.941, 100, 10062, 16380, 63.64, 70
2026/09/21 16:49:29.941, 100, 10062, 16380, 63.75, 70
2026/09/21 16:49:30.941, 100, 10062, 16380, 64.11, 70
2026/09/21 16:49:31.942, 100, 10062, 16380, 63.57, 70
2026/09/21 16:49:32.942, 100, 10062, 16380, 63.53, 70
2026/09/21 16:49:33.942, 100, 10062, 16380, 62.21, 70
2026/09/21 16:49:34.943, 100, 10062, 16380, 62.47, 71
2026/09/21 16:49:35.943, 100, 10062, 16380, 62.22, 72
2026/09/21 16:49:36.943, 100, 10062, 16380, 63.20, 71
2026/09/21 16:49:37.944, 100, 10062, 16380, 63.19, 71
2026/09/21 16:49:38.944, 100, 10062, 16380, 63.76, 71
2026/09/21 16:49:39.944, 100, 10062, 16380, 64.05, 70
2026/09/21 16:49:40.945, 100, 10062, 16380, 64.11, 70
2026/09/21 16:49:41.945, 100, 10062, 16380, 62.99, 70
2026/09/21 16:49:42.945, 100, 10062, 16380, 62.91, 70
2026/09/21 16:49:43.946, 100, 10062, 16380, 62.57, 72
2026/09/21 16:49:44.946, 100, 10062, 16380, 62.06, 71
2026/09/21 16:49:45.946, 100, 10062, 16380, 63.13, 71
2026/09/21 16:49:46.947, 100, 10062, 16380, 64.17, 71
2026/09/21 16:49:47.947, 100, 10062, 16380, 63.54, 70
2026/09/21 16:49:48.947, 100, 10062, 16380, 64.16, 70
2026/09/21 16:49:49.948, 100, 10062, 16380, 64.17, 70
2026/09/21 16:49:50.948, 100, 10062, 16380, 63.04, 70
2026/09/21 16:49:51.948, 100, 10062, 16380, 62.88, 71
2026/09/21 16:49:52.949, 100, 10062, 16380, 62.29, 73
2026/09/21 16:49:53.949, 100, 10062, 16380, 62.72, 71
2026/09/21 16:49:54.950, 100, 10062, 16380, 62.80, 71
2026/09/21 16:49:55.950, 100, 10062, 16380, 63.99, 71
2026/09/21 16:49:56.950, 100, 10062, 16380, 63.73, 71
2026/09/21 16:49:57.951, 100, 10062, 16380, 63.60, 69
2026/09/21 16:49:58.951, 100, 10062, 16380, 63.04, 70
2026/09/21 16:49:59.951, 100, 10062, 16380, 62.76, 70
2026/09/21 16:50:00.952, 100, 10062, 16380, 62.47, 72
2026/09/21 16:50:01.952, 100, 10062, 16380, 62.16, 72
2026/09/21 16:50:02.952, 100, 10062, 16380, 62.91, 71
2026/09/21 16:50:03.953, 100, 10062, 16380, 64.13, 71
2026/09/21 16:50:04.953, 100, 10062, 16380, 63.74, 71
2026/09/21 16:50:05.953, 100, 10062, 16380, 64.86, 71
2026/09/21 16:50:06.954, 100, 10062, 16380, 63.41, 70
2026/09/21 16:50:07.954, 100, 10062, 16380, 62.90, 70
2026/09/21 16:50:08.954, 100, 10062, 16380, 63.04, 71
2026/09/21 16:50:09.955, 100, 10062, 16380, 62.57, 73
2026/09/21 16:50:10.955, 100, 10062, 16380, 61.89, 71
2026/09/21 16:50:11.955, 100, 10062, 16380, 63.79, 71
2026/09/21 16:50:12.956, 100, 10062, 16380, 63.75, 71
2026/09/21 16:50:13.956, 100, 10062, 16380, 64.11, 71
2026/09/21 16:50:14.956, 100, 10062, 16380, 63.78, 70
2026/09/21 16:50:15.957, 100, 10062, 16380, 62.83, 70
2026/09/21 16:50:16.957, 100, 10062, 16380, 63.48, 71
2026/09/21 16:50:17.958, 100, 10062, 16380, 62.54, 73
2026/09/21 16:50:18.958, 100, 10062, 16380, 62.60, 71
2026/09/21 16:50:19.958, 100, 10062, 16380, 63.60, 71
2026/09/21 16:50:20.959, 100, 10062, 16380, 63.94, 71
2026/09/21 16:50:21.959, 100, 10062, 16380, 64.22, 71
2026/09/21 16:50:22.959, 100, 10062, 16380, 63.80, 70
2026/09/21 16:50:23.960, 100, 10062, 16380, 63.00, 70
2026/09/21 16:50:24.960, 100, 10062, 16380, 63.17, 73
2026/09/21 16:50:25.960, 100, 10062, 16380, 62.02, 73
2026/09/21 16:50:26.961, 100, 10062, 16380, 62.93, 71
2026/09/21 16:50:27.961, 100, 10062, 16380, 63.63, 71
2026/09/21 16:50:28.962, 100, 10062, 16380, 64.41, 71
2026/09/21 16:50:29.962, 100, 10062, 16380, 64.13, 71
2026/09/21 16:50:30.963, 100, 10062, 16380, 63.24, 70
2026/09/21 16:50:31.963, 100, 10062, 16380, 62.99, 71
2026/09/21 16:50:32.963, 100, 10062, 16380, 62.44, 73
2026/09/21 16:50:33.964, 100, 10062, 16380, 62.15, 71
2026/09/21 16:50:34.964, 100, 10062, 16380, 63.82, 71
2026/09/21 16:50:35.964, 100, 10062, 16380, 64.19, 72
2026/09/21 16:50:36.965, 100, 10062, 16380, 63.94, 71
2026/09/21 16:50:37.965, 100, 10062, 16380, 63.88, 70
2026/09/21 16:50:38.965, 100, 10062, 16380, 63.26, 70
2026/09/21 16:50:39.966, 100, 10062, 16380, 62.91, 72
2026/09/21 16:50:40.966, 100, 10062, 16380, 62.51, 73
2026/09/21 16:50:41.967, 100, 10062, 16380, 63.48, 71
2026/09/21 16:50:42.967, 100, 10062, 16380, 63.11, 71
2026/09/21 16:50:43.967, 100, 10062, 16380, 63.92, 72
2026/09/21 16:50:44.968, 100, 10062, 16380, 62.89, 71
2026/09/21 16:50:45.968, 100, 10062, 16380, 62.70, 71
2026/09/21 16:50:46.968, 100, 10062, 16380, 63.42, 69
2026/09/21 16:50:47.969, 100, 10062, 16380, 63.06, 71
2026/09/21 16:50:48.969, 100, 10062, 16380, 63.88, 73
2026/09/21 16:50:49.969, 100, 10062, 16380, 63.85, 71
2026/09/21 16:50:50.970, 100, 10062, 16380, 63.26, 71
2026/09/21 16:50:51.970, 100, 10062, 16380, 63.18, 71
2026/09/21 16:50:52.970, 100, 10062, 16380, 62.81, 71
2026/09/21 16:50:53.971, 100, 10062, 16380, 62.81, 70
2026/09/21 16:50:54.971, 100, 10062, 16380, 62.36, 71
2026/09/21 16:50:55.972, 100, 10062, 16380, 63.90, 73
2026/09/21 16:50:56.972, 100, 10062, 16380, 63.99, 72
2026/09/21 16:50:57.972, 100, 10062, 16380, 64.67, 71
2026/09/21 16:50:58.973, 100, 10062, 16380, 62.79, 72
2026/09/21 16:50:59.973, 100, 10062, 16380, 62.78, 71
2026/09/21 16:51:00.973, 100, 10062, 16380, 62.45, 70
2026/09/21 16:51:01.974, 100, 10062, 16380, 62.27, 70
2026/09/21 16:51:02.974, 100, 10062, 16380, 63.62, 72
2026/09/21 16:51:03.974, 100, 10062, 16380, 63.86, 73
2026/09/21 16:51:04.975, 100, 10062, 16380, 64.33, 71
2026/09/21 16:51:05.975, 100, 10062, 16380, 63.30, 72
2026/09/21 16:51:06.975, 100, 10062, 16380, 62.81, 72
2026/09/21 16:51:07.976, 100, 10062, 16380, 63.32, 71
2026/09/21 16:51:08.976, 100, 10062, 16380, 62.31, 71
2026/09/21 16:51:09.977, 100, 10062, 16380, 63.74, 70
2026/09/21 16:51:10.977, 100, 10062, 16380, 64.13, 71
2026/09/21 16:51:11.977, 100, 10062, 16380, 63.81, 73
2026/09/21 16:51:12.978, 100, 10062, 16380, 63.96, 71
2026/09/21 16:51:13.978, 100, 10062, 16380, 64.37, 71
2026/09/21 16:51:14.978, 100, 10062, 16380, 62.75, 71
2026/09/21 16:51:15.979, 100, 10062, 16380, 62.86, 71
2026/09/21 16:51:16.979, 100, 10062, 16380, 63.25, 70
2026/09/21 16:51:17.979, 100, 10062, 16380, 61.87, 72
2026/09/21 16:51:18.980, 100, 10062, 16380, 64.32, 71
2026/09/21 16:51:19.980, 100, 10062, 16380, 64.34, 73
2026/09/21 16:51:20.981, 100, 10062, 16380, 64.47, 72
2026/09/21 16:51:21.981, 100, 10062, 16380, 64.86, 71
2026/09/21 16:51:22.981, 100, 10062, 16380, 63.48, 71
2026/09/21 16:51:23.982, 100, 10062, 16380, 62.66, 71
2026/09/21 16:51:24.982, 100, 10062, 16380, 62.58, 70
2026/09/21 16:51:25.982, 100, 10062, 16380, 62.41, 71
2026/09/21 16:51:26.983, 100, 10062, 16380, 63.24, 71
2026/09/21 16:51:27.983, 100, 10062, 16380, 63.98, 73
2026/09/21 16:51:28.984, 100, 10062, 16380, 64.29, 71
2026/09/21 16:51:29.984, 100, 10062, 16380, 63.04, 71
2026/09/21 16:51:30.984, 100, 10062, 16380, 62.96, 71
2026/09/21 16:51:31.985, 100, 10062, 16380, 62.38, 70
2026/09/21 16:51:32.985, 100, 10062, 16380, 62.13, 71
2026/09/21 16:51:33.985, 100, 10062, 16380, 63.49, 71
2026/09/21 16:51:34.985, 100, 10062, 16380, 63.44, 73
2026/09/21 16:51:35.986, 100, 10062, 16380, 64.03, 71
2026/09/21 16:51:36.986, 100, 10062, 16380, 63.61, 71
2026/09/21 16:51:37.986, 100, 10062, 16380, 63.04, 71
2026/09/21 16:51:38.987, 100, 10062, 16380, 63.45, 71
2026/09/21 16:51:39.987, 100, 10062, 16380, 61.91, 70
2026/09/21 16:51:40.987, 100, 10062, 16380, 61.75, 70
2026/09/21 16:51:41.988, 100, 10062, 16380, 63.59, 72
2026/09/21 16:51:42.988, 100, 10062, 16380, 63.99, 72
2026/09/21 16:51:43.989, 100, 10062, 16380, 64.03, 71
2026/09/21 16:51:44.989, 100, 10062, 16380, 63.53, 71
2026/09/21 16:51:45.989, 100, 10062, 16380, 62.87, 71
2026/09/21 16:51:46.990, 100, 10062, 16380, 62.48, 70
2026/09/21 16:51:47.990, 100, 10062, 16380, 62.31, 70
2026/09/21 16:51:48.990, 100, 10062, 16380, 63.47, 72
2026/09/21 16:51:49.991, 100, 10062, 16380, 64.36, 72
2026/09/21 16:51:50.991, 100, 10062, 16380, 63.80, 73
2026/09/21 16:51:51.991, 100, 10062, 16380, 63.87, 73
2026/09/21 16:51:52.991, 99, 10062, 16380, 64.24, 72
2026/09/21 16:51:53.992, 100, 10062, 16380, 63.27, 73
2026/09/21 16:51:54.992, 100, 10062, 16380, 64.38, 73
2026/09/21 16:51:55.993, 100, 10062, 16380, 64.38, 72
2026/09/21 16:51:56.993, 100, 10062, 16380, 63.76, 72
2026/09/21 16:51:57.993, 100, 10062, 16380, 63.64, 72
2026/09/21 16:51:58.994, 100, 10062, 16380, 63.56, 73
2026/09/21 16:51:59.994, 100, 10062, 16380, 63.38, 72
2026/09/21 16:52:00.994, 100, 10062, 16380, 61.03, 72
2026/09/21 16:52:01.995, 100, 10062, 16380, 62.57, 71
2026/09/21 16:52:02.995, 100, 10062, 16380, 62.23, 71
2026/09/21 16:52:03.996, 100, 10062, 16380, 61.96, 73
2026/09/21 16:52:04.996, 100, 10062, 16380, 62.41, 73
2026/09/21 16:52:05.996, 100, 10062, 16380, 63.25, 73
2026/09/21 16:52:06.997, 100, 10062, 16380, 62.27, 72
2026/09/21 16:52:07.997, 100, 10062, 16380, 62.73, 72
2026/09/21 16:52:08.997, 100, 10062, 16380, 61.13, 72
2026/09/21 16:52:09.998, 100, 10062, 16380, 62.98, 73
2026/09/21 16:52:10.998, 100, 10062, 16380, 62.59, 73
2026/09/21 16:52:11.998, 100, 10062, 16380, 61.62, 70
2026/09/21 16:52:12.999, 100, 10062, 16380, 64.56, 71
2026/09/21 16:52:13.999, 100, 10062, 16380, 64.51, 71
2026/09/21 16:52:14.999, 100, 10062, 16380, 62.86, 70
2026/09/21 16:52:15.999, 100, 10062, 16380, 63.65, 71
2026/09/21 16:52:17.000, 100, 10062, 16380, 64.11, 71
2026/09/21 16:52:18.000, 100, 10062, 16380, 64.23, 71
2026/09/21 16:52:19.000, 100, 10062, 16380, 64.05, 71
2026/09/21 16:52:20.001, 100, 10062, 16380, 63.94, 71
2026/09/21 16:52:21.002, 100, 10062, 16380, 63.31, 71
2026/09/21 16:52:22.002, 100, 10062, 16380, 63.41, 71
2026/09/21 16:52:23.002, 100, 10062, 16380, 63.64, 73
2026/09/21 16:52:24.003, 100, 10062, 16380, 62.50, 73
2026/09/21 16:52:25.003, 100, 10062, 16380, 62.40, 71
2026/09/21 16:52:26.003, 100, 10062, 16380, 61.50, 72
2026/09/21 16:52:27.004, 100, 10062, 16380, 62.84, 72
2026/09/21 16:52:28.004, 100, 10062, 16380, 62.69, 72
2026/09/21 16:52:29.004, 100, 10062, 16380, 62.75, 73
2026/09/21 16:52:30.005, 100, 10062, 16380, 63.02, 73
2026/09/21 16:52:31.005, 100, 10062, 16380, 62.56, 73
2026/09/21 16:52:32.005, 100, 10062, 16380, 62.34, 73
2026/09/21 16:52:33.006, 100, 10062, 16380, 62.28, 71
2026/09/21 16:52:34.006, 100, 10062, 16380, 62.81, 70
2026/09/21 16:52:35.006, 100, 10062, 16380, 63.28, 70
2026/09/21 16:52:36.007, 100, 10062, 16380, 62.32, 70
2026/09/21 16:52:37.007, 100, 10062, 16380, 64.22, 70
2026/09/21 16:52:38.007, 100, 10062, 16380, 62.46, 72
2026/09/21 16:52:39.008, 99, 10062, 16380, 63.52, 70
2026/09/21 16:52:40.008, 100, 10062, 16380, 63.39, 70
2026/09/21 16:52:41.008, 100, 10062, 16380, 63.65, 70
2026/09/21 16:52:42.009, 100, 10062, 16380, 63.08, 70
2026/09/21 16:52:43.009, 100, 10062, 16380, 63.85, 70
2026/09/21 16:52:44.009, 100, 10062, 16380, 62.53, 72
2026/09/21 16:52:45.010, 100, 10062, 16380, 64.22, 70
2026/09/21 16:52:46.010, 100, 10062, 16380, 62.80, 71
2026/09/21 16:52:47.010, 100, 10062, 16380, 62.91, 71
2026/09/21 16:52:48.011, 100, 10062, 16380, 64.00, 70
2026/09/21 16:52:49.011, 100, 10062, 16380, 63.82, 72
2026/09/21 16:52:50.012, 100, 10062, 16380, 64.22, 72
2026/09/21 16:52:51.012, 100, 10062, 16380, 62.84, 71
2026/09/21 16:52:52.012, 100, 10062, 16380, 62.68, 71
2026/09/21 16:52:53.013, 100, 10062, 16380, 64.56, 71
2026/09/21 16:52:54.013, 100, 10062, 16380, 62.88, 71
2026/09/21 16:52:55.013, 100, 10062, 16380, 64.22, 73
2026/09/21 16:52:56.014, 100, 10062, 16380, 62.35, 72
2026/09/21 16:52:57.014, 100, 10062, 16380, 62.27, 73
2026/09/21 16:52:58.014, 100, 10062, 16380, 62.24, 73
2026/09/21 16:52:59.014, 100, 10062, 16380, 62.74, 73
2026/09/21 16:53:00.015, 100, 10062, 16380, 62.51, 73
2026/09/21 16:53:01.015, 100, 10062, 16380, 62.21, 73
2026/09/21 16:53:02.016, 100, 10062, 16380, 62.32, 73
2026/09/21 16:53:03.016, 100, 10062, 16380, 61.92, 73
2026/09/21 16:53:04.016, 100, 10062, 16380, 61.92, 72
2026/09/21 16:53:05.017, 100, 10062, 16380, 62.22, 71
2026/09/21 16:53:06.017, 89, 10062, 16380, 63.51, 70
2026/09/21 16:53:07.017, 100, 10062, 16380, 63.72, 70
2026/09/21 16:53:08.018, 100, 10062, 16380, 63.92, 69
2026/09/21 16:53:09.018, 100, 10062, 16380, 62.15, 71
2026/09/21 16:53:10.018, 100, 10062, 16380, 62.98, 70
2026/09/21 16:53:11.019, 100, 10062, 16380, 62.79, 70
2026/09/21 16:53:12.019, 100, 10062, 16380, 63.09, 70
2026/09/21 16:53:13.020, 100, 10062, 16380, 63.05, 70
2026/09/21 16:53:14.020, 99, 10062, 16380, 62.99, 70
2026/09/21 16:53:15.020, 100, 10062, 16380, 63.36, 70
2026/09/21 16:53:16.021, 100, 10062, 16380, 63.36, 71
2026/09/21 16:53:17.021, 100, 10062, 16380, 63.75, 71
2026/09/21 16:53:18.021, 100, 10062, 16380, 63.63, 71
2026/09/21 16:53:19.021, 100, 10062, 16380, 62.96, 71
2026/09/21 16:53:20.022, 100, 10062, 16380, 62.97, 71
2026/09/21 16:53:21.022, 100, 10062, 16380, 63.53, 71
2026/09/21 16:53:22.023, 100, 10062, 16380, 63.68, 71
2026/09/21 16:53:23.023, 100, 10062, 16380, 63.46, 71
2026/09/21 16:53:24.023, 100, 10062, 16380, 63.58, 72
2026/09/21 16:53:25.024, 100, 10062, 16380, 63.41, 72
2026/09/21 16:53:26.024, 100, 10062, 16380, 63.64, 71
2026/09/21 16:53:27.024, 100, 10062, 16380, 63.34, 73
2026/09/21 16:53:28.025, 100, 10062, 16380, 63.33, 73
2026/09/21 16:53:29.025, 100, 10062, 16380, 62.51, 73
2026/09/21 16:53:30.026, 100, 10062, 16380, 62.05, 71
2026/09/21 16:53:31.026, 100, 10062, 16380, 63.28, 71
2026/09/21 16:53:32.026, 100, 10062, 16380, 63.12, 71
2026/09/21 16:53:33.027, 100, 10062, 16380, 63.09, 71
2026/09/21 16:53:34.027, 100, 10062, 16380, 63.01, 72
2026/09/21 16:53:35.028, 100, 10062, 16380, 62.88, 72
2026/09/21 16:53:36.028, 100, 10062, 16380, 62.65, 72
2026/09/21 16:53:37.028, 100, 10062, 16380, 62.47, 72
2026/09/21 16:53:38.029, 100, 10062, 16380, 63.08, 70
2026/09/21 16:53:39.029, 100, 10062, 16380, 63.17, 70
2026/09/21 16:53:40.029, 100, 10062, 16380, 62.80, 70
2026/09/21 16:53:41.030, 75, 10062, 16380, 62.12, 71
2026/09/21 16:53:42.030, 100, 10062, 16380, 62.34, 71
2026/09/21 16:53:43.030, 100, 10062, 16380, 62.37, 71
2026/09/21 16:53:44.030, 100, 10062, 16380, 62.30, 71
2026/09/21 16:53:45.031, 100, 10062, 16380, 62.23, 71
2026/09/21 16:53:46.031, 100, 10062, 16380, 62.14, 71
2026/09/21 16:53:47.032, 100, 10062, 16380, 62.18, 71
2026/09/21 16:53:48.032, 100, 10062, 16380, 62.15, 71
2026/09/21 16:53:49.033, 92, 10062, 16380, 63.84, 70
2026/09/21 16:53:50.033, 100, 10062, 16380, 64.12, 71
2026/09/21 16:53:51.033, 100, 10062, 16380, 63.88, 71
2026/09/21 16:53:52.034, 100, 10062, 16380, 62.78, 70
2026/09/21 16:53:53.034, 100, 10062, 16380, 63.13, 70
2026/09/21 16:53:54.034, 100, 10062, 16380, 63.00, 70
2026/09/21 16:53:55.035, 100, 10062, 16380, 63.30, 70
2026/09/21 16:53:56.035, 100, 10062, 16380, 63.24, 70
2026/09/21 16:53:57.035, 100, 10062, 16380, 63.14, 70
2026/09/21 16:53:58.035, 100, 10062, 16380, 63.66, 70
2026/09/21 16:53:59.036, 100, 10062, 16380, 63.80, 70
2026/09/21 16:54:00.036, 100, 10062, 16380, 63.46, 71
2026/09/21 16:54:01.037, 100, 10062, 16380, 63.40, 71
2026/09/21 16:54:02.037, 100, 10062, 16380, 63.28, 71
2026/09/21 16:54:03.037, 100, 10062, 16380, 62.94, 71
2026/09/21 16:54:04.038, 100, 10062, 16380, 63.36, 71
2026/09/21 16:54:05.038, 100, 10062, 16380, 63.60, 71
2026/09/21 16:54:06.038, 100, 10062, 16380, 63.44, 71
2026/09/21 16:54:07.038, 100, 10062, 16380, 63.44, 71
2026/09/21 16:54:08.039, 100, 10062, 16380, 63.48, 71
2026/09/21 16:54:09.039, 100, 10062, 16380, 63.37, 71
2026/09/21 16:54:10.039, 100, 10062, 16380, 63.71, 72
2026/09/21 16:54:11.040, 100, 10062, 16380, 63.62, 72
2026/09/21 16:54:12.040, 100, 10062, 16380, 62.37, 72
2026/09/21 16:54:13.041, 100, 10062, 16380, 61.69, 71
2026/09/21 16:54:14.041, 100, 10062, 16380, 63.18, 71
2026/09/21 16:54:15.041, 100, 10062, 16380, 63.39, 71
2026/09/21 16:54:16.042, 100, 10062, 16380, 64.17, 71
2026/09/21 16:54:17.042, 100, 10062, 16380, 64.00, 71
2026/09/21 16:54:18.042, 100, 10062, 16380, 64.05, 71
2026/09/21 16:54:19.043, 100, 10062, 16380, 64.05, 71
2026/09/21 16:54:20.043, 100, 10062, 16380, 63.60, 72
2026/09/21 16:54:21.044, 100, 10062, 16380, 63.14, 70
2026/09/21 16:54:22.044, 100, 10062, 16380, 62.87, 70
2026/09/21 16:54:23.044, 100, 10062, 16380, 63.13, 70
2026/09/21 16:54:24.044, 100, 10062, 16380, 63.18, 71
2026/09/21 16:54:25.045, 100, 10062, 16380, 63.28, 72
2026/09/21 16:54:26.045, 100, 10062, 16380, 63.47, 72
2026/09/21 16:54:27.045, 100, 10062, 16380, 63.44, 73
2026/09/21 16:54:28.046, 100, 10062, 16380, 63.60, 72
2026/09/21 16:54:29.046, 100, 10062, 16380, 63.67, 71
2026/09/21 16:54:30.047, 100, 10062, 16380, 63.48, 71
2026/09/21 16:54:31.047, 100, 10062, 16380, 63.43, 71
2026/09/21 16:54:32.047, 100, 10062, 16380, 63.91, 73
2026/09/21 16:54:33.047, 100, 10062, 16380, 63.90, 72
2026/09/21 16:54:34.048, 100, 10062, 16380, 64.04, 71
2026/09/21 16:54:35.048, 90, 10062, 16380, 63.27, 71
2026/09/21 16:54:36.048, 100, 10062, 16380, 62.88, 71
2026/09/21 16:54:37.049, 100, 10062, 16380, 62.63, 70
2026/09/21 16:54:38.049, 100, 10062, 16380, 62.34, 70
2026/09/21 16:54:39.050, 100, 10062, 16380, 61.96, 70
2026/09/21 16:54:40.050, 100, 10062, 16380, 62.79, 71
2026/09/21 16:54:41.051, 100, 10062, 16380, 64.32, 72
2026/09/21 16:54:42.051, 100, 10062, 16380, 64.70, 71
2026/09/21 16:54:43.051, 100, 10062, 16380, 63.63, 71
2026/09/21 16:54:44.052, 100, 10062, 16380, 63.49, 71
2026/09/21 16:54:45.052, 100, 10062, 16380, 62.84, 70
2026/09/21 16:54:46.052, 90, 10062, 16380, 62.49, 70
2026/09/21 16:54:47.053, 100, 10062, 16380, 62.84, 70
2026/09/21 16:54:48.053, 100, 10062, 16380, 63.69, 71
2026/09/21 16:54:49.053, 90, 10062, 16380, 63.42, 70
2026/09/21 16:54:50.054, 100, 10062, 16380, 62.29, 70
2026/09/21 16:54:51.054, 100, 10062, 16380, 62.86, 70
2026/09/21 16:54:52.054, 100, 10062, 16380, 64.11, 71
2026/09/21 16:54:53.055, 100, 10062, 16380, 64.74, 71
2026/09/21 16:54:54.055, 100, 10062, 16380, 63.94, 67
2026/09/21 16:54:55.055, 100, 10062, 16380, 60.53, 71
2026/09/21 16:54:56.055, 100, 10062, 16380, 63.39, 71
2026/09/21 16:54:57.056, 100, 10062, 16380, 62.92, 70
2026/09/21 16:54:58.056, 100, 10062, 16380, 62.42, 70
2026/09/21 16:54:59.056, 100, 10062, 16380, 63.09, 71
2026/09/21 16:55:00.057, 100, 10062, 16380, 63.91, 71
2026/09/21 16:55:01.057, 100, 10062, 16380, 63.91, 71
2026/09/21 16:55:02.057, 100, 10062, 16380, 63.19, 71
2026/09/21 16:55:03.058, 90, 10062, 16380, 62.79, 70
2026/09/21 16:55:04.058, 100, 10062, 16380, 63.32, 71
2026/09/21 16:55:05.058, 100, 10062, 16380, 63.83, 73
2026/09/21 16:55:06.059, 100, 10062, 16380, 59.99, 72
2026/09/21 16:55:07.059, 100, 10062, 16380, 64.46, 71
2026/09/21 16:55:08.059, 100, 10062, 16380, 63.50, 71
2026/09/21 16:55:09.059, 89, 10062, 16380, 63.10, 70
2026/09/21 16:55:10.060, 100, 10062, 16380, 62.62, 70
2026/09/21 16:55:11.060, 100, 10062, 16380, 64.10, 73
2026/09/21 16:55:12.060, 100, 10062, 16380, 63.60, 71
2026/09/21 16:55:13.061, 100, 10062, 16380, 63.15, 70
2026/09/21 16:55:14.061, 100, 10062, 16380, 62.58, 68
2026/09/21 16:55:15.061, 100, 10062, 16380, 62.91, 71
2026/09/21 16:55:16.062, 100, 10062, 16380, 63.51, 73
2026/09/21 16:55:17.062, 100, 10062, 16380, 63.44, 71
2026/09/21 16:55:18.062, 100, 10062, 16380, 63.21, 71
2026/09/21 16:55:19.063, 100, 10062, 16380, 63.12, 70
2026/09/21 16:55:20.063, 100, 10062, 16380, 62.57, 72
2026/09/21 16:55:21.063, 100, 10062, 16380, 64.44, 71
2026/09/21 16:55:22.064, 100, 10062, 16380, 63.07, 70
2026/09/21 16:55:23.064, 98, 10062, 16380, 62.72, 70
2026/09/21 16:55:24.064, 100, 10062, 16380, 64.43, 71
2026/09/21 16:55:25.064, 100, 10062, 16380, 63.39, 71
2026/09/21 16:55:26.065, 100, 10062, 16380, 62.95, 70
2026/09/21 16:55:27.065, 100, 10062, 16380, 63.58, 73
2026/09/21 16:55:28.066, 100, 10062, 16380, 63.67, 71
2026/09/21 16:55:29.066, 100, 10062, 16380, 63.21, 70
2026/09/21 16:55:30.066, 100, 10062, 16380, 62.87, 72
2026/09/21 16:55:31.066, 100, 10062, 16380, 64.56, 71
2026/09/21 16:55:32.067, 100, 10062, 16380, 63.18, 70
2026/09/21 16:55:33.067, 100, 10062, 16380, 62.75, 71
2026/09/21 16:55:34.067, 100, 10062, 16380, 64.28, 70
2026/09/21 16:55:35.068, 100, 10062, 16380, 63.28, 71
2026/09/21 16:55:36.068, 100, 10062, 16380, 63.25, 71
2026/09/21 16:55:37.068, 100, 10062, 16380, 63.37, 70
2026/09/21 16:55:38.069, 100, 10062, 16380, 63.90, 71
2026/09/21 16:55:39.069, 100, 10062, 16380, 64.33, 70
2026/09/21 16:55:40.069, 100, 10062, 16380, 65.05, 70
2026/09/21 16:55:41.070, 100, 10062, 16380, 63.79, 71
2026/09/21 16:55:42.070, 100, 10062, 16380, 62.99, 70
2026/09/21 16:55:43.070, 100, 10062, 16380, 63.33, 72
2026/09/21 16:55:44.071, 100, 10062, 16380, 63.05, 71
2026/09/21 16:55:45.071, 100, 10062, 16380, 64.93, 70
2026/09/21 16:55:46.071, 89, 10062, 16380, 63.01, 71
2026/09/21 16:55:47.072, 100, 10062, 16380, 62.78, 71
2026/09/21 16:55:48.072, 100, 10062, 16380, 63.91, 71
2026/09/21 16:55:49.072, 100, 10062, 16380, 64.06, 71
2026/09/21 16:55:50.073, 100, 10062, 16380, 63.98, 70
2026/09/21 16:55:51.073, 100, 10062, 16380, 63.20, 72
2026/09/21 16:55:52.073, 100, 10062, 16380, 62.77, 70
2026/09/21 16:55:53.074, 100, 10062, 16380, 63.20, 71
2026/09/21 16:55:54.074, 100, 10062, 16380, 62.53, 71
2026/09/21 16:55:55.074, 100, 10062, 16380, 63.67, 70
2026/09/21 16:55:56.075, 100, 10062, 16380, 63.20, 71
2026/09/21 16:55:57.075, 100, 10062, 16380, 63.93, 68
2026/09/21 16:55:58.075, 100, 10062, 16380, 62.95, 71
2026/09/21 16:55:59.075, 100, 10062, 16380, 64.32, 70
2026/09/21 16:56:00.076, 100, 10062, 16380, 63.60, 71
2026/09/21 16:56:01.076, 100, 10062, 16380, 62.65, 70
2026/09/21 16:56:02.076, 100, 10062, 16380, 63.09, 72
2026/09/21 16:56:03.077, 100, 10062, 16380, 63.52, 71
2026/09/21 16:56:04.077, 100, 10062, 16380, 63.58, 72
2026/09/21 16:56:05.078, 100, 10062, 16380, 63.49, 71
2026/09/21 16:56:06.078, 100, 10062, 16380, 64.74, 71
2026/09/21 16:56:07.078, 100, 10062, 16380, 63.34, 71
2026/09/21 16:56:08.079, 100, 10062, 16380, 63.66, 71
2026/09/21 16:56:09.079, 100, 10062, 16380, 63.46, 71
2026/09/21 16:56:10.079, 100, 10062, 16380, 63.80, 71
2026/09/21 16:56:11.079, 100, 10062, 16380, 63.24, 71
2026/09/21 16:56:12.080, 100, 10062, 16380, 63.66, 72
2026/09/21 16:56:13.080, 100, 10062, 16380, 63.88, 71
2026/09/21 16:56:14.080, 100, 10062, 16380, 64.30, 71
2026/09/21 16:56:15.080, 100, 10062, 16380, 62.71, 71
2026/09/21 16:56:16.080, 100, 10062, 16380, 63.34, 71
2026/09/21 16:56:17.081, 100, 10062, 16380, 63.58, 71
2026/09/21 16:56:18.082, 100, 10062, 16380, 63.49, 73
2026/09/21 16:56:19.082, 100, 10062, 16380, 63.98, 70
2026/09/21 16:56:20.082, 100, 10062, 16380, 63.72, 73
2026/09/21 16:56:21.082, 100, 10062, 16380, 63.84, 70
2026/09/21 16:56:22.083, 100, 10062, 16380, 63.56, 71
2026/09/21 16:56:23.083, 100, 10062, 16380, 63.74, 70
2026/09/21 16:56:24.083, 100, 10062, 16380, 63.52, 71
2026/09/21 16:56:25.084, 100, 10062, 16380, 63.64, 71
2026/09/21 16:56:26.085, 100, 10062, 16380, 63.56, 71
2026/09/21 16:56:27.086, 100, 10062, 16380, 64.04, 71
2026/09/21 16:56:28.086, 100, 10062, 16380, 64.18, 70
2026/09/21 16:56:29.086, 100, 10062, 16380, 63.53, 73
2026/09/21 16:56:30.086, 100, 10062, 16380, 63.83, 70
2026/09/21 16:56:31.087, 100, 10062, 16380, 63.68, 71
2026/09/21 16:56:32.087, 100, 10062, 16380, 63.80, 71
2026/09/21 16:56:33.087, 100, 10062, 16380, 63.91, 70
2026/09/21 16:56:34.087, 100, 10062, 16380, 63.87, 71
2026/09/21 16:56:35.088, 100, 10062, 16380, 63.28, 70
2026/09/21 16:56:36.088, 100, 10062, 16380, 63.91, 71
2026/09/21 16:56:37.088, 100, 10062, 16380, 63.81, 73
2026/09/21 16:56:38.089, 100, 10062, 16380, 63.85, 70
2026/09/21 16:56:39.089, 100, 10062, 16380, 63.48, 71
2026/09/21 16:56:40.089, 100, 10062, 16380, 63.89, 70
2026/09/21 16:56:41.089, 100, 10062, 16380, 63.69, 71
2026/09/21 16:56:42.090, 100, 10062, 16380, 63.26, 72
2026/09/21 16:56:43.090, 100, 10062, 16380, 64.21, 70
2026/09/21 16:56:44.090, 100, 10062, 16380, 63.74, 71
2026/09/21 16:56:45.090, 100, 10062, 16380, 62.49, 73
2026/09/21 16:56:46.091, 100, 10062, 16380, 64.91, 70
2026/09/21 16:56:47.091, 100, 10062, 16380, 64.10, 71
2026/09/21 16:56:48.091, 100, 10062, 16380, 63.13, 73
2026/09/21 16:56:49.092, 100, 10062, 16380, 64.33, 70
2026/09/21 16:56:50.092, 100, 10062, 16380, 63.63, 71
2026/09/21 16:56:51.093, 100, 10062, 16380, 63.13, 71
2026/09/21 16:56:52.094, 100, 10062, 16380, 64.07, 71
2026/09/21 16:56:53.094, 100, 10062, 16380, 63.97, 71
2026/09/21 16:56:54.094, 100, 10062, 16380, 63.05, 73
2026/09/21 16:56:55.095, 100, 10062, 16380, 64.57, 70
2026/09/21 16:56:56.095, 100, 10062, 16380, 63.81, 71
2026/09/21 16:56:57.095, 100, 10062, 16380, 63.01, 72
2026/09/21 16:56:58.096, 100, 10062, 16380, 63.87, 70
2026/09/21 16:56:59.096, 100, 10062, 16380, 63.99, 71
2026/09/21 16:57:00.096, 100, 10062, 16380, 63.73, 71
2026/09/21 16:57:01.097, 100, 10062, 16380, 63.11, 72
2026/09/21 16:57:02.097, 100, 10062, 16380, 64.65, 70
2026/09/21 16:57:03.098, 100, 10062, 16380, 64.13, 69
2026/09/21 16:57:04.098, 100, 10062, 16380, 62.99, 72
2026/09/21 16:57:05.098, 100, 10062, 16380, 63.81, 70
2026/09/21 16:57:06.099, 100, 10062, 16380, 64.11, 70
2026/09/21 16:57:07.099, 100, 10062, 16380, 63.81, 71
2026/09/21 16:57:08.099, 100, 10062, 16380, 63.11, 73
2026/09/21 16:57:09.100, 100, 10062, 16380, 64.36, 70
2026/09/21 16:57:10.100, 100, 10062, 16380, 64.23, 70
2026/09/21 16:57:11.100, 100, 10062, 16380, 64.10, 71
2026/09/21 16:57:12.101, 100, 10062, 16380, 63.30, 72
2026/09/21 16:57:13.101, 100, 10062, 16380, 64.68, 70
2026/09/21 16:57:14.101, 100, 10062, 16380, 64.54, 70
2026/09/21 16:57:15.102, 100, 10062, 16380, 63.82, 71
2026/09/21 16:57:16.102, 92, 10062, 16380, 63.99, 73
2026/09/21 16:57:17.102, 100, 10062, 16380, 65.01, 70
2026/09/21 16:57:18.103, 100, 10062, 16380, 64.16, 70
2026/09/21 16:57:19.103, 100, 10062, 16380, 63.92, 71
2026/09/21 16:57:20.103, 100, 10062, 16380, 63.72, 71
2026/09/21 16:57:21.104, 100, 10062, 16380, 63.07, 71
2026/09/21 16:57:22.104, 100, 10062, 16380, 64.67, 70
2026/09/21 16:57:23.104, 100, 10062, 16380, 64.35, 70
2026/09/21 16:57:24.104, 100, 10062, 16380, 64.04, 71
2026/09/21 16:57:25.105, 100, 10062, 16380, 62.88, 71
2026/09/21 16:57:26.105, 100, 10062, 16380, 63.26, 73
2026/09/21 16:57:27.105, 100, 10062, 16380, 64.81, 70
2026/09/21 16:57:28.106, 100, 10062, 16380, 64.05, 71
2026/09/21 16:57:29.106, 100, 10062, 16380, 64.07, 71
2026/09/21 16:57:30.106, 100, 10062, 16380, 63.03, 72
2026/09/21 16:57:31.107, 100, 10062, 16380, 63.41, 71
2026/09/21 16:57:32.107, 100, 10062, 16380, 64.79, 70
2026/09/21 16:57:33.107, 100, 10062, 16380, 64.52, 70
2026/09/21 16:57:34.108, 100, 10062, 16380, 64.01, 71
2026/09/21 16:57:35.108, 100, 10062, 16380, 63.80, 71
2026/09/21 16:57:36.108, 100, 10062, 16380, 63.38, 71
2026/09/21 16:57:37.109, 100, 10062, 16380, 62.66, 72
2026/09/21 16:57:38.109, 100, 10062, 16380, 62.99, 71
2026/09/21 16:57:39.109, 100, 10062, 16380, 64.87, 70
2026/09/21 16:57:40.110, 100, 10062, 16380, 64.46, 70
2026/09/21 16:57:41.110, 92, 10062, 16380, 63.97, 71
2026/09/21 16:57:42.111, 100, 10062, 16380, 64.94, 71
2026/09/21 16:57:43.111, 100, 10062, 16380, 64.26, 73
2026/09/21 16:57:44.111, 100, 10062, 16380, 64.37, 72
2026/09/21 16:57:45.112, 100, 10062, 16380, 64.19, 70
2026/09/21 16:57:46.112, 100, 10062, 16380, 63.20, 70
2026/09/21 16:57:47.112, 100, 10062, 16380, 62.51, 70
2026/09/21 16:57:48.112, 100, 10062, 16380, 62.77, 70
2026/09/21 16:57:49.113, 100, 10062, 16380, 63.60, 71
2026/09/21 16:57:50.113, 100, 10062, 16380, 64.94, 71
2026/09/21 16:57:51.113, 100, 10062, 16380, 65.21, 71
2026/09/21 16:57:52.113, 100, 10062, 16380, 64.54, 72
2026/09/21 16:57:53.114, 100, 10062, 16380, 64.30, 72
2026/09/21 16:57:54.114, 100, 10062, 16380, 67.24, 71
2026/09/21 16:57:55.114, 100, 10062, 16380, 64.43, 71
2026/09/21 16:57:56.115, 100, 10062, 16380, 64.07, 73
2026/09/21 16:57:57.115, 100, 10062, 16380, 63.89, 70
2026/09/21 16:57:58.115, 100, 10062, 16380, 63.36, 70
2026/09/21 16:57:59.116, 100, 10062, 16380, 63.03, 70
2026/09/21 16:58:00.116, 100, 10062, 16380, 62.84, 70
2026/09/21 16:58:01.116, 100, 10062, 16380, 63.13, 71
2026/09/21 16:58:02.116, 100, 10062, 16380, 63.73, 71
2026/09/21 16:58:03.117, 100, 10062, 16380, 64.99, 71
2026/09/21 16:58:04.117, 100, 10062, 16380, 64.62, 72
2026/09/21 16:58:05.117, 100, 10062, 16380, 63.04, 70
2026/09/21 16:58:06.118, 100, 10062, 16380, 58.69, 70
2026/09/21 16:58:07.118, 100, 10062, 16380, 62.39, 70
2026/09/21 16:58:08.119, 100, 10062, 16380, 63.06, 70
2026/09/21 16:58:09.119, 100, 10062, 16380, 62.98, 70
2026/09/21 16:58:10.119, 100, 10062, 16380, 62.49, 70
2026/09/21 16:58:11.119, 100, 10062, 16380, 62.94, 70
2026/09/21 16:58:12.120, 100, 10062, 16380, 62.73, 70
2026/09/21 16:58:13.120, 86, 10062, 16380, 62.78, 70
2026/09/21 16:58:14.120, 100, 10062, 16380, 62.64, 70
2026/09/21 16:58:15.121, 100, 10062, 16380, 63.06, 70
2026/09/21 16:58:16.121, 100, 10062, 16380, 63.26, 70
2026/09/21 16:58:17.121, 100, 10062, 16380, 63.40, 70
2026/09/21 16:58:18.122, 100, 10062, 16380, 63.87, 70
2026/09/21 16:58:19.122, 100, 10062, 16380, 59.62, 69
2026/09/21 16:58:20.122, 100, 10062, 16380, 61.81, 71
2026/09/21 16:58:21.123, 100, 10062, 16380, 64.75, 71
2026/09/21 16:58:22.123, 100, 10062, 16380, 64.46, 71
2026/09/21 16:58:23.123, 91, 10062, 16380, 64.51, 71
2026/09/21 16:58:24.124, 100, 10062, 16380, 64.62, 72
2026/09/21 16:58:25.124, 100, 10062, 16380, 64.60, 73
2026/09/21 16:58:26.124, 100, 10062, 16380, 64.38, 71
2026/09/21 16:58:27.125, 100, 10062, 16380, 64.35, 72
2026/09/21 16:58:28.125, 100, 10062, 16380, 64.43, 72
2026/09/21 16:58:29.127, 100, 10062, 16380, 64.83, 72
2026/09/21 16:58:30.127, 100, 10062, 16380, 63.80, 71
2026/09/21 16:58:31.127, 100, 10062, 16380, 63.58, 70
2026/09/21 16:58:32.128, 100, 10062, 16380, 62.56, 69
2026/09/21 16:58:33.128, 100, 10062, 16380, 63.25, 70
2026/09/21 16:58:34.128, 100, 10062, 16380, 63.44, 70
2026/09/21 16:58:35.129, 100, 10062, 16380, 63.22, 70
2026/09/21 16:58:36.129, 85, 10062, 16380, 62.18, 70
2026/09/21 16:58:37.130, 100, 10062, 16380, 63.05, 70
2026/09/21 16:58:38.130, 100, 10062, 16380, 63.41, 70
2026/09/21 16:58:39.130, 100, 10062, 16380, 62.70, 72
2026/09/21 16:58:40.131, 100, 10062, 16380, 64.31, 73
2026/09/21 16:58:41.131, 100, 10062, 16380, 64.75, 72
2026/09/21 16:58:42.131, 100, 10062, 16380, 64.57, 71
2026/09/21 16:58:43.132, 100, 10062, 16380, 65.19, 71
2026/09/21 16:58:44.132, 100, 10062, 16380, 65.45, 71
2026/09/21 16:58:45.133, 100, 10062, 16380, 64.82, 71
2026/09/21 16:58:46.133, 100, 10062, 16380, 64.69, 71
2026/09/21 16:58:47.133, 100, 10062, 16380, 64.68, 71
2026/09/21 16:58:48.134, 100, 10062, 16380, 64.35, 71
2026/09/21 16:58:49.134, 100, 10062, 16380, 64.38, 71
2026/09/21 16:58:50.134, 100, 10062, 16380, 63.58, 70
2026/09/21 16:58:51.135, 100, 10062, 16380, 63.78, 70
2026/09/21 16:58:52.135, 100, 10062, 16380, 62.74, 70
2026/09/21 16:58:53.135, 100, 10062, 16380, 63.00, 70
2026/09/21 16:58:54.136, 100, 10062, 16380, 63.77, 72
2026/09/21 16:58:55.136, 100, 10062, 16380, 64.36, 73
2026/09/21 16:58:56.136, 100, 10062, 16380, 64.30, 71
2026/09/21 16:58:57.137, 100, 10062, 16380, 65.23, 70
2026/09/21 16:58:58.137, 100, 10062, 16380, 64.93, 70
2026/09/21 16:58:59.137, 100, 10062, 16380, 64.27, 72
2026/09/21 16:59:00.138, 100, 10062, 16380, 64.14, 72
2026/09/21 16:59:01.138, 100, 10062, 16380, 63.85, 72
2026/09/21 16:59:02.138, 100, 10062, 16380, 63.17, 71
2026/09/21 16:59:03.138, 100, 10062, 16380, 63.23, 71
2026/09/21 16:59:04.139, 100, 10062, 16380, 63.67, 71
2026/09/21 16:59:05.139, 100, 10062, 16380, 64.48, 70
2026/09/21 16:59:06.139, 100, 10062, 16380, 65.36, 70
2026/09/21 16:59:07.140, 100, 10062, 16380, 65.04, 71
2026/09/21 16:59:08.140, 100, 10062, 16380, 64.66, 73
2026/09/21 16:59:09.140, 99, 10062, 16380, 64.94, 71
2026/09/21 16:59:10.141, 100, 10062, 16380, 64.11, 71
2026/09/21 16:59:11.141, 100, 10062, 16380, 64.53, 70
2026/09/21 16:59:12.141, 100, 10062, 16380, 65.05, 72
2026/09/21 16:59:13.142, 100, 10062, 16380, 63.91, 72
71
2026/09/21 16:42:16.437, 100, 10062, 16380, 63.96, 70
2026/09/21 16:42:17.437, 100, 10062, 16380, 64.29, 70
2026/09/21 16:42:18.438, 100, 10062, 16380, 64.10, 71
2026/09/21 16:42:19.438, 100, 10062, 16380, 63.59, 71
2026/09/21 16:42:20.438, 100, 10062, 16380, 62.71, 71
2026/09/21 16:42:21.439, 100, 10062, 16380, 62.74, 72
2026/09/21 16:42:22.440, 100, 10062, 16380, 63.23, 73
2026/09/21 16:42:23.440, 100, 10062, 16380, 63.90, 71
2026/09/21 16:42:24.441, 100, 10062, 16380, 65.05, 70
2026/09/21 16:42:25.441, 99, 10062, 16380, 63.86, 70
2026/09/21 16:42:26.441, 100, 10062, 16380, 63.94, 71
2026/09/21 16:42:27.442, 100, 10062, 16380, 64.08, 71
2026/09/21 16:42:28.442, 100, 10062, 16380, 63.54, 71
2026/09/21 16:42:29.443, 100, 10062, 16380, 62.02, 71
2026/09/21 16:42:30.443, 100, 10062, 16380, 62.96, 71
2026/09/21 16:42:31.443, 100, 10062, 16380, 62.61, 71
2026/09/21 16:42:32.443, 100, 10062, 16380, 64.51, 73
2026/09/21 16:42:33.444, 100, 10062, 16380, 64.10, 73
2026/09/21 16:42:34.444, 100, 10062, 16380, 63.78, 71
2026/09/21 16:42:35.445, 100, 10062, 16380, 63.13, 70
2026/09/21 16:42:36.445, 100, 10062, 16380, 62.59, 70
2026/09/21 16:42:37.445, 100, 10062, 16380, 63.11, 71
2026/09/21 16:42:38.446, 100, 10062, 16380, 64.15, 71
2026/09/21 16:42:39.446, 100, 10062, 16380, 65.12, 71
2026/09/21 16:42:40.446, 100, 10062, 16380, 64.80, 71
2026/09/21 16:42:41.447, 100, 10062, 16380, 64.45, 71
2026/09/21 16:42:42.447, 100, 10062, 16380, 64.71, 72
2026/09/21 16:42:43.447, 100, 10062, 16380, 64.46, 73
2026/09/21 16:42:44.448, 100, 10062, 16380, 64.04, 72
2026/09/21 16:42:45.448, 100, 10062, 16380, 63.32, 70
2026/09/21 16:42:46.448, 100, 10062, 16380, 62.99, 70
2026/09/21 16:42:47.449, 100, 10062, 16380, 62.85, 70
2026/09/21 16:42:48.449, 100, 10062, 16380, 62.87, 70
2026/09/21 16:42:49.449, 100, 10062, 16380, 63.49, 71
2026/09/21 16:42:50.450, 100, 10062, 16380, 64.96, 71
2026/09/21 16:42:51.450, 100, 10062, 16380, 64.66, 71
2026/09/21 16:42:52.450, 100, 10062, 16380, 64.32, 73
2026/09/21 16:42:53.451, 100, 10062, 16380, 64.27, 73
2026/09/21 16:42:54.451, 100, 10062, 16380, 63.26, 73
2026/09/21 16:42:55.451, 100, 10062, 16380, 64.56, 71
2026/09/21 16:42:56.452, 100, 10062, 16380, 63.31, 70
2026/09/21 16:42:57.452, 100, 10062, 16380, 62.91, 70
2026/09/21 16:42:58.452, 100, 10062, 16380, 62.54, 70
2026/09/21 16:42:59.453, 100, 10062, 16380, 62.85, 71
2026/09/21 16:43:00.453, 100, 10062, 16380, 63.66, 70
2026/09/21 16:43:01.454, 100, 10062, 16380, 64.55, 71
2026/09/21 16:43:02.454, 100, 10062, 16380, 65.12, 71
2026/09/21 16:43:03.454, 89, 10062, 16380, 64.61, 70
2026/09/21 16:43:04.455, 100, 10062, 16380, 64.08, 73
2026/09/21 16:43:05.455, 100, 10062, 16380, 64.14, 73
2026/09/21 16:43:06.455, 100, 10062, 16380, 63.72, 70
2026/09/21 16:43:07.456, 100, 10062, 16380, 62.87, 71
2026/09/21 16:43:08.456, 100, 10062, 16380, 62.81, 70
2026/09/21 16:43:09.456, 100, 10062, 16380, 62.56, 70
2026/09/21 16:43:10.457, 100, 10062, 16380, 63.07, 70
2026/09/21 16:43:11.457, 100, 10062, 16380, 63.38, 70
2026/09/21 16:43:12.457, 100, 10062, 16380, 64.23, 71
2026/09/21 16:43:13.458, 100, 10062, 16380, 64.92, 71
2026/09/21 16:43:14.458, 100, 10062, 16380, 65.04, 71
2026/09/21 16:43:15.458, 100, 10062, 16380, 64.40, 72
2026/09/21 16:43:16.459, 100, 10062, 16380, 63.58, 73
2026/09/21 16:43:17.459, 100, 10062, 16380, 63.56, 71
2026/09/21 16:43:18.459, 100, 10062, 16380, 63.12, 70
2026/09/21 16:43:19.460, 100, 10062, 16380, 62.57, 68
2026/09/21 16:43:20.460, 100, 10062, 16380, 62.31, 70
2026/09/21 16:43:21.460, 100, 10062, 16380, 62.67, 70
2026/09/21 16:43:22.461, 100, 10062, 16380, 63.31, 70
2026/09/21 16:43:23.462, 100, 10062, 16380, 63.57, 71
2026/09/21 16:43:24.462, 100, 10062, 16380, 64.62, 71
2026/09/21 16:43:25.462, 100, 10062, 16380, 65.23, 71
2026/09/21 16:43:26.463, 100, 10062, 16380, 64.95, 71
2026/09/21 16:43:27.463, 100, 10062, 16380, 64.23, 72
2026/09/21 16:43:28.464, 100, 10062, 16380, 64.12, 73
2026/09/21 16:43:29.464, 100, 10062, 16380, 65.38, 71
2026/09/21 16:43:30.464, 100, 10062, 16380, 65.82, 72
2026/09/21 16:43:31.465, 100, 10062, 16380, 64.00, 73
2026/09/21 16:43:32.465, 100, 10062, 16380, 63.98, 70
2026/09/21 16:43:33.465, 100, 10062, 16380, 62.78, 70
2026/09/21 16:43:34.466, 100, 10062, 16380, 62.94, 70
2026/09/21 16:43:35.466, 100, 10062, 16380, 62.84, 71
2026/09/21 16:43:36.466, 100, 10062, 16380, 63.49, 71
2026/09/21 16:43:37.467, 100, 10062, 16380, 64.05, 71
2026/09/21 16:43:38.467, 100, 10062, 16380, 65.14, 71
2026/09/21 16:43:39.467, 100, 10062, 16380, 65.13, 71
2026/09/21 16:43:40.468, 100, 10062, 16380, 64.96, 73
2026/09/21 16:43:41.468, 100, 10062, 16380, 63.41, 71
2026/09/21 16:43:42.468, 100, 10062, 16380, 58.87, 70
2026/09/21 16:43:43.469, 100, 10062, 16380, 62.87, 70
2026/09/21 16:43:44.469, 100, 10062, 16380, 63.08, 70
2026/09/21 16:43:45.469, 100, 10062, 16380, 62.78, 71
2026/09/21 16:43:46.470, 100, 10062, 16380, 62.80, 71
2026/09/21 16:43:47.470, 100, 10062, 16380, 62.94, 72
2026/09/21 16:43:48.471, 100, 10062, 16380, 63.23, 71
2026/09/21 16:43:49.472, 100, 10062, 16380, 63.29, 72
2026/09/21 16:43:50.472, 100, 10062, 16380, 63.05, 73
2026/09/21 16:43:51.472, 85, 10062, 16380, 63.97, 72
2026/09/21 16:43:52.473, 100, 10062, 16380, 63.73, 72
2026/09/21 16:43:53.473, 100, 10062, 16380, 63.97, 72
2026/09/21 16:43:54.473, 100, 10062, 16380, 64.79, 71
2026/09/21 16:43:55.474, 100, 10062, 16380, 60.48, 70
2026/09/21 16:43:56.474, 100, 10062, 16380, 64.84, 70
2026/09/21 16:43:57.474, 100, 10062, 16380, 64.18, 70
2026/09/21 16:43:58.475, 99, 10062, 16380, 63.97, 70
2026/09/21 16:43:59.475, 100, 10062, 16380, 64.48, 70
2026/09/21 16:44:00.476, 100, 10062, 16380, 64.91, 71
2026/09/21 16:44:01.476, 100, 10062, 16380, 64.65, 70
2026/09/21 16:44:02.476, 100, 10062, 16380, 63.79, 71
2026/09/21 16:44:03.476, 100, 10062, 16380, 64.82, 71
2026/09/21 16:44:04.477, 100, 10062, 16380, 64.57, 71
2026/09/21 16:44:05.477, 100, 10062, 16380, 64.10, 70
2026/09/21 16:44:06.477, 100, 10062, 16380, 63.81, 71
2026/09/21 16:44:07.478, 100, 10062, 16380, 62.72, 71
2026/09/21 16:44:08.478, 100, 10062, 16380, 62.45, 71
2026/09/21 16:44:09.478, 100, 10062, 16380, 63.27, 71
2026/09/21 16:44:10.479, 100, 10062, 16380, 63.40, 71
2026/09/21 16:44:11.479, 100, 10062, 16380, 62.77, 71
2026/09/21 16:44:12.479, 100, 10062, 16380, 62.79, 71
2026/09/21 16:44:13.480, 100, 10062, 16380, 63.54, 71
2026/09/21 16:44:14.480, 100, 10062, 16380, 63.31, 71
2026/09/21 16:44:15.480, 100, 10062, 16380, 64.03, 71
2026/09/21 16:44:16.481, 100, 10062, 16380, 64.11, 71
2026/09/21 16:44:17.481, 100, 10062, 16380, 64.60, 71
2026/09/21 16:44:18.482, 100, 10062, 16380, 63.66, 71
2026/09/21 16:44:19.482, 100, 10062, 16380, 64.97, 70
2026/09/21 16:44:20.482, 100, 10062, 16380, 64.55, 70
2026/09/21 16:44:21.483, 100, 10062, 16380, 64.95, 70
2026/09/21 16:44:22.483, 100, 10062, 16380, 65.30, 71
2026/09/21 16:44:23.483, 100, 10062, 16380, 65.29, 70
2026/09/21 16:44:24.484, 85, 10062, 16380, 66.17, 72
2026/09/21 16:44:25.484, 100, 10062, 16380, 63.76, 73
2026/09/21 16:44:26.484, 100, 10062, 16380, 65.11, 73
2026/09/21 16:44:27.485, 100, 10062, 16380, 63.51, 73
2026/09/21 16:44:28.485, 100, 10062, 16380, 64.52, 71
2026/09/21 16:44:29.485, 100, 10062, 16380, 63.26, 71
2026/09/21 16:44:30.486, 100, 10062, 16380, 64.20, 71
2026/09/21 16:44:31.486, 100, 10062, 16380, 62.38, 71
2026/09/21 16:44:32.486, 100, 10062, 16380, 64.55, 71
2026/09/21 16:44:33.486, 100, 10062, 16380, 63.61, 70
2026/09/21 16:44:34.487, 97, 10062, 16380, 64.94, 70
2026/09/21 16:44:35.487, 100, 10062, 16380, 64.97, 69
2026/09/21 16:44:36.487, 100, 10062, 16380, 64.55, 72
2026/09/21 16:44:37.488, 100, 10062, 16380, 65.58, 72
2026/09/21 16:44:38.488, 100, 10062, 16380, 63.99, 72
2026/09/21 16:44:39.489, 100, 10062, 16380, 63.84, 71
2026/09/21 16:44:40.489, 100, 10062, 16380, 63.51, 71
2026/09/21 16:44:41.489, 100, 10062, 16380, 62.35, 70
2026/09/21 16:44:42.490, 100, 10062, 16380, 64.99, 71
2026/09/21 16:44:43.490, 100, 10062, 16380, 64.94, 70
2026/09/21 16:44:44.490, 100, 10062, 16380, 64.44, 72
2026/09/21 16:44:45.491, 100, 10062, 16380, 65.46, 72
2026/09/21 16:44:46.491, 100, 10062, 16380, 64.84, 70
2026/09/21 16:44:47.491, 100, 10062, 16380, 65.58, 69
2026/09/21 16:44:48.492, 100, 10062, 16380, 64.51, 73
2026/09/21 16:44:49.492, 100, 10062, 16380, 64.08, 72
2026/09/21 16:44:50.493, 100, 10062, 16380, 63.56, 71
2026/09/21 16:44:51.493, 100, 10062, 16380, 62.35, 70
2026/09/21 16:44:52.493, 100, 10062, 16380, 65.58, 70
2026/09/21 16:44:53.493, 100, 10062, 16380, 65.33, 70
2026/09/21 16:44:54.494, 84, 10062, 16380, 65.08, 73
2026/09/21 16:44:55.494, 100, 10062, 16380, 63.84, 71
2026/09/21 16:44:56.494, 100, 10062, 16380, 63.64, 71
2026/09/21 16:44:57.495, 100, 10062, 16380, 63.17, 71
2026/09/21 16:44:58.495, 100, 10062, 16380, 63.85, 70
2026/09/21 16:44:59.495, 100, 10062, 16380, 65.53, 70
2026/09/21 16:45:00.496, 100, 10062, 16380, 64.67, 72
2026/09/21 16:45:01.496, 100, 10062, 16380, 63.91, 71
2026/09/21 16:45:02.496, 100, 10062, 16380, 63.62, 71
2026/09/21 16:45:03.496, 100, 10062, 16380, 64.02, 70
2026/09/21 16:45:04.642, 83, 10062, 16380, 65.75, 71
2026/09/21 16:45:05.642, 100, 10062, 16380, 64.42, 71
2026/09/21 16:45:06.642, 100, 10062, 16380, 64.02, 70
2026/09/21 16:45:07.657, 100, 10062, 16380, 63.37, 71
2026/09/21 16:45:08.658, 100, 10062, 16380, 64.36, 71
2026/09/21 16:45:09.758, 100, 10062, 16380, 63.59, 71
2026/09/21 16:45:10.758, 100, 10062, 16380, 65.14, 70
2026/09/21 16:45:11.758, 100, 10062, 16380, 64.56, 71
2026/09/21 16:45:12.759, 100, 10062, 16380, 64.00, 72
2026/09/21 16:45:13.759, 100, 10062, 16380, 63.68, 71
2026/09/21 16:45:14.759, 90, 10062, 16380, 64.36, 70
2026/09/21 16:45:15.759, 100, 10062, 16380, 64.87, 71
2026/09/21 16:45:16.760, 100, 10062, 16380, 63.96, 70
2026/09/21 16:45:17.760, 100, 10062, 16380, 63.66, 70
2026/09/21 16:45:18.760, 100, 10062, 16380, 63.29, 73
2026/09/21 16:45:19.761, 100, 10062, 16380, 65.36, 71
2026/09/21 16:45:20.761, 100, 10062, 16380, 64.55, 70
2026/09/21 16:45:21.762, 84, 10062, 16380, 63.57, 70
2026/09/21 16:45:22.762, 100, 10062, 16380, 64.07, 73
2026/09/21 16:45:23.762, 100, 10062, 16380, 65.58, 71
2026/09/21 16:45:24.762, 100, 10062, 16380, 64.00, 71
2026/09/21 16:45:25.763, 100, 10062, 16380, 64.21, 70
2026/09/21 16:45:26.763, 100, 10062, 16380, 63.69, 72
2026/09/21 16:45:27.763, 100, 10062, 16380, 65.53, 71
2026/09/21 16:45:28.764, 100, 10062, 16380, 63.93, 70
2026/09/21 16:45:29.764, 100, 10062, 16380, 63.62, 70
2026/09/21 16:45:30.764, 100, 10062, 16380, 64.22, 72
2026/09/21 16:45:31.765, 100, 10062, 16380, 64.37, 71
2026/09/21 16:45:32.765, 100, 10062, 16380, 64.57, 70
2026/09/21 16:45:33.765, 100, 10062, 16380, 63.45, 72
2026/09/21 16:45:34.766, 100, 10062, 16380, 65.22, 71
2026/09/21 16:45:35.766, 100, 10062, 16380, 63.99, 70
2026/09/21 16:45:36.766, 100, 10062, 16380, 64.00, 70
2026/09/21 16:45:37.767, 100, 10062, 16380, 64.15, 72
2026/09/21 16:45:38.767, 100, 10062, 16380, 65.90, 71
2026/09/21 16:45:39.767, 100, 10062, 16380, 64.63, 70
2026/09/21 16:45:40.768, 100, 10062, 16380, 63.87, 72
2026/09/21 16:45:41.768, 100, 10062, 16380, 65.22, 71
2026/09/21 16:45:42.768, 100, 10062, 16380, 64.07, 70
2026/09/21 16:45:43.769, 100, 10062, 16380, 64.68, 72
2026/09/21 16:45:44.769, 100, 10062, 16380, 64.84, 71
2026/09/21 16:45:45.769, 100, 10062, 16380, 63.65, 68
2026/09/21 16:45:46.770, 100, 10062, 16380, 64.49, 72
2026/09/21 16:45:47.770, 100, 10062, 16380, 64.95, 71
2026/09/21 16:45:48.770, 100, 10062, 16380, 64.24, 70
2026/09/21 16:45:49.771, 100, 10062, 16380, 63.66, 72
2026/09/21 16:45:50.771, 100, 10062, 16380, 65.03, 71
2026/09/21 16:45:51.771, 100, 10062, 16380, 64.35, 70
2026/09/21 16:45:52.772, 84, 10062, 16380, 63.80, 72
2026/09/21 16:45:53.772, 100, 10062, 16380, 65.12, 71
2026/09/21 16:45:54.772, 100, 10062, 16380, 64.48, 70
2026/09/21 16:45:55.773, 100, 10062, 16380, 63.30, 72
2026/09/21 16:45:56.773, 100, 10062, 16380, 64.29, 71
2026/09/21 16:45:57.773, 100, 10062, 16380, 64.26, 70
2026/09/21 16:45:58.773, 100, 10062, 16380, 63.99, 73
2026/09/21 16:45:59.774, 100, 10062, 16380, 64.54, 71
2026/09/21 16:46:00.774, 100, 10062, 16380, 64.39, 70
2026/09/21 16:46:01.775, 100, 10062, 16380, 63.68, 73
2026/09/21 16:46:02.775, 100, 10062, 16380, 64.88, 71
2026/09/21 16:46:03.775, 100, 10062, 16380, 64.00, 70
2026/09/21 16:46:04.776, 100, 10062, 16380, 64.34, 72
2026/09/21 16:46:05.776, 100, 10062, 16380, 64.60, 71
2026/09/21 16:46:06.776, 83, 10062, 16380, 64.01, 71
2026/09/21 16:46:07.777, 100, 10062, 16380, 65.18, 71
2026/09/21 16:46:08.777, 100, 10062, 16380, 64.41, 70
2026/09/21 16:46:09.777, 100, 10062, 16380, 63.83, 72
2026/09/21 16:46:10.777, 100, 10062, 16380, 64.11, 71
2026/09/21 16:46:11.778, 100, 10062, 16380, 64.12, 70
2026/09/21 16:46:12.778, 100, 10062, 16380, 64.85, 71
2026/09/21 16:46:13.779, 100, 10062, 16380, 64.14, 70
2026/09/21 16:46:14.779, 100, 10062, 16380, 64.09, 73
2026/09/21 16:46:15.779, 100, 10062, 16380, 64.82, 71
2026/09/21 16:46:16.780, 100, 10062, 16380, 64.30, 70
2026/09/21 16:46:17.780, 100, 10062, 16380, 63.55, 71
2026/09/21 16:46:18.780, 100, 10062, 16380, 64.48, 70
2026/09/21 16:46:19.780, 100, 10062, 16380, 64.10, 72
2026/09/21 16:46:20.781, 100, 10062, 16380, 63.51, 70
2026/09/21 16:46:21.781, 100, 10062, 16380, 64.35, 70
2026/09/21 16:46:22.781, 100, 10062, 16380, 65.46, 71
2026/09/21 16:46:23.782, 100, 10062, 16380, 64.52, 70
2026/09/21 16:46:24.782, 100, 10062, 16380, 64.38, 72
2026/09/21 16:46:25.782, 100, 10062, 16380, 64.92, 71
2026/09/21 16:46:26.783, 100, 10062, 16380, 64.10, 71
2026/09/21 16:46:27.783, 100, 10062, 16380, 64.18, 71
2026/09/21 16:46:28.783, 100, 10062, 16380, 64.59, 70
2026/09/21 16:46:29.784, 100, 10062, 16380, 64.30, 71
2026/09/21 16:46:30.784, 100, 10062, 16380, 64.62, 70
2026/09/21 16:46:31.784, 100, 10062, 16380, 64.72, 72
2026/09/21 16:46:32.784, 100, 10062, 16380, 65.17, 70
2026/09/21 16:46:33.785, 100, 10062, 16380, 64.64, 71
2026/09/21 16:46:34.785, 100, 10062, 16380, 63.54, 71
2026/09/21 16:46:35.785, 100, 10062, 16380, 64.94, 72
2026/09/21 16:46:36.786, 100, 10062, 16380, 65.08, 71
2026/09/21 16:46:37.786, 100, 10062, 16380, 64.95, 72
2026/09/21 16:46:38.786, 100, 10062, 16380, 64.13, 71
2026/09/21 16:46:39.787, 100, 10062, 16380, 64.61, 73
2026/09/21 16:46:40.787, 100, 10062, 16380, 64.57, 71
2026/09/21 16:46:41.787, 100, 10062, 16380, 64.25, 71
2026/09/21 16:46:42.788, 100, 10062, 16380, 63.27, 71
2026/09/21 16:46:43.788, 100, 10062, 16380, 65.07, 70
2026/09/21 16:46:44.788, 100, 10062, 16380, 64.72, 71
2026/09/21 16:46:45.788, 100, 10062, 16380, 63.75, 68
2026/09/21 16:46:46.789, 100, 10062, 16380, 64.20, 71
2026/09/21 16:46:47.789, 100, 10062, 16380, 64.38, 70
2026/09/21 16:46:48.790, 100, 10062, 16380, 64.16, 71
2026/09/21 16:46:49.791, 100, 10062, 16380, 64.16, 70
2026/09/21 16:46:50.791, 100, 10062, 16380, 65.06, 71
2026/09/21 16:46:51.792, 100, 10062, 16380, 64.72, 70
2026/09/21 16:46:52.792, 100, 10062, 16380, 63.48, 73
2026/09/21 16:46:53.792, 100, 10062, 16380, 64.03, 70
2026/09/21 16:46:54.793, 100, 10062, 16380, 64.82, 72
2026/09/21 16:46:55.793, 100, 10062, 16380, 64.60, 71
2026/09/21 16:46:56.793, 82, 10062, 16380, 64.44, 71
2026/09/21 16:46:57.794, 100, 10062, 16380, 64.30, 70
2026/09/21 16:46:58.794, 100, 10062, 16380, 64.76, 72
2026/09/21 16:46:59.795, 100, 10062, 16380, 64.95, 71
2026/09/21 16:47:00.795, 100, 10062, 16380, 63.35, 71
2026/09/21 16:47:01.795, 100, 10062, 16380, 64.77, 70
2026/09/21 16:47:02.796, 100, 10062, 16380, 64.52, 71
2026/09/21 16:47:03.796, 100, 10062, 16380, 65.83, 70
2026/09/21 16:47:04.796, 31, 10062, 16380, 62.95, 69
2026/09/21 16:47:05.797, 100, 10062, 16380, 64.54, 70
2026/09/21 16:47:06.797, 100, 10062, 16380, 64.22, 71
2026/09/21 16:47:07.797, 100, 10062, 16380, 64.50, 70
2026/09/21 16:47:08.798, 100, 10062, 16380, 59.45, 69
2026/09/21 16:47:09.798, 96, 10062, 16380, 65.68, 70
2026/09/21 16:47:10.799, 100, 10062, 16380, 66.32, 70
2026/09/21 16:47:11.799, 95, 10062, 16380, 66.14, 70
2026/09/21 16:47:12.799, 100, 10062, 16380, 66.26, 70
2026/09/21 16:47:13.800, 96, 10062, 16380, 66.36, 70
2026/09/21 16:47:14.800, 100, 10062, 16380, 66.36, 70
2026/09/21 16:47:15.800, 96, 10062, 16380, 66.37, 70
2026/09/21 16:47:16.801, 100, 10062, 16380, 66.38, 70
2026/09/21 16:47:17.801, 96, 10062, 16380, 65.90, 70
2026/09/21 16:47:18.801, 100, 10062, 16380, 66.12, 70
2026/09/21 16:47:19.802, 96, 10062, 16380, 66.41, 70
2026/09/21 16:47:20.802, 100, 10062, 16380, 66.35, 70
2026/09/21 16:47:21.803, 96, 10062, 16380, 66.32, 71
2026/09/21 16:47:22.803, 100, 10062, 16380, 66.28, 71
2026/09/21 16:47:23.804, 96, 10062, 16380, 66.33, 70
2026/09/21 16:47:24.804, 100, 10062, 16380, 66.36, 71
2026/09/21 16:47:25.805, 100, 10062, 16380, 66.34, 70
2026/09/21 16:47:26.805, 96, 10062, 16380, 66.32, 71
2026/09/21 16:47:27.805, 100, 10062, 16380, 66.39, 70
2026/09/21 16:47:28.806, 96, 10062, 16380, 66.39, 71
2026/09/21 16:47:29.806, 100, 10062, 16380, 66.37, 70
2026/09/21 16:47:30.806, 96, 10062, 16380, 66.41, 71
2026/09/21 16:47:31.806, 100, 10062, 16380, 66.25, 71
2026/09/21 16:47:32.807, 100, 10062, 16380, 66.07, 71
2026/09/21 16:47:33.807, 96, 10062, 16380, 66.31, 71
2026/09/21 16:47:34.808, 100, 10062, 16380, 66.32, 71
2026/09/21 16:47:35.808, 96, 10062, 16380, 66.47, 71
2026/09/21 16:47:36.809, 100, 10062, 16380, 66.36, 71
2026/09/21 16:47:37.809, 96, 10062, 16380, 66.35, 71
2026/09/21 16:47:38.809, 100, 10062, 16380, 66.28, 71
2026/09/21 16:47:39.810, 96, 10062, 16380, 66.34, 71
2026/09/21 16:47:40.810, 100, 10062, 16380, 66.34, 71
2026/09/21 16:47:41.810, 96, 10062, 16380, 66.34, 71
2026/09/21 16:47:42.810, 100, 10062, 16380, 66.38, 70
2026/09/21 16:47:43.811, 96, 10062, 16380, 66.31, 71
2026/09/21 16:47:44.811, 100, 10062, 16380, 66.33, 70
2026/09/21 16:47:45.812, 96, 10062, 16380, 66.19, 71
2026/09/21 16:47:46.812, 100, 10062, 16380, 65.82, 70
2026/09/21 16:47:47.813, 96, 10062, 16380, 66.27, 71
2026/09/21 16:47:48.813, 100, 10062, 16380, 66.29, 71
2026/09/21 16:47:49.813, 100, 10062, 16380, 66.32, 71
2026/09/21 16:47:50.814, 98, 10062, 16380, 66.42, 71
2026/09/21 16:47:51.814, 100, 10062, 16380, 66.35, 71
2026/09/21 16:47:52.814, 96, 10062, 16380, 66.32, 71
2026/09/21 16:47:53.815, 100, 10062, 16380, 66.28, 71
2026/09/21 16:47:54.815, 96, 10062, 16380, 66.24, 71
2026/09/21 16:47:55.815, 100, 10062, 16380, 66.25, 71
2026/09/21 16:47:56.816, 96, 10062, 16380, 66.31, 71
2026/09/21 16:47:57.816, 100, 10062, 16380, 66.32, 71
2026/09/21 16:47:58.816, 96, 10062, 16380, 66.43, 71
2026/09/21 16:47:59.817, 100, 10062, 16380, 66.37, 71
2026/09/21 16:48:00.818, 96, 10062, 16380, 66.01, 71
2026/09/21 16:48:01.818, 100, 10062, 16380, 66.25, 71
2026/09/21 16:48:02.818, 96, 10062, 16380, 66.47, 71
2026/09/21 16:48:03.819, 100, 10062, 16380, 66.30, 71
2026/09/21 16:48:04.819, 96, 10062, 16380, 66.37, 71
2026/09/21 16:48:05.819, 100, 10062, 16380, 66.34, 71
2026/09/21 16:48:06.820, 96, 10062, 16380, 66.31, 71
2026/09/21 16:48:07.820, 100, 10062, 16380, 66.44, 71
2026/09/21 16:48:08.820, 96, 10062, 16380, 66.47, 71
2026/09/21 16:48:09.821, 100, 10062, 16380, 66.52, 71
2026/09/21 16:48:10.821, 96, 10062, 16380, 66.53, 71
2026/09/21 16:48:11.821, 100, 10062, 16380, 66.52, 71
2026/09/21 16:48:12.822, 96, 10062, 16380, 66.51, 71
2026/09/21 16:48:13.822, 100, 10062, 16380, 66.53, 70
2026/09/21 16:48:14.823, 89, 10062, 16380, 66.04, 71
2026/09/21 16:48:15.823, 100, 10062, 16380, 66.52, 71
2026/09/21 16:48:16.823, 96, 10062, 16380, 66.46, 71
2026/09/21 16:48:17.824, 100, 10062, 16380, 66.47, 71
2026/09/21 16:48:18.824, 96, 10062, 16380, 66.47, 71
2026/09/21 16:48:19.824, 100, 10062, 16380, 66.49, 70
2026/09/21 16:48:20.825, 96, 10062, 16380, 66.43, 71
2026/09/21 16:48:21.825, 100, 10062, 16380, 66.45, 71
2026/09/21 16:48:22.825, 97, 10062, 16380, 66.51, 71
2026/09/21 16:48:23.826, 100, 10062, 16380, 66.44, 71
2026/09/21 16:48:24.826, 100, 10062, 16380, 66.44, 71
2026/09/21 16:48:25.826, 99, 10062, 16380, 66.53, 71
2026/09/21 16:48:26.827, 100, 10062, 16380, 66.49, 71
2026/09/21 16:48:27.827, 96, 10062, 16380, 66.47, 71
2026/09/21 16:48:28.827, 100, 10062, 16380, 65.97, 71
2026/09/21 16:48:29.828, 100, 10062, 16380, 66.50, 71
2026/09/21 16:48:30.828, 100, 10062, 16380, 66.48, 71
2026/09/21 16:48:31.828, 98, 10062, 16380, 66.47, 71
2026/09/21 16:48:32.829, 100, 10062, 16380, 66.56, 71
2026/09/21 16:48:33.829, 96, 10062, 16380, 66.49, 71
2026/09/21 16:48:34.830, 100, 10062, 16380, 66.40, 71
2026/09/21 16:48:35.830, 96, 10062, 16380, 66.40, 71
2026/09/21 16:48:36.831, 100, 10062, 16380, 66.44, 71
2026/09/21 16:48:37.831, 96, 10062, 16380, 66.48, 71
2026/09/21 16:48:38.831, 100, 10062, 16380, 66.51, 71
2026/09/21 16:48:39.831, 96, 10062, 16380, 66.47, 71
2026/09/21 16:48:40.832, 100, 10062, 16380, 66.48, 71
2026/09/21 16:48:41.832, 96, 10062, 16380, 66.49, 71
2026/09/21 16:48:42.832, 100, 10062, 16380, 66.02, 71
2026/09/21 16:48:43.833, 96, 10062, 16380, 66.13, 71
2026/09/21 16:48:44.833, 100, 10062, 16380, 66.44, 71
2026/09/21 16:48:45.833, 96, 10062, 16380, 66.46, 71
2026/09/21 16:48:46.834, 100, 10062, 16380, 66.48, 71
2026/09/21 16:48:47.835, 96, 10062, 16380, 66.46, 71
2026/09/21 16:48:48.835, 100, 10062, 16380, 66.51, 71
2026/09/21 16:48:49.835, 96, 10062, 16380, 66.51, 71
2026/09/21 16:48:50.836, 100, 10062, 16380, 66.52, 71
2026/09/21 16:48:51.836, 92, 10062, 16380, 66.33, 71
2026/09/21 16:48:52.836, 97, 10062, 16380, 67.80, 71
2026/09/21 16:48:53.837, 97, 10062, 16380, 67.78, 71
2026/09/21 16:48:54.837, 97, 10062, 16380, 68.35, 73
2026/09/21 16:48:55.837, 100, 10062, 16380, 69.11, 72
2026/09/21 16:48:56.838, 98, 10062, 16380, 68.80, 72
2026/09/21 16:48:57.838, 99, 10062, 16380, 68.74, 72
2026/09/21 16:48:58.838, 99, 10062, 16380, 61.94, 73
2026/09/21 16:48:59.839, 17, 10062, 16380, 23.20, 64
2026/09/21 16:49:00.839, 19, 10062, 16380, 22.50, 62
2026/09/21 16:49:01.840, 19, 10062, 16380, 20.04, 61
2026/09/21 16:49:02.840, 19, 10062, 16380, 19.93, 61
2026/09/21 16:49:03.840, 19, 10062, 16380, 19.93, 60
2026/09/21 16:49:04.841, 20, 10062, 16380, 19.83, 60
2026/09/21 16:49:05.841, 20, 10062, 16380, 19.71, 59
2026/09/21 16:49:06.841, 40, 10062, 16380, 35.18, 64
2026/09/21 16:49:07.842, 100, 10062, 16380, 62.66, 69
2026/09/21 16:49:08.842, 100, 10062, 16380, 62.10, 71
2026/09/21 16:49:09.842, 100, 10062, 16380, 62.70, 69
2026/09/21 16:49:10.843, 100, 10062, 16380, 63.18, 69
2026/09/21 16:49:11.843, 100, 10062, 16380, 63.18, 70
2026/09/21 16:49:12.843, 100, 10062, 16380, 62.88, 69
2026/09/21 16:49:13.844, 100, 10062, 16380, 62.97, 69
2026/09/21 16:49:14.844, 100, 10062, 16380, 62.67, 69
2026/09/21 16:49:15.845, 100, 10062, 16380, 62.55, 70
2026/09/21 16:49:16.845, 100, 10062, 16380, 62.20, 72
2026/09/21 16:49:17.845, 100, 10062, 16380, 62.54, 70
2026/09/21 16:49:18.846, 100, 10062, 16380, 63.18, 70
2026/09/21 16:49:19.846, 100, 10062, 16380, 63.77, 71
2026/09/21 16:49:20.846, 100, 10062, 16380, 63.74, 70
2026/09/21 16:49:21.847, 100, 10062, 16380, 64.29, 70
2026/09/21 16:49:22.847, 100, 10062, 16380, 64.22, 69
2026/09/21 16:49:23.847, 100, 10062, 16380, 62.70, 69
2026/09/21 16:49:24.848, 100, 10062, 16380, 62.80, 70
2026/09/21 16:49:25.848, 100, 10062, 16380, 62.63, 72
2026/09/21 16:49:26.848, 100, 10062, 16380, 62.22, 71
2026/09/21 16:49:27.849, 100, 10062, 16380, 62.82, 70
2026/09/21 16:49:28.849, 100, 10062, 16380, 63.64, 70
2026/09/21 16:49:29.849, 100, 10062, 16380, 63.75, 70
2026/09/21 16:49:30.850, 100, 10062, 16380, 64.11, 70
2026/09/21 16:49:31.850, 100, 10062, 16380, 63.57, 70
2026/09/21 16:49:32.850, 100, 10062, 16380, 63.53, 70
2026/09/21 16:49:33.851, 100, 10062, 16380, 62.21, 70
2026/09/21 16:49:34.851, 100, 10062, 16380, 62.47, 71
2026/09/21 16:49:35.851, 100, 10062, 16380, 62.22, 72
2026/09/21 16:49:36.852, 100, 10062, 16380, 63.20, 71
2026/09/21 16:49:37.852, 100, 10062, 16380, 63.19, 71
2026/09/21 16:49:38.853, 100, 10062, 16380, 63.76, 71
2026/09/21 16:49:39.853, 100, 10062, 16380, 64.05, 70
2026/09/21 16:49:40.853, 100, 10062, 16380, 64.11, 70
2026/09/21 16:49:41.854, 100, 10062, 16380, 62.99, 70
2026/09/21 16:49:42.854, 100, 10062, 16380, 62.91, 70
2026/09/21 16:49:43.854, 100, 10062, 16380, 62.57, 72
2026/09/21 16:49:44.855, 100, 10062, 16380, 62.06, 71
2026/09/21 16:49:45.855, 100, 10062, 16380, 63.13, 71
2026/09/21 16:49:46.855, 100, 10062, 16380, 64.17, 71
2026/09/21 16:49:47.856, 100, 10062, 16380, 63.54, 70
2026/09/21 16:49:48.856, 100, 10062, 16380, 64.16, 70
2026/09/21 16:49:49.856, 100, 10062, 16380, 64.17, 70
2026/09/21 16:49:50.857, 100, 10062, 16380, 63.04, 70
2026/09/21 16:49:51.857, 100, 10062, 16380, 62.88, 71
2026/09/21 16:49:52.858, 100, 10062, 16380, 62.29, 73
2026/09/21 16:49:53.858, 100, 10062, 16380, 62.72, 71
2026/09/21 16:49:54.858, 100, 10062, 16380, 62.80, 71
2026/09/21 16:49:55.859, 100, 10062, 16380, 63.99, 71
2026/09/21 16:49:56.859, 100, 10062, 16380, 63.73, 71
2026/09/21 16:49:57.859, 100, 10062, 16380, 63.60, 69
2026/09/21 16:49:58.860, 100, 10062, 16380, 63.04, 70
2026/09/21 16:49:59.860, 100, 10062, 16380, 62.76, 70
2026/09/21 16:50:00.860, 100, 10062, 16380, 62.47, 72
2026/09/21 16:50:01.861, 100, 10062, 16380, 62.16, 72
2026/09/21 16:50:02.861, 100, 10062, 16380, 62.91, 71
2026/09/21 16:50:03.861, 100, 10062, 16380, 64.13, 71
2026/09/21 16:50:04.862, 100, 10062, 16380, 63.74, 71
2026/09/21 16:50:05.862, 100, 10062, 16380, 64.86, 71
2026/09/21 16:50:06.862, 100, 10062, 16380, 63.41, 70
2026/09/21 16:50:07.863, 100, 10062, 16380, 62.90, 70
2026/09/21 16:50:08.863, 100, 10062, 16380, 63.04, 71
2026/09/21 16:50:09.863, 100, 10062, 16380, 62.57, 73
2026/09/21 16:50:10.864, 100, 10062, 16380, 61.89, 71
2026/09/21 16:50:11.864, 100, 10062, 16380, 63.79, 71
2026/09/21 16:50:12.864, 100, 10062, 16380, 63.75, 71
2026/09/21 16:50:13.865, 100, 10062, 16380, 64.11, 71
2026/09/21 16:50:14.865, 100, 10062, 16380, 63.78, 70
2026/09/21 16:50:15.865, 100, 10062, 16380, 62.83, 70
2026/09/21 16:50:16.866, 100, 10062, 16380, 63.48, 71
2026/09/21 16:50:17.866, 100, 10062, 16380, 62.54, 73
2026/09/21 16:50:18.866, 100, 10062, 16380, 62.60, 71
2026/09/21 16:50:19.867, 100, 10062, 16380, 63.60, 71
2026/09/21 16:50:20.867, 100, 10062, 16380, 63.94, 71
2026/09/21 16:50:21.867, 100, 10062, 16380, 64.22, 71
2026/09/21 16:50:22.868, 100, 10062, 16380, 63.80, 70
2026/09/21 16:50:23.868, 100, 10062, 16380, 63.00, 70
2026/09/21 16:50:24.868, 100, 10062, 16380, 63.17, 73
2026/09/21 16:50:25.869, 100, 10062, 16380, 62.02, 73
2026/09/21 16:50:26.869, 100, 10062, 16380, 62.93, 71
2026/09/21 16:50:27.870, 100, 10062, 16380, 63.63, 71
2026/09/21 16:50:28.870, 100, 10062, 16380, 64.41, 71
2026/09/21 16:50:29.870, 100, 10062, 16380, 64.13, 71
2026/09/21 16:50:30.871, 100, 10062, 16380, 63.24, 70
2026/09/21 16:50:31.871, 100, 10062, 16380, 62.99, 71
2026/09/21 16:50:32.871, 100, 10062, 16380, 62.44, 73
2026/09/21 16:50:33.871, 100, 10062, 16380, 62.15, 72
2026/09/21 16:50:34.872, 100, 10062, 16380, 63.82, 71
2026/09/21 16:50:35.872, 100, 10062, 16380, 64.19, 71
2026/09/21 16:50:36.872, 100, 10062, 16380, 63.94, 71
2026/09/21 16:50:37.872, 100, 10062, 16380, 63.88, 70
2026/09/21 16:50:38.873, 100, 10062, 16380, 63.26, 71
2026/09/21 16:50:39.873, 100, 10062, 16380, 62.91, 71
2026/09/21 16:50:40.874, 100, 10062, 16380, 62.51, 73
2026/09/21 16:50:41.874, 100, 10062, 16380, 63.48, 72
2026/09/21 16:50:42.874, 100, 10062, 16380, 63.11, 71
2026/09/21 16:50:43.874, 100, 10062, 16380, 63.92, 72
2026/09/21 16:50:44.875, 100, 10062, 16380, 62.89, 71
2026/09/21 16:50:45.875, 100, 10062, 16380, 62.70, 70
2026/09/21 16:50:46.875, 100, 10062, 16380, 63.42, 70
2026/09/21 16:50:47.876, 100, 10062, 16380, 63.06, 71
2026/09/21 16:50:48.876, 100, 10062, 16380, 63.88, 73
2026/09/21 16:50:49.876, 100, 10062, 16380, 63.85, 72
2026/09/21 16:50:50.877, 100, 10062, 16380, 63.26, 72
2026/09/21 16:50:51.877, 100, 10062, 16380, 63.18, 71
2026/09/21 16:50:52.878, 100, 10062, 16380, 62.81, 71
2026/09/21 16:50:53.879, 100, 10062, 16380, 62.81, 70
2026/09/21 16:50:54.879, 100, 10062, 16380, 62.36, 71
2026/09/21 16:50:55.879, 100, 10062, 16380, 63.90, 72
2026/09/21 16:50:56.880, 100, 10062, 16380, 63.99, 73
2026/09/21 16:50:57.880, 100, 10062, 16380, 64.67, 71
2026/09/21 16:50:58.880, 100, 10062, 16380, 62.79, 71
2026/09/21 16:50:59.881, 100, 10062, 16380, 62.78, 71
2026/09/21 16:51:00.881, 100, 10062, 16380, 62.45, 71
2026/09/21 16:51:01.881, 100, 10062, 16380, 62.27, 71
2026/09/21 16:51:02.882, 100, 10062, 16380, 63.62, 71
2026/09/21 16:51:03.882, 100, 10062, 16380, 63.86, 73
2026/09/21 16:51:04.882, 100, 10062, 16380, 64.33, 72
2026/09/21 16:51:05.883, 100, 10062, 16380, 63.30, 72
2026/09/21 16:51:06.883, 100, 10062, 16380, 62.81, 71
2026/09/21 16:51:07.884, 100, 10062, 16380, 63.32, 71
2026/09/21 16:51:08.884, 100, 10062, 16380, 62.31, 70
2026/09/21 16:51:09.884, 100, 10062, 16380, 63.74, 71
2026/09/21 16:51:10.885, 100, 10062, 16380, 64.13, 71
2026/09/21 16:51:11.885, 100, 10062, 16380, 63.81, 72
2026/09/21 16:51:12.885, 100, 10062, 16380, 63.96, 72
2026/09/21 16:51:13.886, 100, 10062, 16380, 64.37, 71
2026/09/21 16:51:14.886, 100, 10062, 16380, 62.75, 71
2026/09/21 16:51:15.886, 100, 10062, 16380, 62.86, 71
2026/09/21 16:51:16.887, 100, 10062, 16380, 63.25, 72
2026/09/21 16:51:17.887, 100, 10062, 16380, 61.87, 71
2026/09/21 16:51:18.888, 100, 10062, 16380, 64.32, 71
2026/09/21 16:51:19.888, 100, 10062, 16380, 64.34, 72
2026/09/21 16:51:20.889, 100, 10062, 16380, 64.47, 73
2026/09/21 16:51:21.889, 100, 10062, 16380, 64.86, 72
2026/09/21 16:51:22.889, 100, 10062, 16380, 63.48, 72
2026/09/21 16:51:23.890, 100, 10062, 16380, 62.66, 71
2026/09/21 16:51:24.890, 100, 10062, 16380, 62.58, 71
2026/09/21 16:51:25.890, 100, 10062, 16380, 62.41, 70
2026/09/21 16:51:26.891, 100, 10062, 16380, 63.24, 71
2026/09/21 16:51:27.891, 100, 10062, 16380, 63.98, 73
2026/09/21 16:51:28.891, 100, 10062, 16380, 64.29, 72
2026/09/21 16:51:29.892, 100, 10062, 16380, 63.04, 71
2026/09/21 16:51:30.892, 100, 10062, 16380, 62.96, 72
2026/09/21 16:51:31.893, 100, 10062, 16380, 62.38, 71
2026/09/21 16:51:32.893, 100, 10062, 16380, 62.13, 70
2026/09/21 16:51:33.893, 100, 10062, 16380, 63.49, 71
2026/09/21 16:51:34.894, 100, 10062, 16380, 63.44, 73
2026/09/21 16:51:35.894, 100, 10062, 16380, 64.03, 72
2026/09/21 16:51:36.894, 100, 10062, 16380, 63.61, 71
2026/09/21 16:51:37.895, 100, 10062, 16380, 63.04, 72
2026/09/21 16:51:38.895, 100, 10062, 16380, 63.45, 72
2026/09/21 16:51:39.895, 100, 10062, 16380, 61.91, 70
2026/09/21 16:51:40.896, 100, 10062, 16380, 61.75, 71
2026/09/21 16:51:41.897, 100, 10062, 16380, 63.59, 71
2026/09/21 16:51:42.897, 100, 10062, 16380, 63.99, 73
2026/09/21 16:51:43.897, 100, 10062, 16380, 64.03, 71
2026/09/21 16:51:44.898, 100, 10062, 16380, 63.53, 71
2026/09/21 16:51:45.898, 100, 10062, 16380, 62.87, 71
2026/09/21 16:51:46.898, 100, 10062, 16380, 62.48, 71
2026/09/21 16:51:47.899, 100, 10062, 16380, 62.31, 70
2026/09/21 16:51:48.899, 100, 10062, 16380, 63.47, 71
2026/09/21 16:51:49.899, 100, 10062, 16380, 64.36, 73
2026/09/21 16:51:50.900, 100, 10062, 16380, 63.80, 72
2026/09/21 16:51:51.900, 100, 10062, 16380, 63.87, 72
2026/09/21 16:51:52.901, 99, 10062, 16380, 64.24, 73
2026/09/21 16:51:53.901, 100, 10062, 16380, 63.27, 72
2026/09/21 16:51:54.901, 100, 10062, 16380, 64.38, 73
2026/09/21 16:51:55.902, 100, 10062, 16380, 64.38, 72
2026/09/21 16:51:56.902, 100, 10062, 16380, 63.76, 72
2026/09/21 16:51:57.902, 100, 10062, 16380, 63.64, 72
2026/09/21 16:51:58.903, 100, 10062, 16380, 63.56, 73
2026/09/21 16:51:59.903, 100, 10062, 16380, 63.38, 73
2026/09/21 16:52:00.903, 100, 10062, 16380, 61.03, 67
2026/09/21 16:52:01.904, 100, 10062, 16380, 62.57, 71
2026/09/21 16:52:02.904, 100, 10062, 16380, 62.23, 71
2026/09/21 16:52:03.904, 100, 10062, 16380, 61.96, 73
2026/09/21 16:52:04.905, 100, 10062, 16380, 62.41, 73
2026/09/21 16:52:05.905, 100, 10062, 16380, 63.25, 72
2026/09/21 16:52:06.906, 100, 10062, 16380, 62.27, 73
2026/09/21 16:52:07.906, 100, 10062, 16380, 62.73, 72
2026/09/21 16:52:08.906, 100, 10062, 16380, 61.13, 72
2026/09/21 16:52:09.907, 100, 10062, 16380, 62.98, 73
2026/09/21 16:52:10.907, 100, 10062, 16380, 62.59, 73
2026/09/21 16:52:11.907, 100, 10062, 16380, 61.62, 70
2026/09/21 16:52:12.908, 100, 10062, 16380, 64.56, 71
2026/09/21 16:52:13.908, 100, 10062, 16380, 64.51, 71
2026/09/21 16:52:14.908, 100, 10062, 16380, 62.86, 70
2026/09/21 16:52:15.909, 100, 10062, 16380, 63.65, 70
2026/09/21 16:52:16.909, 100, 10062, 16380, 64.11, 70
2026/09/21 16:52:17.909, 100, 10062, 16380, 64.23, 70
2026/09/21 16:52:18.910, 100, 10062, 16380, 64.05, 71
2026/09/21 16:52:19.910, 100, 10062, 16380, 63.94, 71
2026/09/21 16:52:20.911, 100, 10062, 16380, 63.31, 71
2026/09/21 16:52:21.911, 100, 10062, 16380, 63.41, 72
2026/09/21 16:52:22.911, 100, 10062, 16380, 63.64, 73
2026/09/21 16:52:23.912, 100, 10062, 16380, 62.50, 73
2026/09/21 16:52:24.912, 100, 10062, 16380, 62.40, 72
2026/09/21 16:52:25.912, 100, 10062, 16380, 61.50, 72
2026/09/21 16:52:26.913, 100, 10062, 16380, 62.84, 72
2026/09/21 16:52:27.913, 100, 10062, 16380, 62.69, 72
2026/09/21 16:52:28.913, 100, 10062, 16380, 62.75, 72
2026/09/21 16:52:29.914, 100, 10062, 16380, 63.02, 73
2026/09/21 16:52:30.914, 100, 10062, 16380, 62.56, 73
2026/09/21 16:52:31.915, 100, 10062, 16380, 62.34, 73
2026/09/21 16:52:32.915, 100, 10062, 16380, 62.28, 73
2026/09/21 16:52:33.915, 100, 10062, 16380, 62.81, 70
2026/09/21 16:52:34.916, 100, 10062, 16380, 63.28, 70
2026/09/21 16:52:35.916, 100, 10062, 16380, 62.32, 70
2026/09/21 16:52:36.916, 100, 10062, 16380, 64.22, 71
2026/09/21 16:52:37.917, 100, 10062, 16380, 62.46, 71
2026/09/21 16:52:38.917, 99, 10062, 16380, 63.52, 70
2026/09/21 16:52:39.917, 100, 10062, 16380, 63.39, 70
2026/09/21 16:52:40.918, 100, 10062, 16380, 63.65, 70
2026/09/21 16:52:41.918, 100, 10062, 16380, 63.08, 70
2026/09/21 16:52:42.918, 100, 10062, 16380, 63.85, 70
2026/09/21 16:52:43.919, 100, 10062, 16380, 62.53, 70
2026/09/21 16:52:44.919, 100, 10062, 16380, 64.22, 72
2026/09/21 16:52:45.920, 100, 10062, 16380, 62.80, 71
2026/09/21 16:52:46.921, 100, 10062, 16380, 62.91, 71
2026/09/21 16:52:47.921, 100, 10062, 16380, 64.00, 72
2026/09/21 16:52:48.921, 100, 10062, 16380, 63.82, 72
2026/09/21 16:52:49.921, 100, 10062, 16380, 64.22, 71
2026/09/21 16:52:50.922, 100, 10062, 16380, 62.84, 71
2026/09/21 16:52:51.922, 100, 10062, 16380, 62.68, 70
2026/09/21 16:52:52.923, 100, 10062, 16380, 64.56, 72
2026/09/21 16:52:53.923, 100, 10062, 16380, 62.88, 71
2026/09/21 16:52:54.923, 100, 10062, 16380, 64.22, 72
2026/09/21 16:52:55.924, 100, 10062, 16380, 62.35, 72
2026/09/21 16:52:56.924, 100, 10062, 16380, 62.27, 72
2026/09/21 16:52:57.924, 100, 10062, 16380, 62.24, 72
2026/09/21 16:52:58.925, 100, 10062, 16380, 62.74, 73
2026/09/21 16:52:59.925, 100, 10062, 16380, 62.51, 73
2026/09/21 16:53:00.925, 100, 10062, 16380, 62.21, 73
2026/09/21 16:53:01.926, 100, 10062, 16380, 62.32, 73
2026/09/21 16:53:02.926, 100, 10062, 16380, 61.92, 72
2026/09/21 16:53:03.926, 100, 10062, 16380, 61.92, 72
2026/09/21 16:53:04.927, 100, 10062, 16380, 62.22, 72
2026/09/21 16:53:05.927, 89, 10062, 16380, 63.51, 70
2026/09/21 16:53:06.927, 100, 10062, 16380, 63.72, 70
2026/09/21 16:53:07.928, 100, 10062, 16380, 63.92, 70
2026/09/21 16:53:08.928, 100, 10062, 16380, 62.15, 70
2026/09/21 16:53:09.928, 100, 10062, 16380, 62.98, 70
2026/09/21 16:53:10.930, 100, 10062, 16380, 62.79, 70
2026/09/21 16:53:11.930, 100, 10062, 16380, 63.09, 70
2026/09/21 16:53:12.930, 100, 10062, 16380, 63.05, 70
2026/09/21 16:53:13.930, 99, 10062, 16380, 62.99, 70
2026/09/21 16:53:14.931, 100, 10062, 16380, 63.36, 70
2026/09/21 16:53:15.931, 100, 10062, 16380, 63.36, 70
2026/09/21 16:53:16.931, 100, 10062, 16380, 63.75, 71
2026/09/21 16:53:17.932, 100, 10062, 16380, 63.63, 71
2026/09/21 16:53:18.933, 100, 10062, 16380, 62.96, 71
2026/09/21 16:53:19.933, 100, 10062, 16380, 62.97, 70
2026/09/21 16:53:20.933, 100, 10062, 16380, 63.53, 71
2026/09/21 16:53:21.934, 100, 10062, 16380, 63.68, 71
2026/09/21 16:53:22.934, 100, 10062, 16380, 63.46, 71
2026/09/21 16:53:23.934, 100, 10062, 16380, 63.58, 72
2026/09/21 16:53:24.935, 100, 10062, 16380, 63.41, 71
2026/09/21 16:53:25.935, 100, 10062, 16380, 63.64, 71
2026/09/21 16:53:26.935, 100, 10062, 16380, 63.34, 71
2026/09/21 16:53:27.936, 100, 10062, 16380, 63.33, 73
2026/09/21 16:53:28.936, 100, 10062, 16380, 62.51, 73
2026/09/21 16:53:29.936, 100, 10062, 16380, 62.05, 73
2026/09/21 16:53:30.937, 100, 10062, 16380, 63.28, 71
2026/09/21 16:53:31.937, 100, 10062, 16380, 63.12, 71
2026/09/21 16:53:32.938, 100, 10062, 16380, 63.09, 71
2026/09/21 16:53:33.938, 100, 10062, 16380, 63.01, 72
2026/09/21 16:53:34.938, 100, 10062, 16380, 62.88, 72
2026/09/21 16:53:35.939, 100, 10062, 16380, 62.65, 72
2026/09/21 16:53:36.939, 100, 10062, 16380, 62.47, 72
2026/09/21 16:53:37.939, 100, 10062, 16380, 63.08, 72
2026/09/21 16:53:38.940, 100, 10062, 16380, 63.17, 70
2026/09/21 16:53:39.940, 100, 10062, 16380, 62.80, 70
2026/09/21 16:53:40.940, 75, 10062, 16380, 62.12, 71
2026/09/21 16:53:41.941, 100, 10062, 16380, 62.34, 71
2026/09/21 16:53:42.941, 100, 10062, 16380, 62.37, 71
2026/09/21 16:53:43.941, 100, 10062, 16380, 62.30, 71
2026/09/21 16:53:44.942, 100, 10062, 16380, 62.23, 71
2026/09/21 16:53:45.942, 100, 10062, 16380, 62.14, 71
2026/09/21 16:53:46.942, 100, 10062, 16380, 62.18, 71
2026/09/21 16:53:47.943, 100, 10062, 16380, 62.15, 71
2026/09/21 16:53:48.943, 92, 10062, 16380, 63.84, 71
2026/09/21 16:53:49.943, 100, 10062, 16380, 64.12, 71
2026/09/21 16:53:50.944, 100, 10062, 16380, 63.88, 71
2026/09/21 16:53:51.944, 100, 10062, 16380, 62.78, 70
2026/09/21 16:53:52.944, 100, 10062, 16380, 63.13, 70
2026/09/21 16:53:53.945, 100, 10062, 16380, 63.00, 70
2026/09/21 16:53:54.945, 100, 10062, 16380, 63.30, 70
2026/09/21 16:53:55.945, 100, 10062, 16380, 63.24, 70
2026/09/21 16:53:56.946, 100, 10062, 16380, 63.14, 70
2026/09/21 16:53:57.946, 100, 10062, 16380, 63.66, 70
2026/09/21 16:53:58.946, 100, 10062, 16380, 63.80, 70
2026/09/21 16:53:59.947, 100, 10062, 16380, 63.46, 71
2026/09/21 16:54:00.947, 100, 10062, 16380, 63.40, 71
2026/09/21 16:54:01.947, 100, 10062, 16380, 63.28, 71
2026/09/21 16:54:02.948, 100, 10062, 16380, 62.94, 71
2026/09/21 16:54:03.948, 100, 10062, 16380, 63.36, 71
2026/09/21 16:54:04.949, 100, 10062, 16380, 63.60, 71
2026/09/21 16:54:05.949, 100, 10062, 16380, 63.44, 71
2026/09/21 16:54:06.949, 100, 10062, 16380, 63.44, 71
2026/09/21 16:54:07.950, 100, 10062, 16380, 63.48, 71
2026/09/21 16:54:08.950, 100, 10062, 16380, 63.37, 71
2026/09/21 16:54:09.951, 100, 10062, 16380, 63.71, 72
2026/09/21 16:54:10.951, 100, 10062, 16380, 63.62, 72
2026/09/21 16:54:11.951, 100, 10062, 16380, 62.37, 72
2026/09/21 16:54:12.952, 100, 10062, 16380, 61.69, 72
2026/09/21 16:54:13.952, 100, 10062, 16380, 63.18, 71
2026/09/21 16:54:14.952, 100, 10062, 16380, 63.39, 71
2026/09/21 16:54:15.953, 100, 10062, 16380, 64.17, 71
2026/09/21 16:54:16.953, 100, 10062, 16380, 64.00, 71
2026/09/21 16:54:17.953, 100, 10062, 16380, 64.05, 71
2026/09/21 16:54:18.954, 100, 10062, 16380, 64.05, 71
2026/09/21 16:54:19.954, 100, 10062, 16380, 63.60, 71
2026/09/21 16:54:20.954, 100, 10062, 16380, 63.14, 71
2026/09/21 16:54:21.955, 100, 10062, 16380, 62.87, 70
2026/09/21 16:54:22.955, 100, 10062, 16380, 63.13, 70
2026/09/21 16:54:23.956, 100, 10062, 16380, 63.18, 70
2026/09/21 16:54:24.957, 100, 10062, 16380, 63.28, 71
2026/09/21 16:54:25.957, 100, 10062, 16380, 63.47, 72
2026/09/21 16:54:26.957, 100, 10062, 16380, 63.44, 73
2026/09/21 16:54:27.958, 100, 10062, 16380, 63.60, 73
2026/09/21 16:54:28.958, 100, 10062, 16380, 63.67, 72
2026/09/21 16:54:29.958, 100, 10062, 16380, 63.48, 71
2026/09/21 16:54:30.959, 100, 10062, 16380, 63.43, 71
2026/09/21 16:54:31.959, 100, 10062, 16380, 63.91, 71
2026/09/21 16:54:32.959, 100, 10062, 16380, 63.90, 73
2026/09/21 16:54:33.960, 100, 10062, 16380, 64.04, 71
2026/09/21 16:54:34.960, 90, 10062, 16380, 63.27, 71
2026/09/21 16:54:35.961, 100, 10062, 16380, 62.88, 71
2026/09/21 16:54:36.961, 100, 10062, 16380, 62.63, 71
2026/09/21 16:54:37.962, 100, 10062, 16380, 62.34, 70
2026/09/21 16:54:38.962, 100, 10062, 16380, 61.96, 70
2026/09/21 16:54:39.962, 100, 10062, 16380, 62.79, 70
2026/09/21 16:54:40.963, 100, 10062, 16380, 64.32, 73
2026/09/21 16:54:41.963, 100, 10062, 16380, 64.70, 71
2026/09/21 16:54:42.963, 100, 10062, 16380, 63.63, 71
2026/09/21 16:54:43.964, 100, 10062, 16380, 63.49, 71
2026/09/21 16:54:44.964, 100, 10062, 16380, 62.84, 71
2026/09/21 16:54:45.964, 90, 10062, 16380, 62.49, 70
2026/09/21 16:54:46.965, 100, 10062, 16380, 62.84, 70
2026/09/21 16:54:47.965, 100, 10062, 16380, 63.69, 70
2026/09/21 16:54:48.965, 90, 10062, 16380, 63.42, 71
2026/09/21 16:54:49.966, 100, 10062, 16380, 62.29, 70
2026/09/21 16:54:50.966, 100, 10062, 16380, 62.86, 70
2026/09/21 16:54:51.966, 100, 10062, 16380, 64.11, 73
2026/09/21 16:54:52.967, 100, 10062, 16380, 64.74, 71
2026/09/21 16:54:53.967, 100, 10062, 16380, 63.94, 71
2026/09/21 16:54:54.967, 100, 10062, 16380, 60.53, 70
2026/09/21 16:54:55.968, 100, 10062, 16380, 63.39, 71
2026/09/21 16:54:56.968, 100, 10062, 16380, 62.92, 70
2026/09/21 16:54:57.969, 100, 10062, 16380, 62.42, 70
2026/09/21 16:54:58.969, 100, 10062, 16380, 63.09, 70
2026/09/21 16:54:59.969, 100, 10062, 16380, 63.91, 73
2026/09/21 16:55:00.970, 100, 10062, 16380, 63.91, 71
2026/09/21 16:55:01.970, 100, 10062, 16380, 63.19, 71
2026/09/21 16:55:02.970, 90, 10062, 16380, 62.79, 70
2026/09/21 16:55:03.971, 100, 10062, 16380, 63.32, 70
2026/09/21 16:55:04.971, 100, 10062, 16380, 63.83, 72
2026/09/21 16:55:05.971, 100, 10062, 16380, 59.99, 70
2026/09/21 16:55:06.972, 100, 10062, 16380, 64.46, 72
2026/09/21 16:55:07.972, 100, 10062, 16380, 63.50, 71
2026/09/21 16:55:08.972, 89, 10062, 16380, 63.10, 71
2026/09/21 16:55:09.973, 100, 10062, 16380, 62.62, 70
2026/09/21 16:55:10.973, 100, 10062, 16380, 64.10, 72
2026/09/21 16:55:11.974, 100, 10062, 16380, 63.60, 71
2026/09/21 16:55:12.974, 100, 10062, 16380, 63.15, 70
2026/09/21 16:55:13.974, 100, 10062, 16380, 62.58, 70
2026/09/21 16:55:14.975, 100, 10062, 16380, 62.91, 71
2026/09/21 16:55:15.975, 100, 10062, 16380, 63.51, 72
2026/09/21 16:55:16.975, 100, 10062, 16380, 63.44, 72
2026/09/21 16:55:17.975, 100, 10062, 16380, 63.21, 71
2026/09/21 16:55:18.976, 100, 10062, 16380, 63.12, 70
2026/09/21 16:55:19.976, 100, 10062, 16380, 62.57, 70
2026/09/21 16:55:20.976, 100, 10062, 16380, 64.44, 71
2026/09/21 16:55:21.977, 100, 10062, 16380, 63.07, 71
2026/09/21 16:55:22.978, 98, 10062, 16380, 62.72, 70
2026/09/21 16:55:23.978, 100, 10062, 16380, 64.43, 73
2026/09/21 16:55:24.979, 100, 10062, 16380, 63.39, 71
2026/09/21 16:55:25.979, 100, 10062, 16380, 62.95, 70
2026/09/21 16:55:26.979, 100, 10062, 16380, 63.58, 71
2026/09/21 16:55:27.980, 100, 10062, 16380, 63.67, 71
2026/09/21 16:55:28.980, 100, 10062, 16380, 63.21, 70
2026/09/21 16:55:29.980, 100, 10062, 16380, 62.87, 70
2026/09/21 16:55:30.981, 100, 10062, 16380, 64.56, 71
2026/09/21 16:55:31.981, 100, 10062, 16380, 63.18, 70
2026/09/21 16:55:32.981, 100, 10062, 16380, 62.75, 71
2026/09/21 16:55:33.982, 100, 10062, 16380, 64.28, 70
2026/09/21 16:55:34.982, 100, 10062, 16380, 63.28, 72
2026/09/21 16:55:35.982, 100, 10062, 16380, 63.25, 71
2026/09/21 16:55:36.983, 100, 10062, 16380, 63.37, 70
2026/09/21 16:55:37.983, 100, 10062, 16380, 63.90, 73
2026/09/21 16:55:38.983, 100, 10062, 16380, 64.33, 71
2026/09/21 16:55:39.984, 100, 10062, 16380, 65.05, 71
2026/09/21 16:55:40.984, 100, 10062, 16380, 63.79, 72
2026/09/21 16:55:41.984, 100, 10062, 16380, 62.99, 71
2026/09/21 16:55:42.984, 100, 10062, 16380, 63.33, 69
2026/09/21 16:55:43.985, 100, 10062, 16380, 63.05, 71
2026/09/21 16:55:44.985, 100, 10062, 16380, 64.93, 70
2026/09/21 16:55:45.985, 89, 10062, 16380, 63.01, 72
2026/09/21 16:55:46.986, 100, 10062, 16380, 62.78, 71
2026/09/21 16:55:47.986, 100, 10062, 16380, 63.91, 70
2026/09/21 16:55:48.986, 100, 10062, 16380, 64.06, 71
2026/09/21 16:55:49.987, 100, 10062, 16380, 63.98, 70
2026/09/21 16:55:50.987, 100, 10062, 16380, 63.20, 71
2026/09/21 16:55:51.987, 100, 10062, 16380, 62.77, 71
2026/09/21 16:55:52.988, 100, 10062, 16380, 63.20, 70
2026/09/21 16:55:53.988, 100, 10062, 16380, 62.53, 71
2026/09/21 16:55:54.988, 100, 10062, 16380, 63.67, 70
2026/09/21 16:55:55.989, 100, 10062, 16380, 63.20, 72
2026/09/21 16:55:56.989, 100, 10062, 16380, 63.93, 70
2026/09/21 16:55:57.989, 100, 10062, 16380, 62.95, 72
2026/09/21 16:55:58.990, 100, 10062, 16380, 64.32, 71
2026/09/21 16:55:59.990, 100, 10062, 16380, 63.60, 70
2026/09/21 16:56:00.990, 100, 10062, 16380, 62.65, 71
2026/09/21 16:56:01.991, 100, 10062, 16380, 63.09, 70
2026/09/21 16:56:02.991, 100, 10062, 16380, 63.52, 71
2026/09/21 16:56:03.991, 100, 10062, 16380, 63.58, 70
2026/09/21 16:56:04.991, 100, 10062, 16380, 63.49, 71
2026/09/21 16:56:05.992, 100, 10062, 16380, 64.74, 70
2026/09/21 16:56:06.992, 100, 10062, 16380, 63.34, 71
2026/09/21 16:56:07.992, 100, 10062, 16380, 63.66, 70
2026/09/21 16:56:08.993, 100, 10062, 16380, 63.46, 72
2026/09/21 16:56:09.993, 100, 10062, 16380, 63.80, 70
2026/09/21 16:56:10.993, 100, 10062, 16380, 63.24, 71
2026/09/21 16:56:11.994, 100, 10062, 16380, 63.66, 70
2026/09/21 16:56:12.994, 100, 10062, 16380, 63.88, 71
2026/09/21 16:56:13.994, 100, 10062, 16380, 64.30, 70
2026/09/21 16:56:14.995, 100, 10062, 16380, 62.71, 72
2026/09/21 16:56:15.996, 100, 10062, 16380, 63.34, 70
2026/09/21 16:56:16.996, 100, 10062, 16380, 63.58, 72
2026/09/21 16:56:17.996, 100, 10062, 16380, 63.49, 70
2026/09/21 16:56:18.997, 100, 10062, 16380, 63.98, 71
2026/09/21 16:56:19.997, 100, 10062, 16380, 63.72, 70
2026/09/21 16:56:20.997, 100, 10062, 16380, 63.84, 71
2026/09/21 16:56:21.997, 100, 10062, 16380, 63.56, 72
2026/09/21 16:56:22.998, 100, 10062, 16380, 63.74, 70
2026/09/21 16:56:23.999, 100, 10062, 16380, 63.52, 73
2026/09/21 16:56:24.999, 100, 10062, 16380, 63.64, 70
2026/09/21 16:56:26.000, 100, 10062, 16380, 63.56, 71
2026/09/21 16:56:27.000, 100, 10062, 16380, 64.04, 69
2026/09/21 16:56:28.000, 100, 10062, 16380, 64.18, 71
2026/09/21 16:56:29.001, 100, 10062, 16380, 63.53, 70
2026/09/21 16:56:30.001, 100, 10062, 16380, 63.83, 71
2026/09/21 16:56:31.001, 100, 10062, 16380, 63.68, 72
2026/09/21 16:56:32.002, 100, 10062, 16380, 63.80, 70
2026/09/21 16:56:33.002, 100, 10062, 16380, 63.91, 71
2026/09/21 16:56:34.002, 100, 10062, 16380, 63.87, 71
2026/09/21 16:56:35.003, 100, 10062, 16380, 63.28, 71
2026/09/21 16:56:36.003, 100, 10062, 16380, 63.91, 72
2026/09/21 16:56:37.004, 100, 10062, 16380, 63.81, 70
2026/09/21 16:56:38.004, 100, 10062, 16380, 63.85, 71
2026/09/21 16:56:39.004, 100, 10062, 16380, 63.48, 71
2026/09/21 16:56:40.005, 100, 10062, 16380, 63.89, 71
2026/09/21 16:56:41.005, 100, 10062, 16380, 63.69, 72
2026/09/21 16:56:42.005, 100, 10062, 16380, 63.26, 70
2026/09/21 16:56:43.006, 100, 10062, 16380, 64.21, 71
2026/09/21 16:56:44.006, 100, 10062, 16380, 63.74, 73
2026/09/21 16:56:45.006, 100, 10062, 16380, 62.49, 70
2026/09/21 16:56:46.007, 100, 10062, 16380, 64.91, 71
2026/09/21 16:56:47.007, 100, 10062, 16380, 64.10, 73
2026/09/21 16:56:48.007, 100, 10062, 16380, 63.13, 70
2026/09/21 16:56:49.008, 100, 10062, 16380, 64.33, 71
2026/09/21 16:56:50.008, 100, 10062, 16380, 63.63, 72
2026/09/21 16:56:51.008, 100, 10062, 16380, 63.13, 70
2026/09/21 16:56:52.009, 100, 10062, 16380, 64.07, 71
2026/09/21 16:56:53.009, 100, 10062, 16380, 63.97, 71
2026/09/21 16:56:54.009, 100, 10062, 16380, 63.05, 71
2026/09/21 16:56:55.010, 100, 10062, 16380, 64.57, 71
2026/09/21 16:56:56.010, 100, 10062, 16380, 63.81, 72
2026/09/21 16:56:57.010, 100, 10062, 16380, 63.01, 70
2026/09/21 16:56:58.011, 100, 10062, 16380, 63.87, 71
2026/09/21 16:56:59.011, 100, 10062, 16380, 63.99, 72
2026/09/21 16:57:00.011, 100, 10062, 16380, 63.73, 70
2026/09/21 16:57:01.012, 100, 10062, 16380, 63.11, 71
2026/09/21 16:57:02.012, 100, 10062, 16380, 64.65, 71
2026/09/21 16:57:03.012, 100, 10062, 16380, 64.13, 73
2026/09/21 16:57:04.013, 100, 10062, 16380, 62.99, 70
2026/09/21 16:57:05.013, 100, 10062, 16380, 63.81, 71
2026/09/21 16:57:06.013, 100, 10062, 16380, 64.11, 71
2026/09/21 16:57:07.013, 100, 10062, 16380, 63.81, 72
2026/09/21 16:57:08.014, 100, 10062, 16380, 63.11, 70
2026/09/21 16:57:09.014, 100, 10062, 16380, 64.36, 71
2026/09/21 16:57:10.014, 100, 10062, 16380, 64.23, 71
2026/09/21 16:57:11.015, 100, 10062, 16380, 64.10, 73
2026/09/21 16:57:12.015, 100, 10062, 16380, 63.30, 70
2026/09/21 16:57:13.016, 100, 10062, 16380, 64.68, 71
2026/09/21 16:57:14.016, 100, 10062, 16380, 64.54, 71
2026/09/21 16:57:15.016, 100, 10062, 16380, 63.82, 72
2026/09/21 16:57:16.017, 92, 10062, 16380, 63.99, 70
2026/09/21 16:57:17.017, 100, 10062, 16380, 65.01, 71
2026/09/21 16:57:18.017, 100, 10062, 16380, 64.16, 71
2026/09/21 16:57:19.018, 100, 10062, 16380, 63.92, 71
2026/09/21 16:57:20.018, 100, 10062, 16380, 63.72, 70
2026/09/21 16:57:21.018, 100, 10062, 16380, 63.07, 71
2026/09/21 16:57:22.019, 100, 10062, 16380, 64.67, 71
2026/09/21 16:57:23.019, 100, 10062, 16380, 64.35, 71
2026/09/21 16:57:24.019, 100, 10062, 16380, 64.04, 71
2026/09/21 16:57:25.019, 100, 10062, 16380, 62.88, 70
2026/09/21 16:57:26.020, 100, 10062, 16380, 63.26, 70
2026/09/21 16:57:27.021, 100, 10062, 16380, 64.81, 71
2026/09/21 16:57:28.021, 100, 10062, 16380, 64.05, 71
2026/09/21 16:57:29.021, 100, 10062, 16380, 64.07, 71
2026/09/21 16:57:30.021, 100, 10062, 16380, 63.03, 70
2026/09/21 16:57:31.022, 100, 10062, 16380, 63.41, 70
2026/09/21 16:57:32.022, 100, 10062, 16380, 64.79, 71
2026/09/21 16:57:33.022, 100, 10062, 16380, 64.52, 71
2026/09/21 16:57:34.023, 100, 10062, 16380, 64.01, 73
2026/09/21 16:57:35.023, 100, 10062, 16380, 63.80, 72
2026/09/21 16:57:36.023, 100, 10062, 16380, 63.38, 70
2026/09/21 16:57:37.024, 100, 10062, 16380, 62.66, 70
2026/09/21 16:57:38.024, 100, 10062, 16380, 62.99, 70
2026/09/21 16:57:39.024, 100, 10062, 16380, 64.87, 71
2026/09/21 16:57:40.025, 100, 10062, 16380, 64.46, 72
2026/09/21 16:57:41.025, 92, 10062, 16380, 63.97, 70
2026/09/21 16:57:42.025, 100, 10062, 16380, 64.94, 70
2026/09/21 16:57:43.026, 100, 10062, 16380, 64.26, 70
2026/09/21 16:57:44.026, 100, 10062, 16380, 64.37, 70
2026/09/21 16:57:45.026, 100, 10062, 16380, 64.19, 71
2026/09/21 16:57:46.027, 100, 10062, 16380, 63.20, 71
2026/09/21 16:57:47.027, 100, 10062, 16380, 62.51, 71
2026/09/21 16:57:48.027, 100, 10062, 16380, 62.77, 72
2026/09/21 16:57:49.028, 100, 10062, 16380, 63.60, 73
2026/09/21 16:57:50.028, 100, 10062, 16380, 64.94, 70
2026/09/21 16:57:51.029, 100, 10062, 16380, 65.21, 70
2026/09/21 16:57:52.029, 100, 10062, 16380, 64.54, 70
2026/09/21 16:57:53.030, 100, 10062, 16380, 64.30, 70
2026/09/21 16:57:54.030, 100, 10062, 16380, 67.24, 71
2026/09/21 16:57:55.030, 100, 10062, 16380, 64.43, 71
2026/09/21 16:57:56.031, 100, 10062, 16380, 64.07, 73
2026/09/21 16:57:57.031, 100, 10062, 16380, 63.89, 70
2026/09/21 16:57:58.031, 100, 10062, 16380, 63.36, 70
2026/09/21 16:57:59.032, 100, 10062, 16380, 63.03, 70
2026/09/21 16:58:00.032, 100, 10062, 16380, 62.84, 70
2026/09/21 16:58:01.032, 100, 10062, 16380, 63.13, 71
2026/09/21 16:58:02.033, 100, 10062, 16380, 63.73, 71
2026/09/21 16:58:03.033, 100, 10062, 16380, 64.99, 71
2026/09/21 16:58:04.033, 100, 10062, 16380, 64.62, 72
2026/09/21 16:58:05.034, 100, 10062, 16380, 63.04, 70
2026/09/21 16:58:06.034, 100, 10062, 16380, 58.69, 70
2026/09/21 16:58:07.034, 100, 10062, 16380, 62.39, 70
2026/09/21 16:58:08.034, 100, 10062, 16380, 63.06, 70
2026/09/21 16:58:09.035, 100, 10062, 16380, 62.98, 70
2026/09/21 16:58:10.035, 100, 10062, 16380, 62.49, 70
2026/09/21 16:58:11.035, 100, 10062, 16380, 62.94, 70
2026/09/21 16:58:12.036, 100, 10062, 16380, 62.73, 70
2026/09/21 16:58:13.036, 86, 10062, 16380, 62.78, 70
2026/09/21 16:58:14.036, 100, 10062, 16380, 62.64, 70
2026/09/21 16:58:15.037, 100, 10062, 16380, 63.06, 70
2026/09/21 16:58:16.037, 100, 10062, 16380, 63.26, 70
2026/09/21 16:58:17.038, 100, 10062, 16380, 63.40, 70
2026/09/21 16:58:18.038, 100, 10062, 16380, 63.87, 70
2026/09/21 16:58:19.038, 100, 10062, 16380, 59.62, 69
2026/09/21 16:58:20.039, 100, 10062, 16380, 61.81, 71
2026/09/21 16:58:21.039, 100, 10062, 16380, 64.75, 71
2026/09/21 16:58:22.039, 100, 10062, 16380, 64.46, 71
2026/09/21 16:58:23.040, 91, 10062, 16380, 64.51, 71
2026/09/21 16:58:24.040, 100, 10062, 16380, 64.62, 72
2026/09/21 16:58:25.041, 100, 10062, 16380, 64.60, 73
2026/09/21 16:58:26.041, 100, 10062, 16380, 64.38, 71
2026/09/21 16:58:27.042, 100, 10062, 16380, 64.35, 72
2026/09/21 16:58:28.042, 100, 10062, 16380, 64.43, 72
2026/09/21 16:58:29.042, 100, 10062, 16380, 64.83, 72
2026/09/21 16:58:30.043, 100, 10062, 16380, 63.80, 71
2026/09/21 16:58:31.043, 100, 10062, 16380, 63.58, 70
2026/09/21 16:58:32.043, 100, 10062, 16380, 62.56, 69
2026/09/21 16:58:33.044, 100, 10062, 16380, 63.25, 70
2026/09/21 16:58:34.044, 100, 10062, 16380, 63.44, 70
2026/09/21 16:58:35.044, 100, 10062, 16380, 63.22, 70
2026/09/21 16:58:36.045, 85, 10062, 16380, 62.18, 70
2026/09/21 16:58:37.045, 100, 10062, 16380, 63.05, 70
2026/09/21 16:58:38.046, 100, 10062, 16380, 63.41, 70
2026/09/21 16:58:39.046, 100, 10062, 16380, 62.70, 72
2026/09/21 16:58:40.046, 100, 10062, 16380, 64.31, 73
2026/09/21 16:58:41.047, 100, 10062, 16380, 64.75, 72
2026/09/21 16:58:42.047, 100, 10062, 16380, 64.57, 71
2026/09/21 16:58:43.047, 100, 10062, 16380, 65.19, 71
2026/09/21 16:58:44.048, 100, 10062, 16380, 65.45, 71
2026/09/21 16:58:45.048, 100, 10062, 16380, 64.82, 71
2026/09/21 16:58:46.048, 100, 10062, 16380, 64.69, 71
2026/09/21 16:58:47.049, 100, 10062, 16380, 64.68, 71
2026/09/21 16:58:48.049, 100, 10062, 16380, 64.35, 71
2026/09/21 16:58:49.049, 100, 10062, 16380, 64.38, 71
2026/09/21 16:58:50.050, 100, 10062, 16380, 63.58, 70
2026/09/21 16:58:51.050, 100, 10062, 16380, 63.78, 70
2026/09/21 16:58:52.050, 100, 10062, 16380, 62.74, 70
2026/09/21 16:58:53.051, 100, 10062, 16380, 63.00, 70
2026/09/21 16:58:54.051, 100, 10062, 16380, 63.77, 72
2026/09/21 16:58:55.051, 100, 10062, 16380, 64.36, 73
2026/09/21 16:58:56.052, 100, 10062, 16380, 64.30, 71
2026/09/21 16:58:57.052, 100, 10062, 16380, 65.23, 70
2026/09/21 16:58:58.052, 100, 10062, 16380, 64.93, 70
2026/09/21 16:58:59.053, 100, 10062, 16380, 64.27, 72
2026/09/21 16:59:00.053, 100, 10062, 16380, 64.14, 72
2026/09/21 16:59:01.053, 100, 10062, 16380, 63.85, 72
2026/09/21 16:59:02.053, 100, 10062, 16380, 63.17, 71
2026/09/21 16:59:03.054, 100, 10062, 16380, 63.23, 71
2026/09/21 16:59:04.054, 100, 10062, 16380, 63.67, 71
2026/09/21 16:59:05.054, 100, 10062, 16380, 64.48, 70
2026/09/21 16:59:06.055, 100, 10062, 16380, 65.36, 70
2026/09/21 16:59:07.055, 100, 10062, 16380, 65.04, 71
2026/09/21 16:59:08.055, 100, 10062, 16380, 64.66, 73
2026/09/21 16:59:09.055, 99, 10062, 16380, 64.94, 71
2026/09/21 16:59:10.056, 100, 10062, 16380, 64.11, 71
2026/09/21 16:59:11.056, 100, 10062, 16380, 64.53, 70
2026/09/21 16:59:12.056, 100, 10062, 16380, 65.05, 72
2026/09/21 16:59:13.057, 100, 10062, 16380, 63.91, 72
