2026/09/20 23:15:05.267, 0, 25976, 32623, 34.28, 40
2026/09/20 23:15:06.271, 0, 26264, 32623, 38.95, 40
2026/09/20 23:15:07.272, 0, 26264, 32623, 34.00, 39
2026/09/20 23:15:08.274, 100, 26264, 32623, 174.33, 52
2026/09/20 23:15:09.274, 100, 26264, 32623, 200.02, 54
2026/09/20 23:15:10.274, 100, 26264, 32623, 199.98, 55
2026/09/20 23:15:11.275, 100, 26264, 32623, 199.98, 56
2026/09/20 23:15:12.275, 100, 26264, 32623, 200.01, 57
2026/09/20 23:15:13.275, 100, 26264, 32623, 199.99, 58
2026/09/20 23:15:14.276, 100, 26264, 32623, 199.98, 58
2026/09/20 23:15:15.276, 100, 26264, 32623, 200.00, 58
2026/09/20 23:15:16.276, 100, 26264, 32623, 200.00, 59
2026/09/20 23:15:17.277, 100, 26264, 32623, 199.87, 59
2026/09/20 23:15:18.277, 95, 26264, 32623, 199.26, 60
2026/09/20 23:15:19.277, 100, 26264, 32623, 200.91, 61
2026/09/20 23:15:20.277, 100, 26264, 32623, 199.99, 60
2026/09/20 23:15:21.278, 100, 26264, 32623, 199.99, 62
2026/09/20 23:15:22.278, 100, 26264, 32623, 199.86, 62
2026/09/20 23:15:23.278, 100, 26264, 32623, 200.27, 61
2026/09/20 23:15:24.279, 100, 26264, 32623, 192.32, 61
2026/09/20 23:15:25.279, 100, 26264, 32623, 190.81, 61
2026/09/20 23:15:26.279, 0, 26264, 32623, 137.84, 51
2026/09/20 23:15:27.279, 0, 26264, 32623, 50.51, 49
2026/09/20 23:15:28.280, 4, 26264, 32623, 78.18, 52
2026/09/20 23:15:29.280, 51, 26264, 32623, 56.21, 53
2026/09/20 23:15:30.280, 91, 26264, 32623, 196.57, 59
2026/09/20 23:15:31.280, 94, 26264, 32623, 199.61, 60
2026/09/20 23:15:32.281, 94, 26264, 32623, 200.53, 60
2026/09/20 23:15:33.281, 93, 26264, 32623, 197.57, 60
2026/09/20 23:15:34.281, 0, 26264, 32623, 158.92, 52
2026/09/20 23:15:35.281, 0, 26264, 32623, 62.97, 50
2026/09/20 23:15:36.282, 100, 27064, 32623, 116.08, 60
2026/09/20 23:15:37.282, 100, 27064, 32623, 200.03, 61
2026/09/20 23:15:38.282, 100, 27064, 32623, 199.99, 62
2026/09/20 23:15:39.283, 100, 27064, 32623, 199.98, 63
2026/09/20 23:15:40.283, 100, 27064, 32623, 200.00, 63
2026/09/20 23:15:41.283, 100, 27064, 32623, 200.00, 64
2026/09/20 23:15:42.284, 100, 27064, 32623, 200.01, 63
2026/09/20 23:15:43.284, 100, 27064, 32623, 199.95, 64
2026/09/20 23:15:44.284, 99, 27064, 32623, 199.85, 65
2026/09/20 23:15:45.284, 100, 27064, 32623, 200.21, 65
2026/09/20 23:15:46.285, 100, 27064, 32623, 200.01, 65
2026/09/20 23:15:47.285, 100, 27064, 32623, 200.00, 66
2026/09/20 23:15:48.285, 100, 27064, 32623, 199.99, 65
2026/09/20 23:15:49.286, 100, 27064, 32623, 199.88, 66
2026/09/20 23:15:50.286, 100, 27064, 32623, 200.24, 66
2026/09/20 23:15:51.286, 100, 27064, 32623, 200.01, 66
2026/09/20 23:15:52.287, 100, 27064, 32623, 199.98, 66
2026/09/20 23:15:53.287, 100, 27064, 32623, 199.91, 66
2026/09/20 23:15:54.287, 100, 27064, 32623, 200.07, 66
2026/09/20 23:15:55.287, 100, 27064, 32623, 194.60, 67
2026/09/20 23:15:56.341, 100, 27064, 32623, 199.98, 68
2026/09/20 23:15:57.341, 100, 27064, 32623, 200.03, 67
2026/09/20 23:15:58.341, 100, 27064, 32623, 199.98, 67
2026/09/20 23:15:59.341, 100, 27064, 32623, 199.98, 69
2026/09/20 23:16:00.342, 99, 27064, 32623, 199.80, 69
2026/09/20 23:16:01.342, 100, 27064, 32623, 200.03, 68
2026/09/20 23:16:02.342, 100, 27064, 32623, 199.96, 68
2026/09/20 23:16:03.342, 100, 27064, 32623, 200.03, 68
2026/09/20 23:16:04.342, 100, 27064, 32623, 199.99, 68
2026/09/20 23:16:05.343, 100, 27064, 32623, 199.97, 68
2026/09/20 23:16:06.343, 100, 27064, 32623, 200.07, 68
2026/09/20 23:16:07.343, 100, 27064, 32623, 200.01, 69
2026/09/20 23:16:08.343, 94, 27064, 32623, 199.75, 70
2026/09/20 23:16:09.343, 100, 27064, 32623, 200.26, 70
2026/09/20 23:16:10.344, 100, 27064, 32623, 199.99, 70
2026/09/20 23:16:11.344, 100, 27064, 32623, 200.02, 71
2026/09/20 23:16:12.344, 100, 27064, 32623, 199.99, 71
2026/09/20 23:16:13.344, 93, 27064, 32623, 198.97, 71
2026/09/20 23:16:14.345, 100, 27064, 32623, 200.01, 69
2026/09/20 23:16:15.345, 100, 27064, 32623, 199.94, 70
2026/09/20 23:16:16.345, 100, 27064, 32623, 200.04, 71
2026/09/20 23:16:17.345, 100, 27064, 32623, 199.99, 70
2026/09/20 23:16:18.346, 100, 27064, 32623, 200.00, 71
2026/09/20 23:16:19.346, 100, 27064, 32623, 200.02, 70
2026/09/20 23:16:20.346, 100, 27064, 32623, 200.01, 70
2026/09/20 23:16:21.347, 100, 27064, 32623, 193.71, 71
2026/09/20 23:16:22.347, 99, 27064, 32623, 199.82, 72
2026/09/20 23:16:23.347, 100, 27064, 32623, 200.19, 71
2026/09/20 23:16:24.347, 95, 27064, 32623, 199.49, 70
2026/09/20 23:16:25.348, 100, 27064, 32623, 200.54, 71
2026/09/20 23:16:26.349, 100, 27064, 32623, 199.93, 71
2026/09/20 23:16:27.349, 100, 27064, 32623, 200.61, 72
2026/09/20 23:16:28.349, 100, 27064, 32623, 199.87, 71
2026/09/20 23:16:29.350, 100, 27064, 32623, 200.13, 73
2026/09/20 23:16:30.350, 100, 27064, 32623, 199.90, 73
2026/09/20 23:16:31.350, 100, 27064, 32623, 200.05, 71
2026/09/20 23:16:32.350, 100, 27064, 32623, 199.89, 73
2026/09/20 23:16:33.351, 100, 27064, 32623, 200.05, 73
2026/09/20 23:16:34.351, 100, 27064, 32623, 199.86, 71
2026/09/20 23:16:35.351, 100, 27064, 32623, 200.11, 71
2026/09/20 23:16:36.352, 100, 27064, 32623, 199.94, 74
2026/09/20 23:16:37.352, 100, 27064, 32623, 200.82, 73
2026/09/20 23:16:38.352, 94, 27064, 32623, 199.35, 72
2026/09/20 23:16:39.352, 100, 27064, 32623, 200.70, 73
2026/09/20 23:16:40.353, 99, 27064, 32623, 199.93, 73
2026/09/20 23:16:41.353, 100, 27064, 32623, 200.08, 73
2026/09/20 23:16:42.353, 100, 27064, 32623, 199.99, 73
2026/09/20 23:16:43.354, 100, 27064, 32623, 199.98, 73
2026/09/20 23:16:44.354, 100, 27064, 32623, 200.01, 71
2026/09/20 23:16:45.354, 100, 27064, 32623, 199.97, 72
2026/09/20 23:16:46.354, 100, 27064, 32623, 200.01, 74
2026/09/20 23:16:47.355, 100, 27064, 32623, 199.96, 73
2026/09/20 23:16:48.355, 100, 27064, 32623, 200.02, 72
2026/09/20 23:16:49.355, 100, 27064, 32623, 199.89, 74
2026/09/20 23:16:50.355, 100, 27064, 32623, 200.53, 72
2026/09/20 23:16:51.356, 100, 27064, 32623, 200.00, 74
2026/09/20 23:16:52.356, 100, 27064, 32623, 199.98, 71
2026/09/20 23:16:53.356, 100, 27064, 32623, 200.00, 73
2026/09/20 23:16:54.356, 100, 27064, 32623, 194.48, 73
2026/09/20 23:16:55.357, 100, 27064, 32623, 200.05, 74
2026/09/20 23:16:56.357, 100, 27064, 32623, 199.91, 72
2026/09/20 23:16:57.357, 100, 27064, 32623, 200.11, 71
2026/09/20 23:16:58.357, 100, 27064, 32623, 199.99, 73
2026/09/20 23:16:59.358, 100, 27064, 32623, 200.02, 74
2026/09/20 23:17:00.358, 100, 27064, 32623, 199.98, 74
2026/09/20 23:17:01.358, 100, 27064, 32623, 200.01, 73
2026/09/20 23:17:02.359, 100, 27064, 32623, 200.00, 74
2026/09/20 23:17:03.359, 94, 27064, 32623, 199.42, 72
2026/09/20 23:17:04.359, 100, 27064, 32623, 200.64, 74
2026/09/20 23:17:05.360, 100, 27064, 32623, 200.01, 74
2026/09/20 23:17:06.360, 100, 27064, 32623, 199.99, 74
2026/09/20 23:17:07.360, 100, 27064, 32623, 200.01, 74
2026/09/20 23:17:08.360, 100, 27064, 32623, 199.93, 75
2026/09/20 23:17:09.361, 100, 27064, 32623, 200.05, 71
2026/09/20 23:17:10.361, 100, 27064, 32623, 200.01, 73
2026/09/20 23:17:11.361, 100, 27064, 32623, 200.01, 75
2026/09/20 23:17:12.361, 100, 27064, 32623, 200.00, 74
2026/09/20 23:17:13.362, 94, 27064, 32623, 199.71, 74
2026/09/20 23:17:14.362, 100, 27064, 32623, 200.29, 74
2026/09/20 23:17:15.363, 100, 27064, 32623, 200.00, 74
2026/09/20 23:17:16.363, 100, 27064, 32623, 199.98, 72
2026/09/20 23:17:17.363, 100, 27064, 32623, 200.01, 74
2026/09/20 23:17:18.364, 99, 27064, 32623, 199.81, 74
2026/09/20 23:17:19.364, 100, 27064, 32623, 200.00, 75
2026/09/20 23:17:20.364, 100, 27064, 32623, 200.01, 72
2026/09/20 23:17:21.364, 100, 27064, 32623, 199.97, 75
2026/09/20 23:17:22.365, 100, 27064, 32623, 200.04, 73
2026/09/20 23:17:23.365, 100, 27064, 32623, 199.99, 74
2026/09/20 23:17:24.365, 100, 27064, 32623, 200.00, 75
2026/09/20 23:17:25.366, 100, 27064, 32623, 199.99, 73
2026/09/20 23:17:26.366, 99, 27064, 32623, 199.94, 75
2026/09/20 23:17:27.366, 100, 27064, 32623, 200.06, 75
2026/09/20 23:17:28.367, 100, 27064, 32623, 199.98, 74
2026/09/20 23:17:29.367, 100, 27064, 32623, 194.73, 73
2026/09/20 23:17:30.367, 100, 27064, 32623, 200.65, 73
2026/09/20 23:17:31.367, 100, 27064, 32623, 199.99, 73
2026/09/20 23:17:32.368, 100, 27064, 32623, 196.07, 74
2026/09/20 23:17:33.368, 100, 27064, 32623, 200.09, 72
2026/09/20 23:17:34.368, 95, 27064, 32623, 195.59, 72
2026/09/20 23:17:35.368, 97, 27064, 32623, 199.99, 71
2026/09/20 23:17:36.369, 94, 27064, 32623, 199.71, 71
2026/09/20 23:17:37.369, 96, 27064, 32623, 199.91, 70
2026/09/20 23:17:38.369, 95, 27064, 32623, 200.21, 71
2026/09/20 23:17:39.369, 94, 27064, 32623, 199.93, 71
2026/09/20 23:17:40.370, 97, 27064, 32623, 200.17, 71
2026/09/20 23:17:41.370, 0, 27064, 32623, 149.01, 62
2026/09/20 23:17:42.370, 0, 27064, 32623, 69.82, 60
2026/09/20 23:17:43.370, 0, 27064, 32623, 51.01, 58
2026/09/20 23:17:44.371, 0, 28088, 32623, 45.92, 57
2026/09/20 23:17:45.371, 100, 28088, 32623, 151.11, 68
2026/09/20 23:17:46.371, 100, 28088, 32623, 199.97, 69
2026/09/20 23:17:47.372, 100, 28088, 32623, 200.01, 70
2026/09/20 23:17:48.372, 100, 28088, 32623, 199.99, 70
2026/09/20 23:17:49.372, 100, 28088, 32623, 199.98, 70
2026/09/20 23:17:50.372, 100, 28088, 32623, 200.00, 70
2026/09/20 23:17:51.373, 100, 28088, 32623, 200.00, 71
2026/09/20 23:17:52.373, 100, 28088, 32623, 199.99, 70
2026/09/20 23:17:53.373, 100, 28088, 32623, 199.97, 72
2026/09/20 23:17:54.373, 100, 28088, 32623, 199.97, 70
2026/09/20 23:17:55.374, 100, 28088, 32623, 200.14, 71
2026/09/20 23:17:56.374, 100, 28088, 32623, 200.02, 71
2026/09/20 23:17:57.374, 100, 28088, 32623, 200.01, 72
2026/09/20 23:17:58.375, 100, 28088, 32623, 199.98, 72
2026/09/20 23:17:59.375, 100, 28088, 32623, 199.98, 71
2026/09/20 23:18:00.375, 100, 28088, 32623, 200.01, 71
2026/09/20 23:18:01.375, 100, 28088, 32623, 200.01, 72
2026/09/20 23:18:02.376, 100, 28088, 32623, 199.99, 72
2026/09/20 23:18:03.376, 80, 28088, 32623, 197.00, 74
2026/09/20 23:18:04.376, 100, 28088, 32623, 202.98, 72
2026/09/20 23:18:05.376, 100, 28088, 32623, 199.98, 72
2026/09/20 23:18:06.377, 100, 28088, 32623, 199.98, 72
2026/09/20 23:18:07.377, 100, 28088, 32623, 200.82, 72
2026/09/20 23:18:08.377, 100, 28088, 32623, 200.00, 74
2026/09/20 23:18:09.378, 100, 28088, 32623, 199.92, 73
2026/09/20 23:18:10.378, 100, 28088, 32623, 200.07, 73
2026/09/20 23:18:11.378, 100, 28088, 32623, 199.97, 73
2026/09/20 23:18:12.378, 94, 28088, 32623, 199.45, 73
2026/09/20 23:18:13.379, 100, 28088, 32623, 200.21, 74
2026/09/20 23:18:14.379, 100, 28088, 32623, 199.98, 73
2026/09/20 23:18:15.379, 100, 28088, 32623, 199.99, 74
2026/09/20 23:18:16.379, 100, 28088, 32623, 199.99, 72
2026/09/20 23:18:17.380, 100, 28088, 32623, 199.90, 75
2026/09/20 23:18:18.380, 100, 28088, 32623, 200.04, 74
2026/09/20 23:18:19.380, 100, 28088, 32623, 199.99, 73
2026/09/20 23:18:20.381, 100, 28088, 32623, 199.99, 75
2026/09/20 23:18:21.381, 100, 28088, 32623, 200.00, 75
2026/09/20 23:18:22.381, 100, 28088, 32623, 199.94, 75
2026/09/20 23:18:23.382, 100, 28088, 32623, 200.77, 72
2026/09/20 23:18:24.382, 100, 28088, 32623, 200.00, 73
2026/09/20 23:18:25.382, 100, 28088, 32623, 200.00, 73
2026/09/20 23:18:26.382, 100, 28088, 32623, 200.02, 74
2026/09/20 23:18:27.383, 100, 28088, 32623, 199.98, 73
2026/09/20 23:18:28.383, 100, 28088, 32623, 200.02, 75
2026/09/20 23:18:29.383, 100, 28088, 32623, 199.99, 75
2026/09/20 23:18:30.383, 100, 28088, 32623, 194.84, 74
2026/09/20 23:18:31.383, 95, 28088, 32623, 199.07, 75
2026/09/20 23:18:32.384, 100, 28088, 32623, 200.01, 75
2026/09/20 23:18:33.384, 100, 28088, 32623, 199.91, 75
2026/09/20 23:18:34.385, 100, 28088, 32623, 200.08, 73
2026/09/20 23:18:35.385, 100, 28088, 32623, 199.88, 73
2026/09/20 23:18:36.386, 100, 28088, 32623, 200.15, 75
2026/09/20 23:18:37.386, 100, 28088, 32623, 199.93, 75
2026/09/20 23:18:38.386, 100, 28088, 32623, 200.07, 73
2026/09/20 23:18:39.386, 100, 28088, 32623, 199.94, 75
2026/09/20 23:18:40.387, 100, 28088, 32623, 200.07, 73
2026/09/20 23:18:41.387, 100, 28088, 32623, 199.95, 75
2026/09/20 23:18:42.387, 100, 28088, 32623, 200.05, 75
2026/09/20 23:18:43.388, 100, 28088, 32623, 199.88, 74
2026/09/20 23:18:44.388, 100, 28088, 32623, 200.10, 74
2026/09/20 23:18:45.388, 100, 28088, 32623, 199.96, 76
2026/09/20 23:18:46.388, 100, 28088, 32623, 200.73, 75
2026/09/20 23:18:47.389, 94, 28088, 32623, 199.15, 73
2026/09/20 23:18:48.389, 100, 28088, 32623, 200.84, 75
2026/09/20 23:18:49.389, 100, 28088, 32623, 199.97, 75
2026/09/20 23:18:50.390, 100, 28088, 32623, 200.02, 75
2026/09/20 23:18:51.390, 100, 28088, 32623, 199.98, 74
2026/09/20 23:18:52.390, 100, 28088, 32623, 199.98, 75
2026/09/20 23:18:53.390, 100, 28088, 32623, 200.00, 73
2026/09/20 23:18:54.391, 100, 28088, 32623, 199.98, 74
2026/09/20 23:18:55.391, 100, 28088, 32623, 200.00, 75
2026/09/20 23:18:56.391, 100, 28088, 32623, 199.98, 74
2026/09/20 23:18:57.392, 100, 28088, 32623, 200.02, 75
2026/09/20 23:18:58.392, 100, 28088, 32623, 199.91, 75
2026/09/20 23:18:59.392, 100, 28088, 32623, 200.09, 74
2026/09/20 23:19:00.392, 100, 28088, 32623, 199.99, 73
2026/09/20 23:19:01.429, 100, 28088, 32623, 200.02, 75
2026/09/20 23:19:02.429, 100, 28088, 32623, 199.99, 74
2026/09/20 23:19:03.429, 100, 28088, 32623, 195.40, 73
2026/09/20 23:19:04.430, 100, 28088, 32623, 200.03, 73
2026/09/20 23:19:05.430, 100, 28088, 32623, 199.95, 75
2026/09/20 23:19:06.430, 100, 28088, 32623, 200.05, 75
2026/09/20 23:19:07.431, 100, 28088, 32623, 200.01, 75
2026/09/20 23:19:08.431, 100, 28088, 32623, 199.99, 73
2026/09/20 23:19:09.431, 100, 28088, 32623, 199.99, 73
2026/09/20 23:19:10.431, 100, 28088, 32623, 199.98, 75
2026/09/20 23:19:11.432, 100, 28088, 32623, 200.00, 75
2026/09/20 23:19:12.432, 99, 28088, 32623, 199.93, 75
2026/09/20 23:19:13.432, 100, 28088, 32623, 200.00, 75
2026/09/20 23:19:14.432, 100, 28088, 32623, 199.99, 74
2026/09/20 23:19:15.433, 100, 28088, 32623, 200.00, 74
2026/09/20 23:19:16.433, 100, 28088, 32623, 200.01, 74
2026/09/20 23:19:17.433, 95, 28088, 32623, 199.41, 73
2026/09/20 23:19:18.433, 100, 28088, 32623, 200.57, 75
2026/09/20 23:19:19.434, 100, 28088, 32623, 199.99, 75
2026/09/20 23:19:20.434, 100, 28088, 32623, 199.99, 74
2026/09/20 23:19:21.434, 100, 28088, 32623, 200.03, 75
2026/09/20 23:19:22.435, 98, 28088, 32623, 199.93, 76
2026/09/20 23:19:23.435, 100, 28088, 32623, 200.06, 73
2026/09/20 23:19:24.435, 100, 28088, 32623, 200.02, 75
2026/09/20 23:19:25.436, 100, 28088, 32623, 199.97, 75
2026/09/20 23:19:26.436, 100, 28088, 32623, 200.02, 74
2026/09/20 23:19:27.436, 100, 28088, 32623, 200.00, 75
2026/09/20 23:19:28.436, 100, 28088, 32623, 200.01, 74
2026/09/20 23:19:29.437, 100, 28088, 32623, 199.98, 75
2026/09/20 23:19:30.437, 100, 28088, 32623, 199.89, 74
2026/09/20 23:19:31.437, 100, 28088, 32623, 200.21, 74
2026/09/20 23:19:32.437, 100, 28088, 32623, 199.99, 75
2026/09/20 23:19:33.438, 100, 28088, 32623, 199.99, 74
2026/09/20 23:19:34.438, 100, 28088, 32623, 200.00, 75
2026/09/20 23:19:35.438, 100, 28088, 32623, 199.99, 75
2026/09/20 23:19:36.439, 100, 28088, 32623, 199.99, 74
2026/09/20 23:19:37.439, 100, 28088, 32623, 199.99, 73
2026/09/20 23:19:38.439, 100, 28088, 32623, 199.95, 76
2026/09/20 23:19:39.439, 100, 28088, 32623, 200.05, 75
2026/09/20 23:19:40.440, 100, 28088, 32623, 200.01, 76
2026/09/20 23:19:41.440, 100, 28088, 32623, 199.98, 74
2026/09/20 23:19:42.440, 100, 28088, 32623, 200.01, 74
2026/09/20 23:19:43.441, 100, 28088, 32623, 199.99, 73
2026/09/20 23:19:44.441, 100, 28088, 32623, 194.71, 74
2026/09/20 23:19:45.441, 100, 28088, 32623, 200.00, 74
2026/09/20 23:19:46.441, 100, 28088, 32623, 200.01, 74
2026/09/20 23:19:47.442, 100, 28088, 32623, 199.99, 73
2026/09/20 23:19:48.442, 100, 28088, 32623, 200.01, 73
2026/09/20 23:19:49.442, 99, 28088, 32623, 199.79, 74
2026/09/20 23:19:50.443, 100, 28088, 32623, 199.98, 74
2026/09/20 23:19:51.443, 100, 28088, 32623, 200.03, 75
2026/09/20 23:19:52.443, 94, 28088, 32623, 199.42, 74
2026/09/20 23:19:53.443, 100, 28088, 32623, 200.64, 76
2026/09/20 23:19:54.444, 100, 28088, 32623, 199.98, 76
2026/09/20 23:19:55.444, 100, 28088, 32623, 199.94, 76
2026/09/20 23:19:56.444, 100, 28088, 32623, 200.04, 75
2026/09/20 23:19:57.444, 100, 28088, 32623, 199.99, 73
2026/09/20 23:19:58.445, 100, 28088, 32623, 199.90, 74
2026/09/20 23:19:59.482, 100, 28088, 32623, 200.11, 76
2026/09/20 23:20:00.482, 100, 28088, 32623, 199.99, 75
2026/09/20 23:20:01.482, 100, 28088, 32623, 199.93, 75
2026/09/20 23:20:02.483, 100, 28088, 32623, 200.10, 74
2026/09/20 23:20:03.483, 100, 28088, 32623, 199.98, 76
2026/09/20 23:20:04.483, 100, 28088, 32623, 199.96, 76
2026/09/20 23:20:05.484, 100, 28088, 32623, 200.04, 74
2026/09/20 23:20:06.484, 100, 28088, 32623, 200.02, 76
2026/09/20 23:20:07.484, 100, 28088, 32623, 199.96, 76
2026/09/20 23:20:08.484, 100, 28088, 32623, 200.04, 74
2026/09/20 23:20:09.484, 100, 28088, 32623, 200.00, 75
2026/09/20 23:20:10.485, 100, 28088, 32623, 199.94, 74
2026/09/20 23:20:11.485, 100, 28088, 32623, 200.06, 76
2026/09/20 23:20:12.485, 100, 28088, 32623, 199.97, 74
2026/09/20 23:20:13.485, 100, 28088, 32623, 199.95, 76
2026/09/20 23:20:14.486, 100, 28088, 32623, 200.23, 75
2026/09/20 23:20:15.486, 100, 28088, 32623, 200.01, 76
2026/09/20 23:20:16.486, 100, 28088, 32623, 199.84, 76
2026/09/20 23:20:17.487, 100, 28088, 32623, 200.13, 76
2026/09/20 23:20:18.487, 100, 28088, 32623, 200.01, 74
2026/09/20 23:20:19.487, 100, 28088, 32623, 199.98, 76
2026/09/20 23:20:20.487, 100, 28088, 32623, 199.99, 74
2026/09/20 23:20:21.488, 100, 28088, 32623, 200.00, 75
2026/09/20 23:20:22.488, 100, 28088, 32623, 199.98, 76
2026/09/20 23:20:23.488, 100, 28088, 32623, 199.95, 74
2026/09/20 23:20:24.489, 100, 28088, 32623, 200.02, 75
2026/09/20 23:20:25.489, 100, 28088, 32623, 199.98, 76
2026/09/20 23:20:26.489, 100, 28088, 32623, 199.98, 74
2026/09/20 23:20:27.489, 100, 28088, 32623, 199.99, 75
2026/09/20 23:20:28.490, 100, 28088, 32623, 199.99, 76
2026/09/20 23:20:29.490, 100, 28088, 32623, 199.99, 74
2026/09/20 23:20:30.490, 100, 28088, 32623, 200.00, 75
2026/09/20 23:20:31.491, 100, 28088, 32623, 200.00, 75
2026/09/20 23:20:32.491, 100, 28088, 32623, 194.51, 76
2026/09/20 23:20:33.491, 100, 28088, 32623, 204.01, 76
2026/09/20 23:20:34.491, 100, 28088, 32623, 199.97, 76
2026/09/20 23:20:35.492, 99, 28088, 32623, 199.77, 76
2026/09/20 23:20:36.492, 100, 28088, 32623, 200.21, 74
2026/09/20 23:20:37.492, 100, 28088, 32623, 200.00, 75
2026/09/20 23:20:38.492, 100, 28088, 32623, 200.00, 75
2026/09/20 23:20:39.493, 100, 28088, 32623, 199.97, 76
2026/09/20 23:20:40.493, 100, 28088, 32623, 199.98, 76
2026/09/20 23:20:41.493, 100, 28088, 32623, 199.98, 76
2026/09/20 23:20:42.493, 100, 28088, 32623, 199.96, 73
2026/09/20 23:20:43.493, 100, 28088, 32623, 200.05, 73
2026/09/20 23:20:44.494, 100, 28088, 32623, 199.99, 74
2026/09/20 23:20:45.494, 99, 28088, 32623, 199.85, 75
2026/09/20 23:20:46.494, 100, 28088, 32623, 199.98, 75
2026/09/20 23:20:47.494, 100, 28088, 32623, 199.99, 73
2026/09/20 23:20:48.494, 100, 28088, 32623, 200.01, 73
2026/09/20 23:20:49.495, 100, 28088, 32623, 200.00, 75
2026/09/20 23:20:50.495, 100, 28088, 32623, 200.00, 75
2026/09/20 23:20:51.495, 100, 28088, 32623, 200.00, 73
2026/09/20 23:20:52.495, 100, 28088, 32623, 199.94, 76
2026/09/20 23:20:53.495, 100, 28088, 32623, 200.05, 74
2026/09/20 23:20:54.496, 100, 28088, 32623, 199.98, 74
2026/09/20 23:20:55.496, 100, 28088, 32623, 200.04, 74
2026/09/20 23:20:56.496, 100, 28088, 32623, 199.98, 74
2026/09/20 23:20:57.497, 100, 28088, 32623, 200.00, 76
2026/09/20 23:20:58.497, 100, 28088, 32623, 200.00, 76
2026/09/20 23:20:59.497, 100, 28088, 32623, 199.89, 76
2026/09/20 23:21:00.497, 100, 28088, 32623, 200.15, 76
2026/09/20 23:21:01.498, 100, 28088, 32623, 200.01, 75
2026/09/20 23:21:02.498, 100, 28088, 32623, 199.97, 73
2026/09/20 23:21:03.498, 100, 28088, 32623, 199.99, 73
2026/09/20 23:21:04.499, 100, 28088, 32623, 200.01, 75
2026/09/20 23:21:05.499, 100, 28088, 32623, 200.00, 76
2026/09/20 23:21:06.499, 100, 28088, 32623, 199.93, 76
2026/09/20 23:21:07.499, 100, 28088, 32623, 200.36, 75
2026/09/20 23:21:08.500, 100, 28088, 32623, 199.99, 73
2026/09/20 23:21:09.500, 100, 28088, 32623, 200.02, 76
2026/09/20 23:21:10.500, 100, 28088, 32623, 199.95, 76
2026/09/20 23:21:11.501, 100, 28088, 32623, 200.00, 75
2026/09/20 23:21:12.501, 100, 28088, 32623, 200.00, 73
2026/09/20 23:21:13.501, 94, 28088, 32623, 199.38, 73
2026/09/20 23:21:14.501, 100, 28088, 32623, 200.00, 76
2026/09/20 23:21:15.502, 100, 28088, 32623, 199.98, 75
2026/09/20 23:21:16.502, 100, 28088, 32623, 200.01, 74
2026/09/20 23:21:17.502, 100, 28088, 32623, 199.99, 76
2026/09/20 23:21:18.503, 100, 28088, 32623, 200.01, 75
2026/09/20 23:21:19.503, 100, 28088, 32623, 199.99, 73
2026/09/20 23:21:20.503, 100, 28088, 32623, 199.99, 76
2026/09/20 23:21:21.503, 100, 28088, 32623, 199.99, 76
2026/09/20 23:21:22.504, 100, 28088, 32623, 199.98, 74
2026/09/20 23:21:23.504, 100, 28088, 32623, 200.01, 76
2026/09/20 23:21:24.504, 100, 28088, 32623, 199.96, 76
2026/09/20 23:21:25.505, 100, 28088, 32623, 200.03, 74
2026/09/20 23:21:26.505, 100, 28088, 32623, 200.00, 76
2026/09/20 23:21:27.505, 100, 28088, 32623, 199.95, 73
2026/09/20 23:21:28.505, 100, 28088, 32623, 194.98, 76
2026/09/20 23:21:29.506, 100, 28088, 32623, 200.17, 73
2026/09/20 23:21:30.506, 100, 28088, 32623, 200.01, 76
2026/09/20 23:21:31.506, 100, 28088, 32623, 199.97, 73
2026/09/20 23:21:32.507, 100, 28088, 32623, 200.01, 76
2026/09/20 23:21:33.507, 100, 28088, 32623, 200.01, 75
2026/09/20 23:21:34.507, 100, 28088, 32623, 199.99, 76
2026/09/20 23:21:35.507, 99, 28088, 32623, 199.95, 76
2026/09/20 23:21:36.507, 100, 28088, 32623, 200.06, 76
2026/09/20 23:21:37.508, 100, 28088, 32623, 199.99, 75
2026/09/20 23:21:38.508, 100, 28088, 32623, 199.97, 76
2026/09/20 23:21:39.508, 100, 28088, 32623, 199.96, 76
2026/09/20 23:21:40.508, 100, 28088, 32623, 200.74, 76
2026/09/20 23:21:41.509, 100, 28088, 32623, 199.96, 75
2026/09/20 23:21:42.509, 100, 28088, 32623, 200.02, 76
2026/09/20 23:21:43.509, 100, 28088, 32623, 199.97, 75
2026/09/20 23:21:44.510, 100, 28088, 32623, 200.07, 76
2026/09/20 23:21:45.510, 100, 28088, 32623, 199.99, 74
2026/09/20 23:21:46.510, 100, 28088, 32623, 200.00, 75
2026/09/20 23:21:47.511, 100, 28088, 32623, 200.00, 75
2026/09/20 23:21:48.511, 100, 28088, 32623, 200.00, 75
2026/09/20 23:21:49.511, 100, 28088, 32623, 199.98, 76
2026/09/20 23:21:50.511, 100, 28088, 32623, 200.02, 74
2026/09/20 23:21:51.512, 100, 28088, 32623, 199.99, 76
2026/09/20 23:21:52.512, 100, 28088, 32623, 200.03, 76
2026/09/20 23:21:53.512, 100, 28088, 32623, 199.98, 74
2026/09/20 23:21:54.517, 100, 28088, 32623, 199.99, 75
2026/09/20 23:21:55.517, 100, 28088, 32623, 199.99, 75
2026/09/20 23:21:56.517, 100, 28088, 32623, 200.00, 75
2026/09/20 23:21:57.518, 100, 28088, 32623, 200.00, 76
2026/09/20 23:21:58.518, 100, 28088, 32623, 200.00, 76
2026/09/20 23:21:59.518, 100, 28088, 32623, 200.00, 75
2026/09/20 23:22:00.519, 100, 28088, 32623, 199.98, 76
2026/09/20 23:22:01.519, 100, 28088, 32623, 200.00, 76
2026/09/20 23:22:02.519, 99, 28088, 32623, 199.84, 74
2026/09/20 23:22:03.519, 100, 28088, 32623, 199.98, 75
2026/09/20 23:22:04.520, 100, 28088, 32623, 200.00, 76
2026/09/20 23:22:05.520, 100, 28088, 32623, 200.02, 76
2026/09/20 23:22:06.520, 99, 28088, 32623, 199.87, 75
2026/09/20 23:22:07.520, 100, 28088, 32623, 200.00, 76
2026/09/20 23:22:08.521, 100, 28088, 32623, 199.99, 76
2026/09/20 23:22:09.521, 100, 28088, 32623, 200.00, 76
2026/09/20 23:22:10.521, 99, 28088, 32623, 199.80, 75
2026/09/20 23:22:11.521, 100, 28088, 32623, 199.97, 75
2026/09/20 23:22:12.522, 100, 28088, 32623, 200.00, 76
2026/09/20 23:22:13.522, 100, 28088, 32623, 200.00, 76
2026/09/20 23:22:14.522, 99, 28088, 32623, 200.01, 76
2026/09/20 23:22:15.522, 100, 28088, 32623, 200.00, 74
2026/09/20 23:22:16.523, 100, 28088, 32623, 199.99, 75
2026/09/20 23:22:17.523, 100, 28088, 32623, 199.98, 75
2026/09/20 23:22:18.523, 100, 28088, 32623, 200.00, 76
2026/09/20 23:22:19.524, 100, 28088, 32623, 200.01, 76
2026/09/20 23:22:20.524, 100, 28088, 32623, 199.99, 74
2026/09/20 23:22:21.524, 100, 28088, 32623, 199.98, 73
2026/09/20 23:22:22.524, 100, 28088, 32623, 199.98, 75
2026/09/20 23:22:23.525, 100, 28088, 32623, 199.99, 76
2026/09/20 23:22:24.525, 100, 28088, 32623, 200.01, 76
2026/09/20 23:22:25.525, 100, 28088, 32623, 199.99, 76
2026/09/20 23:22:26.526, 100, 28088, 32623, 200.00, 76
2026/09/20 23:22:27.526, 100, 28088, 32623, 200.02, 74
2026/09/20 23:22:28.526, 100, 28088, 32623, 199.98, 74
2026/09/20 23:22:29.526, 100, 28088, 32623, 200.00, 74
2026/09/20 23:22:30.527, 100, 28088, 32623, 199.97, 74
2026/09/20 23:22:31.527, 100, 28088, 32623, 195.35, 74
2026/09/20 23:22:32.527, 100, 28088, 32623, 200.14, 74
2026/09/20 23:22:33.527, 100, 28088, 32623, 199.99, 74
2026/09/20 23:22:34.527, 100, 28088, 32623, 200.00, 72
2026/09/20 23:22:35.528, 100, 28088, 32623, 199.97, 76
2026/09/20 23:22:36.528, 100, 28088, 32623, 200.02, 75
2026/09/20 23:22:37.528, 100, 28088, 32623, 199.97, 76
2026/09/20 23:22:38.529, 100, 28088, 32623, 199.97, 76
2026/09/20 23:22:39.529, 100, 28088, 32623, 199.99, 76
2026/09/20 23:22:40.529, 100, 28088, 32623, 200.03, 76
2026/09/20 23:22:41.529, 100, 28088, 32623, 200.01, 76
2026/09/20 23:22:42.530, 100, 28088, 32623, 200.01, 76
2026/09/20 23:22:43.530, 100, 28088, 32623, 200.00, 76
2026/09/20 23:22:44.530, 100, 28088, 32623, 200.00, 76
2026/09/20 23:22:45.531, 100, 28088, 32623, 199.99, 76
2026/09/20 23:22:46.531, 100, 28088, 32623, 200.01, 76
2026/09/20 23:22:47.531, 100, 28088, 32623, 199.99, 76
2026/09/20 23:22:48.531, 100, 28088, 32623, 200.00, 76
2026/09/20 23:22:49.532, 100, 28088, 32623, 200.00, 76
2026/09/20 23:22:50.532, 100, 28088, 32623, 199.98, 75
2026/09/20 23:22:51.532, 100, 28088, 32623, 199.99, 75
2026/09/20 23:22:52.532, 100, 28088, 32623, 199.95, 76
2026/09/20 23:22:53.533, 100, 28088, 32623, 200.03, 75
2026/09/20 23:22:54.533, 100, 28088, 32623, 199.97, 74
2026/09/20 23:22:55.533, 100, 28088, 32623, 200.01, 74
2026/09/20 23:22:56.533, 99, 28088, 32623, 199.83, 76
2026/09/20 23:22:57.534, 100, 28088, 32623, 200.19, 74
2026/09/20 23:22:58.534, 100, 28088, 32623, 199.98, 76
2026/09/20 23:22:59.534, 100, 28088, 32623, 200.01, 76
2026/09/20 23:23:00.535, 100, 28088, 32623, 200.01, 76
2026/09/20 23:23:01.535, 100, 28088, 32623, 199.99, 76
2026/09/20 23:23:02.535, 100, 28088, 32623, 200.01, 76
2026/09/20 23:23:03.535, 100, 28088, 32623, 200.00, 75
2026/09/20 23:23:04.536, 100, 28088, 32623, 199.96, 73
2026/09/20 23:23:05.536, 95, 28088, 32623, 199.61, 74
2026/09/20 23:23:06.536, 100, 28088, 32623, 200.42, 75
2026/09/20 23:23:07.536, 100, 28088, 32623, 200.00, 76
2026/09/20 23:23:08.537, 100, 28088, 32623, 200.00, 76
2026/09/20 23:23:09.537, 100, 28088, 32623, 199.98, 75
2026/09/20 23:23:10.537, 100, 28088, 32623, 199.97, 76
2026/09/20 23:23:11.537, 100, 28088, 32623, 199.96, 74
2026/09/20 23:23:12.538, 100, 28088, 32623, 200.03, 75
2026/09/20 23:23:13.538, 100, 28088, 32623, 200.02, 76
2026/09/20 23:23:14.538, 100, 28088, 32623, 199.88, 76
2026/09/20 23:23:15.538, 100, 28088, 32623, 200.10, 76
2026/09/20 23:23:16.538, 100, 28088, 32623, 199.99, 75
2026/09/20 23:23:17.539, 100, 28088, 32623, 200.02, 74
2026/09/20 23:23:18.539, 100, 28088, 32623, 199.99, 76
2026/09/20 23:23:19.539, 100, 28088, 32623, 199.99, 76
2026/09/20 23:23:20.539, 100, 28088, 32623, 199.99, 76
2026/09/20 23:23:21.539, 100, 28088, 32623, 200.00, 75
2026/09/20 23:23:22.540, 100, 28088, 32623, 200.02, 76
2026/09/20 23:23:23.540, 100, 28088, 32623, 199.96, 76
2026/09/20 23:23:24.540, 100, 28088, 32623, 200.05, 76
2026/09/20 23:23:25.540, 100, 28088, 32623, 199.99, 75
2026/09/20 23:23:26.540, 100, 28088, 32623, 200.00, 74
2026/09/20 23:23:27.541, 100, 28088, 32623, 200.00, 76
2026/09/20 23:23:28.541, 100, 28088, 32623, 200.01, 76
2026/09/20 23:23:29.541, 100, 28088, 32623, 199.99, 75
2026/09/20 23:23:30.541, 100, 28088, 32623, 200.01, 74
2026/09/20 23:23:31.541, 100, 28088, 32623, 200.00, 76
2026/09/20 23:23:32.542, 100, 28088, 32623, 194.01, 77
2026/09/20 23:23:33.542, 100, 28088, 32623, 200.78, 74
2026/09/20 23:23:34.542, 100, 28088, 32623, 199.99, 76
2026/09/20 23:23:35.542, 100, 28088, 32623, 199.98, 75
2026/09/20 23:23:36.542, 100, 28088, 32623, 200.01, 74
2026/09/20 23:23:37.543, 100, 28088, 32623, 196.08, 76
2026/09/20 23:23:38.543, 100, 28088, 32623, 200.08, 76
2026/09/20 23:23:39.543, 100, 28088, 32623, 199.99, 76
2026/09/20 23:23:40.543, 100, 28088, 32623, 195.92, 73
2026/09/20 23:23:41.543, 97, 28088, 32623, 199.45, 73
2026/09/20 23:23:42.543, 97, 28088, 32623, 199.97, 73
2026/09/20 23:23:43.544, 96, 28088, 32623, 199.99, 73
2026/09/20 23:23:44.544, 96, 28088, 32623, 200.00, 73
2026/09/20 23:23:45.544, 96, 28088, 32623, 200.03, 73
2026/09/20 23:23:46.544, 96, 28088, 32623, 200.22, 72
2026/09/20 23:23:47.544, 97, 28088, 32623, 200.01, 72
2026/09/20 23:23:48.544, 97, 28088, 32623, 199.99, 73
2026/09/20 23:23:49.545, 97, 28088, 32623, 200.03, 73
2026/09/20 23:23:50.545, 0, 28088, 32623, 150.27, 63
2026/09/20 23:23:51.545, 0, 28088, 32623, 54.36, 60
2026/09/20 23:23:52.545, 97, 28088, 32623, 160.27, 69
2026/09/20 23:23:53.545, 97, 28088, 32623, 199.44, 70
2026/09/20 23:23:54.546, 100, 28088, 32623, 200.00, 71
2026/09/20 23:23:55.546, 100, 28088, 32623, 199.98, 71
2026/09/20 23:23:56.546, 100, 28088, 32623, 200.00, 72
2026/09/20 23:23:57.546, 100, 28088, 32623, 199.98, 72
2026/09/20 23:23:58.547, 100, 28088, 32623, 200.00, 73
2026/09/20 23:23:59.547, 100, 28088, 32623, 200.00, 72
2026/09/20 23:24:00.547, 100, 28088, 32623, 200.03, 73
2026/09/20 23:24:01.547, 100, 28088, 32623, 199.95, 73
2026/09/20 23:24:02.548, 99, 28088, 32623, 200.07, 73
2026/09/20 23:24:03.548, 100, 28088, 32623, 200.00, 72
2026/09/20 23:24:04.548, 100, 28088, 32623, 200.02, 73
2026/09/20 23:24:05.549, 100, 28088, 32623, 199.98, 73
2026/09/20 23:24:06.549, 100, 28088, 32623, 199.99, 73
2026/09/20 23:24:07.549, 100, 28088, 32623, 200.02, 74
2026/09/20 23:24:08.549, 100, 28088, 32623, 193.23, 73
2026/09/20 23:24:09.550, 100, 28088, 32623, 193.35, 72
2026/09/20 23:24:10.550, 95, 28088, 32623, 198.54, 72
2026/09/20 23:24:11.550, 92, 28088, 32623, 199.58, 72
2026/09/20 23:24:12.558, 86, 28088, 32623, 199.30, 72
2026/09/20 23:24:13.558, 84, 28088, 32623, 198.97, 72
2026/09/20 23:24:14.559, 93, 28088, 32623, 200.90, 72
2026/09/20 23:24:15.559, 100, 28088, 32623, 178.67, 72
2026/09/20 23:24:16.559, 100, 28088, 32623, 201.02, 72
2026/09/20 23:24:17.559, 100, 28088, 32623, 199.96, 72
2026/09/20 23:24:18.560, 100, 28088, 32623, 200.00, 72
2026/09/20 23:24:19.560, 100, 28088, 32623, 200.03, 73
2026/09/20 23:24:20.560, 97, 28088, 32623, 200.07, 72
2026/09/20 23:24:21.561, 100, 28088, 32623, 200.00, 72
2026/09/20 23:24:22.561, 100, 28088, 32623, 199.99, 73
2026/09/20 23:24:23.561, 100, 28088, 32623, 200.01, 73
2026/09/20 23:24:24.561, 100, 28088, 32623, 199.98, 73
2026/09/20 23:24:25.562, 100, 28088, 32623, 200.01, 72
2026/09/20 23:24:26.562, 100, 28088, 32623, 199.92, 73
2026/09/20 23:24:27.562, 100, 28088, 32623, 200.25, 74
2026/09/20 23:24:28.563, 100, 28088, 32623, 199.96, 74
2026/09/20 23:24:29.563, 100, 28088, 32623, 200.00, 74
2026/09/20 23:24:30.563, 100, 28088, 32623, 200.02, 74
2026/09/20 23:24:31.563, 99, 28088, 32623, 199.84, 67
2026/09/20 23:24:32.564, 100, 28088, 32623, 196.51, 74
2026/09/20 23:24:33.564, 100, 28088, 32623, 196.83, 74
2026/09/20 23:24:34.564, 91, 28088, 32623, 195.83, 72
2026/09/20 23:24:35.564, 94, 28088, 32623, 199.99, 72
2026/09/20 23:24:36.565, 94, 28088, 32623, 200.01, 72
2026/09/20 23:24:37.565, 94, 28088, 32623, 200.18, 72
2026/09/20 23:24:38.565, 94, 28088, 32623, 200.06, 72
2026/09/20 23:24:39.565, 100, 28088, 32623, 182.40, 72
2026/09/20 23:24:40.566, 100, 28088, 32623, 200.09, 71
2026/09/20 23:24:41.566, 100, 28088, 32623, 200.00, 73
2026/09/20 23:24:42.566, 100, 28088, 32623, 199.96, 73
2026/09/20 23:24:43.566, 100, 28088, 32623, 200.00, 73
2026/09/20 23:24:44.566, 100, 28088, 32623, 200.00, 73
2026/09/20 23:24:45.567, 100, 28088, 32623, 200.01, 74
2026/09/20 23:24:46.567, 100, 28088, 32623, 200.42, 74
2026/09/20 23:24:47.567, 100, 28088, 32623, 200.00, 74
2026/09/20 23:24:48.567, 100, 28088, 32623, 199.99, 73
2026/09/20 23:24:49.567, 100, 28088, 32623, 199.99, 74
2026/09/20 23:24:50.568, 100, 28088, 32623, 200.01, 74
2026/09/20 23:24:51.568, 100, 28088, 32623, 199.99, 73
2026/09/20 23:24:52.568, 100, 28088, 32623, 200.43, 73
2026/09/20 23:24:53.568, 100, 28088, 32623, 200.00, 73
2026/09/20 23:24:54.569, 100, 28088, 32623, 199.99, 74
2026/09/20 23:24:55.569, 100, 28088, 32623, 196.12, 74
2026/09/20 23:24:56.569, 100, 28088, 32623, 203.74, 74
2026/09/20 23:24:57.569, 100, 28088, 32623, 196.92, 75
2026/09/20 23:24:58.570, 94, 28088, 32623, 195.10, 72
2026/09/20 23:24:59.570, 94, 28088, 32623, 200.17, 72
2026/09/20 23:25:00.570, 91, 28088, 32623, 199.85, 72
2026/09/20 23:25:01.570, 94, 28088, 32623, 199.77, 71
2026/09/20 23:25:02.571, 94, 28088, 32623, 199.69, 71
2026/09/20 23:25:03.571, 100, 28088, 32623, 182.37, 72
2026/09/20 23:25:04.571, 100, 28088, 32623, 200.02, 72
2026/09/20 23:25:05.571, 100, 28088, 32623, 199.95, 73
2026/09/20 23:25:06.571, 100, 28088, 32623, 200.00, 73
2026/09/20 23:25:07.572, 100, 28088, 32623, 199.99, 73
2026/09/20 23:25:08.572, 100, 28088, 32623, 199.99, 73
2026/09/20 23:25:09.572, 100, 28088, 32623, 200.00, 73
2026/09/20 23:25:10.572, 100, 28088, 32623, 199.97, 73
2026/09/20 23:25:11.573, 98, 28088, 32623, 199.69, 74
2026/09/20 23:25:12.573, 100, 28088, 32623, 200.35, 73
2026/09/20 23:25:13.573, 100, 28088, 32623, 200.02, 73
2026/09/20 23:25:14.574, 100, 28088, 32623, 199.98, 73
2026/09/20 23:25:15.574, 100, 28088, 32623, 200.00, 74
2026/09/20 23:25:16.574, 98, 28088, 32623, 199.89, 74
2026/09/20 23:25:17.574, 100, 28088, 32623, 200.13, 73
2026/09/20 23:25:18.575, 100, 28088, 32623, 199.99, 73
2026/09/20 23:25:19.575, 100, 28088, 32623, 196.12, 73
2026/09/20 23:25:20.575, 77, 28088, 32623, 197.87, 73
2026/09/20 23:25:21.575, 39, 28088, 32623, 188.33, 73
2026/09/20 23:25:22.576, 93, 28088, 32623, 203.27, 72
2026/09/20 23:25:23.576, 93, 28088, 32623, 199.74, 71
2026/09/20 23:25:24.576, 89, 28088, 32623, 200.52, 73
2026/09/20 23:25:25.576, 91, 28088, 32623, 199.77, 72
2026/09/20 23:25:26.576, 87, 28088, 32623, 199.22, 67
2026/09/20 23:25:27.577, 100, 28088, 32623, 180.75, 72
2026/09/20 23:25:28.577, 100, 28088, 32623, 200.00, 73
2026/09/20 23:25:29.577, 100, 28088, 32623, 199.99, 73
2026/09/20 23:25:30.577, 100, 28088, 32623, 199.99, 73
2026/09/20 23:25:31.578, 100, 28088, 32623, 199.99, 74
2026/09/20 23:25:32.578, 100, 28088, 32623, 200.00, 73
2026/09/20 23:25:33.578, 100, 28088, 32623, 200.00, 72
2026/09/20 23:25:34.579, 100, 28088, 32623, 200.01, 73
2026/09/20 23:25:35.579, 100, 28088, 32623, 199.95, 73
2026/09/20 23:25:36.579, 99, 28088, 32623, 199.84, 75
2026/09/20 23:25:37.579, 100, 28088, 32623, 200.01, 74
2026/09/20 23:25:38.580, 100, 28088, 32623, 199.99, 75
2026/09/20 23:25:39.580, 100, 28088, 32623, 200.01, 73
2026/09/20 23:25:40.580, 100, 28088, 32623, 199.94, 74
2026/09/20 23:25:41.581, 100, 28088, 32623, 200.04, 74
2026/09/20 23:25:42.581, 100, 28088, 32623, 199.99, 74
2026/09/20 23:25:43.581, 100, 28088, 32623, 196.93, 74
2026/09/20 23:25:44.581, 96, 28088, 32623, 196.65, 74
2026/09/20 23:25:45.582, 100, 28088, 32623, 196.71, 72
2026/09/20 23:25:46.582, 94, 28088, 32623, 199.84, 72
2026/09/20 23:25:47.582, 94, 28088, 32623, 200.09, 72
2026/09/20 23:25:48.582, 92, 28088, 32623, 199.91, 72
2026/09/20 23:25:49.583, 93, 28088, 32623, 200.10, 72
2026/09/20 23:25:50.583, 0, 28088, 32623, 157.61, 64
2026/09/20 23:25:51.583, 0, 28088, 32623, 64.32, 67
2026/09/20 23:25:52.583, 100, 28088, 32623, 204.41, 72
2026/09/20 23:25:53.584, 100, 28088, 32623, 199.90, 72
2026/09/20 23:25:54.584, 100, 28088, 32623, 199.54, 72
2026/09/20 23:25:55.584, 100, 28088, 32623, 200.47, 72
2026/09/20 23:25:56.584, 100, 28088, 32623, 200.01, 72
2026/09/20 23:25:57.585, 100, 28088, 32623, 199.99, 72
2026/09/20 23:25:58.585, 100, 28088, 32623, 200.02, 73
2026/09/20 23:25:59.585, 100, 28088, 32623, 199.97, 73
2026/09/20 23:26:00.585, 100, 28088, 32623, 200.01, 73
2026/09/20 23:26:01.585, 100, 28088, 32623, 199.97, 73
2026/09/20 23:26:02.586, 100, 28088, 32623, 199.60, 73
2026/09/20 23:26:03.586, 100, 28088, 32623, 199.99, 74
2026/09/20 23:26:04.586, 100, 28088, 32623, 199.98, 73
2026/09/20 23:26:05.586, 100, 28088, 32623, 200.02, 74
2026/09/20 23:26:06.587, 98, 28088, 32623, 199.94, 74
2026/09/20 23:26:07.587, 100, 28088, 32623, 200.06, 73
2026/09/20 23:26:08.587, 100, 28088, 32623, 197.07, 74
2026/09/20 23:26:09.587, 100, 28088, 32623, 195.55, 73
2026/09/20 23:26:10.588, 98, 28088, 32623, 195.63, 72
2026/09/20 23:26:11.588, 94, 28088, 32623, 199.90, 71
2026/09/20 23:26:12.588, 93, 28088, 32623, 200.02, 72
2026/09/20 23:26:13.588, 94, 28088, 32623, 200.24, 72
2026/09/20 23:26:14.588, 93, 28088, 32623, 199.95, 72
2026/09/20 23:26:15.589, 100, 28088, 32623, 182.89, 72
2026/09/20 23:26:16.589, 100, 28088, 32623, 200.55, 73
2026/09/20 23:26:17.589, 100, 28088, 32623, 199.97, 73
2026/09/20 23:26:18.590, 100, 28088, 32623, 199.98, 73
2026/09/20 23:26:19.590, 97, 28088, 32623, 200.01, 73
2026/09/20 23:26:20.590, 100, 28088, 32623, 200.09, 73
2026/09/20 23:26:21.591, 100, 28088, 32623, 200.24, 73
2026/09/20 23:26:22.591, 100, 28088, 32623, 199.98, 73
2026/09/20 23:26:23.591, 100, 28088, 32623, 200.03, 74
2026/09/20 23:26:24.591, 100, 28088, 32623, 200.01, 73
2026/09/20 23:26:25.592, 100, 28088, 32623, 199.97, 73
2026/09/20 23:26:26.592, 100, 28088, 32623, 199.95, 73
2026/09/20 23:26:27.592, 100, 28088, 32623, 200.07, 72
2026/09/20 23:26:28.592, 100, 28088, 32623, 200.01, 74
2026/09/20 23:26:29.593, 100, 28088, 32623, 199.99, 73
2026/09/20 23:26:30.593, 100, 28088, 32623, 200.00, 74
2026/09/20 23:26:31.593, 100, 28088, 32623, 197.74, 75
2026/09/20 23:26:32.594, 100, 28088, 32623, 198.85, 73
2026/09/20 23:26:33.594, 100, 28088, 32623, 195.96, 73
2026/09/20 23:26:34.594, 83, 28088, 32623, 194.68, 73
2026/09/20 23:26:35.594, 93, 28088, 32623, 201.05, 72
2026/09/20 23:26:36.594, 93, 28088, 32623, 200.16, 72
2026/09/20 23:26:37.595, 94, 28088, 32623, 200.10, 72
2026/09/20 23:26:38.595, 90, 28088, 32623, 197.48, 71
2026/09/20 23:26:39.595, 100, 28088, 32623, 185.07, 72
2026/09/20 23:26:40.595, 100, 28088, 32623, 200.11, 72
2026/09/20 23:26:41.595, 100, 28088, 32623, 200.01, 73
2026/09/20 23:26:42.596, 100, 28088, 32623, 199.99, 73
2026/09/20 23:26:43.596, 100, 28088, 32623, 200.00, 73
2026/09/20 23:26:44.596, 100, 28088, 32623, 199.96, 74
2026/09/20 23:26:45.597, 98, 28088, 32623, 199.92, 72
2026/09/20 23:26:46.597, 100, 28088, 32623, 200.20, 73
2026/09/20 23:26:47.597, 100, 28088, 32623, 199.99, 74
2026/09/20 23:26:48.597, 100, 28088, 32623, 200.00, 73
2026/09/20 23:26:49.598, 100, 28088, 32623, 200.00, 73
2026/09/20 23:26:50.598, 100, 28088, 32623, 199.99, 73
2026/09/20 23:26:51.598, 99, 28088, 32623, 199.89, 75
2026/09/20 23:26:52.598, 100, 28088, 32623, 200.20, 73
2026/09/20 23:26:53.599, 100, 28088, 32623, 200.01, 75
2026/09/20 23:26:54.599, 100, 28088, 32623, 200.02, 75
2026/09/20 23:26:55.599, 95, 28088, 32623, 195.55, 76
2026/09/20 23:26:56.599, 100, 28088, 32623, 201.34, 74
2026/09/20 23:26:57.599, 100, 28088, 32623, 196.09, 74
2026/09/20 23:26:58.600, 94, 28088, 32623, 195.15, 71
2026/09/20 23:26:59.600, 94, 28088, 32623, 200.18, 71
2026/09/20 23:27:00.600, 93, 28088, 32623, 200.04, 72
2026/09/20 23:27:01.600, 91, 28088, 32623, 200.09, 72
2026/09/20 23:27:02.600, 93, 28088, 32623, 199.99, 72
2026/09/20 23:27:03.600, 100, 28088, 32623, 182.88, 72
2026/09/20 23:27:04.601, 100, 28088, 32623, 199.98, 72
2026/09/20 23:27:05.601, 100, 28088, 32623, 199.99, 73
2026/09/20 23:27:06.601, 100, 28088, 32623, 200.00, 73
2026/09/20 23:27:07.601, 100, 28088, 32623, 199.99, 73
2026/09/20 23:27:08.601, 100, 28088, 32623, 200.00, 74
2026/09/20 23:27:09.602, 100, 28088, 32623, 199.98, 73
2026/09/20 23:27:10.602, 100, 28088, 32623, 199.93, 74
2026/09/20 23:27:11.602, 93, 28088, 32623, 200.04, 72
2026/09/20 23:27:12.602, 100, 28088, 32623, 200.46, 74
2026/09/20 23:27:13.603, 100, 28088, 32623, 200.00, 74
2026/09/20 23:27:14.603, 100, 28088, 32623, 199.98, 73
2026/09/20 23:27:15.603, 100, 28088, 32623, 199.98, 74
2026/09/20 23:27:16.603, 93, 28088, 32623, 198.94, 72
2026/09/20 23:27:17.604, 100, 28088, 32623, 199.99, 74
2026/09/20 23:27:18.604, 100, 28088, 32623, 199.99, 74
2026/09/20 23:27:19.604, 100, 28088, 32623, 193.66, 74
2026/09/20 23:27:20.604, 100, 28088, 32623, 200.60, 74
2026/09/20 23:27:21.605, 100, 28088, 32623, 196.07, 73
2026/09/20 23:27:22.605, 94, 28088, 32623, 195.28, 73
2026/09/20 23:27:23.605, 94, 28088, 32623, 200.35, 71
2026/09/20 23:27:24.605, 94, 28088, 32623, 199.89, 71
2026/09/20 23:27:25.606, 94, 28088, 32623, 200.09, 71
2026/09/20 23:27:26.606, 94, 28088, 32623, 200.24, 71
2026/09/20 23:27:27.606, 100, 28088, 32623, 180.67, 73
2026/09/20 23:27:28.606, 100, 28088, 32623, 200.00, 73
2026/09/20 23:27:29.607, 100, 28088, 32623, 200.00, 73
2026/09/20 23:27:30.607, 100, 28088, 32623, 199.98, 74
2026/09/20 23:27:31.607, 100, 28088, 32623, 199.98, 73
2026/09/20 23:27:32.608, 100, 28088, 32623, 199.98, 73
2026/09/20 23:27:33.608, 100, 28088, 32623, 199.99, 73
2026/09/20 23:27:34.608, 100, 28088, 32623, 200.00, 73
2026/09/20 23:27:35.608, 100, 28088, 32623, 200.03, 73
2026/09/20 23:27:36.609, 100, 28088, 32623, 200.03, 74
2026/09/20 23:27:37.609, 100, 28088, 32623, 200.00, 74
2026/09/20 23:27:38.609, 100, 28088, 32623, 199.99, 74
2026/09/20 23:27:39.609, 100, 28088, 32623, 200.00, 73
2026/09/20 23:27:40.610, 100, 28088, 32623, 199.95, 75
2026/09/20 23:27:41.610, 100, 28088, 32623, 200.22, 74
2026/09/20 23:27:42.610, 100, 28088, 32623, 199.98, 73
2026/09/20 23:27:43.611, 100, 28088, 32623, 193.29, 73
2026/09/20 23:27:44.611, 26, 28088, 32623, 190.75, 68
2026/09/20 23:27:45.611, 52, 28088, 32623, 188.73, 72
2026/09/20 23:27:46.611, 93, 28088, 32623, 202.88, 73
2026/09/20 23:27:47.611, 92, 28088, 32623, 200.18, 73
2026/09/20 23:27:48.612, 94, 28088, 32623, 200.02, 72
2026/09/20 23:27:49.612, 94, 28088, 32623, 199.78, 71
2026/09/20 23:27:50.612, 52, 28088, 32623, 195.55, 68
2026/09/20 23:27:51.612, 0, 28088, 32623, 78.19, 62
2026/09/20 23:27:52.613, 100, 28088, 32623, 158.49, 71
2026/09/20 23:27:53.613, 100, 28088, 32623, 199.99, 72
2026/09/20 23:27:54.613, 100, 28088, 32623, 199.99, 72
2026/09/20 23:27:55.614, 100, 28088, 32623, 199.99, 73
2026/09/20 23:27:56.614, 100, 28088, 32623, 199.98, 72
2026/09/20 23:27:57.614, 100, 28088, 32623, 199.99, 72
2026/09/20 23:27:58.614, 100, 28088, 32623, 199.98, 73
2026/09/20 23:27:59.614, 100, 28088, 32623, 199.99, 73
2026/09/20 23:28:00.615, 100, 28088, 32623, 200.02, 74
2026/09/20 23:28:01.615, 100, 28088, 32623, 200.30, 73
2026/09/20 23:28:02.615, 100, 28088, 32623, 200.01, 73
2026/09/20 23:28:03.616, 100, 28088, 32623, 200.00, 73
2026/09/20 23:28:04.616, 100, 28088, 32623, 200.00, 74
2026/09/20 23:28:05.616, 100, 28088, 32623, 199.96, 73
2026/09/20 23:28:06.617, 100, 28088, 32623, 200.09, 73
2026/09/20 23:28:07.617, 100, 28088, 32623, 199.99, 74
2026/09/20 23:28:08.617, 100, 28088, 32623, 197.24, 74
2026/09/20 23:28:09.617, 75, 28088, 32623, 194.90, 75
2026/09/20 23:28:10.618, 100, 28088, 32623, 196.37, 73
2026/09/20 23:28:11.618, 93, 28088, 32623, 199.83, 72
2026/09/20 23:28:12.618, 92, 28088, 32623, 199.84, 72
2026/09/20 23:28:13.618, 94, 28088, 32623, 200.42, 71
2026/09/20 23:28:14.618, 89, 28088, 32623, 199.48, 73
2026/09/20 23:28:15.619, 0, 28088, 32623, 180.27, 65
2026/09/20 23:28:16.619, 99, 28088, 32623, 199.20, 73
2026/09/20 23:28:17.619, 100, 28088, 32623, 200.00, 72
2026/09/20 23:28:18.620, 100, 28088, 32623, 200.00, 72
2026/09/20 23:28:19.620, 100, 28088, 32623, 200.01, 73
2026/09/20 23:28:20.620, 100, 28088, 32623, 200.00, 74
2026/09/20 23:28:21.620, 100, 28088, 32623, 199.99, 73
2026/09/20 23:28:22.621, 100, 28088, 32623, 200.00, 73
2026/09/20 23:28:23.621, 100, 28088, 32623, 200.00, 73
2026/09/20 23:28:24.621, 100, 28088, 32623, 199.99, 73
2026/09/20 23:28:25.621, 100, 28088, 32623, 199.97, 74
2026/09/20 23:28:26.622, 100, 28088, 32623, 200.04, 73
2026/09/20 23:28:27.622, 100, 28088, 32623, 199.99, 74
2026/09/20 23:28:28.622, 100, 28088, 32623, 200.02, 73
2026/09/20 23:28:29.623, 100, 28088, 32623, 199.98, 73
2026/09/20 23:28:30.623, 98, 28088, 32623, 199.79, 74
2026/09/20 23:28:31.623, 100, 28088, 32623, 200.13, 74
2026/09/20 23:28:32.623, 100, 28088, 32623, 196.73, 74
2026/09/20 23:28:33.624, 100, 28088, 32623, 196.92, 73
2026/09/20 23:28:34.624, 98, 28088, 32623, 196.70, 72
2026/09/20 23:28:35.624, 83, 28088, 32623, 197.59, 73
2026/09/20 23:28:36.624, 92, 28088, 32623, 201.53, 72
2026/09/20 23:28:37.625, 94, 28088, 32623, 199.76, 73
2026/09/20 23:28:38.625, 90, 28088, 32623, 199.64, 73
2026/09/20 23:28:39.625, 100, 28088, 32623, 181.76, 73
2026/09/20 23:28:40.625, 100, 28088, 32623, 200.79, 73
2026/09/20 23:28:41.625, 100, 28088, 32623, 200.44, 73
2026/09/20 23:28:42.626, 98, 28088, 32623, 200.27, 73
2026/09/20 23:28:43.626, 97, 28088, 32623, 199.52, 73
2026/09/20 23:28:44.626, 100, 28088, 32623, 200.54, 73
2026/09/20 23:28:45.627, 100, 28088, 32623, 200.00, 73
2026/09/20 23:28:46.627, 100, 28088, 32623, 199.99, 73
2026/09/20 23:28:47.627, 100, 28088, 32623, 200.01, 73
2026/09/20 23:28:48.627, 100, 28088, 32623, 199.99, 73
2026/09/20 23:28:49.628, 100, 28088, 32623, 200.02, 74
2026/09/20 23:28:50.628, 98, 28088, 32623, 199.83, 74
2026/09/20 23:28:51.628, 100, 28088, 32623, 200.24, 74
2026/09/20 23:28:52.628, 100, 28088, 32623, 199.99, 74
2026/09/20 23:28:53.659, 100, 28088, 32623, 200.00, 73
2026/09/20 23:28:54.660, 100, 28088, 32623, 199.95, 74
2026/09/20 23:28:55.660, 100, 28088, 32623, 200.05, 75
2026/09/20 23:28:56.660, 100, 28088, 32623, 196.63, 75
2026/09/20 23:28:57.661, 100, 28088, 32623, 197.29, 74
2026/09/20 23:28:58.661, 94, 28088, 32623, 195.92, 72
2026/09/20 23:28:59.661, 91, 28088, 32623, 200.05, 73
2026/09/20 23:29:00.661, 91, 28088, 32623, 199.77, 73
2026/09/20 23:29:01.661, 92, 28088, 32623, 200.37, 72
2026/09/20 23:29:02.662, 94, 28088, 32623, 200.04, 72
2026/09/20 23:29:03.662, 100, 28088, 32623, 181.95, 72
2026/09/20 23:29:04.662, 100, 28088, 32623, 200.11, 73
2026/09/20 23:29:05.662, 100, 28088, 32623, 199.99, 73
2026/09/20 23:29:06.663, 100, 28088, 32623, 200.03, 73
2026/09/20 23:29:07.663, 100, 28088, 32623, 199.96, 73
2026/09/20 23:29:08.663, 100, 28088, 32623, 200.01, 73
2026/09/20 23:29:09.664, 97, 28088, 32623, 199.91, 73
2026/09/20 23:29:10.664, 100, 28088, 32623, 199.99, 73
2026/09/20 23:29:11.664, 100, 28088, 32623, 199.99, 74
2026/09/20 23:29:12.664, 100, 28088, 32623, 199.99, 73
2026/09/20 23:29:13.665, 100, 28088, 32623, 199.99, 73
2026/09/20 23:29:14.665, 100, 28088, 32623, 199.99, 73
2026/09/20 23:29:15.665, 97, 28088, 32623, 199.50, 75
2026/09/20 23:29:16.665, 100, 28088, 32623, 200.58, 74
2026/09/20 23:29:17.666, 100, 28088, 32623, 200.00, 75
2026/09/20 23:29:18.666, 100, 28088, 32623, 199.99, 75
2026/09/20 23:29:19.666, 45, 28088, 32623, 192.66, 68
2026/09/20 23:29:20.666, 100, 28088, 32623, 205.01, 74
2026/09/20 23:29:21.667, 100, 28088, 32623, 197.05, 75
2026/09/20 23:29:22.667, 92, 28088, 32623, 195.90, 73
2026/09/20 23:29:23.667, 94, 28088, 32623, 199.75, 73
2026/09/20 23:29:24.667, 94, 28088, 32623, 200.08, 72
2026/09/20 23:29:25.667, 94, 28088, 32623, 200.03, 71
2026/09/20 23:29:26.668, 94, 28088, 32623, 200.18, 72
2026/09/20 23:29:27.668, 100, 28088, 32623, 181.61, 72
2026/09/20 23:29:28.668, 100, 28088, 32623, 200.00, 73
2026/09/20 23:29:29.668, 100, 28088, 32623, 199.98, 72
2026/09/20 23:29:30.668, 100, 28088, 32623, 200.01, 73
2026/09/20 23:29:31.669, 100, 28088, 32623, 199.98, 73
2026/09/20 23:29:32.669, 100, 28088, 32623, 200.00, 73
2026/09/20 23:29:33.669, 100, 28088, 32623, 199.99, 73
2026/09/20 23:29:34.669, 100, 28088, 32623, 200.01, 74
2026/09/20 23:29:35.670, 100, 28088, 32623, 200.04, 74
2026/09/20 23:29:36.670, 100, 28088, 32623, 199.97, 73
2026/09/20 23:29:37.670, 100, 28088, 32623, 199.99, 73
2026/09/20 23:29:38.670, 100, 28088, 32623, 200.02, 73
2026/09/20 23:29:39.671, 100, 28088, 32623, 199.98, 74
2026/09/20 23:29:40.671, 100, 28088, 32623, 200.04, 74
2026/09/20 23:29:41.671, 100, 28088, 32623, 199.99, 75
2026/09/20 23:29:42.671, 100, 28088, 32623, 200.01, 75
2026/09/20 23:29:43.672, 100, 28088, 32623, 197.26, 74
2026/09/20 23:29:44.672, 100, 28088, 32623, 200.59, 74
2026/09/20 23:29:45.672, 100, 28088, 32623, 197.10, 73
2026/09/20 23:29:46.672, 91, 28088, 32623, 194.89, 74
2026/09/20 23:29:47.673, 85, 28088, 32623, 199.30, 72
2026/09/20 23:29:48.673, 94, 28088, 32623, 201.93, 72
2026/09/20 23:29:49.673, 94, 28088, 32623, 200.24, 72
2026/09/20 23:29:50.673, 81, 28088, 32623, 198.08, 71
2026/09/20 23:29:51.674, 100, 28088, 32623, 147.71, 71
2026/09/20 23:29:52.674, 100, 28088, 32623, 200.20, 71
2026/09/20 23:29:53.674, 100, 28088, 32623, 200.00, 73
2026/09/20 23:29:54.674, 100, 28088, 32623, 200.01, 72
2026/09/20 23:29:55.675, 100, 28088, 32623, 200.01, 73
2026/09/20 23:29:56.675, 100, 28088, 32623, 200.00, 73
2026/09/20 23:29:57.675, 98, 28088, 32623, 199.87, 74
2026/09/20 23:29:58.675, 100, 28088, 32623, 200.22, 73
2026/09/20 23:29:59.676, 100, 28088, 32623, 200.00, 74
2026/09/20 23:30:00.676, 100, 28088, 32623, 199.99, 74
2026/09/20 23:30:01.676, 100, 28088, 32623, 199.99, 73
2026/09/20 23:30:02.676, 100, 28088, 32623, 200.00, 73
2026/09/20 23:30:03.677, 98, 28088, 32623, 199.98, 73
2026/09/20 23:30:04.818, 100, 28088, 32623, 199.98, 73
2026/09/20 23:30:05.818, 99, 28088, 32623, 199.81, 75
2026/09/20 23:30:06.819, 100, 28088, 32623, 200.27, 75
2026/09/20 23:30:07.819, 100, 28088, 32623, 197.79, 75
2026/09/20 23:30:08.819, 100, 28088, 32623, 196.86, 74
2026/09/20 23:30:09.820, 100, 28088, 32623, 196.10, 72
2026/09/20 23:30:10.820, 94, 28088, 32623, 182.86, 71
2026/09/20 23:30:11.820, 94, 28088, 32623, 199.98, 72
2026/09/20 23:30:12.821, 92, 28088, 32623, 200.16, 72
2026/09/20 23:30:13.821, 89, 28088, 32623, 199.39, 72
2026/09/20 23:30:14.821, 89, 28088, 32623, 200.02, 72
2026/09/20 23:30:15.821, 93, 28088, 32623, 182.84, 72
2026/09/20 23:30:16.821, 94, 28088, 32623, 200.16, 71
2026/09/20 23:30:17.822, 94, 28088, 32623, 200.20, 72
2026/09/20 23:30:18.822, 92, 28088, 32623, 200.15, 72
2026/09/20 23:30:19.822, 90, 28088, 32623, 199.45, 72
2026/09/20 23:30:20.822, 89, 28088, 32623, 181.58, 72
2026/09/20 23:30:21.823, 94, 28088, 32623, 200.64, 71
2026/09/20 23:30:22.823, 94, 28088, 32623, 200.02, 72
2026/09/20 23:30:23.823, 94, 28088, 32623, 200.04, 72
2026/09/20 23:30:24.823, 92, 28088, 32623, 200.24, 72
2026/09/20 23:30:25.823, 85, 28088, 32623, 182.60, 72
2026/09/20 23:30:26.824, 94, 28088, 32623, 201.18, 72
2026/09/20 23:30:27.824, 94, 28088, 32623, 200.15, 72
2026/09/20 23:30:28.824, 93, 28088, 32623, 200.10, 72
2026/09/20 23:30:29.824, 93, 28088, 32623, 199.88, 72
2026/09/20 23:30:30.824, 95, 28088, 32623, 182.15, 71
2026/09/20 23:30:31.825, 94, 28088, 32623, 199.69, 72
2026/09/20 23:30:32.825, 92, 28088, 32623, 200.15, 72
2026/09/20 23:30:33.825, 93, 28088, 32623, 199.88, 73
2026/09/20 23:30:34.825, 94, 28088, 32623, 200.10, 71
2026/09/20 23:30:35.826, 31, 28088, 32623, 144.78, 67
2026/09/20 23:30:36.826, 97, 28088, 32623, 194.55, 72
2026/09/20 23:30:37.826, 97, 28088, 32623, 199.97, 73
2026/09/20 23:30:38.827, 97, 28088, 32623, 199.46, 73
2026/09/20 23:30:39.827, 100, 28088, 32623, 200.60, 73
2026/09/20 23:30:40.827, 100, 28088, 32623, 200.00, 74
2026/09/20 23:30:41.827, 100, 28088, 32623, 200.00, 73
2026/09/20 23:30:42.828, 100, 28088, 32623, 199.98, 73
2026/09/20 23:30:43.828, 100, 28088, 32623, 200.01, 74
2026/09/20 23:30:44.828, 100, 28088, 32623, 199.98, 73
2026/09/20 23:30:45.828, 100, 28088, 32623, 199.95, 74
2026/09/20 23:30:46.829, 99, 28088, 32623, 199.80, 74
2026/09/20 23:30:47.829, 100, 28088, 32623, 200.24, 74
2026/09/20 23:30:48.829, 100, 28088, 32623, 200.01, 74
2026/09/20 23:30:49.830, 100, 28088, 32623, 199.97, 74
2026/09/20 23:30:50.830, 100, 28088, 32623, 199.97, 74
2026/09/20 23:30:51.830, 100, 28088, 32623, 200.03, 75
2026/09/20 23:30:52.831, 100, 28088, 32623, 197.57, 75
2026/09/20 23:30:53.831, 100, 28088, 32623, 197.08, 75
2026/09/20 23:30:54.831, 43, 28088, 32623, 190.30, 68
2026/09/20 23:30:55.831, 93, 28088, 32623, 179.69, 71
2026/09/20 23:30:56.832, 87, 28088, 32623, 198.94, 73
2026/09/20 23:30:57.832, 93, 28088, 32623, 201.66, 72
2026/09/20 23:30:58.832, 94, 28088, 32623, 199.77, 72
2026/09/20 23:30:59.832, 94, 28088, 32623, 199.99, 72
2026/09/20 23:31:00.833, 94, 28088, 32623, 182.44, 71
2026/09/20 23:31:01.833, 87, 28088, 32623, 199.11, 73
2026/09/20 23:31:02.833, 92, 28088, 32623, 201.24, 72
2026/09/20 23:31:03.833, 94, 28088, 32623, 199.90, 72
2026/09/20 23:31:04.833, 92, 28088, 32623, 199.94, 71
2026/09/20 23:31:05.834, 84, 28088, 32623, 178.34, 71
2026/09/20 23:31:06.834, 94, 28088, 32623, 200.13, 71
2026/09/20 23:31:07.834, 94, 28088, 32623, 200.14, 72
2026/09/20 23:31:08.834, 92, 28088, 32623, 200.14, 72
2026/09/20 23:31:09.835, 93, 28088, 32623, 199.85, 72
2026/09/20 23:31:10.835, 94, 28088, 32623, 181.57, 71
2026/09/20 23:31:11.835, 94, 28088, 32623, 199.95, 72
2026/09/20 23:31:12.836, 94, 28088, 32623, 200.05, 72
2026/09/20 23:31:13.836, 92, 28088, 32623, 200.00, 72
2026/09/20 23:31:14.836, 94, 28088, 32623, 199.96, 72
2026/09/20 23:31:15.836, 95, 28088, 32623, 182.21, 71
2026/09/20 23:31:16.836, 94, 28088, 32623, 199.70, 72
2026/09/20 23:31:17.837, 92, 28088, 32623, 200.07, 72
2026/09/20 23:31:18.837, 93, 28088, 32623, 199.79, 72
2026/09/20 23:31:19.837, 94, 28088, 32623, 200.11, 71
2026/09/20 23:31:20.837, 53, 28088, 32623, 152.15, 69
2026/09/20 23:31:21.837, 97, 28088, 32623, 203.20, 73
2026/09/20 23:31:22.838, 97, 28088, 32623, 199.72, 73
2026/09/20 23:31:23.838, 97, 28088, 32623, 199.80, 73
2026/09/20 23:31:24.838, 100, 28088, 32623, 200.00, 73
2026/09/20 23:31:25.838, 100, 28088, 32623, 200.00, 73
2026/09/20 23:31:26.838, 100, 28088, 32623, 200.00, 73
2026/09/20 23:31:27.839, 100, 28088, 32623, 199.97, 73
2026/09/20 23:31:28.839, 100, 28088, 32623, 199.99, 73
2026/09/20 23:31:29.839, 100, 28088, 32623, 200.00, 74
2026/09/20 23:31:30.839, 100, 28088, 32623, 199.94, 74
2026/09/20 23:31:31.840, 98, 28088, 32623, 199.45, 75
2026/09/20 23:31:32.840, 100, 28088, 32623, 200.01, 74
2026/09/20 23:31:33.840, 100, 28088, 32623, 199.98, 73
2026/09/20 23:31:34.840, 100, 28088, 32623, 199.99, 74
2026/09/20 23:31:35.841, 100, 28088, 32623, 199.98, 75
2026/09/20 23:31:36.841, 100, 28088, 32623, 200.30, 74
2026/09/20 23:31:37.841, 100, 28088, 32623, 193.59, 75
2026/09/20 23:31:38.842, 100, 28088, 32623, 194.30, 74
2026/09/20 23:31:39.842, 55, 28088, 32623, 193.48, 69
2026/09/20 23:31:40.842, 94, 28088, 32623, 179.56, 72
2026/09/20 23:31:41.842, 94, 28088, 32623, 200.04, 72
2026/09/20 23:31:42.843, 94, 28088, 32623, 200.32, 72
2026/09/20 23:31:43.843, 93, 28088, 32623, 200.09, 72
2026/09/20 23:31:44.851, 92, 28088, 32623, 200.04, 73
2026/09/20 23:31:45.851, 86, 28088, 32623, 180.45, 73
2026/09/20 23:31:46.851, 80, 28088, 32623, 199.55, 71
2026/09/20 23:31:47.851, 93, 28088, 32623, 202.41, 72
2026/09/20 23:31:48.852, 84, 28088, 32623, 198.53, 71
2026/09/20 23:31:49.852, 90, 28088, 32623, 199.72, 73
2026/09/20 23:31:50.852, 79, 28088, 32623, 183.25, 72
2026/09/20 23:31:51.852, 85, 28088, 32623, 200.07, 72
2026/09/20 23:31:52.852, 93, 28088, 32623, 201.73, 71
2026/09/20 23:31:53.853, 91, 28088, 32623, 199.88, 72
2026/09/20 23:31:54.853, 89, 28088, 32623, 200.13, 73
2026/09/20 23:31:55.853, 100, 28088, 32623, 183.24, 71
2026/09/20 23:31:56.853, 92, 28088, 32623, 199.77, 72
2026/09/20 23:31:57.855, 92, 28088, 32623, 199.99, 72
2026/09/20 23:31:58.855, 94, 28088, 32623, 199.92, 71
2026/09/20 23:31:59.855, 94, 28088, 32623, 200.99, 72
2026/09/20 23:32:00.855, 99, 28088, 32623, 185.04, 72
2026/09/20 23:32:01.855, 92, 28088, 32623, 200.51, 72
2026/09/20 23:32:02.856, 94, 28088, 32623, 200.01, 72
2026/09/20 23:32:03.856, 92, 28088, 32623, 200.30, 72
2026/09/20 23:32:04.856, 94, 28088, 32623, 199.99, 72
2026/09/20 23:32:05.856, 0, 28088, 32623, 184.87, 66
2026/09/20 23:32:06.856, 0, 28088, 32623, 70.29, 62
2026/09/20 23:32:07.857, 0, 28088, 32623, 52.77, 60
2026/09/20 23:32:08.857, 100, 28088, 32623, 141.31, 70
2026/09/20 23:32:09.857, 100, 28088, 32623, 200.03, 71
2026/09/20 23:32:10.858, 100, 28088, 32623, 199.99, 71
2026/09/20 23:32:11.858, 100, 28088, 32623, 199.99, 71
2026/09/20 23:32:12.858, 100, 28088, 32623, 200.00, 72
2026/09/20 23:32:13.858, 100, 28088, 32623, 200.01, 72
2026/09/20 23:32:14.859, 100, 28088, 32623, 199.97, 72
2026/09/20 23:32:15.859, 100, 28088, 32623, 199.98, 72
2026/09/20 23:32:16.859, 100, 28088, 32623, 200.00, 73
2026/09/20 23:32:17.859, 100, 28088, 32623, 199.96, 74
2026/09/20 23:32:18.860, 100, 28088, 32623, 200.00, 73
2026/09/20 23:32:19.860, 100, 28088, 32623, 199.99, 73
2026/09/20 23:32:20.860, 100, 28088, 32623, 199.96, 73
2026/09/20 23:32:21.861, 98, 28088, 32623, 199.47, 73
2026/09/20 23:32:22.861, 100, 28088, 32623, 200.01, 73
2026/09/20 23:32:23.861, 100, 28088, 32623, 200.01, 73
2026/09/20 23:32:24.862, 100, 28088, 32623, 199.97, 72
2026/09/20 23:32:25.862, 100, 28088, 32623, 199.98, 74
2026/09/20 23:32:26.862, 100, 28088, 32623, 200.01, 74
2026/09/20 23:32:27.862, 100, 28088, 32623, 200.03, 74
2026/09/20 23:32:28.863, 100, 28088, 32623, 200.02, 73
2026/09/20 23:32:29.863, 100, 28088, 32623, 199.98, 73
2026/09/20 23:32:30.863, 100, 28088, 32623, 200.01, 74
2026/09/20 23:32:31.863, 100, 28088, 32623, 199.99, 74
2026/09/20 23:32:32.863, 100, 28088, 32623, 199.98, 73
2026/09/20 23:32:33.864, 100, 28088, 32623, 200.06, 74
2026/09/20 23:32:34.864, 100, 28088, 32623, 199.98, 74
2026/09/20 23:32:35.864, 100, 28088, 32623, 200.00, 74
2026/09/20 23:32:36.864, 100, 28088, 32623, 199.97, 74
2026/09/20 23:32:37.865, 100, 28088, 32623, 200.03, 74
2026/09/20 23:32:38.865, 100, 28088, 32623, 200.01, 73
2026/09/20 23:32:39.865, 100, 28088, 32623, 199.98, 74
2026/09/20 23:32:40.866, 100, 28088, 32623, 185.67, 73
2026/09/20 23:32:41.866, 100, 28088, 32623, 204.20, 73
2026/09/20 23:32:42.866, 100, 28088, 32623, 200.01, 74
2026/09/20 23:32:43.867, 100, 28088, 32623, 186.20, 73
2026/09/20 23:32:44.867, 100, 28088, 32623, 195.42, 74
2026/09/20 23:32:45.867, 99, 28088, 32623, 196.49, 72
2026/09/20 23:32:46.867, 99, 28088, 32623, 185.90, 73
2026/09/20 23:32:47.868, 99, 28088, 32623, 175.03, 71
2026/09/20 23:32:48.868, 92, 28096, 32623, 171.79, 73
2026/09/20 23:32:49.868, 90, 28096, 32623, 203.34, 73
2026/09/20 23:32:50.868, 84, 28096, 32623, 199.12, 70
2026/09/20 23:32:51.869, 91, 28096, 32623, 199.90, 72
2026/09/20 23:32:52.869, 92, 28096, 32623, 200.05, 72
2026/09/20 23:32:53.869, 95, 28096, 32623, 200.26, 72
2026/09/20 23:32:54.869, 0, 28096, 32623, 162.68, 64
2026/09/20 23:32:55.869, 100, 28096, 32623, 195.60, 72
2026/09/20 23:32:56.870, 100, 28096, 32623, 200.01, 72
2026/09/20 23:32:57.870, 100, 28096, 32623, 199.99, 72
2026/09/20 23:32:58.870, 100, 28096, 32623, 200.01, 73
2026/09/20 23:32:59.870, 100, 28096, 32623, 199.97, 72
2026/09/20 23:33:00.870, 100, 28096, 32623, 200.02, 73
2026/09/20 23:33:01.871, 100, 28096, 32623, 199.97, 72
2026/09/20 23:33:02.871, 100, 28096, 32623, 200.01, 72
2026/09/20 23:33:03.871, 100, 28096, 32623, 200.00, 74
2026/09/20 23:33:04.872, 100, 28096, 32623, 199.98, 73
2026/09/20 23:33:05.872, 100, 28096, 32623, 200.00, 73
2026/09/20 23:33:06.872, 100, 28096, 32623, 199.99, 73
2026/09/20 23:33:07.872, 100, 28096, 32623, 199.98, 73
2026/09/20 23:33:08.873, 100, 28096, 32623, 199.94, 73
2026/09/20 23:33:09.873, 97, 28096, 32623, 199.60, 73
2026/09/20 23:33:10.873, 100, 28096, 32623, 200.47, 73
2026/09/20 23:33:11.873, 100, 28096, 32623, 199.99, 73
2026/09/20 23:33:12.873, 100, 28096, 32623, 199.99, 74
2026/09/20 23:33:13.874, 100, 28096, 32623, 200.02, 73
2026/09/20 23:33:14.874, 100, 28096, 32623, 199.99, 73
2026/09/20 23:33:15.874, 97, 28096, 32623, 199.72, 73
2026/09/20 23:33:16.874, 100, 28096, 32623, 199.99, 73
2026/09/20 23:33:17.874, 100, 28096, 32623, 200.02, 74
2026/09/20 23:33:18.875, 100, 28096, 32623, 200.01, 74
2026/09/20 23:33:19.875, 100, 28096, 32623, 199.97, 73
2026/09/20 23:33:20.875, 97, 28096, 32623, 199.41, 75
2026/09/20 23:33:21.875, 100, 28096, 32623, 199.97, 74
2026/09/20 23:33:22.875, 100, 28096, 32623, 200.01, 75
2026/09/20 23:33:23.876, 100, 28096, 32623, 200.00, 74
2026/09/20 23:33:24.876, 99, 28096, 32623, 199.91, 74
2026/09/20 23:33:25.876, 100, 28096, 32623, 200.11, 74
2026/09/20 23:33:26.876, 100, 28096, 32623, 199.97, 73
2026/09/20 23:33:27.877, 100, 28096, 32623, 184.74, 73
2026/09/20 23:33:28.877, 100, 28096, 32623, 200.61, 74
2026/09/20 23:33:29.877, 100, 28096, 32623, 200.00, 75
2026/09/20 23:33:30.877, 100, 28096, 32623, 186.47, 73
2026/09/20 23:33:31.878, 100, 28096, 32623, 195.76, 74
2026/09/20 23:33:32.878, 100, 28096, 32623, 196.58, 72
2026/09/20 23:33:33.878, 94, 28096, 32623, 199.05, 73
2026/09/20 23:33:34.878, 92, 28096, 32623, 200.41, 73
2026/09/20 23:33:35.878, 90, 28096, 32623, 200.05, 73
2026/09/20 23:33:36.878, 86, 28096, 32623, 199.35, 71
2026/09/20 23:33:37.879, 90, 28096, 32623, 199.85, 73
2026/09/20 23:33:38.879, 90, 28096, 32623, 200.01, 71
2026/09/20 23:33:39.879, 100, 28096, 32623, 159.07, 72
2026/09/20 23:33:40.879, 100, 28096, 32623, 200.01, 72
2026/09/20 23:33:41.879, 100, 28096, 32623, 199.99, 73
2026/09/20 23:33:42.880, 100, 28096, 32623, 200.00, 73
2026/09/20 23:33:43.880, 100, 28096, 32623, 200.01, 73
2026/09/20 23:33:44.880, 100, 28096, 32623, 200.01, 73
2026/09/20 23:33:45.881, 100, 28096, 32623, 199.98, 73
2026/09/20 23:33:46.881, 100, 28096, 32623, 200.01, 73
2026/09/20 23:33:47.881, 100, 28096, 32623, 199.98, 73
2026/09/20 23:33:48.882, 100, 28096, 32623, 200.00, 73
2026/09/20 23:33:49.882, 100, 28096, 32623, 199.92, 72
2026/09/20 23:33:50.882, 98, 28096, 32623, 199.84, 74
2026/09/20 23:33:51.882, 100, 28096, 32623, 199.99, 73
2026/09/20 23:33:52.883, 100, 28096, 32623, 200.02, 73
2026/09/20 23:33:53.883, 100, 28096, 32623, 200.00, 73
2026/09/20 23:33:54.883, 100, 28096, 32623, 199.99, 75
2026/09/20 23:33:55.883, 100, 28096, 32623, 200.00, 73
2026/09/20 23:33:56.884, 100, 28096, 32623, 199.99, 75
2026/09/20 23:33:57.884, 99, 28096, 32623, 199.96, 73
2026/09/20 23:33:58.884, 100, 28096, 32623, 200.20, 73
2026/09/20 23:33:59.885, 100, 28096, 32623, 199.99, 73
2026/09/20 23:34:00.885, 100, 28096, 32623, 199.99, 73
2026/09/20 23:34:01.885, 100, 28096, 32623, 200.01, 73
2026/09/20 23:34:02.885, 100, 28096, 32623, 199.96, 74
2026/09/20 23:34:03.886, 100, 28096, 32623, 200.05, 74
2026/09/20 23:34:04.886, 100, 28096, 32623, 200.03, 73
2026/09/20 23:34:05.886, 100, 28096, 32623, 199.99, 74
2026/09/20 23:34:06.887, 100, 28096, 32623, 199.99, 74
2026/09/20 23:34:07.887, 98, 28096, 32623, 199.56, 73
2026/09/20 23:34:08.887, 100, 28096, 32623, 199.98, 73
2026/09/20 23:34:09.887, 100, 28096, 32623, 200.02, 73
2026/09/20 23:34:10.888, 100, 28096, 32623, 199.98, 73
2026/09/20 23:34:11.888, 74, 28096, 32623, 197.40, 72
2026/09/20 23:34:12.888, 100, 28096, 32623, 185.94, 73
2026/09/20 23:34:13.889, 100, 28096, 32623, 199.99, 74
2026/09/20 23:34:14.889, 14, 28096, 32623, 181.65, 66
2026/09/20 23:34:15.889, 52, 28096, 32623, 197.44, 73
2026/09/20 23:34:16.890, 92, 28096, 32623, 198.27, 73
2026/09/20 23:34:17.890, 91, 28096, 32623, 202.04, 71
2026/09/20 23:34:18.890, 94, 28096, 32623, 200.24, 72
2026/09/20 23:34:19.890, 95, 28096, 32623, 199.96, 72
2026/09/20 23:34:20.890, 92, 28096, 32623, 200.17, 73
2026/09/20 23:34:21.891, 91, 28096, 32623, 199.87, 71
2026/09/20 23:34:22.891, 91, 28096, 32623, 199.93, 71
2026/09/20 23:34:23.891, 100, 28096, 32623, 161.62, 71
2026/09/20 23:34:24.891, 100, 28096, 32623, 200.59, 72
2026/09/20 23:34:25.892, 100, 28096, 32623, 200.00, 72
2026/09/20 23:34:26.892, 100, 28096, 32623, 199.97, 72
2026/09/20 23:34:27.892, 100, 28096, 32623, 200.00, 73
2026/09/20 23:34:28.893, 100, 28096, 32623, 200.06, 72
2026/09/20 23:34:29.893, 100, 28096, 32623, 200.01, 72
2026/09/20 23:34:30.893, 97, 28096, 32623, 200.15, 73
2026/09/20 23:34:31.894, 98, 28096, 32623, 200.13, 73
2026/09/20 23:34:32.894, 100, 28096, 32623, 199.98, 73
2026/09/20 23:34:33.894, 100, 28096, 32623, 200.01, 73
2026/09/20 23:34:34.895, 100, 28096, 32623, 199.98, 73
2026/09/20 23:34:35.895, 100, 28096, 32623, 200.02, 74
2026/09/20 23:34:36.895, 100, 28096, 32623, 199.99, 74
2026/09/20 23:34:37.895, 100, 28096, 32623, 200.00, 74
2026/09/20 23:34:38.896, 100, 28096, 32623, 199.98, 73
2026/09/20 23:34:39.896, 100, 28096, 32623, 200.00, 73
2026/09/20 23:34:40.896, 100, 28096, 32623, 200.02, 73
2026/09/20 23:34:41.896, 100, 28096, 32623, 200.02, 73
2026/09/20 23:34:42.896, 100, 28096, 32623, 200.00, 73
2026/09/20 23:34:43.897, 100, 28096, 32623, 199.98, 74
2026/09/20 23:34:44.897, 100, 28096, 32623, 199.98, 74
2026/09/20 23:34:45.897, 97, 28096, 32623, 199.82, 73
2026/09/20 23:34:46.897, 100, 28096, 32623, 200.22, 73
2026/09/20 23:34:47.897, 100, 28096, 32623, 200.00, 74
2026/09/20 23:34:48.898, 100, 28096, 32623, 199.98, 75
2026/09/20 23:34:49.898, 100, 28096, 32623, 199.99, 74
2026/09/20 23:34:50.898, 99, 28096, 32623, 199.82, 74
2026/09/20 23:34:51.898, 100, 28096, 32623, 200.24, 73
2026/09/20 23:34:52.899, 100, 28096, 32623, 200.00, 73
2026/09/20 23:34:53.899, 100, 28096, 32623, 199.99, 74
2026/09/20 23:34:54.899, 98, 28096, 32623, 199.53, 73
2026/09/20 23:34:55.899, 100, 28096, 32623, 200.55, 73
2026/09/20 23:34:56.900, 100, 28096, 32623, 186.32, 74
2026/09/20 23:34:57.900, 100, 28096, 32623, 199.99, 74
2026/09/20 23:34:58.900, 100, 28096, 32623, 200.04, 74
2026/09/20 23:34:59.901, 100, 28096, 32623, 186.48, 74
2026/09/20 23:35:00.901, 100, 28096, 32623, 195.87, 75
2026/09/20 23:35:01.901, 89, 28096, 32623, 195.34, 72
2026/09/20 23:35:02.901, 90, 28096, 32623, 200.01, 73
2026/09/20 23:35:03.901, 90, 28096, 32623, 201.22, 73
2026/09/20 23:35:04.902, 91, 28096, 32623, 199.82, 73
2026/09/20 23:35:05.902, 91, 28096, 32623, 199.98, 71
2026/09/20 23:35:06.902, 90, 28096, 32623, 200.11, 72
2026/09/20 23:35:07.902, 0, 28096, 32623, 179.59, 65
2026/09/20 23:35:08.902, 100, 28096, 32623, 169.39, 72
2026/09/20 23:35:09.903, 100, 28096, 32623, 199.98, 72
2026/09/20 23:35:10.903, 100, 28096, 32623, 200.01, 73
2026/09/20 23:35:11.903, 100, 28096, 32623, 199.98, 72
2026/09/20 23:35:12.904, 100, 28096, 32623, 199.99, 72
2026/09/20 23:35:13.904, 100, 28096, 32623, 199.99, 73
2026/09/20 23:35:14.904, 100, 28096, 32623, 199.99, 73
2026/09/20 23:35:15.904, 100, 28096, 32623, 200.00, 73
2026/09/20 23:35:16.905, 100, 28096, 32623, 200.01, 73
2026/09/20 23:35:17.905, 100, 28096, 32623, 200.01, 73
2026/09/20 23:35:18.905, 100, 28096, 32623, 199.98, 73
2026/09/20 23:35:19.906, 100, 28096, 32623, 200.01, 74
2026/09/20 23:35:20.906, 100, 28096, 32623, 199.99, 73
2026/09/20 23:35:21.906, 99, 28096, 32623, 199.84, 74
2026/09/20 23:35:22.906, 100, 28096, 32623, 199.99, 74
2026/09/20 23:35:23.907, 100, 28096, 32623, 199.99, 74
2026/09/20 23:35:24.907, 100, 28096, 32623, 200.00, 74
2026/09/20 23:35:25.907, 100, 28096, 32623, 200.00, 74
2026/09/20 23:35:26.908, 100, 28096, 32623, 199.99, 74
2026/09/20 23:35:27.908, 100, 28096, 32623, 199.98, 73
2026/09/20 23:35:28.908, 100, 28096, 32623, 200.09, 73
2026/09/20 23:35:29.909, 100, 28096, 32623, 200.01, 73
2026/09/20 23:35:30.909, 100, 28096, 32623, 199.99, 73
2026/09/20 23:35:31.909, 100, 28096, 32623, 200.01, 75
2026/09/20 23:35:32.909, 100, 28096, 32623, 199.97, 73
2026/09/20 23:35:33.910, 100, 28096, 32623, 200.03, 74
2026/09/20 23:35:34.910, 100, 28096, 32623, 199.97, 74
2026/09/20 23:35:35.910, 100, 28096, 32623, 200.00, 74
2026/09/20 23:35:36.910, 100, 28096, 32623, 199.99, 75
2026/09/20 23:35:37.910, 97, 28096, 32623, 199.61, 75
2026/09/20 23:35:38.911, 100, 28096, 32623, 200.48, 74
2026/09/20 23:35:39.911, 100, 28096, 32623, 199.99, 75
2026/09/20 23:35:40.911, 100, 28096, 32623, 182.22, 74
2026/09/20 23:35:41.911, 100, 28096, 32623, 203.04, 75
2026/09/20 23:35:42.912, 100, 28096, 32623, 200.01, 74
2026/09/20 23:35:43.912, 100, 28096, 32623, 186.65, 73
2026/09/20 23:35:44.912, 100, 28096, 32623, 196.43, 74
2026/09/20 23:35:45.912, 100, 28096, 32623, 200.37, 72
2026/09/20 23:35:46.913, 90, 28096, 32623, 198.57, 71
2026/09/20 23:35:47.913, 90, 28096, 32623, 200.26, 72
2026/09/20 23:35:48.913, 94, 28096, 32623, 199.94, 73
2026/09/20 23:35:49.913, 94, 28096, 32623, 200.00, 73
2026/09/20 23:35:50.913, 94, 28096, 32623, 200.42, 73
2026/09/20 23:35:51.914, 92, 28096, 32623, 200.59, 73
2026/09/20 23:35:52.914, 0, 28096, 32623, 93.02, 62
2026/09/20 23:35:53.914, 0, 28096, 32623, 79.36, 62
2026/09/20 23:35:54.914, 100, 28096, 32623, 85.43, 69
2026/09/20 23:35:55.915, 100, 28096, 32623, 200.06, 71
2026/09/20 23:35:56.915, 100, 28096, 32623, 199.99, 70
2026/09/20 23:35:57.915, 100, 28096, 32623, 200.00, 72
2026/09/20 23:35:58.915, 100, 28096, 32623, 199.99, 72
2026/09/20 23:35:59.915, 100, 28096, 32623, 200.00, 72
2026/09/20 23:36:00.916, 100, 28096, 32623, 199.97, 73
2026/09/20 23:36:01.916, 100, 28096, 32623, 200.02, 73
2026/09/20 23:36:02.916, 100, 28096, 32623, 200.01, 73
2026/09/20 23:36:03.916, 100, 28096, 32623, 199.95, 72
2026/09/20 23:36:04.916, 98, 28096, 32623, 199.94, 72
2026/09/20 23:36:05.917, 100, 28096, 32623, 200.17, 73
2026/09/20 23:36:06.917, 100, 28096, 32623, 200.02, 73
2026/09/20 23:36:07.917, 100, 28096, 32623, 199.99, 74
2026/09/20 23:36:08.917, 100, 28096, 32623, 200.02, 74
2026/09/20 23:36:09.918, 100, 28096, 32623, 199.99, 73
2026/09/20 23:36:10.918, 100, 28096, 32623, 199.99, 73
2026/09/20 23:36:11.918, 100, 28096, 32623, 199.95, 74
2026/09/20 23:36:12.918, 98, 28096, 32623, 199.50, 72
2026/09/20 23:36:13.919, 100, 28096, 32623, 200.00, 73
2026/09/20 23:36:14.919, 100, 28096, 32623, 199.99, 73
2026/09/20 23:36:15.919, 100, 28096, 32623, 199.98, 73
2026/09/20 23:36:16.919, 100, 28096, 32623, 199.99, 73
2026/09/20 23:36:17.920, 100, 28096, 32623, 200.01, 73
2026/09/20 23:36:18.920, 100, 28096, 32623, 200.02, 73
2026/09/20 23:36:19.920, 100, 28096, 32623, 200.00, 73
2026/09/20 23:36:20.920, 100, 28096, 32623, 199.99, 74
2026/09/20 23:36:21.921, 100, 28096, 32623, 199.98, 73
2026/09/20 23:36:22.921, 99, 28096, 32623, 200.04, 75
2026/09/20 23:36:23.921, 100, 28096, 32623, 199.98, 75
2026/09/20 23:36:24.922, 100, 28096, 32623, 200.01, 75
2026/09/20 23:36:25.922, 100, 28096, 32623, 200.00, 75
2026/09/20 23:36:26.922, 99, 28096, 32623, 199.85, 74
2026/09/20 23:36:27.922, 100, 28096, 32623, 185.17, 74
2026/09/20 23:36:28.923, 100, 28096, 32623, 199.99, 73
2026/09/20 23:36:29.923, 7, 28096, 32623, 186.13, 67
2026/09/20 23:36:30.923, 32, 28096, 32623, 190.52, 67
2026/09/20 23:36:31.924, 100, 28096, 32623, 195.38, 73
2026/09/20 23:36:32.924, 94, 28096, 32623, 201.52, 73
2026/09/20 23:36:33.924, 91, 28096, 32623, 199.67, 73
2026/09/20 23:36:34.924, 91, 28096, 32623, 199.95, 71
2026/09/20 23:36:35.924, 90, 28096, 32623, 199.99, 72
2026/09/20 23:36:36.925, 94, 28096, 32623, 200.13, 72
2026/09/20 23:36:37.925, 92, 28096, 32623, 200.19, 73
2026/09/20 23:36:38.925, 100, 28096, 32623, 162.57, 71
2026/09/20 23:36:39.925, 100, 28096, 32623, 200.71, 72
2026/09/20 23:36:40.926, 100, 28096, 32623, 200.03, 72
2026/09/20 23:36:41.926, 100, 28096, 32623, 199.98, 73
2026/09/20 23:36:42.926, 100, 28096, 32623, 200.00, 73
2026/09/20 23:36:43.926, 100, 28096, 32623, 199.95, 73
2026/09/20 23:36:44.927, 100, 28096, 32623, 200.02, 73
2026/09/20 23:36:45.927, 98, 28096, 32623, 200.27, 73
2026/09/20 23:36:46.928, 97, 28096, 32623, 199.78, 73
2026/09/20 23:36:47.928, 100, 28096, 32623, 200.49, 73
2026/09/20 23:36:48.928, 100, 28096, 32623, 199.98, 74
2026/09/20 23:36:49.928, 100, 28096, 32623, 200.01, 73
2026/09/20 23:36:50.929, 100, 28096, 32623, 199.99, 73
2026/09/20 23:36:51.929, 100, 28096, 32623, 199.99, 73
2026/09/20 23:36:52.929, 100, 28096, 32623, 200.01, 73
2026/09/20 23:36:53.930, 100, 28096, 32623, 199.98, 73
2026/09/20 23:36:54.930, 100, 28096, 32623, 200.03, 74
2026/09/20 23:36:55.930, 100, 28096, 32623, 200.29, 73
2026/09/20 23:36:56.930, 100, 28096, 32623, 200.00, 74
2026/09/20 23:36:57.931, 100, 28096, 32623, 200.02, 73
2026/09/20 23:36:58.931, 100, 28096, 32623, 200.00, 73
2026/09/20 23:36:59.931, 100, 28096, 32623, 199.99, 73
2026/09/20 23:37:00.932, 100, 28096, 32623, 199.96, 74
2026/09/20 23:37:01.932, 100, 28096, 32623, 200.09, 74
2026/09/20 23:37:02.932, 100, 28096, 32623, 199.95, 75
2026/09/20 23:37:03.932, 100, 28096, 32623, 200.02, 72
2026/09/20 23:37:04.933, 100, 28096, 32623, 199.98, 73
2026/09/20 23:37:05.933, 98, 28096, 32623, 199.43, 75
2026/09/20 23:37:06.933, 100, 28096, 32623, 200.59, 72
2026/09/20 23:37:07.934, 100, 28096, 32623, 200.00, 74
2026/09/20 23:37:08.934, 100, 28096, 32623, 199.99, 75
2026/09/20 23:37:09.934, 98, 28096, 32623, 199.67, 74
2026/09/20 23:37:10.934, 100, 28096, 32623, 199.98, 75
2026/09/20 23:37:11.934, 100, 28096, 32623, 184.97, 75
2026/09/20 23:37:12.935, 100, 28096, 32623, 199.98, 74
2026/09/20 23:37:13.935, 100, 28096, 32623, 200.02, 73
2026/09/20 23:37:14.935, 100, 28096, 32623, 185.29, 73
2026/09/20 23:37:15.935, 100, 28096, 32623, 195.39, 74
2026/09/20 23:37:16.936, 90, 28096, 32623, 198.80, 73
2026/09/20 23:37:17.936, 90, 28096, 32623, 200.36, 73
2026/09/20 23:37:18.936, 90, 28096, 32623, 199.97, 73
2026/09/20 23:37:19.936, 91, 28096, 32623, 200.24, 73
2026/09/20 23:37:20.936, 91, 28096, 32623, 200.04, 73
2026/09/20 23:37:21.936, 93, 28096, 32623, 199.99, 71
2026/09/20 23:37:22.937, 0, 28096, 32623, 171.49, 64
2026/09/20 23:37:23.937, 100, 28096, 32623, 175.32, 71
2026/09/20 23:37:24.937, 100, 28096, 32623, 200.02, 72
2026/09/20 23:37:25.937, 100, 28096, 32623, 199.99, 73
2026/09/20 23:37:26.938, 100, 28096, 32623, 200.00, 71
2026/09/20 23:37:27.938, 100, 28096, 32623, 199.98, 73
2026/09/20 23:37:28.938, 100, 28096, 32623, 199.99, 73
2026/09/20 23:37:29.939, 100, 28096, 32623, 199.99, 73
2026/09/20 23:37:30.939, 100, 28096, 32623, 200.01, 73
2026/09/20 23:37:31.939, 100, 28096, 32623, 200.00, 73
2026/09/20 23:37:32.939, 100, 28096, 32623, 199.99, 73
2026/09/20 23:37:33.940, 100, 28096, 32623, 200.00, 74
2026/09/20 23:37:34.940, 100, 28096, 32623, 199.97, 73
2026/09/20 23:37:35.940, 100, 28096, 32623, 200.00, 73
2026/09/20 23:37:36.940, 100, 28096, 32623, 200.01, 73
2026/09/20 23:37:37.940, 99, 28096, 32623, 200.01, 74
2026/09/20 23:37:38.941, 100, 28096, 32623, 200.00, 74
2026/09/20 23:37:39.941, 100, 28096, 32623, 199.98, 73
2026/09/20 23:37:40.941, 100, 28096, 32623, 200.00, 74
2026/09/20 23:37:41.941, 100, 28096, 32623, 199.99, 73
2026/09/20 23:37:42.942, 100, 28096, 32623, 199.95, 73
2026/09/20 23:37:43.942, 97, 28096, 32623, 199.81, 74
2026/09/20 23:37:44.942, 100, 28096, 32623, 200.25, 73
2026/09/20 23:37:45.942, 100, 28096, 32623, 200.01, 74
2026/09/20 23:37:46.942, 100, 28096, 32623, 200.00, 75
2026/09/20 23:37:47.943, 100, 28096, 32623, 200.01, 74
2026/09/20 23:37:48.943, 99, 28096, 32623, 199.85, 75
2026/09/20 23:37:49.943, 100, 28096, 32623, 200.17, 73
2026/09/20 23:37:50.943, 100, 28096, 32623, 199.99, 74
2026/09/20 23:37:51.943, 100, 28096, 32623, 199.98, 75
2026/09/20 23:37:52.944, 97, 28096, 32623, 199.70, 75
2026/09/20 23:37:53.944, 100, 28096, 32623, 200.33, 74
2026/09/20 23:37:54.944, 100, 28096, 32623, 199.98, 75
2026/09/20 23:37:55.944, 100, 28096, 32623, 185.59, 73
2026/09/20 23:37:56.945, 100, 28096, 32623, 200.40, 72
2026/09/20 23:37:57.945, 100, 28096, 32623, 200.02, 74
2026/09/20 23:37:58.945, 100, 28096, 32623, 185.46, 73
2026/09/20 23:37:59.945, 100, 28096, 32623, 195.74, 73
2026/09/20 23:38:00.945, 100, 28096, 32623, 200.09, 71
2026/09/20 23:38:01.946, 90, 28096, 32623, 198.81, 71
2026/09/20 23:38:02.946, 94, 28096, 32623, 199.90, 71
2026/09/20 23:38:03.946, 95, 28096, 32623, 200.28, 72
2026/09/20 23:38:04.946, 92, 28096, 32623, 200.39, 72
2026/09/20 23:38:05.946, 91, 28096, 32623, 200.11, 73
2026/09/20 23:38:06.947, 91, 28096, 32623, 199.99, 73
2026/09/20 23:38:07.947, 100, 28096, 32623, 161.57, 72
2026/09/20 23:38:08.947, 100, 28096, 32623, 200.01, 73
2026/09/20 23:38:09.947, 100, 28096, 32623, 199.99, 73
2026/09/20 23:38:10.947, 100, 28096, 32623, 199.99, 73
2026/09/20 23:38:11.948, 100, 28096, 32623, 200.00, 72
2026/09/20 23:38:12.948, 100, 28096, 32623, 199.99, 73
2026/09/20 23:38:13.948, 100, 28096, 32623, 199.99, 73
2026/09/20 23:38:14.949, 100, 28096, 32623, 199.99, 73
2026/09/20 23:38:15.949, 100, 28096, 32623, 199.99, 73
2026/09/20 23:38:16.949, 100, 28096, 32623, 200.00, 73
2026/09/20 23:38:17.950, 100, 28096, 32623, 199.99, 73
2026/09/20 23:38:18.950, 98, 28096, 32623, 199.95, 73
2026/09/20 23:38:19.950, 100, 28096, 32623, 200.09, 74
2026/09/20 23:38:20.950, 100, 28096, 32623, 200.03, 74
2026/09/20 23:38:21.950, 100, 28096, 32623, 200.00, 74
2026/09/20 23:38:22.951, 100, 28096, 32623, 199.99, 73
2026/09/20 23:38:23.951, 100, 28096, 32623, 199.98, 73
2026/09/20 23:38:24.951, 100, 28096, 32623, 200.00, 73
2026/09/20 23:38:25.951, 100, 28096, 32623, 199.99, 74
2026/09/20 23:38:26.951, 100, 28096, 32623, 200.49, 72
2026/09/20 23:38:27.951, 100, 28096, 32623, 200.00, 74
2026/09/20 23:38:28.952, 100, 28096, 32623, 199.99, 73
2026/09/20 23:38:29.952, 100, 28096, 32623, 200.00, 73
2026/09/20 23:38:30.952, 100, 28096, 32623, 199.95, 74
2026/09/20 23:38:31.952, 100, 28096, 32623, 200.09, 74
2026/09/20 23:38:32.953, 100, 28096, 32623, 200.01, 74
2026/09/20 23:38:33.953, 100, 28096, 32623, 199.98, 73
2026/09/20 23:38:34.953, 100, 28096, 32623, 200.00, 75
2026/09/20 23:38:35.954, 97, 28096, 32623, 199.68, 75
2026/09/20 23:38:36.954, 100, 28096, 32623, 200.33, 74
2026/09/20 23:38:37.954, 100, 28096, 32623, 200.00, 74
2026/09/20 23:38:38.954, 100, 28096, 32623, 199.98, 74
2026/09/20 23:38:39.955, 36, 28096, 32623, 191.82, 71
2026/09/20 23:38:40.955, 100, 28096, 32623, 194.47, 74
2026/09/20 23:38:41.955, 100, 28096, 32623, 199.99, 75
2026/09/20 23:38:42.956, 59, 28096, 32623, 181.27, 74
2026/09/20 23:38:43.956, 94, 28096, 32623, 192.87, 73
2026/09/20 23:38:44.956, 100, 28096, 32623, 201.00, 72
2026/09/20 23:38:45.956, 93, 28096, 32623, 199.27, 73
2026/09/20 23:38:46.956, 93, 28096, 32623, 199.74, 72
2026/09/20 23:38:47.957, 94, 28096, 32623, 200.08, 72
2026/09/20 23:38:48.957, 92, 28096, 32623, 200.30, 73
2026/09/20 23:38:49.957, 91, 28096, 32623, 200.15, 73
2026/09/20 23:38:50.957, 91, 28096, 32623, 199.59, 73
2026/09/20 23:38:51.957, 100, 28096, 32623, 163.85, 72
2026/09/20 23:38:52.958, 100, 28096, 32623, 200.09, 72
2026/09/20 23:38:53.958, 100, 28096, 32623, 200.01, 72
2026/09/20 23:38:54.958, 100, 28096, 32623, 200.00, 72
2026/09/20 23:38:55.959, 100, 28096, 32623, 200.00, 72
2026/09/20 23:38:56.959, 100, 28096, 32623, 200.00, 73
2026/09/20 23:38:57.959, 100, 28096, 32623, 200.04, 73
2026/09/20 23:38:58.959, 100, 28096, 32623, 199.99, 73
2026/09/20 23:38:59.960, 97, 28096, 32623, 200.01, 73
2026/09/20 23:39:00.960, 100, 28096, 32623, 199.66, 73
2026/09/20 23:39:01.960, 100, 28096, 32623, 200.38, 73
2026/09/20 23:39:02.961, 100, 28096, 32623, 199.98, 74
2026/09/20 23:39:03.961, 100, 28096, 32623, 199.99, 73
2026/09/20 23:39:04.961, 100, 28096, 32623, 199.97, 73
2026/09/20 23:39:05.961, 100, 28096, 32623, 200.01, 74
2026/09/20 23:39:06.962, 100, 28096, 32623, 199.98, 74
2026/09/20 23:39:07.962, 100, 28096, 32623, 199.98, 74
2026/09/20 23:39:08.962, 99, 28096, 32623, 199.84, 75
2026/09/20 23:39:09.963, 100, 28096, 32623, 200.21, 73
2026/09/20 23:39:10.963, 100, 28096, 32623, 199.98, 74
2026/09/20 23:39:11.963, 100, 28096, 32623, 200.00, 74
2026/09/20 23:39:12.963, 100, 28096, 32623, 199.96, 74
2026/09/20 23:39:13.964, 100, 28096, 32623, 199.94, 73
2026/09/20 23:39:14.964, 100, 28096, 32623, 200.00, 73
2026/09/20 23:39:15.964, 100, 28096, 32623, 200.01, 74
2026/09/20 23:39:16.964, 100, 28096, 32623, 200.00, 74
2026/09/20 23:39:17.965, 100, 28096, 32623, 200.01, 74
2026/09/20 23:39:18.965, 98, 28096, 32623, 200.01, 73
2026/09/20 23:39:19.965, 100, 28096, 32623, 200.40, 75
2026/09/20 23:39:20.965, 100, 28096, 32623, 199.99, 75
2026/09/20 23:39:21.966, 100, 28096, 32623, 200.02, 75
2026/09/20 23:39:22.966, 98, 28096, 32623, 199.98, 74
2026/09/20 23:39:23.966, 100, 28096, 32623, 200.25, 75
2026/09/20 23:39:24.967, 100, 28096, 32623, 183.45, 75
2026/09/20 23:39:25.967, 100, 28096, 32623, 200.00, 73
2026/09/20 23:39:26.967, 100, 28096, 32623, 200.04, 73
2026/09/20 23:39:27.967, 100, 28096, 32623, 186.30, 73
2026/09/20 23:39:28.968, 100, 28096, 32623, 195.66, 74
2026/09/20 23:39:29.968, 92, 28096, 32623, 198.96, 72
2026/09/20 23:39:30.968, 91, 28096, 32623, 199.86, 72
2026/09/20 23:39:31.968, 90, 28096, 32623, 200.34, 72
2026/09/20 23:39:32.969, 91, 28096, 32623, 199.99, 73
2026/09/20 23:39:33.969, 91, 28096, 32623, 199.92, 72
2026/09/20 23:39:34.969, 94, 28096, 32623, 200.15, 72
2026/09/20 23:39:35.969, 0, 28096, 32623, 153.92, 63
2026/09/20 23:39:36.969, 0, 28096, 32623, 79.41, 61
2026/09/20 23:39:37.970, 0, 28096, 32623, 52.85, 60
2026/09/20 23:39:38.970, 100, 28096, 32623, 143.94, 70
2026/09/20 23:39:39.970, 100, 28096, 32623, 200.00, 71
2026/09/20 23:39:40.971, 100, 28096, 32623, 199.99, 71
2026/09/20 23:39:41.971, 100, 28096, 32623, 199.99, 71
2026/09/20 23:39:42.971, 100, 28096, 32623, 199.98, 72
2026/09/20 23:39:43.971, 100, 28096, 32623, 199.99, 72
2026/09/20 23:39:44.971, 100, 28096, 32623, 200.00, 72
2026/09/20 23:39:45.972, 100, 28096, 32623, 200.00, 72
2026/09/20 23:39:46.972, 100, 28096, 32623, 199.96, 72
2026/09/20 23:39:47.972, 100, 28096, 32623, 200.01, 72
2026/09/20 23:39:48.972, 100, 28096, 32623, 199.98, 73
2026/09/20 23:39:49.972, 100, 28096, 32623, 200.01, 73
2026/09/20 23:39:50.973, 100, 28096, 32623, 200.01, 72
2026/09/20 23:39:51.973, 97, 28096, 32623, 200.02, 73
2026/09/20 23:39:52.973, 97, 28096, 32623, 199.77, 73
2026/09/20 23:39:53.973, 100, 28096, 32623, 200.50, 73
2026/09/20 23:39:54.973, 100, 28096, 32623, 200.00, 73
2026/09/20 23:39:55.974, 100, 28096, 32623, 200.00, 73
2026/09/20 23:39:56.974, 100, 28096, 32623, 200.01, 73
2026/09/20 23:39:57.974, 100, 28096, 32623, 199.96, 73
2026/09/20 23:39:58.974, 97, 28096, 32623, 199.66, 73
2026/09/20 23:39:59.975, 100, 28096, 32623, 200.38, 74
2026/09/20 23:40:00.975, 100, 28096, 32623, 200.01, 73
2026/09/20 23:40:01.975, 100, 28096, 32623, 200.00, 73
2026/09/20 23:40:02.976, 100, 28096, 32623, 199.99, 73
2026/09/20 23:40:03.976, 97, 28096, 32623, 199.57, 74
2026/09/20 23:40:04.976, 100, 28096, 32623, 199.99, 74
2026/09/20 23:40:05.976, 100, 28096, 32623, 200.02, 74
2026/09/20 23:40:06.976, 100, 28096, 32623, 200.00, 73
2026/09/20 23:40:07.977, 100, 28096, 32623, 200.00, 74
2026/09/20 23:40:08.977, 100, 28096, 32623, 199.99, 73
2026/09/20 23:40:09.977, 100, 28096, 32623, 200.00, 73
2026/09/20 23:40:10.978, 100, 28096, 32623, 188.12, 74
2026/09/20 23:40:11.978, 100, 28096, 32623, 200.10, 74
2026/09/20 23:40:12.978, 100, 28096, 32623, 200.02, 73
2026/09/20 23:40:13.978, 100, 28096, 32623, 185.08, 74
2026/09/20 23:40:14.979, 100, 28096, 32623, 195.60, 73
2026/09/20 23:40:15.979, 99, 28096, 32623, 199.98, 72
2026/09/20 23:40:16.979, 93, 28096, 32623, 199.21, 72
2026/09/20 23:40:17.979, 94, 28096, 32623, 199.91, 72
2026/09/20 23:40:18.979, 94, 28096, 32623, 200.38, 72
2026/09/20 23:40:19.979, 92, 28096, 32623, 200.31, 73
2026/09/20 23:40:20.980, 91, 28096, 32623, 199.70, 72
2026/09/20 23:40:21.980, 91, 28096, 32623, 199.81, 72
2026/09/20 23:40:22.980, 100, 28096, 32623, 162.51, 72
2026/09/20 23:40:23.980, 100, 28096, 32623, 200.04, 72
2026/09/20 23:40:24.980, 100, 28096, 32623, 199.97, 72
2026/09/20 23:40:25.981, 100, 28096, 32623, 199.98, 73
2026/09/20 23:40:26.981, 100, 28096, 32623, 199.98, 73
2026/09/20 23:40:27.981, 100, 28096, 32623, 200.00, 73
2026/09/20 23:40:28.982, 100, 28096, 32623, 200.01, 73
2026/09/20 23:40:29.982, 100, 28096, 32623, 200.00, 73
2026/09/20 23:40:30.982, 100, 28096, 32623, 199.98, 73
2026/09/20 23:40:31.983, 100, 28096, 32623, 200.00, 73
2026/09/20 23:40:32.983, 100, 28096, 32623, 200.01, 74
2026/09/20 23:40:33.983, 100, 28096, 32623, 199.95, 74
2026/09/20 23:40:34.983, 97, 28096, 32623, 199.85, 72
2026/09/20 23:40:35.984, 100, 28096, 32623, 200.37, 73
2026/09/20 23:40:36.984, 100, 28096, 32623, 199.99, 73
2026/09/20 23:40:37.984, 100, 28096, 32623, 200.02, 74
2026/09/20 23:40:38.984, 100, 28096, 32623, 199.99, 73
2026/09/20 23:40:39.984, 100, 28096, 32623, 199.99, 74
2026/09/20 23:40:40.985, 100, 28096, 32623, 199.92, 73
2026/09/20 23:40:41.985, 97, 28096, 32623, 199.46, 73
2026/09/20 23:40:42.985, 100, 28096, 32623, 200.02, 74
2026/09/20 23:40:43.985, 100, 28096, 32623, 199.97, 74
2026/09/20 23:40:44.986, 100, 28096, 32623, 199.99, 74
2026/09/20 23:40:45.986, 100, 28096, 32623, 199.98, 74
2026/09/20 23:40:46.986, 97, 28096, 32623, 199.54, 72
2026/09/20 23:40:47.987, 100, 28096, 32623, 200.47, 75
2026/09/20 23:40:48.987, 100, 28096, 32623, 200.04, 74
2026/09/20 23:40:49.987, 100, 28096, 32623, 199.98, 74
2026/09/20 23:40:50.987, 100, 28096, 32623, 199.95, 74
2026/09/20 23:40:51.988, 100, 28096, 32623, 200.06, 75
2026/09/20 23:40:52.988, 100, 28096, 32623, 200.01, 75
2026/09/20 23:40:53.988, 100, 28096, 32623, 199.98, 75
2026/09/20 23:40:54.988, 29, 28096, 32623, 182.91, 66
2026/09/20 23:40:55.989, 100, 28096, 32623, 194.24, 74
2026/09/20 23:40:56.989, 100, 28096, 32623, 199.99, 73
2026/09/20 23:40:57.989, 100, 28096, 32623, 186.00, 73
2026/09/20 23:40:58.989, 100, 28096, 32623, 197.89, 74
2026/09/20 23:40:59.990, 99, 28096, 32623, 201.10, 72
2026/09/20 23:41:00.990, 91, 28096, 32623, 198.68, 73
2026/09/20 23:41:01.990, 89, 28096, 32623, 199.71, 73
2026/09/20 23:41:02.990, 89, 28096, 32623, 199.85, 73
2026/09/20 23:41:03.990, 89, 28096, 32623, 199.90, 73
2026/09/20 23:41:04.990, 88, 28096, 32623, 199.91, 73
2026/09/20 23:41:05.991, 89, 28096, 32623, 199.79, 73
2026/09/20 23:41:06.991, 100, 28096, 32623, 163.03, 72
2026/09/20 23:41:07.991, 100, 28096, 32623, 200.09, 72
2026/09/20 23:41:08.991, 100, 28096, 32623, 200.00, 73
2026/09/20 23:41:09.996, 100, 28096, 32623, 199.99, 73
2026/09/20 23:41:10.996, 100, 28096, 32623, 199.97, 73
2026/09/20 23:41:11.997, 100, 28096, 32623, 200.01, 73
2026/09/20 23:41:12.997, 100, 28096, 32623, 200.03, 73
2026/09/20 23:41:13.997, 100, 28096, 32623, 200.01, 72
2026/09/20 23:41:14.998, 100, 28096, 32623, 199.98, 73
2026/09/20 23:41:15.998, 97, 28096, 32623, 200.00, 73
2026/09/20 23:41:16.998, 99, 28096, 32623, 200.21, 73
2026/09/20 23:41:17.998, 100, 28096, 32623, 200.00, 74
2026/09/20 23:41:18.999, 100, 28096, 32623, 200.00, 74
2026/09/20 23:41:19.999, 100, 28096, 32623, 200.00, 73
2026/09/20 23:41:20.999, 100, 28096, 32623, 200.00, 73
2026/09/20 23:41:22.000, 100, 28096, 32623, 200.00, 74
2026/09/20 23:41:23.000, 100, 28096, 32623, 199.97, 74
2026/09/20 23:41:24.000, 100, 28096, 32623, 200.00, 74
2026/09/20 23:41:25.000, 100, 28096, 32623, 200.51, 73
2026/09/20 23:41:26.001, 100, 28096, 32623, 200.01, 74
2026/09/20 23:41:27.001, 100, 28096, 32623, 200.01, 74
2026/09/20 23:41:28.001, 100, 28096, 32623, 199.99, 74
2026/09/20 23:41:29.001, 100, 28096, 32623, 199.97, 75
2026/09/20 23:41:30.001, 99, 28096, 32623, 199.83, 75
2026/09/20 23:41:31.002, 100, 28096, 32623, 200.21, 74
2026/09/20 23:41:32.002, 100, 28096, 32623, 200.00, 74
2026/09/20 23:41:33.003, 100, 28096, 32623, 199.98, 73
2026/09/20 23:41:34.003, 100, 28096, 32623, 199.97, 73
2026/09/20 23:41:35.004, 100, 28096, 32623, 200.29, 73
2026/09/20 23:41:36.004, 100, 28096, 32623, 200.00, 74
2026/09/20 23:41:37.004, 100, 28096, 32623, 200.00, 74
2026/09/20 23:41:38.005, 100, 28096, 32623, 199.93, 74
2026/09/20 23:41:39.005, 100, 28096, 32623, 200.10, 74
2026/09/20 23:41:40.005, 100, 28096, 32623, 187.47, 73
2026/09/20 23:41:41.006, 100, 28096, 32623, 200.00, 75
2026/09/20 23:41:42.006, 99, 28096, 32623, 199.83, 75
2026/09/20 23:41:43.006, 100, 28096, 32623, 184.93, 74
2026/09/20 23:41:44.006, 99, 28096, 32623, 195.42, 74
2026/09/20 23:41:45.007, 91, 28096, 32623, 198.75, 71
2026/09/20 23:41:46.007, 94, 28096, 32623, 200.42, 72
2026/09/20 23:41:47.007, 91, 28096, 32623, 200.37, 73
2026/09/20 23:41:48.007, 91, 28096, 32623, 199.52, 73
2026/09/20 23:41:49.007, 76, 28096, 32623, 197.92, 73
2026/09/20 23:41:50.008, 90, 28096, 32623, 199.70, 73
2026/09/20 23:41:51.008, 52, 28096, 32623, 155.34, 69
2026/09/20 23:41:52.008, 97, 28096, 32623, 197.46, 72
2026/09/20 23:41:53.008, 98, 28096, 32623, 199.86, 73
2026/09/20 23:41:54.008, 97, 28096, 32623, 199.93, 73
2026/09/20 23:41:55.009, 98, 28096, 32623, 199.75, 73
2026/09/20 23:41:56.009, 97, 28096, 32623, 199.76, 71
2026/09/20 23:41:57.009, 99, 28096, 32623, 200.24, 73
2026/09/20 23:41:58.010, 100, 28096, 32623, 199.98, 73
2026/09/20 23:41:59.010, 100, 28096, 32623, 200.00, 73
2026/09/20 23:42:00.010, 100, 28096, 32623, 199.98, 73
2026/09/20 23:42:01.011, 100, 28096, 32623, 199.99, 73
2026/09/20 23:42:02.011, 100, 28096, 32623, 199.98, 73
2026/09/20 23:42:03.011, 100, 28096, 32623, 200.00, 74
2026/09/20 23:42:04.011, 100, 28096, 32623, 200.02, 74
2026/09/20 23:42:05.012, 100, 28096, 32623, 199.97, 74
2026/09/20 23:42:06.012, 100, 28096, 32623, 200.02, 74
2026/09/20 23:42:07.012, 99, 28096, 32623, 200.02, 73
2026/09/20 23:42:08.012, 100, 28096, 32623, 200.02, 73
2026/09/20 23:42:09.013, 100, 28096, 32623, 199.99, 73
2026/09/20 23:42:10.013, 100, 28096, 32623, 200.00, 75
2026/09/20 23:42:11.013, 100, 28096, 32623, 200.01, 74
2026/09/20 23:42:12.013, 100, 28096, 32623, 199.96, 75
2026/09/20 23:42:13.014, 100, 28096, 32623, 200.07, 74
2026/09/20 23:42:14.014, 100, 28096, 32623, 199.99, 75
2026/09/20 23:42:15.014, 100, 28096, 32623, 200.00, 73
2026/09/20 23:42:16.015, 100, 28096, 32623, 200.01, 74
2026/09/20 23:42:17.015, 100, 28096, 32623, 199.93, 74
2026/09/20 23:42:18.015, 100, 28096, 32623, 200.07, 73
2026/09/20 23:42:19.015, 100, 28096, 32623, 199.98, 74
2026/09/20 23:42:20.016, 100, 28096, 32623, 199.98, 73
2026/09/20 23:42:21.016, 100, 28096, 32623, 200.00, 74
2026/09/20 23:42:22.016, 100, 28096, 32623, 200.04, 75
2026/09/20 23:42:23.017, 100, 28096, 32623, 199.99, 74
2026/09/20 23:42:24.018, 100, 28096, 32623, 186.15, 75
2026/09/20 23:42:25.019, 98, 28096, 32623, 199.76, 74
2026/09/20 23:42:26.019, 100, 28096, 32623, 199.98, 74
2026/09/20 23:42:27.019, 100, 28096, 32623, 186.54, 74
2026/09/20 23:42:28.019, 100, 28096, 32623, 195.18, 73
2026/09/20 23:42:29.019, 93, 28096, 32623, 199.36, 71
2026/09/20 23:42:30.020, 90, 28096, 32623, 198.86, 71
2026/09/20 23:42:31.020, 89, 28096, 32623, 199.92, 71
2026/09/20 23:42:32.020, 89, 28096, 32623, 199.96, 71
2026/09/20 23:42:33.020, 91, 28096, 32623, 199.69, 73
2026/09/20 23:42:34.020, 91, 28096, 32623, 200.15, 73
2026/09/20 23:42:35.021, 55, 28096, 32623, 195.03, 70
2026/09/20 23:42:36.021, 100, 28096, 32623, 162.49, 72
2026/09/20 23:42:37.021, 100, 28096, 32623, 199.99, 72
2026/09/20 23:42:38.021, 100, 28096, 32623, 199.99, 72
2026/09/20 23:42:39.022, 100, 28096, 32623, 199.98, 73
2026/09/20 23:42:40.023, 100, 28096, 32623, 199.99, 73
2026/09/20 23:42:41.023, 100, 28096, 32623, 199.98, 73
2026/09/20 23:42:42.023, 100, 28096, 32623, 199.98, 73
2026/09/20 23:42:43.024, 100, 28096, 32623, 199.99, 73
2026/09/20 23:42:44.024, 100, 28096, 32623, 199.99, 73
2026/09/20 23:42:45.024, 100, 28096, 32623, 199.97, 73
2026/09/20 23:42:46.024, 100, 28096, 32623, 199.99, 73
2026/09/20 23:42:47.025, 100, 28096, 32623, 199.96, 74
2026/09/20 23:42:48.025, 100, 28096, 32623, 200.00, 74
2026/09/20 23:42:49.025, 100, 28096, 32623, 200.52, 73
2026/09/20 23:42:50.025, 100, 28096, 32623, 200.00, 74
2026/09/20 23:42:51.026, 100, 28096, 32623, 199.99, 75
2026/09/20 23:42:52.026, 100, 28096, 32623, 199.97, 73
2026/09/20 23:42:53.026, 100, 28096, 32623, 200.00, 75
2026/09/20 23:42:54.026, 100, 28096, 32623, 199.98, 73
2026/09/20 23:42:55.027, 98, 28096, 32623, 199.70, 73
2026/09/20 23:42:56.027, 100, 28096, 32623, 200.34, 73
2026/09/20 23:42:57.027, 100, 28096, 32623, 200.00, 74
2026/09/20 23:42:58.027, 100, 28096, 32623, 199.98, 73
2026/09/20 23:42:59.027, 100, 28096, 32623, 200.02, 74
2026/09/20 23:43:00.028, 98, 28096, 32623, 199.78, 73
2026/09/20 23:43:01.028, 100, 28096, 32623, 200.14, 74
2026/09/20 23:43:02.028, 100, 28096, 32623, 199.99, 74
2026/09/20 23:43:03.028, 100, 28096, 32623, 199.99, 75
2026/09/20 23:43:04.028, 100, 28096, 32623, 199.98, 74
2026/09/20 23:43:05.029, 100, 28096, 32623, 200.05, 74
2026/09/20 23:43:06.029, 100, 28096, 32623, 200.00, 74
2026/09/20 23:43:07.029, 100, 28096, 32623, 200.02, 73
2026/09/20 23:43:08.029, 72, 28096, 32623, 185.31, 72
2026/09/20 23:43:09.030, 100, 28096, 32623, 202.51, 73
2026/09/20 23:43:10.030, 100, 28096, 32623, 200.01, 74
2026/09/20 23:43:11.030, 100, 28096, 32623, 185.82, 73
2026/09/20 23:43:12.030, 100, 28096, 32623, 196.44, 74
2026/09/20 23:43:13.031, 99, 28096, 32623, 200.49, 72
2026/09/20 23:43:14.031, 91, 28096, 32623, 198.77, 71
2026/09/20 23:43:15.031, 94, 28096, 32623, 200.03, 72
2026/09/20 23:43:16.031, 92, 28096, 32623, 200.40, 72
2026/09/20 23:43:17.032, 91, 28096, 32623, 199.55, 73
2026/09/20 23:43:18.032, 91, 28096, 32623, 199.99, 73
2026/09/20 23:43:19.032, 90, 28096, 32623, 199.81, 73
2026/09/20 23:43:20.032, 100, 28096, 32623, 143.18, 72
2026/09/20 23:43:21.032, 100, 28096, 32623, 200.58, 72
2026/09/20 23:43:22.033, 100, 28096, 32623, 199.99, 72
2026/09/20 23:43:23.033, 100, 28096, 32623, 199.99, 72
2026/09/20 23:43:24.033, 100, 28096, 32623, 199.99, 73
2026/09/20 23:43:25.033, 100, 28096, 32623, 199.99, 73
2026/09/20 23:43:26.033, 97, 28096, 32623, 199.78, 74
2026/09/20 23:43:27.034, 100, 28096, 32623, 200.26, 74
2026/09/20 23:43:28.034, 100, 28096, 32623, 200.00, 73
2026/09/20 23:43:29.034, 100, 28096, 32623, 200.01, 75
2026/09/20 23:43:30.034, 100, 28096, 32623, 200.02, 73
2026/09/20 23:43:31.035, 100, 28096, 32623, 199.97, 75
2026/09/20 23:43:32.035, 99, 28096, 32623, 199.76, 75
2026/09/20 23:43:33.035, 100, 28096, 32623, 200.01, 73
2026/09/20 23:43:34.036, 100, 28096, 32623, 199.98, 73
2026/09/20 23:43:35.036, 100, 28096, 32623, 199.98, 72
2026/09/20 23:43:36.038, 51, 28096, 32623, 193.54, 69
2026/09/20 23:43:37.038, 100, 28096, 32623, 204.99, 75
2026/09/20 23:43:38.039, 100, 28096, 32623, 198.33, 73
2026/09/20 23:43:39.039, 8, 28096, 32623, 156.38, 64
2026/09/20 23:43:40.039, 90, 28096, 32623, 200.85, 71
2026/09/20 23:43:41.039, 91, 28096, 32623, 200.60, 73
2026/09/20 23:43:42.040, 90, 28096, 32623, 200.05, 72
2026/09/20 23:43:43.040, 94, 28096, 32623, 200.32, 72
2026/09/20 23:43:44.040, 91, 28096, 32623, 199.54, 73
2026/09/20 23:43:45.040, 94, 28096, 32623, 200.17, 72
2026/09/20 23:43:46.042, 100, 28096, 32623, 162.04, 70
2026/09/20 23:43:47.043, 95, 28096, 32623, 199.69, 72
2026/09/20 23:43:48.043, 91, 28096, 32623, 199.53, 73
2026/09/20 23:43:49.043, 94, 28096, 32623, 200.08, 71
2026/09/20 23:43:50.044, 90, 28096, 32623, 199.76, 73
2026/09/20 23:43:51.044, 91, 28096, 32623, 200.18, 71
2026/09/20 23:43:52.044, 92, 28096, 32623, 199.85, 73
2026/09/20 23:43:53.045, 99, 28096, 32623, 160.63, 71
2026/09/20 23:43:54.045, 91, 28096, 32623, 198.76, 73
2026/09/20 23:43:55.045, 94, 28096, 32623, 200.13, 72
2026/09/20 23:43:56.045, 91, 28096, 32623, 199.61, 73
2026/09/20 23:43:57.045, 91, 28096, 32623, 199.72, 73
2026/09/20 23:43:58.045, 91, 28096, 32623, 200.19, 71
2026/09/20 23:43:59.046, 92, 28096, 32623, 200.03, 72
2026/09/20 23:44:00.046, 100, 28096, 32623, 166.18, 71
2026/09/20 23:44:01.046, 90, 28096, 32623, 198.55, 73
2026/09/20 23:44:02.046, 90, 28096, 32623, 200.14, 71
2026/09/20 23:44:03.046, 92, 28096, 32623, 200.12, 73
2026/09/20 23:44:04.051, 91, 28096, 32623, 199.59, 73
2026/09/20 23:44:05.051, 94, 28096, 32623, 200.11, 72
2026/09/20 23:44:06.051, 80, 28096, 32623, 198.65, 73
2026/09/20 23:44:07.052, 84, 28096, 32623, 164.57, 72
2026/09/20 23:44:08.052, 89, 28096, 32623, 200.49, 71
2026/09/20 23:44:09.052, 95, 28096, 32623, 200.18, 72
2026/09/20 23:44:10.052, 91, 28096, 32623, 199.54, 73
2026/09/20 23:44:11.053, 94, 28096, 32623, 200.20, 72
2026/09/20 23:44:12.053, 91, 28096, 32623, 199.59, 73
2026/09/20 23:44:13.053, 0, 28096, 32623, 174.20, 65
2026/09/20 23:44:14.053, 100, 28096, 32623, 178.44, 72
2026/09/20 23:44:15.054, 100, 28096, 32623, 200.00, 72
2026/09/20 23:44:16.054, 100, 28096, 32623, 199.99, 73
2026/09/20 23:44:17.054, 100, 28096, 32623, 199.99, 73
2026/09/20 23:44:18.054, 100, 28096, 32623, 199.99, 72
2026/09/20 23:44:19.055, 100, 28096, 32623, 199.99, 74
2026/09/20 23:44:20.055, 100, 28096, 32623, 200.00, 72
2026/09/20 23:44:21.055, 100, 28096, 32623, 200.00, 74
2026/09/20 23:44:22.055, 100, 28096, 32623, 199.97, 73
2026/09/20 23:44:23.056, 97, 28096, 32623, 199.74, 74
2026/09/20 23:44:24.056, 100, 28096, 32623, 200.01, 74
2026/09/20 23:44:25.056, 100, 28096, 32623, 199.99, 74
2026/09/20 23:44:26.056, 100, 28096, 32623, 200.01, 74
2026/09/20 23:44:27.057, 100, 28096, 32623, 199.92, 74
2026/09/20 23:44:28.057, 100, 28096, 32623, 200.05, 74
2026/09/20 23:44:29.057, 100, 28096, 32623, 200.01, 75
2026/09/20 23:44:30.058, 100, 28096, 32623, 195.65, 75
2026/09/20 23:44:31.058, 100, 28096, 32623, 197.50, 75
2026/09/20 23:44:32.058, 100, 28096, 32623, 201.13, 73
2026/09/20 23:44:33.058, 100, 28096, 32623, 158.81, 72
2026/09/20 23:44:34.058, 90, 28096, 32623, 197.71, 73
2026/09/20 23:44:35.059, 94, 28096, 32623, 200.18, 72
2026/09/20 23:44:36.059, 90, 28096, 32623, 199.57, 73
2026/09/20 23:44:37.059, 92, 28096, 32623, 200.07, 72
2026/09/20 23:44:38.059, 91, 28096, 32623, 199.62, 73
2026/09/20 23:44:39.059, 91, 28096, 32623, 199.88, 71
2026/09/20 23:44:40.060, 94, 28096, 32623, 166.06, 71
2026/09/20 23:44:41.060, 95, 28096, 32623, 199.16, 72
2026/09/20 23:44:42.060, 90, 28096, 32623, 199.52, 73
2026/09/20 23:44:43.060, 94, 28096, 32623, 200.32, 71
2026/09/20 23:44:44.060, 91, 28096, 32623, 199.58, 73
2026/09/20 23:44:45.060, 89, 28096, 32623, 199.82, 73
2026/09/20 23:44:46.061, 0, 28096, 32623, 180.93, 66
2026/09/20 23:44:47.061, 94, 28096, 32623, 172.47, 72
2026/09/20 23:44:48.061, 90, 28096, 32623, 199.90, 73
2026/09/20 23:44:49.061, 89, 28096, 32623, 199.75, 73
2026/09/20 23:44:50.061, 91, 28096, 32623, 200.48, 71
2026/09/20 23:44:51.062, 92, 28096, 32623, 200.00, 73
2026/09/20 23:44:52.062, 91, 28096, 32623, 199.48, 73
2026/09/20 23:44:53.062, 35, 28096, 32623, 161.93, 64
2026/09/20 23:44:54.062, 87, 28096, 32623, 192.72, 71
2026/09/20 23:44:55.062, 94, 28096, 32623, 200.89, 72
2026/09/20 23:44:56.063, 90, 28096, 32623, 199.44, 73
2026/09/20 23:44:57.063, 92, 28096, 32623, 200.04, 71
2026/09/20 23:44:58.063, 91, 28096, 32623, 199.59, 73
2026/09/20 23:44:59.063, 91, 28096, 32623, 200.09, 71
2026/09/20 23:45:00.063, 100, 28096, 32623, 166.71, 71
2026/09/20 23:45:01.064, 91, 28096, 32623, 199.13, 73
2026/09/20 23:45:02.064, 88, 28096, 32623, 199.81, 71
2026/09/20 23:45:03.064, 90, 28357, 32623, 199.60, 71
2026/09/20 23:45:04.066, 93, 28096, 32623, 200.31, 72
2026/09/20 23:45:05.066, 90, 28096, 32623, 200.31, 73
2026/09/20 23:45:06.066, 89, 28096, 32623, 199.44, 73
2026/09/20 23:45:07.066, 100, 28096, 32623, 153.60, 71
2026/09/20 23:45:08.066, 100, 28096, 32623, 200.60, 72
2026/09/20 23:45:09.067, 100, 28096, 32623, 200.05, 73
2026/09/20 23:45:10.067, 100, 28096, 32623, 199.95, 73
2026/09/20 23:45:11.067, 100, 28096, 32623, 199.96, 73
2026/09/20 23:45:12.067, 99, 28096, 32623, 200.03, 73
2026/09/20 23:45:13.068, 100, 28096, 32623, 200.09, 73
2026/09/20 23:45:14.068, 100, 28096, 32623, 199.98, 73
2026/09/20 23:45:15.068, 100, 28096, 32623, 200.01, 74
2026/09/20 23:45:16.069, 100, 28096, 32623, 199.98, 73
2026/09/20 23:45:17.069, 100, 28096, 32623, 200.03, 73
2026/09/20 23:45:18.069, 100, 28096, 32623, 199.96, 74
2026/09/20 23:45:19.069, 100, 28096, 32623, 199.99, 74
2026/09/20 23:45:20.069, 100, 28096, 32623, 199.99, 74
2026/09/20 23:45:21.070, 100, 28096, 32623, 199.99, 74
2026/09/20 23:45:22.070, 100, 28096, 32623, 199.98, 74
2026/09/20 23:45:23.070, 74, 28096, 32623, 196.73, 75
2026/09/20 23:45:24.071, 100, 28096, 32623, 199.81, 74
2026/09/20 23:45:25.071, 100, 28096, 32623, 198.66, 75
2026/09/20 23:45:26.071, 0, 28096, 32623, 161.15, 64
2026/09/20 23:45:27.071, 91, 28096, 32623, 196.67, 71
2026/09/20 23:45:28.072, 93, 28096, 32623, 199.96, 72
2026/09/20 23:45:29.073, 91, 28096, 32623, 199.83, 73
2026/09/20 23:45:30.073, 90, 28096, 32623, 200.03, 73
2026/09/20 23:45:31.073, 94, 28096, 32623, 200.31, 72
2026/09/20 23:45:32.073, 90, 28096, 32623, 199.55, 73
2026/09/20 23:45:33.073, 100, 28096, 32623, 166.09, 71
2026/09/20 23:45:34.074, 90, 28096, 32623, 199.14, 73
2026/09/20 23:45:35.074, 91, 28096, 32623, 200.13, 71
2026/09/20 23:45:36.074, 91, 28096, 32623, 199.70, 73
2026/09/20 23:45:37.074, 91, 28096, 32623, 200.09, 73
2026/09/20 23:45:38.074, 95, 28096, 32623, 200.13, 72
2026/09/20 23:45:39.075, 91, 28096, 32623, 199.50, 73
2026/09/20 23:45:40.075, 99, 28096, 32623, 162.93, 71
2026/09/20 23:45:41.075, 91, 28096, 32623, 198.88, 72
2026/09/20 23:45:42.075, 95, 28096, 32623, 200.19, 72
2026/09/20 23:45:43.075, 91, 28096, 32623, 199.90, 73
2026/09/20 23:45:44.075, 94, 28096, 32623, 200.26, 71
2026/09/20 23:45:45.076, 90, 28096, 32623, 199.75, 73
2026/09/20 23:45:46.076, 90, 28096, 32623, 199.74, 73
2026/09/20 23:45:47.076, 100, 28096, 32623, 162.78, 71
2026/09/20 23:45:48.076, 94, 28096, 32623, 198.97, 72
2026/09/20 23:45:49.076, 90, 28096, 32623, 199.66, 73
2026/09/20 23:45:50.077, 90, 28096, 32623, 200.07, 71
2026/09/20 23:45:51.077, 94, 28096, 32623, 200.07, 72
2026/09/20 23:45:52.077, 90, 28096, 32623, 199.37, 73
2026/09/20 23:45:53.077, 93, 28096, 32623, 199.80, 71
2026/09/20 23:45:54.077, 95, 28096, 32623, 165.69, 71
2026/09/20 23:45:55.078, 94, 28096, 32623, 199.24, 72
2026/09/20 23:45:56.078, 90, 28096, 32623, 199.43, 73
2026/09/20 23:45:57.078, 93, 28096, 32623, 200.33, 71
2026/09/20 23:45:58.078, 91, 28096, 32623, 199.65, 73
2026/09/20 23:45:59.078, 91, 28096, 32623, 200.13, 71
2026/09/20 23:46:00.079, 0, 28096, 32623, 176.07, 65
2026/09/20 23:46:01.079, 0, 28096, 32623, 73.67, 61
2026/09/20 23:46:02.079, 0, 28096, 32623, 53.59, 59
2026/09/20 23:46:03.079, 0, 28096, 32623, 41.65, 58
2026/09/20 23:46:04.079, 0, 28096, 32623, 41.25, 57
2026/09/20 23:46:05.080, 100, 28096, 32623, 114.26, 68
2026/09/20 23:46:06.080, 100, 28096, 32623, 200.06, 70
2026/09/20 23:46:07.080, 100, 28096, 32623, 200.02, 70
2026/09/20 23:46:08.081, 100, 28096, 32623, 196.88, 70
2026/09/20 23:46:09.081, 100, 28096, 32623, 200.02, 70
2026/09/20 23:46:10.081, 100, 28096, 32623, 200.01, 71
2026/09/20 23:46:11.081, 100, 28096, 32623, 200.01, 71
2026/09/20 23:46:12.082, 100, 28096, 32623, 199.99, 70
2026/09/20 23:46:13.082, 100, 28096, 32623, 200.00, 71
2026/09/20 23:46:14.082, 100, 28096, 32623, 199.99, 72
2026/09/20 23:46:15.082, 100, 28096, 32623, 200.01, 72
2026/09/20 23:46:16.083, 100, 28096, 32623, 199.99, 71
2026/09/20 23:46:17.083, 100, 28096, 32623, 199.97, 71
2026/09/20 23:46:18.083, 100, 28096, 32623, 200.00, 72
2026/09/20 23:46:19.083, 100, 28096, 32623, 200.02, 72
2026/09/20 23:46:20.084, 100, 28096, 32623, 199.97, 72
2026/09/20 23:46:21.084, 100, 28096, 32623, 200.00, 72
2026/09/20 23:46:22.084, 97, 28096, 32623, 199.53, 73
2026/09/20 23:46:23.084, 100, 28096, 32623, 199.98, 73
2026/09/20 23:46:24.084, 100, 28096, 32623, 200.00, 73
2026/09/20 23:46:25.085, 100, 28096, 32623, 200.01, 72
2026/09/20 23:46:26.085, 100, 28096, 32623, 199.99, 73
2026/09/20 23:46:27.085, 100, 28096, 32623, 200.00, 73
2026/09/20 23:46:28.085, 100, 28096, 32623, 200.00, 73
2026/09/20 23:46:29.086, 100, 28096, 32623, 200.01, 73
2026/09/20 23:46:30.086, 100, 28096, 32623, 199.99, 73
2026/09/20 23:46:31.086, 100, 28096, 32623, 199.99, 73
2026/09/20 23:46:32.087, 98, 28096, 32623, 200.16, 74
2026/09/20 23:46:33.087, 100, 28096, 32623, 200.26, 72
2026/09/20 23:46:34.087, 100, 28096, 32623, 200.00, 74
2026/09/20 23:46:35.088, 100, 28096, 32623, 199.99, 73
2026/09/20 23:46:36.088, 100, 28096, 32623, 200.02, 73
2026/09/20 23:46:37.088, 100, 28096, 32623, 199.97, 73
2026/09/20 23:46:38.088, 100, 28096, 32623, 199.95, 72
2026/09/20 23:46:39.089, 98, 28096, 32623, 199.48, 73
2026/09/20 23:46:40.089, 100, 28096, 32623, 200.00, 73
2026/09/20 23:46:41.089, 100, 28096, 32623, 200.00, 73
2026/09/20 23:46:42.089, 100, 28096, 32623, 200.00, 73
2026/09/20 23:46:43.090, 100, 28096, 32623, 199.98, 73
2026/09/20 23:46:44.090, 100, 28096, 32623, 199.92, 73
2026/09/20 23:46:45.090, 99, 28096, 32623, 200.09, 73
2026/09/20 23:46:46.091, 100, 28096, 32623, 199.96, 73
2026/09/20 23:46:47.091, 100, 28096, 32623, 199.97, 74
2026/09/20 23:46:48.091, 100, 28096, 32623, 200.01, 74
2026/09/20 23:46:49.091, 100, 28096, 32623, 199.98, 73
2026/09/20 23:46:50.092, 98, 28096, 32623, 199.62, 72
2026/09/20 23:46:51.092, 100, 28096, 32623, 200.48, 73
2026/09/20 23:46:52.092, 100, 28096, 32623, 200.01, 74
2026/09/20 23:46:53.092, 100, 28096, 32623, 199.99, 73
2026/09/20 23:46:54.093, 100, 28096, 32623, 199.99, 74
2026/09/20 23:46:55.093, 100, 28096, 32623, 200.02, 73
2026/09/20 23:46:56.093, 100, 28096, 32623, 200.01, 74
2026/09/20 23:46:57.094, 100, 28096, 32623, 199.98, 73
2026/09/20 23:46:58.094, 100, 28096, 32623, 200.00, 74
2026/09/20 23:46:59.094, 100, 28096, 32623, 199.99, 74
2026/09/20 23:47:00.094, 100, 28096, 32623, 200.00, 74
2026/09/20 23:47:01.095, 100, 28096, 32623, 199.99, 73
2026/09/20 23:47:02.095, 100, 28096, 32623, 200.00, 75
2026/09/20 23:47:03.095, 100, 28096, 32623, 199.98, 73
2026/09/20 23:47:04.096, 100, 28096, 32623, 200.04, 74
2026/09/20 23:47:05.096, 100, 28096, 32623, 199.97, 74
2026/09/20 23:47:06.096, 100, 28096, 32623, 200.02, 74
2026/09/20 23:47:07.096, 100, 28096, 32623, 199.96, 75
2026/09/20 23:47:08.097, 100, 28096, 32623, 200.19, 73
2026/09/20 23:47:09.097, 100, 28096, 32623, 175.37, 73
2026/09/20 23:47:10.097, 100, 28096, 32623, 199.99, 74
2026/09/20 23:47:11.098, 100, 28096, 32623, 200.02, 74
2026/09/20 23:47:12.098, 100, 28096, 32623, 199.98, 75
2026/09/20 23:47:13.098, 100, 28096, 32623, 199.99, 73
2026/09/20 23:47:14.098, 7, 28096, 32623, 173.29, 65
2026/09/20 23:47:15.098, 88, 28096, 32623, 177.64, 73
2026/09/20 23:47:16.099, 87, 28096, 32623, 200.60, 75
2026/09/20 23:47:17.099, 100, 28096, 32623, 199.91, 74
2026/09/20 23:47:18.099, 100, 28096, 32623, 200.24, 74
2026/09/20 23:47:19.100, 100, 28096, 32623, 200.00, 72
2026/09/20 23:47:20.100, 88, 28096, 32623, 198.28, 74
2026/09/20 23:47:21.100, 92, 28104, 32623, 199.29, 73
2026/09/20 23:47:22.100, 92, 28104, 32623, 199.31, 73
2026/09/20 23:47:23.101, 92, 28104, 32623, 200.41, 73
2026/09/20 23:47:24.101, 90, 28104, 32623, 200.14, 74
2026/09/20 23:47:25.101, 92, 28104, 32623, 199.52, 72
2026/09/20 23:47:26.101, 92, 28104, 32623, 200.38, 73
2026/09/20 23:47:27.102, 92, 28104, 32623, 199.39, 74
2026/09/20 23:47:28.102, 92, 28104, 32623, 200.12, 72
2026/09/20 23:47:29.102, 92, 28104, 32623, 200.36, 73
2026/09/20 23:47:30.102, 92, 28104, 32623, 199.34, 73
2026/09/20 23:47:31.102, 100, 28104, 32623, 145.76, 71
2026/09/20 23:47:32.103, 100, 28104, 32623, 200.62, 72
2026/09/20 23:47:33.103, 100, 28104, 32623, 196.09, 73
2026/09/20 23:47:34.103, 100, 28104, 32623, 200.59, 73
2026/09/20 23:47:35.103, 100, 28104, 32623, 200.04, 73
2026/09/20 23:47:36.104, 100, 28104, 32623, 196.76, 73
2026/09/20 23:47:37.104, 100, 28104, 32623, 200.63, 73
2026/09/20 23:47:38.104, 98, 28104, 32623, 199.86, 73
2026/09/20 23:47:39.105, 97, 28104, 32623, 199.81, 73
2026/09/20 23:47:40.105, 99, 28104, 32623, 200.09, 73
2026/09/20 23:47:41.105, 97, 28104, 32623, 199.76, 72
2026/09/20 23:47:42.106, 100, 28104, 32623, 200.44, 73
2026/09/20 23:47:43.106, 100, 28104, 32623, 200.03, 73
2026/09/20 23:47:44.106, 100, 28104, 32623, 199.99, 72
2026/09/20 23:47:45.106, 100, 28104, 32623, 199.98, 73
2026/09/20 23:47:46.107, 100, 28104, 32623, 200.00, 73
2026/09/20 23:47:47.107, 100, 28104, 32623, 200.00, 74
2026/09/20 23:47:48.107, 100, 28104, 32623, 200.00, 73
2026/09/20 23:47:49.107, 100, 28104, 32623, 199.99, 73
2026/09/20 23:47:50.108, 100, 28104, 32623, 200.01, 73
2026/09/20 23:47:51.108, 100, 28104, 32623, 199.97, 73
2026/09/20 23:47:52.108, 100, 28104, 32623, 200.00, 73
2026/09/20 23:47:53.108, 100, 28104, 32623, 199.96, 73
2026/09/20 23:47:54.109, 100, 28104, 32623, 199.93, 74
2026/09/20 23:47:55.109, 100, 28104, 32623, 200.23, 73
2026/09/20 23:47:56.109, 100, 28104, 32623, 199.98, 73
2026/09/20 23:47:57.110, 100, 28104, 32623, 200.02, 73
2026/09/20 23:47:58.110, 100, 28104, 32623, 200.02, 73
2026/09/20 23:47:59.110, 100, 28104, 32623, 199.97, 73
2026/09/20 23:48:00.111, 100, 28104, 32623, 200.00, 73
2026/09/20 23:48:01.111, 100, 28104, 32623, 199.98, 73
2026/09/20 23:48:02.111, 100, 28104, 32623, 200.01, 73
2026/09/20 23:48:03.111, 100, 28104, 32623, 200.43, 73
2026/09/20 23:48:04.112, 100, 28104, 32623, 199.99, 73
2026/09/20 23:48:05.112, 100, 28104, 32623, 199.99, 73
2026/09/20 23:48:06.112, 100, 28104, 32623, 199.97, 73
2026/09/20 23:48:07.113, 100, 28104, 32623, 200.01, 74
2026/09/20 23:48:08.113, 100, 28104, 32623, 199.95, 74
2026/09/20 23:48:09.113, 100, 28104, 32623, 200.05, 74
2026/09/20 23:48:10.113, 100, 28104, 32623, 199.98, 73
2026/09/20 23:48:11.114, 100, 28104, 32623, 200.00, 74
2026/09/20 23:48:12.114, 100, 28104, 32623, 200.00, 74
2026/09/20 23:48:13.114, 100, 28104, 32623, 200.00, 74
2026/09/20 23:48:14.115, 98, 28104, 32623, 199.74, 74
2026/09/20 23:48:15.115, 100, 28104, 32623, 200.00, 73
2026/09/20 23:48:16.115, 100, 28104, 32623, 199.99, 75
2026/09/20 23:48:17.116, 100, 28104, 32623, 199.98, 73
2026/09/20 23:48:18.116, 100, 28104, 32623, 200.03, 75
2026/09/20 23:48:19.116, 98, 28104, 32623, 199.67, 73
2026/09/20 23:48:20.116, 100, 28104, 32623, 199.99, 73
2026/09/20 23:48:21.117, 100, 28104, 32623, 200.00, 74
2026/09/20 23:48:22.117, 100, 28104, 32623, 200.00, 74
2026/09/20 23:48:23.117, 100, 28104, 32623, 199.97, 75
2026/09/20 23:48:24.118, 100, 28104, 32623, 200.04, 74
2026/09/20 23:48:25.118, 100, 28104, 32623, 199.99, 73
2026/09/20 23:48:26.118, 100, 28104, 32623, 199.99, 73
2026/09/20 23:48:27.118, 100, 28104, 32623, 199.97, 73
2026/09/20 23:48:28.118, 98, 28104, 32623, 199.69, 74
2026/09/20 23:48:29.119, 100, 28104, 32623, 200.34, 73
2026/09/20 23:48:30.119, 100, 28104, 32623, 200.00, 73
2026/09/20 23:48:31.119, 100, 28104, 32623, 199.98, 75
2026/09/20 23:48:32.119, 7, 28104, 32623, 185.70, 67
2026/09/20 23:48:33.119, 100, 28104, 32623, 198.69, 73
2026/09/20 23:48:34.120, 100, 28104, 32623, 200.00, 75
2026/09/20 23:48:35.120, 100, 28104, 32623, 199.93, 73
2026/09/20 23:48:36.120, 100, 28104, 32623, 200.05, 74
2026/09/20 23:48:37.120, 100, 28104, 32623, 200.01, 75
2026/09/20 23:48:38.121, 100, 28104, 32623, 176.94, 73
2026/09/20 23:48:39.121, 100, 28104, 32623, 195.78, 74
2026/09/20 23:48:40.121, 100, 28104, 32623, 196.05, 74
2026/09/20 23:48:41.121, 98, 28104, 32623, 199.93, 75
2026/09/20 23:48:42.122, 100, 28104, 32623, 200.10, 75
2026/09/20 23:48:43.122, 100, 28104, 32623, 199.65, 75
2026/09/20 23:48:44.122, 100, 28104, 32623, 199.66, 74
2026/09/20 23:48:45.122, 100, 28104, 32623, 200.38, 74
2026/09/20 23:48:46.123, 100, 28104, 32623, 200.00, 73
2026/09/20 23:48:47.123, 91, 28112, 32623, 199.21, 73
2026/09/20 23:48:48.123, 92, 28112, 32623, 199.57, 72
2026/09/20 23:48:49.123, 92, 28112, 32623, 200.35, 73
2026/09/20 23:48:50.123, 92, 28112, 32623, 199.39, 73
2026/09/20 23:48:51.124, 92, 28112, 32623, 200.27, 72
2026/09/20 23:48:52.124, 92, 28112, 32623, 200.34, 74
2026/09/20 23:48:53.124, 91, 28112, 32623, 198.99, 73
2026/09/20 23:48:54.124, 91, 28112, 32623, 200.00, 71
2026/09/20 23:48:55.125, 91, 28112, 32623, 200.20, 73
2026/09/20 23:48:56.125, 91, 28112, 32623, 200.27, 73
2026/09/20 23:48:57.125, 0, 28112, 32623, 163.75, 64
2026/09/20 23:48:58.125, 100, 28112, 32623, 172.43, 72
2026/09/20 23:48:59.126, 100, 28112, 32623, 200.00, 72
2026/09/20 23:49:00.126, 100, 28112, 32623, 197.62, 73
2026/09/20 23:49:01.126, 100, 28112, 32623, 199.99, 72
2026/09/20 23:49:02.126, 100, 28112, 32623, 200.00, 73
2026/09/20 23:49:03.127, 100, 28112, 32623, 197.23, 73
2026/09/20 23:49:04.127, 100, 28112, 32623, 199.99, 72
2026/09/20 23:49:05.127, 100, 28112, 32623, 200.01, 73
2026/09/20 23:49:06.128, 100, 28112, 32623, 199.99, 73
2026/09/20 23:49:07.128, 100, 28112, 32623, 200.01, 73
2026/09/20 23:49:08.128, 100, 28112, 32623, 200.01, 73
2026/09/20 23:49:09.128, 100, 28112, 32623, 199.99, 73
2026/09/20 23:49:10.129, 100, 28112, 32623, 200.01, 73
2026/09/20 23:49:11.129, 100, 28112, 32623, 199.98, 73
2026/09/20 23:49:12.129, 100, 28112, 32623, 199.99, 73
2026/09/20 23:49:13.130, 100, 28112, 32623, 199.99, 73
2026/09/20 23:49:14.130, 100, 28112, 32623, 200.00, 73
2026/09/20 23:49:15.130, 100, 28112, 32623, 199.98, 73
2026/09/20 23:49:16.130, 100, 28112, 32623, 200.03, 74
2026/09/20 23:49:17.131, 98, 28112, 32623, 199.90, 73
2026/09/20 23:49:18.131, 100, 28112, 32623, 199.98, 73
2026/09/20 23:49:19.131, 100, 28112, 32623, 200.02, 73
2026/09/20 23:49:20.132, 100, 28112, 32623, 199.95, 74
2026/09/20 23:49:21.132, 100, 28112, 32623, 200.02, 73
2026/09/20 23:49:22.132, 100, 28112, 32623, 200.00, 74
2026/09/20 23:49:23.132, 100, 28112, 32623, 200.01, 73
2026/09/20 23:49:24.133, 100, 28112, 32623, 199.97, 75
2026/09/20 23:49:25.133, 100, 28112, 32623, 199.94, 73
2026/09/20 23:49:26.133, 98, 28112, 32623, 199.60, 74
2026/09/20 23:49:27.133, 100, 28112, 32623, 199.99, 73
2026/09/20 23:49:28.134, 100, 28112, 32623, 199.98, 74
2026/09/20 23:49:29.134, 100, 28112, 32623, 200.00, 74
2026/09/20 23:49:30.134, 100, 28112, 32623, 200.01, 74
2026/09/20 23:49:31.135, 100, 28112, 32623, 199.98, 74
2026/09/20 23:49:32.135, 100, 28112, 32623, 199.98, 74
2026/09/20 23:49:33.135, 97, 28112, 32623, 199.60, 73
2026/09/20 23:49:34.135, 100, 28112, 32623, 199.99, 74
2026/09/20 23:49:35.136, 100, 28112, 32623, 200.00, 73
2026/09/20 23:49:36.136, 100, 28112, 32623, 199.98, 74
2026/09/20 23:49:37.136, 100, 28112, 32623, 199.99, 74
2026/09/20 23:49:38.137, 100, 28112, 32623, 199.95, 74
2026/09/20 23:49:39.137, 100, 28112, 32623, 200.10, 74
2026/09/20 23:49:40.137, 100, 28112, 32623, 200.01, 75
2026/09/20 23:49:41.138, 100, 28112, 32623, 199.98, 73
2026/09/20 23:49:42.138, 100, 28112, 32623, 199.96, 73
2026/09/20 23:49:43.138, 100, 28112, 32623, 199.97, 74
2026/09/20 23:49:44.139, 100, 28112, 32623, 200.01, 74
2026/09/20 23:49:45.139, 100, 28112, 32623, 200.01, 75
2026/09/20 23:49:46.139, 100, 28112, 32623, 200.02, 74
2026/09/20 23:49:47.139, 100, 28112, 32623, 199.98, 73
2026/09/20 23:49:48.140, 100, 28112, 32623, 199.96, 75
2026/09/20 23:49:49.140, 100, 28112, 32623, 200.18, 73
2026/09/20 23:49:50.140, 100, 28112, 32623, 200.00, 73
2026/09/20 23:49:51.140, 100, 28112, 32623, 199.99, 74
2026/09/20 23:49:52.141, 100, 28112, 32623, 199.98, 74
2026/09/20 23:49:53.141, 98, 28112, 32623, 199.54, 74
2026/09/20 23:49:54.141, 100, 28112, 32623, 200.57, 74
2026/09/20 23:49:55.142, 100, 28112, 32623, 200.01, 75
2026/09/20 23:49:56.142, 100, 28112, 32623, 199.99, 75
2026/09/20 23:49:57.143, 98, 28112, 32623, 199.46, 75
2026/09/20 23:49:58.143, 100, 28112, 32623, 199.98, 74
2026/09/20 23:49:59.143, 100, 28112, 32623, 185.23, 74
2026/09/20 23:50:00.143, 100, 28112, 32623, 199.95, 73
2026/09/20 23:50:01.144, 100, 28112, 32623, 200.01, 74
2026/09/20 23:50:02.144, 100, 28112, 32623, 199.99, 74
2026/09/20 23:50:03.144, 100, 28112, 32623, 200.03, 74
2026/09/20 23:50:04.145, 6, 28112, 32623, 176.33, 65
2026/09/20 23:50:05.145, 82, 28112, 32623, 196.89, 73
2026/09/20 23:50:06.145, 100, 28112, 32623, 199.90, 74
2026/09/20 23:50:07.146, 100, 28112, 32623, 202.22, 73
2026/09/20 23:50:08.146, 100, 28112, 32623, 199.98, 73
2026/09/20 23:50:09.146, 100, 28112, 32623, 199.92, 72
2026/09/20 23:50:10.146, 100, 28112, 32623, 200.06, 73
2026/09/20 23:50:11.147, 100, 28112, 32623, 199.98, 73
2026/09/20 23:50:12.147, 100, 28112, 32623, 200.01, 73
2026/09/20 23:50:13.147, 100, 28112, 32623, 199.90, 72
2026/09/20 23:50:14.147, 91, 28112, 32623, 198.48, 74
2026/09/20 23:50:15.147, 91, 28112, 32623, 200.33, 72
2026/09/20 23:50:16.148, 91, 28112, 32623, 200.27, 73
2026/09/20 23:50:17.148, 89, 28112, 32623, 200.22, 74
2026/09/20 23:50:18.148, 91, 28112, 32623, 198.89, 74
2026/09/20 23:50:19.148, 92, 28112, 32623, 200.47, 73
2026/09/20 23:50:20.149, 92, 28112, 32623, 200.54, 73
2026/09/20 23:50:21.149, 92, 28112, 32623, 199.37, 73
2026/09/20 23:50:22.149, 92, 28112, 32623, 200.25, 73
2026/09/20 23:50:23.149, 89, 28112, 32623, 199.37, 73
2026/09/20 23:50:24.150, 100, 28112, 32623, 151.28, 72
2026/09/20 23:50:25.150, 100, 28112, 32623, 200.02, 72
2026/09/20 23:50:26.150, 100, 28112, 32623, 197.33, 73
2026/09/20 23:50:27.151, 100, 28112, 32623, 200.02, 72
2026/09/20 23:50:28.151, 100, 28112, 32623, 199.99, 73
2026/09/20 23:50:29.151, 100, 28112, 32623, 197.40, 73
2026/09/20 23:50:30.151, 100, 28112, 32623, 200.01, 73
2026/09/20 23:50:31.152, 100, 28112, 32623, 200.02, 73
2026/09/20 23:50:32.152, 100, 28112, 32623, 199.99, 73
2026/09/20 23:50:33.152, 100, 28112, 32623, 199.98, 73
2026/09/20 23:50:34.152, 100, 28112, 32623, 199.95, 73
2026/09/20 23:50:35.153, 100, 28112, 32623, 200.01, 72
2026/09/20 23:50:36.153, 100, 28112, 32623, 200.05, 73
2026/09/20 23:50:37.153, 100, 28112, 32623, 199.95, 73
2026/09/20 23:50:38.153, 100, 28112, 32623, 199.97, 73
2026/09/20 23:50:39.154, 98, 28112, 32623, 200.01, 74
2026/09/20 23:50:40.154, 97, 28112, 32623, 199.66, 73
2026/09/20 23:50:41.154, 100, 28112, 32623, 200.58, 73
2026/09/20 23:50:42.154, 100, 28112, 32623, 200.00, 74
2026/09/20 23:50:43.155, 100, 28112, 32623, 200.03, 73
2026/09/20 23:50:44.155, 100, 28112, 32623, 199.99, 73
2026/09/20 23:50:45.155, 100, 28112, 32623, 199.99, 73
2026/09/20 23:50:46.156, 100, 28112, 32623, 200.00, 74
2026/09/20 23:50:47.156, 100, 28112, 32623, 200.02, 74
2026/09/20 23:50:48.156, 100, 28112, 32623, 199.98, 74
2026/09/20 23:50:49.156, 100, 28112, 32623, 200.01, 73
2026/09/20 23:50:50.156, 97, 28112, 32623, 199.81, 73
2026/09/20 23:50:51.157, 100, 28112, 32623, 199.98, 73
2026/09/20 23:50:52.157, 100, 28112, 32623, 200.04, 73
2026/09/20 23:50:53.157, 100, 28112, 32623, 199.99, 74
2026/09/20 23:50:54.157, 100, 28112, 32623, 200.00, 73
2026/09/20 23:50:55.157, 100, 28112, 32623, 200.00, 75
2026/09/20 23:50:56.158, 100, 28112, 32623, 199.98, 74
2026/09/20 23:50:57.158, 97, 28112, 32623, 199.74, 73
2026/09/20 23:50:58.158, 100, 28112, 32623, 200.32, 74
2026/09/20 23:50:59.158, 100, 28112, 32623, 200.02, 74
2026/09/20 23:51:00.158, 100, 28112, 32623, 200.00, 73
2026/09/20 23:51:01.159, 100, 28112, 32623, 199.98, 74
2026/09/20 23:51:02.159, 100, 28112, 32623, 199.97, 74
2026/09/20 23:51:03.159, 98, 28112, 32623, 199.74, 75
2026/09/20 23:51:04.159, 100, 28112, 32623, 200.00, 74
2026/09/20 23:51:05.159, 100, 28112, 32623, 200.00, 73
2026/09/20 23:51:06.160, 100, 28112, 32623, 200.00, 74
2026/09/20 23:51:07.160, 100, 28112, 32623, 199.98, 74
2026/09/20 23:51:08.160, 100, 28112, 32623, 199.99, 74
2026/09/20 23:51:09.160, 100, 28112, 32623, 200.42, 73
2026/09/20 23:51:10.161, 100, 28112, 32623, 199.95, 75
2026/09/20 23:51:11.161, 100, 28112, 32623, 200.03, 73
2026/09/20 23:51:12.161, 100, 28112, 32623, 199.98, 74
2026/09/20 23:51:13.161, 100, 28112, 32623, 199.98, 73
2026/09/20 23:51:14.162, 100, 28112, 32623, 200.00, 74
2026/09/20 23:51:15.162, 100, 28112, 32623, 200.02, 75
2026/09/20 23:51:16.162, 100, 28112, 32623, 200.01, 74
2026/09/20 23:51:17.162, 100, 28112, 32623, 199.96, 74
2026/09/20 23:51:18.163, 100, 28112, 32623, 200.03, 73
2026/09/20 23:51:19.163, 100, 28112, 32623, 199.96, 72
2026/09/20 23:51:20.163, 100, 28112, 32623, 200.02, 73
2026/09/20 23:51:21.164, 100, 28112, 32623, 199.99, 74
2026/09/20 23:51:22.164, 98, 28112, 32623, 199.47, 74
2026/09/20 23:51:23.164, 100, 28112, 32623, 200.00, 74
2026/09/20 23:51:24.164, 100, 28112, 32623, 200.01, 74
2026/09/20 23:51:25.165, 100, 28112, 32623, 186.26, 73
2026/09/20 23:51:26.165, 100, 28112, 32623, 200.59, 75
2026/09/20 23:51:27.165, 100, 28112, 32623, 199.99, 74
2026/09/20 23:51:28.166, 100, 28112, 32623, 199.99, 74
2026/09/20 23:51:29.166, 100, 28112, 32623, 199.94, 74
2026/09/20 23:51:30.166, 100, 28112, 32623, 200.04, 74
2026/09/20 23:51:31.166, 100, 28112, 32623, 176.79, 75
2026/09/20 23:51:32.167, 100, 28112, 32623, 200.01, 73
2026/09/20 23:51:33.167, 100, 28112, 32623, 200.00, 74
2026/09/20 23:51:34.167, 100, 28112, 32623, 199.97, 75
2026/09/20 23:51:35.167, 94, 28112, 32623, 198.21, 72
2026/09/20 23:51:36.168, 100, 28112, 32623, 201.34, 74
2026/09/20 23:51:37.168, 100, 28112, 32623, 199.99, 73
2026/09/20 23:51:38.168, 100, 28112, 32623, 199.74, 72
2026/09/20 23:51:39.168, 100, 28112, 32623, 200.26, 72
2026/09/20 23:51:40.169, 92, 28112, 32623, 198.62, 74
2026/09/20 23:51:41.169, 91, 28112, 32623, 200.09, 73
2026/09/20 23:51:42.169, 91, 28112, 32623, 200.24, 73
2026/09/20 23:51:43.169, 92, 28112, 32623, 195.87, 73
2026/09/20 23:51:44.170, 92, 28112, 32623, 200.35, 74
2026/09/20 23:51:45.170, 92, 28112, 32623, 199.29, 71
2026/09/20 23:51:46.170, 92, 28112, 32623, 200.35, 74
2026/09/20 23:51:47.170, 90, 28112, 32623, 200.33, 74
2026/09/20 23:51:48.170, 92, 28112, 32623, 199.28, 72
2026/09/20 23:51:49.171, 92, 28112, 32623, 200.32, 73
2026/09/20 23:51:50.171, 100, 28112, 32623, 147.40, 72
2026/09/20 23:51:51.171, 100, 28112, 32623, 200.49, 72
2026/09/20 23:51:52.171, 100, 28112, 32623, 196.13, 73
2026/09/20 23:51:53.171, 100, 28112, 32623, 200.80, 73
2026/09/20 23:51:54.171, 100, 28112, 32623, 199.99, 73
2026/09/20 23:51:55.172, 100, 28112, 32623, 196.60, 73
2026/09/20 23:51:56.172, 100, 28112, 32623, 203.10, 73
2026/09/20 23:51:57.172, 98, 28112, 32623, 200.35, 72
2026/09/20 23:51:58.173, 97, 28112, 32623, 199.80, 73
2026/09/20 23:51:59.173, 98, 28112, 32623, 199.83, 73
2026/09/20 23:52:00.173, 97, 28112, 32623, 199.63, 73
2026/09/20 23:52:01.173, 100, 28112, 32623, 200.52, 73
2026/09/20 23:52:02.174, 100, 28112, 32623, 200.01, 72
2026/09/20 23:52:03.174, 100, 28112, 32623, 199.99, 73
2026/09/20 23:52:04.174, 100, 28112, 32623, 199.99, 73
2026/09/20 23:52:05.174, 100, 28112, 32623, 200.00, 73
2026/09/20 23:52:06.175, 100, 28112, 32623, 199.99, 73
2026/09/20 23:52:07.175, 100, 28112, 32623, 199.99, 73
2026/09/20 23:52:08.175, 100, 28112, 32623, 199.98, 73
2026/09/20 23:52:09.175, 100, 28112, 32623, 200.00, 73
2026/09/20 23:52:10.176, 100, 28112, 32623, 199.98, 73
2026/09/20 23:52:11.176, 100, 28112, 32623, 200.01, 73
2026/09/20 23:52:12.176, 100, 28112, 32623, 199.94, 73
2026/09/20 23:52:13.176, 97, 28112, 32623, 199.82, 73
2026/09/20 23:52:14.177, 100, 28112, 32623, 200.26, 74
2026/09/20 23:52:15.177, 100, 28112, 32623, 200.00, 73
2026/09/20 23:52:16.177, 100, 28112, 32623, 200.01, 73
2026/09/20 23:52:17.177, 100, 28112, 32623, 199.98, 75
2026/09/20 23:52:18.178, 100, 28112, 32623, 200.02, 73
2026/09/20 23:52:19.178, 100, 28112, 32623, 199.97, 73
2026/09/20 23:52:20.178, 100, 28112, 32623, 199.96, 73
2026/09/20 23:52:21.178, 98, 28112, 32623, 199.93, 73
2026/09/20 23:52:22.179, 100, 28112, 32623, 199.98, 74
2026/09/20 23:52:23.179, 100, 28112, 32623, 200.01, 74
2026/09/20 23:52:24.179, 100, 28112, 32623, 199.99, 73
2026/09/20 23:52:25.180, 100, 28112, 32623, 199.95, 73
2026/09/20 23:52:26.180, 100, 28112, 32623, 199.98, 74
2026/09/20 23:52:27.180, 100, 28112, 32623, 199.99, 73
2026/09/20 23:52:28.180, 100, 28112, 32623, 200.00, 74
2026/09/20 23:52:29.181, 100, 28112, 32623, 200.00, 74
2026/09/20 23:52:30.181, 100, 28112, 32623, 200.02, 73
2026/09/20 23:52:31.181, 100, 28112, 32623, 199.97, 74
2026/09/20 23:52:32.182, 100, 28112, 32623, 200.00, 74
2026/09/20 23:52:33.182, 98, 28112, 32623, 199.90, 74
2026/09/20 23:52:34.182, 100, 28112, 32623, 200.11, 73
2026/09/20 23:52:35.182, 100, 28112, 32623, 199.98, 73
2026/09/20 23:52:36.183, 100, 28112, 32623, 200.03, 74
2026/09/20 23:52:37.183, 100, 28112, 32623, 199.98, 73
2026/09/20 23:52:38.183, 99, 28112, 32623, 199.92, 75
2026/09/20 23:52:39.183, 100, 28112, 32623, 200.19, 75
2026/09/20 23:52:40.183, 100, 28112, 32623, 200.01, 74
2026/09/20 23:52:41.183, 100, 28112, 32623, 200.01, 74
2026/09/20 23:52:42.184, 100, 28112, 32623, 199.97, 73
2026/09/20 23:52:43.184, 100, 28112, 32623, 200.05, 75
2026/09/20 23:52:44.184, 100, 28112, 32623, 200.02, 73
2026/09/20 23:52:45.184, 100, 28112, 32623, 199.99, 73
2026/09/20 23:52:46.184, 100, 28112, 32623, 200.01, 75
2026/09/20 23:52:47.185, 99, 28112, 32623, 199.90, 75
2026/09/20 23:52:48.185, 100, 28112, 32623, 200.18, 74
2026/09/20 23:52:49.185, 100, 28112, 32623, 199.98, 74
2026/09/20 23:52:50.185, 100, 28112, 32623, 200.00, 74
2026/09/20 23:52:51.186, 59, 28112, 32623, 182.70, 66
2026/09/20 23:52:52.186, 100, 28112, 32623, 205.24, 75
2026/09/20 23:52:53.186, 100, 28112, 32623, 199.97, 73
2026/09/20 23:52:54.186, 100, 28112, 32623, 199.99, 74
2026/09/20 23:52:55.187, 100, 28112, 32623, 200.02, 73
2026/09/20 23:52:56.187, 100, 28112, 32623, 199.99, 73
2026/09/20 23:52:57.187, 100, 28112, 32623, 174.76, 73
2026/09/20 23:52:58.188, 100, 28112, 32623, 200.08, 73
2026/09/20 23:52:59.188, 100, 28112, 32623, 200.04, 73
2026/09/20 23:53:00.188, 97, 28112, 32623, 199.92, 73
2026/09/20 23:53:01.188, 100, 28112, 32623, 200.17, 73
2026/09/20 23:53:02.188, 100, 28112, 32623, 199.96, 74
2026/09/20 23:53:03.189, 100, 28112, 32623, 199.97, 73
2026/09/20 23:53:04.189, 100, 28112, 32623, 200.24, 73
2026/09/20 23:53:05.189, 100, 28112, 32623, 199.99, 73
2026/09/20 23:53:06.189, 91, 28112, 32623, 198.56, 71
2026/09/20 23:53:07.190, 91, 28112, 32623, 200.16, 73
2026/09/20 23:53:08.190, 91, 28112, 32623, 200.26, 73
2026/09/20 23:53:09.190, 90, 28112, 32623, 200.15, 74
2026/09/20 23:53:10.190, 91, 28112, 32623, 199.30, 74
2026/09/20 23:53:11.191, 92, 28112, 32623, 200.33, 72
2026/09/20 23:53:12.191, 92, 28112, 32623, 200.48, 73
2026/09/20 23:53:13.191, 89, 28112, 32623, 200.15, 74
2026/09/20 23:53:14.191, 91, 28112, 32623, 199.46, 72
2026/09/20 23:53:15.191, 92, 28112, 32623, 200.45, 73
2026/09/20 23:53:16.192, 0, 28112, 32623, 155.00, 64
2026/09/20 23:53:17.192, 0, 28112, 32623, 64.21, 61
2026/09/20 23:53:18.192, 0, 28112, 32623, 51.68, 59
2026/09/20 23:53:19.193, 0, 28112, 32623, 41.12, 58
2026/09/20 23:53:20.193, 0, 28112, 32623, 40.24, 57
2026/09/20 23:53:21.193, 100, 28112, 32623, 149.81, 69
2026/09/20 23:53:22.193, 100, 28112, 32623, 200.02, 69
2026/09/20 23:53:23.194, 100, 28112, 32623, 199.99, 70
2026/09/20 23:53:24.194, 100, 28112, 32623, 196.82, 69
2026/09/20 23:53:25.194, 100, 28112, 32623, 200.02, 71
2026/09/20 23:53:26.195, 100, 28112, 32623, 199.99, 71
2026/09/20 23:53:27.195, 100, 28112, 32623, 200.00, 71
2026/09/20 23:53:28.195, 100, 28112, 32623, 199.99, 71
2026/09/20 23:53:29.195, 100, 28112, 32623, 199.99, 71
2026/09/20 23:53:30.196, 100, 28112, 32623, 199.99, 71
2026/09/20 23:53:31.196, 100, 28112, 32623, 200.01, 72
2026/09/20 23:53:32.196, 100, 28112, 32623, 199.96, 72
2026/09/20 23:53:33.196, 100, 28112, 32623, 199.99, 72
2026/09/20 23:53:34.196, 100, 28112, 32623, 199.98, 71
2026/09/20 23:53:35.197, 100, 28112, 32623, 200.00, 72
2026/09/20 23:53:36.197, 100, 28112, 32623, 199.99, 72
2026/09/20 23:53:37.197, 100, 28112, 32623, 200.00, 72
2026/09/20 23:53:38.197, 100, 28112, 32623, 199.98, 72
2026/09/20 23:53:39.197, 100, 28112, 32623, 199.98, 72
2026/09/20 23:53:40.197, 100, 28112, 32623, 199.94, 72
2026/09/20 23:53:41.198, 99, 28112, 32623, 199.90, 73
2026/09/20 23:53:42.198, 100, 28112, 32623, 200.01, 72
2026/09/20 23:53:43.198, 100, 28112, 32623, 200.00, 72
2026/09/20 23:53:44.198, 100, 28112, 32623, 199.99, 72
2026/09/20 23:53:45.198, 100, 28112, 32623, 200.00, 73
2026/09/20 23:53:46.199, 100, 28112, 32623, 200.01, 72
2026/09/20 23:53:47.199, 100, 28112, 32623, 200.00, 72
2026/09/20 23:53:48.199, 100, 28112, 32623, 199.98, 73
2026/09/20 23:53:49.199, 100, 28112, 32623, 199.92, 73
2026/09/20 23:53:50.199, 97, 28112, 32623, 199.57, 74
2026/09/20 23:53:51.200, 100, 28112, 32623, 200.49, 73
2026/09/20 23:53:52.200, 100, 28112, 32623, 200.00, 73
2026/09/20 23:53:53.200, 100, 28112, 32623, 200.02, 73
2026/09/20 23:53:54.201, 100, 28112, 32623, 200.01, 74
2026/09/20 23:53:55.201, 100, 28112, 32623, 200.01, 73
2026/09/20 23:53:56.201, 100, 28112, 32623, 200.01, 73
2026/09/20 23:53:57.201, 100, 28112, 32623, 200.03, 74
2026/09/20 23:53:58.202, 100, 28112, 32623, 200.00, 73
2026/09/20 23:53:59.202, 100, 28112, 32623, 199.96, 73
2026/09/20 23:54:00.202, 100, 28112, 32623, 200.01, 73
2026/09/20 23:54:01.202, 100, 28112, 32623, 199.99, 72
2026/09/20 23:54:02.203, 98, 28112, 32623, 199.72, 73
2026/09/20 23:54:03.203, 100, 28112, 32623, 200.37, 73
2026/09/20 23:54:04.203, 100, 28112, 32623, 199.99, 74
2026/09/20 23:54:05.204, 100, 28112, 32623, 199.99, 73
2026/09/20 23:54:06.204, 100, 28112, 32623, 200.02, 73
2026/09/20 23:54:07.204, 98, 28112, 32623, 199.75, 73
2026/09/20 23:54:08.204, 100, 28112, 32623, 200.24, 74
2026/09/20 23:54:09.205, 100, 28112, 32623, 199.99, 73
2026/09/20 23:54:10.205, 100, 28112, 32623, 200.01, 74
2026/09/20 23:54:11.205, 100, 28112, 32623, 199.98, 73
2026/09/20 23:54:12.205, 99, 28112, 32623, 199.83, 75
2026/09/20 23:54:13.206, 100, 28112, 32623, 200.00, 73
2026/09/20 23:54:14.206, 100, 28112, 32623, 200.00, 74
2026/09/20 23:54:15.206, 100, 28112, 32623, 199.98, 75
2026/09/20 23:54:16.206, 99, 28112, 32623, 199.91, 75
2026/09/20 23:54:17.207, 100, 28112, 32623, 200.19, 73
2026/09/20 23:54:18.207, 100, 28112, 32623, 200.01, 74
2026/09/20 23:54:19.207, 100, 28112, 32623, 199.97, 75
2026/09/20 23:54:20.208, 100, 28112, 32623, 199.96, 74
2026/09/20 23:54:21.208, 100, 28112, 32623, 200.04, 75
2026/09/20 23:54:22.208, 100, 28112, 32623, 199.98, 74
2026/09/20 23:54:23.208, 100, 28112, 32623, 200.01, 73
2026/09/20 23:54:24.209, 9, 28112, 32623, 179.88, 66
2026/09/20 23:54:25.209, 100, 28112, 32623, 184.19, 74
2026/09/20 23:54:26.209, 100, 28112, 32623, 199.98, 74
2026/09/20 23:54:27.210, 100, 28112, 32623, 199.95, 73
2026/09/20 23:54:28.210, 100, 28112, 32623, 200.03, 74
2026/09/20 23:54:29.210, 100, 28112, 32623, 200.00, 73
2026/09/20 23:54:30.210, 100, 28112, 32623, 180.65, 73
2026/09/20 23:54:31.211, 100, 28112, 32623, 200.09, 73
2026/09/20 23:54:32.211, 100, 28112, 32623, 200.00, 74
2026/09/20 23:54:33.211, 100, 28112, 32623, 200.01, 74
2026/09/20 23:54:34.211, 100, 28112, 32623, 199.61, 72
2026/09/20 23:54:35.212, 100, 28112, 32623, 200.65, 73
2026/09/20 23:54:36.212, 98, 28112, 32623, 199.77, 72
2026/09/20 23:54:37.212, 92, 28112, 32623, 199.38, 73
2026/09/20 23:54:38.212, 91, 28112, 32623, 199.36, 73
2026/09/20 23:54:39.212, 92, 28112, 32623, 200.41, 73
2026/09/20 23:54:40.213, 92, 28112, 32623, 200.36, 73
2026/09/20 23:54:41.213, 91, 28112, 32623, 199.26, 73
2026/09/20 23:54:42.213, 92, 28112, 32623, 200.57, 73
2026/09/20 23:54:43.213, 92, 28112, 32623, 200.41, 73
2026/09/20 23:54:44.213, 92, 28112, 32623, 199.35, 71
2026/09/20 23:54:45.213, 92, 28112, 32623, 200.36, 73
2026/09/20 23:54:46.214, 0, 28112, 32623, 180.68, 66
2026/09/20 23:54:47.214, 100, 28112, 32623, 155.67, 72
2026/09/20 23:54:48.214, 100, 28112, 32623, 200.00, 72
2026/09/20 23:54:49.214, 100, 28112, 32623, 197.58, 72
2026/09/20 23:54:50.214, 100, 28112, 32623, 200.01, 72
2026/09/20 23:54:51.215, 100, 28112, 32623, 200.00, 72
2026/09/20 23:54:52.215, 100, 28112, 32623, 197.82, 73
2026/09/20 23:54:53.215, 100, 28112, 32623, 199.98, 72
2026/09/20 23:54:54.215, 100, 28112, 32623, 200.00, 73
2026/09/20 23:54:55.215, 100, 28112, 32623, 199.97, 72
2026/09/20 23:54:56.215, 100, 28112, 32623, 200.01, 73
2026/09/20 23:54:57.216, 100, 28112, 32623, 200.01, 73
2026/09/20 23:54:58.216, 100, 28112, 32623, 200.01, 73
2026/09/20 23:54:59.216, 100, 28112, 32623, 200.01, 72
2026/09/20 23:55:00.216, 100, 28112, 32623, 199.99, 73
2026/09/20 23:55:01.216, 100, 28112, 32623, 200.00, 73
2026/09/20 23:55:02.217, 100, 28112, 32623, 199.97, 73
2026/09/20 23:55:03.217, 100, 28112, 32623, 199.97, 72
2026/09/20 23:55:04.217, 100, 28112, 32623, 200.22, 73
2026/09/20 23:55:05.218, 97, 28112, 32623, 199.91, 73
2026/09/20 23:55:06.218, 100, 28112, 32623, 200.59, 73
2026/09/20 23:55:07.218, 100, 28112, 32623, 200.00, 73
2026/09/20 23:55:08.218, 100, 28112, 32623, 200.01, 73
2026/09/20 23:55:09.219, 100, 28112, 32623, 199.99, 73
2026/09/20 23:55:10.219, 100, 28112, 32623, 199.99, 73
2026/09/20 23:55:11.219, 100, 28112, 32623, 200.01, 73
2026/09/20 23:55:12.219, 100, 28112, 32623, 200.00, 73
2026/09/20 23:55:13.220, 100, 28112, 32623, 199.93, 74
2026/09/20 23:55:14.220, 98, 28112, 32623, 199.71, 73
2026/09/20 23:55:15.220, 100, 28112, 32623, 200.34, 73
2026/09/20 23:55:16.220, 100, 28112, 32623, 199.99, 73
2026/09/20 23:55:17.221, 100, 28112, 32623, 200.00, 73
2026/09/20 23:55:18.221, 100, 28112, 32623, 200.02, 74
2026/09/20 23:55:19.221, 100, 28112, 32623, 199.98, 73
2026/09/20 23:55:20.222, 100, 28112, 32623, 199.93, 73
2026/09/20 23:55:21.222, 97, 28112, 32623, 199.58, 73
2026/09/20 23:55:22.222, 100, 28112, 32623, 199.99, 73
2026/09/20 23:55:23.223, 100, 28112, 32623, 199.99, 74
2026/09/20 23:55:24.223, 100, 28112, 32623, 199.99, 73
2026/09/20 23:55:25.223, 100, 28112, 32623, 200.00, 73
2026/09/20 23:55:26.223, 100, 28112, 32623, 199.95, 73
2026/09/20 23:55:27.224, 98, 28112, 32623, 199.62, 74
2026/09/20 23:55:28.224, 100, 28112, 32623, 200.43, 73
2026/09/20 23:55:29.224, 100, 28112, 32623, 200.00, 75
2026/09/20 23:55:30.225, 100, 28112, 32623, 200.00, 73
2026/09/20 23:55:31.225, 100, 28112, 32623, 199.99, 73
2026/09/20 23:55:32.225, 98, 28112, 32623, 199.82, 75
2026/09/20 23:55:33.225, 100, 28112, 32623, 200.01, 73
2026/09/20 23:55:34.226, 100, 28112, 32623, 200.02, 75
2026/09/20 23:55:35.226, 100, 28112, 32623, 199.99, 72
2026/09/20 23:55:36.226, 100, 28112, 32623, 199.98, 74
2026/09/20 23:55:37.226, 98, 28112, 32623, 199.44, 75
2026/09/20 23:55:38.227, 100, 28112, 32623, 199.99, 73
2026/09/20 23:55:39.227, 100, 28112, 32623, 199.99, 73
2026/09/20 23:55:40.227, 100, 28112, 32623, 199.99, 73
2026/09/20 23:55:41.228, 100, 28112, 32623, 199.92, 74
2026/09/20 23:55:42.228, 100, 28112, 32623, 200.10, 74
2026/09/20 23:55:43.228, 100, 28112, 32623, 199.99, 74
2026/09/20 23:55:44.228, 100, 28112, 32623, 199.98, 75
2026/09/20 23:55:45.229, 100, 28112, 32623, 199.96, 74
2026/09/20 23:55:46.229, 100, 28112, 32623, 200.04, 74
2026/09/20 23:55:47.229, 100, 28112, 32623, 199.99, 73
2026/09/20 23:55:48.229, 100, 28112, 32623, 183.91, 74
2026/09/20 23:55:49.231, 98, 28112, 32623, 199.81, 74
2026/09/20 23:55:50.231, 100, 28112, 32623, 200.33, 74
2026/09/20 23:55:51.232, 100, 28112, 32623, 199.99, 74
2026/09/20 23:55:52.232, 100, 28112, 32623, 199.99, 74
2026/09/20 23:55:53.232, 75, 28112, 32623, 196.84, 73
2026/09/20 23:55:54.232, 100, 28112, 32623, 175.88, 73
2026/09/20 23:55:55.233, 99, 28112, 32623, 199.99, 73
2026/09/20 23:55:56.233, 100, 28112, 32623, 200.01, 74
2026/09/20 23:55:57.233, 100, 28112, 32623, 199.98, 74
2026/09/20 23:55:58.233, 100, 28112, 32623, 199.03, 72
2026/09/20 23:55:59.234, 100, 28112, 32623, 200.64, 73
2026/09/20 23:56:00.234, 100, 28112, 32623, 200.03, 73
2026/09/20 23:56:01.234, 100, 28112, 32623, 199.93, 72
2026/09/20 23:56:02.234, 80, 28112, 32623, 197.87, 73
2026/09/20 23:56:03.235, 92, 28112, 32623, 200.80, 71
2026/09/20 23:56:04.235, 92, 28112, 32623, 200.35, 73
2026/09/20 23:56:05.235, 90, 28112, 32623, 200.41, 73
2026/09/20 23:56:06.235, 92, 28112, 32623, 199.34, 72
2026/09/20 23:56:07.235, 92, 28112, 32623, 200.41, 73
2026/09/20 23:56:08.236, 92, 28112, 32623, 199.57, 74
2026/09/20 23:56:09.236, 92, 28112, 32623, 200.23, 73
2026/09/20 23:56:10.236, 92, 28112, 32623, 200.39, 74
2026/09/20 23:56:11.236, 92, 28112, 32623, 199.47, 74
2026/09/20 23:56:12.236, 92, 28112, 32623, 199.99, 73
2026/09/20 23:56:13.236, 100, 28112, 32623, 148.28, 71
2026/09/20 23:56:14.237, 100, 28112, 32623, 200.07, 71
2026/09/20 23:56:15.237, 100, 28112, 32623, 196.81, 73
2026/09/20 23:56:16.237, 100, 28112, 32623, 200.16, 73
2026/09/20 23:56:17.270, 100, 28112, 32623, 200.02, 73
2026/09/20 23:56:18.270, 100, 28112, 32623, 197.27, 73
2026/09/20 23:56:19.270, 100, 28112, 32623, 200.39, 73
2026/09/20 23:56:20.271, 100, 28112, 32623, 199.99, 73
2026/09/20 23:56:21.271, 100, 28112, 32623, 200.03, 73
2026/09/20 23:56:22.271, 100, 28112, 32623, 200.00, 73
2026/09/20 23:56:23.271, 100, 28112, 32623, 199.99, 73
2026/09/20 23:56:24.272, 100, 28112, 32623, 200.04, 73
2026/09/20 23:56:25.272, 100, 28112, 32623, 200.34, 73
2026/09/20 23:56:26.272, 98, 28112, 32623, 199.93, 72
2026/09/20 23:56:27.272, 97, 28112, 32623, 199.83, 73
2026/09/20 23:56:28.273, 100, 28112, 32623, 200.39, 73
2026/09/20 23:56:29.273, 100, 28112, 32623, 199.98, 73
2026/09/20 23:56:30.273, 100, 28112, 32623, 200.03, 73
2026/09/20 23:56:31.274, 100, 28112, 32623, 200.00, 73
2026/09/20 23:56:32.274, 100, 28112, 32623, 200.00, 73
2026/09/20 23:56:33.274, 100, 28112, 32623, 199.99, 73
2026/09/20 23:56:34.274, 100, 28112, 32623, 200.00, 73
2026/09/20 23:56:35.275, 100, 28112, 32623, 199.98, 73
2026/09/20 23:56:36.275, 100, 28112, 32623, 200.01, 73
2026/09/20 23:56:37.275, 100, 28112, 32623, 199.99, 73
2026/09/20 23:56:38.275, 99, 28112, 32623, 200.31, 74
2026/09/20 23:56:39.276, 100, 28112, 32623, 199.97, 73
2026/09/20 23:56:40.276, 100, 28112, 32623, 200.01, 73
2026/09/20 23:56:41.276, 100, 28112, 32623, 200.02, 74
2026/09/20 23:56:42.276, 100, 28112, 32623, 199.97, 73
2026/09/20 23:56:43.277, 100, 28112, 32623, 199.97, 73
2026/09/20 23:56:44.277, 100, 28112, 32623, 199.98, 73
2026/09/20 23:56:45.277, 97, 28112, 32623, 199.79, 73
2026/09/20 23:56:46.277, 100, 28112, 32623, 200.02, 73
2026/09/20 23:56:47.278, 100, 28112, 32623, 199.99, 74
2026/09/20 23:56:48.278, 100, 28112, 32623, 199.96, 72
2026/09/20 23:56:49.278, 100, 28112, 32623, 200.01, 74
2026/09/20 23:56:50.278, 100, 28112, 32623, 200.00, 75
2026/09/20 23:56:51.279, 99, 28112, 32623, 199.87, 75
2026/09/20 23:56:52.279, 100, 28112, 32623, 200.18, 74
2026/09/20 23:56:53.279, 100, 28112, 32623, 200.00, 75
2026/09/20 23:56:54.279, 100, 28112, 32623, 200.00, 75
2026/09/20 23:56:55.280, 100, 28112, 32623, 200.00, 73
2026/09/20 23:56:56.280, 100, 28112, 32623, 199.96, 73
2026/09/20 23:56:57.280, 100, 28112, 32623, 200.18, 73
2026/09/20 23:56:58.281, 100, 28112, 32623, 199.96, 74
2026/09/20 23:56:59.281, 100, 28112, 32623, 199.98, 73
2026/09/20 23:57:00.281, 100, 28112, 32623, 200.01, 73
2026/09/20 23:57:01.281, 100, 28112, 32623, 199.97, 74
2026/09/20 23:57:02.282, 100, 28112, 32623, 200.04, 74
2026/09/20 23:57:03.282, 100, 28112, 32623, 200.00, 75
2026/09/20 23:57:04.282, 100, 28112, 32623, 200.04, 73
2026/09/20 23:57:05.282, 100, 28112, 32623, 200.00, 74
2026/09/20 23:57:06.283, 98, 28112, 32623, 199.70, 74
2026/09/20 23:57:07.283, 100, 28112, 32623, 200.33, 74
2026/09/20 23:57:08.283, 100, 28112, 32623, 200.00, 74
2026/09/20 23:57:09.283, 100, 28112, 32623, 200.00, 75
2026/09/20 23:57:10.283, 100, 28112, 32623, 199.95, 75
2026/09/20 23:57:11.284, 100, 28112, 32623, 200.21, 74
2026/09/20 23:57:12.284, 100, 28112, 32623, 200.01, 74
2026/09/20 23:57:13.284, 100, 28112, 32623, 199.99, 73
2026/09/20 23:57:14.284, 94, 28112, 32623, 186.21, 74
2026/09/20 23:57:15.284, 100, 28112, 32623, 203.39, 74
2026/09/20 23:57:16.284, 100, 28112, 32623, 199.97, 73
2026/09/20 23:57:17.285, 100, 28112, 32623, 199.99, 74
2026/09/20 23:57:18.285, 98, 28112, 32623, 199.49, 74
2026/09/20 23:57:19.285, 100, 28112, 32623, 199.98, 73
2026/09/20 23:57:20.285, 100, 28112, 32623, 175.82, 73
2026/09/20 23:57:21.285, 100, 28112, 32623, 200.01, 74
2026/09/20 23:57:22.286, 100, 28112, 32623, 200.00, 73
2026/09/20 23:57:23.286, 100, 28112, 32623, 200.00, 73
2026/09/20 23:57:24.286, 100, 28112, 32623, 200.05, 74
2026/09/20 23:57:25.286, 100, 28112, 32623, 200.00, 75
2026/09/20 23:57:26.286, 100, 28112, 32623, 199.98, 75
2026/09/20 23:57:27.286, 81, 28112, 32623, 197.67, 72
2026/09/20 23:57:28.287, 100, 28112, 32623, 202.60, 74
2026/09/20 23:57:29.287, 92, 28112, 32623, 198.80, 72
2026/09/20 23:57:30.287, 92, 28112, 32623, 200.36, 74
2026/09/20 23:57:31.287, 91, 28112, 32623, 199.59, 74
2026/09/20 23:57:32.288, 92, 28112, 32623, 200.02, 73
2026/09/20 23:57:33.288, 92, 28112, 32623, 200.37, 74
2026/09/20 23:57:34.288, 92, 28112, 32623, 199.48, 74
2026/09/20 23:57:35.288, 92, 28112, 32623, 200.35, 73
2026/09/20 23:57:36.288, 92, 28112, 32623, 200.41, 74
2026/09/20 23:57:37.289, 92, 28112, 32623, 199.20, 71
2026/09/20 23:57:38.289, 92, 28112, 32623, 200.37, 73
2026/09/20 23:57:39.289, 100, 28112, 32623, 145.32, 71
2026/09/20 23:57:40.289, 100, 28112, 32623, 203.64, 72
2026/09/20 23:57:41.290, 100, 28112, 32623, 196.68, 74
2026/09/20 23:57:42.290, 100, 28112, 32623, 204.28, 72
2026/09/20 23:57:43.290, 100, 28112, 32623, 199.99, 73
2026/09/20 23:57:44.291, 74, 28112, 32623, 195.86, 74
2026/09/20 23:57:45.293, 97, 28112, 32623, 202.02, 72
2026/09/20 23:57:46.293, 97, 28112, 32623, 199.52, 72
2026/09/20 23:57:47.293, 99, 28112, 32623, 199.92, 72
2026/09/20 23:57:48.293, 97, 28112, 32623, 199.41, 73
2026/09/20 23:57:49.294, 100, 28112, 32623, 200.00, 72
2026/09/20 23:57:50.294, 100, 28112, 32623, 200.00, 72
2026/09/20 23:57:51.294, 100, 28112, 32623, 200.00, 73
2026/09/20 23:57:52.294, 100, 28112, 32623, 200.01, 72
2026/09/20 23:57:53.295, 100, 28112, 32623, 199.99, 73
2026/09/20 23:57:54.295, 100, 28112, 32623, 199.99, 73
2026/09/20 23:57:55.295, 100, 28112, 32623, 200.00, 73
2026/09/20 23:57:56.296, 100, 28112, 32623, 200.01, 73
2026/09/20 23:57:57.296, 100, 28112, 32623, 199.97, 72
2026/09/20 23:57:58.296, 100, 28112, 32623, 200.00, 74
2026/09/20 23:57:59.296, 100, 28112, 32623, 200.01, 73
2026/09/20 23:58:00.297, 100, 28112, 32623, 200.00, 74
2026/09/20 23:58:01.297, 100, 28112, 32623, 200.01, 73
2026/09/20 23:58:02.297, 99, 28112, 32623, 199.80, 74
2026/09/20 23:58:03.297, 100, 28112, 32623, 200.01, 74
2026/09/20 23:58:04.298, 100, 28112, 32623, 200.01, 73
2026/09/20 23:58:05.298, 100, 28112, 32623, 200.00, 73
2026/09/20 23:58:06.298, 100, 28112, 32623, 200.00, 73
2026/09/20 23:58:07.298, 100, 28112, 32623, 200.00, 73
2026/09/20 23:58:08.299, 100, 28112, 32623, 199.99, 73
2026/09/20 23:58:09.299, 100, 28112, 32623, 199.98, 73
2026/09/20 23:58:10.299, 98, 28112, 32623, 199.45, 72
2026/09/20 23:58:11.299, 100, 28112, 32623, 200.01, 73
2026/09/20 23:58:12.300, 100, 28112, 32623, 199.97, 73
2026/09/20 23:58:13.300, 100, 28112, 32623, 200.00, 73
2026/09/20 23:58:14.300, 100, 28112, 32623, 199.98, 73
2026/09/20 23:58:15.301, 100, 28112, 32623, 199.97, 73
2026/09/20 23:58:16.301, 98, 28112, 32623, 199.75, 74
2026/09/20 23:58:17.301, 100, 28112, 32623, 200.30, 73
2026/09/20 23:58:18.301, 100, 28112, 32623, 200.00, 74
2026/09/20 23:58:19.302, 100, 28112, 32623, 199.99, 73
2026/09/20 23:58:20.302, 100, 28112, 32623, 200.00, 73
2026/09/20 23:58:21.302, 100, 28112, 32623, 199.95, 74
2026/09/20 23:58:22.303, 100, 28112, 32623, 200.06, 73
2026/09/20 23:58:23.303, 100, 28112, 32623, 199.99, 74
2026/09/20 23:58:24.303, 100, 28112, 32623, 200.00, 74
2026/09/20 23:58:25.303, 100, 28112, 32623, 200.02, 74
2026/09/20 23:58:26.304, 100, 28112, 32623, 199.95, 73
2026/09/20 23:58:27.304, 100, 28112, 32623, 200.08, 74
2026/09/20 23:58:28.304, 100, 28112, 32623, 199.99, 73
2026/09/20 23:58:29.304, 100, 28112, 32623, 200.01, 73
2026/09/20 23:58:30.305, 100, 28112, 32623, 199.98, 74
2026/09/20 23:58:31.305, 100, 28112, 32623, 199.99, 74
2026/09/20 23:58:32.305, 100, 28112, 32623, 200.56, 73
2026/09/20 23:58:33.305, 100, 28112, 32623, 200.01, 75
2026/09/20 23:58:34.306, 100, 28112, 32623, 200.02, 74
2026/09/20 23:58:35.306, 100, 28112, 32623, 199.96, 75
2026/09/20 23:58:36.306, 100, 28112, 32623, 200.03, 74
2026/09/20 23:58:37.306, 100, 28112, 32623, 200.00, 75
2026/09/20 23:58:38.306, 100, 28112, 32623, 200.01, 75
2026/09/20 23:58:39.307, 100, 28112, 32623, 199.99, 74
2026/09/20 23:58:40.307, 100, 28112, 32623, 200.01, 74
2026/09/20 23:58:41.307, 100, 28112, 32623, 183.56, 73
2026/09/20 23:58:42.307, 100, 28112, 32623, 200.02, 73
2026/09/20 23:58:43.308, 98, 28112, 32623, 199.82, 74
2026/09/20 23:58:44.308, 100, 28112, 32623, 200.20, 75
2026/09/20 23:58:45.308, 100, 28112, 32623, 200.00, 75
2026/09/20 23:58:46.308, 100, 28112, 32623, 177.09, 72
2026/09/20 23:58:47.308, 100, 28112, 32623, 200.56, 74
2026/09/20 23:58:48.309, 100, 28112, 32623, 200.01, 73
2026/09/20 23:58:49.309, 97, 28112, 32623, 199.55, 75
2026/09/20 23:58:50.309, 100, 28112, 32623, 200.58, 74
2026/09/20 23:58:51.309, 99, 28112, 32623, 199.83, 73
2026/09/20 23:58:52.309, 100, 28112, 32623, 200.06, 75
2026/09/20 23:58:53.310, 100, 28112, 32623, 202.67, 73
2026/09/20 23:58:54.310, 100, 28112, 32623, 199.98, 74
2026/09/20 23:58:55.310, 91, 28112, 32623, 198.97, 71
2026/09/20 23:58:56.310, 92, 28112, 32623, 199.20, 73
2026/09/20 23:58:57.310, 89, 28112, 32623, 200.41, 73
2026/09/20 23:58:58.311, 92, 28112, 32623, 199.30, 72
2026/09/20 23:58:59.311, 92, 28112, 32623, 200.49, 73
2026/09/20 23:59:00.311, 88, 28112, 32623, 200.34, 74
2026/09/20 23:59:01.311, 92, 28112, 32623, 199.34, 72
2026/09/20 23:59:02.311, 92, 28112, 32623, 200.37, 73
2026/09/20 23:59:03.312, 90, 28112, 32623, 199.79, 73
2026/09/20 23:59:04.312, 92, 28112, 32623, 199.95, 72
2026/09/20 23:59:05.312, 0, 28112, 32623, 168.38, 64
2026/09/20 23:59:06.312, 100, 28112, 32623, 180.04, 72
2026/09/20 23:59:07.312, 100, 28112, 32623, 200.01, 72
2026/09/20 23:59:08.313, 100, 28112, 32623, 197.66, 73
2026/09/20 23:59:09.313, 100, 28112, 32623, 199.99, 73
2026/09/20 23:59:10.313, 100, 28112, 32623, 200.01, 73
2026/09/20 23:59:11.313, 100, 28112, 32623, 197.41, 73
2026/09/20 23:59:12.314, 100, 28112, 32623, 200.02, 72
2026/09/20 23:59:13.314, 100, 28112, 32623, 200.01, 73
2026/09/20 23:59:14.314, 100, 28112, 32623, 199.99, 72
2026/09/20 23:59:15.314, 100, 28112, 32623, 199.98, 73
2026/09/20 23:59:16.315, 100, 28112, 32623, 200.01, 73
2026/09/20 23:59:17.315, 100, 28112, 32623, 199.98, 73
2026/09/20 23:59:18.315, 100, 28112, 32623, 200.02, 73
2026/09/20 23:59:19.315, 100, 28112, 32623, 199.99, 72
2026/09/20 23:59:20.315, 100, 28112, 32623, 200.01, 73
2026/09/20 23:59:21.316, 100, 28112, 32623, 200.01, 74
2026/09/20 23:59:22.316, 100, 28112, 32623, 199.98, 73
2026/09/20 23:59:23.316, 100, 28112, 32623, 199.97, 73
2026/09/20 23:59:24.316, 100, 28112, 32623, 200.01, 73
2026/09/20 23:59:25.317, 97, 28112, 32623, 200.32, 73
2026/09/20 23:59:26.317, 100, 28112, 32623, 199.99, 73
2026/09/20 23:59:27.317, 100, 28112, 32623, 200.01, 72
2026/09/20 23:59:28.317, 100, 28112, 32623, 199.98, 73
2026/09/20 23:59:29.317, 100, 28112, 32623, 199.98, 73
2026/09/20 23:59:30.318, 100, 28112, 32623, 200.02, 73
2026/09/20 23:59:31.318, 100, 28112, 32623, 200.00, 73
2026/09/20 23:59:32.318, 100, 28112, 32623, 199.99, 74
2026/09/20 23:59:33.318, 100, 28112, 32623, 200.02, 74
2026/09/20 23:59:34.319, 99, 28112, 32623, 199.80, 74
2026/09/20 23:59:35.319, 100, 28112, 32623, 199.99, 73
2026/09/20 23:59:36.319, 100, 28112, 32623, 200.01, 74
2026/09/20 23:59:37.319, 100, 28112, 32623, 199.99, 73
2026/09/20 23:59:38.320, 100, 28112, 32623, 200.01, 74
2026/09/20 23:59:39.320, 100, 28112, 32623, 200.00, 74
2026/09/20 23:59:40.320, 100, 28112, 32623, 199.96, 74
2026/09/20 23:59:41.320, 99, 28112, 32623, 200.16, 74
2026/09/20 23:59:42.321, 100, 28112, 32623, 200.03, 74
2026/09/20 23:59:43.321, 100, 28112, 32623, 199.98, 74
2026/09/20 23:59:44.321, 100, 28112, 32623, 200.00, 73
2026/09/20 23:59:45.322, 100, 28112, 32623, 200.01, 74
2026/09/20 23:59:46.322, 100, 28112, 32623, 199.97, 75
2026/09/20 23:59:47.322, 100, 28112, 32623, 200.34, 75
2026/09/20 23:59:48.322, 100, 28112, 32623, 199.99, 73
2026/09/20 23:59:49.323, 100, 28112, 32623, 200.01, 73
2026/09/20 23:59:50.323, 100, 28112, 32623, 199.98, 74
2026/09/20 23:59:51.323, 100, 28112, 32623, 199.95, 73
2026/09/20 23:59:52.324, 100, 28112, 32623, 200.07, 73
2026/09/20 23:59:53.324, 100, 28112, 32623, 199.99, 74
2026/09/20 23:59:54.324, 100, 28112, 32623, 200.02, 73
2026/09/20 23:59:55.324, 100, 28112, 32623, 199.98, 75
2026/09/20 23:59:56.325, 100, 28112, 32623, 199.96, 74
2026/09/20 23:59:57.325, 100, 28112, 32623, 200.05, 74
2026/09/20 23:59:58.325, 100, 28112, 32623, 199.99, 74
2026/09/20 23:59:59.325, 100, 28112, 32623, 199.97, 73
2026/09/21 00:00:00.326, 100, 28112, 32623, 199.97, 75
2026/09/21 00:00:01.326, 99, 28112, 32623, 199.84, 75
2026/09/21 00:00:02.326, 100, 28112, 32623, 200.02, 75
2026/09/21 00:00:03.327, 100, 28112, 32623, 199.99, 74
2026/09/21 00:00:04.327, 100, 28112, 32623, 200.00, 73
2026/09/21 00:00:05.327, 99, 28112, 32623, 199.82, 74
2026/09/21 00:00:06.328, 100, 28112, 32623, 200.21, 74
2026/09/21 00:00:07.328, 100, 28373, 32623, 185.32, 73
2026/09/21 00:00:08.329, 100, 28112, 32623, 199.94, 74
2026/09/21 00:00:09.329, 100, 28112, 32623, 200.08, 74
2026/09/21 00:00:10.329, 100, 28112, 32623, 200.02, 75
2026/09/21 00:00:11.329, 100, 28112, 32623, 199.99, 75
2026/09/21 00:00:12.330, 7, 28112, 32623, 179.21, 66
2026/09/21 00:00:13.330, 76, 28112, 32623, 193.70, 72
2026/09/21 00:00:14.330, 100, 28112, 32623, 199.90, 74
2026/09/21 00:00:15.330, 100, 28112, 32623, 200.09, 73
2026/09/21 00:00:16.331, 100, 28112, 32623, 199.99, 74
2026/09/21 00:00:17.331, 100, 28112, 32623, 199.91, 72
2026/09/21 00:00:18.331, 100, 28112, 32623, 200.07, 73
2026/09/21 00:00:19.331, 100, 28112, 32623, 199.99, 74
2026/09/21 00:00:20.332, 100, 28112, 32623, 199.96, 73
2026/09/21 00:00:21.332, 100, 28112, 32623, 199.92, 72
2026/09/21 00:00:22.332, 92, 28112, 32623, 198.89, 72
2026/09/21 00:00:23.332, 92, 28112, 32623, 200.38, 74
2026/09/21 00:00:24.332, 92, 28112, 32623, 199.54, 74
2026/09/21 00:00:25.332, 92, 28112, 32623, 200.10, 73
2026/09/21 00:00:26.333, 92, 28112, 32623, 200.38, 74
2026/09/21 00:00:27.333, 92, 28112, 32623, 199.38, 73
2026/09/21 00:00:28.333, 91, 28112, 32623, 200.11, 73
2026/09/21 00:00:29.333, 90, 28112, 32623, 199.94, 74
2026/09/21 00:00:30.333, 91, 28112, 32623, 200.51, 74
2026/09/21 00:00:31.334, 87, 28112, 32623, 199.39, 72
2026/09/21 00:00:32.334, 0, 28112, 32623, 72.60, 62
2026/09/21 00:00:33.334, 0, 28112, 32623, 51.79, 60
2026/09/21 00:00:34.334, 0, 28112, 32623, 41.42, 58
2026/09/21 00:00:35.335, 0, 28112, 32623, 41.40, 57
2026/09/21 00:00:36.335, 100, 28112, 32623, 98.61, 67
2026/09/21 00:00:37.335, 100, 28112, 32623, 200.11, 69
2026/09/21 00:00:38.335, 100, 28112, 32623, 200.01, 70
2026/09/21 00:00:39.336, 100, 28112, 32623, 199.99, 71
2026/09/21 00:00:40.336, 100, 28112, 32623, 199.99, 71
2026/09/21 00:00:41.336, 100, 28112, 32623, 199.99, 71
2026/09/21 00:00:42.337, 100, 28112, 32623, 200.00, 71
2026/09/21 00:00:43.337, 100, 28112, 32623, 200.01, 71
2026/09/21 00:00:44.337, 100, 28112, 32623, 199.98, 72
2026/09/21 00:00:45.338, 100, 28112, 32623, 200.01, 72
2026/09/21 00:00:46.338, 100, 28112, 32623, 200.02, 71
2026/09/21 00:00:47.338, 100, 28112, 32623, 199.99, 71
2026/09/21 00:00:48.338, 100, 28112, 32623, 200.03, 71
2026/09/21 00:00:49.339, 100, 28112, 32623, 199.93, 72
2026/09/21 00:00:50.339, 100, 28112, 32623, 200.05, 72
2026/09/21 00:00:51.339, 97, 28112, 32623, 200.19, 72
2026/09/21 00:00:52.340, 99, 28112, 32623, 200.11, 72
2026/09/21 00:00:53.340, 100, 28112, 32623, 199.97, 72
2026/09/21 00:00:54.340, 100, 28112, 32623, 200.00, 72
2026/09/21 00:00:55.341, 100, 28112, 32623, 199.99, 73
2026/09/21 00:00:56.341, 100, 28112, 32623, 199.98, 72
2026/09/21 00:00:57.341, 100, 28112, 32623, 200.01, 73
2026/09/21 00:00:58.342, 100, 28112, 32623, 199.99, 71
2026/09/21 00:00:59.342, 100, 28112, 32623, 199.99, 72
2026/09/21 00:01:00.342, 100, 28112, 32623, 200.03, 73
2026/09/21 00:01:01.342, 100, 28112, 32623, 199.96, 72
2026/09/21 00:01:02.343, 97, 28112, 32623, 199.63, 72
2026/09/21 00:01:03.343, 100, 28112, 32623, 200.01, 73
2026/09/21 00:01:04.344, 100, 28112, 32623, 200.00, 73
2026/09/21 00:01:05.344, 100, 28112, 32623, 199.99, 72
2026/09/21 00:01:06.344, 100, 28112, 32623, 200.01, 74
2026/09/21 00:01:07.344, 100, 28112, 32623, 199.99, 73
2026/09/21 00:01:08.345, 100, 28112, 32623, 199.96, 73
2026/09/21 00:01:09.345, 98, 28112, 32623, 199.70, 73
2026/09/21 00:01:10.345, 100, 28112, 32623, 200.35, 73
2026/09/21 00:01:11.346, 100, 28112, 32623, 200.00, 74
2026/09/21 00:01:12.346, 100, 28112, 32623, 199.99, 73
2026/09/21 00:01:13.346, 100, 28112, 32623, 199.99, 72
2026/09/21 00:01:14.347, 100, 28112, 32623, 199.98, 73
2026/09/21 00:01:15.347, 98, 28112, 32623, 199.81, 74
2026/09/21 00:01:16.347, 100, 28112, 32623, 200.00, 73
2026/09/21 00:01:17.347, 100, 28112, 32623, 200.00, 73
2026/09/21 00:01:18.348, 100, 28112, 32623, 200.02, 74
2026/09/21 00:01:19.348, 100, 28112, 32623, 199.97, 74
2026/09/21 00:01:20.348, 100, 28112, 32623, 199.97, 75
2026/09/21 00:01:21.349, 100, 28112, 32623, 200.27, 75
2026/09/21 00:01:22.349, 100, 28112, 32623, 200.01, 73
2026/09/21 00:01:23.349, 100, 28112, 32623, 200.00, 73
2026/09/21 00:01:24.350, 100, 28112, 32623, 199.98, 75
2026/09/21 00:01:25.350, 100, 28112, 32623, 199.98, 73
2026/09/21 00:01:26.350, 100, 28112, 32623, 200.03, 73
2026/09/21 00:01:27.351, 100, 28112, 32623, 199.99, 73
2026/09/21 00:01:28.351, 100, 28112, 32623, 200.00, 74
2026/09/21 00:01:29.351, 100, 28112, 32623, 200.01, 72
2026/09/21 00:01:30.352, 99, 28112, 32623, 199.84, 74
2026/09/21 00:01:31.352, 100, 28112, 32623, 200.20, 73
2026/09/21 00:01:32.352, 100, 28112, 32623, 200.00, 73
2026/09/21 00:01:33.352, 100, 28112, 32623, 199.99, 73
2026/09/21 00:01:34.353, 97, 28112, 32623, 199.67, 73
2026/09/21 00:01:35.353, 100, 28112, 32623, 200.35, 74
2026/09/21 00:01:36.353, 100, 28112, 32623, 200.03, 75
2026/09/21 00:01:37.353, 100, 28112, 32623, 199.99, 74
2026/09/21 00:01:38.354, 98, 28112, 32623, 199.70, 73
2026/09/21 00:01:39.354, 100, 28112, 32623, 200.31, 75
2026/09/21 00:01:40.354, 100, 28112, 32623, 200.00, 73
2026/09/21 00:01:41.355, 90, 28112, 32623, 162.79, 73
2026/09/21 00:01:42.355, 100, 28112, 32623, 202.91, 74
2026/09/21 00:01:43.355, 100, 28112, 32623, 199.97, 73
2026/09/21 00:01:44.356, 100, 28112, 32623, 200.01, 73
2026/09/21 00:01:45.356, 98, 28112, 32623, 199.83, 74
2026/09/21 00:01:46.356, 100, 28112, 32623, 200.21, 75
2026/09/21 00:01:47.357, 100, 28112, 32623, 188.66, 73
2026/09/21 00:01:48.357, 100, 28112, 32623, 200.03, 73
2026/09/21 00:01:49.357, 100, 28112, 32623, 200.01, 73
2026/09/21 00:01:50.358, 100, 28112, 32623, 199.99, 74
2026/09/21 00:01:51.358, 100, 28112, 32623, 199.99, 71
2026/09/21 00:01:52.358, 90, 28112, 32623, 198.41, 72
2026/09/21 00:01:53.358, 91, 28112, 32623, 200.25, 73
2026/09/21 00:01:54.359, 92, 28112, 32623, 200.42, 73
2026/09/21 00:01:55.359, 89, 28112, 32623, 200.34, 73
2026/09/21 00:01:56.359, 92, 28112, 32623, 199.33, 71
2026/09/21 00:01:57.359, 91, 28112, 32623, 200.39, 73
2026/09/21 00:01:58.359, 92, 28112, 32623, 200.38, 73
2026/09/21 00:01:59.360, 92, 28112, 32623, 199.30, 72
2026/09/21 00:02:00.360, 89, 28112, 32623, 199.86, 73
2026/09/21 00:02:01.360, 92, 28112, 32623, 200.49, 73
2026/09/21 00:02:02.360, 100, 28112, 32623, 146.91, 71
2026/09/21 00:02:03.361, 100, 28112, 32623, 200.27, 72
2026/09/21 00:02:04.361, 100, 28112, 32623, 196.57, 73
2026/09/21 00:02:05.361, 100, 28112, 32623, 200.55, 73
2026/09/21 00:02:06.361, 100, 28112, 32623, 199.98, 72
2026/09/21 00:02:07.362, 100, 28112, 32623, 196.13, 73
2026/09/21 00:02:08.362, 100, 28112, 32623, 201.14, 72
2026/09/21 00:02:09.362, 100, 28112, 32623, 200.00, 73
2026/09/21 00:02:10.362, 100, 28112, 32623, 200.04, 72
2026/09/21 00:02:11.362, 100, 28112, 32623, 199.98, 73
2026/09/21 00:02:12.363, 97, 28112, 32623, 200.22, 73
2026/09/21 00:02:13.363, 97, 28112, 32623, 199.47, 73
2026/09/21 00:02:14.363, 100, 28112, 32623, 200.01, 73
2026/09/21 00:02:15.363, 100, 28112, 32623, 200.07, 73
2026/09/21 00:02:16.364, 100, 28112, 32623, 199.98, 73
2026/09/21 00:02:17.364, 100, 28112, 32623, 200.00, 74
2026/09/21 00:02:18.364, 100, 28112, 32623, 199.98, 73
2026/09/21 00:02:19.364, 100, 28112, 32623, 200.00, 73
2026/09/21 00:02:20.365, 100, 28112, 32623, 199.97, 73
2026/09/21 00:02:21.365, 100, 28112, 32623, 200.00, 73
2026/09/21 00:02:22.365, 100, 28112, 32623, 200.00, 73
2026/09/21 00:02:23.366, 100, 28112, 32623, 200.00, 73
2026/09/21 00:02:24.366, 100, 28112, 32623, 199.99, 74
2026/09/21 00:02:25.366, 100, 28112, 32623, 200.02, 74
2026/09/21 00:02:26.367, 98, 28112, 32623, 200.12, 72
2026/09/21 00:02:27.367, 100, 28112, 32623, 199.99, 73
2026/09/21 00:02:28.367, 100, 28112, 32623, 199.98, 74
2026/09/21 00:02:29.367, 100, 28112, 32623, 200.00, 73
2026/09/21 00:02:30.368, 100, 28112, 32623, 199.98, 72
2026/09/21 00:02:31.368, 100, 28112, 32623, 200.03, 74
2026/09/21 00:02:32.368, 100, 28112, 32623, 200.02, 74
2026/09/21 00:02:33.368, 100, 28112, 32623, 199.94, 73
2026/09/21 00:02:34.369, 100, 28112, 32623, 200.20, 73
2026/09/21 00:02:35.369, 100, 28112, 32623, 200.04, 74
2026/09/21 00:02:36.370, 100, 28112, 32623, 200.00, 73
2026/09/21 00:02:37.370, 100, 28112, 32623, 199.98, 73
2026/09/21 00:02:38.370, 100, 28112, 32623, 199.99, 73
2026/09/21 00:02:39.370, 100, 28112, 32623, 199.92, 73
2026/09/21 00:02:40.371, 99, 28112, 32623, 199.89, 74
2026/09/21 00:02:41.371, 100, 28112, 32623, 200.19, 73
2026/09/21 00:02:42.371, 100, 28112, 32623, 199.99, 73
2026/09/21 00:02:43.371, 100, 28112, 32623, 199.99, 73
2026/09/21 00:02:44.372, 100, 28112, 32623, 200.01, 73
2026/09/21 00:02:45.372, 98, 28112, 32623, 199.91, 75
2026/09/21 00:02:46.372, 100, 28112, 32623, 200.18, 73
2026/09/21 00:02:47.373, 100, 28112, 32623, 199.98, 73
2026/09/21 00:02:48.373, 100, 28112, 32623, 200.00, 74
2026/09/21 00:02:49.373, 100, 28112, 32623, 199.99, 74
2026/09/21 00:02:50.373, 98, 28112, 32623, 199.90, 75
2026/09/21 00:02:51.374, 100, 28112, 32623, 200.11, 74
2026/09/21 00:02:52.374, 100, 28112, 32623, 200.00, 74
2026/09/21 00:02:53.374, 100, 28112, 32623, 200.01, 74
2026/09/21 00:02:54.375, 100, 28112, 32623, 200.00, 74
2026/09/21 00:02:55.375, 99, 28112, 32623, 199.98, 75
2026/09/21 00:02:56.375, 100, 28112, 32623, 200.01, 74
2026/09/21 00:02:57.375, 100, 28112, 32623, 199.99, 74
2026/09/21 00:02:58.376, 100, 28112, 32623, 199.99, 74
2026/09/21 00:02:59.376, 98, 28112, 32623, 199.88, 75
2026/09/21 00:03:00.376, 100, 28112, 32623, 200.18, 73
2026/09/21 00:03:01.376, 100, 28112, 32623, 200.03, 73
2026/09/21 00:03:02.377, 100, 28112, 32623, 199.99, 73
2026/09/21 00:03:03.377, 14, 28112, 32623, 179.72, 66
2026/09/21 00:03:04.377, 100, 28112, 32623, 192.17, 74
2026/09/21 00:03:05.378, 100, 28112, 32623, 199.98, 73
2026/09/21 00:03:06.378, 100, 28112, 32623, 200.01, 73
2026/09/21 00:03:07.378, 100, 28112, 32623, 200.02, 73
2026/09/21 00:03:08.378, 100, 28112, 32623, 199.99, 73
2026/09/21 00:03:09.379, 100, 28112, 32623, 175.63, 73
2026/09/21 00:03:10.379, 100, 28112, 32623, 200.06, 74
2026/09/21 00:03:11.379, 100, 28112, 32623, 200.01, 75
2026/09/21 00:03:12.379, 100, 28112, 32623, 199.95, 73
2026/09/21 00:03:13.380, 100, 28112, 32623, 200.04, 75
2026/09/21 00:03:14.380, 100, 28112, 32623, 199.98, 73
2026/09/21 00:03:15.380, 100, 28112, 32623, 199.96, 73
2026/09/21 00:03:16.381, 99, 28112, 32623, 199.94, 73
2026/09/21 00:03:17.381, 100, 28112, 32623, 199.98, 74
2026/09/21 00:03:18.381, 92, 28112, 32623, 199.09, 73
2026/09/21 00:03:19.381, 89, 28112, 32623, 200.24, 74
2026/09/21 00:03:20.381, 92, 28112, 32623, 199.35, 73
2026/09/21 00:03:21.382, 92, 28112, 32623, 200.40, 74
2026/09/21 00:03:22.382, 90, 28112, 32623, 199.28, 74
2026/09/21 00:03:23.382, 92, 28112, 32623, 200.44, 73
2026/09/21 00:03:24.383, 92, 28112, 32623, 200.41, 74
2026/09/21 00:03:25.383, 92, 28112, 32623, 199.43, 74
2026/09/21 00:03:26.383, 92, 28112, 32623, 200.30, 73
2026/09/21 00:03:27.383, 92, 28112, 32623, 200.27, 74
2026/09/21 00:03:28.383, 0, 28112, 32623, 138.07, 63
2026/09/21 00:03:29.384, 97, 28112, 32623, 201.38, 72
2026/09/21 00:03:30.384, 71, 28112, 32623, 197.35, 69
2026/09/21 00:03:31.384, 100, 28112, 32623, 196.73, 72
2026/09/21 00:03:32.384, 100, 28112, 32623, 200.01, 73
2026/09/21 00:03:33.384, 100, 28112, 32623, 200.02, 73
2026/09/21 00:03:34.385, 100, 28112, 32623, 197.16, 73
2026/09/21 00:03:35.385, 100, 28112, 32623, 199.98, 73
2026/09/21 00:03:36.385, 100, 28112, 32623, 199.98, 73
2026/09/21 00:03:37.386, 100, 28112, 32623, 199.98, 73
2026/09/21 00:03:38.386, 100, 28112, 32623, 199.97, 74
2026/09/21 00:03:39.386, 100, 28112, 32623, 200.01, 74
2026/09/21 00:03:40.387, 100, 28112, 32623, 200.01, 73
2026/09/21 00:03:41.387, 100, 28112, 32623, 199.98, 73
2026/09/21 00:03:42.387, 100, 28112, 32623, 199.97, 74
2026/09/21 00:03:43.387, 100, 28112, 32623, 200.00, 73
2026/09/21 00:03:44.388, 100, 28112, 32623, 200.01, 73
2026/09/21 00:03:45.388, 100, 28112, 32623, 200.00, 73
2026/09/21 00:03:46.388, 100, 28112, 32623, 199.99, 73
2026/09/21 00:03:47.388, 100, 28112, 32623, 199.94, 73
2026/09/21 00:03:48.389, 100, 28112, 32623, 200.01, 74
2026/09/21 00:03:49.389, 97, 28112, 32623, 199.97, 73
2026/09/21 00:03:50.389, 99, 28112, 32623, 200.09, 74
2026/09/21 00:03:51.390, 100, 28112, 32623, 200.26, 74
2026/09/21 00:03:52.390, 100, 28112, 32623, 199.98, 74
2026/09/21 00:03:53.390, 100, 28112, 32623, 199.99, 74
2026/09/21 00:03:54.390, 100, 28112, 32623, 199.98, 73
2026/09/21 00:03:55.391, 100, 28112, 32623, 199.98, 73
2026/09/21 00:03:56.391, 100, 28112, 32623, 200.03, 74
2026/09/21 00:03:57.391, 100, 28112, 32623, 200.03, 73
2026/09/21 00:03:58.392, 99, 28112, 32623, 199.93, 74
2026/09/21 00:03:59.392, 100, 28112, 32623, 200.09, 73
2026/09/21 00:04:00.392, 100, 28112, 32623, 200.00, 73
2026/09/21 00:04:01.392, 100, 28112, 32623, 200.00, 74
2026/09/21 00:04:02.393, 100, 28112, 32623, 200.00, 73
2026/09/21 00:04:03.393, 100, 28112, 32623, 199.97, 74
2026/09/21 00:04:04.393, 100, 28112, 32623, 200.02, 73
2026/09/21 00:04:05.393, 100, 28112, 32623, 200.02, 74
2026/09/21 00:04:06.394, 100, 28112, 32623, 200.01, 75
2026/09/21 00:04:07.394, 100, 28112, 32623, 200.01, 74
2026/09/21 00:04:08.394, 100, 28112, 32623, 200.00, 73
2026/09/21 00:04:09.394, 100, 28112, 32623, 199.99, 74
2026/09/21 00:04:10.395, 97, 28112, 32623, 199.57, 74
2026/09/21 00:04:11.395, 100, 28112, 32623, 200.44, 73
2026/09/21 00:04:12.395, 100, 28112, 32623, 200.00, 74
2026/09/21 00:04:13.395, 100, 28112, 32623, 199.99, 73
2026/09/21 00:04:14.396, 100, 28112, 32623, 199.99, 74
2026/09/21 00:04:15.396, 97, 28112, 32623, 199.72, 73
2026/09/21 00:04:16.396, 100, 28112, 32623, 200.36, 73
2026/09/21 00:04:17.396, 100, 28112, 32623, 199.99, 75
2026/09/21 00:04:18.397, 100, 28112, 32623, 199.99, 74
2026/09/21 00:04:19.397, 100, 28112, 32623, 199.98, 74
2026/09/21 00:04:20.397, 100, 28112, 32623, 200.03, 74
2026/09/21 00:04:21.398, 100, 28112, 32623, 200.02, 75
2026/09/21 00:04:22.398, 100, 28112, 32623, 200.01, 74
2026/09/21 00:04:23.398, 100, 28112, 32623, 199.96, 73
2026/09/21 00:04:24.398, 100, 28112, 32623, 199.98, 74
2026/09/21 00:04:25.399, 100, 28112, 32623, 200.30, 74
2026/09/21 00:04:26.399, 100, 28112, 32623, 199.99, 74
2026/09/21 00:04:27.399, 100, 28112, 32623, 200.00, 74
2026/09/21 00:04:28.400, 100, 28112, 32623, 199.99, 74
2026/09/21 00:04:29.400, 100, 28112, 32623, 200.51, 75
2026/09/21 00:04:30.400, 100, 28112, 32623, 186.67, 74
2026/09/21 00:04:31.400, 100, 28112, 32623, 199.99, 75
2026/09/21 00:04:32.401, 100, 28112, 32623, 200.06, 75
2026/09/21 00:04:33.401, 100, 28112, 32623, 200.00, 73
2026/09/21 00:04:34.401, 100, 28112, 32623, 200.00, 74
2026/09/21 00:04:35.401, 85, 28112, 32623, 171.47, 73
2026/09/21 00:04:36.402, 100, 28112, 32623, 201.40, 75
2026/09/21 00:04:37.402, 100, 28112, 32623, 201.26, 75
2026/09/21 00:04:38.402, 100, 28112, 32623, 200.13, 75
2026/09/21 00:04:39.402, 100, 28112, 32623, 200.00, 74
2026/09/21 00:04:40.403, 100, 28112, 32623, 199.98, 72
2026/09/21 00:04:41.403, 82, 28112, 32623, 196.74, 74
2026/09/21 00:04:42.403, 100, 28112, 32623, 203.28, 74
2026/09/21 00:04:43.404, 100, 28112, 32623, 199.97, 73
2026/09/21 00:04:44.404, 100, 28112, 32623, 199.93, 73
2026/09/21 00:04:45.404, 92, 28112, 32623, 199.09, 73
2026/09/21 00:04:46.404, 92, 28112, 32623, 200.37, 73
2026/09/21 00:04:47.404, 92, 28112, 32623, 199.51, 74
2026/09/21 00:04:48.404, 91, 28112, 32623, 199.87, 72
2026/09/21 00:04:49.405, 92, 28112, 32623, 200.62, 74
2026/09/21 00:04:50.405, 91, 28112, 32623, 199.64, 74
2026/09/21 00:04:51.405, 92, 28112, 32623, 200.04, 73
2026/09/21 00:04:52.405, 92, 28112, 32623, 200.34, 73
2026/09/21 00:04:53.405, 89, 28112, 32623, 200.25, 74
2026/09/21 00:04:54.406, 0, 28112, 32623, 184.26, 65
2026/09/21 00:04:55.406, 100, 28112, 32623, 148.64, 72
2026/09/21 00:04:56.406, 100, 28112, 32623, 200.00, 72
2026/09/21 00:04:57.407, 100, 28112, 32623, 197.28, 73
2026/09/21 00:04:58.407, 100, 28112, 32623, 199.99, 73
2026/09/21 00:04:59.407, 100, 28112, 32623, 200.00, 72
2026/09/21 00:05:00.407, 100, 28112, 32623, 196.69, 73
2026/09/21 00:05:01.408, 100, 28112, 32623, 199.99, 73
2026/09/21 00:05:02.408, 100, 28112, 32623, 200.00, 72
2026/09/21 00:05:03.408, 100, 28112, 32623, 200.00, 73
2026/09/21 00:05:04.409, 100, 28112, 32623, 200.00, 73
2026/09/21 00:05:05.409, 100, 28112, 32623, 200.00, 73
2026/09/21 00:05:06.409, 100, 28112, 32623, 199.97, 73
2026/09/21 00:05:07.409, 100, 28112, 32623, 200.01, 73
2026/09/21 00:05:08.410, 100, 28112, 32623, 199.99, 74
2026/09/21 00:05:09.410, 100, 28112, 32623, 200.00, 73
2026/09/21 00:05:10.410, 100, 28112, 32623, 199.93, 73
2026/09/21 00:05:11.411, 100, 28112, 32623, 200.06, 73
2026/09/21 00:05:12.411, 97, 28112, 32623, 199.87, 73
2026/09/21 00:05:13.411, 100, 28112, 32623, 200.13, 73
2026/09/21 00:05:14.411, 100, 28112, 32623, 200.00, 73
2026/09/21 00:05:15.412, 100, 28112, 32623, 200.00, 74
2026/09/21 00:05:16.412, 100, 28112, 32623, 200.01, 73
2026/09/21 00:05:17.412, 100, 28112, 32623, 199.98, 73
2026/09/21 00:05:18.412, 100, 28112, 32623, 200.01, 74
2026/09/21 00:05:19.413, 100, 28112, 32623, 199.99, 73
2026/09/21 00:05:20.413, 100, 28112, 32623, 199.96, 73
2026/09/21 00:05:21.413, 100, 28112, 32623, 199.99, 74
2026/09/21 00:05:22.413, 97, 28112, 32623, 199.46, 73
2026/09/21 00:05:23.413, 100, 28112, 32623, 200.59, 74
2026/09/21 00:05:24.414, 100, 28112, 32623, 199.98, 73
2026/09/21 00:05:25.414, 100, 28112, 32623, 200.00, 74
2026/09/21 00:05:26.414, 100, 28112, 32623, 200.01, 75
2026/09/21 00:05:27.414, 100, 28112, 32623, 199.98, 74
2026/09/21 00:05:28.415, 100, 28112, 32623, 199.98, 73
2026/09/21 00:05:29.415, 99, 28112, 32623, 200.26, 74
2026/09/21 00:05:30.415, 100, 28112, 32623, 199.99, 73
2026/09/21 00:05:31.415, 100, 28112, 32623, 200.01, 74
2026/09/21 00:05:32.416, 100, 28112, 32623, 200.01, 74
2026/09/21 00:05:33.416, 100, 28112, 32623, 199.99, 73
2026/09/21 00:05:34.416, 100, 28112, 32623, 199.99, 74
2026/09/21 00:05:35.417, 99, 28112, 32623, 199.99, 74
2026/09/21 00:05:36.417, 100, 28112, 32623, 200.25, 74
2026/09/21 00:05:37.417, 100, 28112, 32623, 200.00, 74
2026/09/21 00:05:38.417, 100, 28112, 32623, 199.99, 73
2026/09/21 00:05:39.418, 100, 28112, 32623, 199.96, 73
2026/09/21 00:05:40.418, 97, 28112, 32623, 199.72, 74
2026/09/21 00:05:41.418, 100, 28112, 32623, 200.35, 74
2026/09/21 00:05:42.419, 100, 28112, 32623, 199.97, 75
2026/09/21 00:05:43.419, 100, 28112, 32623, 199.99, 74
2026/09/21 00:05:44.419, 100, 28112, 32623, 199.95, 74
2026/09/21 00:05:45.420, 99, 28112, 32623, 199.84, 75
2026/09/21 00:05:46.420, 100, 28112, 32623, 200.24, 74
2026/09/21 00:05:47.420, 100, 28112, 32623, 200.00, 74
2026/09/21 00:05:48.421, 100, 28112, 32623, 200.00, 73
2026/09/21 00:05:49.421, 97, 28112, 32623, 199.79, 74
2026/09/21 00:05:50.421, 100, 28112, 32623, 199.99, 74
2026/09/21 00:05:51.421, 100, 28112, 32623, 200.01, 74
2026/09/21 00:05:52.422, 100, 28112, 32623, 200.00, 75
2026/09/21 00:05:53.422, 100, 28112, 32623, 199.99, 74
2026/09/21 00:05:54.423, 100, 28112, 32623, 200.02, 73
2026/09/21 00:05:55.423, 100, 28112, 32623, 200.02, 73
2026/09/21 00:05:56.423, 100, 28112, 32623, 183.72, 74
2026/09/21 00:05:57.424, 97, 28112, 32623, 199.68, 74
2026/09/21 00:05:58.424, 100, 28112, 32623, 200.55, 74
2026/09/21 00:05:59.424, 100, 28112, 32623, 199.98, 74
2026/09/21 00:06:00.425, 100, 28112, 32623, 199.99, 75
2026/09/21 00:06:01.425, 99, 28112, 32623, 199.83, 67
2026/09/21 00:06:02.425, 100, 28112, 32623, 177.08, 74
2026/09/21 00:06:03.425, 100, 28112, 32623, 200.01, 73
2026/09/21 00:06:04.426, 100, 28112, 32623, 200.00, 72
2026/09/21 00:06:05.426, 100, 28112, 32623, 199.99, 73
2026/09/21 00:06:06.426, 100, 28112, 32623, 199.58, 72
2026/09/21 00:06:07.427, 100, 28112, 32623, 200.48, 73
2026/09/21 00:06:08.427, 100, 28112, 32623, 199.98, 73
2026/09/21 00:06:09.427, 100, 28112, 32623, 199.95, 73
2026/09/21 00:06:10.427, 79, 28112, 32623, 198.08, 73
2026/09/21 00:06:11.428, 92, 28112, 32623, 198.78, 72
2026/09/21 00:06:12.428, 92, 28112, 32623, 200.40, 74
2026/09/21 00:06:13.428, 91, 28112, 32623, 199.67, 74
2026/09/21 00:06:14.428, 92, 28112, 32623, 200.04, 73
2026/09/21 00:06:15.429, 92, 28112, 32623, 200.35, 73
2026/09/21 00:06:16.429, 91, 28112, 32623, 199.32, 72
2026/09/21 00:06:17.429, 92, 28112, 32623, 200.39, 73
2026/09/21 00:06:18.429, 92, 28112, 32623, 200.36, 73
2026/09/21 00:06:19.430, 91, 28112, 32623, 199.25, 74
2026/09/21 00:06:20.430, 92, 28112, 32623, 200.04, 72
2026/09/21 00:06:21.430, 100, 28112, 32623, 151.62, 72
2026/09/21 00:06:22.430, 100, 28112, 32623, 200.02, 73
2026/09/21 00:06:23.431, 100, 28112, 32623, 195.71, 73
2026/09/21 00:06:24.431, 100, 28112, 32623, 199.99, 72
2026/09/21 00:06:25.431, 100, 28112, 32623, 199.98, 72
2026/09/21 00:06:26.431, 100, 28112, 32623, 197.39, 73
2026/09/21 00:06:27.432, 100, 28112, 32623, 200.10, 73
2026/09/21 00:06:28.432, 100, 28112, 32623, 200.01, 73
2026/09/21 00:06:29.432, 100, 28112, 32623, 199.98, 73
2026/09/21 00:06:30.433, 100, 28112, 32623, 200.00, 72
2026/09/21 00:06:31.433, 100, 28112, 32623, 200.00, 72
2026/09/21 00:06:32.433, 100, 28112, 32623, 199.99, 73
2026/09/21 00:06:33.433, 100, 28112, 32623, 199.96, 72
2026/09/21 00:06:34.434, 99, 28112, 32623, 199.94, 73
2026/09/21 00:06:35.434, 98, 28112, 32623, 200.01, 73
2026/09/21 00:06:36.434, 100, 28112, 32623, 199.46, 74
2026/09/21 00:06:37.435, 100, 28112, 32623, 200.02, 73
2026/09/21 00:06:38.435, 100, 28112, 32623, 199.98, 73
2026/09/21 00:06:39.435, 100, 28112, 32623, 199.99, 73
2026/09/21 00:06:40.435, 100, 28112, 32623, 200.02, 73
2026/09/21 00:06:41.436, 100, 28112, 32623, 199.98, 73
2026/09/21 00:06:42.436, 100, 28112, 32623, 200.00, 73
2026/09/21 00:06:43.436, 100, 28112, 32623, 199.99, 73
2026/09/21 00:06:44.437, 100, 28112, 32623, 199.98, 74
2026/09/21 00:06:45.437, 100, 28112, 32623, 199.95, 74
2026/09/21 00:06:46.437, 99, 28112, 32623, 199.92, 74
2026/09/21 00:06:47.437, 100, 28112, 32623, 199.87, 72
2026/09/21 00:06:48.437, 100, 28112, 32623, 199.99, 73
2026/09/21 00:06:49.438, 100, 28112, 32623, 200.00, 73
2026/09/21 00:06:50.438, 100, 28112, 32623, 200.00, 73
2026/09/21 00:06:51.438, 100, 28112, 32623, 200.00, 73
2026/09/21 00:06:52.439, 100, 28112, 32623, 200.01, 73
2026/09/21 00:06:53.439, 98, 28112, 32623, 199.94, 73
2026/09/21 00:06:54.439, 100, 28112, 32623, 200.16, 75
2026/09/21 00:06:55.439, 100, 28112, 32623, 199.99, 73
2026/09/21 00:06:56.440, 100, 28112, 32623, 200.01, 73
2026/09/21 00:06:57.440, 100, 28112, 32623, 200.00, 73
2026/09/21 00:06:58.440, 100, 28112, 32623, 200.01, 73
2026/09/21 00:06:59.441, 98, 28112, 32623, 199.94, 73
2026/09/21 00:07:00.441, 100, 28112, 32623, 199.85, 74
2026/09/21 00:07:01.441, 100, 28112, 32623, 200.21, 73
2026/09/21 00:07:02.441, 100, 28112, 32623, 199.94, 73
2026/09/21 00:07:03.441, 100, 28112, 32623, 199.95, 73
2026/09/21 00:07:04.442, 100, 28112, 32623, 200.00, 75
2026/09/21 00:07:05.442, 99, 28112, 32623, 199.87, 75
2026/09/21 00:07:06.442, 100, 28112, 32623, 200.01, 73
2026/09/21 00:07:07.442, 100, 28112, 32623, 199.97, 75
2026/09/21 00:07:08.443, 100, 28112, 32623, 199.99, 73
2026/09/21 00:07:09.443, 100, 28112, 32623, 199.98, 74
2026/09/21 00:07:10.443, 100, 28112, 32623, 199.73, 74
2026/09/21 00:07:11.443, 100, 28112, 32623, 200.32, 74
2026/09/21 00:07:12.444, 100, 28112, 32623, 200.03, 74
2026/09/21 00:07:13.444, 100, 28112, 32623, 200.00, 74
2026/09/21 00:07:14.444, 98, 28112, 32623, 199.93, 74
2026/09/21 00:07:15.445, 100, 28112, 32623, 200.05, 73
2026/09/21 00:07:16.445, 100, 28112, 32623, 199.97, 74
2026/09/21 00:07:17.445, 100, 28112, 32623, 200.03, 75
2026/09/21 00:07:18.445, 100, 28112, 32623, 200.00, 75
2026/09/21 00:07:19.446, 99, 28112, 32623, 199.84, 75
2026/09/21 00:07:20.446, 100, 28112, 32623, 200.23, 74
2026/09/21 00:07:21.446, 100, 28112, 32623, 199.99, 74
2026/09/21 00:07:22.446, 100, 28112, 32623, 184.84, 75
2026/09/21 00:07:23.446, 100, 28112, 32623, 200.39, 75
2026/09/21 00:07:24.447, 100, 28112, 32623, 200.01, 73
2026/09/21 00:07:25.447, 100, 28112, 32623, 200.00, 74
2026/09/21 00:07:26.447, 100, 28112, 32623, 199.96, 74
2026/09/21 00:07:27.447, 100, 28112, 32623, 200.04, 73
2026/09/21 00:07:28.447, 100, 28112, 32623, 177.16, 74
2026/09/21 00:07:29.448, 100, 28112, 32623, 200.02, 73
2026/09/21 00:07:30.448, 100, 28112, 32623, 199.98, 74
2026/09/21 00:07:31.448, 100, 28112, 32623, 200.00, 73
2026/09/21 00:07:32.449, 85, 28112, 32623, 198.22, 73
2026/09/21 00:07:33.449, 100, 28112, 32623, 201.78, 75
2026/09/21 00:07:34.449, 100, 28112, 32623, 200.02, 75
2026/09/21 00:07:35.449, 100, 28112, 32623, 199.61, 72
2026/09/21 00:07:36.450, 100, 28112, 32623, 201.12, 73
2026/09/21 00:07:37.450, 90, 28112, 32623, 199.18, 73
2026/09/21 00:07:38.450, 92, 28112, 32623, 199.55, 73
2026/09/21 00:07:39.450, 92, 28112, 32623, 200.37, 74
2026/09/21 00:07:40.451, 91, 28112, 32623, 199.43, 73
2026/09/21 00:07:41.451, 91, 28112, 32623, 199.99, 73
2026/09/21 00:07:42.451, 92, 28112, 32623, 200.52, 73
2026/09/21 00:07:43.451, 92, 28112, 32623, 199.40, 71
2026/09/21 00:07:44.452, 92, 28112, 32623, 200.32, 73
2026/09/21 00:07:45.452, 92, 28112, 32623, 200.37, 74
2026/09/21 00:07:46.452, 92, 28112, 32623, 199.20, 72
2026/09/21 00:07:47.452, 100, 28112, 32623, 150.89, 71
2026/09/21 00:07:48.453, 100, 28112, 32623, 200.60, 73
2026/09/21 00:07:49.453, 100, 28112, 32623, 199.98, 73
2026/09/21 00:07:50.453, 100, 28112, 32623, 199.98, 73
2026/09/21 00:07:51.453, 100, 28112, 32623, 199.96, 73
2026/09/21 00:07:52.454, 100, 28112, 32623, 200.01, 73
2026/09/21 00:07:53.454, 99, 28112, 32623, 200.30, 73
2026/09/21 00:07:54.454, 100, 28112, 32623, 200.24, 74
2026/09/21 00:07:55.455, 100, 28112, 32623, 199.98, 73
2026/09/21 00:07:56.455, 100, 28112, 32623, 199.99, 74
2026/09/21 00:07:57.455, 100, 28112, 32623, 200.01, 73
2026/09/21 00:07:58.455, 100, 28112, 32623, 199.94, 74
2026/09/21 00:07:59.456, 99, 28112, 32623, 199.80, 74
2026/09/21 00:08:00.458, 100, 28112, 32623, 200.25, 73
2026/09/21 00:08:01.459, 100, 28112, 32623, 199.98, 73
2026/09/21 00:08:02.459, 100, 28112, 32623, 199.97, 74
2026/09/21 00:08:03.459, 49, 28112, 32623, 193.25, 68
2026/09/21 00:08:04.459, 100, 28112, 32623, 194.36, 73
2026/09/21 00:08:05.459, 100, 28112, 32623, 192.98, 73
2026/09/21 00:08:06.460, 0, 28112, 32623, 165.43, 66
2026/09/21 00:08:07.460, 99, 28112, 32623, 105.60, 70
2026/09/21 00:08:08.460, 91, 28112, 32623, 199.71, 73
2026/09/21 00:08:09.460, 92, 28112, 32623, 199.29, 73
2026/09/21 00:08:10.460, 90, 28112, 32623, 199.53, 74
2026/09/21 00:08:11.461, 91, 28112, 32623, 200.31, 73
2026/09/21 00:08:12.461, 86, 28112, 32623, 200.39, 74
2026/09/21 00:08:13.461, 91, 28112, 32623, 199.41, 73
2026/09/21 00:08:14.461, 91, 28112, 32623, 200.66, 74
2026/09/21 00:08:15.461, 91, 28112, 32623, 199.18, 73
2026/09/21 00:08:16.462, 91, 28112, 32623, 200.51, 74
2026/09/21 00:08:17.462, 90, 28112, 32623, 199.09, 71
2026/09/21 00:08:18.462, 0, 28112, 32623, 152.55, 64
2026/09/21 00:08:19.462, 48, 28112, 32623, 158.93, 70
2026/09/21 00:08:20.463, 91, 28112, 32623, 192.90, 71
2026/09/21 00:08:21.463, 91, 28112, 32623, 200.48, 73
2026/09/21 00:08:22.463, 91, 28112, 32623, 199.34, 72
2026/09/21 00:08:23.463, 91, 28112, 32623, 200.62, 73
2026/09/21 00:08:24.464, 92, 28112, 32623, 199.53, 72
2026/09/21 00:08:25.464, 92, 28112, 32623, 200.67, 74
2026/09/21 00:08:26.464, 92, 28112, 32623, 199.68, 74
2026/09/21 00:08:27.464, 91, 28112, 32623, 199.79, 74
2026/09/21 00:08:28.464, 92, 28112, 32623, 199.78, 74
2026/09/21 00:08:29.465, 92, 28112, 32623, 199.41, 72
2026/09/21 00:08:30.465, 89, 28112, 32623, 133.51, 70
2026/09/21 00:08:31.465, 84, 28112, 32623, 193.02, 72
2026/09/21 00:08:32.465, 92, 28112, 32623, 191.62, 73
2026/09/21 00:08:33.466, 92, 28112, 32623, 199.53, 72
2026/09/21 00:08:34.466, 92, 28112, 32623, 200.70, 74
2026/09/21 00:08:35.466, 92, 28112, 32623, 199.57, 73
2026/09/21 00:08:36.466, 91, 28112, 32623, 199.81, 74
2026/09/21 00:08:37.466, 92, 28112, 32623, 200.52, 74
2026/09/21 00:08:38.467, 92, 28112, 32623, 199.51, 72
2026/09/21 00:08:39.467, 93, 28112, 32623, 200.57, 74
2026/09/21 00:08:40.467, 92, 28112, 32623, 199.67, 74
2026/09/21 00:08:41.467, 89, 28112, 32623, 199.91, 73
2026/09/21 00:08:42.467, 100, 28112, 32623, 131.32, 71
2026/09/21 00:08:43.468, 98, 28112, 32623, 182.70, 72
2026/09/21 00:08:44.468, 92, 28112, 32623, 199.40, 73
2026/09/21 00:08:45.468, 92, 28112, 32623, 199.65, 73
2026/09/21 00:08:46.468, 89, 28112, 32623, 200.01, 74
2026/09/21 00:08:47.468, 92, 28112, 32623, 199.50, 74
2026/09/21 00:08:48.469, 92, 28112, 32623, 199.65, 72
2026/09/21 00:08:49.469, 92, 28112, 32623, 200.58, 74
2026/09/21 00:08:50.469, 92, 28112, 32623, 199.60, 73
2026/09/21 00:08:51.469, 89, 28112, 32623, 200.08, 74
2026/09/21 00:08:52.470, 92, 28112, 32623, 199.59, 74
2026/09/21 00:08:53.470, 0, 28112, 32623, 146.49, 63
2026/09/21 00:08:54.470, 100, 28112, 32623, 164.47, 71
2026/09/21 00:08:55.470, 92, 28112, 32623, 190.71, 72
2026/09/21 00:08:56.471, 92, 28112, 32623, 200.63, 73
2026/09/21 00:08:57.471, 92, 28112, 32623, 199.55, 73
2026/09/21 00:08:58.471, 92, 28112, 32623, 199.67, 72
2026/09/21 00:08:59.471, 92, 28112, 32623, 200.55, 74
2026/09/21 00:09:00.471, 92, 28112, 32623, 199.60, 72
2026/09/21 00:09:01.472, 92, 28112, 32623, 200.62, 74
2026/09/21 00:09:02.472, 92, 28112, 32623, 199.49, 73
2026/09/21 00:09:03.472, 90, 28112, 32623, 199.52, 74
2026/09/21 00:09:04.472, 92, 28112, 32623, 200.07, 73
2026/09/21 00:09:05.472, 100, 28112, 32623, 137.30, 71
2026/09/21 00:09:06.473, 100, 28112, 32623, 200.17, 72
2026/09/21 00:09:07.473, 100, 28112, 32623, 200.05, 72
2026/09/21 00:09:08.473, 100, 28112, 32623, 199.96, 73
2026/09/21 00:09:09.474, 100, 28112, 32623, 199.96, 73
2026/09/21 00:09:10.474, 100, 28112, 32623, 200.02, 73
2026/09/21 00:09:11.474, 99, 28112, 32623, 200.30, 73
2026/09/21 00:09:12.474, 100, 28112, 32623, 200.21, 73
2026/09/21 00:09:13.475, 100, 28112, 32623, 199.98, 73
2026/09/21 00:09:14.475, 100, 28112, 32623, 200.01, 73
2026/09/21 00:09:15.475, 100, 28112, 32623, 200.01, 73
2026/09/21 00:09:16.475, 100, 28112, 32623, 199.96, 74
2026/09/21 00:09:17.476, 99, 28112, 32623, 199.83, 74
2026/09/21 00:09:18.476, 100, 28112, 32623, 200.22, 74
2026/09/21 00:09:19.476, 100, 28112, 32623, 199.97, 73
2026/09/21 00:09:20.477, 100, 28112, 32623, 199.99, 73
2026/09/21 00:09:21.477, 53, 28112, 32623, 193.76, 69
2026/09/21 00:09:22.477, 100, 28112, 32623, 200.11, 73
2026/09/21 00:09:23.477, 100, 28112, 32623, 195.36, 74
2026/09/21 00:09:24.477, 0, 28112, 32623, 164.32, 64
2026/09/21 00:09:25.478, 56, 28112, 32623, 152.05, 68
2026/09/21 00:09:26.478, 92, 28112, 32623, 182.63, 72
2026/09/21 00:09:27.478, 92, 28112, 32623, 200.43, 73
2026/09/21 00:09:28.478, 92, 28112, 32623, 199.55, 73
2026/09/21 00:09:29.479, 91, 28112, 32623, 199.80, 74
2026/09/21 00:09:30.479, 91, 28112, 32623, 200.22, 73
2026/09/21 00:09:31.479, 92, 28112, 32623, 199.70, 72
2026/09/21 00:09:32.479, 92, 28112, 32623, 200.49, 74
2026/09/21 00:09:33.479, 92, 28112, 32623, 199.49, 72
2026/09/21 00:09:34.480, 92, 28112, 32623, 200.58, 74
2026/09/21 00:09:35.480, 92, 28112, 32623, 199.50, 73
2026/09/21 00:09:36.480, 14, 28112, 32623, 131.99, 63
2026/09/21 00:09:37.482, 100, 28112, 32623, 183.29, 72
2026/09/21 00:09:38.482, 92, 28112, 32623, 191.55, 73
2026/09/21 00:09:39.484, 92, 28112, 32623, 199.60, 73
2026/09/21 00:09:40.484, 88, 28112, 32623, 200.33, 74
2026/09/21 00:09:41.485, 92, 28112, 32623, 199.82, 73
2026/09/21 00:09:42.485, 92, 28112, 32623, 199.67, 73
2026/09/21 00:09:43.485, 92, 28112, 32623, 200.56, 74
2026/09/21 00:09:44.485, 92, 28112, 32623, 199.50, 73
2026/09/21 00:09:45.486, 92, 28112, 32623, 200.58, 74
2026/09/21 00:09:46.486, 92, 28112, 32623, 199.34, 73
2026/09/21 00:09:47.486, 92, 28112, 32623, 200.29, 74
2026/09/21 00:09:48.486, 99, 28112, 32623, 134.26, 71
2026/09/21 00:09:49.486, 100, 28112, 32623, 181.27, 71
2026/09/21 00:09:50.487, 92, 28112, 32623, 199.25, 72
2026/09/21 00:09:51.487, 92, 28112, 32623, 200.67, 74
2026/09/21 00:09:52.487, 92, 28112, 32623, 199.56, 73
2026/09/21 00:09:53.487, 91, 28112, 32623, 199.69, 74
2026/09/21 00:09:54.487, 92, 28112, 32623, 200.47, 74
2026/09/21 00:09:55.488, 92, 28112, 32623, 199.49, 73
2026/09/21 00:09:56.488, 92, 28112, 32623, 200.51, 74
2026/09/21 00:09:57.488, 91, 28112, 32623, 199.12, 73
2026/09/21 00:09:58.488, 91, 28112, 32623, 200.62, 74
2026/09/21 00:09:59.488, 0, 28112, 32623, 174.00, 65
2026/09/21 00:10:00.489, 71, 28112, 32623, 152.37, 70
2026/09/21 00:10:01.489, 90, 28112, 32623, 182.37, 73
2026/09/21 00:10:02.489, 91, 28112, 32623, 200.13, 73
2026/09/21 00:10:03.489, 87, 28112, 32623, 200.15, 74
2026/09/21 00:10:04.490, 92, 28112, 32623, 199.90, 73
2026/09/21 00:10:05.490, 89, 28112, 32623, 199.99, 74
2026/09/21 00:10:06.490, 92, 28112, 32623, 199.59, 73
2026/09/21 00:10:07.490, 91, 28112, 32623, 199.54, 73
2026/09/21 00:10:08.490, 92, 28112, 32623, 200.52, 74
2026/09/21 00:10:09.491, 91, 28112, 32623, 199.25, 73
2026/09/21 00:10:10.491, 92, 28112, 32623, 200.57, 74
2026/09/21 00:10:11.491, 0, 28112, 32623, 137.43, 63
2026/09/21 00:10:12.491, 100, 28112, 32623, 186.69, 71
2026/09/21 00:10:13.491, 91, 28112, 32623, 189.82, 73
2026/09/21 00:10:14.492, 91, 28112, 32623, 200.22, 73
2026/09/21 00:10:15.492, 91, 28112, 32623, 199.23, 73
2026/09/21 00:10:16.492, 92, 28112, 32623, 201.57, 74
2026/09/21 00:10:17.492, 92, 28112, 32623, 199.53, 73
2026/09/21 00:10:18.492, 92, 28112, 32623, 200.61, 74
2026/09/21 00:10:19.493, 92, 28112, 32623, 199.47, 72
2026/09/21 00:10:20.493, 91, 28112, 32623, 200.52, 74
2026/09/21 00:10:21.493, 92, 28112, 32623, 199.53, 72
2026/09/21 00:10:22.493, 90, 28112, 32623, 200.07, 74
2026/09/21 00:10:23.493, 100, 28112, 32623, 140.78, 72
2026/09/21 00:10:24.494, 100, 28112, 32623, 200.53, 72
2026/09/21 00:10:25.494, 100, 28112, 32623, 200.02, 73
2026/09/21 00:10:26.494, 100, 28112, 32623, 200.01, 73
2026/09/21 00:10:27.494, 100, 28112, 32623, 199.96, 73
2026/09/21 00:10:28.495, 100, 28112, 32623, 200.00, 73
2026/09/21 00:10:29.495, 97, 28112, 32623, 199.89, 73
2026/09/21 00:10:30.495, 100, 28112, 32623, 200.61, 73
2026/09/21 00:10:31.495, 100, 28112, 32623, 200.01, 73
2026/09/21 00:10:32.495, 100, 28112, 32623, 199.99, 73
2026/09/21 00:10:33.496, 100, 28112, 32623, 200.01, 73
2026/09/21 00:10:34.496, 100, 28112, 32623, 199.99, 73
2026/09/21 00:10:35.496, 97, 28112, 32623, 199.49, 74
2026/09/21 00:10:36.496, 100, 28112, 32623, 200.58, 74
2026/09/21 00:10:37.496, 100, 28112, 32623, 199.99, 74
2026/09/21 00:10:38.497, 100, 28112, 32623, 199.99, 75
2026/09/21 00:10:39.497, 42, 28112, 32623, 191.04, 68
2026/09/21 00:10:40.497, 100, 28112, 32623, 196.81, 75
2026/09/21 00:10:41.497, 100, 28112, 32623, 195.61, 73
2026/09/21 00:10:42.497, 0, 28112, 32623, 158.03, 64
2026/09/21 00:10:43.498, 99, 28112, 32623, 155.18, 71
2026/09/21 00:10:44.498, 92, 28112, 32623, 190.62, 73
2026/09/21 00:10:45.498, 92, 28112, 32623, 199.54, 73
2026/09/21 00:10:46.498, 92, 28112, 32623, 200.54, 73
2026/09/21 00:10:47.499, 92, 28112, 32623, 199.55, 71
2026/09/21 00:10:48.499, 88, 28112, 32623, 200.64, 73
2026/09/21 00:10:49.499, 92, 28112, 32623, 199.58, 73
2026/09/21 00:10:50.499, 92, 28112, 32623, 199.59, 74
2026/09/21 00:10:51.500, 92, 28112, 32623, 200.47, 74
2026/09/21 00:10:52.500, 92, 28112, 32623, 199.40, 74
2026/09/21 00:10:53.500, 92, 28112, 32623, 200.54, 74
2026/09/21 00:10:54.500, 100, 28112, 32623, 139.74, 71
2026/09/21 00:10:55.536, 92, 28112, 32623, 182.20, 72
2026/09/21 00:10:56.536, 92, 28112, 32623, 198.95, 73
2026/09/21 00:10:57.536, 92, 28112, 32623, 200.50, 73
2026/09/21 00:10:58.536, 92, 28112, 32623, 199.54, 72
2026/09/21 00:10:59.536, 92, 28112, 32623, 200.62, 74
2026/09/21 00:11:00.537, 92, 28112, 32623, 199.54, 72
2026/09/21 00:11:01.537, 87, 28112, 32623, 200.39, 74
2026/09/21 00:11:02.537, 92, 28112, 32623, 199.60, 73
2026/09/21 00:11:03.537, 92, 28112, 32623, 199.73, 74
2026/09/21 00:11:04.538, 92, 28112, 32623, 200.21, 74
2026/09/21 00:11:05.538, 0, 28112, 32623, 138.89, 63
2026/09/21 00:11:06.538, 100, 28112, 32623, 188.47, 71
2026/09/21 00:11:07.538, 92, 28112, 32623, 190.19, 73
2026/09/21 00:11:08.539, 92, 28112, 32623, 200.56, 73
2026/09/21 00:11:09.539, 92, 28112, 32623, 199.44, 71
2026/09/21 00:11:10.539, 90, 28112, 32623, 200.58, 74
2026/09/21 00:11:11.539, 92, 28112, 32623, 199.56, 73
2026/09/21 00:11:12.539, 91, 28112, 32623, 199.58, 74
2026/09/21 00:11:13.540, 92, 28112, 32623, 200.42, 74
2026/09/21 00:11:14.540, 92, 28112, 32623, 199.46, 74
2026/09/21 00:11:15.540, 92, 28112, 32623, 200.51, 74
2026/09/21 00:11:16.540, 92, 28112, 32623, 199.18, 71
2026/09/21 00:11:17.540, 99, 28112, 32623, 136.81, 70
2026/09/21 00:11:18.541, 100, 28112, 32623, 184.76, 72
2026/09/21 00:11:19.541, 89, 28112, 32623, 202.66, 73
2026/09/21 00:11:20.541, 92, 28112, 32623, 200.16, 73
2026/09/21 00:11:21.541, 89, 28112, 32623, 199.44, 74
2026/09/21 00:11:22.542, 92, 28112, 32623, 199.85, 73
2026/09/21 00:11:23.542, 92, 28112, 32623, 199.57, 74
2026/09/21 00:11:24.542, 92, 28112, 32623, 200.52, 74
2026/09/21 00:11:25.542, 91, 28112, 32623, 198.98, 74
2026/09/21 00:11:26.543, 92, 28112, 32623, 201.02, 74
2026/09/21 00:11:27.543, 92, 28112, 32623, 199.45, 74
2026/09/21 00:11:28.543, 0, 28112, 32623, 178.68, 66
2026/09/21 00:11:29.543, 97, 28112, 32623, 142.98, 71
2026/09/21 00:11:30.543, 92, 28112, 32623, 182.40, 72
2026/09/21 00:11:31.544, 92, 28112, 32623, 199.14, 72
2026/09/21 00:11:32.544, 91, 28112, 32623, 199.85, 74
2026/09/21 00:11:33.544, 92, 28112, 32623, 200.46, 73
2026/09/21 00:11:34.544, 92, 28112, 32623, 199.56, 74
2026/09/21 00:11:35.545, 92, 28112, 32623, 200.54, 74
2026/09/21 00:11:36.545, 92, 28112, 32623, 199.59, 72
2026/09/21 00:11:37.545, 88, 28112, 32623, 200.21, 74
2026/09/21 00:11:38.545, 92, 28112, 32623, 199.59, 73
2026/09/21 00:11:39.545, 92, 28112, 32623, 199.58, 74
2026/09/21 00:11:40.545, 0, 28112, 32623, 132.50, 63
2026/09/21 00:11:41.546, 0, 28112, 32623, 80.36, 62
2026/09/21 00:11:42.546, 0, 28112, 32623, 52.34, 60
2026/09/21 00:11:43.546, 0, 28112, 32623, 41.72, 58
2026/09/21 00:11:44.546, 0, 28112, 32623, 41.50, 57
2026/09/21 00:11:45.547, 98, 28112, 32623, 52.04, 65
2026/09/21 00:11:46.547, 100, 28112, 32623, 201.39, 68
2026/09/21 00:11:47.547, 100, 28112, 32623, 200.47, 70
2026/09/21 00:11:48.548, 98, 28112, 32623, 199.90, 71
2026/09/21 00:11:49.548, 97, 28112, 32623, 199.77, 69
2026/09/21 00:11:50.548, 100, 28112, 32623, 200.49, 71
2026/09/21 00:11:51.548, 100, 28112, 32623, 199.98, 71
2026/09/21 00:11:52.549, 100, 28112, 32623, 199.99, 71
2026/09/21 00:11:53.549, 100, 28112, 32623, 200.01, 72
2026/09/21 00:11:54.549, 100, 28112, 32623, 200.00, 72
2026/09/21 00:11:55.549, 100, 28112, 32623, 200.01, 73
2026/09/21 00:11:56.550, 98, 28112, 32623, 200.00, 73
2026/09/21 00:11:57.550, 100, 28112, 32623, 200.11, 73
2026/09/21 00:11:58.550, 100, 28112, 32623, 200.01, 72
2026/09/21 00:11:59.551, 100, 28112, 32623, 199.99, 73
2026/09/21 00:12:00.551, 100, 28112, 32623, 199.99, 72
2026/09/21 00:12:01.551, 100, 28112, 32623, 200.03, 74
2026/09/21 00:12:02.551, 100, 28112, 32623, 199.99, 73
2026/09/21 00:12:03.552, 100, 28112, 32623, 200.01, 74
2026/09/21 00:12:04.552, 70, 28112, 32623, 192.20, 71
2026/09/21 00:12:05.552, 100, 28112, 32623, 200.02, 73
2026/09/21 00:12:06.553, 100, 28112, 32623, 199.97, 73
2026/09/21 00:12:07.553, 100, 28112, 32623, 199.97, 74
2026/09/21 00:12:08.553, 100, 28112, 32623, 200.04, 73
2026/09/21 00:12:09.553, 100, 28112, 32623, 200.00, 74
2026/09/21 00:12:10.554, 100, 28112, 32623, 199.95, 74
2026/09/21 00:12:11.554, 100, 28112, 32623, 200.05, 75
2026/09/21 00:12:12.554, 100, 28112, 32623, 200.01, 74
2026/09/21 00:12:13.555, 100, 28112, 32623, 199.97, 74
2026/09/21 00:12:14.555, 100, 28112, 32623, 200.01, 73
2026/09/21 00:12:15.555, 100, 28112, 32623, 200.00, 73
2026/09/21 00:12:16.555, 100, 28112, 32623, 200.00, 73
2026/09/21 00:12:17.555, 100, 28112, 32623, 199.99, 74
2026/09/21 00:12:18.556, 100, 28112, 32623, 200.00, 74
2026/09/21 00:12:19.556, 100, 28112, 32623, 200.01, 73
2026/09/21 00:12:20.556, 100, 28112, 32623, 200.01, 75
2026/09/21 00:12:21.556, 100, 28112, 32623, 199.98, 73
2026/09/21 00:12:22.556, 100, 28112, 32623, 200.00, 74
2026/09/21 00:12:23.557, 100, 28112, 32623, 199.94, 75
2026/09/21 00:12:24.557, 100, 28112, 32623, 200.05, 74
2026/09/21 00:12:25.557, 100, 28112, 32623, 199.99, 76
2026/09/21 00:12:26.557, 100, 28112, 32623, 200.02, 74
2026/09/21 00:12:27.558, 100, 28112, 32623, 200.00, 76
2026/09/21 00:12:28.558, 100, 28112, 32623, 199.99, 76
2026/09/21 00:12:29.558, 100, 28112, 32623, 199.97, 74
2026/09/21 00:12:30.558, 84, 28112, 32623, 198.46, 76
2026/09/21 00:12:31.559, 100, 28112, 32623, 198.29, 74
2026/09/21 00:12:32.559, 100, 28112, 32623, 199.97, 76
2026/09/21 00:12:33.559, 100, 28112, 32623, 200.04, 74
2026/09/21 00:12:34.560, 100, 28112, 32623, 199.95, 75
2026/09/21 00:12:35.560, 100, 28112, 32623, 200.05, 73
2026/09/21 00:12:36.560, 100, 28112, 32623, 199.98, 74
2026/09/21 00:12:37.560, 100, 28112, 32623, 200.05, 76
2026/09/21 00:12:38.561, 100, 28112, 32623, 199.99, 75
2026/09/21 00:12:39.561, 100, 28112, 32623, 200.02, 75
2026/09/21 00:12:40.562, 100, 28112, 32623, 199.99, 76
2026/09/21 00:12:41.562, 100, 28112, 32623, 200.01, 75
2026/09/21 00:12:42.562, 100, 28112, 32623, 199.98, 75
2026/09/21 00:12:43.562, 100, 28112, 32623, 200.01, 76
2026/09/21 00:12:44.563, 100, 28112, 32623, 199.96, 74
2026/09/21 00:12:45.563, 100, 28112, 32623, 200.01, 74
2026/09/21 00:12:46.563, 100, 28112, 32623, 199.97, 76
2026/09/21 00:12:47.564, 100, 28112, 32623, 200.01, 75
2026/09/21 00:12:48.564, 100, 28112, 32623, 199.97, 76
2026/09/21 00:12:49.564, 100, 28112, 32623, 200.21, 76
2026/09/21 00:12:50.565, 98, 28112, 32623, 199.60, 76
2026/09/21 00:12:51.565, 100, 28112, 32623, 199.98, 75
2026/09/21 00:12:52.565, 100, 28112, 32623, 200.00, 74
2026/09/21 00:12:53.565, 100, 28112, 32623, 200.00, 74
2026/09/21 00:12:54.566, 100, 28112, 32623, 200.01, 75
2026/09/21 00:12:55.566, 100, 28112, 32623, 199.99, 76
2026/09/21 00:12:56.566, 100, 28112, 32623, 199.97, 74
2026/09/21 00:12:57.567, 100, 28112, 32623, 199.99, 74
2026/09/21 00:12:58.567, 100, 28112, 32623, 200.00, 76
2026/09/21 00:12:59.567, 100, 28112, 32623, 199.96, 75
2026/09/21 00:13:00.567, 100, 28112, 32623, 200.04, 76
2026/09/21 00:13:01.567, 99, 28112, 32623, 199.80, 74
2026/09/21 00:13:02.568, 100, 28112, 32623, 200.17, 76
2026/09/21 00:13:03.568, 100, 28112, 32623, 200.03, 76
2026/09/21 00:13:04.568, 100, 28112, 32623, 196.88, 74
2026/09/21 00:13:05.568, 100, 28112, 32623, 200.02, 74
2026/09/21 00:13:06.568, 100, 28112, 32623, 199.98, 76
2026/09/21 00:13:07.569, 100, 28112, 32623, 200.01, 76
2026/09/21 00:13:08.569, 100, 28112, 32623, 200.01, 76
2026/09/21 00:13:09.569, 100, 28112, 32623, 199.99, 74
2026/09/21 00:13:10.569, 100, 28112, 32623, 199.99, 74
2026/09/21 00:13:11.569, 100, 28112, 32623, 200.00, 74
2026/09/21 00:13:12.570, 100, 28112, 32623, 199.99, 74
2026/09/21 00:13:13.570, 99, 28112, 32623, 199.88, 75
2026/09/21 00:13:14.570, 100, 28112, 32623, 200.10, 74
2026/09/21 00:13:15.571, 100, 28112, 32623, 200.01, 74
2026/09/21 00:13:16.571, 100, 28112, 32623, 199.97, 74
2026/09/21 00:13:17.571, 100, 28112, 32623, 200.03, 76
2026/09/21 00:13:18.571, 100, 28112, 32623, 199.96, 75
2026/09/21 00:13:19.572, 100, 28112, 32623, 200.17, 76
2026/09/21 00:13:20.572, 100, 28112, 32623, 200.00, 74
2026/09/21 00:13:21.572, 100, 28112, 32623, 199.99, 74
2026/09/21 00:13:22.573, 100, 28112, 32623, 200.00, 76
2026/09/21 00:13:23.573, 100, 28112, 32623, 199.98, 76
2026/09/21 00:13:24.573, 100, 28112, 32623, 200.03, 74
2026/09/21 00:13:25.573, 100, 28112, 32623, 200.01, 76
2026/09/21 00:13:26.574, 100, 28112, 32623, 199.98, 75
2026/09/21 00:13:27.574, 100, 28112, 32623, 200.01, 76
2026/09/21 00:13:28.574, 99, 28112, 32623, 199.91, 76
2026/09/21 00:13:29.574, 100, 28112, 32623, 200.12, 76
2026/09/21 00:13:30.575, 100, 28112, 32623, 199.99, 74
2026/09/21 00:13:31.575, 100, 28112, 32623, 199.99, 76
2026/09/21 00:13:32.575, 100, 28112, 32623, 199.97, 74
2026/09/21 00:13:33.576, 100, 28112, 32623, 199.96, 75
2026/09/21 00:13:34.576, 100, 28112, 32623, 200.01, 75
2026/09/21 00:13:35.576, 100, 28112, 32623, 199.99, 74
2026/09/21 00:13:36.577, 100, 28112, 32623, 199.95, 76
2026/09/21 00:13:37.577, 100, 28112, 32623, 200.07, 76
2026/09/21 00:13:38.577, 100, 28112, 32623, 200.01, 74
2026/09/21 00:13:39.577, 100, 28112, 32623, 196.35, 74
2026/09/21 00:13:40.578, 100, 28112, 32623, 200.56, 74
2026/09/21 00:13:41.578, 100, 28112, 32623, 199.99, 75
2026/09/21 00:13:42.578, 100, 28112, 32623, 197.32, 76
2026/09/21 00:13:43.578, 100, 28112, 32623, 200.09, 75
2026/09/21 00:13:44.578, 97, 28112, 32623, 195.81, 73
2026/09/21 00:13:45.579, 93, 28112, 32623, 199.44, 73
2026/09/21 00:13:46.579, 94, 28112, 32623, 200.09, 72
2026/09/21 00:13:47.579, 97, 28112, 32623, 200.05, 72
2026/09/21 00:13:48.579, 94, 28112, 32623, 200.43, 73
2026/09/21 00:13:49.579, 94, 28112, 32623, 200.07, 71
2026/09/21 00:13:50.580, 97, 28112, 32623, 200.10, 72
2026/09/21 00:13:51.580, 0, 28112, 32623, 149.20, 63
2026/09/21 00:13:52.580, 100, 28112, 32623, 142.05, 71
2026/09/21 00:13:53.580, 100, 28112, 32623, 200.02, 72
2026/09/21 00:13:54.580, 100, 28112, 32623, 199.97, 72
2026/09/21 00:13:55.581, 100, 28112, 32623, 199.99, 72
2026/09/21 00:13:56.581, 100, 28112, 32623, 199.97, 72
2026/09/21 00:13:57.581, 100, 28112, 32623, 200.01, 73
2026/09/21 00:13:58.581, 100, 28112, 32623, 200.02, 72
2026/09/21 00:13:59.582, 100, 28112, 32623, 199.92, 72
2026/09/21 00:14:00.582, 97, 28112, 32623, 199.55, 72
2026/09/21 00:14:01.582, 100, 28112, 32623, 200.62, 73
2026/09/21 00:14:02.583, 100, 28112, 32623, 199.98, 73
2026/09/21 00:14:03.583, 100, 28112, 32623, 200.00, 72
2026/09/21 00:14:04.583, 100, 28112, 32623, 199.98, 74
2026/09/21 00:14:05.583, 97, 28112, 32623, 199.71, 73
2026/09/21 00:14:06.584, 100, 28112, 32623, 200.37, 74
2026/09/21 00:14:07.584, 100, 28112, 32623, 200.00, 74
2026/09/21 00:14:08.584, 100, 28112, 32623, 199.99, 72
2026/09/21 00:14:09.584, 97, 28112, 32623, 199.58, 72
2026/09/21 00:14:10.585, 100, 28112, 32623, 200.48, 75
2026/09/21 00:14:11.585, 100, 28112, 32623, 196.81, 72
2026/09/21 00:14:12.585, 100, 28112, 32623, 199.96, 73
2026/09/21 00:14:13.586, 100, 28112, 32623, 200.06, 75
2026/09/21 00:14:14.586, 100, 28112, 32623, 199.99, 73
2026/09/21 00:14:15.586, 100, 28112, 32623, 199.96, 74
2026/09/21 00:14:16.586, 100, 28112, 32623, 200.04, 74
2026/09/21 00:14:17.587, 100, 28112, 32623, 199.98, 73
2026/09/21 00:14:18.587, 100, 28112, 32623, 199.95, 75
2026/09/21 00:14:19.587, 100, 28112, 32623, 200.09, 74
2026/09/21 00:14:20.588, 100, 28112, 32623, 199.99, 73
2026/09/21 00:14:21.588, 98, 28112, 32623, 199.68, 74
2026/09/21 00:14:22.588, 100, 28112, 32623, 199.99, 74
2026/09/21 00:14:23.588, 100, 28112, 32623, 200.01, 74
2026/09/21 00:14:24.589, 100, 28112, 32623, 200.02, 74
2026/09/21 00:14:25.589, 100, 28112, 32623, 199.98, 74
2026/09/21 00:14:26.589, 100, 28112, 32623, 199.96, 76
2026/09/21 00:14:27.590, 100, 28112, 32623, 200.46, 74
2026/09/21 00:14:28.590, 100, 28112, 32623, 200.00, 75
2026/09/21 00:14:29.590, 100, 28112, 32623, 199.99, 74
2026/09/21 00:14:30.591, 100, 28112, 32623, 200.01, 73
2026/09/21 00:14:31.591, 100, 28112, 32623, 200.01, 75
2026/09/21 00:14:32.591, 100, 28112, 32623, 199.98, 74
2026/09/21 00:14:33.592, 100, 28112, 32623, 199.97, 74
2026/09/21 00:14:34.592, 100, 28112, 32623, 200.26, 74
2026/09/21 00:14:35.592, 100, 28112, 32623, 199.99, 76
2026/09/21 00:14:36.593, 100, 28112, 32623, 200.02, 76
2026/09/21 00:14:37.593, 100, 28112, 32623, 196.72, 76
2026/09/21 00:14:38.593, 100, 28112, 32623, 200.03, 75
2026/09/21 00:14:39.593, 100, 28112, 32623, 199.98, 76
2026/09/21 00:14:40.593, 100, 28112, 32623, 200.01, 75
2026/09/21 00:14:41.594, 100, 28112, 32623, 199.99, 75
2026/09/21 00:14:42.594, 100, 28112, 32623, 200.00, 74
2026/09/21 00:14:43.594, 100, 28112, 32623, 200.00, 74
2026/09/21 00:14:44.595, 100, 28112, 32623, 199.99, 75
2026/09/21 00:14:45.595, 100, 28112, 32623, 200.00, 75
2026/09/21 00:14:46.595, 100, 28112, 32623, 200.01, 76
2026/09/21 00:14:47.595, 100, 28112, 32623, 199.98, 75
2026/09/21 00:14:48.596, 100, 28112, 32623, 200.01, 76
2026/09/21 00:14:49.596, 100, 28112, 32623, 199.99, 73
2026/09/21 00:14:50.596, 100, 28112, 32623, 199.99, 75
2026/09/21 00:14:51.596, 100, 28112, 32623, 200.01, 75
2026/09/21 00:14:52.597, 100, 28112, 32623, 200.01, 75
2026/09/21 00:14:53.597, 100, 28112, 32623, 199.98, 74
2026/09/21 00:14:54.597, 100, 28112, 32623, 199.99, 74
2026/09/21 00:14:55.598, 100, 28112, 32623, 200.00, 75
2026/09/21 00:14:56.598, 100, 28112, 32623, 199.99, 73
2026/09/21 00:14:57.598, 100, 28112, 32623, 199.99, 75
2026/09/21 00:14:58.598, 100, 28112, 32623, 199.96, 74
2026/09/21 00:14:59.599, 100, 28112, 32623, 199.97, 74
2026/09/21 00:15:00.599, 100, 28112, 32623, 200.01, 76
2026/09/21 00:15:01.599, 100, 28112, 32623, 199.98, 76
2026/09/21 00:15:02.599, 100, 28127, 32623, 200.28, 74
2026/09/21 00:15:03.600, 99, 28112, 32623, 199.94, 76
2026/09/21 00:15:04.600, 100, 28112, 32623, 200.00, 76
2026/09/21 00:15:05.601, 100, 28112, 32623, 199.99, 74
2026/09/21 00:15:06.601, 100, 28112, 32623, 200.01, 76
2026/09/21 00:15:07.601, 100, 28112, 32623, 200.00, 74
2026/09/21 00:15:08.602, 100, 28112, 32623, 200.00, 76
2026/09/21 00:15:09.602, 100, 28112, 32623, 200.01, 75
2026/09/21 00:15:10.602, 67, 28112, 32623, 195.57, 73
2026/09/21 00:15:11.602, 100, 28112, 32623, 202.87, 75
2026/09/21 00:15:12.603, 100, 28112, 32623, 200.00, 76
2026/09/21 00:15:13.603, 100, 28112, 32623, 200.03, 75
2026/09/21 00:15:14.603, 100, 28112, 32623, 200.03, 75
2026/09/21 00:15:15.603, 100, 28112, 32623, 199.99, 75
2026/09/21 00:15:16.606, 100, 28112, 32623, 200.06, 75
2026/09/21 00:15:17.606, 99, 28112, 32623, 199.97, 76
2026/09/21 00:15:18.606, 100, 28112, 32623, 200.02, 76
2026/09/21 00:15:19.606, 100, 28112, 32623, 199.99, 75
2026/09/21 00:15:20.606, 100, 28112, 32623, 199.98, 76
2026/09/21 00:15:21.607, 100, 28112, 32623, 199.98, 75
2026/09/21 00:15:22.607, 100, 28112, 32623, 199.98, 76
2026/09/21 00:15:23.607, 100, 28112, 32623, 200.04, 75
2026/09/21 00:15:24.607, 100, 28112, 32623, 200.01, 74
2026/09/21 00:15:25.607, 100, 28112, 32623, 199.99, 74
2026/09/21 00:15:26.608, 100, 28112, 32623, 200.01, 76
2026/09/21 00:15:27.608, 100, 28112, 32623, 199.96, 76
2026/09/21 00:15:28.608, 100, 28112, 32623, 200.04, 74
2026/09/21 00:15:29.608, 100, 28112, 32623, 200.00, 76
2026/09/21 00:15:30.608, 100, 28112, 32623, 200.01, 76
2026/09/21 00:15:31.609, 100, 28112, 32623, 199.99, 74
2026/09/21 00:15:32.609, 98, 28112, 32623, 199.71, 74
2026/09/21 00:15:33.609, 100, 28112, 32623, 200.31, 75
2026/09/21 00:15:34.609, 100, 28112, 32623, 200.02, 76
2026/09/21 00:15:35.609, 100, 28112, 32623, 199.99, 75
2026/09/21 00:15:36.609, 100, 28112, 32623, 200.01, 76
2026/09/21 00:15:37.610, 100, 28112, 32623, 200.01, 74
2026/09/21 00:15:38.610, 100, 28112, 32623, 200.01, 76
2026/09/21 00:15:39.610, 100, 28112, 32623, 200.00, 73
2026/09/21 00:15:40.610, 100, 28112, 32623, 199.98, 76
2026/09/21 00:15:41.610, 100, 28112, 32623, 200.06, 76
2026/09/21 00:15:42.611, 100, 28112, 32623, 200.00, 73
2026/09/21 00:15:43.611, 100, 28112, 32623, 199.98, 76
2026/09/21 00:15:44.611, 100, 28112, 32623, 200.01, 76
2026/09/21 00:15:45.611, 100, 28112, 32623, 200.02, 76
2026/09/21 00:15:46.612, 100, 28112, 32623, 197.02, 75
2026/09/21 00:15:47.612, 100, 28112, 32623, 200.01, 74
2026/09/21 00:15:48.612, 99, 28112, 32623, 199.88, 75
2026/09/21 00:15:49.613, 100, 28112, 32623, 197.61, 74
2026/09/21 00:15:50.613, 97, 28112, 32623, 195.51, 74
2026/09/21 00:15:51.613, 97, 28112, 32623, 200.71, 72
2026/09/21 00:15:52.614, 94, 28112, 32623, 200.04, 73
2026/09/21 00:15:53.614, 94, 28112, 32623, 200.06, 72
2026/09/21 00:15:54.614, 97, 28112, 32623, 200.15, 72
2026/09/21 00:15:55.614, 94, 28112, 32623, 199.98, 72
2026/09/21 00:15:56.614, 96, 28112, 32623, 199.94, 71
2026/09/21 00:15:57.615, 95, 28112, 32623, 200.19, 72
2026/09/21 00:15:58.615, 100, 28112, 32623, 95.67, 70
2026/09/21 00:15:59.615, 100, 28112, 32623, 204.91, 71
2026/09/21 00:16:00.615, 100, 28112, 32623, 200.46, 72
2026/09/21 00:16:01.616, 98, 28112, 32623, 199.87, 73
2026/09/21 00:16:02.616, 97, 28112, 32623, 199.57, 72
2026/09/21 00:16:03.616, 100, 28112, 32623, 199.96, 73
2026/09/21 00:16:04.616, 100, 28112, 32623, 199.92, 72
2026/09/21 00:16:05.617, 100, 28112, 32623, 200.00, 72
2026/09/21 00:16:06.617, 100, 28112, 32623, 200.01, 73
2026/09/21 00:16:07.617, 100, 28112, 32623, 199.97, 73
2026/09/21 00:16:08.617, 100, 28112, 32623, 199.99, 73
2026/09/21 00:16:09.618, 98, 28112, 32623, 199.77, 73
2026/09/21 00:16:10.618, 100, 28112, 32623, 200.01, 73
2026/09/21 00:16:11.618, 100, 28112, 32623, 200.02, 73
2026/09/21 00:16:12.619, 100, 28112, 32623, 199.99, 73
2026/09/21 00:16:13.619, 100, 28112, 32623, 199.95, 72
2026/09/21 00:16:14.619, 100, 28112, 32623, 200.01, 74
2026/09/21 00:16:15.619, 100, 28112, 32623, 199.99, 73
2026/09/21 00:16:16.620, 100, 28112, 32623, 200.01, 75
2026/09/21 00:16:17.620, 54, 28112, 32623, 190.68, 70
2026/09/21 00:16:18.620, 100, 28112, 32623, 197.75, 75
2026/09/21 00:16:19.621, 100, 28112, 32623, 200.01, 75
2026/09/21 00:16:20.621, 100, 28112, 32623, 199.96, 75
2026/09/21 00:16:21.621, 100, 28112, 32623, 200.17, 74
2026/09/21 00:16:22.621, 100, 28112, 32623, 200.00, 73
2026/09/21 00:16:23.622, 100, 28112, 32623, 199.93, 75
2026/09/21 00:16:24.622, 100, 28112, 32623, 200.04, 75
2026/09/21 00:16:25.622, 100, 28112, 32623, 199.98, 75
2026/09/21 00:16:26.623, 100, 28112, 32623, 199.97, 76
2026/09/21 00:16:27.623, 100, 28112, 32623, 200.45, 74
2026/09/21 00:16:28.623, 100, 28112, 32623, 200.01, 74
2026/09/21 00:16:29.623, 100, 28112, 32623, 199.99, 74
2026/09/21 00:16:30.623, 100, 28112, 32623, 200.01, 75
2026/09/21 00:16:31.624, 100, 28112, 32623, 199.97, 74
2026/09/21 00:16:32.624, 100, 28112, 32623, 200.07, 73
2026/09/21 00:16:33.624, 100, 28112, 32623, 199.98, 74
2026/09/21 00:16:34.624, 100, 28112, 32623, 200.01, 73
2026/09/21 00:16:35.624, 100, 28112, 32623, 200.00, 74
2026/09/21 00:16:36.625, 100, 28112, 32623, 199.94, 74
2026/09/21 00:16:37.625, 100, 28112, 32623, 200.19, 76
2026/09/21 00:16:38.625, 100, 28112, 32623, 199.98, 75
2026/09/21 00:16:39.625, 100, 28112, 32623, 200.00, 76
2026/09/21 00:16:40.626, 100, 28112, 32623, 200.00, 75
2026/09/21 00:16:41.626, 100, 28112, 32623, 200.00, 75
2026/09/21 00:16:42.626, 100, 28112, 32623, 200.01, 74
2026/09/21 00:16:43.626, 99, 28112, 32623, 199.87, 75
2026/09/21 00:16:44.627, 100, 28112, 32623, 196.34, 75
2026/09/21 00:16:45.627, 98, 28112, 32623, 199.81, 73
2026/09/21 00:16:46.627, 100, 28112, 32623, 200.18, 74
2026/09/21 00:16:47.628, 100, 28112, 32623, 199.92, 74
2026/09/21 00:16:48.628, 100, 28112, 32623, 200.07, 76
2026/09/21 00:16:49.628, 100, 28112, 32623, 199.97, 76
2026/09/21 00:16:50.629, 100, 28112, 32623, 200.01, 74
2026/09/21 00:16:51.629, 100, 28112, 32623, 199.99, 74
2026/09/21 00:16:52.629, 100, 28112, 32623, 200.02, 75
2026/09/21 00:16:53.629, 100, 28112, 32623, 199.97, 74
2026/09/21 00:16:54.630, 100, 28112, 32623, 200.03, 75
2026/09/21 00:16:55.630, 100, 28112, 32623, 199.99, 76
2026/09/21 00:16:58.693, 100, 28112, 32623, 200.01, 76
2026/09/21 00:16:59.693, 100, 28112, 32623, 199.93, 74
2026/09/21 00:17:00.693, 100, 28112, 32623, 200.04, 74
2026/09/21 00:17:01.693, 99, 28112, 32623, 199.90, 76
2026/09/21 00:17:02.694, 100, 28112, 32623, 200.08, 74
2026/09/21 00:17:03.694, 99, 28112, 32623, 199.84, 75
2026/09/21 00:17:04.694, 100, 28112, 32623, 200.16, 73
2026/09/21 00:17:05.695, 100, 28112, 32623, 200.02, 75
2026/09/21 00:17:06.695, 100, 28112, 32623, 200.03, 75
2026/09/21 00:17:07.695, 100, 28112, 32623, 199.99, 76
2026/09/21 00:17:08.695, 100, 28112, 32623, 200.00, 75
2026/09/21 00:17:09.696, 100, 28112, 32623, 200.01, 74
2026/09/21 00:17:10.696, 100, 28112, 32623, 200.00, 76
2026/09/21 00:17:11.696, 100, 28112, 32623, 199.99, 74
2026/09/21 00:17:12.697, 100, 28112, 32623, 199.97, 75
2026/09/21 00:17:13.697, 100, 28112, 32623, 200.18, 74
2026/09/21 00:17:14.697, 100, 28112, 32623, 199.99, 76
2026/09/21 00:17:15.697, 100, 28112, 32623, 199.99, 73
2026/09/21 00:17:16.698, 100, 28112, 32623, 200.00, 75
2026/09/21 00:17:17.698, 100, 28112, 32623, 194.57, 76
2026/09/21 00:17:18.698, 100, 28112, 32623, 200.01, 76
2026/09/21 00:17:19.699, 100, 28112, 32623, 199.97, 74
2026/09/21 00:17:20.699, 100, 28112, 32623, 200.10, 74
2026/09/21 00:17:21.699, 100, 28112, 32623, 199.98, 74
2026/09/21 00:17:22.699, 100, 28112, 32623, 199.99, 76
2026/09/21 00:17:23.700, 100, 28112, 32623, 199.97, 76
2026/09/21 00:17:24.700, 100, 28112, 32623, 200.02, 76
2026/09/21 00:17:25.700, 100, 28112, 32623, 199.98, 76
2026/09/21 00:17:26.701, 98, 28112, 32623, 199.63, 76
2026/09/21 00:17:27.701, 100, 28112, 32623, 200.18, 76
2026/09/21 00:17:28.701, 100, 28112, 32623, 199.98, 76
2026/09/21 00:17:29.701, 100, 28112, 32623, 199.97, 76
2026/09/21 00:17:30.702, 100, 28112, 32623, 200.00, 75
2026/09/21 00:17:31.702, 98, 28112, 32623, 199.89, 76
2026/09/21 00:17:32.702, 100, 28112, 32623, 200.14, 75
2026/09/21 00:17:33.703, 100, 28112, 32623, 199.99, 76
2026/09/21 00:17:34.703, 100, 28112, 32623, 199.98, 76
2026/09/21 00:17:35.703, 100, 28112, 32623, 199.98, 74
2026/09/21 00:17:36.703, 98, 28112, 32623, 199.74, 74
2026/09/21 00:17:37.704, 100, 28112, 32623, 200.25, 76
2026/09/21 00:17:38.704, 100, 28112, 32623, 199.99, 74
2026/09/21 00:17:39.704, 100, 28112, 32623, 199.99, 76
2026/09/21 00:17:40.705, 100, 28112, 32623, 199.98, 74
2026/09/21 00:17:41.705, 100, 28112, 32623, 199.99, 76
2026/09/21 00:17:42.705, 100, 28112, 32623, 199.99, 75
2026/09/21 00:17:43.706, 100, 28112, 32623, 200.00, 76
2026/09/21 00:17:44.706, 100, 28112, 32623, 199.96, 75
2026/09/21 00:17:45.706, 100, 28112, 32623, 200.03, 76
2026/09/21 00:17:46.706, 100, 28112, 32623, 200.01, 76
2026/09/21 00:17:47.707, 100, 28112, 32623, 199.99, 76
2026/09/21 00:17:48.707, 100, 28112, 32623, 199.98, 76
2026/09/21 00:17:49.707, 99, 28112, 32623, 199.81, 76
2026/09/21 00:17:50.707, 100, 28112, 32623, 199.99, 75
2026/09/21 00:17:51.708, 100, 28112, 32623, 200.00, 76
2026/09/21 00:17:52.708, 100, 28112, 32623, 194.35, 77
2026/09/21 00:17:53.708, 100, 28112, 32623, 200.85, 76
2026/09/21 00:17:54.709, 100, 28112, 32623, 199.97, 76
2026/09/21 00:17:55.709, 100, 28112, 32623, 195.92, 76
2026/09/21 00:17:56.709, 100, 28112, 32623, 200.56, 75
2026/09/21 00:17:57.709, 100, 28112, 32623, 196.88, 73
2026/09/21 00:17:58.710, 94, 28112, 32623, 199.32, 73
2026/09/21 00:17:59.710, 96, 28112, 32623, 200.13, 71
2026/09/21 00:18:00.710, 95, 28112, 32623, 200.18, 73
2026/09/21 00:18:01.710, 94, 28112, 32623, 199.76, 73
2026/09/21 00:18:02.711, 97, 28112, 32623, 200.15, 72
2026/09/21 00:18:03.711, 94, 28112, 32623, 199.72, 73
2026/09/21 00:18:04.711, 0, 28112, 32623, 158.51, 64
2026/09/21 00:18:05.712, 100, 28112, 32623, 138.17, 71
2026/09/21 00:18:06.712, 100, 28112, 32623, 200.01, 72
2026/09/21 00:18:07.712, 100, 28112, 32623, 200.02, 72
2026/09/21 00:18:08.712, 100, 28112, 32623, 200.01, 71
2026/09/21 00:18:09.713, 100, 28112, 32623, 199.97, 73
2026/09/21 00:18:10.713, 100, 28112, 32623, 200.01, 72
2026/09/21 00:18:11.713, 100, 28112, 32623, 199.99, 73
2026/09/21 00:18:12.713, 100, 28112, 32623, 200.02, 73
2026/09/21 00:18:13.714, 99, 28112, 32623, 200.06, 72
2026/09/21 00:18:14.714, 100, 28112, 32623, 199.97, 73
2026/09/21 00:18:15.714, 100, 28112, 32623, 200.03, 73
2026/09/21 00:18:16.714, 100, 28112, 32623, 199.98, 74
2026/09/21 00:18:17.715, 100, 28112, 32623, 199.99, 73
2026/09/21 00:18:18.715, 97, 28112, 32623, 199.40, 73
2026/09/21 00:18:19.715, 100, 28112, 32623, 200.01, 72
2026/09/21 00:18:20.716, 100, 28112, 32623, 199.99, 73
2026/09/21 00:18:21.716, 100, 28112, 32623, 199.97, 74
2026/09/21 00:18:22.716, 99, 28112, 32623, 199.83, 74
2026/09/21 00:18:23.717, 100, 28112, 32623, 199.99, 74
2026/09/21 00:18:24.717, 100, 28112, 32623, 193.32, 75
2026/09/21 00:18:25.717, 99, 28112, 32623, 199.90, 75
2026/09/21 00:18:26.717, 100, 28112, 32623, 200.10, 74
2026/09/21 00:18:27.717, 100, 28112, 32623, 200.01, 75
2026/09/21 00:18:28.718, 100, 28112, 32623, 199.96, 73
2026/09/21 00:18:29.718, 100, 28112, 32623, 200.18, 74
2026/09/21 00:18:30.718, 100, 28112, 32623, 200.00, 75
2026/09/21 00:18:31.718, 100, 28112, 32623, 199.98, 73
2026/09/21 00:18:32.718, 100, 28112, 32623, 200.00, 75
2026/09/21 00:18:33.719, 100, 28112, 32623, 200.00, 75
2026/09/21 00:18:34.719, 99, 28112, 32623, 199.79, 75
2026/09/21 00:18:35.719, 100, 28112, 32623, 200.21, 75
2026/09/21 00:18:36.719, 100, 28112, 32623, 199.98, 74
2026/09/21 00:18:37.719, 100, 28112, 32623, 200.01, 73
2026/09/21 00:18:38.720, 100, 28112, 32623, 199.99, 75
2026/09/21 00:18:39.720, 98, 28112, 32623, 199.73, 74
2026/09/21 00:18:40.720, 100, 28112, 32623, 200.00, 76
2026/09/21 00:18:41.721, 100, 28112, 32623, 199.99, 73
2026/09/21 00:18:42.721, 100, 28112, 32623, 199.98, 75
2026/09/21 00:18:43.721, 100, 28112, 32623, 199.99, 75
2026/09/21 00:18:44.722, 100, 28112, 32623, 200.03, 74
2026/09/21 00:18:45.722, 100, 28112, 32623, 199.99, 76
2026/09/21 00:18:46.722, 98, 28112, 32623, 199.81, 74
2026/09/21 00:18:47.722, 100, 28112, 32623, 200.15, 75
2026/09/21 00:18:48.723, 100, 28112, 32623, 200.00, 73
2026/09/21 00:18:49.723, 100, 28112, 32623, 200.01, 74
2026/09/21 00:18:50.723, 100, 28112, 32623, 198.02, 74
2026/09/21 00:18:51.724, 100, 28112, 32623, 200.18, 74
2026/09/21 00:18:52.724, 100, 28112, 32623, 199.98, 73
2026/09/21 00:18:53.724, 100, 28112, 32623, 200.02, 74
2026/09/21 00:18:54.724, 100, 28112, 32623, 200.00, 74
2026/09/21 00:18:55.725, 100, 28112, 32623, 200.00, 76
2026/09/21 00:18:56.725, 100, 28112, 32623, 199.99, 76
2026/09/21 00:18:57.725, 100, 28112, 32623, 200.00, 74
2026/09/21 00:18:58.725, 100, 28112, 32623, 200.00, 74
2026/09/21 00:18:59.726, 100, 28112, 32623, 199.99, 73
2026/09/21 00:19:00.726, 100, 28112, 32623, 199.99, 74
2026/09/21 00:19:01.726, 100, 28112, 32623, 200.00, 74
2026/09/21 00:19:02.726, 100, 28112, 32623, 199.99, 76
2026/09/21 00:19:03.727, 100, 28112, 32623, 200.03, 73
2026/09/21 00:19:04.727, 100, 28112, 32623, 200.00, 75
2026/09/21 00:19:05.727, 100, 28112, 32623, 200.00, 75
2026/09/21 00:19:06.727, 100, 28112, 32623, 200.01, 76
2026/09/21 00:19:07.727, 100, 28112, 32623, 200.00, 76
2026/09/21 00:19:08.728, 100, 28112, 32623, 200.01, 74
2026/09/21 00:19:09.728, 100, 28112, 32623, 199.99, 76
2026/09/21 00:19:10.728, 100, 28112, 32623, 199.99, 75
2026/09/21 00:19:11.728, 100, 28112, 32623, 200.00, 76
2026/09/21 00:19:12.728, 100, 28112, 32623, 199.98, 76
2026/09/21 00:19:13.729, 100, 28112, 32623, 200.00, 73
2026/09/21 00:19:14.729, 98, 28112, 32623, 199.79, 74
2026/09/21 00:19:15.729, 100, 28112, 32623, 200.21, 76
2026/09/21 00:19:16.729, 100, 28112, 32623, 199.98, 75
2026/09/21 00:19:17.729, 100, 28112, 32623, 200.01, 76
2026/09/21 00:19:18.730, 100, 28112, 32623, 199.99, 74
2026/09/21 00:19:19.730, 100, 28112, 32623, 199.99, 74
2026/09/21 00:19:20.730, 100, 28112, 32623, 200.01, 73
2026/09/21 00:19:21.731, 100, 28112, 32623, 199.97, 75
2026/09/21 00:19:22.731, 100, 28112, 32623, 200.01, 74
2026/09/21 00:19:23.731, 63, 28112, 32623, 194.99, 75
2026/09/21 00:19:24.731, 100, 28112, 32623, 201.70, 76
2026/09/21 00:19:25.732, 100, 28112, 32623, 200.00, 76
2026/09/21 00:19:26.732, 100, 28112, 32623, 200.00, 74
2026/09/21 00:19:27.732, 100, 28112, 32623, 200.00, 74
2026/09/21 00:19:28.733, 100, 28112, 32623, 200.01, 76
2026/09/21 00:19:29.733, 100, 28112, 32623, 199.99, 75
2026/09/21 00:19:30.733, 100, 28112, 32623, 200.00, 76
2026/09/21 00:19:31.733, 100, 28112, 32623, 200.00, 76
2026/09/21 00:19:32.734, 100, 28112, 32623, 200.02, 75
2026/09/21 00:19:33.734, 100, 28112, 32623, 199.98, 76
2026/09/21 00:19:34.734, 100, 28112, 32623, 200.01, 76
2026/09/21 00:19:35.735, 98, 28112, 32623, 199.72, 76
2026/09/21 00:19:36.735, 100, 28112, 32623, 200.15, 75
2026/09/21 00:19:37.735, 100, 28112, 32623, 200.01, 74
2026/09/21 00:19:38.735, 100, 28112, 32623, 199.97, 73
2026/09/21 00:19:39.736, 100, 28112, 32623, 200.00, 76
2026/09/21 00:19:40.736, 98, 28112, 32623, 199.66, 76
2026/09/21 00:19:41.736, 100, 28112, 32623, 200.32, 74
2026/09/21 00:19:42.737, 100, 28112, 32623, 199.98, 76
2026/09/21 00:19:43.737, 100, 28112, 32623, 199.99, 76
2026/09/21 00:19:44.737, 100, 28112, 32623, 199.99, 74
2026/09/21 00:19:45.737, 99, 28112, 32623, 199.83, 75
2026/09/21 00:19:46.738, 100, 28112, 32623, 200.18, 75
2026/09/21 00:19:47.738, 100, 28112, 32623, 199.97, 76
2026/09/21 00:19:48.738, 100, 28112, 32623, 200.01, 75
2026/09/21 00:19:49.739, 100, 28112, 32623, 200.04, 76
2026/09/21 00:19:50.743, 100, 28112, 32623, 199.99, 74
2026/09/21 00:19:51.743, 100, 28112, 32623, 199.97, 76
2026/09/21 00:19:52.743, 100, 28112, 32623, 200.01, 74
2026/09/21 00:19:53.743, 98, 28112, 32623, 199.71, 76
2026/09/21 00:19:54.744, 100, 28112, 32623, 200.13, 75
2026/09/21 00:19:55.744, 100, 28112, 32623, 199.98, 74
2026/09/21 00:19:56.744, 100, 28112, 32623, 200.00, 76
2026/09/21 00:19:57.744, 100, 28112, 32623, 199.98, 76
2026/09/21 00:19:58.745, 100, 28112, 32623, 199.99, 75
2026/09/21 00:19:59.745, 100, 28112, 32623, 196.83, 74
2026/09/21 00:20:00.745, 100, 28112, 32623, 200.00, 73
2026/09/21 00:20:01.745, 100, 28112, 32623, 199.99, 76
2026/09/21 00:20:02.746, 100, 28112, 32623, 196.85, 74
2026/09/21 00:20:03.746, 44, 28112, 32623, 192.23, 74
2026/09/21 00:20:04.746, 94, 28112, 32623, 196.64, 73
2026/09/21 00:20:05.747, 96, 28112, 32623, 200.13, 73
2026/09/21 00:20:06.747, 95, 28112, 32623, 200.14, 71
2026/09/21 00:20:07.753, 94, 28112, 32623, 199.97, 72
2026/09/21 00:20:08.753, 97, 28112, 32623, 200.13, 72
2026/09/21 00:20:09.753, 94, 28112, 32623, 199.73, 72
2026/09/21 00:20:10.754, 97, 28112, 32623, 199.96, 72
2026/09/21 00:20:11.754, 65, 28112, 32623, 99.90, 70
2026/09/21 00:20:12.754, 98, 28112, 32623, 202.65, 72
2026/09/21 00:20:13.754, 97, 28112, 32623, 199.92, 72
2026/09/21 00:20:14.755, 97, 28112, 32623, 199.62, 73
2026/09/21 00:20:15.755, 99, 28112, 32623, 200.41, 73
2026/09/21 00:20:16.755, 100, 28112, 32623, 200.00, 72
2026/09/21 00:20:17.756, 100, 28112, 32623, 199.99, 72
2026/09/21 00:20:18.756, 100, 28112, 32623, 199.97, 72
2026/09/21 00:20:19.756, 100, 28112, 32623, 199.98, 73
2026/09/21 00:20:20.756, 100, 28112, 32623, 200.00, 73
2026/09/21 00:20:21.757, 100, 28112, 32623, 199.99, 73
2026/09/21 00:20:22.757, 97, 28112, 32623, 199.54, 73
2026/09/21 00:20:23.757, 100, 28112, 32623, 200.00, 73
2026/09/21 00:20:24.757, 100, 28112, 32623, 199.98, 74
2026/09/21 00:20:25.758, 100, 28112, 32623, 199.99, 73
2026/09/21 00:20:26.758, 100, 28112, 32623, 199.95, 73
2026/09/21 00:20:27.758, 100, 28112, 32623, 200.19, 73
2026/09/21 00:20:28.758, 100, 28112, 32623, 200.01, 74
2026/09/21 00:20:29.759, 100, 28112, 32623, 199.99, 73
2026/09/21 00:20:30.759, 40, 28112, 32623, 190.80, 75
2026/09/21 00:20:31.759, 100, 28112, 32623, 205.38, 74
2026/09/21 00:20:32.759, 100, 28112, 32623, 199.99, 74
2026/09/21 00:20:33.762, 100, 28112, 32623, 199.96, 73
2026/09/21 00:20:34.762, 100, 28112, 32623, 200.28, 73
2026/09/21 00:20:35.762, 100, 28112, 32623, 200.01, 74
2026/09/21 00:20:36.762, 100, 28112, 32623, 199.94, 73
2026/09/21 00:20:37.762, 100, 28112, 32623, 200.30, 74
2026/09/21 00:20:38.763, 100, 28112, 32623, 199.98, 73
2026/09/21 00:20:39.763, 98, 28112, 32623, 199.81, 73
2026/09/21 00:20:40.763, 100, 28112, 32623, 200.18, 75
2026/09/21 00:20:41.763, 100, 28112, 32623, 200.00, 75
2026/09/21 00:20:42.764, 100, 28112, 32623, 200.01, 75
2026/09/21 00:20:43.764, 100, 28112, 32623, 200.01, 73
2026/09/21 00:20:44.764, 100, 28112, 32623, 199.97, 75
2026/09/21 00:20:45.765, 100, 28112, 32623, 200.03, 75
2026/09/21 00:20:46.765, 100, 28112, 32623, 200.00, 74
2026/09/21 00:20:47.765, 100, 28112, 32623, 199.99, 75
2026/09/21 00:20:48.765, 100, 28112, 32623, 199.98, 75
2026/09/21 00:20:49.766, 100, 28112, 32623, 199.94, 75
2026/09/21 00:20:50.766, 100, 28112, 32623, 200.02, 74
2026/09/21 00:20:51.766, 100, 28112, 32623, 200.01, 74
2026/09/21 00:20:52.766, 100, 28112, 32623, 199.98, 74
2026/09/21 00:20:53.767, 100, 28112, 32623, 200.02, 74
2026/09/21 00:20:54.767, 100, 28112, 32623, 199.99, 73
2026/09/21 00:20:55.767, 100, 28112, 32623, 199.99, 75
2026/09/21 00:20:56.767, 100, 28112, 32623, 195.88, 71
2026/09/21 00:20:57.768, 100, 28112, 32623, 196.75, 74
2026/09/21 00:20:58.768, 97, 28112, 32623, 199.95, 76
2026/09/21 00:20:59.768, 100, 28112, 32623, 200.44, 75
2026/09/21 00:21:00.768, 100, 28112, 32623, 199.93, 75
2026/09/21 00:21:01.769, 100, 28112, 32623, 200.02, 74
2026/09/21 00:21:02.769, 100, 28112, 32623, 199.99, 73
2026/09/21 00:21:03.769, 100, 28112, 32623, 200.03, 76
2026/09/21 00:21:04.770, 100, 28112, 32623, 199.96, 75
2026/09/21 00:21:05.770, 100, 28112, 32623, 200.02, 74
2026/09/21 00:21:06.770, 100, 28112, 32623, 199.98, 76
2026/09/21 00:21:07.770, 100, 28112, 32623, 200.01, 74
2026/09/21 00:21:08.771, 100, 28112, 32623, 199.98, 75
2026/09/21 00:21:09.771, 100, 28112, 32623, 200.01, 76
2026/09/21 00:21:10.771, 100, 28112, 32623, 199.98, 73
2026/09/21 00:21:11.771, 100, 28112, 32623, 200.01, 73
2026/09/21 00:21:12.772, 100, 28112, 32623, 199.97, 76
2026/09/21 00:21:13.772, 100, 28112, 32623, 200.02, 75
2026/09/21 00:21:14.772, 98, 28112, 32623, 199.97, 75
2026/09/21 00:21:15.773, 100, 28112, 32623, 200.25, 76
2026/09/21 00:21:16.773, 100, 28112, 32623, 199.56, 76
2026/09/21 00:21:17.773, 100, 28112, 32623, 200.40, 75
2026/09/21 00:21:18.773, 100, 28112, 32623, 200.00, 73
2026/09/21 00:21:19.773, 100, 28112, 32623, 199.99, 73
2026/09/21 00:21:20.773, 100, 28112, 32623, 200.01, 74
2026/09/21 00:21:21.774, 100, 28112, 32623, 200.01, 76
2026/09/21 00:21:22.774, 100, 28112, 32623, 199.98, 74
2026/09/21 00:21:23.774, 100, 28112, 32623, 199.98, 73
2026/09/21 00:21:24.775, 100, 28112, 32623, 200.01, 75
2026/09/21 00:21:25.775, 100, 28112, 32623, 199.94, 75
2026/09/21 00:21:26.775, 100, 28112, 32623, 200.04, 75
2026/09/21 00:21:27.775, 100, 28112, 32623, 199.82, 74
2026/09/21 00:21:28.776, 100, 28112, 32623, 199.99, 75
2026/09/21 00:21:29.776, 100, 28112, 32623, 200.01, 76
2026/09/21 00:21:30.776, 100, 28112, 32623, 198.20, 74
2026/09/21 00:21:31.777, 100, 28112, 32623, 200.02, 74
2026/09/21 00:21:32.777, 100, 28112, 32623, 199.99, 75
2026/09/21 00:21:33.777, 100, 28112, 32623, 200.01, 76
2026/09/21 00:21:34.777, 100, 28112, 32623, 200.02, 76
2026/09/21 00:21:35.778, 100, 28112, 32623, 199.98, 74
2026/09/21 00:21:36.778, 100, 28112, 32623, 200.01, 74
2026/09/21 00:21:37.778, 100, 28112, 32623, 199.99, 73
2026/09/21 00:21:38.778, 100, 28112, 32623, 199.99, 74
2026/09/21 00:21:39.779, 99, 28112, 32623, 199.88, 75
2026/09/21 00:21:40.779, 100, 28112, 32623, 200.04, 73
2026/09/21 00:21:41.779, 100, 28112, 32623, 200.02, 74
2026/09/21 00:21:42.779, 100, 28112, 32623, 200.02, 73
2026/09/21 00:21:43.780, 100, 28112, 32623, 200.01, 76
2026/09/21 00:21:44.780, 98, 28112, 32623, 199.96, 76
2026/09/21 00:21:45.780, 100, 28112, 32623, 200.23, 75
2026/09/21 00:21:46.781, 100, 28112, 32623, 200.01, 74
2026/09/21 00:21:47.781, 100, 28112, 32623, 200.01, 74
2026/09/21 00:21:48.781, 100, 28112, 32623, 199.99, 75
2026/09/21 00:21:49.781, 100, 28112, 32623, 199.93, 76
2026/09/21 00:21:50.782, 100, 28112, 32623, 200.07, 74
2026/09/21 00:21:51.782, 100, 28112, 32623, 199.99, 75
2026/09/21 00:21:52.782, 100, 28112, 32623, 199.99, 73
2026/09/21 00:21:53.782, 100, 28112, 32623, 199.99, 75
2026/09/21 00:21:54.783, 100, 28112, 32623, 199.85, 75
2026/09/21 00:21:55.783, 100, 28112, 32623, 200.16, 76
2026/09/21 00:21:56.783, 100, 28112, 32623, 200.01, 74
2026/09/21 00:21:57.784, 100, 28112, 32623, 199.98, 76
2026/09/21 00:21:58.784, 100, 28112, 32623, 200.02, 74
2026/09/21 00:21:59.784, 100, 28112, 32623, 200.01, 74
2026/09/21 00:22:00.784, 100, 28112, 32623, 200.01, 76
2026/09/21 00:22:01.785, 100, 28112, 32623, 200.02, 74
2026/09/21 00:22:02.785, 99, 28112, 32623, 199.92, 76
2026/09/21 00:22:03.785, 100, 28112, 32623, 200.08, 76
2026/09/21 00:22:04.786, 100, 28112, 32623, 200.01, 76
2026/09/21 00:22:05.786, 91, 28112, 32623, 196.15, 74
2026/09/21 00:22:06.786, 100, 28112, 32623, 201.37, 73
2026/09/21 00:22:07.787, 100, 28112, 32623, 199.98, 73
2026/09/21 00:22:08.787, 100, 28112, 32623, 198.63, 75
2026/09/21 00:22:09.787, 100, 28112, 32623, 200.06, 74
2026/09/21 00:22:10.787, 95, 28112, 32623, 196.04, 72
2026/09/21 00:22:11.788, 97, 28112, 32623, 199.53, 72
2026/09/21 00:22:12.788, 94, 28112, 32623, 199.74, 73
2026/09/21 00:22:13.788, 94, 28112, 32623, 200.00, 71
2026/09/21 00:22:14.788, 97, 28112, 32623, 199.97, 72
2026/09/21 00:22:15.789, 94, 28112, 32623, 199.73, 72
2026/09/21 00:22:16.789, 94, 28112, 32623, 200.02, 71
2026/09/21 00:22:17.789, 0, 28112, 32623, 151.42, 63
2026/09/21 00:22:18.789, 0, 28112, 32623, 60.21, 61
2026/09/21 00:22:19.790, 0, 28112, 32623, 53.28, 59
2026/09/21 00:22:20.790, 0, 28112, 32623, 47.42, 58
2026/09/21 00:22:21.790, 0, 28112, 32623, 41.36, 57
2026/09/21 00:22:22.790, 0, 28112, 32623, 41.24, 56
2026/09/21 00:22:23.791, 100, 28112, 32623, 85.35, 66
2026/09/21 00:22:24.791, 100, 28112, 32623, 200.16, 68
2026/09/21 00:22:25.791, 100, 28112, 32623, 199.99, 69
2026/09/21 00:22:26.791, 100, 28112, 32623, 199.98, 70
2026/09/21 00:22:27.792, 100, 28112, 32623, 200.01, 70
2026/09/21 00:22:28.792, 100, 28112, 32623, 200.00, 70
2026/09/21 00:22:29.792, 100, 28112, 32623, 200.01, 71
2026/09/21 00:22:30.792, 100, 28112, 32623, 200.52, 70
2026/09/21 00:22:31.793, 100, 28112, 32623, 200.02, 71
2026/09/21 00:22:32.793, 100, 28112, 32623, 199.99, 72
2026/09/21 00:22:33.793, 100, 28112, 32623, 200.00, 72
2026/09/21 00:22:34.793, 100, 28112, 32623, 200.00, 72
2026/09/21 00:22:35.793, 100, 28112, 32623, 199.98, 72
2026/09/21 00:22:36.794, 100, 28112, 32623, 200.01, 71
2026/09/21 00:22:37.794, 100, 28112, 32623, 200.00, 71
2026/09/21 00:22:38.794, 100, 28112, 32623, 199.98, 72
2026/09/21 00:22:39.795, 100, 28112, 32623, 199.96, 72
2026/09/21 00:22:40.795, 100, 28112, 32623, 200.05, 72
2026/09/21 00:22:41.795, 100, 28112, 32623, 199.99, 73
2026/09/21 00:22:42.795, 100, 28112, 32623, 194.35, 72
2026/09/21 00:22:43.796, 99, 28112, 32623, 199.96, 74
2026/09/21 00:22:44.796, 100, 28112, 32623, 200.23, 74
2026/09/21 00:22:45.796, 100, 28112, 32623, 200.01, 72
2026/09/21 00:22:46.797, 97, 28112, 32623, 199.69, 72
2026/09/21 00:22:47.797, 100, 28112, 32623, 200.32, 72
2026/09/21 00:22:48.797, 100, 28112, 32623, 199.98, 73
2026/09/21 00:22:49.797, 97, 28112, 32623, 199.46, 74
2026/09/21 00:22:50.798, 100, 28112, 32623, 199.98, 73
2026/09/21 00:22:51.798, 100, 28112, 32623, 200.01, 72
2026/09/21 00:22:52.798, 100, 28112, 32623, 200.01, 75
2026/09/21 00:22:53.798, 100, 28112, 32623, 200.01, 74
2026/09/21 00:22:54.799, 100, 28112, 32623, 199.96, 73
2026/09/21 00:22:55.799, 100, 28112, 32623, 200.02, 73
2026/09/21 00:22:56.799, 100, 28112, 32623, 200.03, 75
2026/09/21 00:22:57.800, 100, 28112, 32623, 199.99, 75
2026/09/21 00:22:58.800, 100, 28112, 32623, 200.00, 74
2026/09/21 00:22:59.800, 100, 28112, 32623, 199.97, 73
2026/09/21 00:23:00.800, 100, 28112, 32623, 200.02, 75
2026/09/21 00:23:01.801, 100, 28112, 32623, 199.99, 75
2026/09/21 00:23:02.801, 100, 28112, 32623, 200.01, 73
2026/09/21 00:23:03.801, 100, 28112, 32623, 200.00, 75
2026/09/21 00:23:04.801, 99, 28112, 32623, 199.86, 75
2026/09/21 00:23:05.802, 100, 28112, 32623, 200.00, 75
2026/09/21 00:23:06.802, 100, 28112, 32623, 199.93, 73
2026/09/21 00:23:07.802, 100, 28112, 32623, 200.05, 73
2026/09/21 00:23:08.803, 100, 28112, 32623, 197.20, 74
2026/09/21 00:23:09.803, 100, 28112, 32623, 200.59, 73
2026/09/21 00:23:10.803, 100, 28112, 32623, 200.00, 75
2026/09/21 00:23:11.803, 100, 28112, 32623, 199.99, 73
2026/09/21 00:23:12.803, 100, 28112, 32623, 200.00, 74
2026/09/21 00:23:13.804, 100, 28112, 32623, 200.02, 74
2026/09/21 00:23:14.804, 100, 28112, 32623, 200.01, 73
2026/09/21 00:23:15.804, 100, 28112, 32623, 200.01, 75
2026/09/21 00:23:16.804, 100, 28112, 32623, 199.97, 74
2026/09/21 00:23:17.805, 100, 28112, 32623, 200.01, 75
2026/09/21 00:23:18.805, 100, 28112, 32623, 200.00, 75
2026/09/21 00:23:19.805, 100, 28112, 32623, 199.99, 75
2026/09/21 00:23:20.806, 100, 28112, 32623, 199.98, 74
2026/09/21 00:23:21.806, 100, 28112, 32623, 199.99, 75
2026/09/21 00:23:22.806, 100, 28112, 32623, 200.02, 74
2026/09/21 00:23:23.806, 100, 28112, 32623, 199.99, 74
2026/09/21 00:23:24.807, 100, 28112, 32623, 199.99, 75
2026/09/21 00:23:25.807, 100, 28112, 32623, 200.01, 74
2026/09/21 00:23:26.807, 100, 28112, 32623, 199.99, 75
2026/09/21 00:23:27.807, 100, 28112, 32623, 199.97, 75
2026/09/21 00:23:28.808, 100, 28112, 32623, 199.99, 75
2026/09/21 00:23:29.808, 100, 28112, 32623, 200.01, 73
2026/09/21 00:23:30.808, 100, 28112, 32623, 199.95, 75
2026/09/21 00:23:31.808, 100, 28112, 32623, 200.07, 74
2026/09/21 00:23:32.809, 98, 28112, 32623, 199.68, 74
2026/09/21 00:23:33.809, 100, 28112, 32623, 200.20, 75
2026/09/21 00:23:34.809, 100, 28112, 32623, 199.99, 74
2026/09/21 00:23:35.810, 100, 28112, 32623, 200.00, 76
2026/09/21 00:23:36.810, 100, 28112, 32623, 199.98, 73
2026/09/21 00:23:37.810, 100, 28112, 32623, 200.02, 74
2026/09/21 00:23:38.810, 100, 28112, 32623, 200.00, 74
2026/09/21 00:23:39.811, 100, 28112, 32623, 199.99, 74
2026/09/21 00:23:40.811, 100, 28112, 32623, 200.02, 74
2026/09/21 00:23:41.811, 88, 28112, 32623, 199.15, 76
2026/09/21 00:23:42.811, 100, 28112, 32623, 197.75, 75
2026/09/21 00:23:43.812, 100, 28112, 32623, 200.01, 76
2026/09/21 00:23:44.812, 100, 28112, 32623, 200.00, 74
2026/09/21 00:23:45.813, 100, 28112, 32623, 199.99, 73
2026/09/21 00:23:46.813, 100, 28112, 32623, 199.97, 76
2026/09/21 00:23:47.813, 100, 28112, 32623, 200.02, 76
2026/09/21 00:23:48.813, 100, 28112, 32623, 199.98, 75
2026/09/21 00:23:49.814, 100, 28112, 32623, 200.02, 76
2026/09/21 00:23:50.814, 100, 28112, 32623, 199.98, 76
2026/09/21 00:23:51.814, 100, 28112, 32623, 200.02, 74
2026/09/21 00:23:52.814, 100, 28112, 32623, 200.03, 76
2026/09/21 00:23:53.814, 98, 28112, 32623, 199.62, 76
2026/09/21 00:23:54.815, 100, 28112, 32623, 200.15, 76
2026/09/21 00:23:55.815, 100, 28112, 32623, 200.00, 75
2026/09/21 00:23:56.815, 100, 28112, 32623, 199.99, 75
2026/09/21 00:23:57.816, 100, 28112, 32623, 200.02, 74
2026/09/21 00:23:58.816, 98, 28112, 32623, 199.67, 74
2026/09/21 00:23:59.816, 100, 28112, 32623, 200.15, 75
2026/09/21 00:24:00.816, 100, 28112, 32623, 199.99, 73
2026/09/21 00:24:01.817, 100, 28112, 32623, 200.02, 74
2026/09/21 00:24:02.817, 100, 28112, 32623, 200.00, 75
2026/09/21 00:24:03.817, 99, 28112, 32623, 199.82, 73
2026/09/21 00:24:04.818, 100, 28112, 32623, 199.99, 75
2026/09/21 00:24:05.818, 100, 28112, 32623, 200.00, 73
2026/09/21 00:24:06.818, 100, 28112, 32623, 199.99, 76
2026/09/21 00:24:07.818, 100, 28112, 32623, 200.03, 73
2026/09/21 00:24:08.819, 100, 28112, 32623, 200.00, 75
2026/09/21 00:24:09.819, 100, 28112, 32623, 199.98, 74
2026/09/21 00:24:10.819, 100, 28112, 32623, 200.00, 75
2026/09/21 00:24:11.819, 98, 28112, 32623, 199.71, 73
2026/09/21 00:24:12.820, 100, 28112, 32623, 200.27, 74
2026/09/21 00:24:13.820, 100, 28112, 32623, 199.99, 75
2026/09/21 00:24:14.820, 100, 28112, 32623, 200.01, 74
2026/09/21 00:24:15.820, 100, 28112, 32623, 200.01, 73
2026/09/21 00:24:16.821, 100, 28112, 32623, 200.00, 74
2026/09/21 00:24:17.821, 100, 28112, 32623, 196.67, 75
2026/09/21 00:24:18.821, 100, 28112, 32623, 200.00, 75
2026/09/21 00:24:19.821, 100, 28112, 32623, 199.97, 75
2026/09/21 00:24:20.822, 100, 28112, 32623, 198.74, 75
2026/09/21 00:24:21.822, 44, 28112, 32623, 193.12, 68
2026/09/21 00:24:22.822, 95, 28112, 32623, 196.74, 72
2026/09/21 00:24:23.822, 95, 28112, 32623, 200.02, 72
2026/09/21 00:24:24.823, 96, 28112, 32623, 200.02, 71
2026/09/21 00:24:25.823, 96, 28112, 32623, 199.99, 72
2026/09/21 00:24:26.823, 94, 28112, 32623, 199.80, 71
2026/09/21 00:24:27.823, 97, 28112, 32623, 199.99, 72
2026/09/21 00:24:28.823, 94, 28112, 32623, 199.75, 72
2026/09/21 00:24:29.824, 92, 28112, 32623, 99.94, 70
2026/09/21 00:24:30.824, 100, 28112, 32623, 203.14, 72
2026/09/21 00:24:31.824, 100, 28112, 32623, 199.99, 71
2026/09/21 00:24:32.824, 97, 28112, 32623, 199.74, 72
2026/09/21 00:24:33.825, 97, 28112, 32623, 199.69, 71
2026/09/21 00:24:34.825, 100, 28112, 32623, 199.99, 72
2026/09/21 00:24:35.825, 100, 28112, 32623, 200.02, 72
2026/09/21 00:24:36.825, 100, 28112, 32623, 200.01, 72
2026/09/21 00:24:37.825, 100, 28112, 32623, 199.99, 74
2026/09/21 00:24:38.826, 100, 28112, 32623, 200.02, 72
2026/09/21 00:24:39.826, 100, 28112, 32623, 199.97, 72
2026/09/21 00:24:40.826, 98, 28112, 32623, 199.75, 72
2026/09/21 00:24:41.826, 100, 28112, 32623, 200.00, 72
2026/09/21 00:24:42.826, 100, 28112, 32623, 200.00, 73
2026/09/21 00:24:43.827, 100, 28112, 32623, 200.01, 73
2026/09/21 00:24:44.827, 100, 28112, 32623, 199.93, 73
2026/09/21 00:24:45.827, 100, 28112, 32623, 200.01, 72
2026/09/21 00:24:46.827, 100, 28112, 32623, 200.02, 73
2026/09/21 00:24:47.827, 100, 28112, 32623, 199.99, 73
2026/09/21 00:24:48.828, 33, 28112, 32623, 189.51, 67
2026/09/21 00:24:49.828, 100, 28112, 32623, 204.58, 74
2026/09/21 00:24:50.828, 100, 28112, 32623, 199.99, 74
2026/09/21 00:24:51.828, 100, 28112, 32623, 199.96, 73
2026/09/21 00:24:52.828, 100, 28112, 32623, 200.29, 74
2026/09/21 00:24:53.829, 100, 28112, 32623, 200.00, 73
2026/09/21 00:24:54.829, 100, 28112, 32623, 199.95, 74
2026/09/21 00:24:55.829, 100, 28112, 32623, 200.16, 73
2026/09/21 00:24:56.829, 100, 28112, 32623, 200.00, 74
2026/09/21 00:24:57.830, 98, 28112, 32623, 199.88, 75
2026/09/21 00:24:58.830, 100, 28112, 32623, 200.18, 74
2026/09/21 00:24:59.830, 100, 28112, 32623, 200.01, 75
2026/09/21 00:25:00.830, 100, 28112, 32623, 199.99, 74
2026/09/21 00:25:01.830, 100, 28112, 32623, 200.01, 74
2026/09/21 00:25:02.831, 100, 28112, 32623, 199.96, 74
2026/09/21 00:25:03.831, 100, 28112, 32623, 200.03, 74
2026/09/21 00:25:04.831, 100, 28112, 32623, 200.00, 74
2026/09/21 00:25:05.831, 100, 28112, 32623, 200.01, 75
2026/09/21 00:25:06.832, 100, 28112, 32623, 199.98, 74
2026/09/21 00:25:07.832, 100, 28112, 32623, 199.97, 74
2026/09/21 00:25:08.832, 100, 28112, 32623, 200.32, 74
2026/09/21 00:25:09.832, 100, 28112, 32623, 199.99, 73
2026/09/21 00:25:10.832, 100, 28112, 32623, 200.00, 75
2026/09/21 00:25:11.833, 100, 28112, 32623, 199.98, 74
2026/09/21 00:25:12.833, 100, 28112, 32623, 199.99, 73
2026/09/21 00:25:13.833, 100, 28112, 32623, 200.00, 75
2026/09/21 00:25:14.833, 99, 28112, 32623, 199.77, 75
2026/09/21 00:25:15.834, 100, 28112, 32623, 198.62, 76
2026/09/21 00:25:16.834, 98, 28112, 32623, 199.76, 74
2026/09/21 00:25:17.834, 100, 28112, 32623, 200.26, 75
2026/09/21 00:25:18.834, 100, 28112, 32623, 199.96, 74
2026/09/21 00:25:19.835, 100, 28112, 32623, 200.24, 75
2026/09/21 00:25:20.835, 100, 28112, 32623, 199.96, 75
2026/09/21 00:25:21.835, 100, 28112, 32623, 200.04, 74
2026/09/21 00:25:22.836, 100, 28112, 32623, 200.00, 74
2026/09/21 00:25:23.836, 100, 28112, 32623, 200.03, 74
2026/09/21 00:25:24.836, 100, 28112, 32623, 200.01, 74
2026/09/21 00:25:25.836, 100, 28112, 32623, 199.98, 74
2026/09/21 00:25:26.837, 100, 28112, 32623, 200.00, 74
2026/09/21 00:25:27.837, 100, 28112, 32623, 200.05, 73
2026/09/21 00:25:28.837, 100, 28112, 32623, 199.96, 76
2026/09/21 00:25:29.837, 100, 28112, 32623, 200.05, 76
2026/09/21 00:25:30.838, 100, 28112, 32623, 199.95, 74
2026/09/21 00:25:31.838, 100, 28112, 32623, 200.03, 74
2026/09/21 00:25:32.838, 98, 28112, 32623, 199.80, 74
2026/09/21 00:25:33.839, 100, 28112, 32623, 200.14, 74
2026/09/21 00:25:34.839, 99, 28112, 32623, 199.80, 72
2026/09/21 00:25:35.839, 100, 28112, 32623, 200.18, 74
2026/09/21 00:25:36.839, 100, 28112, 32623, 200.01, 76
2026/09/21 00:25:37.840, 100, 28112, 32623, 200.00, 76
2026/09/21 00:25:38.840, 100, 28112, 32623, 199.99, 75
2026/09/21 00:25:39.840, 100, 28112, 32623, 199.98, 73
2026/09/21 00:25:40.840, 100, 28112, 32623, 199.99, 76
2026/09/21 00:25:41.841, 100, 28112, 32623, 200.00, 76
2026/09/21 00:25:42.841, 100, 28112, 32623, 200.01, 74
2026/09/21 00:25:43.841, 100, 28112, 32623, 199.97, 76
2026/09/21 00:25:44.842, 100, 28112, 32623, 200.21, 73
2026/09/21 00:25:45.842, 100, 28112, 32623, 200.01, 75
2026/09/21 00:25:46.842, 100, 28112, 32623, 200.00, 73
2026/09/21 00:25:47.842, 100, 28112, 32623, 199.98, 74
2026/09/21 00:25:48.842, 100, 28112, 32623, 196.67, 75
2026/09/21 00:25:49.843, 100, 28112, 32623, 200.01, 76
2026/09/21 00:25:50.843, 100, 28112, 32623, 199.99, 74
2026/09/21 00:25:51.843, 100, 28112, 32623, 199.99, 73
2026/09/21 00:25:52.843, 100, 28112, 32623, 200.00, 73
2026/09/21 00:25:53.844, 100, 28112, 32623, 200.01, 76
2026/09/21 00:25:54.844, 100, 28112, 32623, 199.99, 75
2026/09/21 00:25:55.844, 100, 28112, 32623, 199.99, 76
2026/09/21 00:25:56.844, 100, 28112, 32623, 199.98, 76
2026/09/21 00:25:57.845, 99, 28112, 32623, 199.69, 74
2026/09/21 00:25:58.845, 100, 28112, 32623, 200.16, 76
2026/09/21 00:25:59.845, 100, 28112, 32623, 199.98, 76
2026/09/21 00:26:00.846, 100, 28112, 32623, 199.99, 76
2026/09/21 00:26:01.846, 100, 28112, 32623, 199.98, 75
2026/09/21 00:26:02.846, 100, 28112, 32623, 199.94, 76
2026/09/21 00:26:03.847, 100, 28112, 32623, 200.07, 74
2026/09/21 00:26:04.847, 100, 28112, 32623, 200.01, 76
2026/09/21 00:26:05.847, 100, 28112, 32623, 199.99, 76
2026/09/21 00:26:06.848, 100, 28112, 32623, 199.99, 73
2026/09/21 00:26:07.848, 98, 28112, 32623, 199.75, 73
2026/09/21 00:26:08.848, 100, 28112, 32623, 200.28, 76
2026/09/21 00:26:09.848, 100, 28112, 32623, 199.97, 73
2026/09/21 00:26:10.849, 100, 28112, 32623, 200.01, 75
2026/09/21 00:26:11.849, 100, 28112, 32623, 200.00, 75
2026/09/21 00:26:12.849, 100, 28112, 32623, 200.00, 76
2026/09/21 00:26:13.849, 100, 28112, 32623, 199.98, 75
2026/09/21 00:26:14.850, 100, 28112, 32623, 200.02, 76
2026/09/21 00:26:15.850, 100, 28112, 32623, 199.98, 76
2026/09/21 00:26:16.850, 100, 28112, 32623, 200.01, 76
2026/09/21 00:26:17.850, 100, 28112, 32623, 200.01, 74
2026/09/21 00:26:18.851, 100, 28112, 32623, 199.99, 76
2026/09/21 00:26:19.851, 100, 28112, 32623, 200.02, 76
2026/09/21 00:26:20.851, 99, 28112, 32623, 199.82, 74
2026/09/21 00:26:21.851, 100, 28112, 32623, 200.16, 75
2026/09/21 00:26:22.852, 100, 28112, 32623, 199.97, 76
2026/09/21 00:26:23.852, 100, 28112, 32623, 196.25, 76
2026/09/21 00:26:24.852, 100, 28112, 32623, 203.14, 76
2026/09/21 00:26:25.852, 100, 28112, 32623, 200.00, 75
2026/09/21 00:26:26.853, 100, 28112, 32623, 197.47, 74
2026/09/21 00:26:27.853, 100, 28112, 32623, 200.09, 75
2026/09/21 00:26:28.853, 98, 28112, 32623, 196.39, 73
2026/09/21 00:26:29.853, 94, 28112, 32623, 199.41, 73
2026/09/21 00:26:30.853, 96, 28112, 32623, 200.15, 71
2026/09/21 00:26:31.853, 97, 28112, 32623, 199.91, 72
2026/09/21 00:26:32.854, 94, 28112, 32623, 199.95, 72
2026/09/21 00:26:33.854, 96, 28112, 32623, 199.93, 72
2026/09/21 00:26:34.854, 95, 28112, 32623, 200.21, 72
2026/09/21 00:26:35.854, 0, 28112, 32623, 158.78, 63
2026/09/21 00:26:36.855, 100, 28112, 32623, 147.47, 71
2026/09/21 00:26:37.855, 100, 28112, 32623, 200.02, 72
2026/09/21 00:26:38.855, 100, 28112, 32623, 199.99, 71
2026/09/21 00:26:39.855, 100, 28112, 32623, 200.00, 72
2026/09/21 00:26:40.856, 100, 28112, 32623, 200.02, 72
2026/09/21 00:26:41.856, 100, 28112, 32623, 200.00, 73
2026/09/21 00:26:42.856, 100, 28112, 32623, 199.99, 72
2026/09/21 00:26:43.856, 100, 28112, 32623, 199.96, 73
2026/09/21 00:26:44.856, 99, 28112, 32623, 199.80, 74
2026/09/21 00:26:45.857, 100, 28112, 32623, 200.00, 73
2026/09/21 00:26:46.857, 100, 28112, 32623, 199.97, 73
2026/09/21 00:26:47.857, 100, 28112, 32623, 200.01, 73
2026/09/21 00:26:48.857, 100, 28112, 32623, 199.98, 73
2026/09/21 00:26:49.857, 97, 28112, 32623, 199.47, 74
2026/09/21 00:26:50.858, 100, 28112, 32623, 199.99, 72
2026/09/21 00:26:51.858, 100, 28112, 32623, 199.99, 73
2026/09/21 00:26:52.858, 100, 28112, 32623, 200.02, 74
2026/09/21 00:26:53.858, 98, 28112, 32623, 199.84, 74
2026/09/21 00:26:54.859, 100, 28112, 32623, 200.15, 73
2026/09/21 00:26:55.859, 100, 28112, 32623, 195.96, 73
2026/09/21 00:26:56.859, 100, 28112, 32623, 200.01, 74
2026/09/21 00:26:57.860, 100, 28112, 32623, 200.39, 73
2026/09/21 00:26:58.861, 100, 28112, 32623, 200.01, 73
2026/09/21 00:26:59.861, 100, 28112, 32623, 199.94, 74
2026/09/21 00:27:00.861, 100, 28112, 32623, 200.06, 75
2026/09/21 00:27:01.862, 100, 28112, 32623, 200.00, 73
2026/09/21 00:27:02.862, 100, 28112, 32623, 199.96, 73
2026/09/21 00:27:03.862, 100, 28112, 32623, 200.07, 74
2026/09/21 00:27:04.862, 100, 28112, 32623, 199.97, 74
2026/09/21 00:27:05.863, 98, 28112, 32623, 199.52, 75
2026/09/21 00:27:06.863, 100, 28112, 32623, 200.54, 74
2026/09/21 00:27:07.863, 100, 28112, 32623, 199.96, 75
2026/09/21 00:27:08.883, 100, 28112, 32623, 199.99, 75
2026/09/21 00:27:09.884, 100, 28112, 32623, 200.00, 73
2026/09/21 00:27:10.884, 98, 28112, 32623, 199.85, 75
2026/09/21 00:27:11.884, 100, 28112, 32623, 200.17, 73
2026/09/21 00:27:12.885, 100, 28112, 32623, 200.00, 73
2026/09/21 00:27:13.885, 100, 28112, 32623, 200.01, 74
2026/09/21 00:27:14.886, 100, 28112, 32623, 200.01, 75
2026/09/21 00:27:15.886, 100, 28112, 32623, 199.99, 74
2026/09/21 00:27:16.886, 100, 28112, 32623, 200.01, 74
2026/09/21 00:27:17.887, 100, 28112, 32623, 199.95, 76
2026/09/21 00:27:18.887, 100, 28112, 32623, 200.05, 74
2026/09/21 00:27:19.887, 100, 28112, 32623, 199.99, 75
2026/09/21 00:27:20.887, 100, 28112, 32623, 200.00, 75
2026/09/21 00:27:21.888, 100, 28112, 32623, 196.28, 73
2026/09/21 00:27:22.888, 100, 28112, 32623, 200.11, 73
2026/09/21 00:27:23.888, 100, 28112, 32623, 200.01, 75
2026/09/21 00:27:24.889, 100, 28112, 32623, 199.98, 73
2026/09/21 00:27:25.889, 100, 28112, 32623, 200.00, 73
2026/09/21 00:27:26.889, 100, 28112, 32623, 199.99, 74
2026/09/21 00:27:27.889, 100, 28112, 32623, 200.00, 75
2026/09/21 00:27:28.890, 100, 28112, 32623, 199.99, 74
2026/09/21 00:27:29.890, 100, 28112, 32623, 200.00, 74
2026/09/21 00:27:30.890, 100, 28112, 32623, 200.01, 75
2026/09/21 00:27:31.891, 100, 28112, 32623, 199.98, 74
2026/09/21 00:27:32.891, 100, 28112, 32623, 200.00, 75
2026/09/21 00:27:33.891, 100, 28112, 32623, 200.01, 74
2026/09/21 00:27:34.891, 100, 28112, 32623, 199.97, 73
2026/09/21 00:27:35.892, 100, 28112, 32623, 199.99, 76
2026/09/21 00:27:36.892, 100, 28112, 32623, 200.02, 76
2026/09/21 00:27:37.892, 100, 28112, 32623, 199.99, 74
2026/09/21 00:27:38.892, 100, 28112, 32623, 200.02, 74
2026/09/21 00:27:39.893, 100, 28112, 32623, 200.00, 74
2026/09/21 00:27:40.893, 100, 28112, 32623, 199.99, 74
2026/09/21 00:27:41.893, 100, 28112, 32623, 199.99, 73
2026/09/21 00:27:42.894, 100, 28112, 32623, 200.01, 74
2026/09/21 00:27:43.894, 100, 28112, 32623, 199.99, 74
2026/09/21 00:27:44.894, 100, 28112, 32623, 200.03, 75
2026/09/21 00:27:45.894, 100, 28112, 32623, 199.96, 76
2026/09/21 00:27:46.895, 100, 28112, 32623, 200.06, 74
2026/09/21 00:27:47.895, 100, 28112, 32623, 199.98, 75
2026/09/21 00:27:48.895, 100, 28112, 32623, 199.97, 75
2026/09/21 00:27:49.895, 100, 28112, 32623, 200.00, 76
2026/09/21 00:27:50.896, 100, 28112, 32623, 199.99, 75
2026/09/21 00:27:51.896, 100, 28112, 32623, 200.01, 75
2026/09/21 00:27:52.896, 100, 28112, 32623, 199.97, 75
2026/09/21 00:27:53.897, 100, 28112, 32623, 200.01, 76
2026/09/21 00:27:54.897, 44, 28112, 32623, 192.43, 68
2026/09/21 00:27:55.897, 100, 28112, 32623, 197.14, 74
2026/09/21 00:27:56.897, 100, 28112, 32623, 199.98, 73
2026/09/21 00:27:57.898, 100, 28112, 32623, 200.00, 76
2026/09/21 00:27:58.898, 100, 28112, 32623, 200.03, 76
2026/09/21 00:27:59.898, 100, 28112, 32623, 200.01, 73
2026/09/21 00:28:00.899, 100, 28112, 32623, 200.06, 74
2026/09/21 00:28:01.899, 99, 28112, 32623, 199.85, 75
2026/09/21 00:28:02.899, 100, 28112, 32623, 200.16, 74
2026/09/21 00:28:03.899, 100, 28112, 32623, 199.99, 73
2026/09/21 00:28:04.900, 100, 28112, 32623, 200.01, 75
2026/09/21 00:28:05.900, 100, 28112, 32623, 199.99, 73
2026/09/21 00:28:06.900, 98, 28112, 32623, 199.82, 75
2026/09/21 00:28:07.901, 100, 28112, 32623, 200.18, 74
2026/09/21 00:28:08.901, 100, 28112, 32623, 200.01, 76
2026/09/21 00:28:09.901, 100, 28112, 32623, 199.99, 76
2026/09/21 00:28:10.901, 100, 28112, 32623, 199.99, 75
2026/09/21 00:28:11.902, 98, 28112, 32623, 199.88, 75
2026/09/21 00:28:12.902, 100, 28112, 32623, 200.14, 73
2026/09/21 00:28:13.902, 100, 28112, 32623, 199.99, 75
2026/09/21 00:28:14.902, 100, 28112, 32623, 199.99, 75
2026/09/21 00:28:15.903, 100, 28112, 32623, 200.03, 75
2026/09/21 00:28:16.903, 99, 28112, 32623, 199.93, 76
2026/09/21 00:28:17.903, 100, 28112, 32623, 200.01, 74
2026/09/21 00:28:18.903, 100, 28112, 32623, 199.99, 75
2026/09/21 00:28:19.904, 100, 28112, 32623, 199.98, 73
2026/09/21 00:28:20.904, 100, 28112, 32623, 200.01, 75
2026/09/21 00:28:21.904, 100, 28112, 32623, 200.01, 74
2026/09/21 00:28:22.904, 100, 28112, 32623, 200.01, 75
2026/09/21 00:28:23.905, 100, 28112, 32623, 200.00, 76
2026/09/21 00:28:24.905, 100, 28112, 32623, 199.87, 75
2026/09/21 00:28:25.905, 100, 28112, 32623, 200.09, 75
2026/09/21 00:28:26.906, 100, 28112, 32623, 200.03, 75
2026/09/21 00:28:27.906, 100, 28112, 32623, 199.99, 75
2026/09/21 00:28:28.906, 100, 28112, 32623, 200.01, 75
2026/09/21 00:28:29.906, 100, 28112, 32623, 199.99, 75
2026/09/21 00:28:30.907, 100, 28112, 32623, 197.10, 76
2026/09/21 00:28:31.907, 100, 28112, 32623, 200.05, 76
2026/09/21 00:28:32.907, 99, 28112, 32623, 199.77, 75
2026/09/21 00:28:33.907, 100, 28112, 32623, 197.50, 74
2026/09/21 00:28:34.908, 70, 28112, 32623, 194.88, 73
2026/09/21 00:28:35.908, 94, 28112, 32623, 199.57, 72
2026/09/21 00:28:36.908, 97, 28112, 32623, 200.15, 72
2026/09/21 00:28:37.908, 95, 28112, 32623, 200.08, 72
2026/09/21 00:28:38.908, 96, 28112, 32623, 200.02, 71
2026/09/21 00:28:39.909, 96, 28112, 32623, 199.99, 72
2026/09/21 00:28:40.909, 94, 28112, 32623, 199.81, 71
2026/09/21 00:28:41.909, 97, 28112, 32623, 200.00, 72
2026/09/21 00:28:42.909, 100, 28112, 32623, 98.68, 70
2026/09/21 00:28:43.909, 100, 28112, 32623, 204.65, 71
2026/09/21 00:28:44.910, 100, 28112, 32623, 199.98, 71
2026/09/21 00:28:45.910, 99, 28112, 32623, 199.93, 72
2026/09/21 00:28:46.910, 97, 28112, 32623, 199.71, 72
2026/09/21 00:28:47.910, 100, 28112, 32623, 200.49, 72
2026/09/21 00:28:48.911, 100, 28112, 32623, 200.03, 72
2026/09/21 00:28:49.911, 100, 28112, 32623, 199.97, 72
2026/09/21 00:28:50.911, 100, 28112, 32623, 200.01, 72
2026/09/21 00:28:51.911, 100, 28112, 32623, 199.97, 72
2026/09/21 00:28:52.911, 100, 28112, 32623, 200.01, 74
2026/09/21 00:28:53.912, 98, 28112, 32623, 199.93, 74
2026/09/21 00:28:54.912, 100, 28112, 32623, 200.14, 74
2026/09/21 00:28:55.912, 100, 28112, 32623, 200.00, 73
2026/09/21 00:28:56.912, 100, 28112, 32623, 200.00, 73
2026/09/21 00:28:57.912, 100, 28112, 32623, 199.96, 73
2026/09/21 00:28:58.913, 100, 28112, 32623, 200.05, 74
2026/09/21 00:28:59.913, 100, 28112, 32623, 199.98, 73
2026/09/21 00:29:00.913, 100, 28112, 32623, 200.01, 73
2026/09/21 00:29:01.913, 62, 28112, 32623, 191.68, 73
2026/09/21 00:29:02.914, 100, 28112, 32623, 203.13, 73
2026/09/21 00:29:03.914, 100, 28112, 32623, 200.01, 73
2026/09/21 00:29:04.914, 100, 28112, 32623, 199.94, 74
2026/09/21 00:29:05.914, 100, 28112, 32623, 200.06, 74
2026/09/21 00:29:06.914, 100, 28112, 32623, 199.98, 73
2026/09/21 00:29:07.915, 100, 28112, 32623, 199.95, 74
2026/09/21 00:29:08.915, 100, 28112, 32623, 200.05, 75
2026/09/21 00:29:09.915, 100, 28112, 32623, 200.01, 75
2026/09/21 00:29:10.915, 100, 28112, 32623, 199.96, 75
2026/09/21 00:29:11.915, 100, 28112, 32623, 200.03, 74
2026/09/21 00:29:12.916, 100, 28112, 32623, 199.99, 73
2026/09/21 00:29:13.916, 100, 28112, 32623, 200.00, 74
2026/09/21 00:29:14.916, 100, 28112, 32623, 199.98, 75
2026/09/21 00:29:15.917, 100, 28112, 32623, 199.96, 73
2026/09/21 00:29:16.917, 100, 28112, 32623, 200.03, 73
2026/09/21 00:29:17.917, 100, 28112, 32623, 199.98, 74
2026/09/21 00:29:18.917, 100, 28112, 32623, 200.02, 73
2026/09/21 00:29:19.917, 100, 28112, 32623, 199.99, 73
2026/09/21 00:29:20.918, 100, 28112, 32623, 199.94, 73
2026/09/21 00:29:21.918, 100, 28112, 32623, 200.05, 75
2026/09/21 00:29:22.918, 100, 28112, 32623, 200.00, 75
2026/09/21 00:29:23.918, 100, 28112, 32623, 200.01, 75
2026/09/21 00:29:24.918, 100, 28112, 32623, 199.99, 74
2026/09/21 00:29:25.918, 100, 28112, 32623, 199.99, 75
2026/09/21 00:29:26.919, 100, 28112, 32623, 200.01, 74
2026/09/21 00:29:27.919, 99, 28112, 32623, 199.81, 75
2026/09/21 00:29:28.919, 100, 28112, 32623, 195.04, 75
2026/09/21 00:29:29.919, 98, 28112, 32623, 199.77, 74
2026/09/21 00:29:30.919, 100, 28112, 32623, 200.26, 75
2026/09/21 00:29:31.920, 100, 28112, 32623, 199.96, 74
2026/09/21 00:29:32.920, 100, 28112, 32623, 200.21, 75
2026/09/21 00:29:33.920, 100, 28112, 32623, 199.95, 75
2026/09/21 00:29:34.920, 100, 28112, 32623, 200.05, 73
2026/09/21 00:29:35.921, 100, 28112, 32623, 200.02, 74
2026/09/21 00:29:36.921, 100, 28112, 32623, 199.98, 75
2026/09/21 00:29:37.921, 100, 28112, 32623, 200.00, 74
2026/09/21 00:29:38.921, 100, 28112, 32623, 199.99, 75
2026/09/21 00:29:39.921, 100, 28112, 32623, 200.01, 74
2026/09/21 00:29:40.922, 100, 28112, 32623, 200.03, 74
2026/09/21 00:29:41.922, 100, 28112, 32623, 200.00, 76
2026/09/21 00:29:42.922, 100, 28112, 32623, 200.01, 76
2026/09/21 00:29:43.922, 100, 28112, 32623, 199.96, 74
2026/09/21 00:29:44.925, 100, 28112, 32623, 200.04, 73
2026/09/21 00:29:45.925, 98, 28112, 32623, 199.81, 75
2026/09/21 00:29:46.926, 100, 28112, 32623, 200.12, 73
2026/09/21 00:29:47.926, 99, 28112, 32623, 199.82, 74
2026/09/21 00:29:48.926, 100, 28112, 32623, 200.02, 74
2026/09/21 00:29:49.926, 100, 28112, 32623, 200.00, 76
2026/09/21 00:29:50.927, 100, 28112, 32623, 200.01, 75
2026/09/21 00:29:51.927, 100, 28112, 32623, 199.98, 75
2026/09/21 00:29:52.927, 100, 28112, 32623, 200.00, 75
2026/09/21 00:29:53.927, 100, 28112, 32623, 200.03, 75
2026/09/21 00:29:54.928, 100, 28112, 32623, 199.98, 76
2026/09/21 00:29:55.928, 100, 28112, 32623, 200.01, 74
2026/09/21 00:29:56.928, 100, 28112, 32623, 199.97, 75
2026/09/21 00:29:57.928, 100, 28112, 32623, 200.24, 74
2026/09/21 00:29:58.929, 100, 28112, 32623, 200.00, 75
2026/09/21 00:29:59.929, 100, 28112, 32623, 200.00, 74
2026/09/21 00:30:00.929, 100, 28112, 32623, 200.00, 75
2026/09/21 00:30:01.930, 100, 28112, 32623, 196.99, 75
2026/09/21 00:30:02.930, 100, 28112, 32623, 200.03, 76
2026/09/21 00:30:03.935, 100, 28373, 32623, 199.96, 74
2026/09/21 00:30:04.936, 100, 28112, 32623, 200.09, 73
2026/09/21 00:30:05.936, 100, 28112, 32623, 200.01, 74
2026/09/21 00:30:06.936, 100, 28112, 32623, 200.00, 75
2026/09/21 00:30:07.936, 100, 28112, 32623, 200.00, 75
2026/09/21 00:30:08.937, 100, 28112, 32623, 200.00, 76
2026/09/21 00:30:09.937, 100, 28112, 32623, 199.98, 76
2026/09/21 00:30:10.937, 98, 28112, 32623, 199.61, 74
2026/09/21 00:30:11.937, 100, 28112, 32623, 200.20, 76
2026/09/21 00:30:12.938, 100, 28112, 32623, 200.01, 75
2026/09/21 00:30:13.938, 100, 28112, 32623, 199.97, 76
2026/09/21 00:30:14.938, 100, 28112, 32623, 199.99, 75
2026/09/21 00:30:15.939, 99, 28112, 32623, 199.88, 75
2026/09/21 00:30:16.939, 100, 28112, 32623, 200.14, 74
2026/09/21 00:30:17.939, 100, 28112, 32623, 199.99, 76
2026/09/21 00:30:18.939, 100, 28112, 32623, 199.98, 76
2026/09/21 00:30:19.939, 100, 28112, 32623, 199.99, 73
2026/09/21 00:30:20.940, 98, 28112, 32623, 199.77, 74
2026/09/21 00:30:21.940, 100, 28112, 32623, 200.22, 76
2026/09/21 00:30:22.940, 100, 28112, 32623, 200.02, 74
2026/09/21 00:30:23.956, 100, 28112, 32623, 200.01, 75
2026/09/21 00:30:24.957, 100, 28112, 32623, 199.99, 75
2026/09/21 00:30:25.957, 100, 28112, 32623, 199.96, 76
2026/09/21 00:30:26.957, 100, 28112, 32623, 200.02, 75
2026/09/21 00:30:27.957, 100, 28112, 32623, 199.99, 76
2026/09/21 00:30:28.958, 100, 28112, 32623, 199.95, 75
2026/09/21 00:30:29.958, 100, 28112, 32623, 200.01, 76
2026/09/21 00:30:30.959, 100, 28112, 32623, 200.02, 74
2026/09/21 00:30:31.959, 100, 28112, 32623, 199.99, 75
2026/09/21 00:30:32.959, 100, 28112, 32623, 199.98, 76
2026/09/21 00:30:33.959, 99, 28112, 32623, 199.80, 73
2026/09/21 00:30:34.960, 100, 28112, 32623, 199.99, 75
2026/09/21 00:30:35.960, 100, 28112, 32623, 199.98, 75
2026/09/21 00:30:36.960, 100, 28112, 32623, 194.57, 77
2026/09/21 00:30:37.960, 100, 28112, 32623, 204.30, 76
2026/09/21 00:30:38.961, 100, 28112, 32623, 199.97, 76
2026/09/21 00:30:39.961, 100, 28112, 32623, 197.64, 74
2026/09/21 00:30:40.961, 100, 28112, 32623, 200.38, 75
2026/09/21 00:30:41.961, 98, 28112, 32623, 195.94, 73
2026/09/21 00:30:42.962, 97, 28112, 32623, 199.72, 72
2026/09/21 00:30:43.962, 94, 28112, 32623, 199.99, 72
2026/09/21 00:30:44.962, 94, 28112, 32623, 200.12, 71
2026/09/21 00:30:45.963, 97, 28112, 32623, 199.98, 72
2026/09/21 00:30:46.963, 94, 28112, 32623, 199.98, 72
2026/09/21 00:30:47.963, 97, 28112, 32623, 200.21, 72
2026/09/21 00:30:48.963, 0, 28112, 32623, 157.69, 63
2026/09/21 00:30:49.963, 100, 28112, 32623, 140.96, 71
2026/09/21 00:30:50.964, 100, 28112, 32623, 199.99, 71
2026/09/21 00:30:51.964, 100, 28112, 32623, 199.98, 71
2026/09/21 00:30:52.964, 100, 28112, 32623, 199.96, 72
2026/09/21 00:30:53.964, 100, 28112, 32623, 199.99, 72
2026/09/21 00:30:54.965, 100, 28112, 32623, 199.96, 72
2026/09/21 00:30:55.965, 100, 28112, 32623, 200.00, 72
2026/09/21 00:30:56.965, 100, 28112, 32623, 200.01, 71
2026/09/21 00:30:57.965, 99, 28112, 32623, 200.02, 73
2026/09/21 00:30:58.965, 100, 28112, 32623, 200.25, 71
2026/09/21 00:30:59.966, 100, 28112, 32623, 200.00, 73
2026/09/21 00:31:00.966, 100, 28112, 32623, 200.01, 73
2026/09/21 00:31:01.966, 100, 28112, 32623, 199.97, 74
2026/09/21 00:31:02.966, 97, 28112, 32623, 199.50, 72
2026/09/21 00:31:03.967, 100, 28112, 32623, 199.97, 73
2026/09/21 00:31:04.967, 100, 28112, 32623, 199.98, 73
2026/09/21 00:31:05.967, 100, 28112, 32623, 200.01, 73
2026/09/21 00:31:06.967, 97, 28112, 32623, 199.44, 75
2026/09/21 00:31:07.968, 100, 28112, 32623, 199.97, 74
2026/09/21 00:31:08.968, 100, 28112, 32623, 195.36, 73
2026/09/21 00:31:09.968, 100, 28112, 32623, 200.01, 73
2026/09/21 00:31:10.968, 100, 28112, 32623, 200.40, 74
2026/09/21 00:31:11.968, 100, 28112, 32623, 199.99, 73
2026/09/21 00:31:12.969, 100, 28112, 32623, 199.96, 74
2026/09/21 00:31:13.969, 100, 28112, 32623, 200.03, 73
2026/09/21 00:31:14.969, 100, 28112, 32623, 199.98, 73
2026/09/21 00:31:15.969, 100, 28112, 32623, 199.96, 75
2026/09/21 00:31:16.969, 100, 28112, 32623, 200.05, 73
2026/09/21 00:31:17.970, 100, 28112, 32623, 199.99, 74
2026/09/21 00:31:18.970, 98, 28112, 32623, 199.56, 73
2026/09/21 00:31:19.970, 100, 28112, 32623, 200.03, 74
2026/09/21 00:31:20.970, 100, 28112, 32623, 199.98, 75
2026/09/21 00:31:21.970, 100, 28112, 32623, 200.00, 75
2026/09/21 00:31:22.971, 100, 28112, 32623, 199.97, 73
2026/09/21 00:31:23.971, 98, 28112, 32623, 199.88, 75
2026/09/21 00:31:24.971, 100, 28112, 32623, 200.14, 73
2026/09/21 00:31:25.971, 100, 28112, 32623, 199.99, 75
2026/09/21 00:31:26.972, 100, 28112, 32623, 199.99, 74
2026/09/21 00:31:27.972, 100, 28112, 32623, 200.03, 74
2026/09/21 00:31:28.972, 100, 28112, 32623, 200.00, 75
2026/09/21 00:31:29.972, 100, 28112, 32623, 200.00, 74
2026/09/21 00:31:30.972, 100, 28112, 32623, 199.96, 74
2026/09/21 00:31:31.973, 100, 28112, 32623, 200.35, 74
2026/09/21 00:31:32.973, 100, 28112, 32623, 199.98, 75
2026/09/21 00:31:33.973, 100, 28112, 32623, 200.01, 75
2026/09/21 00:31:34.974, 100, 28112, 32623, 197.74, 75
2026/09/21 00:31:35.974, 100, 28112, 32623, 200.08, 75
2026/09/21 00:31:36.974, 100, 28112, 32623, 200.01, 76
2026/09/21 00:31:37.974, 100, 28112, 32623, 199.99, 75
2026/09/21 00:31:38.974, 100, 28112, 32623, 199.99, 75
2026/09/21 00:31:39.975, 100, 28112, 32623, 199.97, 74
2026/09/21 00:31:40.975, 100, 28112, 32623, 200.00, 74
2026/09/21 00:31:41.975, 100, 28112, 32623, 200.01, 75
2026/09/21 00:31:42.975, 100, 28112, 32623, 199.99, 75
2026/09/21 00:31:43.975, 100, 28112, 32623, 200.01, 75
2026/09/21 00:31:44.976, 100, 28112, 32623, 199.97, 75
2026/09/21 00:31:45.976, 100, 28112, 32623, 200.01, 75
2026/09/21 00:31:46.976, 100, 28112, 32623, 199.98, 74
2026/09/21 00:31:47.976, 100, 28112, 32623, 199.99, 75
2026/09/21 00:31:48.976, 100, 28112, 32623, 200.01, 74
2026/09/21 00:31:49.977, 100, 28112, 32623, 200.00, 74
2026/09/21 00:31:50.977, 100, 28112, 32623, 199.98, 74
2026/09/21 00:31:51.977, 100, 28112, 32623, 200.00, 73
2026/09/21 00:31:52.977, 100, 28112, 32623, 200.00, 75
2026/09/21 00:31:53.977, 100, 28112, 32623, 199.99, 74
2026/09/21 00:31:54.978, 100, 28112, 32623, 199.99, 75
2026/09/21 00:31:55.978, 100, 28112, 32623, 199.99, 73
2026/09/21 00:31:56.978, 100, 28112, 32623, 199.99, 74
2026/09/21 00:31:57.978, 100, 28112, 32623, 200.01, 75
2026/09/21 00:31:58.979, 100, 28112, 32623, 199.96, 76
2026/09/21 00:31:59.979, 100, 28112, 32623, 200.25, 75
2026/09/21 00:32:00.979, 99, 28112, 32623, 199.82, 75
2026/09/21 00:32:01.979, 100, 28112, 32623, 199.98, 76
2026/09/21 00:32:02.980, 100, 28112, 32623, 200.01, 73
2026/09/21 00:32:03.980, 100, 28112, 32623, 200.02, 76
2026/09/21 00:32:04.980, 100, 28112, 32623, 200.00, 74
2026/09/21 00:32:05.981, 100, 28112, 32623, 200.01, 76
2026/09/21 00:32:06.981, 100, 28112, 32623, 200.01, 74
2026/09/21 00:32:07.981, 51, 28112, 32623, 193.19, 73
2026/09/21 00:32:08.981, 100, 28112, 32623, 197.60, 74
2026/09/21 00:32:09.982, 100, 28112, 32623, 200.00, 75
2026/09/21 00:32:10.982, 100, 28112, 32623, 200.00, 75
2026/09/21 00:32:11.982, 100, 28112, 32623, 200.00, 74
2026/09/21 00:32:12.982, 100, 28112, 32623, 199.99, 74
2026/09/21 00:32:13.983, 100, 28112, 32623, 200.00, 73
2026/09/21 00:32:14.983, 99, 28112, 32623, 199.87, 75
2026/09/21 00:32:15.983, 100, 28112, 32623, 200.12, 75
2026/09/21 00:32:16.983, 100, 28112, 32623, 199.99, 75
2026/09/21 00:32:17.984, 100, 28112, 32623, 199.99, 75
2026/09/21 00:32:18.984, 100, 28112, 32623, 200.00, 75
2026/09/21 00:32:19.984, 100, 28112, 32623, 199.88, 76
2026/09/21 00:32:20.984, 100, 28112, 32623, 200.05, 74
2026/09/21 00:32:21.985, 100, 28112, 32623, 200.02, 74
2026/09/21 00:32:22.985, 100, 28112, 32623, 200.00, 74
2026/09/21 00:32:23.985, 100, 28112, 32623, 200.01, 75
2026/09/21 00:32:24.986, 100, 28112, 32623, 199.95, 76
2026/09/21 00:32:25.986, 100, 28112, 32623, 200.07, 74
2026/09/21 00:32:26.986, 100, 28112, 32623, 199.99, 76
2026/09/21 00:32:27.986, 100, 28112, 32623, 199.99, 75
2026/09/21 00:32:28.987, 100, 28112, 32623, 200.01, 74
2026/09/21 00:32:29.987, 98, 28112, 32623, 199.60, 76
2026/09/21 00:32:30.987, 100, 28112, 32623, 200.42, 74
2026/09/21 00:32:31.988, 100, 28112, 32623, 200.01, 76
2026/09/21 00:32:32.988, 100, 28112, 32623, 199.99, 75
2026/09/21 00:32:33.988, 100, 28112, 32623, 200.02, 76
2026/09/21 00:32:34.989, 100, 28112, 32623, 200.01, 74
2026/09/21 00:32:35.989, 100, 28112, 32623, 199.99, 76
2026/09/21 00:32:36.989, 100, 28112, 32623, 200.02, 74
2026/09/21 00:32:37.989, 100, 28112, 32623, 199.96, 76
2026/09/21 00:32:38.990, 100, 28112, 32623, 200.05, 76
2026/09/21 00:32:39.990, 100, 28112, 32623, 200.00, 73
2026/09/21 00:32:40.990, 100, 28112, 32623, 199.98, 75
2026/09/21 00:32:41.991, 100, 28112, 32623, 200.00, 76
2026/09/21 00:32:42.991, 100, 28112, 32623, 199.98, 76
2026/09/21 00:32:43.991, 100, 28112, 32623, 196.35, 74
2026/09/21 00:32:44.991, 100, 28112, 32623, 200.03, 74
2026/09/21 00:32:45.992, 99, 28112, 32623, 199.84, 75
2026/09/21 00:32:46.992, 100, 28112, 32623, 197.50, 74
2026/09/21 00:32:47.992, 99, 28112, 32623, 196.18, 74
2026/09/21 00:32:48.992, 97, 28112, 32623, 200.64, 73
2026/09/21 00:32:49.993, 94, 28112, 32623, 200.09, 73
2026/09/21 00:32:50.993, 96, 28112, 32623, 200.12, 72
2026/09/21 00:32:51.993, 95, 28112, 32623, 200.25, 72
2026/09/21 00:32:52.993, 94, 28112, 32623, 199.76, 71
2026/09/21 00:32:53.994, 97, 28112, 32623, 200.15, 72
2026/09/21 00:32:54.994, 94, 28112, 32623, 200.06, 72
2026/09/21 00:32:55.994, 0, 28112, 32623, 85.54, 61
2026/09/21 00:32:56.995, 0, 28112, 32623, 72.60, 61
2026/09/21 00:32:57.995, 0, 28112, 32623, 52.37, 59
2026/09/21 00:32:58.995, 0, 28112, 32623, 41.62, 58
2026/09/21 00:32:59.995, 0, 28112, 32623, 41.18, 57
2026/09/21 00:33:00.996, 100, 28112, 32623, 64.85, 66
2026/09/21 00:33:01.996, 100, 28112, 32623, 200.32, 67
2026/09/21 00:33:02.996, 100, 28112, 32623, 200.04, 69
2026/09/21 00:33:03.996, 100, 28112, 32623, 199.95, 70
2026/09/21 00:33:04.997, 100, 28112, 32623, 199.99, 70
2026/09/21 00:33:05.997, 100, 28112, 32623, 199.99, 70
2026/09/21 00:33:06.997, 98, 28112, 32623, 199.96, 71
2026/09/21 00:33:07.998, 100, 28112, 32623, 200.02, 71
2026/09/21 00:33:08.998, 100, 28112, 32623, 199.99, 72
2026/09/21 00:33:09.998, 100, 28112, 32623, 199.98, 71
2026/09/21 00:33:10.998, 100, 28112, 32623, 200.01, 71
2026/09/21 00:33:11.999, 100, 28112, 32623, 199.98, 71
2026/09/21 00:33:12.999, 97, 28112, 32623, 199.43, 72
2026/09/21 00:33:13.999, 100, 28112, 32623, 200.58, 73
2026/09/21 00:33:15.000, 100, 28112, 32623, 200.01, 72
2026/09/21 00:33:16.000, 100, 28112, 32623, 200.00, 72
2026/09/21 00:33:17.000, 98, 28112, 32623, 199.86, 74
2026/09/21 00:33:18.000, 100, 28112, 32623, 200.18, 73
2026/09/21 00:33:19.001, 100, 28112, 32623, 200.01, 72
2026/09/21 00:33:20.001, 100, 28112, 32623, 197.19, 73
2026/09/21 00:33:21.001, 100, 28112, 32623, 200.59, 73
2026/09/21 00:33:22.002, 100, 28112, 32623, 199.99, 73
2026/09/21 00:33:23.002, 100, 28112, 32623, 199.99, 73
2026/09/21 00:33:24.002, 100, 28112, 32623, 200.00, 73
2026/09/21 00:33:25.003, 100, 28112, 32623, 200.02, 73
2026/09/21 00:33:26.003, 100, 28112, 32623, 199.98, 72
2026/09/21 00:33:27.003, 100, 28112, 32623, 200.01, 72
2026/09/21 00:33:28.003, 100, 28112, 32623, 199.97, 72
2026/09/21 00:33:29.004, 100, 28112, 32623, 199.99, 72
2026/09/21 00:33:30.004, 100, 28112, 32623, 200.02, 74
2026/09/21 00:33:31.004, 100, 28112, 32623, 199.99, 74
2026/09/21 00:33:32.004, 100, 28112, 32623, 199.96, 73
2026/09/21 00:33:33.005, 100, 28112, 32623, 200.28, 73
2026/09/21 00:33:34.005, 100, 28112, 32623, 200.01, 75
2026/09/21 00:33:35.005, 100, 28112, 32623, 200.00, 74
2026/09/21 00:33:36.005, 100, 28112, 32623, 200.00, 73
2026/09/21 00:33:37.006, 100, 28112, 32623, 199.96, 73
2026/09/21 00:33:38.006, 100, 28112, 32623, 200.34, 75
2026/09/21 00:33:39.006, 100, 28112, 32623, 199.99, 75
2026/09/21 00:33:40.007, 100, 28112, 32623, 200.00, 73
2026/09/21 00:33:41.007, 100, 28112, 32623, 200.00, 74
2026/09/21 00:33:42.007, 100, 28112, 32623, 200.01, 73
2026/09/21 00:33:43.007, 100, 28112, 32623, 200.00, 75
2026/09/21 00:33:44.008, 98, 28112, 32623, 199.82, 74
2026/09/21 00:33:45.008, 100, 28112, 32623, 200.16, 74
2026/09/21 00:33:46.008, 100, 28112, 32623, 197.39, 74
2026/09/21 00:33:47.009, 100, 28112, 32623, 201.52, 73
2026/09/21 00:33:48.009, 100, 28112, 32623, 200.01, 75
2026/09/21 00:33:49.009, 100, 28112, 32623, 200.02, 73
2026/09/21 00:33:50.009, 100, 28112, 32623, 199.99, 72
2026/09/21 00:33:51.010, 100, 28112, 32623, 200.00, 73
2026/09/21 00:33:52.010, 100, 28112, 32623, 200.00, 74
2026/09/21 00:33:53.010, 100, 28112, 32623, 200.01, 74
2026/09/21 00:33:54.011, 100, 28112, 32623, 199.98, 73
2026/09/21 00:33:55.011, 100, 28112, 32623, 200.02, 75
2026/09/21 00:33:56.011, 100, 28112, 32623, 199.98, 73
2026/09/21 00:33:57.011, 100, 28112, 32623, 200.01, 75
2026/09/21 00:33:58.012, 100, 28112, 32623, 199.98, 73
2026/09/21 00:33:59.012, 100, 28112, 32623, 199.98, 73
2026/09/21 00:34:00.012, 100, 28112, 32623, 200.02, 75
2026/09/21 00:34:01.013, 100, 28112, 32623, 200.00, 75
2026/09/21 00:34:02.013, 100, 28112, 32623, 199.99, 73
2026/09/21 00:34:03.013, 100, 28112, 32623, 200.00, 74
2026/09/21 00:34:04.013, 100, 28112, 32623, 199.98, 75
2026/09/21 00:34:05.014, 100, 28112, 32623, 200.01, 73
2026/09/21 00:34:06.014, 100, 28112, 32623, 199.96, 75
2026/09/21 00:34:07.014, 100, 28112, 32623, 200.02, 74
2026/09/21 00:34:08.014, 98, 28112, 32623, 199.90, 73
2026/09/21 00:34:09.015, 100, 28112, 32623, 200.12, 75
2026/09/21 00:34:10.015, 100, 28112, 32623, 200.00, 76
2026/09/21 00:34:11.015, 100, 28112, 32623, 199.99, 73
2026/09/21 00:34:12.016, 100, 28112, 32623, 200.01, 75
2026/09/21 00:34:13.016, 100, 28112, 32623, 200.01, 75
2026/09/21 00:34:14.016, 100, 28112, 32623, 199.98, 74
2026/09/21 00:34:15.016, 100, 28112, 32623, 200.01, 75
2026/09/21 00:34:16.017, 100, 28112, 32623, 200.01, 74
2026/09/21 00:34:17.017, 100, 28112, 32623, 199.96, 76
2026/09/21 00:34:18.017, 100, 28112, 32623, 200.17, 74
2026/09/21 00:34:19.017, 100, 28112, 32623, 199.99, 75
2026/09/21 00:34:20.018, 100, 28112, 32623, 197.99, 75
2026/09/21 00:34:21.018, 100, 28112, 32623, 200.01, 75
2026/09/21 00:34:22.018, 100, 28112, 32623, 199.97, 74
2026/09/21 00:34:23.019, 100, 28112, 32623, 200.00, 73
2026/09/21 00:34:24.019, 100, 28112, 32623, 199.97, 75
2026/09/21 00:34:25.019, 100, 28112, 32623, 200.02, 75
2026/09/21 00:34:26.020, 100, 28112, 32623, 200.00, 75
2026/09/21 00:34:27.020, 100, 28112, 32623, 199.98, 75
2026/09/21 00:34:28.020, 100, 28112, 32623, 200.02, 75
2026/09/21 00:34:29.046, 100, 28112, 32623, 199.98, 75
2026/09/21 00:34:30.046, 100, 28112, 32623, 200.01, 75
2026/09/21 00:34:31.047, 100, 28112, 32623, 200.00, 76
2026/09/21 00:34:32.047, 100, 28112, 32623, 199.96, 75
2026/09/21 00:34:33.047, 100, 28112, 32623, 200.01, 73
2026/09/21 00:34:34.047, 100, 28112, 32623, 199.96, 73
2026/09/21 00:34:35.048, 100, 28112, 32623, 200.00, 75
2026/09/21 00:34:36.048, 100, 28112, 32623, 200.03, 76
2026/09/21 00:34:37.048, 100, 28112, 32623, 199.97, 75
2026/09/21 00:34:38.048, 100, 28112, 32623, 200.00, 74
2026/09/21 00:34:39.049, 100, 28112, 32623, 199.98, 75
2026/09/21 00:34:40.049, 100, 28112, 32623, 200.01, 75
2026/09/21 00:34:41.049, 100, 28112, 32623, 199.99, 76
2026/09/21 00:34:42.050, 100, 28112, 32623, 200.02, 75
2026/09/21 00:34:43.050, 100, 28112, 32623, 200.00, 74
2026/09/21 00:34:44.050, 100, 28112, 32623, 199.95, 76
2026/09/21 00:34:45.050, 100, 28112, 32623, 200.03, 73
2026/09/21 00:34:46.051, 100, 28112, 32623, 200.01, 75
2026/09/21 00:34:47.051, 100, 28112, 32623, 199.97, 74
2026/09/21 00:34:48.051, 100, 28112, 32623, 199.99, 75
2026/09/21 00:34:49.052, 99, 28112, 32623, 199.77, 75
2026/09/21 00:34:50.052, 100, 28112, 32623, 200.00, 73
2026/09/21 00:34:51.052, 100, 28112, 32623, 199.99, 75
2026/09/21 00:34:52.052, 100, 28112, 32623, 199.95, 76
2026/09/21 00:34:53.053, 100, 28112, 32623, 200.03, 74
2026/09/21 00:34:54.053, 100, 28112, 32623, 200.01, 73
2026/09/21 00:34:55.053, 100, 28112, 32623, 196.45, 74
2026/09/21 00:34:56.053, 100, 28112, 32623, 200.08, 75
2026/09/21 00:34:57.054, 100, 28112, 32623, 199.98, 75
2026/09/21 00:34:58.054, 100, 28112, 32623, 197.71, 73
2026/09/21 00:34:59.054, 99, 28112, 32623, 199.89, 69
2026/09/21 00:35:00.054, 94, 28112, 32623, 196.80, 73
2026/09/21 00:35:01.055, 97, 28112, 32623, 199.92, 71
2026/09/21 00:35:02.055, 94, 28112, 32623, 200.09, 72
2026/09/21 00:35:03.055, 96, 28112, 32623, 200.10, 72
2026/09/21 00:35:04.055, 95, 28112, 32623, 200.01, 72
2026/09/21 00:35:05.055, 94, 28112, 32623, 199.78, 72
2026/09/21 00:35:06.055, 97, 28112, 32623, 199.93, 71
2026/09/21 00:35:07.056, 0, 28112, 32623, 115.09, 62
2026/09/21 00:35:08.056, 100, 28112, 32623, 180.35, 72
2026/09/21 00:35:09.056, 100, 28112, 32623, 199.99, 71
2026/09/21 00:35:10.056, 100, 28112, 32623, 199.99, 73
2026/09/21 00:35:11.057, 100, 28112, 32623, 200.00, 72
2026/09/21 00:35:12.057, 100, 28112, 32623, 199.99, 72
2026/09/21 00:35:13.057, 100, 28112, 32623, 199.98, 73
2026/09/21 00:35:14.058, 100, 28112, 32623, 200.00, 73
2026/09/21 00:35:15.058, 100, 28112, 32623, 200.00, 74
2026/09/21 00:35:16.058, 100, 28112, 32623, 200.00, 72
2026/09/21 00:35:17.058, 100, 28112, 32623, 200.00, 72
2026/09/21 00:35:18.059, 100, 28112, 32623, 200.20, 74
2026/09/21 00:35:19.059, 100, 28112, 32623, 199.99, 73
2026/09/21 00:35:20.059, 100, 28112, 32623, 199.98, 74
2026/09/21 00:35:21.060, 100, 28112, 32623, 199.99, 73
2026/09/21 00:35:22.060, 97, 28112, 32623, 199.53, 73
2026/09/21 00:35:23.060, 100, 28112, 32623, 200.56, 73
2026/09/21 00:35:24.060, 100, 28112, 32623, 200.01, 73
2026/09/21 00:35:25.061, 100, 28112, 32623, 199.98, 74
2026/09/21 00:35:26.061, 100, 28112, 32623, 198.29, 75
2026/09/21 00:35:27.061, 100, 28112, 32623, 196.02, 74
2026/09/21 00:35:28.062, 100, 28112, 32623, 199.99, 75
2026/09/21 00:35:29.062, 99, 28112, 32623, 199.83, 74
2026/09/21 00:35:30.062, 100, 28112, 32623, 200.20, 75
2026/09/21 00:35:31.063, 100, 28112, 32623, 200.00, 73
2026/09/21 00:35:32.063, 99, 28112, 32623, 199.89, 75
2026/09/21 00:35:33.063, 100, 28112, 32623, 200.18, 73
2026/09/21 00:35:34.064, 100, 28112, 32623, 200.00, 75
2026/09/21 00:35:35.064, 100, 28112, 32623, 199.82, 75
2026/09/21 00:35:36.064, 100, 28112, 32623, 200.21, 74
2026/09/21 00:35:37.064, 100, 28112, 32623, 199.98, 74
2026/09/21 00:35:38.065, 100, 28112, 32623, 200.00, 74
2026/09/21 00:35:39.065, 100, 28112, 32623, 199.98, 75
2026/09/21 00:35:40.065, 97, 28112, 32623, 199.96, 74
2026/09/21 00:35:41.065, 100, 28112, 32623, 200.05, 74
2026/09/21 00:35:42.066, 100, 28112, 32623, 199.98, 73
2026/09/21 00:35:43.066, 100, 28112, 32623, 200.02, 74
2026/09/21 00:35:44.066, 100, 28112, 32623, 199.98, 74
2026/09/21 00:35:45.066, 99, 28112, 32623, 199.69, 74
2026/09/21 00:35:46.067, 100, 28112, 32623, 199.99, 75
2026/09/21 00:35:47.067, 100, 28112, 32623, 200.00, 75
2026/09/21 00:35:48.067, 100, 28112, 32623, 200.04, 75
2026/09/21 00:35:49.067, 100, 28112, 32623, 199.99, 75
2026/09/21 00:35:50.068, 100, 28112, 32623, 200.00, 75
2026/09/21 00:35:51.068, 100, 28112, 32623, 200.02, 73
2026/09/21 00:35:52.068, 100, 28112, 32623, 199.99, 73
2026/09/21 00:35:53.068, 100, 28112, 32623, 195.68, 74
2026/09/21 00:35:54.069, 100, 28112, 32623, 199.98, 75
2026/09/21 00:35:55.069, 100, 28112, 32623, 199.99, 74
2026/09/21 00:35:56.069, 99, 28112, 32623, 199.79, 74
2026/09/21 00:35:57.070, 100, 28112, 32623, 200.24, 76
2026/09/21 00:35:58.070, 98, 28112, 32623, 199.96, 76
2026/09/21 00:35:59.070, 100, 28112, 32623, 200.01, 73
2026/09/21 00:36:00.070, 98, 28112, 32623, 199.97, 73
2026/09/21 00:36:01.071, 100, 28112, 32623, 200.02, 75
2026/09/21 00:36:02.071, 98, 28112, 32623, 199.93, 74
2026/09/21 00:36:03.071, 100, 28112, 32623, 200.06, 75
2026/09/21 00:36:04.072, 98, 28112, 32623, 199.93, 74
2026/09/21 00:36:05.072, 100, 28112, 32623, 200.04, 75
2026/09/21 00:36:06.072, 98, 28112, 32623, 199.99, 74
2026/09/21 00:36:07.072, 100, 28112, 32623, 200.26, 74
2026/09/21 00:36:08.073, 99, 28112, 32623, 199.80, 75
2026/09/21 00:36:09.073, 100, 28112, 32623, 200.15, 73
2026/09/21 00:36:10.073, 100, 28112, 32623, 199.86, 76
2026/09/21 00:36:11.073, 100, 28112, 32623, 200.00, 75
2026/09/21 00:36:12.073, 100, 28112, 32623, 199.98, 73
2026/09/21 00:36:13.074, 100, 28112, 32623, 200.00, 75
2026/09/21 00:36:14.074, 100, 28112, 32623, 200.02, 73
2026/09/21 00:36:15.074, 100, 28112, 32623, 200.01, 74
2026/09/21 00:36:16.075, 100, 28112, 32623, 199.99, 76
2026/09/21 00:36:17.075, 100, 28112, 32623, 200.01, 76
2026/09/21 00:36:18.075, 100, 28112, 32623, 200.02, 74
2026/09/21 00:36:19.076, 100, 28112, 32623, 200.01, 74
2026/09/21 00:36:20.076, 100, 28112, 32623, 200.03, 75
2026/09/21 00:36:21.076, 98, 28112, 32623, 199.76, 73
2026/09/21 00:36:22.076, 100, 28112, 32623, 200.25, 75
2026/09/21 00:36:23.077, 100, 28112, 32623, 200.00, 76
2026/09/21 00:36:24.077, 100, 28112, 32623, 199.97, 75
2026/09/21 00:36:25.077, 100, 28112, 32623, 199.99, 76
2026/09/21 00:36:26.077, 100, 28112, 32623, 195.12, 76
2026/09/21 00:36:27.077, 100, 28112, 32623, 200.11, 74
2026/09/21 00:36:28.078, 99, 28112, 32623, 199.91, 75
2026/09/21 00:36:29.078, 100, 28112, 32623, 200.10, 75
2026/09/21 00:36:30.078, 100, 28112, 32623, 199.99, 75
2026/09/21 00:36:31.078, 100, 28112, 32623, 200.00, 75
2026/09/21 00:36:32.078, 100, 28112, 32623, 199.98, 75
2026/09/21 00:36:33.079, 100, 28112, 32623, 200.00, 74
2026/09/21 00:36:34.079, 100, 28112, 32623, 200.06, 74
2026/09/21 00:36:35.079, 99, 28112, 32623, 199.80, 75
2026/09/21 00:36:36.079, 100, 28112, 32623, 200.21, 73
2026/09/21 00:36:37.079, 100, 28112, 32623, 200.01, 75
2026/09/21 00:36:38.080, 100, 28112, 32623, 199.99, 74
2026/09/21 00:36:39.080, 100, 28112, 32623, 200.01, 76
2026/09/21 00:36:40.080, 99, 28112, 32623, 199.93, 76
2026/09/21 00:36:41.080, 100, 28112, 32623, 200.05, 75
2026/09/21 00:36:42.080, 100, 28112, 32623, 200.01, 74
2026/09/21 00:36:43.081, 100, 28112, 32623, 200.01, 74
2026/09/21 00:36:44.081, 100, 28112, 32623, 199.99, 75
2026/09/21 00:36:45.081, 99, 28112, 32623, 199.83, 75
2026/09/21 00:36:46.081, 100, 28112, 32623, 200.18, 74
2026/09/21 00:36:47.081, 100, 28112, 32623, 199.99, 75
2026/09/21 00:36:48.081, 100, 28112, 32623, 199.98, 73
2026/09/21 00:36:49.082, 100, 28112, 32623, 200.01, 75
2026/09/21 00:36:50.082, 100, 28112, 32623, 199.99, 73
2026/09/21 00:36:51.082, 100, 28112, 32623, 200.01, 76
2026/09/21 00:36:52.083, 100, 28112, 32623, 200.00, 74
2026/09/21 00:36:53.083, 100, 28112, 32623, 199.93, 76
2026/09/21 00:36:54.083, 100, 28112, 32623, 200.07, 74
2026/09/21 00:36:55.084, 100, 28112, 32623, 199.99, 75
2026/09/21 00:36:56.084, 100, 28112, 32623, 200.02, 75
2026/09/21 00:36:57.084, 100, 28112, 32623, 199.97, 73
2026/09/21 00:36:58.084, 100, 28112, 32623, 199.99, 74
2026/09/21 00:36:59.085, 100, 28112, 32623, 199.99, 75
2026/09/21 00:37:00.085, 100, 28112, 32623, 199.99, 75
2026/09/21 00:37:01.085, 36, 28112, 32623, 191.28, 67
2026/09/21 00:37:02.086, 100, 28112, 32623, 205.24, 74
2026/09/21 00:37:03.086, 100, 28112, 32623, 199.99, 73
2026/09/21 00:37:04.086, 100, 28112, 32623, 198.14, 74
2026/09/21 00:37:05.086, 100, 28112, 32623, 200.57, 75
2026/09/21 00:37:06.087, 100, 28112, 32623, 196.38, 73
2026/09/21 00:37:07.087, 94, 28112, 32623, 199.42, 73
2026/09/21 00:37:08.087, 96, 28112, 32623, 199.95, 72
2026/09/21 00:37:09.087, 95, 28112, 32623, 199.98, 72
2026/09/21 00:37:10.088, 94, 28112, 32623, 199.76, 71
2026/09/21 00:37:11.088, 97, 28112, 32623, 200.00, 72
2026/09/21 00:37:12.088, 94, 28112, 32623, 199.72, 71
2026/09/21 00:37:13.088, 0, 28112, 32623, 167.25, 64
2026/09/21 00:37:14.089, 100, 28112, 32623, 131.67, 71
2026/09/21 00:37:15.089, 100, 28112, 32623, 200.01, 72
2026/09/21 00:37:16.090, 100, 28112, 32623, 199.98, 72
2026/09/21 00:37:17.090, 100, 28112, 32623, 199.98, 72
2026/09/21 00:37:18.091, 100, 28112, 32623, 199.98, 72
2026/09/21 00:37:19.091, 100, 28112, 32623, 200.00, 73
2026/09/21 00:37:20.091, 100, 28112, 32623, 199.97, 73
2026/09/21 00:37:21.091, 100, 28112, 32623, 200.01, 73
2026/09/21 00:37:22.092, 100, 28112, 32623, 200.05, 73
2026/09/21 00:37:23.092, 100, 28112, 32623, 200.01, 73
2026/09/21 00:37:24.092, 100, 28112, 32623, 199.97, 72
2026/09/21 00:37:25.093, 100, 28112, 32623, 199.99, 73
2026/09/21 00:37:26.093, 100, 28112, 32623, 199.96, 74
2026/09/21 00:37:27.093, 100, 28112, 32623, 200.03, 73
2026/09/21 00:37:28.093, 100, 28112, 32623, 200.00, 74
2026/09/21 00:37:29.094, 100, 28112, 32623, 200.00, 74
2026/09/21 00:37:30.094, 100, 28112, 32623, 199.99, 73
2026/09/21 00:37:31.094, 100, 28112, 32623, 200.06, 73
2026/09/21 00:37:32.095, 100, 28112, 32623, 200.01, 75
2026/09/21 00:37:33.095, 100, 28112, 32623, 194.98, 73
2026/09/21 00:37:34.095, 97, 28112, 32623, 199.78, 73
2026/09/21 00:37:35.095, 100, 28112, 32623, 200.33, 75
2026/09/21 00:37:36.095, 100, 28112, 32623, 200.00, 73
2026/09/21 00:37:37.096, 100, 28112, 32623, 199.98, 74
2026/09/21 00:37:38.096, 100, 28112, 32623, 200.45, 74
2026/09/21 00:37:39.096, 100, 28112, 32623, 199.98, 73
2026/09/21 00:37:40.096, 98, 28112, 32623, 199.83, 75
2026/09/21 00:37:41.096, 100, 28112, 32623, 200.19, 73
2026/09/21 00:37:42.097, 100, 28112, 32623, 199.99, 73
2026/09/21 00:37:43.097, 100, 28112, 32623, 200.00, 74
2026/09/21 00:37:44.097, 100, 28112, 32623, 200.01, 73
2026/09/21 00:37:45.097, 100, 28112, 32623, 200.00, 74
2026/09/21 00:37:46.097, 100, 28112, 32623, 200.00, 74
2026/09/21 00:37:47.098, 100, 28112, 32623, 199.98, 73
2026/09/21 00:37:48.098, 99, 28112, 32623, 199.79, 75
2026/09/21 00:37:49.098, 100, 28112, 32623, 199.97, 73
2026/09/21 00:37:50.098, 100, 28112, 32623, 200.02, 75
2026/09/21 00:37:51.098, 100, 28112, 32623, 199.99, 73
2026/09/21 00:37:52.099, 100, 28112, 32623, 200.01, 73
2026/09/21 00:37:53.099, 100, 28112, 32623, 200.00, 75
2026/09/21 00:37:54.099, 100, 28112, 32623, 199.99, 74
2026/09/21 00:37:55.099, 98, 28112, 32623, 199.60, 74
2026/09/21 00:37:56.100, 100, 28112, 32623, 200.00, 74
2026/09/21 00:37:57.100, 100, 28112, 32623, 199.93, 75
2026/09/21 00:37:58.100, 100, 28112, 32623, 200.00, 75
2026/09/21 00:37:59.100, 100, 28112, 32623, 199.05, 76
2026/09/21 00:38:00.101, 100, 28112, 32623, 200.40, 75
2026/09/21 00:38:01.101, 100, 28112, 32623, 200.01, 74
2026/09/21 00:38:02.101, 100, 28112, 32623, 199.99, 75
2026/09/21 00:38:03.101, 100, 28112, 32623, 199.99, 76
2026/09/21 00:38:04.102, 100, 28112, 32623, 199.98, 74
2026/09/21 00:38:05.102, 100, 28112, 32623, 199.99, 74
2026/09/21 00:38:06.102, 100, 28112, 32623, 200.01, 75
2026/09/21 00:38:07.103, 100, 28112, 32623, 199.98, 75
2026/09/21 00:38:08.103, 100, 28112, 32623, 200.02, 74
2026/09/21 00:38:09.103, 100, 28112, 32623, 200.01, 76
2026/09/21 00:38:10.103, 100, 28112, 32623, 199.99, 74
2026/09/21 00:38:11.104, 100, 28112, 32623, 199.99, 75
2026/09/21 00:38:12.104, 100, 28112, 32623, 199.98, 75
2026/09/21 00:38:13.104, 100, 28112, 32623, 200.01, 73
2026/09/21 00:38:14.104, 100, 28112, 32623, 199.99, 74
2026/09/21 00:38:15.105, 100, 28112, 32623, 199.99, 75
2026/09/21 00:38:16.105, 100, 28112, 32623, 200.02, 75
2026/09/21 00:38:17.105, 100, 28112, 32623, 200.00, 75
2026/09/21 00:38:18.105, 100, 28112, 32623, 199.98, 75
2026/09/21 00:38:19.106, 100, 28112, 32623, 199.98, 75
2026/09/21 00:38:20.106, 100, 28112, 32623, 200.01, 75
2026/09/21 00:38:21.106, 100, 28112, 32623, 199.96, 75
2026/09/21 00:38:22.107, 100, 28112, 32623, 200.05, 73
2026/09/21 00:38:23.107, 98, 28112, 32623, 199.72, 74
2026/09/21 00:38:24.107, 100, 28112, 32623, 200.17, 75
2026/09/21 00:38:25.107, 100, 28112, 32623, 200.01, 73
2026/09/21 00:38:26.108, 100, 28112, 32623, 200.01, 74
2026/09/21 00:38:27.108, 100, 28112, 32623, 200.00, 74
2026/09/21 00:38:28.108, 100, 28112, 32623, 199.99, 73
2026/09/21 00:38:29.108, 100, 28112, 32623, 199.99, 75
2026/09/21 00:38:30.109, 100, 28112, 32623, 200.02, 74
2026/09/21 00:38:31.109, 100, 28112, 32623, 199.96, 73
2026/09/21 00:38:32.109, 90, 28112, 32623, 199.18, 76
2026/09/21 00:38:33.109, 100, 28112, 32623, 197.01, 75
2026/09/21 00:38:34.110, 100, 28112, 32623, 200.01, 76
2026/09/21 00:38:35.110, 100, 28112, 32623, 200.00, 73
2026/09/21 00:38:36.110, 100, 28112, 32623, 200.00, 73
2026/09/21 00:38:37.111, 100, 28112, 32623, 199.97, 75
2026/09/21 00:38:38.111, 100, 28112, 32623, 200.02, 75
2026/09/21 00:38:39.111, 100, 28112, 32623, 199.97, 75
2026/09/21 00:38:40.111, 100, 28112, 32623, 200.00, 76
2026/09/21 00:38:41.112, 100, 28112, 32623, 199.98, 76
2026/09/21 00:38:42.112, 100, 28112, 32623, 199.99, 75
2026/09/21 00:38:43.112, 100, 28112, 32623, 199.99, 76
2026/09/21 00:38:44.112, 97, 28112, 32623, 199.95, 76
2026/09/21 00:38:45.112, 100, 28112, 32623, 199.97, 75
2026/09/21 00:38:46.113, 100, 28112, 32623, 200.01, 74
2026/09/21 00:38:47.113, 100, 28112, 32623, 199.98, 75
2026/09/21 00:38:48.113, 100, 28112, 32623, 200.02, 73
2026/09/21 00:38:49.114, 98, 28112, 32623, 199.66, 73
2026/09/21 00:38:50.114, 100, 28112, 32623, 200.16, 75
2026/09/21 00:38:51.114, 100, 28112, 32623, 199.99, 74
2026/09/21 00:38:52.114, 100, 28112, 32623, 200.02, 74
2026/09/21 00:38:53.115, 100, 28112, 32623, 200.00, 75
2026/09/21 00:38:54.115, 99, 28112, 32623, 199.80, 73
2026/09/21 00:38:55.115, 100, 28112, 32623, 200.00, 76
2026/09/21 00:38:56.116, 100, 28112, 32623, 200.02, 74
2026/09/21 00:38:57.116, 100, 28112, 32623, 200.01, 76
2026/09/21 00:38:58.116, 100, 28112, 32623, 199.97, 73
2026/09/21 00:38:59.116, 100, 28112, 32623, 200.01, 75
2026/09/21 00:39:00.117, 100, 28112, 32623, 199.99, 73
2026/09/21 00:39:01.117, 100, 28112, 32623, 199.98, 75
2026/09/21 00:39:02.117, 98, 28112, 32623, 199.62, 74
2026/09/21 00:39:03.117, 100, 28112, 32623, 200.16, 73
2026/09/21 00:39:04.118, 100, 28112, 32623, 200.00, 75
2026/09/21 00:39:05.118, 100, 28112, 32623, 199.99, 74
2026/09/21 00:39:06.118, 100, 28112, 32623, 200.03, 74
2026/09/21 00:39:07.119, 100, 28112, 32623, 199.98, 73
2026/09/21 00:39:08.119, 100, 28112, 32623, 196.64, 75
2026/09/21 00:39:09.119, 100, 28112, 32623, 200.00, 75
2026/09/21 00:39:10.119, 100, 28112, 32623, 200.00, 75
2026/09/21 00:39:11.120, 100, 28112, 32623, 197.03, 74
2026/09/21 00:39:12.120, 52, 28112, 32623, 194.17, 69
2026/09/21 00:39:13.120, 94, 28112, 32623, 196.91, 73
2026/09/21 00:39:14.120, 96, 28112, 32623, 200.09, 72
2026/09/21 00:39:15.121, 95, 28112, 32623, 200.22, 72
2026/09/21 00:39:16.121, 94, 28112, 32623, 199.74, 71
2026/09/21 00:39:17.121, 97, 28112, 32623, 200.00, 72
2026/09/21 00:39:18.121, 94, 28112, 32623, 199.73, 72
2026/09/21 00:39:19.122, 97, 28112, 32623, 200.01, 72
2026/09/21 00:39:20.122, 63, 28112, 32623, 99.14, 68
2026/09/21 00:39:21.122, 98, 28112, 32623, 199.16, 71
2026/09/21 00:39:22.122, 97, 28112, 32623, 199.77, 72
2026/09/21 00:39:23.123, 97, 28112, 32623, 199.79, 72
2026/09/21 00:39:24.123, 100, 28112, 32623, 200.00, 72
2026/09/21 00:39:25.123, 100, 28112, 32623, 200.00, 72
2026/09/21 00:39:26.124, 100, 28112, 32623, 200.01, 72
2026/09/21 00:39:27.124, 100, 28112, 32623, 199.99, 73
2026/09/21 00:39:28.124, 100, 28112, 32623, 200.02, 71
2026/09/21 00:39:29.124, 100, 28112, 32623, 200.00, 73
2026/09/21 00:39:30.125, 100, 28112, 32623, 200.00, 73
2026/09/21 00:39:31.125, 97, 28112, 32623, 199.58, 73
2026/09/21 00:39:32.125, 100, 28112, 32623, 200.50, 73
2026/09/21 00:39:33.125, 100, 28112, 32623, 199.98, 72
2026/09/21 00:39:34.125, 100, 28112, 32623, 200.02, 73
2026/09/21 00:39:35.126, 100, 28112, 32623, 199.95, 74
2026/09/21 00:39:36.126, 100, 28112, 32623, 200.06, 73
2026/09/21 00:39:37.126, 100, 28112, 32623, 200.01, 74
2026/09/21 00:39:38.126, 100, 28112, 32623, 200.01, 73
2026/09/21 00:39:39.126, 63, 28112, 32623, 194.80, 70
2026/09/21 00:39:40.127, 100, 28112, 32623, 204.39, 74
2026/09/21 00:39:41.127, 100, 28112, 32623, 200.01, 74
2026/09/21 00:39:42.127, 100, 28112, 32623, 199.95, 74
2026/09/21 00:39:43.127, 100, 28112, 32623, 200.05, 74
2026/09/21 00:39:44.128, 100, 28112, 32623, 200.01, 73
2026/09/21 00:39:45.128, 100, 28112, 32623, 199.92, 75
2026/09/21 00:39:46.128, 100, 28112, 32623, 200.13, 73
2026/09/21 00:39:47.128, 100, 28112, 32623, 200.00, 74
2026/09/21 00:39:48.129, 98, 28112, 32623, 199.88, 75
2026/09/21 00:39:49.129, 100, 28112, 32623, 200.13, 74
2026/09/21 00:39:50.129, 100, 28112, 32623, 199.98, 75
2026/09/21 00:39:51.129, 100, 28112, 32623, 200.00, 73
2026/09/21 00:39:52.130, 100, 28112, 32623, 199.98, 75
2026/09/21 00:39:53.130, 100, 28112, 32623, 199.96, 73
2026/09/21 00:39:54.130, 100, 28112, 32623, 200.05, 74
2026/09/21 00:39:55.131, 100, 28112, 32623, 199.97, 73
2026/09/21 00:39:56.131, 100, 28112, 32623, 200.02, 74
2026/09/21 00:39:57.131, 100, 28112, 32623, 200.00, 74
2026/09/21 00:39:58.131, 100, 28112, 32623, 199.95, 74
2026/09/21 00:39:59.131, 100, 28112, 32623, 200.03, 74
2026/09/21 00:40:00.131, 100, 28112, 32623, 199.99, 73
2026/09/21 00:40:01.132, 100, 28112, 32623, 199.99, 75
2026/09/21 00:40:02.132, 100, 28112, 32623, 199.96, 74
2026/09/21 00:40:03.132, 100, 28112, 32623, 200.01, 74
2026/09/21 00:40:04.132, 100, 28112, 32623, 199.99, 75
2026/09/21 00:40:05.133, 99, 28112, 32623, 199.83, 74
2026/09/21 00:40:06.133, 100, 28112, 32623, 195.88, 75
2026/09/21 00:40:07.133, 98, 28112, 32623, 199.61, 74
2026/09/21 00:40:08.133, 100, 28112, 32623, 199.99, 75
2026/09/21 00:40:09.134, 100, 28112, 32623, 199.97, 75
2026/09/21 00:40:10.134, 100, 28112, 32623, 200.30, 75
2026/09/21 00:40:11.134, 100, 28112, 32623, 199.94, 75
2026/09/21 00:40:12.135, 100, 28112, 32623, 200.01, 74
2026/09/21 00:40:13.135, 100, 28112, 32623, 200.01, 75
2026/09/21 00:40:14.135, 100, 28112, 32623, 200.04, 74
2026/09/21 00:40:15.135, 100, 28112, 32623, 199.99, 74
2026/09/21 00:40:16.136, 100, 28112, 32623, 199.99, 74
2026/09/21 00:40:17.136, 100, 28112, 32623, 199.99, 75
2026/09/21 00:40:18.136, 100, 28112, 32623, 200.04, 74
2026/09/21 00:40:19.136, 100, 28112, 32623, 199.93, 75
2026/09/21 00:40:20.137, 100, 28112, 32623, 200.02, 75
2026/09/21 00:40:21.137, 100, 28112, 32623, 199.98, 74
2026/09/21 00:40:22.137, 100, 28112, 32623, 200.02, 75
2026/09/21 00:40:23.137, 98, 28112, 32623, 199.75, 74
2026/09/21 00:40:24.137, 100, 28112, 32623, 200.26, 74
2026/09/21 00:40:25.138, 99, 28112, 32623, 199.77, 76
2026/09/21 00:40:26.138, 100, 28112, 32623, 200.01, 75
2026/09/21 00:40:27.138, 100, 28112, 32623, 199.99, 75
2026/09/21 00:40:28.138, 100, 28112, 32623, 199.98, 75
2026/09/21 00:40:29.138, 100, 28112, 32623, 199.98, 73
2026/09/21 00:40:30.139, 100, 28112, 32623, 200.00, 74
2026/09/21 00:40:31.139, 100, 28112, 32623, 199.99, 75
2026/09/21 00:40:32.139, 100, 28112, 32623, 199.97, 75
2026/09/21 00:40:33.139, 100, 28112, 32623, 200.03, 75
2026/09/21 00:40:34.139, 100, 28112, 32623, 199.96, 76
2026/09/21 00:40:35.140, 100, 28112, 32623, 200.02, 74
2026/09/21 00:40:36.140, 100, 28112, 32623, 200.00, 74
2026/09/21 00:40:37.140, 100, 28112, 32623, 200.02, 75
2026/09/21 00:40:38.140, 100, 28112, 32623, 200.00, 74
2026/09/21 00:40:39.140, 100, 28112, 32623, 198.04, 75
2026/09/21 00:40:40.141, 100, 28112, 32623, 200.06, 75
2026/09/21 00:40:41.141, 100, 28112, 32623, 199.96, 74
2026/09/21 00:40:42.141, 100, 28112, 32623, 200.05, 74
2026/09/21 00:40:43.141, 100, 28112, 32623, 199.98, 73
2026/09/21 00:40:44.141, 100, 28112, 32623, 200.00, 75
2026/09/21 00:40:45.142, 100, 28112, 32623, 199.99, 75
2026/09/21 00:40:46.142, 100, 28112, 32623, 200.01, 76
2026/09/21 00:40:47.142, 100, 28112, 32623, 199.99, 75
2026/09/21 00:40:48.142, 98, 28112, 32623, 199.59, 76
2026/09/21 00:40:49.142, 100, 28112, 32623, 200.16, 76
2026/09/21 00:40:50.143, 100, 28112, 32623, 199.99, 75
2026/09/21 00:40:51.143, 100, 28112, 32623, 199.99, 75
2026/09/21 00:40:52.143, 100, 28112, 32623, 200.00, 73
2026/09/21 00:40:53.143, 98, 28112, 32623, 199.87, 75
2026/09/21 00:40:54.143, 100, 28112, 32623, 200.14, 74
2026/09/21 00:40:55.144, 100, 28112, 32623, 200.00, 75
2026/09/21 00:40:56.144, 100, 28112, 32623, 199.99, 75
2026/09/21 00:40:57.144, 100, 28112, 32623, 199.99, 74
2026/09/21 00:40:58.144, 98, 28112, 32623, 199.76, 74
2026/09/21 00:40:59.144, 100, 28112, 32623, 200.25, 75
2026/09/21 00:41:00.145, 100, 28112, 32623, 200.02, 74
2026/09/21 00:41:01.145, 100, 28112, 32623, 200.00, 76
2026/09/21 00:41:02.145, 100, 28112, 32623, 199.99, 74
2026/09/21 00:41:03.145, 100, 28112, 32623, 199.99, 76
2026/09/21 00:41:04.146, 100, 28112, 32623, 200.00, 75
2026/09/21 00:41:05.146, 100, 28112, 32623, 200.00, 76
2026/09/21 00:41:06.146, 100, 28112, 32623, 199.98, 75
2026/09/21 00:41:07.147, 100, 28112, 32623, 200.04, 75
2026/09/21 00:41:08.147, 100, 28112, 32623, 200.01, 75
2026/09/21 00:41:09.147, 100, 28112, 32623, 199.99, 75
2026/09/21 00:41:10.147, 100, 28112, 32623, 199.97, 75
2026/09/21 00:41:11.147, 99, 28112, 32623, 199.77, 75
2026/09/21 00:41:12.148, 100, 28112, 32623, 200.21, 75
2026/09/21 00:41:13.148, 100, 28112, 32623, 199.99, 75
2026/09/21 00:41:14.148, 100, 28112, 32623, 197.52, 77
2026/09/21 00:41:15.148, 100, 28112, 32623, 200.64, 76
2026/09/21 00:41:16.148, 100, 28112, 32623, 199.99, 76
2026/09/21 00:41:17.148, 100, 28112, 32623, 197.50, 74
2026/09/21 00:41:18.149, 100, 28112, 32623, 200.13, 75
2026/09/21 00:41:19.149, 98, 28112, 32623, 195.85, 72
2026/09/21 00:41:20.149, 95, 28112, 32623, 199.49, 72
2026/09/21 00:41:21.150, 94, 28112, 32623, 199.95, 72
2026/09/21 00:41:22.150, 97, 28112, 32623, 200.17, 72
2026/09/21 00:41:23.150, 95, 28112, 32623, 199.76, 72
2026/09/21 00:41:24.150, 97, 28112, 32623, 200.18, 72
2026/09/21 00:41:25.151, 94, 28112, 32623, 199.93, 72
2026/09/21 00:41:26.151, 0, 28112, 32623, 149.48, 63
2026/09/21 00:41:27.151, 100, 28112, 32623, 152.79, 71
2026/09/21 00:41:28.151, 100, 28112, 32623, 200.02, 72
2026/09/21 00:41:29.152, 100, 28112, 32623, 200.00, 72
2026/09/21 00:41:30.152, 100, 28112, 32623, 200.02, 72
2026/09/21 00:41:31.152, 100, 28112, 32623, 199.96, 73
2026/09/21 00:41:32.152, 100, 28112, 32623, 199.98, 72
2026/09/21 00:41:33.153, 100, 28112, 32623, 199.99, 72
2026/09/21 00:41:34.153, 100, 28112, 32623, 199.97, 72
2026/09/21 00:41:35.153, 97, 28112, 32623, 199.57, 71
2026/09/21 00:41:36.154, 100, 28112, 32623, 200.50, 72
2026/09/21 00:41:37.154, 100, 28112, 32623, 200.00, 72
2026/09/21 00:41:38.154, 100, 28112, 32623, 200.00, 72
2026/09/21 00:41:39.154, 100, 28112, 32623, 199.98, 72
2026/09/21 00:41:40.155, 97, 28112, 32623, 199.73, 73
2026/09/21 00:41:41.155, 100, 28112, 32623, 199.99, 74
2026/09/21 00:41:42.155, 100, 28112, 32623, 200.00, 74
2026/09/21 00:41:43.155, 100, 28112, 32623, 200.01, 74
2026/09/21 00:41:44.156, 98, 28112, 32623, 199.73, 73
2026/09/21 00:41:45.156, 100, 28112, 32623, 200.31, 73
2026/09/21 00:41:46.156, 100, 28112, 32623, 193.51, 73
2026/09/21 00:41:47.164, 100, 28112, 32623, 199.97, 73
2026/09/21 00:41:48.164, 100, 28112, 32623, 200.05, 75
2026/09/21 00:41:49.165, 100, 28112, 32623, 199.99, 73
2026/09/21 00:41:50.165, 100, 28112, 32623, 199.96, 73
2026/09/21 00:41:51.165, 100, 28112, 32623, 200.04, 73
2026/09/21 00:41:52.166, 100, 28112, 32623, 199.97, 73
2026/09/21 00:41:53.166, 100, 28112, 32623, 199.95, 75
2026/09/21 00:41:54.166, 100, 28112, 32623, 200.04, 74
2026/09/21 00:41:55.167, 100, 28112, 32623, 200.02, 73
2026/09/21 00:41:56.168, 97, 28112, 32623, 199.70, 74
2026/09/21 00:41:57.168, 100, 28112, 32623, 200.28, 72
2026/09/21 00:41:58.168, 100, 28112, 32623, 200.02, 74
2026/09/21 00:41:59.169, 100, 28112, 32623, 199.99, 73
2026/09/21 00:42:00.169, 100, 28112, 32623, 199.98, 73
2026/09/21 00:42:01.169, 100, 28112, 32623, 199.96, 76
2026/09/21 00:42:02.170, 100, 28112, 32623, 200.04, 75
2026/09/21 00:42:03.170, 100, 28112, 32623, 200.00, 75
2026/09/21 00:42:04.170, 100, 28112, 32623, 200.00, 74
2026/09/21 00:42:05.170, 100, 28112, 32623, 200.01, 74
2026/09/21 00:42:06.171, 100, 28112, 32623, 200.02, 75
2026/09/21 00:42:07.171, 100, 28112, 32623, 199.99, 73
2026/09/21 00:42:08.171, 100, 28112, 32623, 199.97, 74
2026/09/21 00:42:09.171, 100, 28112, 32623, 200.01, 73
2026/09/21 00:42:10.172, 100, 28112, 32623, 200.01, 75
2026/09/21 00:42:11.172, 100, 28112, 32623, 200.01, 75
2026/09/21 00:42:12.172, 100, 28112, 32623, 195.90, 75
2026/09/21 00:42:13.173, 100, 28112, 32623, 200.08, 75
2026/09/21 00:42:14.173, 100, 28112, 32623, 200.01, 75
2026/09/21 00:42:15.173, 100, 28112, 32623, 199.98, 75
2026/09/21 00:42:16.173, 100, 28112, 32623, 199.98, 75
2026/09/21 00:42:17.174, 100, 28112, 32623, 200.01, 73
2026/09/21 00:42:18.174, 100, 28112, 32623, 199.98, 74
2026/09/21 00:42:19.174, 100, 28112, 32623, 200.03, 75
2026/09/21 00:42:20.174, 100, 28112, 32623, 199.98, 75
2026/09/21 00:42:21.175, 100, 28112, 32623, 200.00, 75
2026/09/21 00:42:22.175, 100, 28112, 32623, 199.99, 75
2026/09/21 00:42:23.175, 100, 28112, 32623, 200.01, 76
2026/09/21 00:42:24.176, 100, 28112, 32623, 199.98, 75
2026/09/21 00:42:25.176, 100, 28112, 32623, 199.99, 75
2026/09/21 00:42:26.176, 100, 28112, 32623, 200.00, 74
2026/09/21 00:42:27.176, 100, 28112, 32623, 200.02, 73
2026/09/21 00:42:28.177, 100, 28112, 32623, 199.98, 75
2026/09/21 00:42:29.177, 100, 28112, 32623, 200.01, 74
2026/09/21 00:42:30.177, 100, 28112, 32623, 199.99, 75
2026/09/21 00:42:31.178, 100, 28112, 32623, 199.99, 75
2026/09/21 00:42:32.178, 100, 28112, 32623, 199.99, 75
2026/09/21 00:42:33.178, 100, 28112, 32623, 199.99, 73
2026/09/21 00:42:34.178, 100, 28112, 32623, 199.99, 75
2026/09/21 00:42:35.179, 100, 28112, 32623, 200.01, 74
2026/09/21 00:42:36.179, 100, 28112, 32623, 199.97, 74
2026/09/21 00:42:37.179, 100, 28112, 32623, 200.03, 75
2026/09/21 00:42:38.179, 99, 28112, 32623, 199.83, 74
2026/09/21 00:42:39.180, 100, 28112, 32623, 200.19, 76
2026/09/21 00:42:40.180, 100, 28112, 32623, 199.98, 74
2026/09/21 00:42:41.180, 100, 28112, 32623, 199.99, 74
2026/09/21 00:42:42.180, 100, 28112, 32623, 200.00, 73
2026/09/21 00:42:43.181, 100, 28112, 32623, 200.02, 74
2026/09/21 00:42:44.181, 100, 28112, 32623, 199.99, 73
2026/09/21 00:42:45.181, 82, 28112, 32623, 193.48, 74
2026/09/21 00:42:46.182, 100, 28112, 32623, 202.02, 75
2026/09/21 00:42:47.182, 100, 28112, 32623, 199.97, 76
2026/09/21 00:42:48.182, 100, 28112, 32623, 199.99, 74
2026/09/21 00:42:49.182, 100, 28112, 32623, 200.00, 74
2026/09/21 00:42:50.183, 100, 28112, 32623, 199.99, 75
2026/09/21 00:42:51.183, 100, 28112, 32623, 199.98, 75
2026/09/21 00:42:52.183, 97, 28112, 32623, 199.74, 76
2026/09/21 00:42:53.184, 100, 28112, 32623, 200.26, 76
2026/09/21 00:42:54.184, 100, 28112, 32623, 199.98, 75
2026/09/21 00:42:55.184, 100, 28112, 32623, 200.02, 76
2026/09/21 00:42:56.184, 100, 28112, 32623, 199.99, 75
2026/09/21 00:42:57.185, 100, 28112, 32623, 199.94, 76
2026/09/21 00:42:58.185, 100, 28112, 32623, 200.03, 75
2026/09/21 00:42:59.185, 100, 28112, 32623, 199.99, 74
2026/09/21 00:43:00.185, 100, 28112, 32623, 199.99, 74
2026/09/21 00:43:01.186, 100, 28112, 32623, 200.02, 76
2026/09/21 00:43:02.186, 100, 28112, 32623, 199.97, 76
2026/09/21 00:43:03.186, 100, 28112, 32623, 200.02, 75
2026/09/21 00:43:04.187, 100, 28112, 32623, 200.01, 75
2026/09/21 00:43:05.187, 100, 28112, 32623, 200.00, 76
2026/09/21 00:43:06.187, 100, 28112, 32623, 200.01, 74
2026/09/21 00:43:07.187, 98, 28112, 32623, 199.71, 73
2026/09/21 00:43:08.188, 100, 28112, 32623, 200.29, 75
2026/09/21 00:43:09.188, 100, 28112, 32623, 200.03, 74
2026/09/21 00:43:10.188, 100, 28112, 32623, 200.01, 75
2026/09/21 00:43:11.188, 100, 28112, 32623, 199.99, 74
2026/09/21 00:43:12.188, 100, 28112, 32623, 199.99, 75
2026/09/21 00:43:13.189, 100, 28112, 32623, 200.01, 74
2026/09/21 00:43:14.189, 100, 28112, 32623, 199.99, 73
2026/09/21 00:43:15.189, 100, 28112, 32623, 199.97, 76
2026/09/21 00:43:16.189, 100, 28112, 32623, 200.21, 74
2026/09/21 00:43:17.189, 100, 28112, 32623, 199.98, 74
2026/09/21 00:43:18.190, 100, 28112, 32623, 200.03, 76
2026/09/21 00:43:19.190, 100, 28112, 32623, 200.02, 75
2026/09/21 00:43:20.190, 100, 28112, 32623, 199.99, 74
2026/09/21 00:43:21.190, 100, 28112, 32623, 195.39, 74
2026/09/21 00:43:22.190, 100, 28112, 32623, 200.00, 74
2026/09/21 00:43:23.191, 99, 28112, 32623, 199.94, 76
2026/09/21 00:43:24.191, 100, 28112, 32623, 198.55, 75
2026/09/21 00:43:25.191, 100, 28112, 32623, 195.93, 74
2026/09/21 00:43:26.192, 94, 28112, 32623, 203.11, 73
2026/09/21 00:43:27.192, 97, 28112, 32623, 200.22, 72
2026/09/21 00:43:28.192, 94, 28112, 32623, 199.66, 72
2026/09/21 00:43:29.192, 96, 28112, 32623, 199.96, 71
2026/09/21 00:43:30.192, 97, 28112, 32623, 199.94, 72
2026/09/21 00:43:31.193, 94, 28112, 32623, 199.75, 72
2026/09/21 00:43:32.193, 97, 28112, 32623, 199.97, 71
2026/09/21 00:43:33.193, 0, 28112, 32623, 81.71, 61
2026/09/21 00:43:34.193, 100, 28112, 32623, 75.00, 67
2026/09/21 00:43:35.194, 100, 28112, 32623, 204.50, 70
2026/09/21 00:43:36.194, 100, 28112, 32623, 200.00, 71
2026/09/21 00:43:37.194, 100, 28112, 32623, 200.37, 71
2026/09/21 00:43:38.194, 97, 28112, 32623, 199.59, 71
2026/09/21 00:43:39.195, 100, 28112, 32623, 199.99, 72
2026/09/21 00:43:40.195, 100, 28112, 32623, 199.99, 71
2026/09/21 00:43:41.195, 100, 28112, 32623, 200.00, 72
2026/09/21 00:43:42.195, 100, 28112, 32623, 200.00, 71
2026/09/21 00:43:43.196, 100, 28112, 32623, 200.00, 73
2026/09/21 00:43:44.196, 100, 28112, 32623, 199.99, 73
2026/09/21 00:43:45.196, 99, 28112, 32623, 199.95, 74
2026/09/21 00:43:46.196, 100, 28112, 32623, 200.22, 73
2026/09/21 00:43:47.197, 100, 28112, 32623, 199.98, 73
2026/09/21 00:43:48.197, 100, 28112, 32623, 200.00, 73
2026/09/21 00:43:49.197, 100, 28112, 32623, 199.98, 74
2026/09/21 00:43:50.197, 100, 28112, 32623, 200.02, 74
2026/09/21 00:43:51.198, 100, 28112, 32623, 200.00, 73
2026/09/21 00:43:52.198, 100, 28112, 32623, 200.02, 73
2026/09/21 00:43:53.198, 89, 28112, 32623, 194.47, 75
2026/09/21 00:43:54.198, 100, 28112, 32623, 201.59, 73
2026/09/21 00:43:55.199, 100, 28112, 32623, 200.00, 73
2026/09/21 00:43:56.199, 100, 28112, 32623, 199.97, 73
2026/09/21 00:43:57.199, 100, 28112, 32623, 199.99, 73
2026/09/21 00:43:58.199, 100, 28112, 32623, 200.02, 75
2026/09/21 00:43:59.199, 100, 28112, 32623, 199.97, 73
2026/09/21 00:44:00.200, 100, 28112, 32623, 200.03, 74
2026/09/21 00:44:01.200, 100, 28112, 32623, 199.99, 73
2026/09/21 00:44:02.200, 100, 28112, 32623, 199.95, 73
2026/09/21 00:44:03.201, 100, 28112, 32623, 200.03, 75
2026/09/21 00:44:04.201, 100, 28112, 32623, 200.01, 74
2026/09/21 00:44:05.201, 99, 28112, 32623, 199.79, 75
2026/09/21 00:44:06.201, 100, 28112, 32623, 200.22, 73
2026/09/21 00:44:07.202, 100, 28112, 32623, 199.99, 75
2026/09/21 00:44:08.202, 100, 28112, 32623, 200.01, 75
2026/09/21 00:44:09.202, 100, 28112, 32623, 200.01, 74
2026/09/21 00:44:10.202, 99, 28112, 32623, 199.99, 75
2026/09/21 00:44:11.203, 100, 28112, 32623, 200.02, 75
2026/09/21 00:44:12.203, 100, 28112, 32623, 199.98, 75
2026/09/21 00:44:13.203, 100, 28112, 32623, 200.01, 74
2026/09/21 00:44:14.203, 100, 28112, 32623, 200.00, 74
2026/09/21 00:44:15.204, 100, 28112, 32623, 199.99, 73
2026/09/21 00:44:16.204, 100, 28112, 32623, 200.03, 74
2026/09/21 00:44:17.204, 100, 28112, 32623, 199.98, 73
2026/09/21 00:44:18.204, 100, 28112, 32623, 200.00, 75
2026/09/21 00:44:19.205, 70, 28112, 32623, 194.86, 71
2026/09/21 00:44:20.205, 100, 28112, 32623, 199.97, 75
2026/09/21 00:44:21.205, 100, 28112, 32623, 199.95, 74
2026/09/21 00:44:22.205, 100, 28112, 32623, 200.04, 75
2026/09/21 00:44:23.206, 100, 28112, 32623, 199.96, 75
2026/09/21 00:44:24.206, 100, 28112, 32623, 200.02, 75
2026/09/21 00:44:25.206, 100, 28112, 32623, 199.98, 75
2026/09/21 00:44:26.206, 100, 28112, 32623, 200.01, 74
2026/09/21 00:44:27.206, 100, 28112, 32623, 200.00, 75
2026/09/21 00:44:28.207, 100, 28112, 32623, 199.99, 73
2026/09/21 00:44:29.207, 100, 28112, 32623, 200.01, 74
2026/09/21 00:44:30.207, 100, 28112, 32623, 200.01, 74
2026/09/21 00:44:31.207, 100, 28112, 32623, 200.01, 75
2026/09/21 00:44:32.207, 100, 28112, 32623, 200.01, 74
2026/09/21 00:44:33.208, 100, 28112, 32623, 199.96, 75
2026/09/21 00:44:34.208, 100, 28112, 32623, 200.02, 75
2026/09/21 00:44:35.208, 100, 28112, 32623, 199.99, 74
2026/09/21 00:44:36.209, 100, 28112, 32623, 200.01, 74
2026/09/21 00:44:37.209, 100, 28112, 32623, 199.96, 73
2026/09/21 00:44:38.210, 100, 28112, 32623, 200.06, 74
2026/09/21 00:44:39.211, 98, 28112, 32623, 199.84, 73
2026/09/21 00:44:40.211, 100, 28112, 32623, 200.14, 74
2026/09/21 00:44:41.211, 100, 28112, 32623, 200.00, 75
2026/09/21 00:44:42.211, 100, 28112, 32623, 199.99, 76
2026/09/21 00:44:43.211, 100, 28112, 32623, 199.99, 73
2026/09/21 00:44:44.212, 100, 28112, 32623, 199.99, 73
2026/09/21 00:44:45.212, 100, 28112, 32623, 200.02, 76
2026/09/21 00:44:46.212, 100, 28112, 32623, 199.98, 75
2026/09/21 00:44:47.212, 100, 28112, 32623, 200.00, 73
2026/09/21 00:44:48.212, 100, 28112, 32623, 199.99, 76
2026/09/21 00:44:49.213, 100, 28112, 32623, 200.05, 74
2026/09/21 00:44:50.213, 97, 28112, 32623, 199.70, 76
2026/09/21 00:44:51.213, 100, 28112, 32623, 200.02, 73
2026/09/21 00:44:52.213, 100, 28112, 32623, 199.96, 73
2026/09/21 00:44:53.214, 100, 28112, 32623, 196.81, 75
2026/09/21 00:44:54.214, 100, 28112, 32623, 200.02, 75
2026/09/21 00:44:55.214, 100, 28112, 32623, 200.02, 74
2026/09/21 00:44:56.214, 100, 28112, 32623, 200.04, 74
2026/09/21 00:44:57.214, 99, 28112, 32623, 199.84, 75
2026/09/21 00:44:58.215, 100, 28112, 32623, 199.99, 75
2026/09/21 00:44:59.215, 100, 28112, 32623, 200.00, 74
2026/09/21 00:45:00.215, 100, 28112, 32623, 199.98, 75
2026/09/21 00:45:01.215, 100, 28112, 32623, 200.01, 75
2026/09/21 00:45:02.216, 100, 28112, 32623, 199.93, 76
2026/09/21 00:45:03.216, 100, 28112, 32623, 200.03, 75
2026/09/21 00:45:04.217, 100, 28112, 32623, 199.98, 74
2026/09/21 00:45:05.217, 100, 28112, 32623, 199.99, 74
2026/09/21 00:45:06.217, 100, 28112, 32623, 200.01, 74
2026/09/21 00:45:07.218, 100, 28112, 32623, 199.99, 73
2026/09/21 00:45:08.218, 100, 28112, 32623, 200.01, 76
2026/09/21 00:45:09.218, 100, 28112, 32623, 199.98, 75
2026/09/21 00:45:10.218, 100, 28112, 32623, 200.00, 74
2026/09/21 00:45:11.219, 100, 28112, 32623, 200.02, 76
2026/09/21 00:45:12.219, 100, 28112, 32623, 199.99, 76
2026/09/21 00:45:13.219, 100, 28112, 32623, 200.02, 73
2026/09/21 00:45:14.219, 100, 28112, 32623, 199.99, 76
2026/09/21 00:45:15.220, 100, 28112, 32623, 199.99, 75
2026/09/21 00:45:16.220, 100, 28112, 32623, 200.02, 75
2026/09/21 00:45:17.220, 99, 28112, 32623, 199.95, 76
2026/09/21 00:45:18.220, 100, 28112, 32623, 200.00, 74
2026/09/21 00:45:19.220, 100, 28112, 32623, 199.97, 74
2026/09/21 00:45:20.220, 100, 28112, 32623, 200.00, 74
2026/09/21 00:45:21.221, 100, 28112, 32623, 200.02, 73
2026/09/21 00:45:22.221, 100, 28112, 32623, 200.00, 75
2026/09/21 00:45:23.221, 100, 28112, 32623, 200.00, 73
2026/09/21 00:45:24.221, 100, 28112, 32623, 200.00, 74
2026/09/21 00:45:25.221, 98, 28112, 32623, 199.54, 76
2026/09/21 00:45:26.222, 100, 28112, 32623, 200.47, 74
2026/09/21 00:45:27.222, 100, 28112, 32623, 200.00, 74
2026/09/21 00:45:28.222, 100, 28112, 32623, 196.33, 73
2026/09/21 00:45:29.223, 100, 28112, 32623, 200.59, 74
2026/09/21 00:45:30.223, 100, 28112, 32623, 199.99, 75
2026/09/21 00:45:31.223, 100, 28112, 32623, 197.22, 75
2026/09/21 00:45:32.223, 100, 28112, 32623, 200.07, 75
2026/09/21 00:45:33.225, 35, 28112, 32623, 187.81, 68
2026/09/21 00:45:34.226, 100, 28112, 32623, 109.53, 71
2026/09/21 00:45:35.226, 94, 28112, 32623, 199.50, 72
2026/09/21 00:45:36.226, 97, 28112, 32623, 199.96, 72
2026/09/21 00:45:37.226, 94, 28112, 32623, 199.74, 72
2026/09/21 00:45:38.227, 97, 28112, 32623, 200.17, 71
2026/09/21 00:45:39.227, 95, 28112, 32623, 200.12, 72
2026/09/21 00:45:40.227, 94, 28112, 32623, 200.00, 71
2026/09/21 00:45:41.227, 0, 28112, 32623, 184.07, 65
2026/09/21 00:45:42.228, 100, 28112, 32623, 124.95, 71
2026/09/21 00:45:43.228, 93, 28112, 32623, 199.24, 72
2026/09/21 00:45:44.228, 95, 28112, 32623, 199.90, 71
2026/09/21 00:45:45.228, 97, 28112, 32623, 199.95, 72
2026/09/21 00:45:46.229, 94, 28112, 32623, 199.68, 72
2026/09/21 00:45:47.229, 97, 28112, 32623, 200.24, 71
2026/09/21 00:45:48.229, 95, 28112, 32623, 199.97, 72
2026/09/21 00:45:49.229, 0, 28112, 32623, 168.52, 64
2026/09/21 00:45:50.230, 98, 28112, 32623, 141.48, 70
2026/09/21 00:45:51.230, 95, 28112, 32623, 199.61, 72
2026/09/21 00:45:52.230, 94, 28112, 32623, 199.79, 72
2026/09/21 00:45:53.230, 97, 28112, 32623, 200.00, 72
2026/09/21 00:45:54.230, 94, 28112, 32623, 199.62, 72
2026/09/21 00:45:55.230, 96, 28112, 32623, 199.92, 71
2026/09/21 00:45:56.231, 95, 28112, 32623, 200.18, 72
2026/09/21 00:45:57.231, 0, 28112, 32623, 155.24, 63
2026/09/21 00:45:58.231, 96, 28112, 32623, 158.74, 70
2026/09/21 00:45:59.231, 96, 28112, 32623, 199.74, 72
2026/09/21 00:46:00.232, 94, 28112, 32623, 200.01, 72
2026/09/21 00:46:01.232, 97, 28112, 32623, 200.10, 72
2026/09/21 00:46:02.232, 94, 28112, 32623, 199.79, 72
2026/09/21 00:46:03.232, 97, 28112, 32623, 199.98, 72
2026/09/21 00:46:04.233, 94, 28112, 32623, 199.74, 72
2026/09/21 00:46:05.254, 0, 28112, 32623, 137.37, 62
2026/09/21 00:46:06.254, 97, 28112, 32623, 168.20, 71
2026/09/21 00:46:07.255, 94, 28112, 32623, 199.80, 72
2026/09/21 00:46:08.255, 94, 28112, 32623, 200.06, 71
2026/09/21 00:46:09.255, 97, 28112, 32623, 200.05, 72
2026/09/21 00:46:10.255, 94, 28112, 32623, 199.76, 72
2026/09/21 00:46:11.255, 97, 28112, 32623, 200.14, 72
2026/09/21 00:46:12.255, 94, 28112, 32623, 199.75, 72
2026/09/21 00:46:13.256, 0, 28112, 32623, 120.05, 62
2026/09/21 00:46:14.256, 0, 28112, 32623, 80.78, 61
2026/09/21 00:46:15.256, 100, 28112, 32623, 131.67, 70
2026/09/21 00:46:16.256, 100, 28112, 32623, 200.01, 70
2026/09/21 00:46:17.256, 100, 28112, 32623, 199.97, 71
2026/09/21 00:46:18.257, 100, 28112, 32623, 199.99, 72
2026/09/21 00:46:19.257, 100, 28112, 32623, 199.99, 71
2026/09/21 00:46:20.257, 100, 28112, 32623, 200.01, 73
2026/09/21 00:46:21.258, 100, 28112, 32623, 200.01, 72
2026/09/21 00:46:22.258, 100, 28112, 32623, 200.00, 73
2026/09/21 00:46:23.258, 100, 28112, 32623, 199.97, 72
2026/09/21 00:46:24.258, 98, 28112, 32623, 199.83, 73
2026/09/21 00:46:25.259, 100, 28112, 32623, 200.03, 73
2026/09/21 00:46:26.259, 100, 28112, 32623, 199.99, 74
2026/09/21 00:46:27.259, 100, 28112, 32623, 200.01, 72
2026/09/21 00:46:28.260, 100, 28112, 32623, 199.99, 73
2026/09/21 00:46:29.260, 97, 28112, 32623, 199.41, 73
2026/09/21 00:46:30.260, 100, 28112, 32623, 199.99, 73
2026/09/21 00:46:31.261, 100, 28112, 32623, 200.01, 74
2026/09/21 00:46:32.261, 100, 28112, 32623, 199.97, 73
2026/09/21 00:46:33.261, 100, 28112, 32623, 200.01, 73
2026/09/21 00:46:34.261, 100, 28112, 32623, 198.98, 75
2026/09/21 00:46:35.262, 100, 28112, 32623, 200.00, 75
2026/09/21 00:46:36.262, 98, 28112, 32623, 199.72, 74
2026/09/21 00:46:37.262, 100, 28112, 32623, 200.29, 75
2026/09/21 00:46:38.263, 100, 28112, 32623, 199.98, 73
2026/09/21 00:46:39.263, 97, 28112, 32623, 199.50, 75
2026/09/21 00:46:40.263, 100, 28112, 32623, 200.01, 75
2026/09/21 00:46:41.263, 100, 28112, 32623, 199.99, 75
2026/09/21 00:46:42.264, 100, 28112, 32623, 199.99, 73
2026/09/21 00:46:43.264, 100, 28112, 32623, 200.00, 72
2026/09/21 00:46:44.264, 100, 28112, 32623, 199.99, 73
2026/09/21 00:46:45.264, 100, 28112, 32623, 199.99, 73
2026/09/21 00:46:46.265, 100, 28112, 32623, 200.02, 74
2026/09/21 00:46:47.265, 98, 28112, 32623, 199.90, 74
2026/09/21 00:46:48.265, 100, 28112, 32623, 200.17, 73
2026/09/21 00:46:49.265, 100, 28112, 32623, 200.00, 75
2026/09/21 00:46:50.266, 100, 28112, 32623, 199.99, 73
2026/09/21 00:46:51.266, 100, 28112, 32623, 199.99, 75
2026/09/21 00:46:52.266, 99, 28112, 32623, 199.82, 75
2026/09/21 00:46:53.266, 100, 28112, 32623, 200.00, 73
2026/09/21 00:46:54.266, 100, 28112, 32623, 199.94, 75
2026/09/21 00:46:55.267, 100, 28112, 32623, 200.03, 73
2026/09/21 00:46:56.267, 100, 28112, 32623, 200.02, 75
2026/09/21 00:46:57.267, 100, 28112, 32623, 199.99, 73
2026/09/21 00:46:58.267, 100, 28112, 32623, 199.98, 75
2026/09/21 00:46:59.268, 100, 28112, 32623, 200.02, 75
2026/09/21 00:47:00.268, 100, 28112, 32623, 199.71, 75
2026/09/21 00:47:01.268, 100, 28112, 32623, 199.99, 75
2026/09/21 00:47:02.268, 100, 28112, 32623, 199.99, 75
2026/09/21 00:47:03.268, 98, 28112, 32623, 199.53, 76
2026/09/21 00:47:04.269, 100, 28112, 32623, 200.00, 75
2026/09/21 00:47:05.269, 99, 28112, 32623, 199.91, 75
2026/09/21 00:47:06.269, 100, 28112, 32623, 200.12, 74
2026/09/21 00:47:07.269, 100, 28112, 32623, 199.98, 75
2026/09/21 00:47:08.270, 100, 28112, 32623, 200.22, 74
2026/09/21 00:47:09.270, 100, 28112, 32623, 199.95, 74
2026/09/21 00:47:10.270, 100, 28112, 32623, 200.16, 73
2026/09/21 00:47:11.270, 100, 28112, 32623, 199.98, 74
2026/09/21 00:47:12.270, 100, 28112, 32623, 200.25, 74
2026/09/21 00:47:13.271, 100, 28112, 32623, 199.93, 76
2026/09/21 00:47:14.271, 100, 28112, 32623, 200.39, 76
2026/09/21 00:47:15.271, 98, 28112, 32623, 199.77, 74
2026/09/21 00:47:16.271, 100, 28112, 32623, 200.25, 74
2026/09/21 00:47:17.271, 99, 28112, 32623, 199.81, 73
2026/09/21 00:47:18.272, 100, 28112, 32623, 199.99, 74
2026/09/21 00:47:19.272, 100, 28112, 32623, 200.01, 74
2026/09/21 00:47:20.272, 100, 28112, 32623, 200.01, 74
2026/09/21 00:47:21.272, 100, 28112, 32623, 200.01, 76
2026/09/21 00:47:22.272, 100, 28112, 32623, 200.00, 76
2026/09/21 00:47:23.273, 100, 28112, 32623, 199.96, 75
2026/09/21 00:47:24.273, 100, 28112, 32623, 199.98, 75
2026/09/21 00:47:25.273, 100, 28112, 32623, 200.02, 75
2026/09/21 00:47:26.273, 100, 28112, 32623, 199.99, 76
2026/09/21 00:47:27.273, 100, 28112, 32623, 200.01, 74
2026/09/21 00:47:28.274, 98, 28112, 32623, 199.68, 74
2026/09/21 00:47:29.274, 100, 28112, 32623, 200.33, 74
2026/09/21 00:47:30.274, 100, 28112, 32623, 200.00, 75
2026/09/21 00:47:31.274, 100, 28112, 32623, 199.97, 73
2026/09/21 00:47:32.275, 100, 28112, 32623, 200.00, 75
2026/09/21 00:47:33.275, 100, 28112, 32623, 198.62, 76
2026/09/21 00:47:34.275, 100, 28112, 32623, 200.08, 76
2026/09/21 00:47:35.275, 98, 28112, 32623, 199.89, 75
2026/09/21 00:47:36.275, 100, 28112, 32623, 200.12, 75
2026/09/21 00:47:37.276, 100, 28112, 32623, 200.00, 75
2026/09/21 00:47:38.276, 100, 28112, 32623, 200.00, 76
2026/09/21 00:47:39.276, 100, 28112, 32623, 199.99, 76
2026/09/21 00:47:40.277, 100, 28112, 32623, 199.99, 74
2026/09/21 00:47:41.277, 100, 28112, 32623, 200.04, 75
2026/09/21 00:47:42.277, 99, 28112, 32623, 199.84, 76
2026/09/21 00:47:43.277, 100, 28112, 32623, 200.02, 74
2026/09/21 00:47:44.278, 100, 28112, 32623, 200.01, 76
2026/09/21 00:47:45.278, 100, 28112, 32623, 200.00, 75
2026/09/21 00:47:46.278, 100, 28112, 32623, 200.01, 76
2026/09/21 00:47:47.279, 99, 28112, 32623, 199.95, 76
2026/09/21 00:47:48.279, 100, 28112, 32623, 200.04, 75
2026/09/21 00:47:49.279, 100, 28112, 32623, 200.03, 74
2026/09/21 00:47:50.279, 100, 28112, 32623, 200.01, 75
2026/09/21 00:47:51.280, 100, 28112, 32623, 200.01, 74
2026/09/21 00:47:52.280, 99, 28112, 32623, 199.85, 74
2026/09/21 00:47:53.280, 100, 28112, 32623, 200.15, 75
2026/09/21 00:47:54.280, 100, 28112, 32623, 200.00, 74
2026/09/21 00:47:55.281, 100, 28112, 32623, 200.00, 76
2026/09/21 00:47:56.281, 100, 28112, 32623, 200.00, 73
2026/09/21 00:47:57.281, 100, 28112, 32623, 199.98, 76
2026/09/21 00:47:58.282, 100, 28112, 32623, 200.01, 75
2026/09/21 00:47:59.282, 100, 28112, 32623, 200.01, 76
2026/09/21 00:48:00.282, 100, 28112, 32623, 199.94, 75
2026/09/21 00:48:01.282, 100, 28112, 32623, 200.04, 76
2026/09/21 00:48:02.282, 100, 28112, 32623, 199.99, 76
2026/09/21 00:48:03.283, 100, 28112, 32623, 200.02, 75
2026/09/21 00:48:04.283, 100, 28112, 32623, 200.01, 76
2026/09/21 00:48:05.283, 100, 28112, 32623, 199.99, 76
2026/09/21 00:48:06.283, 100, 28112, 32623, 199.99, 74
2026/09/21 00:48:07.284, 100, 28112, 32623, 199.99, 75
2026/09/21 00:48:08.284, 52, 28112, 32623, 193.43, 77
2026/09/21 00:48:09.284, 100, 28112, 32623, 198.11, 76
2026/09/21 00:48:10.285, 100, 28112, 32623, 199.97, 76
2026/09/21 00:48:11.285, 100, 28112, 32623, 198.37, 74
2026/09/21 00:48:12.285, 100, 28112, 32623, 200.59, 75
2026/09/21 00:48:13.285, 100, 28112, 32623, 195.99, 73
2026/09/21 00:48:14.285, 100, 28112, 32623, 103.86, 70
2026/09/21 00:48:15.286, 97, 28112, 32623, 202.34, 72
2026/09/21 00:48:16.287, 93, 28112, 32623, 199.73, 71
2026/09/21 00:48:17.287, 95, 28112, 32623, 200.09, 72
2026/09/21 00:48:18.287, 97, 28112, 32623, 199.97, 71
2026/09/21 00:48:19.288, 94, 28112, 32623, 199.74, 72
2026/09/21 00:48:20.288, 97, 28112, 32623, 200.15, 72
2026/09/21 00:48:21.288, 94, 28112, 32623, 143.20, 68
2026/09/21 00:48:22.289, 100, 28112, 32623, 172.68, 70
2026/09/21 00:48:23.289, 96, 28112, 32623, 199.61, 72
2026/09/21 00:48:24.289, 95, 28112, 32623, 199.99, 70
2026/09/21 00:48:25.289, 94, 28112, 32623, 199.86, 71
2026/09/21 00:48:26.290, 96, 28112, 32623, 200.07, 72
2026/09/21 00:48:27.290, 95, 28112, 32623, 200.01, 71
2026/09/21 00:48:28.290, 94, 28112, 32623, 199.97, 72
2026/09/21 00:48:29.291, 0, 28112, 32623, 122.49, 61
2026/09/21 00:48:30.291, 97, 28112, 32623, 177.84, 71
2026/09/21 00:48:31.291, 94, 28112, 32623, 199.78, 71
2026/09/21 00:48:32.291, 97, 28112, 32623, 200.16, 72
2026/09/21 00:48:33.292, 94, 28112, 32623, 199.96, 72
2026/09/21 00:48:34.292, 96, 28112, 32623, 200.10, 72
2026/09/21 00:48:35.292, 95, 28112, 32623, 200.18, 71
2026/09/21 00:48:36.292, 94, 28112, 32623, 199.81, 72
2026/09/21 00:48:37.293, 62, 28112, 32623, 109.36, 70
2026/09/21 00:48:38.293, 94, 28112, 32623, 202.49, 71
2026/09/21 00:48:39.293, 96, 28112, 32623, 200.13, 72
2026/09/21 00:48:40.293, 95, 28112, 32623, 200.16, 71
2026/09/21 00:48:41.293, 94, 28112, 32623, 199.73, 72
2026/09/21 00:48:42.294, 97, 28112, 32623, 200.02, 72
2026/09/21 00:48:43.294, 94, 28112, 32623, 199.81, 71
2026/09/21 00:48:44.294, 96, 28112, 32623, 200.01, 72
2026/09/21 00:48:45.294, 100, 28112, 32623, 119.11, 70
2026/09/21 00:48:46.294, 94, 28112, 32623, 199.97, 71
2026/09/21 00:48:47.295, 97, 28112, 32623, 199.98, 72
2026/09/21 00:48:48.295, 95, 28112, 32623, 199.85, 71
2026/09/21 00:48:49.295, 96, 28112, 32623, 199.99, 72
2026/09/21 00:48:50.296, 96, 28112, 32623, 199.99, 71
2026/09/21 00:48:51.296, 94, 28112, 32623, 199.95, 72
2026/09/21 00:48:52.296, 97, 28112, 32623, 200.11, 66
2026/09/21 00:48:53.296, 0, 28112, 32623, 72.11, 61
2026/09/21 00:48:54.296, 100, 28112, 32623, 87.70, 68
2026/09/21 00:48:55.297, 100, 28112, 32623, 200.56, 70
2026/09/21 00:48:56.297, 100, 28112, 32623, 199.98, 71
2026/09/21 00:48:57.297, 100, 28112, 32623, 199.98, 70
2026/09/21 00:48:58.298, 100, 28112, 32623, 200.04, 72
2026/09/21 00:48:59.298, 97, 28112, 32623, 200.03, 73
2026/09/21 00:49:00.298, 100, 28112, 32623, 200.01, 72
2026/09/21 00:49:01.298, 100, 28112, 32623, 199.97, 72
2026/09/21 00:49:02.299, 100, 28112, 32623, 200.01, 73
2026/09/21 00:49:03.299, 100, 28112, 32623, 200.01, 73
2026/09/21 00:49:04.299, 100, 28112, 32623, 199.99, 72
2026/09/21 00:49:05.299, 100, 28112, 32623, 199.95, 73
2026/09/21 00:49:06.300, 100, 28112, 32623, 200.06, 73
2026/09/21 00:49:07.300, 100, 28112, 32623, 200.00, 74
2026/09/21 00:49:08.300, 100, 28112, 32623, 199.99, 73
2026/09/21 00:49:09.300, 100, 28112, 32623, 199.98, 73
2026/09/21 00:49:10.301, 99, 28112, 32623, 199.81, 75
2026/09/21 00:49:11.301, 100, 28112, 32623, 200.21, 74
2026/09/21 00:49:12.301, 100, 28112, 32623, 200.01, 72
2026/09/21 00:49:13.301, 100, 28112, 32623, 194.53, 74
2026/09/21 00:49:14.302, 100, 28112, 32623, 200.63, 73
2026/09/21 00:49:15.302, 100, 28112, 32623, 199.99, 73
2026/09/21 00:49:16.302, 100, 28112, 32623, 199.99, 73
2026/09/21 00:49:17.302, 100, 28112, 32623, 200.05, 73
2026/09/21 00:49:18.303, 100, 28112, 32623, 199.99, 74
2026/09/21 00:49:19.303, 100, 28112, 32623, 200.00, 74
2026/09/21 00:49:20.303, 100, 28112, 32623, 200.01, 75
2026/09/21 00:49:21.304, 100, 28112, 32623, 200.00, 74
2026/09/21 00:49:22.304, 100, 28112, 32623, 199.93, 74
2026/09/21 00:49:23.304, 100, 28112, 32623, 200.01, 73
2026/09/21 00:49:24.304, 100, 28112, 32623, 200.00, 73
2026/09/21 00:49:25.305, 98, 28112, 32623, 199.98, 75
2026/09/21 00:49:26.305, 100, 28112, 32623, 200.04, 75
2026/09/21 00:49:27.305, 100, 28112, 32623, 199.99, 73
2026/09/21 00:49:28.306, 100, 28112, 32623, 200.00, 73
2026/09/21 00:49:29.306, 100, 28112, 32623, 199.99, 73
2026/09/21 00:49:30.306, 99, 28112, 32623, 199.90, 75
2026/09/21 00:49:31.306, 100, 28112, 32623, 200.15, 73
2026/09/21 00:49:32.307, 100, 28112, 32623, 200.00, 73
2026/09/21 00:49:33.307, 100, 28112, 32623, 200.01, 75
2026/09/21 00:49:34.307, 100, 28112, 32623, 200.00, 73
2026/09/21 00:49:35.307, 100, 28112, 32623, 200.00, 75
2026/09/21 00:49:36.308, 100, 28112, 32623, 199.98, 73
2026/09/21 00:49:37.308, 100, 28112, 32623, 199.53, 76
2026/09/21 00:49:38.308, 100, 28112, 32623, 200.49, 75
2026/09/21 00:49:39.308, 35, 28112, 32623, 194.97, 77
2026/09/21 00:49:40.309, 100, 28112, 32623, 204.89, 75
2026/09/21 00:49:41.309, 100, 28112, 32623, 199.99, 75
2026/09/21 00:49:42.309, 100, 28112, 32623, 200.04, 75
2026/09/21 00:49:43.309, 100, 28112, 32623, 199.99, 75
2026/09/21 00:49:44.310, 100, 28112, 32623, 200.02, 74
2026/09/21 00:49:45.310, 100, 28112, 32623, 199.98, 74
2026/09/21 00:49:46.310, 100, 28112, 32623, 200.01, 75
2026/09/21 00:49:47.311, 100, 28112, 32623, 200.01, 75
2026/09/21 00:49:48.311, 100, 28112, 32623, 200.00, 73
2026/09/21 00:49:49.311, 100, 28112, 32623, 199.99, 75
2026/09/21 00:49:50.311, 100, 28112, 32623, 200.00, 73
2026/09/21 00:49:51.312, 100, 28112, 32623, 200.01, 76
2026/09/21 00:49:52.312, 100, 28112, 32623, 200.01, 75
2026/09/21 00:49:53.312, 100, 28112, 32623, 199.98, 74
2026/09/21 00:49:54.312, 100, 28112, 32623, 200.00, 74
2026/09/21 00:49:55.313, 100, 28112, 32623, 199.99, 76
2026/09/21 00:49:56.313, 100, 28112, 32623, 200.02, 75
2026/09/21 00:49:57.313, 100, 28112, 32623, 199.99, 74
2026/09/21 00:49:58.313, 100, 28112, 32623, 200.00, 76
2026/09/21 00:49:59.314, 98, 28112, 32623, 199.96, 74
2026/09/21 00:50:00.314, 100, 28112, 32623, 200.19, 75
2026/09/21 00:50:01.314, 100, 28112, 32623, 199.56, 76
2026/09/21 00:50:02.315, 100, 28112, 32623, 200.00, 75
2026/09/21 00:50:03.315, 100, 28112, 32623, 199.99, 74
2026/09/21 00:50:04.315, 100, 28112, 32623, 199.99, 75
2026/09/21 00:50:05.315, 100, 28112, 32623, 200.01, 75
2026/09/21 00:50:06.316, 100, 28112, 32623, 199.99, 73
2026/09/21 00:50:07.316, 100, 28112, 32623, 200.01, 75
2026/09/21 00:50:08.316, 100, 28112, 32623, 199.97, 75
2026/09/21 00:50:09.317, 100, 28112, 32623, 200.02, 75
2026/09/21 00:50:10.317, 99, 28112, 32623, 199.87, 75
2026/09/21 00:50:11.317, 100, 28112, 32623, 200.11, 75
2026/09/21 00:50:12.317, 100, 28112, 32623, 200.02, 75
2026/09/21 00:50:13.318, 100, 28112, 32623, 198.81, 74
2026/09/21 00:50:14.318, 100, 28112, 32623, 199.99, 73
2026/09/21 00:50:15.318, 100, 28112, 32623, 200.01, 76
2026/09/21 00:50:16.318, 100, 28112, 32623, 200.00, 76
2026/09/21 00:50:17.319, 99, 28112, 32623, 199.81, 73
2026/09/21 00:50:18.319, 100, 28112, 32623, 200.19, 73
2026/09/21 00:50:19.319, 100, 28112, 32623, 200.00, 74
2026/09/21 00:50:20.319, 100, 28112, 32623, 199.99, 75
2026/09/21 00:50:21.320, 100, 28112, 32623, 199.99, 73
2026/09/21 00:50:22.320, 100, 28112, 32623, 199.97, 75
2026/09/21 00:50:23.320, 100, 28112, 32623, 200.03, 74
2026/09/21 00:50:24.321, 100, 28112, 32623, 200.01, 74
2026/09/21 00:50:25.321, 100, 28112, 32623, 199.96, 74
2026/09/21 00:50:26.321, 100, 28112, 32623, 200.00, 76
2026/09/21 00:50:27.322, 100, 28112, 32623, 200.01, 75
2026/09/21 00:50:28.322, 100, 28112, 32623, 200.03, 75
2026/09/21 00:50:29.322, 100, 28112, 32623, 199.98, 74
2026/09/21 00:50:30.322, 100, 28112, 32623, 200.01, 74
2026/09/21 00:50:31.323, 100, 28112, 32623, 200.01, 76
2026/09/21 00:50:32.323, 100, 28112, 32623, 199.97, 76
2026/09/21 00:50:33.323, 100, 28112, 32623, 200.04, 74
2026/09/21 00:50:34.324, 100, 28112, 32623, 200.01, 75
2026/09/21 00:50:35.324, 100, 28112, 32623, 200.00, 74
2026/09/21 00:50:36.324, 100, 28112, 32623, 199.98, 76
2026/09/21 00:50:37.324, 100, 28112, 32623, 199.96, 76
2026/09/21 00:50:38.325, 100, 28112, 32623, 200.26, 76
2026/09/21 00:50:39.325, 100, 28112, 32623, 199.99, 74
2026/09/21 00:50:40.325, 100, 28112, 32623, 200.02, 76
2026/09/21 00:50:41.326, 100, 28112, 32623, 200.00, 74
2026/09/21 00:50:42.326, 100, 28112, 32623, 199.98, 75
2026/09/21 00:50:43.326, 100, 28112, 32623, 200.01, 76
2026/09/21 00:50:44.326, 100, 28112, 32623, 200.01, 74
2026/09/21 00:50:45.327, 100, 28112, 32623, 199.97, 76
2026/09/21 00:50:46.327, 100, 28112, 32623, 200.31, 76
2026/09/21 00:50:47.327, 100, 28112, 32623, 200.03, 76
2026/09/21 00:50:48.328, 100, 28112, 32623, 199.66, 74
2026/09/21 00:50:49.328, 100, 28112, 32623, 200.19, 73
2026/09/21 00:50:50.328, 100, 28112, 32623, 199.99, 74
2026/09/21 00:50:51.328, 100, 28112, 32623, 197.35, 74
2026/09/21 00:50:52.328, 100, 28112, 32623, 200.03, 74
2026/09/21 00:50:53.329, 0, 28112, 32623, 170.97, 65
2026/09/21 00:50:54.329, 100, 28112, 32623, 131.37, 71
2026/09/21 00:50:55.329, 97, 28112, 32623, 199.59, 72
2026/09/21 00:50:56.329, 94, 28112, 32623, 199.73, 72
2026/09/21 00:50:57.330, 95, 28112, 32623, 199.91, 71
2026/09/21 00:50:58.330, 97, 28112, 32623, 199.93, 72
2026/09/21 00:50:59.330, 94, 28112, 32623, 199.96, 72
2026/09/21 00:51:00.330, 95, 28112, 32623, 199.99, 71
2026/09/21 00:51:01.331, 0, 28112, 32623, 167.38, 64
2026/09/21 00:51:02.331, 96, 28112, 32623, 145.37, 71
2026/09/21 00:51:03.331, 93, 28112, 32623, 199.43, 72
2026/09/21 00:51:04.331, 96, 28112, 32623, 199.93, 71
2026/09/21 00:51:05.332, 94, 28112, 32623, 200.10, 72
2026/09/21 00:51:06.332, 93, 28112, 32623, 199.66, 72
2026/09/21 00:51:07.332, 96, 28112, 32623, 199.91, 72
2026/09/21 00:51:08.332, 95, 28112, 32623, 200.12, 72
2026/09/21 00:51:09.332, 0, 28112, 32623, 155.85, 63
2026/09/21 00:51:10.332, 96, 28112, 32623, 159.36, 70
2026/09/21 00:51:11.333, 96, 28112, 32623, 199.77, 72
2026/09/21 00:51:12.333, 93, 28112, 32623, 199.66, 72
2026/09/21 00:51:13.333, 96, 28112, 32623, 199.90, 71
2026/09/21 00:51:14.333, 96, 28112, 32623, 200.05, 72
2026/09/21 00:51:15.333, 93, 28112, 32623, 199.63, 72
2026/09/21 00:51:16.334, 96, 28112, 32623, 200.18, 71
2026/09/21 00:51:17.334, 0, 28112, 32623, 142.45, 62
2026/09/21 00:51:18.334, 94, 28112, 32623, 173.13, 72
2026/09/21 00:51:19.334, 94, 28112, 32623, 199.93, 71
2026/09/21 00:51:20.334, 97, 28112, 32623, 199.99, 72
2026/09/21 00:51:21.335, 94, 28112, 32623, 199.74, 72
2026/09/21 00:51:22.335, 96, 28112, 32623, 199.82, 71
2026/09/21 00:51:23.335, 97, 28112, 32623, 200.10, 72
2026/09/21 00:51:24.335, 95, 28112, 32623, 199.84, 72
2026/09/21 00:51:25.336, 0, 28112, 32623, 119.02, 62
2026/09/21 00:51:26.337, 94, 28112, 32623, 191.94, 72
2026/09/21 00:51:27.337, 94, 28112, 32623, 199.93, 71
2026/09/21 00:51:28.337, 97, 28112, 32623, 199.97, 72
2026/09/21 00:51:29.338, 93, 28112, 32623, 199.76, 72
2026/09/21 00:51:30.338, 95, 28112, 32623, 200.04, 71
2026/09/21 00:51:31.338, 97, 28112, 32623, 199.93, 72
2026/09/21 00:51:32.338, 94, 28112, 32623, 199.67, 72
2026/09/21 00:51:33.339, 0, 28112, 32623, 110.86, 62
2026/09/21 00:51:34.339, 0, 28112, 32623, 58.65, 61
2026/09/21 00:51:35.339, 0, 28112, 32623, 53.34, 59
2026/09/21 00:51:36.340, 0, 28112, 32623, 41.39, 58
2026/09/21 00:51:37.340, 0, 28112, 32623, 41.14, 57
2026/09/21 00:51:38.340, 0, 28112, 32623, 40.72, 56
2026/09/21 00:51:39.341, 0, 28112, 32623, 40.34, 56
2026/09/21 00:51:40.341, 0, 28112, 32623, 40.19, 55
2026/09/21 00:51:41.341, 0, 28112, 32623, 39.87, 55
2026/09/21 00:51:42.341, 0, 28112, 32623, 39.75, 54
2026/09/21 00:51:43.342, 0, 28112, 32623, 39.59, 54
2026/09/21 00:51:44.342, 100, 28112, 32623, 117.57, 65
2026/09/21 00:51:45.342, 100, 28112, 32623, 200.02, 66
2026/09/21 00:51:46.342, 100, 28112, 32623, 199.99, 68
2026/09/21 00:51:47.343, 100, 28112, 32623, 200.00, 68
2026/09/21 00:51:48.343, 100, 28112, 32623, 199.99, 69
2026/09/21 00:51:49.343, 100, 28112, 32623, 200.02, 69
2026/09/21 00:51:50.343, 100, 28112, 32623, 200.00, 69
2026/09/21 00:51:51.344, 100, 28112, 32623, 199.99, 70
2026/09/21 00:51:52.344, 100, 28112, 32623, 199.99, 70
2026/09/21 00:51:53.344, 100, 28112, 32623, 200.01, 70
2026/09/21 00:51:54.345, 100, 28112, 32623, 200.01, 69
2026/09/21 00:51:55.345, 100, 28112, 32623, 199.97, 70
2026/09/21 00:51:56.345, 100, 28112, 32623, 200.01, 71
2026/09/21 00:51:57.345, 100, 28112, 32623, 200.04, 71
2026/09/21 00:51:58.346, 98, 28112, 32623, 199.79, 69
2026/09/21 00:51:59.346, 100, 28112, 32623, 200.58, 70
2026/09/21 00:52:00.346, 100, 28112, 32623, 199.98, 70
2026/09/21 00:52:01.346, 100, 28112, 32623, 200.01, 71
2026/09/21 00:52:02.346, 100, 28112, 32623, 199.98, 71
2026/09/21 00:52:03.347, 100, 28112, 32623, 199.97, 71
2026/09/21 00:52:04.347, 98, 28112, 32623, 199.62, 71
2026/09/21 00:52:05.347, 100, 28112, 32623, 200.45, 71
2026/09/21 00:52:06.347, 100, 28112, 32623, 200.01, 71
2026/09/21 00:52:07.348, 100, 28112, 32623, 199.99, 72
2026/09/21 00:52:08.348, 100, 28112, 32623, 199.98, 72
2026/09/21 00:52:09.348, 98, 28112, 32623, 199.52, 73
2026/09/21 00:52:10.348, 100, 28112, 32623, 199.96, 73
2026/09/21 00:52:11.349, 100, 28112, 32623, 200.02, 72
2026/09/21 00:52:12.349, 100, 28112, 32623, 200.00, 73
2026/09/21 00:52:13.349, 100, 28112, 32623, 199.96, 72
2026/09/21 00:52:14.349, 100, 28112, 32623, 200.00, 72
2026/09/21 00:52:15.350, 100, 28112, 32623, 199.99, 72
2026/09/21 00:52:16.350, 100, 28112, 32623, 200.01, 73
2026/09/21 00:52:17.350, 98, 28112, 32623, 199.91, 74
2026/09/21 00:52:18.350, 100, 28112, 32623, 200.12, 74
2026/09/21 00:52:19.351, 100, 28112, 32623, 200.00, 73
2026/09/21 00:52:20.351, 100, 28112, 32623, 199.98, 73
2026/09/21 00:52:21.351, 100, 28112, 32623, 200.04, 72
2026/09/21 00:52:22.351, 100, 28112, 32623, 191.54, 73
2026/09/21 00:52:23.352, 100, 28112, 32623, 200.00, 74
2026/09/21 00:52:24.352, 98, 28112, 32623, 199.55, 74
2026/09/21 00:52:25.352, 100, 28112, 32623, 200.01, 72
2026/09/21 00:52:26.353, 100, 28112, 32623, 199.96, 73
2026/09/21 00:52:27.353, 100, 28112, 32623, 199.99, 73
2026/09/21 00:52:28.353, 100, 28112, 32623, 200.03, 73
2026/09/21 00:52:29.353, 100, 28112, 32623, 200.01, 75
2026/09/21 00:52:30.354, 100, 28112, 32623, 199.92, 73
2026/09/21 00:52:31.354, 100, 28112, 32623, 200.18, 73
2026/09/21 00:52:32.354, 100, 28112, 32623, 200.00, 74
2026/09/21 00:52:33.355, 100, 28112, 32623, 199.94, 73
2026/09/21 00:52:34.355, 100, 28112, 32623, 200.05, 73
2026/09/21 00:52:35.355, 100, 28112, 32623, 200.00, 73
2026/09/21 00:52:36.356, 98, 28112, 32623, 199.90, 75
2026/09/21 00:52:37.356, 100, 28112, 32623, 200.14, 73
2026/09/21 00:52:38.356, 100, 28112, 32623, 199.97, 73
2026/09/21 00:52:39.356, 99, 28112, 32623, 199.77, 74
2026/09/21 00:52:40.357, 100, 28112, 32623, 200.24, 75
2026/09/21 00:52:41.357, 100, 28112, 32623, 200.00, 75
2026/09/21 00:52:42.357, 100, 28112, 32623, 200.00, 73
2026/09/21 00:52:43.357, 100, 28112, 32623, 199.99, 75
2026/09/21 00:52:44.358, 100, 28112, 32623, 199.93, 74
2026/09/21 00:52:45.358, 100, 28112, 32623, 200.05, 75
2026/09/21 00:52:46.358, 100, 28112, 32623, 200.01, 73
2026/09/21 00:52:47.359, 100, 28112, 32623, 200.01, 73
2026/09/21 00:52:48.359, 100, 28112, 32623, 200.01, 73
2026/09/21 00:52:49.359, 100, 28112, 32623, 199.99, 74
2026/09/21 00:52:50.359, 100, 28112, 32623, 200.02, 73
2026/09/21 00:52:51.360, 100, 28112, 32623, 200.01, 75
2026/09/21 00:52:52.360, 100, 28112, 32623, 200.01, 75
2026/09/21 00:52:53.360, 100, 28112, 32623, 200.01, 75
2026/09/21 00:52:54.360, 100, 28112, 32623, 199.96, 74
2026/09/21 00:52:55.361, 100, 28112, 32623, 200.02, 75
2026/09/21 00:52:56.361, 100, 28112, 32623, 199.98, 74
2026/09/21 00:52:57.361, 100, 28112, 32623, 199.99, 74
2026/09/21 00:52:58.361, 100, 28112, 32623, 200.00, 75
2026/09/21 00:52:59.362, 98, 28112, 32623, 199.90, 75
2026/09/21 00:53:00.362, 100, 28112, 32623, 200.10, 74
2026/09/21 00:53:01.362, 100, 28112, 32623, 199.97, 74
2026/09/21 00:53:02.363, 100, 28112, 32623, 200.00, 73
2026/09/21 00:53:03.363, 100, 28112, 32623, 200.01, 74
2026/09/21 00:53:04.363, 100, 28112, 32623, 200.00, 74
2026/09/21 00:53:05.364, 100, 28112, 32623, 200.03, 74
2026/09/21 00:53:06.364, 98, 28112, 32623, 199.56, 75
2026/09/21 00:53:07.365, 100, 28112, 32623, 200.41, 73
2026/09/21 00:53:08.365, 100, 28112, 32623, 199.93, 75
2026/09/21 00:53:09.365, 100, 28112, 32623, 200.01, 75
2026/09/21 00:53:10.366, 100, 28112, 32623, 199.99, 73
2026/09/21 00:53:11.366, 100, 28112, 32623, 199.99, 73
2026/09/21 00:53:12.366, 100, 28112, 32623, 200.01, 75
2026/09/21 00:53:13.366, 100, 28112, 32623, 199.99, 75
2026/09/21 00:53:14.367, 100, 28112, 32623, 184.85, 74
2026/09/21 00:53:15.367, 100, 28112, 32623, 200.02, 75
2026/09/21 00:53:16.367, 100, 28112, 32623, 200.00, 73
2026/09/21 00:53:17.367, 100, 28112, 32623, 200.02, 74
2026/09/21 00:53:18.368, 100, 28112, 32623, 199.98, 73
2026/09/21 00:53:19.368, 99, 28112, 32623, 199.84, 73
2026/09/21 00:53:20.368, 100, 28112, 32623, 199.99, 73
2026/09/21 00:53:21.369, 98, 28112, 32623, 199.85, 73
2026/09/21 00:53:22.369, 100, 28112, 32623, 200.18, 74
2026/09/21 00:53:23.369, 100, 28112, 32623, 199.95, 74
2026/09/21 00:53:24.369, 100, 28112, 32623, 200.23, 75
2026/09/21 00:53:25.370, 100, 28112, 32623, 199.95, 75
2026/09/21 00:53:26.370, 100, 28112, 32623, 200.06, 74
2026/09/21 00:53:27.370, 100, 28112, 32623, 199.98, 74
2026/09/21 00:53:28.371, 100, 28112, 32623, 200.03, 75
2026/09/21 00:53:29.371, 100, 28112, 32623, 199.99, 74
2026/09/21 00:53:30.371, 100, 28112, 32623, 200.06, 75
2026/09/21 00:53:31.371, 100, 28112, 32623, 199.97, 75
2026/09/21 00:53:32.372, 100, 28112, 32623, 200.03, 75
2026/09/21 00:53:33.372, 100, 28112, 32623, 199.97, 75
2026/09/21 00:53:34.372, 100, 28112, 32623, 200.02, 74
2026/09/21 00:53:35.373, 100, 28112, 32623, 199.99, 75
2026/09/21 00:53:36.373, 100, 28112, 32623, 200.02, 75
2026/09/21 00:53:37.373, 100, 28112, 32623, 199.99, 75
2026/09/21 00:53:38.373, 100, 28112, 32623, 200.02, 75
2026/09/21 00:53:39.373, 100, 28112, 32623, 199.99, 74
2026/09/21 00:53:40.374, 100, 28112, 32623, 199.97, 74
2026/09/21 00:53:41.374, 100, 28112, 32623, 199.97, 76
2026/09/21 00:53:42.374, 100, 28112, 32623, 200.05, 75
2026/09/21 00:53:43.374, 100, 28112, 32623, 199.93, 74
2026/09/21 00:53:44.374, 100, 28112, 32623, 200.08, 73
2026/09/21 00:53:45.375, 100, 28112, 32623, 199.96, 76
2026/09/21 00:53:46.375, 100, 28112, 32623, 200.04, 75
2026/09/21 00:53:47.375, 98, 28112, 32623, 199.66, 75
2026/09/21 00:53:48.376, 100, 28112, 32623, 200.35, 75
2026/09/21 00:53:49.376, 99, 28112, 32623, 200.01, 75
2026/09/21 00:53:50.376, 100, 28112, 32623, 200.00, 73
2026/09/21 00:53:51.376, 100, 28112, 32623, 200.02, 75
2026/09/21 00:53:52.377, 100, 28112, 32623, 200.00, 74
2026/09/21 00:53:53.377, 100, 28112, 32623, 200.00, 75
2026/09/21 00:53:54.377, 100, 28112, 32623, 199.99, 74
2026/09/21 00:53:55.377, 100, 28112, 32623, 200.01, 75
2026/09/21 00:53:56.378, 100, 28112, 32623, 200.00, 75
2026/09/21 00:53:57.378, 100, 28112, 32623, 199.98, 75
2026/09/21 00:53:58.378, 100, 28112, 32623, 200.02, 75
2026/09/21 00:53:59.379, 100, 28112, 32623, 199.99, 73
2026/09/21 00:54:00.379, 100, 28112, 32623, 199.97, 74
2026/09/21 00:54:01.379, 100, 28112, 32623, 200.15, 75
2026/09/21 00:54:02.379, 99, 28112, 32623, 199.91, 75
2026/09/21 00:54:03.379, 100, 28112, 32623, 199.99, 73
2026/09/21 00:54:04.380, 100, 28112, 32623, 200.02, 75
2026/09/21 00:54:05.380, 100, 28112, 32623, 199.99, 75
2026/09/21 00:54:06.380, 100, 28112, 32623, 199.99, 74
2026/09/21 00:54:07.380, 100, 28112, 32623, 200.00, 74
2026/09/21 00:54:08.381, 100, 28112, 32623, 200.01, 74
2026/09/21 00:54:09.381, 100, 28112, 32623, 199.98, 73
2026/09/21 00:54:10.381, 100, 28112, 32623, 200.02, 75
2026/09/21 00:54:11.382, 98, 28112, 32623, 199.83, 74
2026/09/21 00:54:12.382, 100, 28112, 32623, 200.16, 75
2026/09/21 00:54:13.382, 100, 28112, 32623, 200.02, 74
2026/09/21 00:54:14.382, 100, 28112, 32623, 200.00, 75
2026/09/21 00:54:15.383, 100, 28112, 32623, 200.02, 74
2026/09/21 00:54:16.383, 100, 28112, 32623, 200.00, 75
2026/09/21 00:54:17.383, 100, 28112, 32623, 200.01, 75
2026/09/21 00:54:18.383, 100, 28112, 32623, 199.94, 75
2026/09/21 00:54:19.383, 100, 28112, 32623, 200.01, 75
2026/09/21 00:54:20.384, 99, 28112, 32623, 199.79, 74
2026/09/21 00:54:21.384, 100, 28112, 32623, 185.51, 75
2026/09/21 00:54:22.384, 100, 28112, 32623, 199.99, 75
2026/09/21 00:54:23.384, 100, 28112, 32623, 200.00, 74
2026/09/21 00:54:24.385, 100, 28112, 32623, 199.99, 73
2026/09/21 00:54:25.385, 100, 28112, 32623, 199.98, 76
2026/09/21 00:54:26.385, 100, 28112, 32623, 200.27, 76
2026/09/21 00:54:27.385, 100, 28112, 32623, 200.01, 75
2026/09/21 00:54:28.386, 100, 28112, 32623, 199.98, 73
2026/09/21 00:54:29.386, 100, 28112, 32623, 200.00, 75
2026/09/21 00:54:30.386, 100, 28112, 32623, 200.01, 76
2026/09/21 00:54:31.387, 100, 28112, 32623, 199.99, 76
2026/09/21 00:54:32.387, 99, 28112, 32623, 199.69, 74
2026/09/21 00:54:33.387, 100, 28112, 32623, 200.32, 74
2026/09/21 00:54:34.387, 100, 28112, 32623, 200.02, 74
2026/09/21 00:54:35.388, 100, 28112, 32623, 200.00, 73
2026/09/21 00:54:36.388, 100, 28112, 32623, 199.99, 74
2026/09/21 00:54:37.388, 100, 28112, 32623, 199.96, 75
2026/09/21 00:54:38.389, 100, 28112, 32623, 200.03, 73
2026/09/21 00:54:39.389, 100, 28112, 32623, 199.98, 73
2026/09/21 00:54:40.389, 100, 28112, 32623, 200.00, 75
2026/09/21 00:54:41.389, 100, 28112, 32623, 200.00, 74
2026/09/21 00:54:42.390, 100, 28112, 32623, 199.99, 74
2026/09/21 00:54:43.390, 100, 28112, 32623, 200.04, 74
2026/09/21 00:54:44.390, 99, 28112, 32623, 199.78, 75
2026/09/21 00:54:45.391, 100, 28112, 32623, 200.21, 74
2026/09/21 00:54:46.391, 100, 28112, 32623, 199.99, 76
2026/09/21 00:54:47.391, 100, 28112, 32623, 200.00, 76
2026/09/21 00:54:48.391, 100, 28112, 32623, 199.98, 75
2026/09/21 00:54:49.392, 100, 28112, 32623, 199.90, 76
2026/09/21 00:54:50.392, 100, 28112, 32623, 200.07, 73
2026/09/21 00:54:51.392, 100, 28112, 32623, 200.02, 75
2026/09/21 00:54:52.392, 100, 28112, 32623, 200.03, 76
2026/09/21 00:54:53.393, 100, 28112, 32623, 199.97, 75
2026/09/21 00:54:54.393, 99, 28112, 32623, 199.87, 75
2026/09/21 00:54:55.393, 100, 28112, 32623, 200.15, 74
2026/09/21 00:54:56.394, 100, 28112, 32623, 199.99, 75
2026/09/21 00:54:57.394, 100, 28112, 32623, 199.97, 75
2026/09/21 00:54:58.394, 100, 28112, 32623, 200.01, 73
2026/09/21 00:54:59.395, 100, 28112, 32623, 200.00, 76
2026/09/21 00:55:00.395, 100, 28112, 32623, 200.00, 75
2026/09/21 00:55:01.395, 100, 28112, 32623, 200.02, 74
2026/09/21 00:55:02.395, 100, 28112, 32623, 200.01, 76
2026/09/21 00:55:03.396, 100, 28112, 32623, 200.05, 74
2026/09/21 00:55:04.396, 100, 28112, 32623, 200.01, 76
2026/09/21 00:55:05.396, 100, 28112, 32623, 199.96, 75
2026/09/21 00:55:06.396, 100, 28112, 32623, 200.03, 73
2026/09/21 00:55:07.397, 100, 28112, 32623, 199.96, 76
2026/09/21 00:55:08.397, 100, 28112, 32623, 200.02, 73
2026/09/21 00:55:09.397, 100, 28112, 32623, 200.00, 75
2026/09/21 00:55:10.397, 100, 28112, 32623, 199.97, 73
2026/09/21 00:55:11.397, 100, 28112, 32623, 200.00, 75
2026/09/21 00:55:12.398, 99, 28112, 32623, 199.81, 72
2026/09/21 00:55:13.398, 100, 28112, 32623, 199.98, 76
2026/09/21 00:55:14.398, 100, 28112, 32623, 200.03, 74
2026/09/21 00:55:15.398, 100, 28112, 32623, 199.99, 76
2026/09/21 00:55:16.399, 100, 28112, 32623, 200.03, 75
2026/09/21 00:55:17.399, 100, 28112, 32623, 199.97, 74
2026/09/21 00:55:18.399, 100, 28112, 32623, 200.01, 76
2026/09/21 00:55:19.400, 100, 28112, 32623, 200.01, 74
2026/09/21 00:55:20.400, 99, 28112, 32623, 199.94, 76
2026/09/21 00:55:21.400, 100, 28112, 32623, 200.07, 75
2026/09/21 00:55:22.400, 100, 28112, 32623, 199.99, 73
2026/09/21 00:55:23.401, 100, 28112, 32623, 200.00, 76
2026/09/21 00:55:24.401, 100, 28112, 32623, 200.03, 76
2026/09/21 00:55:25.401, 100, 28112, 32623, 200.00, 73
2026/09/21 00:55:26.402, 100, 28112, 32623, 200.01, 75
2026/09/21 00:55:27.402, 100, 28112, 32623, 199.99, 76
2026/09/21 00:55:28.402, 99, 28112, 32623, 199.79, 76
2026/09/21 00:55:29.402, 100, 28112, 32623, 200.00, 74
2026/09/21 00:55:30.403, 100, 28112, 32623, 200.00, 75
2026/09/21 00:55:31.403, 40, 28112, 32623, 180.65, 70
2026/09/21 00:55:32.404, 100, 28112, 32623, 195.90, 74
2026/09/21 00:55:33.404, 100, 28112, 32623, 200.00, 73
2026/09/21 00:55:34.405, 100, 28112, 32623, 200.00, 75
2026/09/21 00:55:35.405, 100, 28112, 32623, 200.02, 75
2026/09/21 00:55:36.405, 100, 28112, 32623, 200.00, 76
2026/09/21 00:55:37.405, 100, 28112, 32623, 186.63, 75
2026/09/21 00:55:38.406, 100, 28112, 32623, 200.04, 75
2026/09/21 00:55:39.406, 100, 28112, 32623, 195.56, 75
2026/09/21 00:55:40.406, 100, 28112, 32623, 200.02, 75
2026/09/21 00:55:41.407, 100, 28112, 32623, 196.40, 72
2026/09/21 00:55:42.407, 95, 28112, 32623, 199.41, 73
2026/09/21 00:55:43.407, 96, 28112, 32623, 199.99, 73
2026/09/21 00:55:44.407, 95, 28112, 32623, 199.99, 73
2026/09/21 00:55:45.408, 95, 28112, 32623, 199.89, 73
2026/09/21 00:55:46.408, 95, 28112, 32623, 200.03, 73
2026/09/21 00:55:47.408, 95, 28112, 32623, 200.02, 73
2026/09/21 00:55:48.408, 95, 28112, 32623, 199.97, 73
2026/09/21 00:55:49.409, 95, 28112, 32623, 199.98, 73
2026/09/21 00:55:50.409, 94, 28112, 32623, 199.92, 73
2026/09/21 00:55:51.409, 95, 28112, 32623, 200.01, 73
2026/09/21 00:55:52.409, 0, 28112, 32623, 137.78, 62
2026/09/21 00:55:53.409, 100, 28112, 32623, 74.78, 69
2026/09/21 00:55:54.410, 100, 28112, 32623, 200.84, 71
2026/09/21 00:55:55.410, 100, 28112, 32623, 200.39, 71
2026/09/21 00:55:56.410, 100, 28112, 32623, 200.30, 72
2026/09/21 00:55:57.411, 100, 28112, 32623, 200.35, 72
2026/09/21 00:55:58.411, 100, 28112, 32623, 200.33, 72
2026/09/21 00:55:59.411, 97, 28112, 32623, 199.74, 72
2026/09/21 00:56:00.411, 98, 28112, 32623, 200.11, 72
2026/09/21 00:56:01.411, 100, 28112, 32623, 200.22, 72
2026/09/21 00:56:02.412, 100, 28112, 32623, 199.98, 72
2026/09/21 00:56:03.412, 100, 28112, 32623, 200.01, 72
2026/09/21 00:56:04.412, 100, 28112, 32623, 200.00, 72
2026/09/21 00:56:05.412, 100, 28112, 32623, 200.02, 73
2026/09/21 00:56:06.412, 100, 28112, 32623, 199.97, 71
2026/09/21 00:56:07.413, 100, 28112, 32623, 199.99, 72
2026/09/21 00:56:08.413, 100, 28112, 32623, 199.97, 73
2026/09/21 00:56:09.413, 98, 28112, 32623, 199.71, 72
2026/09/21 00:56:10.413, 100, 28112, 32623, 199.99, 72
2026/09/21 00:56:11.414, 100, 28112, 32623, 200.02, 74
2026/09/21 00:56:12.414, 100, 28112, 32623, 200.00, 72
2026/09/21 00:56:13.414, 100, 28112, 32623, 199.99, 73
2026/09/21 00:56:14.415, 100, 28112, 32623, 199.98, 73
2026/09/21 00:56:15.415, 98, 28112, 32623, 199.64, 73
2026/09/21 00:56:16.415, 100, 28112, 32623, 199.99, 73
2026/09/21 00:56:17.415, 100, 28112, 32623, 199.98, 74
2026/09/21 00:56:18.416, 100, 28112, 32623, 200.00, 73
2026/09/21 00:56:19.416, 100, 28112, 32623, 199.97, 74
2026/09/21 00:56:20.416, 100, 28112, 32623, 200.02, 73
2026/09/21 00:56:21.416, 100, 28112, 32623, 199.99, 74
2026/09/21 00:56:22.417, 100, 28112, 32623, 199.99, 74
2026/09/21 00:56:23.417, 100, 28112, 32623, 200.00, 75
2026/09/21 00:56:24.417, 98, 28112, 32623, 199.88, 73
2026/09/21 00:56:25.418, 100, 28112, 32623, 200.00, 74
2026/09/21 00:56:26.418, 100, 28112, 32623, 200.01, 74
2026/09/21 00:56:27.418, 100, 28112, 32623, 199.99, 72
2026/09/21 00:56:28.419, 100, 28112, 32623, 200.05, 72
2026/09/21 00:56:29.419, 100, 28112, 32623, 199.99, 74
2026/09/21 00:56:30.419, 100, 28112, 32623, 200.00, 74
2026/09/21 00:56:31.419, 8, 28112, 32623, 182.91, 66
2026/09/21 00:56:32.420, 100, 28112, 32623, 202.90, 73
2026/09/21 00:56:33.420, 100, 28112, 32623, 199.99, 73
2026/09/21 00:56:34.420, 100, 28112, 32623, 199.94, 73
2026/09/21 00:56:35.421, 100, 28112, 32623, 200.05, 75
2026/09/21 00:56:36.421, 100, 28112, 32623, 200.00, 75
2026/09/21 00:56:37.421, 100, 28112, 32623, 199.97, 74
2026/09/21 00:56:38.421, 100, 28112, 32623, 200.02, 75
2026/09/21 00:56:39.422, 100, 28112, 32623, 200.00, 73
2026/09/21 00:56:40.422, 100, 28112, 32623, 200.01, 73
2026/09/21 00:56:41.422, 100, 28112, 32623, 200.05, 74
2026/09/21 00:56:42.422, 100, 28112, 32623, 199.97, 73
2026/09/21 00:56:43.422, 100, 28112, 32623, 200.00, 75
2026/09/21 00:56:44.423, 100, 28112, 32623, 200.00, 75
2026/09/21 00:56:45.423, 100, 28112, 32623, 200.01, 74
2026/09/21 00:56:46.423, 100, 28112, 32623, 199.94, 73
2026/09/21 00:56:47.423, 100, 28112, 32623, 200.02, 75
2026/09/21 00:56:48.424, 100, 28112, 32623, 200.00, 75
2026/09/21 00:56:49.424, 100, 28112, 32623, 199.95, 75
2026/09/21 00:56:50.424, 100, 28112, 32623, 200.04, 73
2026/09/21 00:56:51.424, 100, 28112, 32623, 200.00, 73
2026/09/21 00:56:52.424, 100, 28112, 32623, 200.00, 75
2026/09/21 00:56:53.425, 100, 28112, 32623, 200.00, 73
2026/09/21 00:56:54.425, 100, 28112, 32623, 200.01, 74
2026/09/21 00:56:55.425, 100, 28112, 32623, 200.03, 74
2026/09/21 00:56:56.425, 100, 28112, 32623, 199.98, 76
2026/09/21 00:56:57.425, 98, 28112, 32623, 199.80, 74
2026/09/21 00:56:58.426, 100, 28112, 32623, 200.20, 74
2026/09/21 00:56:59.426, 100, 28112, 32623, 200.01, 75
2026/09/21 00:57:00.426, 100, 28112, 32623, 200.01, 75
2026/09/21 00:57:01.426, 100, 28112, 32623, 199.98, 74
2026/09/21 00:57:02.427, 98, 28112, 32623, 199.82, 75
2026/09/21 00:57:03.427, 100, 28112, 32623, 200.18, 74
2026/09/21 00:57:04.427, 100, 28112, 32623, 199.98, 73
2026/09/21 00:57:05.428, 100, 28112, 32623, 200.01, 74
2026/09/21 00:57:06.428, 100, 28112, 32623, 200.01, 74
2026/09/21 00:57:07.428, 99, 28112, 32623, 199.87, 75
2026/09/21 00:57:08.428, 100, 28112, 32623, 199.99, 75
2026/09/21 00:57:09.429, 100, 28112, 32623, 199.98, 75
2026/09/21 00:57:10.429, 100, 28112, 32623, 200.03, 72
2026/09/21 00:57:11.429, 100, 28112, 32623, 200.01, 74
2026/09/21 00:57:12.430, 100, 28112, 32623, 199.99, 75
2026/09/21 00:57:13.430, 100, 28112, 32623, 200.01, 73
2026/09/21 00:57:14.430, 100, 28112, 32623, 199.99, 75
2026/09/21 00:57:15.430, 100, 28112, 32623, 199.99, 73
2026/09/21 00:57:16.431, 100, 28112, 32623, 199.95, 74
2026/09/21 00:57:17.431, 100, 28112, 32623, 200.05, 73
2026/09/21 00:57:18.431, 100, 28112, 32623, 199.97, 76
2026/09/21 00:57:19.431, 100, 28112, 32623, 200.01, 74
2026/09/21 00:57:20.432, 100, 28112, 32623, 199.99, 75
2026/09/21 00:57:21.432, 100, 28112, 32623, 200.00, 75
2026/09/21 00:57:22.432, 100, 28112, 32623, 200.00, 74
2026/09/21 00:57:23.432, 100, 28112, 32623, 200.00, 74
2026/09/21 00:57:24.433, 100, 28112, 32623, 182.98, 74
2026/09/21 00:57:25.433, 100, 28112, 32623, 200.01, 76
2026/09/21 00:57:26.433, 100, 28112, 32623, 199.99, 74
2026/09/21 00:57:27.434, 99, 28112, 32623, 199.85, 74
2026/09/21 00:57:28.434, 100, 28112, 32623, 200.16, 73
2026/09/21 00:57:29.434, 98, 28112, 32623, 199.84, 75
2026/09/21 00:57:30.434, 100, 28112, 32623, 200.18, 74
2026/09/21 00:57:31.435, 100, 28112, 32623, 199.91, 74
2026/09/21 00:57:32.435, 100, 28112, 32623, 200.07, 74
2026/09/21 00:57:33.435, 100, 28112, 32623, 199.99, 74
2026/09/21 00:57:34.435, 100, 28112, 32623, 200.03, 75
2026/09/21 00:57:35.436, 100, 28112, 32623, 199.99, 75
2026/09/21 00:57:36.436, 100, 28112, 32623, 200.02, 73
2026/09/21 00:57:37.436, 100, 28112, 32623, 199.99, 74
2026/09/21 00:57:38.436, 100, 28112, 32623, 200.00, 75
2026/09/21 00:57:39.437, 100, 28112, 32623, 199.99, 74
2026/09/21 00:57:40.437, 100, 28112, 32623, 200.02, 76
2026/09/21 00:57:41.437, 100, 28112, 32623, 199.98, 75
2026/09/21 00:57:42.437, 100, 28112, 32623, 199.99, 74
2026/09/21 00:57:43.438, 100, 28112, 32623, 199.98, 75
2026/09/21 00:57:44.438, 100, 28112, 32623, 200.03, 74
2026/09/21 00:57:45.438, 100, 28112, 32623, 199.96, 75
2026/09/21 00:57:46.438, 100, 28112, 32623, 200.02, 75
2026/09/21 00:57:47.439, 100, 28112, 32623, 199.98, 75
2026/09/21 00:57:48.439, 100, 28112, 32623, 200.01, 75
2026/09/21 00:57:49.439, 100, 28112, 32623, 199.98, 74
2026/09/21 00:57:50.440, 100, 28112, 32623, 200.00, 73
2026/09/21 00:57:51.440, 100, 28112, 32623, 199.99, 76
2026/09/21 00:57:52.440, 100, 28112, 32623, 200.01, 75
2026/09/21 00:57:53.440, 100, 28112, 32623, 199.97, 73
2026/09/21 00:57:54.441, 100, 28112, 32623, 200.00, 73
2026/09/21 00:57:55.441, 100, 28112, 32623, 199.96, 75
2026/09/21 00:57:56.441, 100, 28112, 32623, 200.04, 75
2026/09/21 00:57:57.442, 100, 28112, 32623, 199.95, 75
2026/09/21 00:57:58.442, 100, 28112, 32623, 200.04, 75
2026/09/21 00:57:59.442, 98, 28112, 32623, 199.72, 74
2026/09/21 00:58:00.442, 100, 28112, 32623, 200.22, 74
2026/09/21 00:58:01.443, 100, 28112, 32623, 200.00, 75
2026/09/21 00:58:02.443, 100, 28112, 32623, 199.97, 74
2026/09/21 00:58:03.443, 100, 28112, 32623, 199.99, 75
2026/09/21 00:58:04.444, 100, 28112, 32623, 200.01, 75
2026/09/21 00:58:05.444, 100, 28112, 32623, 199.99, 75
2026/09/21 00:58:06.444, 100, 28112, 32623, 200.00, 75
2026/09/21 00:58:07.445, 100, 28112, 32623, 199.99, 75
2026/09/21 00:58:08.445, 100, 28112, 32623, 199.98, 75
2026/09/21 00:58:09.445, 100, 28112, 32623, 200.02, 73
2026/09/21 00:58:10.445, 100, 28112, 32623, 200.02, 74
2026/09/21 00:58:11.446, 100, 28112, 32623, 200.04, 75
2026/09/21 00:58:12.446, 100, 28112, 32623, 199.94, 76
2026/09/21 00:58:13.446, 100, 28112, 32623, 200.35, 74
2026/09/21 00:58:14.446, 100, 28112, 32623, 200.00, 75
2026/09/21 00:58:15.447, 100, 28112, 32623, 199.99, 75
2026/09/21 00:58:16.447, 100, 28112, 32623, 199.99, 73
2026/09/21 00:58:17.447, 100, 28112, 32623, 200.01, 74
2026/09/21 00:58:18.447, 100, 28112, 32623, 200.01, 74
2026/09/21 00:58:19.447, 100, 28112, 32623, 200.01, 74
2026/09/21 00:58:20.448, 100, 28112, 32623, 199.98, 75
2026/09/21 00:58:21.448, 100, 28112, 32623, 199.94, 74
2026/09/21 00:58:22.448, 100, 28112, 32623, 200.05, 75
2026/09/21 00:58:23.448, 99, 28112, 32623, 199.83, 73
2026/09/21 00:58:24.449, 100, 28112, 32623, 200.00, 75
2026/09/21 00:58:25.449, 100, 28112, 32623, 200.01, 74
2026/09/21 00:58:26.449, 100, 28112, 32623, 200.00, 75
2026/09/21 00:58:27.449, 100, 28112, 32623, 200.02, 76
2026/09/21 00:58:28.450, 100, 28112, 32623, 199.98, 75
2026/09/21 00:58:29.450, 100, 28112, 32623, 200.03, 75
2026/09/21 00:58:30.450, 34, 28112, 32623, 190.74, 68
2026/09/21 00:58:31.451, 100, 28112, 32623, 195.65, 75
2026/09/21 00:58:32.451, 100, 28112, 32623, 199.99, 75
2026/09/21 00:58:33.451, 100, 28112, 32623, 199.99, 74
2026/09/21 00:58:34.452, 100, 28112, 32623, 200.01, 74
2026/09/21 00:58:35.452, 100, 28112, 32623, 200.01, 76
2026/09/21 00:58:36.452, 100, 28112, 32623, 200.01, 75
2026/09/21 00:58:37.453, 99, 28112, 32623, 199.80, 75
2026/09/21 00:58:38.453, 100, 28112, 32623, 200.18, 74
2026/09/21 00:58:39.453, 100, 28112, 32623, 200.01, 75
2026/09/21 00:58:40.454, 100, 28112, 32623, 199.99, 76
2026/09/21 00:58:41.454, 100, 28112, 32623, 199.97, 75
2026/09/21 00:58:42.454, 100, 28112, 32623, 199.99, 74
2026/09/21 00:58:43.455, 100, 28112, 32623, 200.21, 74
2026/09/21 00:58:44.455, 100, 28112, 32623, 200.00, 74
2026/09/21 00:58:45.455, 100, 28112, 32623, 199.98, 73
2026/09/21 00:58:46.456, 100, 28112, 32623, 200.02, 74
2026/09/21 00:58:47.456, 100, 28112, 32623, 199.98, 73
2026/09/21 00:58:48.456, 100, 28112, 32623, 200.01, 73
2026/09/21 00:58:49.457, 99, 28112, 32623, 199.83, 75
2026/09/21 00:58:50.457, 100, 28112, 32623, 200.20, 73
2026/09/21 00:58:51.457, 100, 28112, 32623, 200.01, 74
2026/09/21 00:58:52.457, 100, 28112, 32623, 199.99, 74
2026/09/21 00:58:53.458, 100, 28112, 32623, 200.01, 74
2026/09/21 00:58:54.458, 98, 28112, 32623, 199.76, 74
2026/09/21 00:58:55.458, 100, 28112, 32623, 200.30, 76
2026/09/21 00:58:56.459, 100, 28112, 32623, 199.99, 75
2026/09/21 00:58:57.459, 100, 28112, 32623, 200.00, 75
2026/09/21 00:58:58.459, 100, 28112, 32623, 200.01, 74
2026/09/21 00:58:59.459, 98, 28112, 32623, 199.85, 75
2026/09/21 00:59:00.460, 100, 28112, 32623, 200.09, 74
2026/09/21 00:59:01.460, 100, 28112, 32623, 199.99, 75
2026/09/21 00:59:02.460, 100, 28112, 32623, 199.98, 75
2026/09/21 00:59:03.461, 100, 28112, 32623, 199.98, 73
2026/09/21 00:59:04.461, 98, 28112, 32623, 199.80, 74
2026/09/21 00:59:05.461, 100, 28112, 32623, 200.10, 76
2026/09/21 00:59:06.461, 100, 28112, 32623, 199.98, 75
2026/09/21 00:59:07.462, 100, 28112, 32623, 200.00, 74
2026/09/21 00:59:08.462, 100, 28112, 32623, 199.99, 76
2026/09/21 00:59:09.462, 99, 28112, 32623, 199.96, 76
2026/09/21 00:59:10.463, 100, 28112, 32623, 199.97, 73
2026/09/21 00:59:11.463, 100, 28112, 32623, 200.00, 76
2026/09/21 00:59:12.463, 100, 28112, 32623, 200.01, 75
2026/09/21 00:59:13.464, 100, 28112, 32623, 200.00, 73
2026/09/21 00:59:14.464, 100, 28112, 32623, 200.01, 75
2026/09/21 00:59:15.464, 100, 28112, 32623, 200.00, 74
2026/09/21 00:59:16.465, 100, 28112, 32623, 199.98, 76
2026/09/21 00:59:17.465, 100, 28112, 32623, 199.98, 75
2026/09/21 00:59:18.465, 100, 28112, 32623, 200.04, 75
2026/09/21 00:59:19.465, 100, 28112, 32623, 199.98, 75
2026/09/21 00:59:20.466, 100, 28112, 32623, 200.02, 74
2026/09/21 00:59:21.466, 100, 28112, 32623, 199.91, 75
2026/09/21 00:59:22.466, 98, 28112, 32623, 199.63, 74
2026/09/21 00:59:23.466, 100, 28112, 32623, 200.16, 75
2026/09/21 00:59:24.467, 100, 28112, 32623, 200.00, 76
2026/09/21 00:59:25.467, 100, 28112, 32623, 199.99, 75
2026/09/21 00:59:26.467, 100, 28112, 32623, 200.02, 76
2026/09/21 00:59:27.467, 100, 28112, 32623, 199.99, 74
2026/09/21 00:59:28.467, 100, 28112, 32623, 199.99, 75
2026/09/21 00:59:29.468, 100, 28112, 32623, 199.99, 76
2026/09/21 00:59:30.468, 100, 28112, 32623, 199.84, 76
2026/09/21 00:59:31.468, 100, 28112, 32623, 200.01, 76
2026/09/21 00:59:32.468, 100, 28112, 32623, 200.01, 76
2026/09/21 00:59:33.468, 100, 28112, 32623, 199.97, 75
2026/09/21 00:59:34.469, 100, 28112, 32623, 199.99, 76
2026/09/21 00:59:35.469, 100, 28112, 32623, 200.07, 76
2026/09/21 00:59:36.469, 100, 28112, 32623, 199.98, 75
2026/09/21 00:59:37.469, 100, 28112, 32623, 200.00, 75
2026/09/21 00:59:38.470, 98, 28112, 32623, 199.58, 76
2026/09/21 00:59:39.470, 100, 28112, 32623, 200.43, 74
2026/09/21 00:59:40.470, 100, 28112, 32623, 200.00, 74
2026/09/21 00:59:41.471, 100, 28112, 32623, 185.86, 75
2026/09/21 00:59:42.471, 100, 28112, 32623, 200.64, 74
2026/09/21 00:59:43.471, 100, 28112, 32623, 200.00, 74
2026/09/21 00:59:44.471, 100, 28112, 32623, 200.00, 75
2026/09/21 00:59:45.472, 100, 28112, 32623, 200.01, 75
2026/09/21 00:59:46.472, 100, 28112, 32623, 199.97, 75
2026/09/21 00:59:47.472, 100, 28112, 32623, 185.81, 73
2026/09/21 00:59:48.472, 100, 28112, 32623, 200.02, 75
2026/09/21 00:59:49.473, 100, 28112, 32623, 195.74, 73
2026/09/21 00:59:50.473, 62, 28112, 32623, 195.12, 70
2026/09/21 00:59:51.473, 100, 28112, 32623, 196.36, 72
2026/09/21 00:59:52.473, 95, 28112, 32623, 198.94, 72
2026/09/21 00:59:53.474, 95, 28112, 32623, 199.91, 72
2026/09/21 00:59:54.474, 95, 28112, 32623, 199.95, 73
2026/09/21 00:59:55.474, 95, 28112, 32623, 200.12, 73
2026/09/21 00:59:56.474, 95, 28112, 32623, 199.87, 73
2026/09/21 00:59:57.474, 95, 28112, 32623, 200.14, 73
2026/09/21 00:59:58.475, 95, 28112, 32623, 200.04, 73
2026/09/21 00:59:59.475, 95, 28112, 32623, 200.04, 73
2026/09/21 01:00:00.475, 95, 28112, 32623, 200.22, 73
2026/09/21 01:00:01.475, 95, 28112, 32623, 200.15, 73
2026/09/21 01:00:02.475, 0, 28129, 32623, 115.64, 62
2026/09/21 01:00:03.476, 100, 28112, 32623, 92.28, 69
2026/09/21 01:00:04.476, 100, 28112, 32623, 200.65, 71
2026/09/21 01:00:05.476, 100, 28112, 32623, 200.02, 71
2026/09/21 01:00:06.476, 100, 28112, 32623, 199.98, 72
2026/09/21 01:00:07.477, 100, 28112, 32623, 200.00, 72
2026/09/21 01:00:08.477, 100, 28112, 32623, 199.96, 72
2026/09/21 01:00:09.477, 100, 28112, 32623, 200.01, 72
2026/09/21 01:00:10.478, 100, 28112, 32623, 200.20, 72
2026/09/21 01:00:11.478, 97, 28112, 32623, 200.19, 72
2026/09/21 01:00:12.478, 100, 28112, 32623, 200.39, 72
2026/09/21 01:00:13.479, 100, 28112, 32623, 200.00, 72
2026/09/21 01:00:14.479, 100, 28112, 32623, 199.99, 73
2026/09/21 01:00:15.479, 100, 28112, 32623, 199.99, 72
2026/09/21 01:00:16.479, 100, 28112, 32623, 200.00, 73
2026/09/21 01:00:17.480, 100, 28112, 32623, 199.97, 72
2026/09/21 01:00:18.480, 100, 28112, 32623, 199.98, 73
2026/09/21 01:00:19.480, 100, 28112, 32623, 199.99, 73
2026/09/21 01:00:20.480, 99, 28112, 32623, 200.00, 73
2026/09/21 01:00:21.481, 100, 28112, 32623, 200.25, 72
2026/09/21 01:00:22.481, 100, 28112, 32623, 200.00, 73
2026/09/21 01:00:23.481, 100, 28112, 32623, 200.00, 72
2026/09/21 01:00:24.481, 100, 28112, 32623, 199.98, 73
2026/09/21 01:00:25.482, 100, 28112, 32623, 199.97, 73
2026/09/21 01:00:26.482, 100, 28112, 32623, 200.43, 73
2026/09/21 01:00:27.482, 100, 28112, 32623, 200.00, 73
2026/09/21 01:00:28.482, 100, 28112, 32623, 199.99, 73
2026/09/21 01:00:29.483, 100, 28112, 32623, 200.01, 74
2026/09/21 01:00:30.483, 97, 28112, 32623, 199.64, 73
2026/09/21 01:00:31.483, 100, 28112, 32623, 199.99, 75
2026/09/21 01:00:32.483, 100, 28112, 32623, 200.02, 74
2026/09/21 01:00:33.483, 100, 28112, 32623, 199.99, 74
2026/09/21 01:00:34.484, 98, 28112, 32623, 199.84, 75
2026/09/21 01:00:35.484, 100, 28112, 32623, 200.21, 74
2026/09/21 01:00:36.484, 100, 28112, 32623, 199.99, 74
2026/09/21 01:00:37.484, 100, 28112, 32623, 199.99, 73
2026/09/21 01:00:38.485, 97, 28112, 32623, 199.58, 75
2026/09/21 01:00:39.485, 100, 28112, 32623, 200.47, 73
2026/09/21 01:00:40.485, 100, 28112, 32623, 200.01, 74
2026/09/21 01:00:41.486, 84, 28112, 32623, 184.79, 75
2026/09/21 01:00:42.486, 100, 28112, 32623, 202.00, 72
2026/09/21 01:00:43.486, 100, 28112, 32623, 199.98, 73
2026/09/21 01:00:44.486, 100, 28112, 32623, 199.96, 74
2026/09/21 01:00:45.487, 100, 28112, 32623, 200.04, 75
2026/09/21 01:00:46.487, 100, 28112, 32623, 200.01, 75
2026/09/21 01:00:47.487, 100, 28112, 32623, 199.99, 74
2026/09/21 01:00:48.487, 100, 28112, 32623, 200.01, 75
2026/09/21 01:00:49.487, 100, 28112, 32623, 199.98, 73
2026/09/21 01:00:50.487, 100, 28112, 32623, 200.00, 74
2026/09/21 01:00:51.488, 100, 28112, 32623, 200.00, 75
2026/09/21 01:00:52.488, 100, 28112, 32623, 200.00, 74
2026/09/21 01:00:53.488, 100, 28112, 32623, 199.99, 75
2026/09/21 01:00:54.488, 100, 28112, 32623, 200.00, 74
2026/09/21 01:00:55.488, 100, 28112, 32623, 200.00, 75
2026/09/21 01:00:56.489, 100, 28112, 32623, 199.99, 74
2026/09/21 01:00:57.489, 100, 28112, 32623, 200.05, 75
2026/09/21 01:00:58.489, 100, 28112, 32623, 199.98, 75
2026/09/21 01:00:59.489, 100, 28112, 32623, 199.95, 75
2026/09/21 01:01:00.489, 100, 28112, 32623, 200.06, 74
2026/09/21 01:01:01.489, 100, 28112, 32623, 199.98, 74
2026/09/21 01:01:02.490, 97, 28112, 32623, 199.45, 76
2026/09/21 01:01:03.490, 100, 28112, 32623, 200.57, 74
2026/09/21 01:01:04.490, 100, 28112, 32623, 199.99, 75
2026/09/21 01:01:05.490, 100, 28112, 32623, 200.00, 74
2026/09/21 01:01:06.491, 100, 28112, 32623, 200.00, 75
2026/09/21 01:01:07.491, 100, 28112, 32623, 199.97, 74
2026/09/21 01:01:08.491, 100, 28112, 32623, 200.35, 73
2026/09/21 01:01:09.492, 100, 28112, 32623, 199.98, 75
2026/09/21 01:01:10.492, 100, 28112, 32623, 200.01, 74
2026/09/21 01:01:11.492, 100, 28112, 32623, 199.89, 75
2026/09/21 01:01:12.492, 100, 28112, 32623, 199.95, 74
2026/09/21 01:01:13.492, 100, 28112, 32623, 200.04, 74
2026/09/21 01:01:14.493, 100, 28112, 32623, 199.99, 73
2026/09/21 01:01:15.493, 100, 28112, 32623, 200.00, 75
2026/09/21 01:01:16.493, 100, 28112, 32623, 199.99, 74
2026/09/21 01:01:17.493, 98, 28112, 32623, 199.59, 74
2026/09/21 01:01:18.494, 100, 28112, 32623, 199.99, 75
2026/09/21 01:01:19.494, 100, 28112, 32623, 199.99, 75
2026/09/21 01:01:20.494, 100, 28112, 32623, 200.02, 74
2026/09/21 01:01:21.494, 100, 28112, 32623, 200.00, 74
2026/09/21 01:01:22.495, 100, 28112, 32623, 200.01, 74
2026/09/21 01:01:23.495, 100, 28112, 32623, 200.00, 73
2026/09/21 01:01:24.495, 97, 28112, 32623, 199.54, 76
2026/09/21 01:01:25.495, 100, 28112, 32623, 200.50, 74
2026/09/21 01:01:26.495, 100, 28112, 32623, 199.96, 75
2026/09/21 01:01:27.496, 100, 28112, 32623, 200.06, 74
2026/09/21 01:01:28.496, 100, 28112, 32623, 199.99, 75
2026/09/21 01:01:29.496, 100, 28112, 32623, 200.09, 75
2026/09/21 01:01:30.496, 100, 28112, 32623, 200.01, 74
2026/09/21 01:01:31.497, 100, 28112, 32623, 200.00, 74
2026/09/21 01:01:32.497, 100, 28112, 32623, 199.98, 75
2026/09/21 01:01:33.497, 100, 28112, 32623, 200.01, 75
2026/09/21 01:01:34.498, 100, 28112, 32623, 187.32, 75
2026/09/21 01:01:35.498, 100, 28112, 32623, 200.00, 75
2026/09/21 01:01:36.498, 100, 28112, 32623, 199.99, 74
2026/09/21 01:01:37.498, 98, 28112, 32623, 199.81, 74
2026/09/21 01:01:38.499, 100, 28112, 32623, 200.21, 74
2026/09/21 01:01:39.499, 100, 28112, 32623, 199.92, 73
2026/09/21 01:01:40.499, 100, 28112, 32623, 200.05, 73
2026/09/21 01:01:41.499, 100, 28112, 32623, 200.00, 73
2026/09/21 01:01:42.500, 100, 28112, 32623, 200.06, 75
2026/09/21 01:01:43.500, 100, 28112, 32623, 200.00, 75
2026/09/21 01:01:44.500, 100, 28112, 32623, 200.00, 73
2026/09/21 01:01:45.500, 100, 28112, 32623, 200.00, 73
2026/09/21 01:01:46.501, 100, 28112, 32623, 199.99, 75
2026/09/21 01:01:47.501, 100, 28112, 32623, 200.02, 75
2026/09/21 01:01:48.501, 100, 28112, 32623, 199.98, 73
2026/09/21 01:01:49.502, 100, 28112, 32623, 200.02, 74
2026/09/21 01:01:50.502, 100, 28112, 32623, 199.99, 75
2026/09/21 01:01:51.502, 100, 28112, 32623, 199.99, 73
2026/09/21 01:01:52.503, 100, 28112, 32623, 200.01, 75
2026/09/21 01:01:53.503, 100, 28112, 32623, 199.98, 74
2026/09/21 01:01:54.503, 100, 28112, 32623, 200.00, 75
2026/09/21 01:01:55.503, 100, 28112, 32623, 199.98, 73
2026/09/21 01:01:56.504, 100, 28112, 32623, 200.00, 75
2026/09/21 01:01:57.504, 100, 28112, 32623, 199.99, 73
2026/09/21 01:01:58.504, 100, 28112, 32623, 200.00, 73
2026/09/21 01:01:59.504, 100, 28112, 32623, 200.01, 76
2026/09/21 01:02:00.505, 100, 28112, 32623, 200.00, 74
2026/09/21 01:02:01.505, 100, 28112, 32623, 199.98, 75
2026/09/21 01:02:02.505, 100, 28112, 32623, 199.99, 75
2026/09/21 01:02:03.506, 100, 28112, 32623, 199.99, 75
2026/09/21 01:02:04.506, 100, 28112, 32623, 200.00, 75
2026/09/21 01:02:05.506, 100, 28112, 32623, 199.97, 74
2026/09/21 01:02:06.507, 100, 28112, 32623, 200.03, 74
2026/09/21 01:02:07.507, 100, 28112, 32623, 199.96, 75
2026/09/21 01:02:08.507, 100, 28112, 32623, 200.02, 75
2026/09/21 01:02:09.507, 100, 28112, 32623, 199.96, 76
2026/09/21 01:02:10.508, 100, 28112, 32623, 200.03, 75
2026/09/21 01:02:11.508, 99, 28112, 32623, 199.89, 76
2026/09/21 01:02:12.508, 100, 28112, 32623, 200.11, 75
2026/09/21 01:02:13.508, 100, 28112, 32623, 199.99, 74
2026/09/21 01:02:14.508, 100, 28112, 32623, 200.00, 75
2026/09/21 01:02:15.509, 100, 28112, 32623, 199.99, 73
2026/09/21 01:02:16.509, 100, 28112, 32623, 200.01, 74
2026/09/21 01:02:17.509, 100, 28112, 32623, 200.01, 75
2026/09/21 01:02:18.509, 100, 28112, 32623, 200.00, 75
2026/09/21 01:02:19.509, 100, 28112, 32623, 199.99, 75
2026/09/21 01:02:20.510, 100, 28112, 32623, 200.00, 75
2026/09/21 01:02:21.510, 100, 28112, 32623, 200.01, 74
2026/09/21 01:02:22.510, 100, 28112, 32623, 199.95, 74
2026/09/21 01:02:23.510, 100, 28112, 32623, 200.17, 75
2026/09/21 01:02:24.511, 99, 28112, 32623, 199.83, 75
2026/09/21 01:02:25.511, 100, 28112, 32623, 200.00, 75
2026/09/21 01:02:26.511, 100, 28112, 32623, 199.99, 75
2026/09/21 01:02:27.511, 100, 28112, 32623, 199.98, 74
2026/09/21 01:02:28.511, 100, 28112, 32623, 200.02, 76
2026/09/21 01:02:29.512, 100, 28112, 32623, 199.99, 75
2026/09/21 01:02:30.512, 100, 28112, 32623, 200.01, 76
2026/09/21 01:02:31.512, 100, 28112, 32623, 199.94, 76
2026/09/21 01:02:32.512, 100, 28112, 32623, 200.04, 76
2026/09/21 01:02:33.512, 99, 28112, 32623, 199.87, 76
2026/09/21 01:02:34.513, 100, 28112, 32623, 200.01, 76
2026/09/21 01:02:35.513, 100, 28112, 32623, 200.00, 74
2026/09/21 01:02:36.513, 100, 28112, 32623, 200.01, 76
2026/09/21 01:02:37.513, 100, 28112, 32623, 200.01, 74
2026/09/21 01:02:38.513, 100, 28112, 32623, 200.00, 76
2026/09/21 01:02:39.514, 100, 28112, 32623, 200.00, 76
2026/09/21 01:02:40.514, 27, 28112, 32623, 189.68, 68
2026/09/21 01:02:41.514, 100, 28112, 32623, 195.14, 75
2026/09/21 01:02:42.514, 100, 28112, 32623, 199.99, 76
2026/09/21 01:02:43.514, 100, 28112, 32623, 200.01, 74
2026/09/21 01:02:44.515, 100, 28112, 32623, 200.00, 74
2026/09/21 01:02:45.515, 100, 28112, 32623, 199.98, 76
2026/09/21 01:02:46.515, 100, 28112, 32623, 200.01, 76
2026/09/21 01:02:47.515, 100, 28112, 32623, 199.99, 76
2026/09/21 01:02:48.515, 100, 28112, 32623, 200.02, 74
2026/09/21 01:02:49.516, 100, 28112, 32623, 199.98, 73
2026/09/21 01:02:50.516, 100, 28112, 32623, 199.99, 75
2026/09/21 01:02:51.516, 100, 28112, 32623, 200.00, 75
2026/09/21 01:02:52.516, 100, 28112, 32623, 199.97, 76
2026/09/21 01:02:53.517, 100, 28112, 32623, 200.23, 76
2026/09/21 01:02:54.517, 100, 28112, 32623, 200.01, 76
2026/09/21 01:02:55.517, 100, 28112, 32623, 199.98, 73
2026/09/21 01:02:56.517, 100, 28112, 32623, 200.01, 76
2026/09/21 01:02:57.518, 100, 28112, 32623, 199.89, 74
2026/09/21 01:02:58.518, 100, 28112, 32623, 200.00, 74
2026/09/21 01:02:59.524, 99, 28112, 32623, 199.95, 76
2026/09/21 01:03:00.524, 100, 28112, 32623, 200.08, 74
2026/09/21 01:03:01.524, 100, 28112, 32623, 200.00, 75
2026/09/21 01:03:02.524, 100, 28112, 32623, 199.99, 76
2026/09/21 01:03:03.525, 100, 28112, 32623, 200.03, 75
2026/09/21 01:03:04.525, 99, 28112, 32623, 199.63, 76
2026/09/21 01:03:05.525, 100, 28112, 32623, 200.16, 74
2026/09/21 01:03:06.525, 100, 28112, 32623, 199.99, 74
2026/09/21 01:03:07.525, 100, 28112, 32623, 200.00, 74
2026/09/21 01:03:08.525, 100, 28112, 32623, 200.01, 76
2026/09/21 01:03:09.526, 98, 28112, 32623, 199.76, 76
2026/09/21 01:03:10.526, 100, 28112, 32623, 200.27, 75
2026/09/21 01:03:11.526, 100, 28112, 32623, 199.97, 74
2026/09/21 01:03:12.526, 100, 28112, 32623, 199.98, 74
2026/09/21 01:03:13.527, 100, 28112, 32623, 200.03, 76
2026/09/21 01:03:14.527, 98, 28112, 32623, 199.72, 76
2026/09/21 01:03:15.527, 100, 28112, 32623, 200.40, 74
2026/09/21 01:03:16.527, 100, 28112, 32623, 199.99, 76
2026/09/21 01:03:17.528, 100, 28112, 32623, 200.00, 76
2026/09/21 01:03:18.528, 100, 28112, 32623, 200.01, 74
2026/09/21 01:03:19.528, 99, 28112, 32623, 199.86, 73
2026/09/21 01:03:20.528, 100, 28112, 32623, 200.15, 76
2026/09/21 01:03:21.529, 100, 28112, 32623, 200.00, 73
2026/09/21 01:03:22.529, 100, 28112, 32623, 199.98, 74
2026/09/21 01:03:23.529, 100, 28112, 32623, 200.02, 75
2026/09/21 01:03:24.529, 100, 28112, 32623, 199.98, 74
2026/09/21 01:03:25.530, 100, 28112, 32623, 200.03, 76
2026/09/21 01:03:26.530, 100, 28112, 32623, 199.99, 73
2026/09/21 01:03:27.530, 100, 28112, 32623, 199.93, 76
2026/09/21 01:03:28.531, 100, 28112, 32623, 200.04, 73
2026/09/21 01:03:29.531, 100, 28112, 32623, 199.92, 76
2026/09/21 01:03:30.531, 100, 28112, 32623, 200.00, 75
2026/09/21 01:03:31.532, 100, 28112, 32623, 200.00, 76
2026/09/21 01:03:32.532, 99, 28112, 32623, 199.95, 75
2026/09/21 01:03:33.532, 100, 28112, 32623, 200.04, 76
2026/09/21 01:03:34.532, 100, 28112, 32623, 200.00, 74
2026/09/21 01:03:35.533, 100, 28112, 32623, 200.01, 76
2026/09/21 01:03:36.533, 100, 28112, 32623, 200.02, 73
2026/09/21 01:03:37.533, 100, 28112, 32623, 199.99, 73
2026/09/21 01:03:38.533, 100, 28112, 32623, 199.97, 76
2026/09/21 01:03:39.534, 100, 28112, 32623, 199.99, 74
2026/09/21 01:03:40.534, 98, 28112, 32623, 199.72, 76
2026/09/21 01:03:41.534, 100, 28112, 32623, 200.27, 75
2026/09/21 01:03:42.535, 100, 28112, 32623, 199.99, 74
2026/09/21 01:03:43.535, 100, 28112, 32623, 200.01, 76
2026/09/21 01:03:44.535, 100, 28112, 32623, 200.02, 76
2026/09/21 01:03:45.535, 100, 28112, 32623, 200.00, 74
2026/09/21 01:03:46.536, 100, 28112, 32623, 200.08, 76
2026/09/21 01:03:47.536, 100, 28112, 32623, 200.00, 76
2026/09/21 01:03:48.536, 99, 28112, 32623, 199.91, 74
2026/09/21 01:03:49.537, 100, 28112, 32623, 200.01, 74
2026/09/21 01:03:50.537, 100, 28112, 32623, 199.99, 75
2026/09/21 01:03:51.537, 90, 28112, 32623, 183.62, 73
2026/09/21 01:03:52.537, 100, 28112, 32623, 201.56, 74
2026/09/21 01:03:53.538, 100, 28112, 32623, 199.98, 73
2026/09/21 01:03:54.538, 100, 28112, 32623, 199.99, 75
2026/09/21 01:03:55.538, 100, 28112, 32623, 200.02, 76
2026/09/21 01:03:56.538, 100, 28112, 32623, 199.99, 76
2026/09/21 01:03:57.539, 100, 28112, 32623, 186.79, 73
2026/09/21 01:03:58.539, 100, 28112, 32623, 200.06, 75
2026/09/21 01:03:59.539, 100, 28112, 32623, 196.05, 74
2026/09/21 01:04:00.539, 99, 28112, 32623, 199.86, 69
2026/09/21 01:04:01.540, 100, 28112, 32623, 196.29, 72
2026/09/21 01:04:02.540, 95, 28112, 32623, 198.92, 71
2026/09/21 01:04:03.540, 95, 28112, 32623, 199.96, 71
2026/09/21 01:04:04.540, 95, 28112, 32623, 199.93, 71
2026/09/21 01:04:05.540, 95, 28112, 32623, 200.00, 71
2026/09/21 01:04:06.541, 95, 28112, 32623, 199.96, 71
2026/09/21 01:04:07.541, 95, 28112, 32623, 200.00, 71
2026/09/21 01:04:08.541, 95, 28112, 32623, 199.98, 72
2026/09/21 01:04:09.541, 95, 28112, 32623, 200.01, 71
2026/09/21 01:04:10.542, 95, 28112, 32623, 200.02, 71
2026/09/21 01:04:11.542, 95, 28112, 32623, 199.97, 72
2026/09/21 01:04:12.542, 0, 28112, 32623, 132.82, 62
2026/09/21 01:04:13.542, 100, 28112, 32623, 86.59, 70
2026/09/21 01:04:14.543, 100, 28112, 32623, 201.32, 71
2026/09/21 01:04:15.543, 100, 28112, 32623, 200.03, 71
2026/09/21 01:04:16.543, 100, 28112, 32623, 199.97, 72
2026/09/21 01:04:17.544, 100, 28112, 32623, 199.99, 72
2026/09/21 01:04:18.544, 100, 28112, 32623, 199.96, 72
2026/09/21 01:04:19.544, 100, 28112, 32623, 200.22, 71
2026/09/21 01:04:20.544, 97, 28112, 32623, 199.75, 72
2026/09/21 01:04:21.545, 97, 28112, 32623, 200.00, 73
2026/09/21 01:04:22.545, 100, 28112, 32623, 200.24, 73
2026/09/21 01:04:23.545, 100, 28112, 32623, 199.99, 73
2026/09/21 01:04:24.545, 100, 28112, 32623, 199.98, 73
2026/09/21 01:04:25.546, 100, 28112, 32623, 199.99, 73
2026/09/21 01:04:26.546, 100, 28112, 32623, 200.00, 73
2026/09/21 01:04:27.546, 100, 28112, 32623, 199.99, 73
2026/09/21 01:04:28.547, 100, 28112, 32623, 199.99, 73
2026/09/21 01:04:29.547, 100, 28112, 32623, 200.00, 73
2026/09/21 01:04:30.547, 100, 28112, 32623, 200.53, 73
2026/09/21 01:04:31.548, 100, 28112, 32623, 199.99, 74
2026/09/21 01:04:32.548, 100, 28112, 32623, 199.96, 72
2026/09/21 01:04:33.548, 100, 28112, 32623, 200.03, 73
2026/09/21 01:04:34.548, 100, 28112, 32623, 199.99, 73
2026/09/21 01:04:35.549, 97, 28112, 32623, 199.82, 74
2026/09/21 01:04:36.549, 100, 28112, 32623, 200.23, 74
2026/09/21 01:04:37.549, 100, 28112, 32623, 200.00, 73
2026/09/21 01:04:38.550, 100, 28112, 32623, 200.00, 74
2026/09/21 01:04:39.550, 100, 28112, 32623, 199.98, 73
2026/09/21 01:04:40.550, 99, 28112, 32623, 199.94, 75
2026/09/21 01:04:41.550, 100, 28112, 32623, 200.01, 73
2026/09/21 01:04:42.551, 100, 28112, 32623, 200.00, 73
2026/09/21 01:04:43.551, 100, 28112, 32623, 199.99, 73
2026/09/21 01:04:44.551, 97, 28112, 32623, 199.96, 73
2026/09/21 01:04:45.552, 100, 28112, 32623, 200.04, 73
2026/09/21 01:04:46.552, 100, 28112, 32623, 200.01, 74
2026/09/21 01:04:47.552, 100, 28112, 32623, 199.97, 73
2026/09/21 01:04:48.552, 100, 28112, 32623, 199.51, 73
2026/09/21 01:04:49.553, 100, 28112, 32623, 200.50, 75
2026/09/21 01:04:50.553, 100, 28112, 32623, 200.01, 74
2026/09/21 01:04:51.553, 8, 28112, 32623, 184.23, 75
2026/09/21 01:04:52.553, 100, 28112, 32623, 202.11, 73
2026/09/21 01:04:53.554, 100, 28112, 32623, 199.99, 73
2026/09/21 01:04:54.554, 100, 28112, 32623, 199.97, 74
2026/09/21 01:04:55.554, 100, 28112, 32623, 200.02, 74
2026/09/21 01:04:56.555, 100, 28112, 32623, 200.02, 75
2026/09/21 01:04:57.555, 100, 28112, 32623, 199.99, 74
2026/09/21 01:04:58.555, 100, 28112, 32623, 200.00, 75
2026/09/21 01:04:59.555, 100, 28112, 32623, 200.01, 73
2026/09/21 01:05:00.556, 100, 28112, 32623, 199.99, 74
2026/09/21 01:05:01.556, 100, 28112, 32623, 200.00, 75
2026/09/21 01:05:02.556, 100, 28112, 32623, 200.00, 73
2026/09/21 01:05:03.557, 100, 28112, 32623, 199.99, 75
2026/09/21 01:05:04.557, 100, 28112, 32623, 199.99, 73
2026/09/21 01:05:05.557, 100, 28112, 32623, 200.01, 75
2026/09/21 01:05:06.558, 100, 28112, 32623, 199.98, 75
2026/09/21 01:05:07.558, 100, 28112, 32623, 200.01, 73
2026/09/21 01:05:08.558, 100, 28112, 32623, 199.99, 73
2026/09/21 01:05:09.558, 98, 28112, 32623, 199.94, 73
2026/09/21 01:05:10.559, 100, 28112, 32623, 200.07, 75
2026/09/21 01:05:11.559, 100, 28112, 32623, 199.97, 75
2026/09/21 01:05:12.559, 100, 28112, 32623, 199.83, 74
2026/09/21 01:05:13.560, 100, 28112, 32623, 200.19, 75
2026/09/21 01:05:14.560, 100, 28112, 32623, 199.98, 73
2026/09/21 01:05:15.560, 100, 28112, 32623, 200.01, 75
2026/09/21 01:05:16.561, 100, 28112, 32623, 200.00, 74
2026/09/21 01:05:17.561, 99, 28112, 32623, 199.85, 76
2026/09/21 01:05:18.561, 100, 28112, 32623, 200.13, 75
2026/09/21 01:05:19.561, 100, 28112, 32623, 199.99, 74
2026/09/21 01:05:20.561, 100, 28112, 32623, 200.00, 74
2026/09/21 01:05:21.562, 100, 28112, 32623, 199.99, 73
2026/09/21 01:05:22.562, 99, 28112, 32623, 199.88, 75
2026/09/21 01:05:23.562, 100, 28112, 32623, 200.11, 74
2026/09/21 01:05:24.562, 100, 28112, 32623, 200.00, 75
2026/09/21 01:05:25.562, 100, 28112, 32623, 200.00, 73
2026/09/21 01:05:26.563, 100, 28112, 32623, 199.99, 74
2026/09/21 01:05:27.563, 100, 28112, 32623, 199.84, 74
2026/09/21 01:05:28.563, 100, 28112, 32623, 200.01, 74
2026/09/21 01:05:29.563, 100, 28112, 32623, 199.95, 74
2026/09/21 01:05:30.563, 100, 28112, 32623, 200.02, 74
2026/09/21 01:05:31.564, 100, 28112, 32623, 200.00, 74
2026/09/21 01:05:32.564, 100, 28112, 32623, 199.98, 75
2026/09/21 01:05:33.564, 100, 28112, 32623, 200.01, 74
2026/09/21 01:05:34.564, 100, 28112, 32623, 200.00, 75
2026/09/21 01:05:35.565, 100, 28112, 32623, 199.98, 73
2026/09/21 01:05:36.565, 97, 28112, 32623, 199.99, 74
2026/09/21 01:05:37.565, 100, 28112, 32623, 200.35, 74
2026/09/21 01:05:38.565, 100, 28112, 32623, 199.96, 76
2026/09/21 01:05:39.565, 100, 28112, 32623, 200.04, 75
2026/09/21 01:05:40.566, 100, 28112, 32623, 199.98, 74
2026/09/21 01:05:41.566, 100, 28112, 32623, 199.99, 73
2026/09/21 01:05:42.566, 100, 28112, 32623, 200.01, 76
2026/09/21 01:05:43.566, 100, 28112, 32623, 199.99, 76
2026/09/21 01:05:44.566, 100, 28112, 32623, 184.72, 75
2026/09/21 01:05:45.567, 100, 28112, 32623, 199.99, 75
2026/09/21 01:05:46.567, 100, 28112, 32623, 200.00, 74
2026/09/21 01:05:47.567, 100, 28112, 32623, 199.99, 75
2026/09/21 01:05:48.567, 100, 28112, 32623, 200.02, 74
2026/09/21 01:05:49.567, 100, 28112, 32623, 199.64, 74
2026/09/21 01:05:50.568, 100, 28112, 32623, 200.38, 75
2026/09/21 01:05:51.568, 98, 28112, 32623, 199.95, 74
2026/09/21 01:05:52.568, 100, 28112, 32623, 200.36, 75
2026/09/21 01:05:53.568, 100, 28112, 32623, 199.95, 75
2026/09/21 01:05:54.569, 100, 28112, 32623, 200.04, 73
2026/09/21 01:05:55.569, 100, 28112, 32623, 200.01, 73
2026/09/21 01:05:56.569, 100, 28112, 32623, 200.03, 75
2026/09/21 01:05:57.569, 100, 28112, 32623, 200.00, 75
2026/09/21 01:05:58.569, 100, 28112, 32623, 199.99, 73
2026/09/21 01:05:59.570, 100, 28112, 32623, 199.99, 74
2026/09/21 01:06:00.570, 100, 28112, 32623, 199.99, 74
2026/09/21 01:06:01.570, 100, 28112, 32623, 200.01, 74
2026/09/21 01:06:02.570, 100, 28112, 32623, 199.99, 75
2026/09/21 01:06:03.570, 100, 28112, 32623, 199.99, 74
2026/09/21 01:06:04.571, 100, 28112, 32623, 200.01, 75
2026/09/21 01:06:05.571, 100, 28112, 32623, 199.93, 74
2026/09/21 01:06:06.571, 100, 28112, 32623, 199.99, 75
2026/09/21 01:06:07.571, 100, 28112, 32623, 200.02, 74
2026/09/21 01:06:08.571, 100, 28112, 32623, 199.98, 74
2026/09/21 01:06:09.572, 100, 28112, 32623, 199.96, 76
2026/09/21 01:06:10.572, 100, 28112, 32623, 200.01, 75
2026/09/21 01:06:11.572, 100, 28112, 32623, 199.98, 75
2026/09/21 01:06:12.572, 100, 28112, 32623, 200.01, 75
2026/09/21 01:06:13.572, 100, 28112, 32623, 199.98, 75
2026/09/21 01:06:14.573, 100, 28112, 32623, 200.03, 75
2026/09/21 01:06:15.573, 100, 28112, 32623, 199.91, 73
2026/09/21 01:06:16.573, 100, 28112, 32623, 200.05, 73
2026/09/21 01:06:17.573, 98, 28112, 32623, 199.88, 76
2026/09/21 01:06:18.573, 100, 28112, 32623, 200.10, 75
2026/09/21 01:06:19.574, 99, 28112, 32623, 199.91, 76
2026/09/21 01:06:20.574, 100, 28112, 32623, 200.09, 76
2026/09/21 01:06:21.574, 100, 28112, 32623, 200.01, 75
2026/09/21 01:06:22.574, 100, 28112, 32623, 199.99, 76
2026/09/21 01:06:23.574, 100, 28112, 32623, 200.08, 75
2026/09/21 01:06:24.575, 100, 28112, 32623, 199.99, 76
2026/09/21 01:06:25.575, 100, 28112, 32623, 199.99, 73
2026/09/21 01:06:26.575, 100, 28112, 32623, 200.00, 75
2026/09/21 01:06:27.575, 100, 28112, 32623, 200.02, 74
2026/09/21 01:06:28.576, 100, 28112, 32623, 199.98, 74
2026/09/21 01:06:29.576, 100, 28112, 32623, 200.01, 76
2026/09/21 01:06:30.576, 100, 28112, 32623, 199.95, 76
2026/09/21 01:06:31.576, 100, 28112, 32623, 200.02, 74
2026/09/21 01:06:32.576, 98, 28112, 32623, 199.79, 74
2026/09/21 01:06:33.577, 100, 28112, 32623, 200.23, 76
2026/09/21 01:06:34.577, 100, 28112, 32623, 199.98, 73
2026/09/21 01:06:35.577, 100, 28112, 32623, 200.02, 74
2026/09/21 01:06:36.577, 100, 28112, 32623, 200.00, 76
2026/09/21 01:06:37.578, 100, 28112, 32623, 199.99, 75
2026/09/21 01:06:38.578, 100, 28112, 32623, 200.02, 75
2026/09/21 01:06:39.578, 100, 28112, 32623, 199.99, 76
2026/09/21 01:06:40.579, 100, 28112, 32623, 200.01, 74
2026/09/21 01:06:41.579, 100, 28112, 32623, 199.98, 76
2026/09/21 01:06:42.579, 100, 28112, 32623, 199.94, 74
2026/09/21 01:06:43.579, 100, 28112, 32623, 199.99, 75
2026/09/21 01:06:44.580, 100, 28112, 32623, 200.00, 74
2026/09/21 01:06:45.580, 100, 28112, 32623, 199.98, 75
2026/09/21 01:06:46.580, 100, 28112, 32623, 200.01, 74
2026/09/21 01:06:47.580, 100, 28112, 32623, 199.98, 75
2026/09/21 01:06:48.580, 100, 28112, 32623, 200.00, 74
2026/09/21 01:06:49.581, 100, 28112, 32623, 200.04, 74
2026/09/21 01:06:50.581, 97, 28112, 32623, 199.94, 76
2026/09/21 01:06:51.581, 100, 28112, 32623, 185.23, 74
2026/09/21 01:06:52.581, 100, 28112, 32623, 200.00, 74
2026/09/21 01:06:53.581, 100, 28112, 32623, 199.99, 76
2026/09/21 01:06:54.582, 100, 28112, 32623, 200.01, 76
2026/09/21 01:06:55.582, 100, 28112, 32623, 199.94, 74
2026/09/21 01:06:56.582, 100, 28112, 32623, 200.05, 75
2026/09/21 01:06:57.582, 100, 28112, 32623, 200.00, 75
2026/09/21 01:06:58.582, 100, 28112, 32623, 200.02, 76
2026/09/21 01:06:59.583, 100, 28112, 32623, 200.00, 75
2026/09/21 01:07:00.583, 100, 28112, 32623, 199.98, 73
2026/09/21 01:07:01.583, 100, 28112, 32623, 200.01, 74
2026/09/21 01:07:02.583, 100, 28112, 32623, 199.96, 76
2026/09/21 01:07:03.606, 100, 28112, 32623, 200.32, 75
2026/09/21 01:07:04.606, 100, 28112, 32623, 200.06, 76
2026/09/21 01:07:05.606, 100, 28112, 32623, 199.98, 76
2026/09/21 01:07:06.606, 100, 28112, 32623, 200.00, 76
2026/09/21 01:07:07.606, 100, 28112, 32623, 200.00, 75
2026/09/21 01:07:08.607, 100, 28112, 32623, 200.03, 76
2026/09/21 01:07:09.607, 100, 28112, 32623, 199.98, 76
2026/09/21 01:07:10.607, 100, 28112, 32623, 200.00, 76
2026/09/21 01:07:11.607, 100, 28112, 32623, 199.97, 76
2026/09/21 01:07:12.608, 100, 28112, 32623, 199.99, 76
2026/09/21 01:07:13.608, 100, 28112, 32623, 199.98, 76
2026/09/21 01:07:14.608, 99, 28112, 32623, 199.89, 76
2026/09/21 01:07:15.608, 100, 28112, 32623, 200.09, 75
2026/09/21 01:07:16.609, 100, 28112, 32623, 199.99, 74
2026/09/21 01:07:17.609, 100, 28112, 32623, 199.94, 73
2026/09/21 01:07:18.609, 100, 28112, 32623, 200.01, 75
2026/09/21 01:07:19.609, 98, 28112, 32623, 199.57, 74
2026/09/21 01:07:20.609, 100, 28112, 32623, 200.20, 76
2026/09/21 01:07:21.610, 100, 28112, 32623, 199.98, 74
2026/09/21 01:07:22.610, 100, 28112, 32623, 200.00, 74
2026/09/21 01:07:23.610, 100, 28112, 32623, 200.02, 75
2026/09/21 01:07:24.610, 98, 28112, 32623, 199.67, 76
2026/09/21 01:07:25.610, 100, 28112, 32623, 200.32, 75
2026/09/21 01:07:26.611, 100, 28112, 32623, 200.02, 74
2026/09/21 01:07:27.611, 100, 28112, 32623, 199.99, 75
2026/09/21 01:07:28.611, 100, 28112, 32623, 200.00, 76
2026/09/21 01:07:29.623, 99, 28112, 32623, 199.80, 75
2026/09/21 01:07:30.623, 100, 28112, 32623, 200.21, 76
2026/09/21 01:07:31.623, 100, 28112, 32623, 199.98, 75
2026/09/21 01:07:32.623, 100, 28112, 32623, 199.98, 74
2026/09/21 01:07:33.624, 100, 28112, 32623, 200.01, 76
2026/09/21 01:07:34.624, 100, 28112, 32623, 199.98, 74
2026/09/21 01:07:35.624, 100, 28112, 32623, 200.02, 75
2026/09/21 01:07:36.624, 100, 28112, 32623, 200.00, 75
2026/09/21 01:07:37.624, 100, 28112, 32623, 200.04, 74
2026/09/21 01:07:38.625, 100, 28112, 32623, 200.10, 76
2026/09/21 01:07:39.625, 100, 28112, 32623, 200.03, 75
2026/09/21 01:07:40.625, 100, 28112, 32623, 200.00, 76
2026/09/21 01:07:41.625, 100, 28112, 32623, 200.02, 75
2026/09/21 01:07:42.625, 99, 28112, 32623, 199.93, 76
2026/09/21 01:07:43.626, 100, 28112, 32623, 200.11, 75
2026/09/21 01:07:44.626, 100, 28112, 32623, 199.99, 75
2026/09/21 01:07:45.626, 100, 28112, 32623, 200.00, 75
2026/09/21 01:07:46.626, 100, 28112, 32623, 200.01, 74
2026/09/21 01:07:47.627, 100, 28112, 32623, 200.01, 76
2026/09/21 01:07:48.627, 100, 28112, 32623, 200.02, 74
2026/09/21 01:07:49.627, 100, 28112, 32623, 200.00, 75
2026/09/21 01:07:50.628, 98, 28112, 32623, 199.60, 74
2026/09/21 01:07:51.628, 100, 28112, 32623, 200.18, 74
2026/09/21 01:07:52.628, 100, 28112, 32623, 200.01, 75
2026/09/21 01:07:53.628, 100, 28112, 32623, 200.02, 75
2026/09/21 01:07:54.629, 100, 28112, 32623, 199.99, 74
2026/09/21 01:07:55.629, 100, 28112, 32623, 199.98, 75
2026/09/21 01:07:56.629, 100, 28112, 32623, 199.99, 76
2026/09/21 01:07:57.629, 100, 28112, 32623, 200.01, 75
2026/09/21 01:07:58.630, 99, 28112, 32623, 199.82, 75
2026/09/21 01:07:59.630, 100, 28112, 32623, 200.00, 76
2026/09/21 01:08:00.630, 100, 28112, 32623, 200.01, 76
2026/09/21 01:08:01.630, 72, 28112, 32623, 183.96, 74
2026/09/21 01:08:02.631, 100, 28112, 32623, 200.40, 75
2026/09/21 01:08:03.631, 100, 28112, 32623, 200.00, 75
2026/09/21 01:08:04.631, 100, 28112, 32623, 199.98, 76
2026/09/21 01:08:05.631, 100, 28112, 32623, 200.01, 75
2026/09/21 01:08:06.632, 100, 28112, 32623, 199.99, 74
2026/09/21 01:08:07.632, 100, 28112, 32623, 186.95, 74
2026/09/21 01:08:08.632, 100, 28112, 32623, 200.07, 76
2026/09/21 01:08:09.633, 100, 28112, 32623, 195.77, 74
2026/09/21 01:08:10.633, 100, 28112, 32623, 200.03, 76
2026/09/21 01:08:11.633, 100, 28112, 32623, 196.28, 73
2026/09/21 01:08:12.633, 95, 28112, 32623, 199.14, 73
2026/09/21 01:08:13.634, 95, 28112, 32623, 200.00, 73
2026/09/21 01:08:14.634, 96, 28112, 32623, 200.01, 73
2026/09/21 01:08:15.634, 96, 28112, 32623, 199.95, 73
2026/09/21 01:08:16.634, 96, 28112, 32623, 200.01, 73
2026/09/21 01:08:17.634, 95, 28112, 32623, 200.00, 73
2026/09/21 01:08:18.635, 95, 28112, 32623, 199.98, 72
2026/09/21 01:08:19.635, 95, 28112, 32623, 199.93, 71
2026/09/21 01:08:20.635, 95, 28112, 32623, 199.96, 71
2026/09/21 01:08:21.635, 96, 28112, 32623, 200.01, 72
2026/09/21 01:08:22.636, 0, 28112, 32623, 135.61, 62
2026/09/21 01:08:23.636, 100, 28112, 32623, 78.51, 69
2026/09/21 01:08:24.636, 100, 28112, 32623, 203.91, 71
2026/09/21 01:08:25.636, 100, 28112, 32623, 200.31, 71
2026/09/21 01:08:26.637, 100, 28112, 32623, 200.01, 71
2026/09/21 01:08:27.637, 100, 28112, 32623, 200.28, 72
2026/09/21 01:08:28.637, 100, 28112, 32623, 200.34, 72
2026/09/21 01:08:29.638, 97, 28112, 32623, 199.76, 73
2026/09/21 01:08:30.638, 97, 28112, 32623, 199.61, 72
2026/09/21 01:08:31.638, 100, 28112, 32623, 200.00, 72
2026/09/21 01:08:32.638, 100, 28112, 32623, 200.00, 73
2026/09/21 01:08:33.639, 100, 28112, 32623, 200.00, 72
2026/09/21 01:08:34.639, 100, 28112, 32623, 199.99, 73
2026/09/21 01:08:35.639, 100, 28112, 32623, 200.00, 73
2026/09/21 01:08:36.639, 100, 28112, 32623, 199.99, 73
2026/09/21 01:08:37.640, 100, 28112, 32623, 200.00, 73
2026/09/21 01:08:38.640, 100, 28112, 32623, 199.95, 74
2026/09/21 01:08:39.640, 97, 28112, 32623, 199.69, 73
2026/09/21 01:08:40.641, 100, 28112, 32623, 200.34, 72
2026/09/21 01:08:41.641, 100, 28112, 32623, 200.00, 72
2026/09/21 01:08:42.641, 100, 28112, 32623, 200.00, 74
2026/09/21 01:08:43.641, 100, 28112, 32623, 199.98, 73
2026/09/21 01:08:44.642, 100, 28112, 32623, 199.95, 74
2026/09/21 01:08:45.642, 98, 28112, 32623, 199.83, 73
2026/09/21 01:08:46.642, 100, 28112, 32623, 200.19, 74
2026/09/21 01:08:47.643, 100, 28112, 32623, 200.00, 72
2026/09/21 01:08:48.643, 100, 28112, 32623, 200.00, 74
2026/09/21 01:08:49.643, 100, 28112, 32623, 199.93, 73
2026/09/21 01:08:50.643, 100, 28112, 32623, 200.06, 73
2026/09/21 01:08:51.644, 100, 28112, 32623, 200.00, 73
2026/09/21 01:08:52.644, 100, 28112, 32623, 200.01, 73
2026/09/21 01:08:53.644, 100, 28112, 32623, 199.95, 74
2026/09/21 01:08:54.644, 100, 28112, 32623, 200.03, 73
2026/09/21 01:08:55.644, 100, 28112, 32623, 200.02, 73
2026/09/21 01:08:56.645, 100, 28112, 32623, 199.99, 73
2026/09/21 01:08:57.645, 100, 28112, 32623, 199.93, 74
2026/09/21 01:08:58.645, 100, 28112, 32623, 200.04, 74
2026/09/21 01:08:59.645, 100, 28112, 32623, 200.03, 74
2026/09/21 01:09:00.645, 100, 28112, 32623, 199.99, 73
2026/09/21 01:09:01.646, 29, 28112, 32623, 190.82, 68
2026/09/21 01:09:02.646, 100, 28112, 32623, 189.66, 74
2026/09/21 01:09:03.648, 100, 28112, 32623, 199.99, 73
2026/09/21 01:09:04.648, 100, 28112, 32623, 199.98, 74
2026/09/21 01:09:05.649, 100, 28112, 32623, 200.48, 73
2026/09/21 01:09:06.649, 100, 28112, 32623, 199.99, 74
2026/09/21 01:09:07.649, 100, 28112, 32623, 199.94, 73
2026/09/21 01:09:08.649, 100, 28112, 32623, 200.03, 73
2026/09/21 01:09:09.650, 100, 28112, 32623, 200.00, 74
2026/09/21 01:09:10.650, 100, 28112, 32623, 199.98, 75
2026/09/21 01:09:11.650, 100, 28112, 32623, 200.01, 74
2026/09/21 01:09:12.651, 100, 28112, 32623, 200.01, 74
2026/09/21 01:09:13.651, 100, 28112, 32623, 199.96, 74
2026/09/21 01:09:14.651, 100, 28112, 32623, 200.04, 74
2026/09/21 01:09:15.651, 100, 28112, 32623, 199.99, 74
2026/09/21 01:09:16.652, 100, 28112, 32623, 199.96, 75
2026/09/21 01:09:17.652, 100, 28112, 32623, 200.06, 73
2026/09/21 01:09:18.652, 100, 28112, 32623, 200.00, 74
2026/09/21 01:09:19.652, 97, 28112, 32623, 199.69, 74
2026/09/21 01:09:20.652, 100, 28112, 32623, 200.29, 75
2026/09/21 01:09:21.653, 100, 28112, 32623, 199.99, 74
2026/09/21 01:09:22.653, 100, 28112, 32623, 200.01, 75
2026/09/21 01:09:23.653, 100, 28112, 32623, 200.00, 75
2026/09/21 01:09:24.654, 100, 28112, 32623, 199.97, 73
2026/09/21 01:09:25.654, 100, 28112, 32623, 200.01, 74
2026/09/21 01:09:26.654, 100, 28112, 32623, 199.97, 74
2026/09/21 01:09:27.656, 99, 28112, 32623, 199.74, 75
2026/09/21 01:09:28.656, 100, 28112, 32623, 200.18, 75
2026/09/21 01:09:29.656, 100, 28112, 32623, 199.99, 74
2026/09/21 01:09:30.656, 100, 28112, 32623, 200.04, 74
2026/09/21 01:09:31.657, 100, 28112, 32623, 199.99, 74
2026/09/21 01:09:32.657, 98, 28112, 32623, 199.88, 76
2026/09/21 01:09:33.657, 100, 28112, 32623, 200.12, 74
2026/09/21 01:09:34.657, 100, 28112, 32623, 199.99, 75
2026/09/21 01:09:35.658, 100, 28112, 32623, 200.04, 74
2026/09/21 01:09:36.658, 100, 28112, 32623, 200.00, 74
2026/09/21 01:09:37.658, 100, 28112, 32623, 200.02, 74
2026/09/21 01:09:38.658, 100, 28112, 32623, 200.00, 74
2026/09/21 01:09:39.658, 100, 28112, 32623, 199.96, 74
2026/09/21 01:09:40.659, 100, 28112, 32623, 200.03, 75
2026/09/21 01:09:41.659, 100, 28112, 32623, 199.98, 75
2026/09/21 01:09:42.659, 100, 28112, 32623, 200.02, 75
2026/09/21 01:09:43.659, 100, 28112, 32623, 200.00, 76
2026/09/21 01:09:44.659, 100, 28112, 32623, 200.09, 75
2026/09/21 01:09:45.660, 100, 28112, 32623, 199.98, 76
2026/09/21 01:09:46.660, 98, 28112, 32623, 199.81, 74
2026/09/21 01:09:47.660, 100, 28112, 32623, 200.16, 75
2026/09/21 01:09:48.661, 100, 28112, 32623, 200.00, 74
2026/09/21 01:09:49.661, 100, 28112, 32623, 200.04, 74
2026/09/21 01:09:50.661, 100, 28112, 32623, 200.01, 75
2026/09/21 01:09:51.661, 100, 28112, 32623, 200.00, 75
2026/09/21 01:09:52.662, 100, 28112, 32623, 199.98, 74
2026/09/21 01:09:53.662, 100, 28112, 32623, 200.00, 74
2026/09/21 01:09:54.662, 100, 28112, 32623, 185.88, 74
2026/09/21 01:09:55.663, 100, 28112, 32623, 200.00, 73
2026/09/21 01:09:56.663, 100, 28112, 32623, 200.00, 75
2026/09/21 01:09:57.663, 100, 28112, 32623, 199.99, 74
2026/09/21 01:09:58.664, 100, 28112, 32623, 199.98, 76
2026/09/21 01:09:59.664, 98, 28112, 32623, 199.52, 75
2026/09/21 01:10:00.664, 100, 28112, 32623, 199.99, 75
2026/09/21 01:10:01.664, 100, 28112, 32623, 199.96, 76
2026/09/21 01:10:02.664, 100, 28112, 32623, 200.02, 74
2026/09/21 01:10:03.665, 100, 28112, 32623, 199.95, 74
2026/09/21 01:10:04.665, 100, 28112, 32623, 200.06, 74
2026/09/21 01:10:05.665, 100, 28112, 32623, 199.96, 74
2026/09/21 01:10:06.665, 100, 28112, 32623, 200.03, 75
2026/09/21 01:10:07.665, 100, 28112, 32623, 199.98, 75
2026/09/21 01:10:08.666, 100, 28112, 32623, 200.03, 75
2026/09/21 01:10:09.666, 100, 28112, 32623, 199.99, 75
2026/09/21 01:10:10.666, 100, 28112, 32623, 200.00, 74
2026/09/21 01:10:11.666, 100, 28112, 32623, 200.01, 74
2026/09/21 01:10:12.667, 100, 28112, 32623, 200.01, 74
2026/09/21 01:10:13.667, 100, 28112, 32623, 200.01, 74
2026/09/21 01:10:14.667, 100, 28112, 32623, 199.98, 74
2026/09/21 01:10:15.667, 100, 28112, 32623, 199.98, 74
2026/09/21 01:10:16.667, 100, 28112, 32623, 200.00, 73
2026/09/21 01:10:17.668, 100, 28112, 32623, 199.98, 75
2026/09/21 01:10:18.668, 100, 28112, 32623, 200.02, 74
2026/09/21 01:10:19.668, 100, 28112, 32623, 200.00, 76
2026/09/21 01:10:20.668, 100, 28112, 32623, 200.04, 76
2026/09/21 01:10:21.669, 100, 28112, 32623, 199.96, 74
2026/09/21 01:10:22.669, 100, 28112, 32623, 200.01, 74
2026/09/21 01:10:23.669, 100, 28112, 32623, 199.99, 76
2026/09/21 01:10:24.670, 100, 28112, 32623, 200.05, 76
2026/09/21 01:10:25.670, 100, 28112, 32623, 199.95, 74
2026/09/21 01:10:26.670, 100, 28112, 32623, 200.04, 75
2026/09/21 01:10:27.670, 98, 28112, 32623, 199.84, 74
2026/09/21 01:10:28.671, 100, 28112, 32623, 200.17, 74
2026/09/21 01:10:29.671, 99, 28112, 32623, 199.86, 76
2026/09/21 01:10:30.671, 100, 28112, 32623, 200.04, 74
2026/09/21 01:10:31.671, 100, 28112, 32623, 199.98, 74
2026/09/21 01:10:32.672, 100, 28112, 32623, 199.99, 75
2026/09/21 01:10:33.672, 100, 28112, 32623, 200.00, 74
2026/09/21 01:10:34.672, 100, 28112, 32623, 199.99, 75
2026/09/21 01:10:35.673, 100, 28112, 32623, 200.02, 73
2026/09/21 01:10:36.673, 100, 28112, 32623, 199.97, 74
2026/09/21 01:10:37.673, 100, 28112, 32623, 200.02, 75
2026/09/21 01:10:38.673, 100, 28112, 32623, 199.99, 74
2026/09/21 01:10:39.673, 100, 28112, 32623, 200.01, 76
2026/09/21 01:10:40.674, 100, 28112, 32623, 199.97, 76
2026/09/21 01:10:41.674, 100, 28112, 32623, 200.01, 74
2026/09/21 01:10:42.674, 98, 28112, 32623, 199.82, 74
2026/09/21 01:10:43.674, 100, 28112, 32623, 200.20, 76
2026/09/21 01:10:44.674, 100, 28112, 32623, 199.97, 73
2026/09/21 01:10:45.675, 100, 28112, 32623, 200.00, 74
2026/09/21 01:10:46.675, 100, 28112, 32623, 199.99, 76
2026/09/21 01:10:47.675, 100, 28112, 32623, 199.99, 75
2026/09/21 01:10:48.675, 100, 28112, 32623, 200.01, 76
2026/09/21 01:10:49.676, 100, 28112, 32623, 200.07, 76
2026/09/21 01:10:50.676, 100, 28112, 32623, 200.01, 74
2026/09/21 01:10:51.676, 100, 28112, 32623, 199.96, 76
2026/09/21 01:10:52.676, 100, 28112, 32623, 200.23, 74
2026/09/21 01:10:53.677, 100, 28112, 32623, 199.99, 76
2026/09/21 01:10:54.677, 100, 28112, 32623, 199.98, 74
2026/09/21 01:10:55.677, 100, 28112, 32623, 200.00, 76
2026/09/21 01:10:56.678, 100, 28112, 32623, 199.98, 74
2026/09/21 01:10:57.678, 100, 28112, 32623, 200.00, 75
2026/09/21 01:10:58.678, 100, 28112, 32623, 199.99, 75
2026/09/21 01:10:59.678, 100, 28112, 32623, 200.04, 73
2026/09/21 01:11:00.679, 86, 28112, 32623, 198.46, 76
2026/09/21 01:11:01.679, 100, 28112, 32623, 186.56, 74
2026/09/21 01:11:02.679, 100, 28112, 32623, 200.00, 74
2026/09/21 01:11:03.679, 100, 28112, 32623, 200.00, 76
2026/09/21 01:11:04.680, 100, 28112, 32623, 200.00, 76
2026/09/21 01:11:05.680, 100, 28112, 32623, 199.92, 74
2026/09/21 01:11:06.680, 100, 28112, 32623, 200.05, 74
2026/09/21 01:11:07.680, 100, 28112, 32623, 200.00, 74
2026/09/21 01:11:08.681, 100, 28112, 32623, 200.01, 76
2026/09/21 01:11:09.681, 100, 28112, 32623, 199.99, 76
2026/09/21 01:11:10.681, 100, 28112, 32623, 199.97, 74
2026/09/21 01:11:11.682, 100, 28112, 32623, 200.00, 73
2026/09/21 01:11:12.682, 100, 28112, 32623, 199.91, 75
2026/09/21 01:11:13.682, 100, 28112, 32623, 200.08, 75
2026/09/21 01:11:14.682, 100, 28112, 32623, 200.01, 75
2026/09/21 01:11:15.683, 100, 28112, 32623, 199.99, 76
2026/09/21 01:11:16.683, 100, 28112, 32623, 199.98, 75
2026/09/21 01:11:17.683, 100, 28112, 32623, 199.98, 76
2026/09/21 01:11:18.683, 100, 28112, 32623, 200.00, 76
2026/09/21 01:11:19.684, 100, 28112, 32623, 199.97, 75
2026/09/21 01:11:20.684, 100, 28112, 32623, 199.98, 76
2026/09/21 01:11:21.684, 100, 28112, 32623, 199.99, 75
2026/09/21 01:11:22.685, 100, 28112, 32623, 199.99, 76
2026/09/21 01:11:23.685, 100, 28112, 32623, 200.00, 75
2026/09/21 01:11:24.685, 99, 28112, 32623, 199.90, 76
2026/09/21 01:11:25.685, 100, 28112, 32623, 199.98, 74
2026/09/21 01:11:26.686, 100, 28112, 32623, 200.02, 75
2026/09/21 01:11:27.686, 100, 28112, 32623, 200.00, 75
2026/09/21 01:11:28.686, 100, 28112, 32623, 200.01, 76
2026/09/21 01:11:29.686, 99, 28112, 32623, 199.62, 76
2026/09/21 01:11:30.687, 100, 28112, 32623, 200.15, 76
2026/09/21 01:11:31.687, 100, 28112, 32623, 200.00, 74
2026/09/21 01:11:32.687, 100, 28112, 32623, 200.01, 74
2026/09/21 01:11:33.688, 100, 28112, 32623, 200.00, 76
2026/09/21 01:11:34.688, 99, 28112, 32623, 199.92, 76
2026/09/21 01:11:35.688, 100, 28112, 32623, 200.05, 74
2026/09/21 01:11:36.688, 100, 28112, 32623, 200.01, 76
2026/09/21 01:11:37.689, 100, 28112, 32623, 200.00, 76
2026/09/21 01:11:38.689, 100, 28112, 32623, 199.99, 74
2026/09/21 01:11:39.689, 87, 28112, 32623, 82.56, 62
2026/09/21 01:11:42.268, 100, 28112, 32623, 116.70, 73
2026/09/21 01:11:43.268, 100, 28112, 32623, 200.03, 74
2026/09/21 01:11:44.268, 99, 28112, 32623, 199.95, 75
2026/09/21 01:11:45.268, 100, 28112, 32623, 200.06, 72
2026/09/21 01:11:46.269, 100, 28112, 32623, 200.01, 75
2026/09/21 01:11:47.269, 100, 28112, 32623, 199.98, 75
2026/09/21 01:11:48.269, 100, 28112, 32623, 200.00, 74
2026/09/21 01:11:49.269, 100, 28112, 32623, 199.99, 75
2026/09/21 01:11:50.270, 100, 28112, 32623, 199.98, 73
2026/09/21 01:11:51.270, 100, 28112, 32623, 200.00, 75
2026/09/21 01:11:52.270, 100, 28112, 32623, 199.97, 74
2026/09/21 01:11:53.271, 100, 28112, 32623, 200.04, 75
2026/09/21 01:11:54.271, 100, 28112, 32623, 200.01, 74
2026/09/21 01:11:55.271, 100, 28112, 32623, 199.98, 76
2026/09/21 01:11:56.272, 100, 28112, 32623, 200.03, 74
2026/09/21 01:11:57.272, 100, 28112, 32623, 199.95, 76
2026/09/21 01:11:58.272, 100, 28112, 32623, 200.07, 74
2026/09/21 01:11:59.272, 100, 28112, 32623, 200.00, 74
2026/09/21 01:12:00.273, 100, 28112, 32623, 200.00, 76
2026/09/21 01:12:01.273, 100, 28112, 32623, 200.03, 73
2026/09/21 01:12:02.273, 100, 28112, 32623, 199.99, 75
2026/09/21 01:12:03.273, 100, 28112, 32623, 200.01, 74
2026/09/21 01:12:04.274, 100, 28112, 32623, 199.98, 74
2026/09/21 01:12:05.274, 99, 28112, 32623, 199.98, 76
2026/09/21 01:12:06.274, 100, 28112, 32623, 200.05, 75
2026/09/21 01:12:07.274, 100, 28112, 32623, 199.98, 74
2026/09/21 01:12:08.275, 100, 28112, 32623, 199.99, 76
2026/09/21 01:12:09.275, 100, 28112, 32623, 200.02, 76
2026/09/21 01:12:10.275, 100, 28112, 32623, 200.01, 74
2026/09/21 01:12:11.275, 100, 28112, 32623, 200.01, 75
2026/09/21 01:12:12.276, 100, 28112, 32623, 199.99, 76
2026/09/21 01:12:13.276, 100, 28112, 32623, 200.01, 76
2026/09/21 01:12:14.276, 100, 28112, 32623, 186.21, 74
2026/09/21 01:12:15.276, 100, 28112, 32623, 199.99, 75
2026/09/21 01:12:16.277, 100, 28112, 32623, 199.97, 76
2026/09/21 01:12:17.277, 100, 28112, 32623, 200.01, 76
2026/09/21 01:12:18.277, 100, 28112, 32623, 200.01, 76
2026/09/21 01:12:19.278, 92, 28112, 32623, 183.97, 75
2026/09/21 01:12:20.278, 100, 28112, 32623, 201.38, 73
2026/09/21 01:12:21.278, 100, 28112, 32623, 195.26, 75
2026/09/21 01:12:22.279, 100, 28112, 32623, 200.56, 73
2026/09/21 01:12:23.279, 100, 28112, 32623, 196.33, 73
2026/09/21 01:12:24.279, 95, 28112, 32623, 199.07, 72
2026/09/21 01:12:25.279, 95, 28112, 32623, 199.95, 71
2026/09/21 01:12:26.280, 95, 28112, 32623, 199.96, 71
2026/09/21 01:12:27.280, 95, 28112, 32623, 199.97, 71
2026/09/21 01:12:28.280, 95, 28112, 32623, 199.83, 71
2026/09/21 01:12:29.280, 95, 28112, 32623, 199.96, 71
2026/09/21 01:12:30.280, 95, 28112, 32623, 199.99, 73
2026/09/21 01:12:31.281, 94, 28112, 32623, 199.88, 73
2026/09/21 01:12:32.281, 95, 28112, 32623, 200.11, 73
2026/09/21 01:12:33.281, 95, 28112, 32623, 200.02, 73
2026/09/21 01:12:34.281, 0, 28112, 32623, 184.95, 66
2026/09/21 01:12:35.281, 0, 28112, 32623, 80.69, 61
2026/09/21 01:12:36.282, 0, 28112, 32623, 52.61, 59
2026/09/21 01:12:37.282, 0, 28112, 32623, 47.21, 58
2026/09/21 01:12:38.282, 0, 28112, 32623, 41.01, 57
2026/09/21 01:12:39.282, 0, 28112, 32623, 40.60, 56
2026/09/21 01:12:40.283, 0, 28112, 32623, 40.43, 56
2026/09/21 01:12:41.283, 0, 28112, 32623, 39.76, 55
2026/09/21 01:12:42.283, 0, 28112, 32623, 39.67, 55
2026/09/21 01:12:43.283, 0, 28112, 32623, 39.47, 54
2026/09/21 01:12:44.284, 0, 28112, 32623, 38.98, 54
2026/09/21 01:12:45.284, 100, 28112, 32623, 90.74, 65
2026/09/21 01:12:46.284, 100, 28112, 32623, 200.13, 67
2026/09/21 01:12:47.284, 100, 28112, 32623, 167.78, 66
2026/09/21 01:12:48.285, 100, 28112, 32623, 200.61, 68
2026/09/21 01:12:49.285, 100, 28112, 32623, 199.97, 68
2026/09/21 01:12:50.285, 98, 28112, 32623, 200.27, 69
2026/09/21 01:12:51.286, 98, 28112, 32623, 200.01, 70
2026/09/21 01:12:52.286, 97, 28112, 32623, 199.57, 70
2026/09/21 01:12:53.286, 100, 28112, 32623, 200.46, 69
2026/09/21 01:12:54.287, 100, 28112, 32623, 200.02, 70
2026/09/21 01:12:55.287, 100, 28112, 32623, 200.02, 70
2026/09/21 01:12:56.287, 100, 28112, 32623, 200.00, 70
2026/09/21 01:12:57.287, 100, 28112, 32623, 199.97, 70
2026/09/21 01:12:58.288, 100, 28112, 32623, 200.04, 70
2026/09/21 01:12:59.288, 100, 28112, 32623, 199.97, 70
2026/09/21 01:13:00.288, 100, 28112, 32623, 199.97, 70
2026/09/21 01:13:01.288, 98, 28112, 32623, 199.92, 72
2026/09/21 01:13:02.289, 100, 28112, 32623, 200.21, 71
2026/09/21 01:13:03.289, 100, 28112, 32623, 200.01, 71
2026/09/21 01:13:04.289, 100, 28112, 32623, 199.98, 71
2026/09/21 01:13:05.290, 100, 28112, 32623, 199.99, 72
2026/09/21 01:13:06.290, 100, 28112, 32623, 199.97, 71
2026/09/21 01:13:07.290, 98, 28112, 32623, 199.92, 73
2026/09/21 01:13:08.291, 100, 28112, 32623, 200.22, 71
2026/09/21 01:13:09.292, 100, 28112, 32623, 199.99, 71
2026/09/21 01:13:10.292, 100, 28112, 32623, 200.00, 73
2026/09/21 01:13:11.292, 100, 28112, 32623, 200.01, 72
2026/09/21 01:13:12.293, 97, 28112, 32623, 199.48, 73
2026/09/21 01:13:13.293, 100, 28112, 32623, 200.53, 72
2026/09/21 01:13:14.293, 100, 28112, 32623, 199.99, 72
2026/09/21 01:13:15.293, 100, 28112, 32623, 199.99, 72
2026/09/21 01:13:16.294, 98, 28112, 32623, 199.59, 71
2026/09/21 01:13:17.294, 100, 28112, 32623, 200.41, 72
2026/09/21 01:13:18.295, 100, 28112, 32623, 200.00, 72
2026/09/21 01:13:19.295, 100, 28112, 32623, 199.96, 73
2026/09/21 01:13:20.295, 99, 28112, 32623, 199.85, 73
2026/09/21 01:13:21.295, 100, 28112, 32623, 197.29, 73
2026/09/21 01:13:22.296, 100, 28112, 32623, 200.02, 73
2026/09/21 01:13:23.296, 100, 28112, 32623, 199.93, 72
2026/09/21 01:13:24.296, 100, 28112, 32623, 200.05, 74
2026/09/21 01:13:25.296, 100, 28112, 32623, 200.01, 72
2026/09/21 01:13:26.297, 100, 28112, 32623, 193.96, 73
2026/09/21 01:13:27.297, 100, 28112, 32623, 200.36, 74
2026/09/21 01:13:28.297, 100, 28112, 32623, 200.01, 74
2026/09/21 01:13:29.297, 100, 28112, 32623, 199.99, 73
2026/09/21 01:13:30.298, 100, 28112, 32623, 200.00, 73
2026/09/21 01:13:31.298, 100, 28112, 32623, 199.99, 73
2026/09/21 01:13:32.298, 100, 28112, 32623, 200.00, 74
2026/09/21 01:13:33.299, 100, 28112, 32623, 199.99, 74
2026/09/21 01:13:34.299, 100, 28112, 32623, 199.99, 73
2026/09/21 01:13:35.299, 100, 28112, 32623, 199.99, 75
2026/09/21 01:13:36.299, 100, 28112, 32623, 200.02, 73
2026/09/21 01:13:37.300, 100, 28112, 32623, 200.01, 75
2026/09/21 01:13:38.300, 100, 28112, 32623, 199.99, 74
2026/09/21 01:13:39.300, 100, 28112, 32623, 200.03, 73
2026/09/21 01:13:40.301, 100, 28112, 32623, 199.99, 74
2026/09/21 01:13:41.301, 100, 28112, 32623, 199.95, 75
2026/09/21 01:13:42.301, 100, 28112, 32623, 200.06, 73
2026/09/21 01:13:43.301, 100, 28112, 32623, 199.99, 74
2026/09/21 01:13:44.302, 97, 28112, 32623, 199.57, 74
2026/09/21 01:13:45.302, 100, 28112, 32623, 200.01, 74
2026/09/21 01:13:46.302, 100, 28112, 32623, 199.99, 75
2026/09/21 01:13:47.302, 100, 28112, 32623, 199.99, 73
2026/09/21 01:13:48.303, 100, 28112, 32623, 199.99, 74
2026/09/21 01:13:49.303, 100, 28112, 32623, 199.99, 74
2026/09/21 01:13:50.303, 100, 28112, 32623, 200.01, 73
2026/09/21 01:13:51.303, 100, 28112, 32623, 199.99, 75
2026/09/21 01:13:52.304, 100, 28112, 32623, 199.99, 72
2026/09/21 01:13:53.304, 100, 28112, 32623, 200.01, 75
2026/09/21 01:13:54.304, 100, 28112, 32623, 199.94, 73
2026/09/21 01:13:55.305, 100, 28112, 32623, 200.06, 75
2026/09/21 01:13:56.305, 100, 28112, 32623, 200.00, 74
2026/09/21 01:13:57.305, 100, 28112, 32623, 199.98, 75
2026/09/21 01:13:58.305, 100, 28112, 32623, 199.98, 75
2026/09/21 01:13:59.305, 97, 28112, 32623, 199.54, 75
2026/09/21 01:14:00.306, 100, 28112, 32623, 200.49, 74
2026/09/21 01:14:01.306, 100, 28112, 32623, 199.99, 75
2026/09/21 01:14:02.306, 100, 28112, 32623, 200.01, 75
2026/09/21 01:14:03.306, 100, 28112, 32623, 199.99, 75
2026/09/21 01:14:04.306, 100, 28112, 32623, 199.98, 73
2026/09/21 01:14:05.306, 100, 28112, 32623, 200.01, 74
2026/09/21 01:14:06.307, 99, 28112, 32623, 199.84, 75
2026/09/21 01:14:07.307, 100, 28112, 32623, 200.01, 73
2026/09/21 01:14:08.307, 100, 28112, 32623, 199.97, 75
2026/09/21 01:14:09.307, 100, 28112, 32623, 200.02, 75
2026/09/21 01:14:10.308, 100, 28112, 32623, 199.96, 73
2026/09/21 01:14:11.308, 100, 28112, 32623, 200.02, 75
2026/09/21 01:14:12.308, 100, 28112, 32623, 199.89, 75
2026/09/21 01:14:13.308, 100, 28112, 32623, 200.00, 75
2026/09/21 01:14:14.309, 100, 28112, 32623, 199.99, 73
2026/09/21 01:14:15.309, 100, 28112, 32623, 200.00, 73
2026/09/21 01:14:16.309, 100, 28112, 32623, 199.99, 75
2026/09/21 01:14:17.310, 98, 28112, 32623, 199.51, 76
2026/09/21 01:14:18.310, 100, 28112, 32623, 200.00, 75
2026/09/21 01:14:19.310, 100, 28112, 32623, 198.60, 76
2026/09/21 01:14:20.310, 100, 28112, 32623, 203.86, 75
2026/09/21 01:14:21.311, 100, 28112, 32623, 199.94, 75
2026/09/21 01:14:22.311, 100, 28112, 32623, 200.05, 74
2026/09/21 01:14:23.311, 100, 28112, 32623, 200.01, 75
2026/09/21 01:14:24.312, 100, 28112, 32623, 199.98, 74
2026/09/21 01:14:25.312, 100, 28112, 32623, 199.99, 73
2026/09/21 01:14:26.312, 100, 28112, 32623, 200.00, 75
2026/09/21 01:14:27.312, 100, 28112, 32623, 200.01, 75
2026/09/21 01:14:28.313, 100, 28112, 32623, 200.00, 73
2026/09/21 01:14:29.313, 100, 28112, 32623, 199.98, 73
2026/09/21 01:14:30.313, 100, 28112, 32623, 200.00, 75
2026/09/21 01:14:31.314, 100, 28112, 32623, 200.01, 75
2026/09/21 01:14:32.314, 100, 28112, 32623, 200.00, 75
2026/09/21 01:14:33.314, 100, 28112, 32623, 200.00, 75
2026/09/21 01:14:34.316, 100, 28112, 32623, 200.00, 73
2026/09/21 01:14:35.316, 100, 28112, 32623, 200.01, 75
2026/09/21 01:14:36.317, 100, 28112, 32623, 200.00, 73
2026/09/21 01:14:37.317, 100, 28112, 32623, 200.00, 75
2026/09/21 01:14:38.317, 100, 28112, 32623, 200.01, 74
2026/09/21 01:14:39.317, 100, 28112, 32623, 199.98, 75
2026/09/21 01:14:40.317, 100, 28112, 32623, 200.02, 75
2026/09/21 01:14:41.318, 100, 28112, 32623, 199.96, 74
2026/09/21 01:14:42.318, 100, 28112, 32623, 200.01, 75
2026/09/21 01:14:43.318, 100, 28112, 32623, 200.00, 73
2026/09/21 01:14:44.318, 100, 28112, 32623, 199.99, 75
2026/09/21 01:14:45.318, 100, 28112, 32623, 199.99, 73
2026/09/21 01:14:46.319, 100, 28112, 32623, 200.00, 75
2026/09/21 01:14:47.319, 100, 28112, 32623, 199.99, 75
2026/09/21 01:14:48.319, 100, 28112, 32623, 200.02, 75
2026/09/21 01:14:49.319, 100, 28112, 32623, 199.98, 74
2026/09/21 01:14:50.320, 100, 28112, 32623, 200.03, 74
2026/09/21 01:14:51.320, 100, 28112, 32623, 199.96, 74
2026/09/21 01:14:52.320, 100, 28112, 32623, 200.05, 74
2026/09/21 01:14:53.321, 98, 28112, 32623, 199.71, 74
2026/09/21 01:14:54.321, 100, 28112, 32623, 200.17, 73
2026/09/21 01:14:55.321, 99, 28112, 32623, 199.80, 74
2026/09/21 01:14:56.322, 100, 28112, 32623, 200.18, 74
2026/09/21 01:14:57.322, 100, 28112, 32623, 200.00, 75
2026/09/21 01:14:58.322, 100, 28112, 32623, 200.01, 76
2026/09/21 01:14:59.322, 100, 28112, 32623, 199.98, 75
2026/09/21 01:15:00.323, 100, 28112, 32623, 199.98, 75
2026/09/21 01:15:01.323, 100, 28112, 32623, 199.99, 74
2026/09/21 01:15:02.323, 100, 28112, 32623, 199.99, 74
2026/09/21 01:15:03.323, 100, 28373, 32623, 199.94, 76
2026/09/21 01:15:04.325, 100, 28112, 32623, 200.04, 76
2026/09/21 01:15:05.325, 100, 28112, 32623, 200.02, 74
2026/09/21 01:15:06.325, 98, 28112, 32623, 199.71, 74
2026/09/21 01:15:07.326, 100, 28112, 32623, 200.17, 75
2026/09/21 01:15:08.326, 100, 28112, 32623, 199.98, 73
2026/09/21 01:15:09.326, 100, 28112, 32623, 199.99, 74
2026/09/21 01:15:10.326, 100, 28112, 32623, 200.00, 74
2026/09/21 01:15:11.327, 100, 28112, 32623, 199.98, 74
2026/09/21 01:15:12.327, 100, 28112, 32623, 200.01, 75
2026/09/21 01:15:13.327, 100, 28112, 32623, 199.96, 75
2026/09/21 01:15:14.328, 100, 28112, 32623, 200.01, 76
2026/09/21 01:15:15.328, 98, 28112, 32623, 199.80, 74
2026/09/21 01:15:16.328, 100, 28112, 32623, 200.10, 75
2026/09/21 01:15:17.328, 100, 28112, 32623, 200.03, 74
2026/09/21 01:15:18.329, 100, 28112, 32623, 197.97, 75
2026/09/21 01:15:19.329, 100, 28112, 32623, 200.01, 75
2026/09/21 01:15:20.329, 100, 28112, 32623, 200.01, 74
2026/09/21 01:15:21.330, 100, 28112, 32623, 200.00, 75
2026/09/21 01:15:22.330, 100, 28112, 32623, 199.97, 74
2026/09/21 01:15:23.330, 100, 28112, 32623, 200.11, 73
2026/09/21 01:15:24.330, 100, 28112, 32623, 199.99, 73
2026/09/21 01:15:25.331, 100, 28112, 32623, 200.01, 76
2026/09/21 01:15:26.331, 100, 28112, 32623, 200.01, 75
2026/09/21 01:15:27.331, 100, 28112, 32623, 198.21, 73
2026/09/21 01:15:28.332, 100, 28112, 32623, 200.02, 74
2026/09/21 01:15:29.332, 98, 28112, 32623, 199.87, 75
2026/09/21 01:15:30.332, 100, 28112, 32623, 200.07, 75
2026/09/21 01:15:31.333, 100, 28112, 32623, 200.01, 75
2026/09/21 01:15:32.333, 100, 28112, 32623, 200.01, 74
2026/09/21 01:15:33.333, 100, 28112, 32623, 200.01, 76
2026/09/21 01:15:34.334, 100, 28112, 32623, 199.98, 74
2026/09/21 01:15:35.334, 100, 28112, 32623, 200.04, 74
2026/09/21 01:15:36.334, 99, 28112, 32623, 199.91, 76
2026/09/21 01:15:37.334, 100, 28112, 32623, 199.99, 75
2026/09/21 01:15:38.335, 100, 28112, 32623, 199.99, 73
2026/09/21 01:15:39.335, 100, 28112, 32623, 200.00, 75
2026/09/21 01:15:40.335, 100, 28112, 32623, 199.99, 75
2026/09/21 01:15:41.335, 100, 28112, 32623, 199.99, 76
2026/09/21 01:15:42.336, 100, 28112, 32623, 200.03, 75
2026/09/21 01:15:43.336, 100, 28112, 32623, 199.99, 74
2026/09/21 01:15:44.336, 100, 28112, 32623, 199.99, 74
2026/09/21 01:15:45.336, 100, 28112, 32623, 199.99, 73
2026/09/21 01:15:46.337, 100, 28112, 32623, 199.96, 74
2026/09/21 01:15:47.337, 100, 28112, 32623, 200.05, 74
2026/09/21 01:15:48.337, 100, 28112, 32623, 199.98, 76
2026/09/21 01:15:49.337, 100, 28112, 32623, 199.98, 76
2026/09/21 01:15:50.338, 100, 28112, 32623, 199.99, 75
2026/09/21 01:15:51.338, 100, 28112, 32623, 199.94, 76
2026/09/21 01:15:52.338, 100, 28112, 32623, 200.02, 74
2026/09/21 01:15:53.338, 100, 28112, 32623, 200.00, 76
2026/09/21 01:15:54.338, 100, 28112, 32623, 200.00, 76
2026/09/21 01:15:55.339, 100, 28112, 32623, 199.98, 75
2026/09/21 01:15:56.339, 100, 28112, 32623, 199.98, 76
2026/09/21 01:15:57.339, 100, 28112, 32623, 200.04, 74
2026/09/21 01:15:58.339, 100, 28112, 32623, 199.99, 75
2026/09/21 01:15:59.340, 100, 28112, 32623, 199.96, 75
2026/09/21 01:16:00.340, 100, 28112, 32623, 200.03, 74
2026/09/21 01:16:01.340, 100, 28112, 32623, 199.94, 74
2026/09/21 01:16:02.340, 100, 28112, 32623, 200.10, 75
2026/09/21 01:16:03.340, 100, 28112, 32623, 200.03, 76
2026/09/21 01:16:04.341, 100, 28112, 32623, 200.00, 76
2026/09/21 01:16:05.371, 100, 28112, 32623, 199.99, 74
2026/09/21 01:16:06.371, 98, 28112, 32623, 199.76, 74
2026/09/21 01:16:07.371, 100, 28112, 32623, 200.27, 75
2026/09/21 01:16:08.372, 100, 28112, 32623, 200.02, 76
2026/09/21 01:16:09.372, 100, 28112, 32623, 200.01, 75
2026/09/21 01:16:10.372, 100, 28112, 32623, 200.01, 74
2026/09/21 01:16:11.372, 100, 28112, 32623, 200.00, 75
2026/09/21 01:16:12.373, 100, 28112, 32623, 199.97, 73
2026/09/21 01:16:13.373, 100, 28112, 32623, 199.99, 75
2026/09/21 01:16:14.373, 100, 28112, 32623, 199.96, 74
2026/09/21 01:16:15.374, 100, 28112, 32623, 200.09, 75
2026/09/21 01:16:16.374, 100, 28112, 32623, 200.00, 75
2026/09/21 01:16:17.374, 100, 28112, 32623, 199.97, 75
2026/09/21 01:16:18.374, 100, 28112, 32623, 199.98, 76
2026/09/21 01:16:19.374, 99, 28112, 32623, 199.82, 75
2026/09/21 01:16:20.375, 100, 28112, 32623, 200.19, 75
2026/09/21 01:16:21.375, 100, 28112, 32623, 200.02, 75
2026/09/21 01:16:22.375, 100, 28112, 32623, 199.97, 75
2026/09/21 01:16:23.375, 100, 28112, 32623, 200.02, 76
2026/09/21 01:16:24.375, 100, 28112, 32623, 200.02, 76
2026/09/21 01:16:25.376, 100, 28112, 32623, 199.99, 74
2026/09/21 01:16:26.376, 100, 28112, 32623, 200.01, 75
2026/09/21 01:16:27.376, 99, 28112, 32623, 199.78, 76
2026/09/21 01:16:28.376, 100, 28112, 32623, 197.04, 74
2026/09/21 01:16:29.376, 100, 28112, 32623, 200.01, 74
2026/09/21 01:16:30.376, 100, 28112, 32623, 199.95, 75
2026/09/21 01:16:31.377, 100, 28112, 32623, 200.06, 75
2026/09/21 01:16:32.377, 100, 28112, 32623, 200.01, 76
2026/09/21 01:16:33.377, 100, 28112, 32623, 197.51, 74
2026/09/21 01:16:34.377, 100, 28112, 32623, 200.11, 75
2026/09/21 01:16:35.378, 100, 28112, 32623, 195.96, 75
2026/09/21 01:16:36.378, 100, 28112, 32623, 200.01, 75
2026/09/21 01:16:37.378, 100, 28112, 32623, 199.99, 75
2026/09/21 01:16:38.378, 100, 28112, 32623, 197.51, 75
2026/09/21 01:16:39.378, 100, 28112, 32623, 200.02, 75
2026/09/21 01:16:40.379, 100, 28112, 32623, 199.99, 75
2026/09/21 01:16:41.379, 100, 28112, 32623, 197.51, 75
2026/09/21 01:16:42.379, 100, 28112, 32623, 200.03, 75
2026/09/21 01:16:43.379, 98, 28112, 32623, 195.94, 72
2026/09/21 01:16:44.379, 95, 28112, 32623, 198.99, 71
2026/09/21 01:16:45.379, 95, 28112, 32623, 199.93, 71
2026/09/21 01:16:46.380, 95, 28112, 32623, 200.10, 71
2026/09/21 01:16:47.380, 95, 28112, 32623, 199.86, 71
2026/09/21 01:16:48.380, 95, 28112, 32623, 199.97, 73
2026/09/21 01:16:49.380, 95, 28112, 32623, 199.96, 73
2026/09/21 01:16:50.380, 95, 28112, 32623, 199.95, 73
2026/09/21 01:16:51.380, 94, 28112, 32623, 199.83, 73
2026/09/21 01:16:52.381, 96, 28112, 32623, 200.12, 73
2026/09/21 01:16:53.381, 95, 28112, 32623, 199.74, 73
2026/09/21 01:16:54.381, 0, 28112, 32623, 98.80, 61
2026/09/21 01:16:55.381, 100, 28112, 32623, 115.83, 70
2026/09/21 01:16:56.381, 100, 28112, 32623, 200.12, 71
2026/09/21 01:16:57.382, 100, 28112, 32623, 199.99, 71
2026/09/21 01:16:58.382, 100, 28112, 32623, 200.00, 72
2026/09/21 01:16:59.382, 100, 28112, 32623, 199.98, 71
2026/09/21 01:17:00.382, 100, 28112, 32623, 199.99, 72
2026/09/21 01:17:01.383, 100, 28112, 32623, 199.99, 73
2026/09/21 01:17:02.383, 100, 28112, 32623, 200.01, 73
2026/09/21 01:17:03.383, 100, 28112, 32623, 199.95, 73
2026/09/21 01:17:04.384, 100, 28112, 32623, 200.00, 72
2026/09/21 01:17:05.384, 97, 28112, 32623, 199.55, 72
2026/09/21 01:17:06.384, 100, 28112, 32623, 200.00, 72
2026/09/21 01:17:07.384, 100, 28112, 32623, 199.99, 73
2026/09/21 01:17:08.385, 100, 28112, 32623, 200.00, 73
2026/09/21 01:17:09.385, 100, 28112, 32623, 200.02, 74
2026/09/21 01:17:10.385, 100, 28112, 32623, 199.98, 73
2026/09/21 01:17:11.386, 100, 28112, 32623, 200.01, 73
2026/09/21 01:17:12.386, 100, 28112, 32623, 200.00, 73
2026/09/21 01:17:13.386, 100, 28112, 32623, 200.35, 72
2026/09/21 01:17:14.386, 100, 28112, 32623, 199.98, 73
2026/09/21 01:17:15.387, 100, 28112, 32623, 199.99, 73
2026/09/21 01:17:16.387, 100, 28112, 32623, 199.99, 73
2026/09/21 01:17:17.387, 100, 28112, 32623, 199.98, 73
2026/09/21 01:17:18.388, 98, 28112, 32623, 199.54, 73
2026/09/21 01:17:19.388, 100, 28112, 32623, 200.00, 73
2026/09/21 01:17:20.388, 100, 28112, 32623, 199.98, 73
2026/09/21 01:17:21.388, 100, 28112, 32623, 200.02, 74
2026/09/21 01:17:22.389, 100, 28112, 32623, 199.93, 73
2026/09/21 01:17:23.389, 100, 28112, 32623, 200.05, 74
2026/09/21 01:17:24.389, 100, 28112, 32623, 199.97, 74
2026/09/21 01:17:25.389, 100, 28112, 32623, 200.01, 74
2026/09/21 01:17:26.389, 100, 28112, 32623, 199.95, 73
2026/09/21 01:17:27.390, 100, 28112, 32623, 200.01, 74
2026/09/21 01:17:28.390, 100, 28112, 32623, 200.00, 73
2026/09/21 01:17:29.390, 100, 28112, 32623, 200.01, 74
2026/09/21 01:17:30.390, 100, 28112, 32623, 199.96, 73
2026/09/21 01:17:31.390, 100, 28112, 32623, 200.29, 73
2026/09/21 01:17:32.391, 100, 28112, 32623, 199.99, 73
2026/09/21 01:17:33.391, 100, 28112, 32623, 190.96, 75
2026/09/21 01:17:34.391, 100, 28112, 32623, 200.28, 73
2026/09/21 01:17:35.405, 100, 28112, 32623, 200.00, 73
2026/09/21 01:17:36.405, 100, 28112, 32623, 199.98, 73
2026/09/21 01:17:37.405, 99, 28112, 32623, 199.90, 75
2026/09/21 01:17:38.405, 100, 28112, 32623, 200.12, 74
2026/09/21 01:17:39.406, 100, 28112, 32623, 199.99, 73
2026/09/21 01:17:40.406, 98, 28112, 32623, 199.63, 73
2026/09/21 01:17:41.406, 100, 28112, 32623, 200.43, 73
2026/09/21 01:17:42.407, 100, 28112, 32623, 199.99, 75
2026/09/21 01:17:43.407, 97, 28112, 32623, 199.72, 73
2026/09/21 01:17:44.407, 100, 28112, 32623, 200.00, 73
2026/09/21 01:17:45.407, 100, 28112, 32623, 199.98, 73
2026/09/21 01:17:46.408, 98, 28112, 32623, 199.47, 75
2026/09/21 01:17:47.408, 100, 28112, 32623, 199.98, 73
2026/09/21 01:17:48.408, 100, 28112, 32623, 200.00, 75
2026/09/21 01:17:49.409, 100, 28112, 32623, 200.00, 73
2026/09/21 01:17:50.409, 100, 28112, 32623, 199.98, 73
2026/09/21 01:17:51.409, 100, 28112, 32623, 199.99, 73
2026/09/21 01:17:52.410, 100, 28112, 32623, 200.03, 75
2026/09/21 01:17:53.410, 100, 28112, 32623, 199.98, 74
2026/09/21 01:17:54.410, 100, 28112, 32623, 199.94, 73
2026/09/21 01:17:55.410, 100, 28112, 32623, 200.06, 74
2026/09/21 01:17:56.411, 100, 28112, 32623, 199.99, 73
2026/09/21 01:17:57.411, 100, 28112, 32623, 200.01, 73
2026/09/21 01:17:58.411, 100, 28112, 32623, 200.02, 73
2026/09/21 01:17:59.412, 100, 28112, 32623, 199.97, 74
2026/09/21 01:18:00.412, 100, 28112, 32623, 200.01, 74
2026/09/21 01:18:01.412, 100, 28112, 32623, 199.99, 74
2026/09/21 01:18:02.412, 99, 28112, 32623, 199.77, 75
2026/09/21 01:18:03.413, 100, 28112, 32623, 199.98, 73
2026/09/21 01:18:04.413, 100, 28112, 32623, 200.00, 75
2026/09/21 01:18:05.413, 100, 28112, 32623, 200.04, 73
2026/09/21 01:18:06.413, 100, 28112, 32623, 200.01, 73
2026/09/21 01:18:07.414, 100, 28112, 32623, 200.01, 73
2026/09/21 01:18:08.414, 100, 28112, 32623, 199.96, 74
2026/09/21 01:18:09.414, 100, 28112, 32623, 199.96, 74
2026/09/21 01:18:10.415, 100, 28112, 32623, 200.06, 75
2026/09/21 01:18:11.415, 100, 28112, 32623, 200.00, 75
2026/09/21 01:18:12.415, 100, 28112, 32623, 199.99, 74
2026/09/21 01:18:13.416, 100, 28112, 32623, 200.00, 74
2026/09/21 01:18:14.416, 100, 28112, 32623, 199.99, 74
2026/09/21 01:18:15.416, 100, 28112, 32623, 199.98, 73
2026/09/21 01:18:16.416, 100, 28112, 32623, 199.99, 74
2026/09/21 01:18:17.417, 100, 28112, 32623, 200.32, 73
2026/09/21 01:18:18.417, 100, 28112, 32623, 200.00, 75
2026/09/21 01:18:19.417, 100, 28112, 32623, 200.01, 74
2026/09/21 01:18:20.418, 100, 28112, 32623, 199.97, 75
2026/09/21 01:18:21.418, 100, 28112, 32623, 200.01, 75
2026/09/21 01:18:22.418, 100, 28112, 32623, 199.98, 73
2026/09/21 01:18:23.418, 100, 28112, 32623, 199.99, 73
2026/09/21 01:18:24.419, 100, 28112, 32623, 200.01, 75
2026/09/21 01:18:25.419, 56, 28112, 32623, 194.12, 70
2026/09/21 01:18:26.419, 100, 28112, 32623, 189.79, 75
2026/09/21 01:18:27.420, 98, 28112, 32623, 199.64, 73
2026/09/21 01:18:28.420, 100, 28112, 32623, 200.39, 75
2026/09/21 01:18:29.420, 100, 28112, 32623, 199.95, 74
2026/09/21 01:18:30.420, 100, 28112, 32623, 200.05, 75
2026/09/21 01:18:31.421, 100, 28112, 32623, 199.99, 74
2026/09/21 01:18:32.421, 100, 28112, 32623, 200.00, 75
2026/09/21 01:18:33.421, 100, 28112, 32623, 199.98, 76
2026/09/21 01:18:34.422, 100, 28112, 32623, 200.00, 75
2026/09/21 01:18:35.422, 100, 28112, 32623, 199.99, 75
2026/09/21 01:18:36.422, 100, 28112, 32623, 200.00, 74
2026/09/21 01:18:37.422, 100, 28112, 32623, 199.98, 74
2026/09/21 01:18:38.423, 100, 28112, 32623, 200.00, 75
2026/09/21 01:18:39.423, 100, 28112, 32623, 200.01, 74
2026/09/21 01:18:40.423, 100, 28112, 32623, 199.98, 75
2026/09/21 01:18:41.424, 100, 28112, 32623, 200.01, 75
2026/09/21 01:18:42.424, 100, 28112, 32623, 199.98, 74
2026/09/21 01:18:43.424, 100, 28112, 32623, 199.99, 75
2026/09/21 01:18:44.424, 100, 28112, 32623, 199.99, 73
2026/09/21 01:18:45.425, 100, 28112, 32623, 200.01, 74
2026/09/21 01:18:46.425, 100, 28112, 32623, 200.01, 73
2026/09/21 01:18:47.425, 100, 28112, 32623, 199.99, 75
2026/09/21 01:18:48.425, 100, 28112, 32623, 199.99, 73
2026/09/21 01:18:49.425, 100, 28112, 32623, 200.02, 75
2026/09/21 01:18:50.426, 100, 28112, 32623, 199.99, 76
2026/09/21 01:18:51.426, 100, 28112, 32623, 199.99, 74
2026/09/21 01:18:52.426, 100, 28112, 32623, 200.00, 75
2026/09/21 01:18:53.426, 100, 28112, 32623, 199.97, 74
2026/09/21 01:18:54.426, 100, 28112, 32623, 200.00, 74
2026/09/21 01:18:55.427, 100, 28112, 32623, 199.99, 75
2026/09/21 01:18:56.427, 100, 28112, 32623, 200.01, 75
2026/09/21 01:18:57.427, 100, 28112, 32623, 199.98, 76
2026/09/21 01:18:58.427, 100, 28112, 32623, 200.04, 76
2026/09/21 01:18:59.428, 100, 28112, 32623, 199.97, 74
2026/09/21 01:19:00.428, 100, 28112, 32623, 200.02, 74
2026/09/21 01:19:01.428, 100, 28112, 32623, 199.98, 73
2026/09/21 01:19:02.428, 100, 28112, 32623, 200.02, 74
2026/09/21 01:19:03.428, 98, 28112, 32623, 199.90, 74
2026/09/21 01:19:04.429, 100, 28112, 32623, 200.09, 74
2026/09/21 01:19:05.429, 99, 28112, 32623, 199.89, 74
2026/09/21 01:19:06.429, 100, 28112, 32623, 200.11, 74
2026/09/21 01:19:07.429, 100, 28112, 32623, 200.01, 75
2026/09/21 01:19:08.430, 100, 28112, 32623, 199.99, 75
2026/09/21 01:19:09.430, 100, 28112, 32623, 199.99, 75
2026/09/21 01:19:10.430, 100, 28112, 32623, 199.96, 75
2026/09/21 01:19:11.430, 100, 28112, 32623, 200.00, 74
2026/09/21 01:19:12.430, 100, 28112, 32623, 199.99, 74
2026/09/21 01:19:13.431, 100, 28112, 32623, 200.02, 75
2026/09/21 01:19:14.431, 100, 28112, 32623, 199.98, 75
2026/09/21 01:19:15.431, 100, 28112, 32623, 200.04, 74
2026/09/21 01:19:16.431, 98, 28112, 32623, 199.81, 74
2026/09/21 01:19:17.431, 100, 28112, 32623, 200.21, 75
2026/09/21 01:19:18.432, 100, 28112, 32623, 200.00, 74
2026/09/21 01:19:19.432, 100, 28112, 32623, 200.01, 76
2026/09/21 01:19:20.432, 100, 28112, 32623, 199.97, 74
2026/09/21 01:19:21.432, 100, 28112, 32623, 200.00, 74
2026/09/21 01:19:22.433, 100, 28112, 32623, 199.98, 75
2026/09/21 01:19:23.433, 100, 28112, 32623, 199.97, 74
2026/09/21 01:19:24.433, 100, 28112, 32623, 200.02, 75
2026/09/21 01:19:25.433, 98, 28112, 32623, 199.84, 73
2026/09/21 01:19:26.433, 100, 28112, 32623, 200.13, 75
2026/09/21 01:19:27.434, 100, 28112, 32623, 200.00, 76
2026/09/21 01:19:28.434, 100, 28112, 32623, 200.00, 75
2026/09/21 01:19:29.434, 100, 28112, 32623, 200.00, 75
2026/09/21 01:19:30.434, 100, 28112, 32623, 200.00, 74
2026/09/21 01:19:31.434, 100, 28112, 32623, 200.02, 75
2026/09/21 01:19:32.435, 83, 28112, 32623, 185.13, 73
2026/09/21 01:19:33.435, 100, 28112, 32623, 202.02, 73
2026/09/21 01:19:34.435, 100, 28112, 32623, 199.99, 75
2026/09/21 01:19:35.435, 100, 28112, 32623, 199.97, 75
2026/09/21 01:19:36.435, 100, 28112, 32623, 199.99, 74
2026/09/21 01:19:37.436, 100, 28112, 32623, 200.02, 75
2026/09/21 01:19:38.436, 100, 28112, 32623, 199.99, 75
2026/09/21 01:19:39.436, 98, 28112, 32623, 199.82, 74
2026/09/21 01:19:40.436, 100, 28112, 32623, 200.12, 74
2026/09/21 01:19:41.437, 100, 28112, 32623, 199.98, 74
2026/09/21 01:19:42.437, 100, 28112, 32623, 199.99, 75
2026/09/21 01:19:43.437, 100, 28112, 32623, 200.01, 74
2026/09/21 01:19:44.437, 100, 28112, 32623, 200.01, 75
2026/09/21 01:19:45.437, 100, 28112, 32623, 199.99, 75
2026/09/21 01:19:46.438, 99, 28112, 32623, 199.80, 75
2026/09/21 01:19:47.438, 100, 28112, 32623, 199.99, 76
2026/09/21 01:19:48.438, 100, 28112, 32623, 199.99, 75
2026/09/21 01:19:49.438, 100, 28112, 32623, 199.99, 74
2026/09/21 01:19:50.438, 100, 28112, 32623, 200.00, 75
2026/09/21 01:19:51.439, 98, 28112, 32623, 199.90, 74
2026/09/21 01:19:52.439, 100, 28112, 32623, 200.08, 76
2026/09/21 01:19:53.439, 100, 28112, 32623, 200.04, 75
2026/09/21 01:19:54.439, 100, 28112, 32623, 200.02, 75
2026/09/21 01:19:55.439, 100, 28112, 32623, 199.98, 75
2026/09/21 01:19:56.440, 100, 28112, 32623, 199.94, 76
2026/09/21 01:19:57.440, 100, 28112, 32623, 200.07, 75
2026/09/21 01:19:58.440, 100, 28112, 32623, 199.98, 74
2026/09/21 01:19:59.440, 100, 28112, 32623, 200.00, 74
2026/09/21 01:20:00.440, 100, 28112, 32623, 199.99, 74
2026/09/21 01:20:01.441, 100, 28112, 32623, 199.97, 74
2026/09/21 01:20:02.441, 100, 28112, 32623, 200.05, 75
2026/09/21 01:20:03.441, 100, 28112, 32623, 199.99, 73
2026/09/21 01:20:04.441, 100, 28112, 32623, 200.00, 74
2026/09/21 01:20:05.441, 100, 28112, 32623, 199.98, 75
2026/09/21 01:20:06.442, 100, 28112, 32623, 199.95, 76
2026/09/21 01:20:07.442, 100, 28112, 32623, 200.07, 75
2026/09/21 01:20:08.442, 100, 28112, 32623, 199.98, 74
2026/09/21 01:20:09.442, 100, 28112, 32623, 199.99, 76
2026/09/21 01:20:10.442, 100, 28112, 32623, 200.02, 75
2026/09/21 01:20:11.443, 100, 28112, 32623, 199.96, 74
2026/09/21 01:20:12.443, 100, 28112, 32623, 200.04, 76
2026/09/21 01:20:13.443, 100, 28112, 32623, 199.97, 74
2026/09/21 01:20:14.443, 100, 28112, 32623, 200.01, 74
2026/09/21 01:20:15.443, 100, 28112, 32623, 200.01, 75
2026/09/21 01:20:16.443, 99, 28112, 32623, 199.85, 75
2026/09/21 01:20:17.444, 100, 28112, 32623, 200.13, 76
2026/09/21 01:20:18.444, 100, 28112, 32623, 200.00, 74
2026/09/21 01:20:19.444, 100, 28112, 32623, 200.01, 74
2026/09/21 01:20:20.444, 100, 28112, 32623, 200.00, 75
2026/09/21 01:20:21.445, 100, 28112, 32623, 199.82, 76
2026/09/21 01:20:22.445, 100, 28112, 32623, 200.01, 75
2026/09/21 01:20:23.445, 100, 28112, 32623, 200.00, 76
2026/09/21 01:20:24.445, 100, 28112, 32623, 199.98, 75
2026/09/21 01:20:25.445, 100, 28112, 32623, 200.04, 75
2026/09/21 01:20:26.446, 100, 28112, 32623, 199.99, 73
2026/09/21 01:20:27.446, 100, 28112, 32623, 200.03, 76
2026/09/21 01:20:28.446, 100, 28112, 32623, 199.99, 74
2026/09/21 01:20:29.446, 99, 28112, 32623, 199.99, 76
2026/09/21 01:20:30.446, 100, 28112, 32623, 200.03, 74
2026/09/21 01:20:31.447, 100, 28112, 32623, 200.01, 74
2026/09/21 01:20:32.447, 100, 28112, 32623, 200.00, 75
2026/09/21 01:20:33.447, 100, 28112, 32623, 200.05, 74
2026/09/21 01:20:34.447, 100, 28112, 32623, 199.97, 75
2026/09/21 01:20:35.447, 100, 28112, 32623, 200.02, 76
2026/09/21 01:20:36.448, 100, 28112, 32623, 200.01, 74
2026/09/21 01:20:37.448, 100, 28112, 32623, 199.90, 76
2026/09/21 01:20:38.448, 100, 28112, 32623, 199.99, 76
2026/09/21 01:20:39.448, 100, 28112, 32623, 200.02, 76
2026/09/21 01:20:40.448, 100, 28112, 32623, 199.98, 75
2026/09/21 01:20:41.449, 100, 28112, 32623, 200.02, 75
2026/09/21 01:20:42.449, 100, 28112, 32623, 199.97, 75
2026/09/21 01:20:43.449, 100, 28112, 32623, 184.54, 73
2026/09/21 01:20:44.449, 100, 28112, 32623, 200.15, 73
2026/09/21 01:20:45.449, 100, 28112, 32623, 199.99, 75
2026/09/21 01:20:46.450, 100, 28112, 32623, 199.99, 76
2026/09/21 01:20:47.450, 100, 28112, 32623, 200.01, 76
2026/09/21 01:20:48.450, 100, 28112, 32623, 199.80, 76
2026/09/21 01:20:49.450, 100, 28112, 32623, 186.76, 73
2026/09/21 01:20:50.450, 100, 28112, 32623, 194.81, 70
2026/09/21 01:20:51.451, 100, 28112, 32623, 196.09, 73
2026/09/21 01:20:52.451, 85, 28112, 32623, 195.19, 73
2026/09/21 01:20:53.451, 98, 28112, 32623, 200.75, 71
2026/09/21 01:20:54.451, 95, 28112, 32623, 199.33, 71
2026/09/21 01:20:55.451, 95, 28112, 32623, 199.96, 71
2026/09/21 01:20:56.452, 95, 28112, 32623, 199.83, 71
2026/09/21 01:20:57.452, 95, 28112, 32623, 200.02, 71
2026/09/21 01:20:58.452, 95, 28112, 32623, 199.93, 73
2026/09/21 01:20:59.452, 95, 28112, 32623, 199.96, 73
2026/09/21 01:21:00.452, 95, 28112, 32623, 200.08, 73
2026/09/21 01:21:01.452, 95, 28112, 32623, 199.96, 73
2026/09/21 01:21:02.452, 95, 28112, 32623, 199.95, 73
2026/09/21 01:21:03.453, 95, 28112, 32623, 199.97, 73
2026/09/21 01:21:04.453, 0, 28112, 32623, 94.17, 61
2026/09/21 01:21:05.453, 100, 28112, 32623, 116.00, 70
2026/09/21 01:21:06.453, 100, 28112, 32623, 200.17, 71
2026/09/21 01:21:07.454, 100, 28112, 32623, 199.98, 71
2026/09/21 01:21:08.454, 100, 28112, 32623, 200.02, 71
2026/09/21 01:21:09.454, 100, 28112, 32623, 200.00, 72
2026/09/21 01:21:10.455, 100, 28112, 32623, 200.01, 72
2026/09/21 01:21:11.455, 100, 28112, 32623, 199.99, 72
2026/09/21 01:21:12.455, 100, 28112, 32623, 199.99, 72
2026/09/21 01:21:13.455, 100, 28112, 32623, 199.98, 72
2026/09/21 01:21:14.456, 97, 28112, 32623, 200.00, 72
2026/09/21 01:21:15.456, 99, 28112, 32623, 200.06, 73
2026/09/21 01:21:16.456, 100, 28112, 32623, 200.00, 73
2026/09/21 01:21:17.456, 100, 28112, 32623, 199.99, 72
2026/09/21 01:21:18.457, 100, 28112, 32623, 199.98, 72
2026/09/21 01:21:19.457, 100, 28112, 32623, 199.99, 73
2026/09/21 01:21:20.457, 100, 28112, 32623, 200.01, 72
2026/09/21 01:21:21.458, 100, 28112, 32623, 199.98, 73
2026/09/21 01:21:22.458, 100, 28112, 32623, 199.92, 72
2026/09/21 01:21:23.458, 97, 28112, 32623, 199.89, 73
2026/09/21 01:21:24.458, 100, 28112, 32623, 200.02, 73
2026/09/21 01:21:25.459, 100, 28112, 32623, 199.98, 72
2026/09/21 01:21:26.459, 100, 28112, 32623, 200.00, 73
2026/09/21 01:21:27.459, 100, 28112, 32623, 199.99, 72
2026/09/21 01:21:28.460, 98, 28112, 32623, 199.82, 74
2026/09/21 01:21:29.460, 100, 28112, 32623, 200.20, 74
2026/09/21 01:21:30.460, 100, 28112, 32623, 199.99, 73
2026/09/21 01:21:31.460, 100, 28112, 32623, 200.00, 73
2026/09/21 01:21:32.460, 100, 28112, 32623, 199.98, 75
2026/09/21 01:21:33.461, 100, 28112, 32623, 200.05, 73
2026/09/21 01:21:34.461, 100, 28112, 32623, 199.99, 73
2026/09/21 01:21:35.461, 100, 28112, 32623, 200.00, 73
2026/09/21 01:21:36.461, 100, 28112, 32623, 199.99, 73
2026/09/21 01:21:37.462, 100, 28112, 32623, 200.02, 73
2026/09/21 01:21:38.462, 100, 28112, 32623, 200.01, 73
2026/09/21 01:21:39.462, 100, 28112, 32623, 200.00, 73
2026/09/21 01:21:40.462, 100, 28112, 32623, 199.94, 73
2026/09/21 01:21:41.462, 100, 28112, 32623, 200.04, 74
2026/09/21 01:21:42.463, 100, 28112, 32623, 199.98, 73
2026/09/21 01:21:43.463, 100, 28112, 32623, 186.29, 73
2026/09/21 01:21:44.463, 100, 28112, 32623, 200.18, 73
2026/09/21 01:21:45.463, 100, 28112, 32623, 200.02, 74
2026/09/21 01:21:46.463, 100, 28112, 32623, 199.98, 74
2026/09/21 01:21:47.464, 99, 28112, 32623, 199.80, 73
2026/09/21 01:21:48.464, 100, 28112, 32623, 200.20, 74
2026/09/21 01:21:49.464, 100, 28112, 32623, 200.01, 75
2026/09/21 01:21:50.464, 98, 28112, 32623, 199.72, 73
2026/09/21 01:21:51.464, 100, 28112, 32623, 200.30, 73
2026/09/21 01:21:52.465, 100, 28112, 32623, 199.99, 73
2026/09/21 01:21:53.465, 98, 28112, 32623, 199.81, 74
2026/09/21 01:21:54.465, 100, 28112, 32623, 200.21, 74
2026/09/21 01:21:55.465, 100, 28112, 32623, 200.01, 75
2026/09/21 01:21:56.466, 97, 28112, 32623, 199.60, 74
2026/09/21 01:21:57.466, 100, 28112, 32623, 200.44, 75
2026/09/21 01:21:58.466, 100, 28112, 32623, 200.00, 74
2026/09/21 01:21:59.467, 100, 28112, 32623, 199.98, 74
2026/09/21 01:22:00.467, 100, 28112, 32623, 199.98, 75
2026/09/21 01:22:01.467, 100, 28112, 32623, 200.00, 75
2026/09/21 01:22:02.467, 100, 28112, 32623, 200.03, 74
2026/09/21 01:22:03.468, 100, 28112, 32623, 199.99, 75
2026/09/21 01:22:04.468, 100, 28112, 32623, 199.94, 75
2026/09/21 01:22:05.468, 100, 28112, 32623, 200.04, 75
2026/09/21 01:22:06.469, 100, 28112, 32623, 199.99, 75
2026/09/21 01:22:07.469, 99, 28112, 32623, 199.77, 75
2026/09/21 01:22:08.469, 100, 28112, 32623, 199.98, 74
2026/09/21 01:22:09.469, 100, 28112, 32623, 200.01, 75
2026/09/21 01:22:10.470, 100, 28112, 32623, 200.01, 75
2026/09/21 01:22:11.470, 100, 28112, 32623, 199.98, 74
2026/09/21 01:22:12.470, 98, 28112, 32623, 199.86, 75
2026/09/21 01:22:13.471, 100, 28112, 32623, 200.14, 75
2026/09/21 01:22:14.471, 100, 28112, 32623, 199.99, 75
2026/09/21 01:22:15.471, 100, 28112, 32623, 200.02, 75
2026/09/21 01:22:16.472, 100, 28112, 32623, 199.98, 75
2026/09/21 01:22:17.472, 100, 28112, 32623, 200.02, 74
2026/09/21 01:22:18.472, 100, 28112, 32623, 199.99, 75
2026/09/21 01:22:19.472, 100, 28112, 32623, 199.94, 75
2026/09/21 01:22:20.473, 100, 28112, 32623, 200.06, 74
2026/09/21 01:22:21.473, 100, 28112, 32623, 200.01, 73
2026/09/21 01:22:22.473, 100, 28112, 32623, 199.99, 75
2026/09/21 01:22:23.474, 100, 28112, 32623, 199.99, 74
2026/09/21 01:22:24.474, 99, 28112, 32623, 199.79, 75
2026/09/21 01:22:25.474, 100, 28112, 32623, 200.22, 75
2026/09/21 01:22:26.474, 100, 28112, 32623, 199.93, 74
2026/09/21 01:22:27.475, 100, 28112, 32623, 200.18, 75
2026/09/21 01:22:28.475, 100, 28112, 32623, 199.97, 73
2026/09/21 01:22:29.475, 100, 28112, 32623, 200.01, 74
2026/09/21 01:22:30.476, 100, 28112, 32623, 200.02, 74
2026/09/21 01:22:31.476, 100, 28112, 32623, 200.00, 73
2026/09/21 01:22:32.476, 100, 28112, 32623, 199.99, 75
2026/09/21 01:22:33.477, 100, 28112, 32623, 199.98, 75
2026/09/21 01:22:34.477, 100, 28112, 32623, 200.02, 74
2026/09/21 01:22:35.477, 13, 28112, 32623, 188.82, 67
2026/09/21 01:22:36.477, 100, 28112, 32623, 184.26, 74
2026/09/21 01:22:37.478, 98, 28112, 32623, 199.81, 73
2026/09/21 01:22:38.478, 100, 28112, 32623, 200.19, 74
2026/09/21 01:22:39.478, 100, 28112, 32623, 199.94, 75
2026/09/21 01:22:40.479, 100, 28112, 32623, 200.03, 73
2026/09/21 01:22:41.479, 100, 28112, 32623, 199.99, 74
2026/09/21 01:22:42.479, 100, 28112, 32623, 200.05, 74
2026/09/21 01:22:43.479, 100, 28112, 32623, 199.98, 74
2026/09/21 01:22:44.480, 100, 28112, 32623, 200.01, 75
2026/09/21 01:22:45.480, 100, 28112, 32623, 199.99, 74
2026/09/21 01:22:46.480, 100, 28112, 32623, 199.99, 75
2026/09/21 01:22:47.481, 100, 28112, 32623, 200.00, 75
2026/09/21 01:22:48.481, 100, 28112, 32623, 200.00, 74
2026/09/21 01:22:49.481, 100, 28112, 32623, 200.00, 74
2026/09/21 01:22:50.481, 100, 28112, 32623, 199.99, 74
2026/09/21 01:22:51.482, 100, 28112, 32623, 199.99, 74
2026/09/21 01:22:52.482, 100, 28112, 32623, 200.01, 75
2026/09/21 01:22:53.482, 100, 28112, 32623, 199.98, 75
2026/09/21 01:22:54.483, 100, 28112, 32623, 199.99, 75
2026/09/21 01:22:55.483, 100, 28112, 32623, 200.00, 75
2026/09/21 01:22:56.483, 100, 28112, 32623, 200.00, 75
2026/09/21 01:22:57.483, 100, 28112, 32623, 199.98, 75
2026/09/21 01:22:58.484, 100, 28112, 32623, 200.02, 75
2026/09/21 01:22:59.484, 100, 28112, 32623, 199.97, 73
2026/09/21 01:23:00.484, 100, 28112, 32623, 200.00, 74
2026/09/21 01:23:01.486, 100, 28112, 32623, 200.02, 74
2026/09/21 01:23:02.486, 100, 28112, 32623, 199.98, 73
2026/09/21 01:23:03.486, 100, 28112, 32623, 200.00, 75
2026/09/21 01:23:04.487, 100, 28112, 32623, 199.99, 75
2026/09/21 01:23:05.487, 100, 28112, 32623, 200.02, 74
2026/09/21 01:23:06.487, 100, 28112, 32623, 199.98, 74
2026/09/21 01:23:07.488, 100, 28112, 32623, 200.00, 75
2026/09/21 01:23:08.488, 100, 28112, 32623, 200.01, 74
2026/09/21 01:23:09.488, 100, 28112, 32623, 199.98, 75
2026/09/21 01:23:10.488, 100, 28112, 32623, 200.02, 75
2026/09/21 01:23:11.489, 100, 28112, 32623, 199.98, 75
2026/09/21 01:23:12.489, 100, 28112, 32623, 200.04, 75
2026/09/21 01:23:13.489, 100, 28112, 32623, 199.96, 75
2026/09/21 01:23:14.489, 100, 28112, 32623, 200.25, 75
2026/09/21 01:23:15.490, 97, 28112, 32623, 199.57, 76
2026/09/21 01:23:16.490, 100, 28112, 32623, 200.42, 75
2026/09/21 01:23:17.490, 100, 28112, 32623, 199.99, 73
2026/09/21 01:23:18.490, 100, 28112, 32623, 199.99, 74
2026/09/21 01:23:19.491, 100, 28112, 32623, 200.01, 74
2026/09/21 01:23:20.491, 100, 28112, 32623, 199.99, 73
2026/09/21 01:23:21.491, 100, 28112, 32623, 199.98, 75
2026/09/21 01:23:22.492, 100, 28112, 32623, 199.99, 75
2026/09/21 01:23:23.492, 100, 28112, 32623, 199.99, 73
2026/09/21 01:23:24.492, 100, 28112, 32623, 199.99, 73
2026/09/21 01:23:25.492, 100, 28112, 32623, 200.04, 75
2026/09/21 01:23:26.493, 100, 28112, 32623, 199.94, 75
2026/09/21 01:23:27.493, 100, 28112, 32623, 200.42, 73
2026/09/21 01:23:28.493, 100, 28112, 32623, 199.97, 75
2026/09/21 01:23:29.493, 100, 28112, 32623, 199.99, 75
2026/09/21 01:23:30.494, 100, 28112, 32623, 200.02, 75
2026/09/21 01:23:31.494, 100, 28112, 32623, 199.97, 75
2026/09/21 01:23:32.494, 100, 28112, 32623, 200.03, 73
2026/09/21 01:23:33.495, 100, 28112, 32623, 200.01, 75
2026/09/21 01:23:34.495, 100, 28112, 32623, 199.98, 74
2026/09/21 01:23:35.495, 100, 28112, 32623, 199.98, 76
2026/09/21 01:23:36.496, 100, 28112, 32623, 200.32, 74
2026/09/21 01:23:37.496, 100, 28112, 32623, 200.01, 74
2026/09/21 01:23:38.496, 100, 28112, 32623, 200.02, 73
2026/09/21 01:23:39.497, 100, 28112, 32623, 199.99, 73
2026/09/21 01:23:40.497, 100, 28112, 32623, 200.02, 76
2026/09/21 01:23:41.497, 100, 28112, 32623, 199.98, 74
2026/09/21 01:23:42.497, 100, 28112, 32623, 186.19, 76
2026/09/21 01:23:43.498, 100, 28112, 32623, 204.76, 75
2026/09/21 01:23:44.498, 100, 28112, 32623, 199.98, 74
2026/09/21 01:23:45.498, 100, 28112, 32623, 200.00, 75
2026/09/21 01:23:46.498, 100, 28112, 32623, 200.01, 75
2026/09/21 01:23:47.499, 100, 28112, 32623, 200.00, 74
2026/09/21 01:23:48.499, 100, 28112, 32623, 200.01, 74
2026/09/21 01:23:49.499, 99, 28112, 32623, 199.87, 75
2026/09/21 01:23:50.499, 100, 28112, 32623, 200.12, 75
2026/09/21 01:23:51.500, 100, 28112, 32623, 199.99, 75
2026/09/21 01:23:52.500, 100, 28112, 32623, 199.99, 75
2026/09/21 01:23:53.500, 100, 28112, 32623, 199.99, 75
2026/09/21 01:23:54.501, 100, 28112, 32623, 199.99, 73
2026/09/21 01:23:55.501, 100, 28112, 32623, 200.05, 74
2026/09/21 01:23:56.501, 99, 28112, 32623, 199.78, 75
2026/09/21 01:23:57.502, 100, 28112, 32623, 200.00, 74
2026/09/21 01:23:58.502, 100, 28112, 32623, 200.00, 72
2026/09/21 01:23:59.502, 100, 28112, 32623, 199.99, 75
2026/09/21 01:24:00.502, 100, 28112, 32623, 200.01, 73
2026/09/21 01:24:01.503, 100, 28112, 32623, 199.96, 76
2026/09/21 01:24:02.503, 100, 28112, 32623, 200.37, 74
2026/09/21 01:24:03.503, 100, 28112, 32623, 200.01, 73
2026/09/21 01:24:04.503, 100, 28112, 32623, 200.01, 74
2026/09/21 01:24:05.504, 100, 28112, 32623, 200.01, 74
2026/09/21 01:24:06.504, 100, 28112, 32623, 199.93, 74
2026/09/21 01:24:07.504, 100, 28112, 32623, 200.08, 75
2026/09/21 01:24:08.504, 100, 28112, 32623, 200.00, 75
2026/09/21 01:24:09.505, 100, 28112, 32623, 200.00, 75
2026/09/21 01:24:10.505, 100, 28112, 32623, 199.99, 75
2026/09/21 01:24:11.505, 100, 28112, 32623, 199.96, 75
2026/09/21 01:24:12.506, 100, 28112, 32623, 200.04, 74
2026/09/21 01:24:13.506, 100, 28112, 32623, 199.99, 75
2026/09/21 01:24:14.506, 100, 28112, 32623, 199.98, 75
2026/09/21 01:24:15.506, 100, 28112, 32623, 199.98, 74
2026/09/21 01:24:16.507, 100, 28112, 32623, 199.96, 73
2026/09/21 01:24:17.507, 100, 28112, 32623, 200.05, 75
2026/09/21 01:24:18.507, 100, 28112, 32623, 199.97, 75
2026/09/21 01:24:19.508, 100, 28112, 32623, 199.99, 73
2026/09/21 01:24:20.508, 100, 28112, 32623, 200.01, 75
2026/09/21 01:24:21.508, 100, 28112, 32623, 199.94, 76
2026/09/21 01:24:22.508, 100, 28112, 32623, 200.24, 73
2026/09/21 01:24:23.509, 100, 28112, 32623, 200.00, 75
2026/09/21 01:24:24.509, 100, 28112, 32623, 199.99, 75
2026/09/21 01:24:25.509, 100, 28112, 32623, 200.01, 74
2026/09/21 01:24:26.509, 98, 28112, 32623, 199.86, 76
2026/09/21 01:24:27.510, 100, 28112, 32623, 200.14, 73
2026/09/21 01:24:28.510, 100, 28112, 32623, 199.99, 75
2026/09/21 01:24:29.510, 100, 28112, 32623, 200.00, 75
2026/09/21 01:24:30.511, 100, 28112, 32623, 200.01, 76
2026/09/21 01:24:31.511, 100, 28112, 32623, 199.98, 74
2026/09/21 01:24:32.511, 100, 28112, 32623, 200.01, 75
2026/09/21 01:24:33.511, 100, 28112, 32623, 199.96, 73
2026/09/21 01:24:34.512, 100, 28112, 32623, 199.98, 75
2026/09/21 01:24:35.512, 100, 28112, 32623, 200.20, 73
2026/09/21 01:24:36.512, 100, 28112, 32623, 199.98, 75
2026/09/21 01:24:37.512, 100, 28112, 32623, 200.00, 74
2026/09/21 01:24:38.512, 100, 28112, 32623, 200.00, 75
2026/09/21 01:24:39.513, 100, 28112, 32623, 200.01, 76
2026/09/21 01:24:40.513, 100, 28112, 32623, 199.97, 75
2026/09/21 01:24:41.513, 100, 28112, 32623, 200.02, 75
2026/09/21 01:24:42.513, 100, 28112, 32623, 199.94, 74
2026/09/21 01:24:43.513, 100, 28112, 32623, 200.03, 75
2026/09/21 01:24:44.514, 100, 28112, 32623, 199.98, 75
2026/09/21 01:24:45.514, 100, 28112, 32623, 199.99, 73
2026/09/21 01:24:46.514, 100, 28112, 32623, 199.99, 75
2026/09/21 01:24:47.514, 100, 28112, 32623, 199.98, 75
2026/09/21 01:24:48.514, 100, 28112, 32623, 200.01, 73
2026/09/21 01:24:49.515, 100, 28112, 32623, 199.99, 73
2026/09/21 01:24:50.515, 100, 28112, 32623, 199.98, 76
2026/09/21 01:24:51.515, 100, 28112, 32623, 200.37, 76
2026/09/21 01:24:52.515, 100, 28112, 32623, 200.01, 74
2026/09/21 01:24:53.515, 100, 28112, 32623, 187.57, 75
2026/09/21 01:24:54.516, 100, 28112, 32623, 200.13, 75
2026/09/21 01:24:55.516, 100, 28112, 32623, 200.03, 75
2026/09/21 01:24:56.516, 100, 28112, 32623, 199.99, 73
2026/09/21 01:24:57.516, 100, 28112, 32623, 199.99, 73
2026/09/21 01:24:58.517, 100, 28112, 32623, 199.99, 74
2026/09/21 01:24:59.517, 100, 28112, 32623, 185.43, 73
2026/09/21 01:25:00.517, 99, 28112, 32623, 199.87, 75
2026/09/21 01:25:01.517, 100, 28112, 32623, 196.10, 73
2026/09/21 01:25:02.517, 86, 28112, 32623, 193.90, 74
2026/09/21 01:25:03.518, 98, 28112, 32623, 202.07, 72
2026/09/21 01:25:04.518, 95, 28112, 32623, 199.25, 71
2026/09/21 01:25:05.518, 95, 28112, 32623, 199.99, 71
2026/09/21 01:25:06.518, 95, 28112, 32623, 200.00, 71
2026/09/21 01:25:07.518, 95, 28112, 32623, 199.99, 71
2026/09/21 01:25:08.518, 95, 28112, 32623, 199.99, 71
2026/09/21 01:25:09.519, 95, 28112, 32623, 200.01, 71
2026/09/21 01:25:10.519, 95, 28112, 32623, 199.96, 71
2026/09/21 01:25:11.519, 95, 28112, 32623, 200.01, 71
2026/09/21 01:25:12.519, 95, 28112, 32623, 199.96, 71
2026/09/21 01:25:13.519, 95, 28112, 32623, 199.98, 71
2026/09/21 01:25:14.520, 0, 28112, 32623, 106.14, 62
2026/09/21 01:25:15.520, 100, 28112, 32623, 103.16, 70
2026/09/21 01:25:16.520, 100, 28112, 32623, 200.20, 70
2026/09/21 01:25:17.521, 100, 28112, 32623, 200.01, 71
2026/09/21 01:25:18.521, 100, 28112, 32623, 200.00, 71
2026/09/21 01:25:19.521, 100, 28112, 32623, 199.98, 72
2026/09/21 01:25:20.521, 100, 28112, 32623, 200.01, 72
2026/09/21 01:25:21.522, 100, 28112, 32623, 199.99, 73
2026/09/21 01:25:22.522, 100, 28112, 32623, 200.00, 72
2026/09/21 01:25:23.522, 100, 28112, 32623, 199.99, 73
2026/09/21 01:25:24.523, 97, 28112, 32623, 199.65, 72
2026/09/21 01:25:25.523, 100, 28112, 32623, 199.98, 72
2026/09/21 01:25:26.523, 100, 28112, 32623, 199.99, 73
2026/09/21 01:25:27.524, 100, 28112, 32623, 200.01, 72
2026/09/21 01:25:28.524, 100, 28112, 32623, 200.01, 73
2026/09/21 01:25:29.524, 100, 28112, 32623, 200.00, 73
2026/09/21 01:25:30.525, 100, 28112, 32623, 199.99, 74
2026/09/21 01:25:31.525, 100, 28112, 32623, 199.99, 73
2026/09/21 01:25:32.525, 98, 28112, 32623, 199.91, 74
2026/09/21 01:25:33.526, 100, 28112, 32623, 200.22, 73
2026/09/21 01:25:34.526, 100, 28112, 32623, 200.00, 74
2026/09/21 01:25:35.526, 100, 28112, 32623, 199.99, 74
2026/09/21 01:25:36.526, 100, 28112, 32623, 200.00, 74
2026/09/21 01:25:37.527, 100, 28112, 32623, 199.97, 74
2026/09/21 01:25:38.527, 99, 28112, 32623, 200.03, 74
2026/09/21 01:25:39.527, 100, 28112, 32623, 199.98, 73
2026/09/21 01:25:40.528, 100, 28112, 32623, 199.99, 74
2026/09/21 01:25:41.528, 100, 28112, 32623, 199.99, 72
2026/09/21 01:25:42.528, 100, 28112, 32623, 199.96, 73
2026/09/21 01:25:43.529, 100, 28112, 32623, 200.04, 73
2026/09/21 01:25:44.529, 100, 28112, 32623, 200.00, 73
2026/09/21 01:25:45.529, 100, 28112, 32623, 200.00, 73
2026/09/21 01:25:46.530, 100, 28112, 32623, 199.92, 74
2026/09/21 01:25:47.530, 100, 28112, 32623, 200.08, 73
2026/09/21 01:25:48.530, 100, 28112, 32623, 200.00, 75
2026/09/21 01:25:49.531, 100, 28112, 32623, 199.99, 73
2026/09/21 01:25:50.531, 100, 28112, 32623, 199.98, 74
2026/09/21 01:25:51.531, 100, 28112, 32623, 200.02, 75
2026/09/21 01:25:52.532, 100, 28112, 32623, 200.00, 74
2026/09/21 01:25:53.532, 100, 28112, 32623, 188.43, 73
2026/09/21 01:25:54.532, 100, 28112, 32623, 200.62, 75
2026/09/21 01:25:55.533, 100, 28112, 32623, 200.00, 75
2026/09/21 01:25:56.533, 100, 28112, 32623, 199.99, 74
2026/09/21 01:25:57.533, 100, 28112, 32623, 200.01, 73
2026/09/21 01:25:58.534, 100, 28112, 32623, 199.99, 74
2026/09/21 01:25:59.534, 100, 28112, 32623, 200.01, 74
2026/09/21 01:26:00.534, 99, 28112, 32623, 199.80, 73
2026/09/21 01:26:01.534, 100, 28112, 32623, 200.19, 75
2026/09/21 01:26:02.535, 100, 28112, 32623, 199.99, 73
2026/09/21 01:26:03.535, 97, 28112, 32623, 199.81, 75
2026/09/21 01:26:04.535, 100, 28112, 32623, 200.19, 75
2026/09/21 01:26:05.535, 100, 28112, 32623, 200.00, 74
2026/09/21 01:26:06.536, 99, 28112, 32623, 199.87, 75
2026/09/21 01:26:07.536, 100, 28112, 32623, 199.99, 73
2026/09/21 01:26:08.536, 100, 28112, 32623, 200.00, 73
2026/09/21 01:26:09.536, 100, 28112, 32623, 199.99, 75
2026/09/21 01:26:10.537, 100, 28112, 32623, 200.00, 75
2026/09/21 01:26:11.537, 100, 28112, 32623, 199.99, 75
2026/09/21 01:26:12.537, 100, 28112, 32623, 200.01, 74
2026/09/21 01:26:13.538, 100, 28112, 32623, 199.98, 74
2026/09/21 01:26:14.538, 100, 28112, 32623, 199.98, 74
2026/09/21 01:26:15.538, 100, 28112, 32623, 200.42, 73
2026/09/21 01:26:16.539, 100, 28112, 32623, 199.99, 75
2026/09/21 01:26:17.539, 100, 28112, 32623, 200.00, 74
2026/09/21 01:26:18.539, 100, 28112, 32623, 199.97, 75
2026/09/21 01:26:19.540, 100, 28112, 32623, 199.98, 73
2026/09/21 01:26:20.540, 100, 28112, 32623, 200.03, 74
2026/09/21 01:26:21.540, 100, 28112, 32623, 199.98, 75
2026/09/21 01:26:22.540, 100, 28112, 32623, 199.99, 74
2026/09/21 01:26:23.541, 100, 28112, 32623, 200.02, 75
2026/09/21 01:26:24.541, 100, 28112, 32623, 199.96, 73
2026/09/21 01:26:25.541, 100, 28112, 32623, 200.03, 75
2026/09/21 01:26:26.542, 100, 28112, 32623, 200.00, 74
2026/09/21 01:26:27.542, 100, 28112, 32623, 199.99, 75
2026/09/21 01:26:28.542, 100, 28112, 32623, 199.99, 75
2026/09/21 01:26:29.543, 100, 28112, 32623, 199.95, 76
2026/09/21 01:26:30.543, 100, 28112, 32623, 200.02, 73
2026/09/21 01:26:31.543, 100, 28112, 32623, 199.98, 74
2026/09/21 01:26:32.544, 100, 28112, 32623, 200.02, 75
2026/09/21 01:26:33.544, 100, 28112, 32623, 200.00, 75
2026/09/21 01:26:34.544, 100, 28112, 32623, 199.98, 74
2026/09/21 01:26:35.545, 100, 28112, 32623, 200.01, 75
2026/09/21 01:26:36.545, 98, 28112, 32623, 199.88, 75
2026/09/21 01:26:37.545, 100, 28112, 32623, 200.13, 75
2026/09/21 01:26:38.546, 100, 28112, 32623, 199.99, 75
2026/09/21 01:26:39.546, 100, 28112, 32623, 200.02, 75
2026/09/21 01:26:40.546, 100, 28112, 32623, 199.99, 73
2026/09/21 01:26:41.547, 100, 28112, 32623, 199.99, 73
2026/09/21 01:26:42.547, 100, 28112, 32623, 200.01, 75
2026/09/21 01:26:43.547, 100, 28112, 32623, 199.99, 75
2026/09/21 01:26:44.548, 100, 28112, 32623, 199.97, 74
2026/09/21 01:26:45.548, 97, 28112, 32623, 199.88, 76
2026/09/21 01:26:46.548, 100, 28112, 32623, 186.24, 75
2026/09/21 01:26:47.549, 98, 28112, 32623, 199.55, 76
2026/09/21 01:26:48.549, 100, 28112, 32623, 200.50, 75
2026/09/21 01:26:49.549, 100, 28112, 32623, 199.97, 74
2026/09/21 01:26:50.550, 100, 28112, 32623, 200.03, 75
2026/09/21 01:26:51.550, 100, 28112, 32623, 199.98, 75
2026/09/21 01:26:52.550, 100, 28112, 32623, 200.01, 75
2026/09/21 01:26:53.551, 100, 28112, 32623, 200.00, 75
2026/09/21 01:26:54.551, 100, 28112, 32623, 199.99, 73
2026/09/21 01:26:55.551, 100, 28112, 32623, 199.99, 74
2026/09/21 01:26:56.552, 100, 28112, 32623, 200.01, 74
2026/09/21 01:26:57.552, 100, 28112, 32623, 199.99, 74
2026/09/21 01:26:58.552, 100, 28112, 32623, 199.98, 75
2026/09/21 01:26:59.553, 100, 28112, 32623, 200.01, 74
2026/09/21 01:27:00.553, 100, 28112, 32623, 200.01, 75
2026/09/21 01:27:01.553, 100, 28112, 32623, 199.99, 76
2026/09/21 01:27:02.554, 100, 28112, 32623, 200.00, 74
2026/09/21 01:27:03.554, 100, 28112, 32623, 200.01, 75
2026/09/21 01:27:04.554, 100, 28112, 32623, 199.97, 73
2026/09/21 01:27:05.555, 100, 28112, 32623, 200.01, 74
2026/09/21 01:27:06.555, 100, 28112, 32623, 199.98, 73
2026/09/21 01:27:07.555, 100, 28112, 32623, 200.01, 75
2026/09/21 01:27:08.556, 100, 28112, 32623, 199.99, 73
2026/09/21 01:27:09.556, 100, 28112, 32623, 200.01, 76
2026/09/21 01:27:10.556, 100, 28112, 32623, 200.00, 75
2026/09/21 01:27:11.556, 100, 28112, 32623, 199.98, 75
2026/09/21 01:27:12.557, 100, 28112, 32623, 200.00, 75
2026/09/21 01:27:13.557, 100, 28112, 32623, 200.01, 74
2026/09/21 01:27:14.557, 100, 28112, 32623, 199.99, 74
2026/09/21 01:27:15.558, 100, 28112, 32623, 200.00, 75
2026/09/21 01:27:16.558, 100, 28112, 32623, 200.00, 75
2026/09/21 01:27:17.558, 100, 28112, 32623, 200.02, 75
2026/09/21 01:27:18.558, 100, 28112, 32623, 199.99, 76
2026/09/21 01:27:19.559, 100, 28112, 32623, 199.99, 74
2026/09/21 01:27:20.559, 100, 28112, 32623, 200.05, 74
2026/09/21 01:27:21.559, 100, 28112, 32623, 199.96, 73
2026/09/21 01:27:22.560, 100, 28112, 32623, 200.07, 74
2026/09/21 01:27:23.560, 98, 28112, 32623, 199.82, 74
2026/09/21 01:27:24.560, 100, 28112, 32623, 200.20, 74
2026/09/21 01:27:25.561, 100, 28112, 32623, 199.81, 73
2026/09/21 01:27:26.561, 100, 28112, 32623, 199.97, 74
2026/09/21 01:27:27.561, 100, 28112, 32623, 200.01, 76
2026/09/21 01:27:28.562, 100, 28112, 32623, 200.00, 75
2026/09/21 01:27:29.562, 100, 28112, 32623, 199.97, 75
2026/09/21 01:27:30.562, 100, 28112, 32623, 199.98, 76
2026/09/21 01:27:31.562, 100, 28112, 32623, 199.99, 74
2026/09/21 01:27:32.563, 100, 28112, 32623, 199.99, 73
2026/09/21 01:27:33.563, 100, 28112, 32623, 200.01, 76
2026/09/21 01:27:34.563, 100, 28112, 32623, 200.00, 76
2026/09/21 01:27:35.564, 100, 28112, 32623, 199.99, 74
2026/09/21 01:27:36.564, 98, 28112, 32623, 199.73, 74
2026/09/21 01:27:37.564, 100, 28112, 32623, 200.16, 76
2026/09/21 01:27:38.564, 100, 28112, 32623, 199.99, 73
2026/09/21 01:27:39.565, 100, 28112, 32623, 200.03, 74
2026/09/21 01:27:40.565, 100, 28112, 32623, 200.01, 75
2026/09/21 01:27:41.565, 100, 28112, 32623, 199.98, 74
2026/09/21 01:27:42.566, 100, 28112, 32623, 200.01, 75
2026/09/21 01:27:43.566, 100, 28112, 32623, 199.99, 74
2026/09/21 01:27:44.566, 100, 28112, 32623, 200.01, 75
2026/09/21 01:27:45.567, 98, 28112, 32623, 199.82, 74
2026/09/21 01:27:46.567, 100, 28112, 32623, 200.09, 76
2026/09/21 01:27:47.567, 100, 28112, 32623, 200.02, 74
2026/09/21 01:27:48.567, 100, 28112, 32623, 200.00, 75
2026/09/21 01:27:49.568, 100, 28112, 32623, 200.00, 76
2026/09/21 01:27:50.568, 100, 28112, 32623, 199.97, 75
2026/09/21 01:27:51.568, 100, 28112, 32623, 200.00, 75
2026/09/21 01:27:52.569, 56, 28112, 32623, 181.33, 71
2026/09/21 01:27:53.569, 100, 28112, 32623, 203.37, 75
2026/09/21 01:27:54.569, 100, 28112, 32623, 199.99, 75
2026/09/21 01:27:55.569, 100, 28112, 32623, 200.03, 74
2026/09/21 01:27:56.570, 100, 28112, 32623, 200.02, 73
2026/09/21 01:27:57.570, 100, 28112, 32623, 199.99, 75
2026/09/21 01:27:58.570, 100, 28112, 32623, 200.00, 75
2026/09/21 01:27:59.571, 98, 28112, 32623, 199.61, 74
2026/09/21 01:28:00.571, 100, 28112, 32623, 200.39, 73
2026/09/21 01:28:01.571, 100, 28112, 32623, 199.99, 73
2026/09/21 01:28:02.571, 100, 28112, 32623, 200.00, 75
2026/09/21 01:28:03.572, 100, 28112, 32623, 199.97, 75
2026/09/21 01:28:04.572, 100, 28112, 32623, 199.99, 76
2026/09/21 01:28:05.572, 100, 28112, 32623, 200.07, 76
2026/09/21 01:28:06.573, 100, 28112, 32623, 199.99, 76
2026/09/21 01:28:07.573, 100, 28112, 32623, 200.00, 74
2026/09/21 01:28:08.573, 100, 28112, 32623, 199.92, 76
2026/09/21 01:28:09.573, 100, 28112, 32623, 200.08, 75
2026/09/21 01:28:10.574, 100, 28112, 32623, 200.00, 75
2026/09/21 01:28:11.574, 100, 28112, 32623, 200.01, 75
2026/09/21 01:28:12.574, 100, 28112, 32623, 199.99, 75
2026/09/21 01:28:13.575, 100, 28112, 32623, 199.97, 76
2026/09/21 01:28:14.575, 100, 28112, 32623, 200.03, 75
2026/09/21 01:28:15.575, 100, 28112, 32623, 200.01, 74
2026/09/21 01:28:16.575, 100, 28112, 32623, 200.00, 74
2026/09/21 01:28:17.576, 100, 28112, 32623, 200.02, 74
2026/09/21 01:28:18.576, 100, 28112, 32623, 199.96, 74
2026/09/21 01:28:19.576, 100, 28112, 32623, 200.15, 76
2026/09/21 01:28:20.576, 100, 28112, 32623, 200.01, 75
2026/09/21 01:28:21.577, 100, 28112, 32623, 199.99, 75
2026/09/21 01:28:22.577, 100, 28112, 32623, 199.99, 74
2026/09/21 01:28:23.577, 100, 28112, 32623, 199.97, 74
2026/09/21 01:28:24.578, 100, 28112, 32623, 200.09, 76
2026/09/21 01:28:25.578, 100, 28112, 32623, 199.99, 75
2026/09/21 01:28:26.578, 100, 28112, 32623, 199.99, 74
2026/09/21 01:28:27.578, 100, 28112, 32623, 200.01, 76
2026/09/21 01:28:28.579, 100, 28112, 32623, 199.96, 76
2026/09/21 01:28:29.579, 100, 28112, 32623, 200.03, 74
2026/09/21 01:28:30.579, 100, 28112, 32623, 200.02, 75
2026/09/21 01:28:31.579, 100, 28112, 32623, 200.00, 76
2026/09/21 01:28:32.580, 100, 28112, 32623, 199.99, 73
2026/09/21 01:28:33.580, 98, 28112, 32623, 199.65, 74
2026/09/21 01:28:34.580, 100, 28112, 32623, 200.15, 75
2026/09/21 01:28:35.581, 100, 28112, 32623, 200.03, 74
2026/09/21 01:28:36.581, 100, 28112, 32623, 200.01, 76
2026/09/21 01:28:37.581, 100, 28112, 32623, 199.99, 73
2026/09/21 01:28:38.582, 100, 28112, 32623, 200.00, 75
2026/09/21 01:28:39.582, 100, 28112, 32623, 200.00, 75
2026/09/21 01:28:40.582, 100, 28112, 32623, 200.00, 76
2026/09/21 01:28:41.582, 100, 28112, 32623, 199.96, 75
2026/09/21 01:28:42.583, 100, 28112, 32623, 200.05, 76
2026/09/21 01:28:43.583, 100, 28112, 32623, 199.96, 74
2026/09/21 01:28:44.583, 100, 28112, 32623, 199.99, 76
2026/09/21 01:28:45.584, 100, 28112, 32623, 200.01, 74
2026/09/21 01:28:46.584, 98, 28112, 32623, 199.59, 76
2026/09/21 01:28:47.584, 100, 28112, 32623, 200.43, 74
2026/09/21 01:28:48.585, 100, 28112, 32623, 200.01, 75
2026/09/21 01:28:49.585, 100, 28112, 32623, 200.00, 74
2026/09/21 01:28:50.585, 100, 28112, 32623, 200.01, 74
2026/09/21 01:28:51.585, 100, 28112, 32623, 200.00, 75
2026/09/21 01:28:52.586, 100, 28112, 32623, 200.03, 73
2026/09/21 01:28:53.586, 100, 28112, 32623, 199.98, 75
2026/09/21 01:28:54.586, 98, 28112, 32623, 199.59, 76
2026/09/21 01:28:55.587, 100, 28112, 32623, 200.45, 73
2026/09/21 01:28:56.587, 100, 28112, 32623, 199.99, 74
2026/09/21 01:28:57.587, 100, 28112, 32623, 200.01, 76
2026/09/21 01:28:58.588, 100, 28112, 32623, 199.98, 74
2026/09/21 01:28:59.588, 100, 28112, 32623, 200.02, 74
2026/09/21 01:29:00.588, 100, 28112, 32623, 199.98, 75
2026/09/21 01:29:01.588, 100, 28112, 32623, 199.98, 76
2026/09/21 01:29:02.589, 99, 28112, 32623, 199.95, 76
2026/09/21 01:29:03.589, 100, 28112, 32623, 185.01, 75
2026/09/21 01:29:04.589, 100, 28112, 32623, 199.99, 75
2026/09/21 01:29:05.590, 98, 28112, 32623, 199.60, 76
2026/09/21 01:29:06.590, 100, 28112, 32623, 200.42, 74
2026/09/21 01:29:07.590, 100, 28112, 32623, 200.01, 74
2026/09/21 01:29:08.590, 100, 28112, 32623, 185.04, 75
2026/09/21 01:29:09.591, 100, 28112, 32623, 204.14, 75
2026/09/21 01:29:10.591, 100, 28112, 32623, 195.69, 73
2026/09/21 01:29:11.591, 100, 28112, 32623, 200.39, 75
2026/09/21 01:29:12.591, 99, 28112, 32623, 196.34, 73
2026/09/21 01:29:13.592, 95, 28112, 32623, 199.45, 73
2026/09/21 01:29:14.592, 95, 28112, 32623, 199.94, 73
2026/09/21 01:29:15.592, 95, 28112, 32623, 199.99, 73
2026/09/21 01:29:16.592, 95, 28112, 32623, 199.88, 73
2026/09/21 01:29:17.593, 95, 28112, 32623, 200.03, 73
2026/09/21 01:29:18.593, 95, 28112, 32623, 199.91, 73
2026/09/21 01:29:19.593, 95, 28112, 32623, 199.95, 73
2026/09/21 01:29:20.593, 95, 28112, 32623, 200.00, 73
2026/09/21 01:29:21.593, 95, 28112, 32623, 199.96, 73
2026/09/21 01:29:22.594, 95, 28112, 32623, 200.02, 73
2026/09/21 01:29:23.594, 0, 28112, 32623, 173.89, 64
2026/09/21 01:29:24.594, 0, 28112, 32623, 59.31, 61
2026/09/21 01:29:25.594, 100, 28112, 32623, 157.67, 70
2026/09/21 01:29:26.595, 100, 28112, 32623, 200.00, 71
2026/09/21 01:29:27.595, 100, 28112, 32623, 200.00, 70
2026/09/21 01:29:28.595, 100, 28112, 32623, 200.00, 71
2026/09/21 01:29:29.595, 100, 28112, 32623, 199.97, 72
2026/09/21 01:29:30.596, 100, 28112, 32623, 200.01, 72
2026/09/21 01:29:31.596, 100, 28112, 32623, 199.99, 72
2026/09/21 01:29:32.596, 100, 28112, 32623, 199.98, 72
2026/09/21 01:29:33.596, 100, 28112, 32623, 200.02, 71
2026/09/21 01:29:34.597, 100, 28112, 32623, 200.01, 73
2026/09/21 01:29:35.597, 100, 28112, 32623, 199.98, 73
2026/09/21 01:29:36.597, 100, 28112, 32623, 199.99, 72
2026/09/21 01:29:37.598, 100, 28112, 32623, 199.97, 74
2026/09/21 01:29:38.598, 97, 28112, 32623, 199.79, 73
2026/09/21 01:29:39.598, 100, 28112, 32623, 200.00, 73
2026/09/21 01:29:40.598, 100, 28112, 32623, 199.99, 72
2026/09/21 01:29:41.599, 100, 28112, 32623, 200.02, 72
2026/09/21 01:29:42.599, 100, 28112, 32623, 199.99, 72
2026/09/21 01:29:43.599, 100, 28112, 32623, 200.00, 74
2026/09/21 01:29:44.599, 100, 28112, 32623, 199.97, 73
2026/09/21 01:29:45.600, 100, 28112, 32623, 200.05, 73
2026/09/21 01:29:46.600, 100, 28112, 32623, 199.99, 72
2026/09/21 01:29:47.600, 100, 28112, 32623, 200.01, 73
2026/09/21 01:29:48.600, 100, 28112, 32623, 199.98, 73
2026/09/21 01:29:49.601, 100, 28112, 32623, 199.96, 72
2026/09/21 01:29:50.601, 100, 28112, 32623, 200.09, 73
2026/09/21 01:29:51.601, 100, 28112, 32623, 199.99, 73
2026/09/21 01:29:52.602, 100, 28112, 32623, 199.99, 73
2026/09/21 01:29:53.602, 100, 28112, 32623, 199.97, 74
2026/09/21 01:29:54.602, 97, 28112, 32623, 199.83, 73
2026/09/21 01:29:55.602, 100, 28112, 32623, 200.21, 73
2026/09/21 01:29:56.603, 100, 28112, 32623, 199.99, 75
2026/09/21 01:29:57.603, 100, 28112, 32623, 200.00, 73
2026/09/21 01:29:58.603, 100, 28112, 32623, 200.00, 73
2026/09/21 01:29:59.603, 100, 28112, 32623, 200.02, 74
2026/09/21 01:30:00.604, 100, 28112, 32623, 199.98, 73
2026/09/21 01:30:01.604, 100, 28112, 32623, 199.95, 74
2026/09/21 01:30:02.604, 100, 28112, 32623, 200.04, 74
2026/09/21 01:30:03.605, 100, 28373, 32623, 186.87, 73
2026/09/21 01:30:04.606, 100, 28112, 32623, 199.92, 73
2026/09/21 01:30:05.606, 100, 28112, 32623, 200.07, 74
2026/09/21 01:30:06.606, 100, 28112, 32623, 200.00, 74
2026/09/21 01:30:07.606, 100, 28112, 32623, 199.99, 75
2026/09/21 01:30:08.607, 100, 28112, 32623, 200.01, 73
2026/09/21 01:30:09.607, 100, 28112, 32623, 199.99, 75
2026/09/21 01:30:10.607, 100, 28112, 32623, 199.99, 74
2026/09/21 01:30:11.608, 100, 28112, 32623, 200.00, 75
2026/09/21 01:30:12.608, 100, 28112, 32623, 199.99, 74
2026/09/21 01:30:13.608, 100, 28112, 32623, 200.00, 75
2026/09/21 01:30:14.608, 100, 28112, 32623, 199.99, 74
2026/09/21 01:30:15.609, 100, 28112, 32623, 199.99, 75
2026/09/21 01:30:16.609, 100, 28112, 32623, 200.01, 74
2026/09/21 01:30:17.609, 100, 28112, 32623, 200.00, 75
2026/09/21 01:30:18.609, 100, 28112, 32623, 199.99, 74
2026/09/21 01:30:19.610, 100, 28112, 32623, 199.98, 74
2026/09/21 01:30:20.610, 100, 28112, 32623, 200.04, 74
2026/09/21 01:30:21.610, 100, 28112, 32623, 199.98, 73
2026/09/21 01:30:22.611, 100, 28112, 32623, 199.96, 72
2026/09/21 01:30:23.611, 100, 28112, 32623, 200.05, 75
2026/09/21 01:30:24.611, 100, 28112, 32623, 200.00, 73
2026/09/21 01:30:25.611, 100, 28112, 32623, 200.00, 75
2026/09/21 01:30:26.611, 100, 28112, 32623, 199.99, 73
2026/09/21 01:30:27.612, 100, 28112, 32623, 200.02, 73
2026/09/21 01:30:28.612, 100, 28112, 32623, 200.04, 73
2026/09/21 01:30:29.612, 100, 28112, 32623, 199.98, 74
2026/09/21 01:30:30.612, 98, 28112, 32623, 199.60, 74
2026/09/21 01:30:31.613, 100, 28112, 32623, 200.41, 74
2026/09/21 01:30:32.613, 100, 28112, 32623, 199.98, 72
2026/09/21 01:30:33.613, 100, 28112, 32623, 200.01, 73
2026/09/21 01:30:34.614, 100, 28112, 32623, 199.99, 73
2026/09/21 01:30:35.614, 99, 28112, 32623, 199.84, 75
2026/09/21 01:30:36.614, 100, 28112, 32623, 200.16, 73
2026/09/21 01:30:37.614, 100, 28112, 32623, 199.99, 74
2026/09/21 01:30:38.615, 100, 28112, 32623, 200.02, 74
2026/09/21 01:30:39.615, 100, 28112, 32623, 199.99, 74
2026/09/21 01:30:40.615, 100, 28112, 32623, 199.99, 75
2026/09/21 01:30:41.615, 100, 28112, 32623, 199.99, 75
2026/09/21 01:30:42.615, 98, 28112, 32623, 199.82, 73
2026/09/21 01:30:43.616, 100, 28112, 32623, 200.19, 75
2026/09/21 01:30:44.616, 100, 28112, 32623, 199.99, 75
2026/09/21 01:30:45.616, 100, 28112, 32623, 200.01, 74
2026/09/21 01:30:46.616, 100, 28112, 32623, 199.98, 75
2026/09/21 01:30:47.616, 100, 28112, 32623, 200.02, 74
2026/09/21 01:30:48.617, 100, 28112, 32623, 199.99, 75
2026/09/21 01:30:49.617, 100, 28112, 32623, 199.99, 75
2026/09/21 01:30:50.617, 100, 28112, 32623, 199.99, 73
2026/09/21 01:30:51.617, 100, 28112, 32623, 199.99, 75
2026/09/21 01:30:52.618, 100, 28112, 32623, 200.02, 75
2026/09/21 01:30:53.618, 100, 28112, 32623, 199.98, 73
2026/09/21 01:30:54.618, 100, 28112, 32623, 200.04, 73
2026/09/21 01:30:55.618, 100, 28112, 32623, 183.25, 74
2026/09/21 01:30:56.618, 100, 28112, 32623, 200.59, 73
2026/09/21 01:30:57.619, 100, 28112, 32623, 200.01, 75
2026/09/21 01:30:58.619, 100, 28112, 32623, 199.99, 75
2026/09/21 01:30:59.619, 100, 28112, 32623, 199.99, 75
2026/09/21 01:31:00.619, 100, 28112, 32623, 199.99, 75
2026/09/21 01:31:01.619, 100, 28112, 32623, 199.99, 75
2026/09/21 01:31:02.620, 100, 28112, 32623, 199.98, 74
2026/09/21 01:31:03.620, 100, 28112, 32623, 199.99, 75
2026/09/21 01:31:04.620, 100, 28112, 32623, 199.98, 74
2026/09/21 01:31:05.620, 100, 28112, 32623, 200.02, 74
2026/09/21 01:31:06.621, 100, 28112, 32623, 200.02, 75
2026/09/21 01:31:07.621, 100, 28112, 32623, 200.00, 75
2026/09/21 01:31:08.621, 99, 28112, 32623, 199.85, 75
2026/09/21 01:31:09.621, 100, 28112, 32623, 200.15, 74
2026/09/21 01:31:10.621, 98, 28112, 32623, 199.64, 74
2026/09/21 01:31:11.622, 100, 28112, 32623, 199.98, 74
2026/09/21 01:31:12.622, 98, 28112, 32623, 199.75, 74
2026/09/21 01:31:13.622, 100, 28112, 32623, 200.28, 75
2026/09/21 01:31:14.622, 98, 28112, 32623, 199.79, 74
2026/09/21 01:31:15.623, 100, 28112, 32623, 200.19, 75
2026/09/21 01:31:16.623, 98, 28112, 32623, 199.80, 74
2026/09/21 01:31:17.623, 100, 28112, 32623, 200.19, 75
2026/09/21 01:31:18.624, 98, 28112, 32623, 199.73, 73
2026/09/21 01:31:19.624, 100, 28112, 32623, 200.28, 74
2026/09/21 01:31:20.624, 97, 28112, 32623, 199.62, 75
2026/09/21 01:31:21.624, 100, 28112, 32623, 200.43, 74
2026/09/21 01:31:22.625, 99, 28112, 32623, 199.87, 75
2026/09/21 01:31:23.625, 100, 28112, 32623, 200.15, 75
2026/09/21 01:31:24.625, 100, 28112, 32623, 199.98, 75
2026/09/21 01:31:25.626, 100, 28112, 32623, 199.99, 74
2026/09/21 01:31:26.626, 100, 28112, 32623, 200.02, 73
2026/09/21 01:31:27.626, 100, 28112, 32623, 199.99, 75
2026/09/21 01:31:28.626, 100, 28112, 32623, 200.00, 74
2026/09/21 01:31:29.627, 100, 28112, 32623, 200.00, 75
2026/09/21 01:31:30.627, 100, 28112, 32623, 199.98, 75
2026/09/21 01:31:31.627, 100, 28112, 32623, 200.02, 75
2026/09/21 01:31:32.627, 100, 28112, 32623, 200.00, 75
2026/09/21 01:31:33.628, 100, 28112, 32623, 200.01, 75
2026/09/21 01:31:34.628, 100, 28112, 32623, 199.99, 75
2026/09/21 01:31:35.628, 100, 28112, 32623, 200.00, 75
2026/09/21 01:31:36.628, 100, 28112, 32623, 200.00, 75
2026/09/21 01:31:37.629, 100, 28112, 32623, 199.97, 75
2026/09/21 01:31:38.629, 100, 28112, 32623, 200.02, 74
2026/09/21 01:31:39.629, 98, 28112, 32623, 199.88, 75
2026/09/21 01:31:40.630, 100, 28112, 32623, 200.14, 74
2026/09/21 01:31:41.630, 100, 28112, 32623, 200.00, 75
2026/09/21 01:31:42.630, 100, 28112, 32623, 199.99, 75
2026/09/21 01:31:43.630, 100, 28112, 32623, 199.98, 73
2026/09/21 01:31:44.631, 100, 28112, 32623, 199.98, 73
2026/09/21 01:31:45.631, 100, 28112, 32623, 200.00, 75
2026/09/21 01:31:46.631, 100, 28112, 32623, 199.98, 75
2026/09/21 01:31:47.631, 100, 28112, 32623, 200.01, 74
2026/09/21 01:31:48.632, 100, 28112, 32623, 199.98, 73
2026/09/21 01:31:49.632, 100, 28112, 32623, 200.01, 74
2026/09/21 01:31:50.632, 98, 28112, 32623, 199.74, 73
2026/09/21 01:31:51.632, 100, 28112, 32623, 200.17, 75
2026/09/21 01:31:52.633, 100, 28112, 32623, 200.02, 74
2026/09/21 01:31:53.633, 100, 28112, 32623, 200.01, 75
2026/09/21 01:31:54.633, 100, 28112, 32623, 200.02, 74
2026/09/21 01:31:55.633, 100, 28112, 32623, 199.98, 75
2026/09/21 01:31:56.634, 100, 28112, 32623, 200.03, 73
2026/09/21 01:31:57.634, 100, 28112, 32623, 199.98, 75
2026/09/21 01:31:58.634, 100, 28112, 32623, 200.01, 74
2026/09/21 01:31:59.635, 99, 28112, 32623, 199.89, 75
2026/09/21 01:32:00.635, 100, 28112, 32623, 200.02, 75
2026/09/21 01:32:01.635, 100, 28112, 32623, 200.01, 74
2026/09/21 01:32:02.635, 100, 28112, 32623, 186.60, 75
2026/09/21 01:32:03.636, 100, 28112, 32623, 200.04, 75
2026/09/21 01:32:04.636, 100, 28112, 32623, 199.94, 73
2026/09/21 01:32:05.636, 100, 28112, 32623, 200.04, 75
2026/09/21 01:32:06.637, 100, 28112, 32623, 200.00, 75
2026/09/21 01:32:07.637, 100, 28112, 32623, 200.01, 74
2026/09/21 01:32:08.637, 100, 28112, 32623, 200.01, 74
2026/09/21 01:32:09.637, 100, 28112, 32623, 200.00, 75
2026/09/21 01:32:10.638, 100, 28112, 32623, 199.99, 75
2026/09/21 01:32:11.638, 100, 28112, 32623, 199.97, 75
2026/09/21 01:32:12.638, 100, 28112, 32623, 200.01, 76
2026/09/21 01:32:13.639, 100, 28112, 32623, 200.00, 76
2026/09/21 01:32:14.639, 100, 28112, 32623, 199.99, 74
2026/09/21 01:32:15.639, 100, 28112, 32623, 200.02, 74
2026/09/21 01:32:16.639, 100, 28112, 32623, 199.97, 75
2026/09/21 01:32:17.640, 100, 28112, 32623, 200.00, 73
2026/09/21 01:32:18.640, 99, 28112, 32623, 199.87, 75
2026/09/21 01:32:19.640, 100, 28112, 32623, 200.01, 75
2026/09/21 01:32:20.641, 100, 28112, 32623, 199.98, 73
2026/09/21 01:32:21.641, 100, 28112, 32623, 199.99, 75
2026/09/21 01:32:22.641, 100, 28112, 32623, 200.00, 74
2026/09/21 01:32:23.642, 98, 28112, 32623, 199.80, 75
2026/09/21 01:32:24.642, 100, 28112, 32623, 200.21, 73
2026/09/21 01:32:25.642, 100, 28112, 32623, 200.00, 74
2026/09/21 01:32:26.643, 100, 28112, 32623, 200.01, 74
2026/09/21 01:32:27.643, 100, 28112, 32623, 199.99, 75
2026/09/21 01:32:28.643, 100, 28112, 32623, 199.95, 76
2026/09/21 01:32:29.643, 100, 28112, 32623, 200.02, 75
2026/09/21 01:32:30.644, 100, 28112, 32623, 199.99, 73
2026/09/21 01:32:31.644, 100, 28112, 32623, 200.00, 73
2026/09/21 01:32:32.644, 100, 28112, 32623, 200.01, 75
2026/09/21 01:32:33.645, 100, 28112, 32623, 199.99, 75
2026/09/21 01:32:34.645, 100, 28112, 32623, 200.23, 75
2026/09/21 01:32:35.645, 100, 28112, 32623, 199.99, 73
2026/09/21 01:32:36.646, 100, 28112, 32623, 200.01, 74
2026/09/21 01:32:37.646, 100, 28112, 32623, 200.00, 75
2026/09/21 01:32:38.646, 100, 28112, 32623, 199.97, 76
2026/09/21 01:32:39.647, 100, 28112, 32623, 200.04, 73
2026/09/21 01:32:40.647, 100, 28112, 32623, 199.99, 75
2026/09/21 01:32:41.647, 100, 28112, 32623, 199.96, 75
2026/09/21 01:32:42.648, 100, 28112, 32623, 199.99, 73
2026/09/21 01:32:43.648, 98, 28112, 32623, 199.59, 76
2026/09/21 01:32:44.648, 100, 28112, 32623, 200.16, 75
2026/09/21 01:32:45.649, 100, 28112, 32623, 200.02, 76
2026/09/21 01:32:46.649, 100, 28112, 32623, 199.99, 75
2026/09/21 01:32:47.649, 100, 28112, 32623, 199.97, 73
2026/09/21 01:32:48.649, 100, 28112, 32623, 200.01, 75
2026/09/21 01:32:49.650, 100, 28112, 32623, 199.99, 73
2026/09/21 01:32:50.650, 100, 28112, 32623, 200.01, 75
2026/09/21 01:32:51.650, 100, 28112, 32623, 199.96, 75
2026/09/21 01:32:52.651, 100, 28112, 32623, 200.04, 75
2026/09/21 01:32:53.651, 100, 28112, 32623, 199.99, 73
2026/09/21 01:32:54.651, 100, 28112, 32623, 200.01, 75
2026/09/21 01:32:55.652, 100, 28112, 32623, 200.01, 73
2026/09/21 01:32:56.652, 99, 28112, 32623, 199.95, 76
2026/09/21 01:32:57.652, 100, 28112, 32623, 200.05, 74
2026/09/21 01:32:58.653, 100, 28112, 32623, 200.00, 74
2026/09/21 01:32:59.653, 100, 28112, 32623, 200.01, 75
2026/09/21 01:33:00.653, 100, 28112, 32623, 199.97, 73
2026/09/21 01:33:01.654, 100, 28112, 32623, 199.99, 75
2026/09/21 01:33:02.654, 100, 28112, 32623, 200.02, 74
2026/09/21 01:33:03.654, 100, 28112, 32623, 199.99, 73
2026/09/21 01:33:04.655, 99, 28112, 32623, 199.95, 76
2026/09/21 01:33:05.655, 100, 28112, 32623, 200.07, 74
2026/09/21 01:33:06.655, 100, 28112, 32623, 200.00, 73
2026/09/21 01:33:07.656, 100, 28112, 32623, 199.98, 76
2026/09/21 01:33:08.656, 100, 28112, 32623, 200.03, 76
2026/09/21 01:33:09.656, 100, 28112, 32623, 200.00, 73
2026/09/21 01:33:10.657, 100, 28112, 32623, 199.99, 75
2026/09/21 01:33:11.657, 100, 28112, 32623, 199.99, 75
2026/09/21 01:33:12.657, 100, 28112, 32623, 199.98, 76
2026/09/21 01:33:13.658, 100, 28112, 32623, 186.38, 75
2026/09/21 01:33:14.658, 100, 28112, 32623, 200.00, 75
2026/09/21 01:33:15.658, 100, 28112, 32623, 199.96, 76
2026/09/21 01:33:16.659, 100, 28112, 32623, 200.16, 75
2026/09/21 01:33:17.659, 100, 28112, 32623, 199.99, 74
2026/09/21 01:33:18.659, 100, 28112, 32623, 185.02, 75
2026/09/21 01:33:19.659, 100, 28112, 32623, 204.80, 75
2026/09/21 01:33:20.659, 100, 28112, 32623, 195.83, 74
2026/09/21 01:33:21.660, 100, 28112, 32623, 200.40, 75
2026/09/21 01:33:22.660, 99, 28112, 32623, 196.12, 73
2026/09/21 01:33:23.660, 95, 28112, 32623, 199.45, 73
2026/09/21 01:33:24.660, 95, 28112, 32623, 199.97, 73
2026/09/21 01:33:25.661, 96, 28112, 32623, 199.97, 73
2026/09/21 01:33:26.661, 95, 28112, 32623, 199.99, 73
2026/09/21 01:33:27.661, 95, 28112, 32623, 199.90, 73
2026/09/21 01:33:28.661, 95, 28112, 32623, 199.95, 73
2026/09/21 01:33:29.662, 95, 28112, 32623, 199.98, 73
2026/09/21 01:33:30.662, 95, 28112, 32623, 199.94, 73
2026/09/21 01:33:31.662, 95, 28112, 32623, 199.91, 73
2026/09/21 01:33:32.663, 95, 28112, 32623, 200.01, 73
2026/09/21 01:33:33.663, 0, 28112, 32623, 176.65, 64
2026/09/21 01:33:34.663, 0, 28112, 32623, 74.16, 61
2026/09/21 01:33:35.663, 0, 28112, 32623, 52.03, 59
2026/09/21 01:33:36.664, 0, 28112, 32623, 46.64, 58
2026/09/21 01:33:37.664, 0, 28112, 32623, 41.04, 57
2026/09/21 01:33:38.664, 0, 28112, 32623, 40.87, 56
2026/09/21 01:33:39.664, 0, 28112, 32623, 40.49, 56
2026/09/21 01:33:40.664, 0, 28112, 32623, 40.05, 55
2026/09/21 01:33:41.665, 0, 28112, 32623, 39.76, 54
2026/09/21 01:33:42.665, 0, 28112, 32623, 39.62, 54
2026/09/21 01:33:43.665, 0, 28112, 32623, 39.33, 54
2026/09/21 01:33:44.665, 0, 28112, 32623, 39.04, 53
2026/09/21 01:33:45.666, 100, 28112, 32623, 96.44, 64
2026/09/21 01:33:46.666, 100, 28112, 32623, 200.09, 66
2026/09/21 01:33:47.666, 100, 28112, 32623, 200.00, 67
2026/09/21 01:33:48.666, 100, 28112, 32623, 200.00, 67
2026/09/21 01:33:49.667, 100, 28112, 32623, 199.99, 68
2026/09/21 01:33:50.667, 100, 28112, 32623, 200.01, 68
2026/09/21 01:33:51.667, 100, 28112, 32623, 199.99, 68
2026/09/21 01:33:52.668, 100, 28112, 32623, 200.00, 69
2026/09/21 01:33:53.668, 100, 28112, 32623, 199.98, 70
2026/09/21 01:33:54.668, 100, 28112, 32623, 199.97, 69
2026/09/21 01:33:55.668, 100, 28112, 32623, 200.02, 69
2026/09/21 01:33:56.669, 97, 28112, 32623, 199.94, 69
2026/09/21 01:33:57.669, 100, 28112, 32623, 200.57, 70
2026/09/21 01:33:58.669, 100, 28112, 32623, 200.00, 70
2026/09/21 01:33:59.670, 100, 28112, 32623, 199.98, 70
2026/09/21 01:34:00.670, 100, 28112, 32623, 199.99, 71
2026/09/21 01:34:01.670, 100, 28112, 32623, 199.99, 71
2026/09/21 01:34:02.671, 100, 28112, 32623, 199.99, 71
2026/09/21 01:34:03.671, 98, 28112, 32623, 199.89, 71
2026/09/21 01:34:04.671, 100, 28112, 32623, 200.10, 70
2026/09/21 01:34:05.672, 100, 28112, 32623, 199.99, 71
2026/09/21 01:34:06.672, 100, 28112, 32623, 199.99, 71
2026/09/21 01:34:07.672, 100, 28112, 32623, 199.97, 72
2026/09/21 01:34:08.672, 100, 28112, 32623, 199.95, 71
2026/09/21 01:34:09.673, 100, 28112, 32623, 200.10, 72
2026/09/21 01:34:10.673, 100, 28112, 32623, 200.00, 72
2026/09/21 01:34:11.673, 100, 28112, 32623, 200.00, 71
2026/09/21 01:34:12.673, 100, 28112, 32623, 199.97, 73
2026/09/21 01:34:13.674, 98, 28112, 32623, 199.75, 72
2026/09/21 01:34:14.674, 100, 28112, 32623, 200.24, 71
2026/09/21 01:34:15.674, 100, 28112, 32623, 200.00, 72
2026/09/21 01:34:16.675, 100, 28112, 32623, 200.01, 72
2026/09/21 01:34:17.675, 98, 28112, 32623, 199.88, 72
2026/09/21 01:34:18.675, 100, 28112, 32623, 200.19, 72
2026/09/21 01:34:19.675, 100, 28112, 32623, 199.98, 73
2026/09/21 01:34:20.676, 100, 28112, 32623, 199.99, 72
2026/09/21 01:34:21.676, 99, 28112, 32623, 199.81, 73
2026/09/21 01:34:22.676, 100, 28112, 32623, 200.22, 72
2026/09/21 01:34:23.677, 100, 28112, 32623, 191.67, 73
2026/09/21 01:34:24.677, 98, 28112, 32623, 199.83, 74
2026/09/21 01:34:25.677, 100, 28112, 32623, 200.20, 72
2026/09/21 01:34:26.677, 100, 28112, 32623, 199.99, 73
2026/09/21 01:34:27.678, 100, 28112, 32623, 199.95, 73
2026/09/21 01:34:28.678, 100, 28112, 32623, 200.02, 73
2026/09/21 01:34:29.678, 100, 28112, 32623, 199.98, 72
2026/09/21 01:34:30.679, 100, 28112, 32623, 199.99, 72
2026/09/21 01:34:31.679, 100, 28112, 32623, 200.01, 73
2026/09/21 01:34:32.679, 100, 28112, 32623, 199.99, 74
2026/09/21 01:34:33.680, 100, 28112, 32623, 200.00, 73
2026/09/21 01:34:34.680, 100, 28112, 32623, 200.05, 73
2026/09/21 01:34:35.680, 100, 28112, 32623, 199.97, 72
2026/09/21 01:34:36.680, 100, 28112, 32623, 199.99, 74
2026/09/21 01:34:37.681, 100, 28112, 32623, 200.05, 73
2026/09/21 01:34:38.681, 100, 28112, 32623, 200.01, 74
2026/09/21 01:34:39.681, 100, 28112, 32623, 199.97, 74
2026/09/21 01:34:40.682, 100, 28112, 32623, 200.18, 73
2026/09/21 01:34:41.682, 100, 28112, 32623, 199.98, 73
2026/09/21 01:34:42.682, 98, 28112, 32623, 199.57, 73
2026/09/21 01:34:43.682, 100, 28112, 32623, 199.99, 74
2026/09/21 01:34:44.683, 100, 28112, 32623, 199.99, 73
2026/09/21 01:34:45.683, 100, 28112, 32623, 200.01, 74
2026/09/21 01:34:46.683, 100, 28112, 32623, 200.01, 73
2026/09/21 01:34:47.684, 100, 28112, 32623, 199.93, 74
2026/09/21 01:34:48.684, 100, 28112, 32623, 200.03, 74
2026/09/21 01:34:49.684, 100, 28112, 32623, 200.02, 74
2026/09/21 01:34:50.684, 100, 28112, 32623, 200.00, 73
2026/09/21 01:34:51.685, 100, 28112, 32623, 200.00, 73
2026/09/21 01:34:52.685, 100, 28112, 32623, 199.97, 73
2026/09/21 01:34:53.685, 100, 28112, 32623, 200.03, 73
2026/09/21 01:34:54.686, 100, 28112, 32623, 200.00, 74
2026/09/21 01:34:55.686, 100, 28112, 32623, 200.00, 75
2026/09/21 01:34:56.686, 100, 28112, 32623, 199.99, 74
2026/09/21 01:34:57.686, 100, 28112, 32623, 199.93, 75
2026/09/21 01:34:58.687, 100, 28112, 32623, 200.11, 73
2026/09/21 01:34:59.687, 100, 28112, 32623, 199.97, 73
2026/09/21 01:35:00.687, 100, 28112, 32623, 200.02, 75
2026/09/21 01:35:01.687, 100, 28112, 32623, 200.01, 75
2026/09/21 01:35:02.688, 99, 28112, 32623, 199.87, 75
2026/09/21 01:35:03.688, 100, 28112, 32623, 199.99, 74
2026/09/21 01:35:04.688, 100, 28112, 32623, 199.94, 74
2026/09/21 01:35:05.689, 100, 28112, 32623, 200.01, 73
2026/09/21 01:35:06.689, 100, 28112, 32623, 200.02, 74
2026/09/21 01:35:07.689, 100, 28112, 32623, 199.96, 73
2026/09/21 01:35:08.690, 100, 28112, 32623, 200.03, 75
2026/09/21 01:35:09.690, 100, 28112, 32623, 199.98, 73
2026/09/21 01:35:10.690, 100, 28112, 32623, 199.99, 75
2026/09/21 01:35:11.690, 98, 28112, 32623, 199.74, 74
2026/09/21 01:35:12.691, 100, 28112, 32623, 200.26, 74
2026/09/21 01:35:13.691, 100, 28112, 32623, 199.96, 75
2026/09/21 01:35:14.691, 100, 28112, 32623, 200.01, 75
2026/09/21 01:35:15.691, 100, 28112, 32623, 185.93, 75
2026/09/21 01:35:16.692, 100, 28112, 32623, 200.36, 75
2026/09/21 01:35:17.692, 100, 28112, 32623, 200.01, 73
2026/09/21 01:35:18.692, 100, 28112, 32623, 200.01, 74
2026/09/21 01:35:19.693, 100, 28112, 32623, 199.99, 73
2026/09/21 01:35:20.693, 100, 28112, 32623, 200.02, 74
2026/09/21 01:35:21.693, 100, 28112, 32623, 199.99, 74
2026/09/21 01:35:22.693, 100, 28112, 32623, 199.99, 74
2026/09/21 01:35:23.694, 100, 28112, 32623, 200.00, 73
2026/09/21 01:35:24.694, 100, 28112, 32623, 199.99, 75
2026/09/21 01:35:25.694, 100, 28112, 32623, 200.01, 75
2026/09/21 01:35:26.695, 100, 28112, 32623, 199.86, 75
2026/09/21 01:35:27.695, 100, 28112, 32623, 200.01, 73
2026/09/21 01:35:28.695, 99, 28112, 32623, 199.64, 74
2026/09/21 01:35:29.695, 100, 28112, 32623, 199.98, 75
2026/09/21 01:35:30.696, 99, 28112, 32623, 199.89, 75
2026/09/21 01:35:31.696, 100, 28112, 32623, 200.14, 75
2026/09/21 01:35:32.696, 98, 28112, 32623, 199.94, 76
2026/09/21 01:35:33.696, 100, 28112, 32623, 200.05, 73
2026/09/21 01:35:34.697, 97, 28112, 32623, 199.97, 76
2026/09/21 01:35:35.697, 100, 28112, 32623, 200.34, 73
2026/09/21 01:35:36.697, 98, 28112, 32623, 199.98, 76
2026/09/21 01:35:37.698, 100, 28112, 32623, 200.04, 74
2026/09/21 01:35:38.698, 98, 28112, 32623, 199.94, 76
2026/09/21 01:35:39.698, 100, 28112, 32623, 200.06, 76
2026/09/21 01:35:40.699, 99, 28112, 32623, 199.79, 75
2026/09/21 01:35:41.699, 100, 28112, 32623, 200.17, 75
2026/09/21 01:35:42.699, 99, 28112, 32623, 199.68, 74
2026/09/21 01:35:43.699, 100, 28112, 32623, 200.17, 74
2026/09/21 01:35:44.700, 100, 28112, 32623, 199.83, 75
2026/09/21 01:35:45.700, 100, 28112, 32623, 199.99, 75
2026/09/21 01:35:46.700, 100, 28112, 32623, 199.99, 75
2026/09/21 01:35:47.701, 100, 28112, 32623, 200.03, 74
2026/09/21 01:35:48.701, 100, 28112, 32623, 199.99, 75
2026/09/21 01:35:49.701, 100, 28112, 32623, 200.00, 73
2026/09/21 01:35:50.701, 100, 28112, 32623, 200.00, 74
2026/09/21 01:35:51.702, 100, 28112, 32623, 200.00, 73
2026/09/21 01:35:52.702, 100, 28112, 32623, 200.00, 74
2026/09/21 01:35:53.702, 100, 28112, 32623, 199.99, 73
2026/09/21 01:35:54.702, 100, 28112, 32623, 200.00, 74
2026/09/21 01:35:55.703, 100, 28112, 32623, 199.99, 74
2026/09/21 01:35:56.703, 100, 28112, 32623, 200.01, 74
2026/09/21 01:35:57.703, 100, 28112, 32623, 199.99, 74
2026/09/21 01:35:58.704, 100, 28112, 32623, 200.06, 76
2026/09/21 01:35:59.704, 98, 28112, 32623, 199.96, 76
2026/09/21 01:36:00.704, 100, 28112, 32623, 200.02, 75
2026/09/21 01:36:01.704, 100, 28112, 32623, 199.83, 75
2026/09/21 01:36:02.705, 100, 28112, 32623, 200.17, 74
2026/09/21 01:36:03.705, 100, 28112, 32623, 200.00, 75
2026/09/21 01:36:04.705, 100, 28112, 32623, 199.97, 75
2026/09/21 01:36:05.705, 100, 28112, 32623, 200.01, 73
2026/09/21 01:36:06.706, 100, 28112, 32623, 200.00, 74
2026/09/21 01:36:07.706, 100, 28112, 32623, 200.00, 75
2026/09/21 01:36:08.706, 100, 28112, 32623, 200.00, 74
2026/09/21 01:36:09.706, 100, 28112, 32623, 199.99, 76
2026/09/21 01:36:10.707, 99, 28112, 32623, 199.88, 75
2026/09/21 01:36:11.707, 100, 28112, 32623, 200.14, 74
2026/09/21 01:36:12.707, 100, 28112, 32623, 199.98, 74
2026/09/21 01:36:13.708, 100, 28112, 32623, 200.02, 74
2026/09/21 01:36:14.708, 100, 28112, 32623, 199.99, 75
2026/09/21 01:36:15.708, 100, 28112, 32623, 200.01, 74
2026/09/21 01:36:16.708, 100, 28112, 32623, 200.00, 75
2026/09/21 01:36:17.709, 100, 28112, 32623, 200.00, 74
2026/09/21 01:36:18.709, 100, 28112, 32623, 200.04, 73
2026/09/21 01:36:19.709, 98, 28112, 32623, 199.60, 76
2026/09/21 01:36:20.709, 100, 28112, 32623, 200.41, 74
2026/09/21 01:36:21.710, 100, 28112, 32623, 199.99, 74
2026/09/21 01:36:22.710, 100, 28112, 32623, 185.84, 75
2026/09/21 01:36:23.711, 100, 28112, 32623, 200.02, 74
2026/09/21 01:36:24.711, 100, 28112, 32623, 199.97, 75
2026/09/21 01:36:25.711, 100, 28112, 32623, 200.00, 75
2026/09/21 01:36:26.711, 100, 28112, 32623, 200.02, 75
2026/09/21 01:36:27.711, 100, 28112, 32623, 199.99, 74
2026/09/21 01:36:28.712, 100, 28112, 32623, 200.00, 73
2026/09/21 01:36:29.712, 100, 28112, 32623, 200.00, 75
2026/09/21 01:36:30.712, 100, 28112, 32623, 199.98, 75
2026/09/21 01:36:31.712, 100, 28112, 32623, 199.94, 74
2026/09/21 01:36:32.712, 100, 28112, 32623, 200.12, 74
2026/09/21 01:36:33.713, 100, 28112, 32623, 199.98, 73
2026/09/21 01:36:34.713, 100, 28112, 32623, 200.00, 75
2026/09/21 01:36:35.713, 100, 28112, 32623, 199.99, 75
2026/09/21 01:36:36.713, 100, 28112, 32623, 200.00, 76
2026/09/21 01:36:37.713, 100, 28112, 32623, 199.99, 75
2026/09/21 01:36:38.714, 99, 28112, 32623, 199.94, 76
2026/09/21 01:36:39.714, 100, 28112, 32623, 200.04, 75
2026/09/21 01:36:40.714, 100, 28112, 32623, 199.98, 75
2026/09/21 01:36:41.715, 100, 28112, 32623, 199.99, 76
2026/09/21 01:36:42.715, 100, 28112, 32623, 199.98, 75
2026/09/21 01:36:43.715, 100, 28112, 32623, 199.97, 76
2026/09/21 01:36:44.715, 100, 28112, 32623, 200.26, 75
2026/09/21 01:36:45.716, 100, 28112, 32623, 199.98, 75
2026/09/21 01:36:46.716, 100, 28112, 32623, 199.98, 75
2026/09/21 01:36:47.716, 100, 28112, 32623, 200.02, 74
2026/09/21 01:36:48.716, 100, 28112, 32623, 199.95, 73
2026/09/21 01:36:49.716, 100, 28112, 32623, 200.08, 74
2026/09/21 01:36:50.717, 100, 28112, 32623, 200.00, 76
2026/09/21 01:36:51.717, 100, 28112, 32623, 200.00, 76
2026/09/21 01:36:52.717, 100, 28112, 32623, 199.97, 75
2026/09/21 01:36:53.718, 100, 28112, 32623, 199.96, 74
2026/09/21 01:36:54.718, 100, 28112, 32623, 200.05, 74
2026/09/21 01:36:55.718, 100, 28112, 32623, 200.00, 75
2026/09/21 01:36:56.719, 100, 28112, 32623, 199.99, 75
2026/09/21 01:36:57.719, 100, 28112, 32623, 200.01, 74
2026/09/21 01:36:58.719, 100, 28112, 32623, 199.98, 74
2026/09/21 01:36:59.721, 100, 28112, 32623, 200.17, 75
2026/09/21 01:37:00.722, 100, 28112, 32623, 200.02, 74
2026/09/21 01:37:01.722, 100, 28112, 32623, 199.99, 74
2026/09/21 01:37:02.722, 100, 28112, 32623, 200.00, 75
2026/09/21 01:37:03.722, 98, 28112, 32623, 199.79, 73
2026/09/21 01:37:04.723, 100, 28112, 32623, 200.06, 76
2026/09/21 01:37:05.723, 100, 28112, 32623, 199.99, 74
2026/09/21 01:37:06.723, 100, 28112, 32623, 200.02, 74
2026/09/21 01:37:07.724, 100, 28112, 32623, 199.97, 75
2026/09/21 01:37:08.724, 99, 28112, 32623, 199.90, 75
2026/09/21 01:37:09.724, 100, 28112, 32623, 200.00, 76
2026/09/21 01:37:10.724, 100, 28112, 32623, 200.02, 74
2026/09/21 01:37:11.725, 100, 28112, 32623, 200.00, 76
2026/09/21 01:37:12.725, 100, 28112, 32623, 200.05, 74
2026/09/21 01:37:13.725, 100, 28112, 32623, 199.99, 75
2026/09/21 01:37:14.725, 100, 28112, 32623, 199.99, 74
2026/09/21 01:37:15.726, 100, 28112, 32623, 199.98, 75
2026/09/21 01:37:16.726, 98, 28112, 32623, 199.69, 74
2026/09/21 01:37:17.726, 100, 28112, 32623, 200.32, 75
2026/09/21 01:37:18.727, 100, 28112, 32623, 199.99, 76
2026/09/21 01:37:19.727, 100, 28112, 32623, 199.97, 73
2026/09/21 01:37:20.727, 100, 28112, 32623, 200.00, 75
2026/09/21 01:37:21.727, 100, 28112, 32623, 200.01, 76
2026/09/21 01:37:22.728, 100, 28112, 32623, 199.97, 75
2026/09/21 01:37:23.728, 100, 28112, 32623, 199.98, 75
2026/09/21 01:37:24.728, 98, 28112, 32623, 199.63, 74
2026/09/21 01:37:25.728, 100, 28112, 32623, 200.37, 74
2026/09/21 01:37:26.728, 100, 28112, 32623, 199.98, 75
2026/09/21 01:37:27.728, 100, 28112, 32623, 200.00, 74
2026/09/21 01:37:28.729, 100, 28112, 32623, 200.04, 73
2026/09/21 01:37:29.729, 100, 28112, 32623, 199.97, 74
2026/09/21 01:37:30.729, 100, 28112, 32623, 199.99, 76
2026/09/21 01:37:31.729, 100, 28112, 32623, 200.01, 75
2026/09/21 01:37:32.729, 100, 28112, 32623, 199.85, 75
2026/09/21 01:37:33.730, 100, 28112, 32623, 186.21, 75
2026/09/21 01:37:34.730, 100, 28112, 32623, 200.00, 75
2026/09/21 01:37:35.730, 98, 28112, 32623, 199.63, 73
2026/09/21 01:37:36.730, 100, 28112, 32623, 200.11, 73
2026/09/21 01:37:37.730, 100, 28112, 32623, 199.98, 73
2026/09/21 01:37:38.731, 100, 28112, 32623, 186.32, 74
2026/09/21 01:37:39.731, 100, 28112, 32623, 200.66, 74
2026/09/21 01:37:40.731, 100, 28112, 32623, 195.97, 75
2026/09/21 01:37:41.731, 100, 28112, 32623, 200.23, 74
2026/09/21 01:37:42.731, 99, 28112, 32623, 196.37, 72
2026/09/21 01:37:43.732, 96, 28112, 32623, 199.00, 71
2026/09/21 01:37:44.732, 96, 28112, 32623, 200.02, 71
2026/09/21 01:37:45.732, 95, 28112, 32623, 200.00, 71
2026/09/21 01:37:46.732, 95, 28112, 32623, 199.99, 71
2026/09/21 01:37:47.733, 95, 28112, 32623, 199.95, 71
2026/09/21 01:37:48.733, 95, 28112, 32623, 200.04, 72
2026/09/21 01:37:49.733, 95, 28112, 32623, 199.99, 72
2026/09/21 01:37:50.733, 95, 28112, 32623, 199.97, 72
2026/09/21 01:37:51.734, 95, 28112, 32623, 200.04, 72
2026/09/21 01:37:52.734, 96, 28112, 32623, 200.05, 72
2026/09/21 01:37:53.734, 0, 28112, 32623, 169.49, 64
2026/09/21 01:37:54.734, 0, 28112, 32623, 78.08, 61
2026/09/21 01:37:55.735, 100, 28112, 32623, 155.24, 70
2026/09/21 01:37:56.735, 100, 28112, 32623, 200.00, 71
2026/09/21 01:37:57.735, 100, 28112, 32623, 200.00, 71
2026/09/21 01:37:58.735, 100, 28112, 32623, 199.99, 71
2026/09/21 01:37:59.736, 100, 28112, 32623, 200.00, 72
2026/09/21 01:38:00.736, 100, 28112, 32623, 200.00, 72
2026/09/21 01:38:01.736, 100, 28112, 32623, 199.98, 72
2026/09/21 01:38:02.736, 100, 28112, 32623, 200.02, 72
2026/09/21 01:38:03.736, 100, 28112, 32623, 200.01, 73
2026/09/21 01:38:04.737, 100, 28112, 32623, 199.99, 73
2026/09/21 01:38:05.737, 100, 28112, 32623, 200.02, 72
2026/09/21 01:38:06.737, 100, 28112, 32623, 200.00, 72
2026/09/21 01:38:07.737, 100, 28112, 32623, 199.99, 73
2026/09/21 01:38:08.738, 100, 28112, 32623, 200.02, 73
2026/09/21 01:38:09.738, 99, 28112, 32623, 199.81, 73
2026/09/21 01:38:10.738, 100, 28112, 32623, 200.21, 72
2026/09/21 01:38:11.739, 100, 28112, 32623, 199.99, 72
2026/09/21 01:38:12.739, 100, 28112, 32623, 200.00, 72
2026/09/21 01:38:13.739, 100, 28112, 32623, 199.98, 74
2026/09/21 01:38:14.739, 100, 28112, 32623, 199.98, 74
2026/09/21 01:38:15.740, 97, 28112, 32623, 199.45, 74
2026/09/21 01:38:16.740, 100, 28112, 32623, 200.57, 73
2026/09/21 01:38:17.740, 100, 28112, 32623, 199.98, 74
2026/09/21 01:38:18.740, 100, 28112, 32623, 199.99, 73
2026/09/21 01:38:19.741, 100, 28112, 32623, 199.98, 73
2026/09/21 01:38:20.741, 99, 28112, 32623, 199.84, 74
2026/09/21 01:38:21.741, 100, 28112, 32623, 200.23, 73
2026/09/21 01:38:22.741, 100, 28112, 32623, 199.99, 73
2026/09/21 01:38:23.741, 100, 28112, 32623, 199.99, 73
2026/09/21 01:38:24.742, 98, 28112, 32623, 199.77, 74
2026/09/21 01:38:25.742, 100, 28112, 32623, 200.25, 74
2026/09/21 01:38:26.742, 100, 28112, 32623, 200.01, 74
2026/09/21 01:38:27.742, 100, 28112, 32623, 199.98, 73
2026/09/21 01:38:28.743, 97, 28112, 32623, 199.45, 72
2026/09/21 01:38:29.743, 100, 28112, 32623, 200.56, 74
2026/09/21 01:38:30.743, 100, 28112, 32623, 200.00, 73
2026/09/21 01:38:31.744, 100, 28112, 32623, 199.99, 75
2026/09/21 01:38:32.744, 100, 28112, 32623, 200.04, 73
2026/09/21 01:38:33.744, 100, 28112, 32623, 184.53, 73
2026/09/21 01:38:34.744, 100, 28112, 32623, 199.99, 73
2026/09/21 01:38:35.745, 100, 28112, 32623, 200.04, 75
2026/09/21 01:38:36.745, 100, 28112, 32623, 199.99, 75
2026/09/21 01:38:37.745, 100, 28112, 32623, 199.99, 74
2026/09/21 01:38:38.745, 99, 28112, 32623, 199.79, 74
2026/09/21 01:38:39.746, 100, 28112, 32623, 200.22, 74
2026/09/21 01:38:40.746, 100, 28112, 32623, 200.02, 73
2026/09/21 01:38:41.746, 97, 28112, 32623, 199.50, 75
2026/09/21 01:38:42.746, 100, 28112, 32623, 200.56, 74
2026/09/21 01:38:43.747, 100, 28112, 32623, 199.99, 72
2026/09/21 01:38:44.747, 97, 28112, 32623, 199.77, 75
2026/09/21 01:38:45.747, 100, 28112, 32623, 199.97, 74
2026/09/21 01:38:46.748, 100, 28112, 32623, 200.02, 75
2026/09/21 01:38:47.748, 100, 28112, 32623, 199.99, 74
2026/09/21 01:38:48.748, 100, 28112, 32623, 200.00, 75
2026/09/21 01:38:49.749, 100, 28112, 32623, 199.98, 75
2026/09/21 01:38:50.749, 100, 28112, 32623, 200.03, 73
2026/09/21 01:38:51.749, 100, 28112, 32623, 199.99, 74
2026/09/21 01:38:52.749, 100, 28112, 32623, 199.98, 74
2026/09/21 01:38:53.750, 100, 28112, 32623, 200.03, 73
2026/09/21 01:38:54.750, 100, 28112, 32623, 200.02, 74
2026/09/21 01:38:55.750, 98, 28112, 32623, 199.51, 75
2026/09/21 01:38:56.750, 100, 28112, 32623, 200.54, 73
2026/09/21 01:38:57.750, 100, 28112, 32623, 199.99, 75
2026/09/21 01:38:58.750, 100, 28112, 32623, 200.02, 75
2026/09/21 01:38:59.751, 100, 28112, 32623, 199.98, 73
2026/09/21 01:39:00.751, 100, 28112, 32623, 199.98, 75
2026/09/21 01:39:01.751, 100, 28112, 32623, 200.01, 75
2026/09/21 01:39:02.751, 100, 28112, 32623, 200.01, 74
2026/09/21 01:39:03.751, 100, 28112, 32623, 200.00, 74
2026/09/21 01:39:04.752, 100, 28112, 32623, 199.99, 74
2026/09/21 01:39:05.752, 98, 28112, 32623, 199.74, 73
2026/09/21 01:39:06.752, 100, 28112, 32623, 200.27, 74
2026/09/21 01:39:07.752, 100, 28112, 32623, 199.98, 73
2026/09/21 01:39:08.752, 100, 28112, 32623, 200.02, 75
2026/09/21 01:39:09.753, 100, 28112, 32623, 199.97, 75
2026/09/21 01:39:10.753, 100, 28112, 32623, 200.00, 74
2026/09/21 01:39:11.753, 100, 28112, 32623, 199.98, 73
2026/09/21 01:39:12.753, 100, 28112, 32623, 199.99, 73
2026/09/21 01:39:13.754, 100, 28112, 32623, 200.28, 75
2026/09/21 01:39:14.754, 100, 28112, 32623, 199.98, 74
2026/09/21 01:39:15.754, 100, 28112, 32623, 200.02, 75
2026/09/21 01:39:16.754, 100, 28112, 32623, 199.99, 74
2026/09/21 01:39:17.755, 100, 28112, 32623, 200.00, 75
2026/09/21 01:39:18.755, 100, 28112, 32623, 199.98, 73
2026/09/21 01:39:19.755, 98, 28112, 32623, 199.55, 74
2026/09/21 01:39:20.756, 100, 28112, 32623, 199.99, 73
2026/09/21 01:39:21.756, 100, 28112, 32623, 199.97, 75
2026/09/21 01:39:22.756, 100, 28112, 32623, 200.04, 75
2026/09/21 01:39:23.758, 100, 28112, 32623, 199.99, 73
2026/09/21 01:39:24.758, 100, 28112, 32623, 200.00, 73
2026/09/21 01:39:25.760, 100, 28112, 32623, 185.97, 73
2026/09/21 01:39:26.760, 100, 28112, 32623, 200.11, 74
2026/09/21 01:39:27.760, 100, 28112, 32623, 200.01, 74
2026/09/21 01:39:28.761, 100, 28112, 32623, 199.99, 73
2026/09/21 01:39:29.761, 100, 28112, 32623, 200.00, 75
2026/09/21 01:39:30.761, 100, 28112, 32623, 200.01, 73
2026/09/21 01:39:31.761, 100, 28112, 32623, 199.99, 74
2026/09/21 01:39:32.762, 100, 28112, 32623, 200.00, 74
2026/09/21 01:39:33.762, 100, 28112, 32623, 199.99, 73
2026/09/21 01:39:34.762, 99, 28112, 32623, 200.00, 75
2026/09/21 01:39:35.763, 100, 28112, 32623, 200.02, 75
2026/09/21 01:39:36.763, 97, 28112, 32623, 199.51, 75
2026/09/21 01:39:37.763, 100, 28112, 32623, 199.99, 74
2026/09/21 01:39:38.763, 98, 28112, 32623, 199.75, 74
2026/09/21 01:39:39.764, 100, 28112, 32623, 200.27, 75
2026/09/21 01:39:40.764, 100, 28112, 32623, 199.94, 76
2026/09/21 01:39:41.764, 100, 28112, 32623, 200.06, 74
2026/09/21 01:39:42.764, 100, 28112, 32623, 199.96, 75
2026/09/21 01:39:43.765, 100, 28112, 32623, 200.03, 73
2026/09/21 01:39:44.765, 100, 28112, 32623, 199.96, 75
2026/09/21 01:39:45.765, 100, 28112, 32623, 200.27, 73
2026/09/21 01:39:46.765, 100, 28112, 32623, 199.96, 75
2026/09/21 01:39:47.766, 100, 28112, 32623, 200.02, 73
2026/09/21 01:39:48.766, 100, 28112, 32623, 199.97, 76
2026/09/21 01:39:49.766, 100, 28112, 32623, 200.02, 75
2026/09/21 01:39:50.767, 98, 28112, 32623, 199.80, 74
2026/09/21 01:39:51.767, 100, 28112, 32623, 200.10, 75
2026/09/21 01:39:52.767, 98, 28112, 32623, 199.71, 73
2026/09/21 01:39:53.768, 100, 28112, 32623, 200.34, 73
2026/09/21 01:39:54.768, 99, 28112, 32623, 199.85, 74
2026/09/21 01:39:55.768, 100, 28112, 32623, 200.15, 74
2026/09/21 01:39:56.768, 100, 28112, 32623, 199.99, 75
2026/09/21 01:39:57.769, 100, 28112, 32623, 200.02, 75
2026/09/21 01:39:58.769, 100, 28112, 32623, 199.97, 75
2026/09/21 01:39:59.770, 100, 28112, 32623, 200.01, 74
2026/09/21 01:40:00.770, 100, 28112, 32623, 200.01, 74
2026/09/21 01:40:01.770, 100, 28112, 32623, 199.99, 73
2026/09/21 01:40:02.771, 100, 28112, 32623, 200.02, 75
2026/09/21 01:40:03.771, 100, 28112, 32623, 200.00, 74
2026/09/21 01:40:04.771, 100, 28112, 32623, 200.01, 75
2026/09/21 01:40:05.771, 100, 28112, 32623, 199.99, 73
2026/09/21 01:40:06.772, 100, 28112, 32623, 200.01, 75
2026/09/21 01:40:07.772, 100, 28112, 32623, 199.98, 75
2026/09/21 01:40:08.772, 100, 28112, 32623, 200.01, 75
2026/09/21 01:40:09.773, 100, 28112, 32623, 199.96, 76
2026/09/21 01:40:10.773, 100, 28112, 32623, 200.34, 74
2026/09/21 01:40:11.773, 99, 28112, 32623, 199.82, 75
2026/09/21 01:40:12.774, 100, 28112, 32623, 200.21, 75
2026/09/21 01:40:13.774, 100, 28112, 32623, 199.99, 75
2026/09/21 01:40:14.774, 100, 28112, 32623, 199.99, 74
2026/09/21 01:40:15.774, 100, 28112, 32623, 200.01, 75
2026/09/21 01:40:16.775, 100, 28112, 32623, 200.02, 75
2026/09/21 01:40:17.775, 100, 28112, 32623, 199.97, 74
2026/09/21 01:40:18.775, 100, 28112, 32623, 200.01, 73
2026/09/21 01:40:19.775, 100, 28112, 32623, 200.00, 75
2026/09/21 01:40:20.775, 98, 28112, 32623, 199.82, 74
2026/09/21 01:40:21.776, 100, 28112, 32623, 200.20, 75
2026/09/21 01:40:22.776, 100, 28112, 32623, 199.98, 73
2026/09/21 01:40:23.776, 100, 28112, 32623, 199.99, 75
2026/09/21 01:40:24.777, 100, 28112, 32623, 199.97, 74
2026/09/21 01:40:25.777, 100, 28112, 32623, 200.02, 75
2026/09/21 01:40:26.777, 100, 28112, 32623, 199.99, 74
2026/09/21 01:40:27.778, 100, 28112, 32623, 200.02, 75
2026/09/21 01:40:28.778, 100, 28112, 32623, 200.03, 74
2026/09/21 01:40:29.778, 99, 28112, 32623, 199.91, 76
2026/09/21 01:40:30.778, 100, 28112, 32623, 200.10, 75
2026/09/21 01:40:31.779, 100, 28112, 32623, 200.00, 74
2026/09/21 01:40:32.779, 100, 28112, 32623, 186.05, 75
2026/09/21 01:40:33.779, 100, 28112, 32623, 200.03, 75
2026/09/21 01:40:34.779, 100, 28112, 32623, 199.92, 74
2026/09/21 01:40:35.780, 100, 28112, 32623, 200.06, 75
2026/09/21 01:40:36.780, 100, 28112, 32623, 199.99, 75
2026/09/21 01:40:37.780, 100, 28112, 32623, 199.97, 74
2026/09/21 01:40:38.781, 100, 28112, 32623, 200.01, 74
2026/09/21 01:40:39.781, 100, 28112, 32623, 199.99, 75
2026/09/21 01:40:40.781, 100, 28112, 32623, 199.99, 75
2026/09/21 01:40:41.781, 100, 28112, 32623, 199.97, 76
2026/09/21 01:40:42.782, 100, 28112, 32623, 200.22, 76
2026/09/21 01:40:43.782, 100, 28112, 32623, 199.99, 75
2026/09/21 01:40:44.782, 100, 28112, 32623, 200.00, 74
2026/09/21 01:40:45.782, 100, 28112, 32623, 200.01, 74
2026/09/21 01:40:46.783, 100, 28112, 32623, 199.97, 74
2026/09/21 01:40:47.783, 100, 28112, 32623, 200.00, 73
2026/09/21 01:40:48.783, 99, 28112, 32623, 199.88, 75
2026/09/21 01:40:49.784, 100, 28112, 32623, 200.13, 73
2026/09/21 01:40:50.784, 100, 28112, 32623, 199.99, 73
2026/09/21 01:40:51.784, 100, 28112, 32623, 199.98, 74
2026/09/21 01:40:52.784, 100, 28112, 32623, 199.98, 74
2026/09/21 01:40:53.785, 98, 28112, 32623, 199.82, 74
2026/09/21 01:40:54.785, 100, 28112, 32623, 200.19, 73
2026/09/21 01:40:55.785, 100, 28112, 32623, 200.01, 75
2026/09/21 01:40:56.786, 100, 28112, 32623, 200.01, 74
2026/09/21 01:40:57.786, 100, 28112, 32623, 199.99, 75
2026/09/21 01:40:58.786, 100, 28112, 32623, 199.99, 76
2026/09/21 01:40:59.787, 100, 28112, 32623, 200.21, 75
2026/09/21 01:41:00.787, 100, 28112, 32623, 200.00, 73
2026/09/21 01:41:01.787, 100, 28112, 32623, 199.99, 73
2026/09/21 01:41:02.787, 100, 28112, 32623, 200.02, 75
2026/09/21 01:41:03.788, 100, 28112, 32623, 199.95, 76
2026/09/21 01:41:04.788, 100, 28112, 32623, 200.23, 75
2026/09/21 01:41:05.788, 100, 28112, 32623, 200.02, 74
2026/09/21 01:41:06.789, 100, 28112, 32623, 200.01, 74
2026/09/21 01:41:07.789, 100, 28112, 32623, 200.02, 75
2026/09/21 01:41:08.789, 100, 28112, 32623, 199.89, 75
2026/09/21 01:41:09.789, 100, 28112, 32623, 200.12, 74
2026/09/21 01:41:10.789, 100, 28112, 32623, 200.00, 75
2026/09/21 01:41:11.790, 100, 28112, 32623, 199.96, 75
2026/09/21 01:41:12.790, 100, 28112, 32623, 200.02, 76
2026/09/21 01:41:13.790, 99, 28112, 32623, 199.95, 76
2026/09/21 01:41:14.790, 100, 28112, 32623, 200.05, 73
2026/09/21 01:41:15.790, 100, 28112, 32623, 199.99, 76
2026/09/21 01:41:16.790, 100, 28112, 32623, 199.98, 75
2026/09/21 01:41:17.791, 100, 28112, 32623, 200.01, 75
2026/09/21 01:41:18.791, 100, 28112, 32623, 199.99, 74
2026/09/21 01:41:19.791, 100, 28112, 32623, 200.01, 74
2026/09/21 01:41:20.791, 100, 28112, 32623, 200.00, 75
2026/09/21 01:41:21.791, 100, 28112, 32623, 199.95, 73
2026/09/21 01:41:22.792, 100, 28112, 32623, 200.03, 75
2026/09/21 01:41:23.792, 100, 28112, 32623, 200.01, 76
2026/09/21 01:41:24.792, 100, 28112, 32623, 200.01, 75
2026/09/21 01:41:25.792, 100, 28112, 32623, 200.01, 75
2026/09/21 01:41:26.792, 99, 28112, 32623, 199.93, 76
2026/09/21 01:41:27.793, 100, 28112, 32623, 200.10, 76
2026/09/21 01:41:28.793, 100, 28112, 32623, 199.99, 73
2026/09/21 01:41:29.793, 100, 28112, 32623, 199.99, 76
2026/09/21 01:41:30.793, 100, 28112, 32623, 200.02, 74
2026/09/21 01:41:31.793, 100, 28112, 32623, 199.99, 74
2026/09/21 01:41:32.794, 100, 28112, 32623, 199.99, 76
2026/09/21 01:41:33.794, 100, 28112, 32623, 200.01, 73
2026/09/21 01:41:34.794, 99, 28112, 32623, 199.91, 76
2026/09/21 01:41:35.794, 100, 28112, 32623, 200.12, 76
2026/09/21 01:41:36.795, 100, 28112, 32623, 200.00, 75
2026/09/21 01:41:37.795, 100, 28112, 32623, 199.98, 75
2026/09/21 01:41:38.795, 100, 28112, 32623, 200.02, 75
2026/09/21 01:41:39.795, 100, 28112, 32623, 199.98, 76
2026/09/21 01:41:40.796, 100, 28112, 32623, 199.98, 73
2026/09/21 01:41:41.796, 100, 28112, 32623, 200.00, 74
2026/09/21 01:41:42.796, 100, 28112, 32623, 200.00, 75
2026/09/21 01:41:43.796, 100, 28112, 32623, 184.89, 74
2026/09/21 01:41:44.797, 100, 28112, 32623, 200.02, 73
2026/09/21 01:41:45.797, 99, 28112, 32623, 199.87, 75
2026/09/21 01:41:46.797, 100, 28112, 32623, 200.14, 75
2026/09/21 01:41:47.797, 100, 28112, 32623, 199.98, 75
2026/09/21 01:41:48.798, 62, 28112, 32623, 182.51, 71
2026/09/21 01:41:49.798, 100, 28112, 32623, 203.13, 74
2026/09/21 01:41:50.798, 100, 28112, 32623, 195.34, 74
2026/09/21 01:41:51.799, 100, 28112, 32623, 200.25, 74
2026/09/21 01:41:52.799, 100, 28112, 32623, 196.18, 73
2026/09/21 01:41:53.799, 95, 28112, 32623, 198.88, 73
2026/09/21 01:41:54.799, 95, 28112, 32623, 199.91, 73
2026/09/21 01:41:55.800, 95, 28112, 32623, 199.95, 73
2026/09/21 01:41:56.800, 95, 28112, 32623, 200.01, 73
2026/09/21 01:41:57.800, 95, 28112, 32623, 200.43, 73
2026/09/21 01:41:58.800, 95, 28112, 32623, 200.07, 73
2026/09/21 01:41:59.801, 95, 28112, 32623, 199.95, 73
2026/09/21 01:42:00.801, 95, 28112, 32623, 199.98, 73
2026/09/21 01:42:01.801, 95, 28112, 32623, 199.83, 72
2026/09/21 01:42:02.801, 95, 28112, 32623, 200.11, 72
2026/09/21 01:42:03.802, 25, 28112, 32623, 190.15, 67
2026/09/21 01:42:04.802, 0, 28112, 32623, 61.49, 61
2026/09/21 01:42:05.802, 100, 28112, 32623, 147.50, 71
2026/09/21 01:42:06.802, 100, 28112, 32623, 200.02, 71
2026/09/21 01:42:07.803, 100, 28112, 32623, 200.00, 71
2026/09/21 01:42:08.803, 100, 28112, 32623, 200.01, 71
2026/09/21 01:42:09.803, 100, 28112, 32623, 199.97, 72
2026/09/21 01:42:10.803, 100, 28112, 32623, 200.03, 72
2026/09/21 01:42:11.804, 100, 28112, 32623, 199.99, 72
2026/09/21 01:42:12.804, 100, 28112, 32623, 200.01, 72
2026/09/21 01:42:13.804, 100, 28112, 32623, 199.98, 73
2026/09/21 01:42:14.804, 100, 28112, 32623, 199.98, 72
2026/09/21 01:42:15.805, 100, 28112, 32623, 200.01, 73
2026/09/21 01:42:16.805, 100, 28112, 32623, 199.94, 73
2026/09/21 01:42:17.805, 97, 28112, 32623, 199.86, 73
2026/09/21 01:42:18.806, 100, 28112, 32623, 200.38, 72
2026/09/21 01:42:19.806, 100, 28112, 32623, 199.97, 72
2026/09/21 01:42:20.806, 100, 28112, 32623, 199.99, 73
2026/09/21 01:42:21.807, 100, 28112, 32623, 200.00, 74
2026/09/21 01:42:22.807, 100, 28112, 32623, 199.99, 72
2026/09/21 01:42:23.807, 100, 28112, 32623, 199.96, 73
2026/09/21 01:42:24.808, 98, 28112, 32623, 199.48, 73
2026/09/21 01:42:25.808, 100, 28112, 32623, 199.98, 73
2026/09/21 01:42:26.808, 100, 28112, 32623, 200.00, 73
2026/09/21 01:42:27.808, 100, 28112, 32623, 200.00, 74
2026/09/21 01:42:28.809, 100, 28112, 32623, 199.96, 72
2026/09/21 01:42:29.809, 97, 28112, 32623, 199.61, 73
2026/09/21 01:42:30.809, 100, 28112, 32623, 200.43, 74
2026/09/21 01:42:31.810, 100, 28112, 32623, 199.99, 73
2026/09/21 01:42:32.810, 100, 28112, 32623, 199.98, 73
2026/09/21 01:42:33.810, 100, 28112, 32623, 200.01, 73
2026/09/21 01:42:34.810, 100, 28112, 32623, 200.28, 73
2026/09/21 01:42:35.811, 100, 28112, 32623, 200.00, 74
2026/09/21 01:42:36.811, 100, 28112, 32623, 200.01, 74
2026/09/21 01:42:37.811, 100, 28112, 32623, 199.96, 73
2026/09/21 01:42:38.811, 100, 28112, 32623, 200.28, 73
2026/09/21 01:42:39.811, 100, 28112, 32623, 199.99, 74
2026/09/21 01:42:40.812, 100, 28112, 32623, 199.99, 74
2026/09/21 01:42:41.812, 97, 28112, 32623, 199.59, 75
2026/09/21 01:42:42.812, 100, 28112, 32623, 199.99, 74
2026/09/21 01:42:43.812, 100, 28112, 32623, 189.75, 75
2026/09/21 01:42:44.812, 100, 28112, 32623, 200.00, 75
2026/09/21 01:42:45.813, 100, 28112, 32623, 200.03, 73
2026/09/21 01:42:46.813, 100, 28112, 32623, 199.99, 73
2026/09/21 01:42:47.814, 100, 28112, 32623, 199.97, 73
2026/09/21 01:42:48.814, 100, 28112, 32623, 200.05, 74
2026/09/21 01:42:49.814, 100, 28112, 32623, 199.98, 73
2026/09/21 01:42:50.815, 100, 28112, 32623, 200.01, 74
2026/09/21 01:42:51.815, 100, 28112, 32623, 200.05, 72
2026/09/21 01:42:52.815, 100, 28112, 32623, 199.99, 75
2026/09/21 01:42:53.816, 100, 28112, 32623, 200.01, 73
2026/09/21 01:42:54.816, 100, 28112, 32623, 200.00, 73
2026/09/21 01:42:55.816, 100, 28112, 32623, 199.99, 73
2026/09/21 01:42:56.816, 100, 28112, 32623, 200.01, 75
2026/09/21 01:42:57.817, 100, 28112, 32623, 199.99, 73
2026/09/21 01:42:58.817, 100, 28112, 32623, 200.00, 74
2026/09/21 01:42:59.817, 100, 28112, 32623, 199.94, 74
2026/09/21 01:43:00.817, 100, 28112, 32623, 200.09, 73
2026/09/21 01:43:01.818, 100, 28112, 32623, 199.99, 74
2026/09/21 01:43:02.818, 98, 28112, 32623, 199.57, 73
2026/09/21 01:43:03.818, 100, 28112, 32623, 199.98, 73
2026/09/21 01:43:04.819, 100, 28112, 32623, 200.00, 73
2026/09/21 01:43:05.819, 100, 28112, 32623, 200.00, 73
2026/09/21 01:43:06.819, 100, 28112, 32623, 200.02, 74
2026/09/21 01:43:07.819, 100, 28112, 32623, 199.92, 75
2026/09/21 01:43:08.820, 100, 28112, 32623, 200.03, 75
2026/09/21 01:43:09.820, 100, 28112, 32623, 199.99, 73
2026/09/21 01:43:10.820, 100, 28112, 32623, 199.99, 73
2026/09/21 01:43:11.820, 100, 28112, 32623, 200.01, 75
2026/09/21 01:43:12.821, 100, 28112, 32623, 199.97, 74
2026/09/21 01:43:13.821, 100, 28112, 32623, 200.04, 74
2026/09/21 01:43:14.821, 100, 28112, 32623, 199.97, 73
2026/09/21 01:43:15.821, 100, 28112, 32623, 200.02, 74
2026/09/21 01:43:16.822, 100, 28112, 32623, 199.99, 73
2026/09/21 01:43:17.822, 100, 28112, 32623, 199.93, 73
2026/09/21 01:43:18.822, 100, 28112, 32623, 200.14, 75
2026/09/21 01:43:19.823, 100, 28112, 32623, 200.01, 75
2026/09/21 01:43:20.823, 100, 28112, 32623, 199.99, 74
2026/09/21 01:43:21.823, 100, 28112, 32623, 199.98, 73
2026/09/21 01:43:22.823, 99, 28112, 32623, 199.84, 75
2026/09/21 01:43:23.824, 100, 28112, 32623, 200.17, 75
2026/09/21 01:43:24.824, 100, 28112, 32623, 199.93, 75
2026/09/21 01:43:25.824, 100, 28112, 32623, 200.07, 75
2026/09/21 01:43:26.825, 100, 28112, 32623, 199.98, 75
2026/09/21 01:43:27.825, 100, 28112, 32623, 200.00, 75
2026/09/21 01:43:28.825, 100, 28112, 32623, 199.97, 75
2026/09/21 01:43:29.825, 100, 28112, 32623, 200.02, 75
2026/09/21 01:43:30.825, 100, 28112, 32623, 199.99, 73
2026/09/21 01:43:31.826, 98, 28112, 32623, 199.51, 76
2026/09/21 01:43:32.826, 100, 28112, 32623, 200.49, 75
2026/09/21 01:43:33.826, 100, 28112, 32623, 199.92, 73
2026/09/21 01:43:34.826, 100, 28112, 32623, 200.16, 74
2026/09/21 01:43:35.826, 100, 28112, 32623, 182.98, 73
2026/09/21 01:43:36.827, 100, 28112, 32623, 201.74, 73
2026/09/21 01:43:37.827, 100, 28112, 32623, 199.99, 75
2026/09/21 01:43:38.827, 100, 28112, 32623, 200.01, 73
2026/09/21 01:43:39.828, 100, 28112, 32623, 200.00, 75
2026/09/21 01:43:40.828, 100, 28112, 32623, 199.99, 73
2026/09/21 01:43:41.828, 100, 28112, 32623, 199.99, 75
2026/09/21 01:43:42.828, 100, 28112, 32623, 199.99, 73
2026/09/21 01:43:43.829, 100, 28112, 32623, 200.02, 74
2026/09/21 01:43:44.829, 100, 28112, 32623, 199.99, 74
2026/09/21 01:43:45.829, 100, 28112, 32623, 200.00, 74
2026/09/21 01:43:46.829, 100, 28112, 32623, 200.00, 75
2026/09/21 01:43:47.830, 100, 28112, 32623, 200.00, 75
2026/09/21 01:43:48.830, 100, 28112, 32623, 200.01, 74
2026/09/21 01:43:49.830, 100, 28112, 32623, 200.01, 74
2026/09/21 01:43:50.830, 100, 28112, 32623, 200.00, 75
2026/09/21 01:43:51.831, 100, 28112, 32623, 200.00, 73
2026/09/21 01:43:52.831, 100, 28112, 32623, 200.01, 75
2026/09/21 01:43:53.831, 100, 28112, 32623, 199.98, 74
2026/09/21 01:43:54.831, 99, 28112, 32623, 199.80, 75
2026/09/21 01:43:55.832, 100, 28112, 32623, 199.99, 75
2026/09/21 01:43:56.832, 99, 28112, 32623, 200.00, 75
2026/09/21 01:43:57.832, 100, 28112, 32623, 199.99, 73
2026/09/21 01:43:58.832, 100, 28112, 32623, 199.98, 75
2026/09/21 01:43:59.833, 100, 28112, 32623, 200.00, 74
2026/09/21 01:44:00.833, 100, 28112, 32623, 200.00, 74
2026/09/21 01:44:01.833, 100, 28112, 32623, 200.01, 76
2026/09/21 01:44:02.834, 100, 28112, 32623, 200.00, 74
2026/09/21 01:44:03.834, 100, 28112, 32623, 200.01, 74
2026/09/21 01:44:04.846, 100, 28112, 32623, 199.98, 75
2026/09/21 01:44:05.846, 100, 28112, 32623, 199.99, 76
2026/09/21 01:44:06.847, 100, 28112, 32623, 199.97, 76
2026/09/21 01:44:07.847, 100, 28112, 32623, 199.98, 74
2026/09/21 01:44:08.847, 100, 28112, 32623, 200.01, 73
2026/09/21 01:44:09.848, 100, 28112, 32623, 200.00, 75
2026/09/21 01:44:10.848, 100, 28112, 32623, 200.00, 73
2026/09/21 01:44:11.848, 100, 28112, 32623, 200.01, 75
2026/09/21 01:44:12.849, 100, 28112, 32623, 199.97, 75
2026/09/21 01:44:13.849, 100, 28112, 32623, 200.00, 75
2026/09/21 01:44:14.849, 100, 28112, 32623, 200.00, 75
2026/09/21 01:44:15.849, 100, 28112, 32623, 199.96, 75
2026/09/21 01:44:16.850, 100, 28112, 32623, 200.02, 73
2026/09/21 01:44:17.850, 99, 28112, 32623, 199.91, 74
2026/09/21 01:44:18.850, 100, 28112, 32623, 200.12, 74
2026/09/21 01:44:19.850, 99, 28112, 32623, 199.77, 76
2026/09/21 01:44:20.850, 100, 28112, 32623, 200.00, 76
2026/09/21 01:44:21.851, 100, 28112, 32623, 199.97, 74
2026/09/21 01:44:22.851, 100, 28112, 32623, 200.00, 74
2026/09/21 01:44:23.851, 100, 28112, 32623, 200.01, 74
2026/09/21 01:44:24.851, 100, 28112, 32623, 200.01, 75
2026/09/21 01:44:25.852, 100, 28112, 32623, 200.00, 75
2026/09/21 01:44:26.852, 100, 28112, 32623, 200.00, 73
2026/09/21 01:44:27.852, 100, 28112, 32623, 200.02, 76
2026/09/21 01:44:28.852, 100, 28112, 32623, 199.96, 76
2026/09/21 01:44:29.853, 100, 28112, 32623, 200.05, 74
2026/09/21 01:44:30.853, 100, 28112, 32623, 199.98, 75
2026/09/21 01:44:31.853, 100, 28112, 32623, 200.01, 73
2026/09/21 01:44:32.853, 100, 28112, 32623, 199.98, 75
2026/09/21 01:44:33.854, 100, 28112, 32623, 200.02, 75
2026/09/21 01:44:34.854, 100, 28112, 32623, 200.02, 76
2026/09/21 01:44:35.854, 100, 28112, 32623, 199.97, 75
2026/09/21 01:44:36.855, 100, 28112, 32623, 200.05, 76
2026/09/21 01:44:37.855, 98, 28112, 32623, 199.90, 75
2026/09/21 01:44:38.855, 100, 28112, 32623, 200.08, 75
2026/09/21 01:44:39.855, 100, 28112, 32623, 200.02, 76
2026/09/21 01:44:40.855, 100, 28112, 32623, 199.99, 75
2026/09/21 01:44:41.856, 100, 28112, 32623, 200.00, 75
2026/09/21 01:44:42.856, 100, 28112, 32623, 183.61, 73
2026/09/21 01:44:43.856, 100, 28112, 32623, 200.42, 73
2026/09/21 01:44:44.857, 98, 28112, 32623, 199.58, 76
2026/09/21 01:44:45.857, 100, 28112, 32623, 200.45, 75
2026/09/21 01:44:46.857, 100, 28112, 32623, 200.01, 74
2026/09/21 01:44:47.857, 100, 28112, 32623, 199.99, 75
2026/09/21 01:44:48.858, 100, 28112, 32623, 199.98, 75
2026/09/21 01:44:49.858, 100, 28112, 32623, 200.01, 75
2026/09/21 01:44:50.858, 100, 28112, 32623, 200.02, 74
2026/09/21 01:44:51.858, 99, 28112, 32623, 199.85, 73
2026/09/21 01:44:52.859, 100, 28112, 32623, 199.99, 74
2026/09/21 01:44:53.859, 100, 28112, 32623, 199.98, 73
2026/09/21 01:44:54.859, 100, 28112, 32623, 200.02, 75
2026/09/21 01:44:55.859, 100, 28112, 32623, 199.98, 75
2026/09/21 01:44:56.860, 100, 28112, 32623, 199.97, 76
2026/09/21 01:44:57.860, 100, 28112, 32623, 200.18, 75
2026/09/21 01:44:58.860, 100, 28112, 32623, 199.98, 75
2026/09/21 01:44:59.861, 100, 28112, 32623, 200.00, 75
2026/09/21 01:45:00.861, 100, 28112, 32623, 199.99, 75
2026/09/21 01:45:01.861, 100, 28112, 32623, 199.99, 74
2026/09/21 01:45:02.861, 100, 28373, 32623, 200.05, 75
2026/09/21 01:45:03.865, 100, 28112, 32623, 199.94, 75
2026/09/21 01:45:04.866, 100, 28112, 32623, 199.99, 75
2026/09/21 01:45:05.866, 100, 28112, 32623, 200.01, 75
2026/09/21 01:45:06.867, 100, 28112, 32623, 200.02, 75
2026/09/21 01:45:07.867, 100, 28112, 32623, 200.00, 74
2026/09/21 01:45:08.867, 99, 28112, 32623, 199.84, 74
2026/09/21 01:45:09.867, 100, 28112, 32623, 200.02, 73
2026/09/21 01:45:10.868, 100, 28112, 32623, 199.98, 75
2026/09/21 01:45:11.868, 100, 28112, 32623, 200.03, 75
2026/09/21 01:45:12.868, 100, 28112, 32623, 199.99, 75
2026/09/21 01:45:13.869, 99, 28112, 32623, 199.86, 75
2026/09/21 01:45:14.869, 100, 28112, 32623, 200.13, 73
2026/09/21 01:45:15.869, 100, 28112, 32623, 200.00, 75
2026/09/21 01:45:16.869, 100, 28112, 32623, 199.98, 75
2026/09/21 01:45:17.870, 100, 28112, 32623, 200.00, 73
2026/09/21 01:45:18.870, 99, 28112, 32623, 199.84, 75
2026/09/21 01:45:19.870, 100, 28112, 32623, 200.00, 75
2026/09/21 01:45:20.870, 100, 28112, 32623, 200.00, 73
2026/09/21 01:45:21.870, 100, 28112, 32623, 199.98, 74
2026/09/21 01:45:22.871, 100, 28112, 32623, 200.01, 75
2026/09/21 01:45:23.871, 100, 28112, 32623, 199.98, 74
2026/09/21 01:45:24.871, 100, 28112, 32623, 200.03, 75
2026/09/21 01:45:25.871, 100, 28112, 32623, 199.99, 75
2026/09/21 01:45:26.871, 100, 28112, 32623, 199.95, 73
2026/09/21 01:45:27.872, 100, 28112, 32623, 200.03, 75
2026/09/21 01:45:28.872, 100, 28112, 32623, 200.01, 74
2026/09/21 01:45:29.872, 100, 28112, 32623, 200.01, 76
2026/09/21 01:45:30.873, 100, 28112, 32623, 199.97, 74
2026/09/21 01:45:31.873, 98, 28112, 32623, 199.63, 75
2026/09/21 01:45:32.873, 100, 28112, 32623, 200.14, 74
2026/09/21 01:45:33.873, 100, 28112, 32623, 200.00, 75
2026/09/21 01:45:34.874, 100, 28112, 32623, 199.98, 74
2026/09/21 01:45:35.874, 100, 28112, 32623, 200.01, 76
2026/09/21 01:45:36.874, 100, 28112, 32623, 199.99, 74
2026/09/21 01:45:37.875, 100, 28112, 32623, 199.99, 76
2026/09/21 01:45:38.875, 100, 28112, 32623, 200.00, 75
2026/09/21 01:45:39.875, 100, 28112, 32623, 199.95, 76
2026/09/21 01:45:40.875, 100, 28112, 32623, 200.42, 76
2026/09/21 01:45:41.876, 100, 28112, 32623, 200.00, 74
2026/09/21 01:45:42.876, 100, 28112, 32623, 199.98, 76
2026/09/21 01:45:43.876, 100, 28112, 32623, 200.02, 76
2026/09/21 01:45:44.877, 100, 28112, 32623, 200.02, 74
2026/09/21 01:45:45.877, 100, 28112, 32623, 199.99, 76
2026/09/21 01:45:46.877, 100, 28112, 32623, 200.01, 76
2026/09/21 01:45:47.877, 97, 28112, 32623, 199.83, 75
2026/09/21 01:45:48.878, 100, 28112, 32623, 200.05, 75
2026/09/21 01:45:49.878, 100, 28112, 32623, 199.97, 75
2026/09/21 01:45:50.878, 100, 28112, 32623, 200.01, 74
2026/09/21 01:45:51.878, 100, 28112, 32623, 200.01, 74
2026/09/21 01:45:52.878, 100, 28112, 32623, 200.00, 74
2026/09/21 01:45:53.879, 100, 28112, 32623, 184.40, 75
2026/09/21 01:45:54.879, 100, 28112, 32623, 200.00, 75
2026/09/21 01:45:55.879, 100, 28112, 32623, 200.01, 74
2026/09/21 01:45:56.879, 100, 28112, 32623, 199.98, 75
2026/09/21 01:45:57.879, 100, 28112, 32623, 200.01, 75
2026/09/21 01:45:58.879, 88, 28112, 32623, 198.80, 76
2026/09/21 01:45:59.880, 100, 28112, 32623, 186.59, 73
2026/09/21 01:46:00.880, 84, 28112, 32623, 193.60, 76
2026/09/21 01:46:01.880, 100, 28112, 32623, 201.96, 73
2026/09/21 01:46:02.880, 100, 28112, 32623, 195.93, 73
2026/09/21 01:46:03.880, 96, 28112, 32623, 199.29, 72
2026/09/21 01:46:04.881, 95, 28112, 32623, 199.93, 71
2026/09/21 01:46:05.881, 95, 28112, 32623, 200.00, 71
2026/09/21 01:46:06.881, 95, 28112, 32623, 200.01, 71
2026/09/21 01:46:07.881, 95, 28112, 32623, 199.97, 71
2026/09/21 01:46:08.881, 95, 28112, 32623, 199.99, 71
2026/09/21 01:46:09.882, 95, 28112, 32623, 200.01, 71
2026/09/21 01:46:10.882, 95, 28112, 32623, 200.01, 72
2026/09/21 01:46:11.882, 95, 28112, 32623, 199.96, 72
2026/09/21 01:46:12.882, 96, 28112, 32623, 199.99, 72
2026/09/21 01:46:13.883, 95, 28112, 32623, 199.73, 72
2026/09/21 01:46:14.883, 100, 28112, 32623, 90.28, 70
2026/09/21 01:46:15.883, 0, 28112, 32623, 184.30, 64
2026/09/21 01:46:16.884, 100, 28112, 32623, 188.70, 71
2026/09/21 01:46:17.884, 100, 28112, 32623, 200.00, 71
2026/09/21 01:46:18.884, 100, 28112, 32623, 166.71, 71
2026/09/21 01:46:19.885, 100, 28112, 32623, 200.01, 71
2026/09/21 01:46:20.885, 100, 28112, 32623, 199.97, 72
2026/09/21 01:46:21.885, 100, 28112, 32623, 200.00, 72
2026/09/21 01:46:22.885, 100, 28112, 32623, 199.98, 72
2026/09/21 01:46:23.886, 100, 28112, 32623, 200.02, 72
2026/09/21 01:46:24.886, 100, 28112, 32623, 199.98, 72
2026/09/21 01:46:25.886, 100, 28112, 32623, 200.02, 72
2026/09/21 01:46:26.886, 97, 28112, 32623, 199.76, 73
2026/09/21 01:46:27.886, 100, 28112, 32623, 199.98, 72
2026/09/21 01:46:28.886, 100, 28112, 32623, 200.05, 73
2026/09/21 01:46:29.887, 100, 28112, 32623, 200.01, 73
2026/09/21 01:46:30.887, 100, 28112, 32623, 199.98, 73
2026/09/21 01:46:31.887, 100, 28112, 32623, 199.98, 73
2026/09/21 01:46:32.887, 100, 28112, 32623, 199.98, 73
2026/09/21 01:46:33.887, 100, 28112, 32623, 200.02, 73
2026/09/21 01:46:34.888, 100, 28112, 32623, 200.01, 72
2026/09/21 01:46:35.888, 100, 28112, 32623, 199.99, 73
2026/09/21 01:46:36.888, 100, 28112, 32623, 200.01, 72
2026/09/21 01:46:37.888, 100, 28112, 32623, 199.98, 74
2026/09/21 01:46:38.889, 100, 28112, 32623, 199.95, 73
2026/09/21 01:46:39.889, 100, 28112, 32623, 200.11, 73
2026/09/21 01:46:40.889, 100, 28112, 32623, 200.02, 73
2026/09/21 01:46:41.889, 100, 28112, 32623, 200.00, 73
2026/09/21 01:46:42.889, 100, 28112, 32623, 199.98, 73
2026/09/21 01:46:43.890, 97, 28112, 32623, 199.68, 73
2026/09/21 01:46:44.890, 100, 28112, 32623, 199.99, 73
2026/09/21 01:46:45.890, 100, 28112, 32623, 199.98, 73
2026/09/21 01:46:46.890, 100, 28112, 32623, 200.01, 73
2026/09/21 01:46:47.890, 99, 28112, 32623, 199.83, 74
2026/09/21 01:46:48.891, 100, 28112, 32623, 200.16, 74
2026/09/21 01:46:49.891, 100, 28112, 32623, 195.42, 75
2026/09/21 01:46:50.891, 100, 28112, 32623, 199.96, 74
2026/09/21 01:46:51.891, 100, 28112, 32623, 200.12, 73
2026/09/21 01:46:52.892, 100, 28112, 32623, 199.98, 73
2026/09/21 01:46:53.892, 100, 28112, 32623, 199.98, 73
2026/09/21 01:46:54.892, 97, 28112, 32623, 199.51, 75
2026/09/21 01:46:55.892, 100, 28112, 32623, 199.99, 74
2026/09/21 01:46:56.892, 100, 28112, 32623, 200.01, 74
2026/09/21 01:46:57.893, 76, 28112, 32623, 192.41, 73
2026/09/21 01:46:58.893, 100, 28112, 32623, 200.74, 73
2026/09/21 01:46:59.893, 100, 28112, 32623, 200.01, 74
2026/09/21 01:47:00.893, 100, 28112, 32623, 199.95, 74
2026/09/21 01:47:01.893, 100, 28112, 32623, 200.35, 74
2026/09/21 01:47:02.894, 100, 28112, 32623, 199.98, 73
2026/09/21 01:47:03.894, 100, 28112, 32623, 199.96, 73
2026/09/21 01:47:04.894, 100, 28112, 32623, 200.05, 75
2026/09/21 01:47:05.894, 100, 28112, 32623, 200.00, 72
2026/09/21 01:47:06.895, 100, 28112, 32623, 199.97, 75
2026/09/21 01:47:07.895, 100, 28112, 32623, 200.03, 73
2026/09/21 01:47:08.895, 100, 28112, 32623, 199.95, 73
2026/09/21 01:47:09.895, 98, 28112, 32623, 199.49, 75
2026/09/21 01:47:10.895, 100, 28112, 32623, 199.98, 75
2026/09/21 01:47:11.896, 100, 28112, 32623, 199.99, 75
2026/09/21 01:47:12.896, 100, 28112, 32623, 200.00, 74
2026/09/21 01:47:13.896, 100, 28112, 32623, 199.98, 73
2026/09/21 01:47:14.896, 100, 28112, 32623, 199.95, 75
2026/09/21 01:47:15.896, 100, 28112, 32623, 200.07, 73
2026/09/21 01:47:16.897, 100, 28112, 32623, 200.01, 73
2026/09/21 01:47:17.897, 99, 28112, 32623, 199.79, 75
2026/09/21 01:47:18.897, 100, 28112, 32623, 200.20, 75
2026/09/21 01:47:19.897, 100, 28112, 32623, 199.98, 73
2026/09/21 01:47:20.897, 100, 28112, 32623, 200.01, 74
2026/09/21 01:47:21.898, 100, 28112, 32623, 199.99, 75
2026/09/21 01:47:22.898, 98, 28112, 32623, 199.72, 74
2026/09/21 01:47:23.898, 100, 28112, 32623, 200.29, 75
2026/09/21 01:47:24.898, 100, 28112, 32623, 199.98, 74
2026/09/21 01:47:25.898, 100, 28112, 32623, 200.05, 73
2026/09/21 01:47:26.899, 100, 28112, 32623, 199.98, 74
2026/09/21 01:47:27.899, 100, 28112, 32623, 199.99, 75
2026/09/21 01:47:28.899, 100, 28112, 32623, 200.00, 75
2026/09/21 01:47:29.899, 100, 28112, 32623, 199.97, 74
2026/09/21 01:47:30.899, 100, 28112, 32623, 200.02, 74
2026/09/21 01:47:31.900, 100, 28112, 32623, 200.00, 73
2026/09/21 01:47:32.900, 100, 28112, 32623, 200.02, 74
2026/09/21 01:47:33.900, 100, 28112, 32623, 199.97, 75
2026/09/21 01:47:34.900, 99, 28112, 32623, 199.76, 75
2026/09/21 01:47:35.900, 100, 28112, 32623, 200.24, 75
2026/09/21 01:47:36.901, 100, 28112, 32623, 199.96, 75
2026/09/21 01:47:37.901, 100, 28112, 32623, 200.04, 75
2026/09/21 01:47:38.901, 100, 28112, 32623, 199.97, 73
2026/09/21 01:47:39.901, 100, 28112, 32623, 200.02, 75
2026/09/21 01:47:40.901, 100, 28112, 32623, 195.26, 75
2026/09/21 01:47:41.902, 100, 28112, 32623, 200.02, 75
2026/09/21 01:47:42.902, 100, 28112, 32623, 199.97, 73
2026/09/21 01:47:43.902, 100, 28112, 32623, 200.01, 74
2026/09/21 01:47:44.902, 100, 28112, 32623, 200.00, 75
2026/09/21 01:47:45.903, 98, 28112, 32623, 199.51, 76
2026/09/21 01:47:46.903, 100, 28112, 32623, 199.99, 74
2026/09/21 01:47:47.903, 100, 28112, 32623, 199.94, 75
2026/09/21 01:47:48.903, 100, 28112, 32623, 200.04, 74
2026/09/21 01:47:49.904, 100, 28112, 32623, 199.97, 73
2026/09/21 01:47:50.904, 100, 28112, 32623, 200.00, 73
2026/09/21 01:47:51.904, 100, 28112, 32623, 197.45, 74
2026/09/21 01:47:52.904, 100, 28112, 32623, 200.13, 75
2026/09/21 01:47:53.905, 100, 28112, 32623, 199.99, 75
2026/09/21 01:47:54.905, 100, 28112, 32623, 200.01, 75
2026/09/21 01:47:55.905, 100, 28112, 32623, 199.99, 75
2026/09/21 01:47:56.905, 100, 28112, 32623, 199.99, 75
2026/09/21 01:47:57.906, 100, 28112, 32623, 199.96, 75
2026/09/21 01:47:58.906, 100, 28112, 32623, 199.96, 75
2026/09/21 01:47:59.906, 100, 28112, 32623, 200.03, 75
2026/09/21 01:48:00.907, 100, 28112, 32623, 200.00, 76
2026/09/21 01:48:01.907, 100, 28112, 32623, 199.96, 75
2026/09/21 01:48:02.907, 100, 28112, 32623, 200.00, 73
2026/09/21 01:48:03.907, 100, 28112, 32623, 200.04, 74
2026/09/21 01:48:04.908, 100, 28112, 32623, 199.99, 74
2026/09/21 01:48:05.908, 100, 28112, 32623, 200.00, 75
2026/09/21 01:48:06.908, 100, 28112, 32623, 199.98, 74
2026/09/21 01:48:07.908, 100, 28112, 32623, 200.02, 74
2026/09/21 01:48:08.908, 100, 28112, 32623, 200.01, 74
2026/09/21 01:48:09.908, 100, 28112, 32623, 199.99, 75
2026/09/21 01:48:10.909, 100, 28112, 32623, 200.01, 74
2026/09/21 01:48:11.909, 100, 28112, 32623, 200.00, 75
2026/09/21 01:48:12.909, 100, 28112, 32623, 200.00, 75
2026/09/21 01:48:13.910, 100, 28112, 32623, 200.01, 75
2026/09/21 01:48:14.910, 100, 28112, 32623, 199.98, 74
2026/09/21 01:48:15.910, 100, 28112, 32623, 200.00, 75
2026/09/21 01:48:16.910, 100, 28112, 32623, 199.98, 75
2026/09/21 01:48:17.911, 100, 28112, 32623, 200.02, 76
2026/09/21 01:48:18.911, 100, 28112, 32623, 199.98, 75
2026/09/21 01:48:19.911, 100, 28112, 32623, 199.99, 73
2026/09/21 01:48:20.911, 100, 28112, 32623, 200.02, 74
2026/09/21 01:48:21.912, 100, 28112, 32623, 200.00, 74
2026/09/21 01:48:22.912, 100, 28112, 32623, 200.01, 73
2026/09/21 01:48:23.912, 100, 28112, 32623, 199.96, 75
2026/09/21 01:48:24.912, 100, 28112, 32623, 200.05, 74
2026/09/21 01:48:25.913, 99, 28112, 32623, 199.71, 74
2026/09/21 01:48:26.913, 100, 28112, 32623, 200.20, 74
2026/09/21 01:48:27.913, 99, 28112, 32623, 199.83, 75
2026/09/21 01:48:28.913, 100, 28112, 32623, 200.19, 76
2026/09/21 01:48:29.914, 100, 28112, 32623, 199.99, 73
2026/09/21 01:48:30.914, 100, 28112, 32623, 199.99, 75
2026/09/21 01:48:31.914, 100, 28112, 32623, 199.99, 72
2026/09/21 01:48:32.915, 100, 28112, 32623, 199.99, 74
2026/09/21 01:48:33.915, 100, 28112, 32623, 199.99, 75
2026/09/21 01:48:34.915, 100, 28112, 32623, 199.99, 75
2026/09/21 01:48:35.915, 100, 28112, 32623, 200.00, 74
2026/09/21 01:48:36.916, 100, 28112, 32623, 199.94, 75
2026/09/21 01:48:37.916, 100, 28112, 32623, 200.11, 74
2026/09/21 01:48:38.916, 99, 28112, 32623, 199.76, 76
2026/09/21 01:48:39.916, 100, 28112, 32623, 200.23, 75
2026/09/21 01:48:40.917, 100, 28112, 32623, 199.98, 74
2026/09/21 01:48:41.917, 100, 28112, 32623, 200.00, 76
2026/09/21 01:48:42.917, 100, 28112, 32623, 199.95, 74
2026/09/21 01:48:43.917, 100, 28112, 32623, 200.02, 75
2026/09/21 01:48:44.917, 100, 28112, 32623, 200.02, 74
2026/09/21 01:48:45.918, 100, 28112, 32623, 196.05, 76
2026/09/21 01:48:46.918, 100, 28112, 32623, 202.70, 76
2026/09/21 01:48:47.918, 100, 28112, 32623, 199.97, 74
2026/09/21 01:48:48.918, 100, 28112, 32623, 200.01, 75
2026/09/21 01:48:49.919, 100, 28112, 32623, 200.00, 74
2026/09/21 01:48:50.919, 100, 28112, 32623, 199.99, 75
2026/09/21 01:48:51.919, 100, 28112, 32623, 200.01, 75
2026/09/21 01:48:52.920, 100, 28112, 32623, 199.98, 74
2026/09/21 01:48:53.920, 100, 28112, 32623, 200.04, 75
2026/09/21 01:48:54.920, 99, 28112, 32623, 199.81, 74
2026/09/21 01:48:55.920, 100, 28112, 32623, 200.16, 74
2026/09/21 01:48:56.921, 100, 28112, 32623, 200.01, 74
2026/09/21 01:48:57.921, 100, 28112, 32623, 200.00, 75
2026/09/21 01:48:58.921, 100, 28112, 32623, 199.98, 75
2026/09/21 01:48:59.921, 100, 28112, 32623, 197.64, 75
2026/09/21 01:49:00.921, 100, 28112, 32623, 200.73, 75
2026/09/21 01:49:01.922, 100, 28112, 32623, 200.02, 75
2026/09/21 01:49:02.922, 100, 28112, 32623, 199.98, 74
2026/09/21 01:49:03.922, 100, 28112, 32623, 199.98, 73
2026/09/21 01:49:04.922, 100, 28112, 32623, 200.01, 75
2026/09/21 01:49:05.922, 100, 28112, 32623, 200.01, 75
2026/09/21 01:49:06.922, 98, 28112, 32623, 199.62, 76
2026/09/21 01:49:07.923, 100, 28112, 32623, 200.38, 75
2026/09/21 01:49:08.923, 100, 28112, 32623, 200.02, 75
2026/09/21 01:49:09.923, 100, 28112, 32623, 200.00, 76
2026/09/21 01:49:10.923, 100, 28112, 32623, 200.02, 75
2026/09/21 01:49:11.924, 100, 28112, 32623, 199.97, 76
2026/09/21 01:49:12.924, 100, 28112, 32623, 200.04, 75
2026/09/21 01:49:13.924, 100, 28112, 32623, 200.01, 75
2026/09/21 01:49:14.925, 100, 28112, 32623, 200.02, 75
2026/09/21 01:49:15.925, 100, 28112, 32623, 200.01, 73
2026/09/21 01:49:16.925, 100, 28112, 32623, 199.98, 74
2026/09/21 01:49:17.926, 100, 28112, 32623, 200.01, 74
2026/09/21 01:49:18.926, 100, 28112, 32623, 199.97, 75
2026/09/21 01:49:19.926, 100, 28112, 32623, 199.98, 74
2026/09/21 01:49:20.926, 100, 28112, 32623, 200.02, 75
2026/09/21 01:49:21.927, 100, 28112, 32623, 199.99, 75
2026/09/21 01:49:22.927, 100, 28112, 32623, 200.06, 75
2026/09/21 01:49:23.927, 100, 28112, 32623, 199.99, 75
2026/09/21 01:49:24.928, 100, 28112, 32623, 199.99, 74
2026/09/21 01:49:25.928, 100, 28112, 32623, 200.00, 75
2026/09/21 01:49:26.928, 100, 28112, 32623, 200.00, 75
2026/09/21 01:49:27.928, 100, 28112, 32623, 199.99, 73
2026/09/21 01:49:28.929, 100, 28112, 32623, 199.99, 75
2026/09/21 01:49:29.929, 100, 28112, 32623, 200.03, 75
2026/09/21 01:49:30.929, 100, 28112, 32623, 200.00, 74
2026/09/21 01:49:31.930, 100, 28112, 32623, 199.93, 76
2026/09/21 01:49:32.930, 100, 28112, 32623, 200.08, 75
2026/09/21 01:49:33.930, 100, 28112, 32623, 199.96, 73
2026/09/21 01:49:34.930, 100, 28112, 32623, 199.99, 76
2026/09/21 01:49:35.931, 100, 28112, 32623, 200.00, 73
2026/09/21 01:49:36.931, 98, 28112, 32623, 199.77, 76
2026/09/21 01:49:37.931, 100, 28112, 32623, 200.25, 75
2026/09/21 01:49:38.932, 100, 28112, 32623, 199.97, 74
2026/09/21 01:49:39.932, 100, 28112, 32623, 200.00, 76
2026/09/21 01:49:40.932, 100, 28112, 32623, 200.00, 74
2026/09/21 01:49:41.932, 100, 28112, 32623, 199.99, 76
2026/09/21 01:49:42.933, 100, 28112, 32623, 199.97, 73
2026/09/21 01:49:43.933, 100, 28112, 32623, 200.01, 75
2026/09/21 01:49:44.933, 100, 28112, 32623, 199.98, 74
2026/09/21 01:49:45.935, 100, 28112, 32623, 200.03, 75
2026/09/21 01:49:46.935, 100, 28112, 32623, 200.01, 76
2026/09/21 01:49:47.936, 100, 28112, 32623, 199.97, 75
2026/09/21 01:49:48.936, 100, 28112, 32623, 199.98, 75
2026/09/21 01:49:49.936, 98, 28112, 32623, 199.52, 76
2026/09/21 01:49:50.937, 100, 28112, 32623, 200.18, 75
2026/09/21 01:49:51.937, 100, 28112, 32623, 199.96, 76
2026/09/21 01:49:52.937, 100, 28112, 32623, 200.00, 75
2026/09/21 01:49:53.938, 100, 28112, 32623, 200.03, 76
2026/09/21 01:49:54.938, 100, 28112, 32623, 200.01, 74
2026/09/21 01:49:55.938, 100, 28112, 32623, 196.73, 73
2026/09/21 01:49:56.938, 100, 28112, 32623, 200.01, 73
2026/09/21 01:49:57.938, 100, 28112, 32623, 199.98, 76
2026/09/21 01:49:58.939, 100, 28112, 32623, 199.99, 75
2026/09/21 01:49:59.939, 100, 28112, 32623, 200.00, 73
2026/09/21 01:50:00.939, 100, 28112, 32623, 196.98, 74
2026/09/21 01:50:01.939, 100, 28112, 32623, 202.59, 74
2026/09/21 01:50:02.939, 100, 28112, 32623, 195.76, 76
2026/09/21 01:50:03.940, 100, 28112, 32623, 200.08, 74
2026/09/21 01:50:04.940, 100, 28112, 32623, 199.97, 73
2026/09/21 01:50:05.940, 100, 28112, 32623, 200.00, 75
2026/09/21 01:50:06.941, 100, 28112, 32623, 200.19, 75
2026/09/21 01:50:07.941, 100, 28112, 32623, 199.97, 76
2026/09/21 01:50:08.941, 100, 28112, 32623, 196.90, 75
2026/09/21 01:50:09.941, 100, 28112, 32623, 200.08, 75
2026/09/21 01:50:10.942, 100, 28112, 32623, 200.02, 75
2026/09/21 01:50:11.942, 100, 28112, 32623, 197.25, 73
2026/09/21 01:50:12.942, 100, 28112, 32623, 200.04, 75
2026/09/21 01:50:13.943, 98, 28112, 32623, 195.97, 73
2026/09/21 01:50:14.943, 95, 28112, 32623, 199.42, 73
2026/09/21 01:50:15.943, 95, 28112, 32623, 199.91, 73
2026/09/21 01:50:16.943, 95, 28112, 32623, 199.85, 72
2026/09/21 01:50:17.944, 94, 28112, 32623, 199.92, 73
2026/09/21 01:50:18.944, 95, 28112, 32623, 199.99, 73
2026/09/21 01:50:19.944, 95, 28112, 32623, 199.94, 72
2026/09/21 01:50:20.944, 95, 28112, 32623, 199.89, 72
2026/09/21 01:50:21.944, 95, 28112, 32623, 199.97, 72
2026/09/21 01:50:22.945, 95, 28112, 32623, 199.95, 72
2026/09/21 01:50:23.945, 95, 28112, 32623, 200.07, 73
2026/09/21 01:50:24.945, 50, 28112, 32623, 100.92, 69
2026/09/21 01:50:25.945, 18, 28112, 32623, 175.63, 64
2026/09/21 01:50:26.946, 100, 28112, 32623, 190.98, 71
2026/09/21 01:50:27.946, 100, 28112, 32623, 200.01, 72
2026/09/21 01:50:28.946, 100, 28112, 32623, 166.88, 72
2026/09/21 01:50:29.946, 100, 28112, 32623, 200.02, 70
2026/09/21 01:50:30.947, 100, 28112, 32623, 200.00, 72
2026/09/21 01:50:31.947, 100, 28112, 32623, 200.01, 72
2026/09/21 01:50:32.947, 100, 28112, 32623, 200.00, 72
2026/09/21 01:50:33.947, 100, 28112, 32623, 200.00, 72
2026/09/21 01:50:34.948, 100, 28112, 32623, 200.00, 73
2026/09/21 01:50:35.948, 98, 28112, 32623, 199.97, 72
2026/09/21 01:50:36.948, 99, 28112, 32623, 200.21, 73
2026/09/21 01:50:37.948, 100, 28112, 32623, 200.12, 73
2026/09/21 01:50:38.949, 100, 28112, 32623, 200.02, 72
2026/09/21 01:50:39.949, 100, 28112, 32623, 199.98, 73
2026/09/21 01:50:40.949, 100, 28112, 32623, 200.02, 73
2026/09/21 01:50:41.950, 100, 28112, 32623, 199.99, 72
2026/09/21 01:50:42.950, 100, 28112, 32623, 199.98, 73
2026/09/21 01:50:43.950, 98, 28112, 32623, 200.03, 73
2026/09/21 01:50:44.950, 100, 28112, 32623, 200.02, 73
2026/09/21 01:50:45.951, 100, 28112, 32623, 200.00, 74
2026/09/21 01:50:46.951, 100, 28112, 32623, 200.01, 73
2026/09/21 01:50:47.951, 100, 28112, 32623, 199.99, 73
2026/09/21 01:50:48.952, 100, 28112, 32623, 199.94, 73
2026/09/21 01:50:49.952, 100, 28112, 32623, 200.06, 74
2026/09/21 01:50:50.952, 100, 28112, 32623, 199.99, 73
2026/09/21 01:50:51.953, 100, 28112, 32623, 199.98, 74
2026/09/21 01:50:52.953, 100, 28112, 32623, 200.01, 73
2026/09/21 01:50:53.953, 99, 28112, 32623, 199.84, 73
2026/09/21 01:50:54.953, 100, 28112, 32623, 200.01, 73
2026/09/21 01:50:55.954, 100, 28112, 32623, 200.01, 74
2026/09/21 01:50:56.954, 100, 28112, 32623, 199.98, 74
2026/09/21 01:50:57.954, 100, 28112, 32623, 199.59, 73
2026/09/21 01:50:58.955, 100, 28112, 32623, 200.46, 73
2026/09/21 01:50:59.955, 100, 28112, 32623, 195.32, 73
2026/09/21 01:51:00.955, 100, 28112, 32623, 199.96, 73
2026/09/21 01:51:01.955, 100, 28112, 32623, 200.03, 74
2026/09/21 01:51:02.956, 100, 28112, 32623, 200.02, 75
2026/09/21 01:51:03.956, 100, 28112, 32623, 199.98, 73
2026/09/21 01:51:04.956, 99, 28112, 32623, 199.82, 73
2026/09/21 01:51:05.957, 100, 28112, 32623, 200.19, 75
2026/09/21 01:51:06.957, 100, 28112, 32623, 200.00, 75
2026/09/21 01:51:07.957, 50, 28112, 32623, 196.28, 73
2026/09/21 01:51:08.958, 100, 28112, 32623, 203.32, 73
2026/09/21 01:51:09.958, 100, 28112, 32623, 199.99, 73
2026/09/21 01:51:10.958, 100, 28112, 32623, 199.94, 73
2026/09/21 01:51:11.958, 100, 28112, 32623, 200.07, 75
2026/09/21 01:51:12.959, 100, 28112, 32623, 199.99, 73
2026/09/21 01:51:13.959, 100, 28112, 32623, 199.98, 73
2026/09/21 01:51:14.959, 100, 28112, 32623, 200.01, 75
2026/09/21 01:51:15.959, 100, 28112, 32623, 199.96, 74
2026/09/21 01:51:16.960, 100, 28112, 32623, 199.96, 75
2026/09/21 01:51:17.960, 100, 28112, 32623, 200.05, 73
2026/09/21 01:51:18.960, 100, 28112, 32623, 199.99, 73
2026/09/21 01:51:19.961, 98, 28112, 32623, 199.95, 75
2026/09/21 01:51:20.961, 100, 28112, 32623, 200.48, 73
2026/09/21 01:51:21.961, 100, 28112, 32623, 200.00, 74
2026/09/21 01:51:22.961, 99, 28112, 32623, 199.99, 75
2026/09/21 01:51:23.962, 100, 28112, 32623, 199.97, 73
2026/09/21 01:51:24.962, 100, 28112, 32623, 200.03, 74
2026/09/21 01:51:25.962, 100, 28112, 32623, 200.02, 75
2026/09/21 01:51:26.963, 100, 28112, 32623, 200.00, 73
2026/09/21 01:51:27.963, 98, 28112, 32623, 199.90, 75
2026/09/21 01:51:28.963, 100, 28112, 32623, 200.09, 74
2026/09/21 01:51:29.963, 100, 28112, 32623, 199.98, 75
2026/09/21 01:51:30.964, 100, 28112, 32623, 200.00, 73
2026/09/21 01:51:31.964, 100, 28112, 32623, 200.03, 75
2026/09/21 01:51:32.964, 100, 28112, 32623, 199.94, 74
2026/09/21 01:51:33.965, 100, 28112, 32623, 200.14, 74
2026/09/21 01:51:34.965, 100, 28112, 32623, 199.97, 73
2026/09/21 01:51:35.965, 100, 28112, 32623, 200.00, 73
2026/09/21 01:51:36.965, 100, 28112, 32623, 200.01, 74
2026/09/21 01:51:37.966, 98, 28112, 32623, 199.74, 74
2026/09/21 01:51:38.966, 100, 28112, 32623, 200.29, 74
2026/09/21 01:51:39.966, 100, 28112, 32623, 199.98, 73
2026/09/21 01:51:40.967, 100, 28112, 32623, 200.02, 75
2026/09/21 01:51:41.967, 100, 28112, 32623, 199.99, 75
2026/09/21 01:51:42.967, 100, 28112, 32623, 199.99, 74
2026/09/21 01:51:43.967, 100, 28112, 32623, 200.01, 74
2026/09/21 01:51:44.968, 98, 28112, 32623, 199.89, 75
2026/09/21 01:51:45.968, 100, 28112, 32623, 200.13, 73
2026/09/21 01:51:46.968, 100, 28112, 32623, 199.99, 74
2026/09/21 01:51:47.968, 100, 28112, 32623, 200.01, 74
2026/09/21 01:51:48.969, 100, 28112, 32623, 199.99, 75
2026/09/21 01:51:49.969, 100, 28112, 32623, 199.98, 74
2026/09/21 01:51:50.969, 100, 28112, 32623, 198.24, 74
2026/09/21 01:51:51.969, 100, 28112, 32623, 200.01, 74
2026/09/21 01:51:52.970, 100, 28112, 32623, 199.98, 75
2026/09/21 01:51:53.970, 98, 28112, 32623, 199.81, 74
2026/09/21 01:51:54.970, 100, 28112, 32623, 200.20, 73
2026/09/21 01:51:55.970, 100, 28112, 32623, 199.95, 73
2026/09/21 01:51:56.971, 100, 28112, 32623, 200.18, 75
2026/09/21 01:51:57.971, 100, 28112, 32623, 200.01, 75
2026/09/21 01:51:58.971, 100, 28112, 32623, 200.00, 75
2026/09/21 01:51:59.971, 100, 28112, 32623, 199.99, 75
2026/09/21 01:52:00.971, 100, 28112, 32623, 199.99, 75
2026/09/21 01:52:01.972, 100, 28112, 32623, 198.36, 75
2026/09/21 01:52:02.972, 100, 28112, 32623, 200.05, 73
2026/09/21 01:52:03.972, 100, 28112, 32623, 200.00, 73
2026/09/21 01:52:04.972, 100, 28112, 32623, 200.00, 73
2026/09/21 01:52:05.973, 100, 28112, 32623, 200.01, 74
2026/09/21 01:52:06.973, 100, 28112, 32623, 199.98, 73
2026/09/21 01:52:07.973, 100, 28112, 32623, 199.99, 73
2026/09/21 01:52:08.973, 100, 28112, 32623, 200.01, 73
2026/09/21 01:52:09.974, 100, 28112, 32623, 200.00, 75
2026/09/21 01:52:10.974, 100, 28112, 32623, 199.98, 74
2026/09/21 01:52:11.974, 100, 28112, 32623, 200.00, 74
2026/09/21 01:52:12.975, 100, 28112, 32623, 200.00, 75
2026/09/21 01:52:13.975, 100, 28112, 32623, 200.00, 73
2026/09/21 01:52:14.975, 100, 28112, 32623, 200.00, 75
2026/09/21 01:52:15.975, 100, 28112, 32623, 199.98, 74
2026/09/21 01:52:16.976, 99, 28112, 32623, 199.82, 75
2026/09/21 01:52:17.976, 100, 28112, 32623, 199.98, 73
2026/09/21 01:52:18.976, 100, 28112, 32623, 199.98, 73
2026/09/21 01:52:19.976, 100, 28112, 32623, 200.01, 74
2026/09/21 01:52:20.977, 100, 28112, 32623, 200.00, 74
2026/09/21 01:52:21.977, 100, 28112, 32623, 200.02, 76
2026/09/21 01:52:22.977, 100, 28112, 32623, 199.99, 75
2026/09/21 01:52:23.978, 100, 28112, 32623, 199.98, 73
2026/09/21 01:52:24.978, 100, 28112, 32623, 200.01, 75
2026/09/21 01:52:25.978, 100, 28112, 32623, 200.01, 75
2026/09/21 01:52:26.978, 100, 28112, 32623, 200.00, 75
2026/09/21 01:52:27.979, 100, 28112, 32623, 200.00, 73
2026/09/21 01:52:28.979, 100, 28112, 32623, 199.98, 73
2026/09/21 01:52:29.979, 100, 28112, 32623, 200.01, 75
2026/09/21 01:52:30.979, 100, 28112, 32623, 199.98, 73
2026/09/21 01:52:31.980, 100, 28112, 32623, 199.98, 75
2026/09/21 01:52:32.980, 100, 28112, 32623, 200.01, 75
2026/09/21 01:52:33.980, 100, 28112, 32623, 200.01, 76
2026/09/21 01:52:34.980, 100, 28112, 32623, 199.99, 75
2026/09/21 01:52:35.981, 100, 28112, 32623, 199.96, 75
2026/09/21 01:52:36.981, 100, 28112, 32623, 200.03, 73
2026/09/21 01:52:37.981, 100, 28112, 32623, 199.96, 75
2026/09/21 01:52:38.982, 100, 28112, 32623, 200.37, 74
2026/09/21 01:52:39.982, 100, 28112, 32623, 200.00, 75
2026/09/21 01:52:40.982, 100, 28112, 32623, 200.01, 75
2026/09/21 01:52:41.982, 100, 28112, 32623, 199.99, 75
2026/09/21 01:52:42.982, 100, 28112, 32623, 200.01, 75
2026/09/21 01:52:43.983, 100, 28112, 32623, 200.00, 75
2026/09/21 01:52:44.984, 100, 28112, 32623, 199.99, 76
2026/09/21 01:52:45.984, 100, 28112, 32623, 199.98, 75
2026/09/21 01:52:46.984, 100, 28112, 32623, 199.99, 75
2026/09/21 01:52:47.984, 100, 28112, 32623, 200.01, 76
2026/09/21 01:52:48.985, 100, 28112, 32623, 199.93, 75
2026/09/21 01:52:49.985, 100, 28112, 32623, 200.20, 74
2026/09/21 01:52:50.985, 100, 28112, 32623, 199.99, 75
2026/09/21 01:52:51.986, 100, 28112, 32623, 199.97, 75
2026/09/21 01:52:52.986, 100, 28112, 32623, 200.00, 75
2026/09/21 01:52:53.986, 100, 28112, 32623, 200.00, 75
2026/09/21 01:52:54.986, 100, 28112, 32623, 200.02, 75
2026/09/21 01:52:55.987, 100, 28112, 32623, 196.35, 73
2026/09/21 01:52:56.987, 100, 28112, 32623, 200.11, 75
2026/09/21 01:52:57.987, 98, 28112, 32623, 199.60, 76
2026/09/21 01:52:58.987, 100, 28112, 32623, 200.43, 73
2026/09/21 01:52:59.987, 100, 28112, 32623, 200.02, 76
2026/09/21 01:53:00.988, 100, 28112, 32623, 199.96, 74
2026/09/21 01:53:01.988, 100, 28112, 32623, 199.99, 73
2026/09/21 01:53:02.988, 100, 28112, 32623, 199.99, 76
2026/09/21 01:53:03.988, 100, 28112, 32623, 200.00, 74
2026/09/21 01:53:04.988, 100, 28112, 32623, 199.98, 76
2026/09/21 01:53:05.989, 100, 28112, 32623, 200.02, 76
2026/09/21 01:53:06.989, 100, 28112, 32623, 199.98, 76
2026/09/21 01:53:07.989, 100, 28112, 32623, 199.99, 73
2026/09/21 01:53:08.989, 100, 28112, 32623, 199.99, 75
2026/09/21 01:53:09.989, 100, 28112, 32623, 196.89, 75
2026/09/21 01:53:10.990, 100, 28112, 32623, 200.08, 75
2026/09/21 01:53:11.990, 99, 28112, 32623, 199.91, 76
2026/09/21 01:53:12.990, 100, 28112, 32623, 200.00, 76
2026/09/21 01:53:13.990, 100, 28112, 32623, 200.01, 75
2026/09/21 01:53:14.990, 100, 28112, 32623, 199.99, 73
2026/09/21 01:53:15.991, 100, 28112, 32623, 200.02, 74
2026/09/21 01:53:16.991, 100, 28112, 32623, 199.95, 74
2026/09/21 01:53:17.991, 100, 28112, 32623, 200.04, 74
2026/09/21 01:53:18.991, 100, 28112, 32623, 200.00, 73
2026/09/21 01:53:19.992, 100, 28112, 32623, 200.01, 75
2026/09/21 01:53:20.992, 100, 28112, 32623, 199.99, 74
2026/09/21 01:53:21.992, 100, 28112, 32623, 200.00, 73
2026/09/21 01:53:22.992, 100, 28112, 32623, 199.99, 73
2026/09/21 01:53:23.992, 99, 28112, 32623, 199.89, 76
2026/09/21 01:53:24.992, 100, 28112, 32623, 199.98, 73
2026/09/21 01:53:25.993, 100, 28112, 32623, 200.02, 75
2026/09/21 01:53:26.993, 100, 28112, 32623, 199.99, 74
2026/09/21 01:53:27.993, 100, 28112, 32623, 200.04, 76
2026/09/21 01:53:28.993, 98, 28112, 32623, 199.72, 74
2026/09/21 01:53:29.994, 100, 28112, 32623, 200.19, 75
2026/09/21 01:53:30.994, 100, 28112, 32623, 199.96, 74
2026/09/21 01:53:31.994, 100, 28112, 32623, 199.98, 74
2026/09/21 01:53:32.995, 100, 28112, 32623, 200.03, 74
2026/09/21 01:53:33.995, 98, 28112, 32623, 199.75, 74
2026/09/21 01:53:34.995, 100, 28112, 32623, 200.13, 75
2026/09/21 01:53:35.996, 100, 28112, 32623, 199.99, 74
2026/09/21 01:53:36.996, 100, 28112, 32623, 200.01, 74
2026/09/21 01:53:37.996, 100, 28112, 32623, 200.02, 75
2026/09/21 01:53:38.996, 98, 28112, 32623, 199.85, 76
2026/09/21 01:53:39.997, 100, 28112, 32623, 199.96, 73
2026/09/21 01:53:40.997, 100, 28112, 32623, 200.01, 75
2026/09/21 01:53:41.997, 100, 28112, 32623, 199.99, 75
2026/09/21 01:53:42.998, 100, 28112, 32623, 200.01, 73
2026/09/21 01:53:43.998, 100, 28112, 32623, 200.00, 75
2026/09/21 01:53:44.998, 100, 28112, 32623, 199.99, 75
2026/09/21 01:53:45.998, 100, 28112, 32623, 200.01, 76
2026/09/21 01:53:46.999, 100, 28112, 32623, 199.97, 75
2026/09/21 01:53:47.999, 100, 28112, 32623, 200.04, 74
2026/09/21 01:53:48.999, 100, 28112, 32623, 200.01, 75
2026/09/21 01:53:49.999, 100, 28112, 32623, 199.99, 75
2026/09/21 01:53:51.000, 100, 28112, 32623, 199.99, 75
2026/09/21 01:53:52.000, 98, 28112, 32623, 199.76, 74
2026/09/21 01:53:53.000, 100, 28112, 32623, 200.23, 75
2026/09/21 01:53:54.000, 100, 28112, 32623, 199.98, 73
2026/09/21 01:53:55.000, 100, 28112, 32623, 200.01, 76
2026/09/21 01:53:56.001, 100, 28112, 32623, 200.00, 73
2026/09/21 01:53:57.001, 100, 28112, 32623, 200.00, 73
2026/09/21 01:53:58.001, 100, 28112, 32623, 200.01, 74
2026/09/21 01:53:59.001, 100, 28112, 32623, 200.01, 75
2026/09/21 01:54:00.002, 100, 28112, 32623, 199.96, 74
2026/09/21 01:54:01.002, 100, 28112, 32623, 200.07, 73
2026/09/21 01:54:02.002, 100, 28112, 32623, 199.99, 74
2026/09/21 01:54:03.002, 100, 28112, 32623, 200.02, 75
2026/09/21 01:54:04.002, 100, 28112, 32623, 199.99, 73
2026/09/21 01:54:05.003, 100, 28112, 32623, 200.00, 75
2026/09/21 01:54:06.003, 100, 28112, 32623, 198.29, 75
2026/09/21 01:54:07.003, 100, 28112, 32623, 200.02, 76
2026/09/21 01:54:08.003, 98, 28112, 32623, 199.79, 74
2026/09/21 01:54:09.003, 100, 28112, 32623, 200.24, 75
2026/09/21 01:54:10.004, 100, 28112, 32623, 199.96, 75
2026/09/21 01:54:11.004, 100, 28112, 32623, 196.95, 73
2026/09/21 01:54:12.004, 100, 28112, 32623, 200.10, 75
2026/09/21 01:54:13.004, 100, 28112, 32623, 196.49, 74
2026/09/21 01:54:14.004, 100, 28112, 32623, 200.01, 75
2026/09/21 01:54:15.004, 100, 28112, 32623, 199.97, 75
2026/09/21 01:54:16.005, 100, 28112, 32623, 200.01, 74
2026/09/21 01:54:17.005, 100, 28112, 32623, 200.04, 73
2026/09/21 01:54:18.005, 100, 28112, 32623, 200.00, 73
2026/09/21 01:54:19.005, 100, 28112, 32623, 197.17, 74
2026/09/21 01:54:20.006, 100, 28112, 32623, 200.00, 74
2026/09/21 01:54:21.006, 100, 28112, 32623, 200.04, 74
2026/09/21 01:54:22.006, 100, 28112, 32623, 197.24, 74
2026/09/21 01:54:23.006, 100, 28112, 32623, 200.02, 75
2026/09/21 01:54:24.006, 95, 28112, 32623, 195.06, 73
2026/09/21 01:54:25.007, 95, 28112, 32623, 199.87, 73
2026/09/21 01:54:26.007, 95, 28112, 32623, 200.04, 73
2026/09/21 01:54:27.007, 95, 28112, 32623, 200.04, 73
2026/09/21 01:54:28.007, 95, 28112, 32623, 199.96, 73
2026/09/21 01:54:29.007, 95, 28112, 32623, 199.97, 73
2026/09/21 01:54:30.007, 96, 28112, 32623, 200.01, 73
2026/09/21 01:54:31.008, 95, 28112, 32623, 199.99, 73
2026/09/21 01:54:32.008, 95, 28112, 32623, 199.93, 73
2026/09/21 01:54:33.008, 95, 28112, 32623, 199.96, 73
2026/09/21 01:54:34.008, 16, 28112, 32623, 189.02, 67
2026/09/21 01:54:35.008, 0, 28112, 32623, 73.01, 61
2026/09/21 01:54:36.009, 100, 28112, 32623, 86.71, 68
2026/09/21 01:54:37.009, 100, 28112, 32623, 200.51, 70
2026/09/21 01:54:38.009, 100, 28112, 32623, 199.97, 71
2026/09/21 01:54:39.009, 100, 28112, 32623, 199.96, 71
2026/09/21 01:54:40.010, 100, 28112, 32623, 200.05, 72
2026/09/21 01:54:41.010, 97, 28112, 32623, 200.09, 71
2026/09/21 01:54:42.010, 100, 28112, 32623, 200.39, 72
2026/09/21 01:54:43.010, 100, 28112, 32623, 200.00, 73
2026/09/21 01:54:44.010, 100, 28112, 32623, 200.01, 72
2026/09/21 01:54:45.011, 100, 28112, 32623, 200.00, 73
2026/09/21 01:54:46.011, 100, 28112, 32623, 200.00, 73
2026/09/21 01:54:47.011, 100, 28112, 32623, 199.96, 73
2026/09/21 01:54:48.011, 100, 28112, 32623, 200.06, 72
2026/09/21 01:54:49.012, 100, 28112, 32623, 199.98, 73
2026/09/21 01:54:50.012, 100, 28112, 32623, 200.02, 74
2026/09/21 01:54:51.012, 100, 28112, 32623, 199.99, 74
2026/09/21 01:54:52.012, 99, 28112, 32623, 199.85, 73
2026/09/21 01:54:53.012, 100, 28112, 32623, 200.21, 72
2026/09/21 01:54:54.013, 100, 28112, 32623, 200.01, 73
2026/09/21 01:54:55.013, 100, 28112, 32623, 196.20, 74
2026/09/21 01:54:56.013, 100, 28112, 32623, 202.25, 73
2026/09/21 01:54:57.013, 100, 28112, 32623, 200.01, 73
2026/09/21 01:54:58.013, 100, 28112, 32623, 199.99, 73
2026/09/21 01:54:59.014, 100, 28112, 32623, 200.06, 72
2026/09/21 01:55:00.014, 100, 28112, 32623, 199.99, 75
2026/09/21 01:55:01.014, 100, 28112, 32623, 199.99, 73
2026/09/21 01:55:02.014, 100, 28112, 32623, 200.02, 75
2026/09/21 01:55:03.014, 100, 28112, 32623, 199.99, 74
2026/09/21 01:55:04.015, 100, 28112, 32623, 199.96, 73
2026/09/21 01:55:05.015, 100, 28112, 32623, 200.03, 73
2026/09/21 01:55:06.015, 100, 28112, 32623, 200.01, 73
2026/09/21 01:55:07.016, 98, 28112, 32623, 199.53, 75
2026/09/21 01:55:08.016, 100, 28112, 32623, 200.01, 75
2026/09/21 01:55:09.016, 100, 28112, 32623, 199.95, 73
2026/09/21 01:55:10.016, 100, 28112, 32623, 200.02, 73
2026/09/21 01:55:11.017, 100, 28112, 32623, 199.99, 74
2026/09/21 01:55:12.017, 99, 28112, 32623, 199.84, 75
2026/09/21 01:55:13.017, 100, 28112, 32623, 200.15, 73
2026/09/21 01:55:14.018, 100, 28112, 32623, 199.99, 73
2026/09/21 01:55:15.018, 100, 28112, 32623, 200.01, 75
2026/09/21 01:55:16.018, 100, 28112, 32623, 199.99, 74
2026/09/21 01:55:17.018, 100, 28112, 32623, 200.00, 75
2026/09/21 01:55:18.019, 100, 28112, 32623, 200.00, 73
2026/09/21 01:55:19.019, 100, 28112, 32623, 200.00, 75
2026/09/21 01:55:20.019, 100, 28112, 32623, 200.02, 74
2026/09/21 01:55:21.020, 28, 28112, 32623, 190.86, 68
2026/09/21 01:55:22.020, 100, 28112, 32623, 204.71, 75
2026/09/21 01:55:23.020, 100, 28112, 32623, 199.98, 74
2026/09/21 01:55:24.020, 100, 28112, 32623, 200.32, 75
2026/09/21 01:55:25.020, 100, 28112, 32623, 199.99, 75
2026/09/21 01:55:26.021, 100, 28112, 32623, 200.00, 74
2026/09/21 01:55:27.021, 100, 28112, 32623, 199.98, 75
2026/09/21 01:55:28.021, 100, 28112, 32623, 200.01, 74
2026/09/21 01:55:29.021, 100, 28112, 32623, 199.99, 76
2026/09/21 01:55:30.021, 100, 28112, 32623, 199.99, 74
2026/09/21 01:55:31.022, 100, 28112, 32623, 200.02, 74
2026/09/21 01:55:32.022, 100, 28112, 32623, 200.00, 73
2026/09/21 01:55:33.022, 100, 28112, 32623, 200.00, 75
2026/09/21 01:55:34.022, 100, 28112, 32623, 199.98, 74
2026/09/21 01:55:35.022, 100, 28112, 32623, 199.99, 75
2026/09/21 01:55:36.023, 100, 28112, 32623, 200.00, 75
2026/09/21 01:55:37.023, 100, 28112, 32623, 200.01, 75
2026/09/21 01:55:38.023, 100, 28112, 32623, 200.01, 75
2026/09/21 01:55:39.023, 100, 28112, 32623, 199.95, 74
2026/09/21 01:55:40.023, 100, 28112, 32623, 200.19, 75
2026/09/21 01:55:41.024, 98, 28112, 32623, 199.74, 74
2026/09/21 01:55:42.024, 100, 28112, 32623, 200.28, 76
2026/09/21 01:55:43.024, 100, 28112, 32623, 199.99, 75
2026/09/21 01:55:44.025, 100, 28112, 32623, 199.98, 75
2026/09/21 01:55:45.025, 100, 28112, 32623, 200.02, 73
2026/09/21 01:55:46.025, 100, 28112, 32623, 200.01, 74
2026/09/21 01:55:47.025, 100, 28112, 32623, 200.00, 75
2026/09/21 01:55:48.026, 100, 28112, 32623, 199.98, 75
2026/09/21 01:55:49.026, 100, 28112, 32623, 200.02, 76
2026/09/21 01:55:50.026, 100, 28112, 32623, 199.96, 75
2026/09/21 01:55:51.027, 100, 28112, 32623, 200.04, 75
2026/09/21 01:55:52.027, 99, 28112, 32623, 199.87, 75
2026/09/21 01:55:53.027, 100, 28112, 32623, 200.01, 76
2026/09/21 01:55:54.027, 100, 28112, 32623, 200.00, 74
2026/09/21 01:55:55.028, 100, 28112, 32623, 198.66, 73
2026/09/21 01:55:56.028, 100, 28112, 32623, 200.00, 75
2026/09/21 01:55:57.028, 100, 28112, 32623, 200.00, 75
2026/09/21 01:55:58.029, 100, 28112, 32623, 199.99, 74
2026/09/21 01:55:59.029, 99, 28112, 32623, 199.86, 74
2026/09/21 01:56:00.029, 100, 28112, 32623, 200.16, 74
2026/09/21 01:56:01.029, 100, 28112, 32623, 199.98, 73
2026/09/21 01:56:02.030, 100, 28112, 32623, 200.00, 75
2026/09/21 01:56:03.030, 100, 28112, 32623, 200.00, 75
2026/09/21 01:56:04.030, 100, 28112, 32623, 199.96, 76
2026/09/21 01:56:05.031, 100, 28112, 32623, 200.29, 75
2026/09/21 01:56:06.031, 100, 28112, 32623, 199.96, 73
2026/09/21 01:56:07.031, 100, 28112, 32623, 200.00, 75
2026/09/21 01:56:08.031, 100, 28112, 32623, 200.02, 74
2026/09/21 01:56:09.032, 100, 28112, 32623, 199.95, 74
2026/09/21 01:56:10.032, 100, 28112, 32623, 200.10, 75
2026/09/21 01:56:11.032, 100, 28112, 32623, 200.00, 75
2026/09/21 01:56:12.032, 100, 28112, 32623, 199.99, 74
2026/09/21 01:56:13.033, 100, 28112, 32623, 200.01, 76
2026/09/21 01:56:14.033, 100, 28112, 32623, 199.95, 76
2026/09/21 01:56:15.033, 100, 28112, 32623, 200.04, 73
2026/09/21 01:56:16.033, 100, 28112, 32623, 200.00, 76
2026/09/21 01:56:17.034, 100, 28112, 32623, 199.97, 75
2026/09/21 01:56:18.034, 100, 28112, 32623, 200.02, 75
2026/09/21 01:56:19.034, 99, 28112, 32623, 199.91, 76
2026/09/21 01:56:20.034, 100, 28112, 32623, 200.10, 74
2026/09/21 01:56:21.035, 100, 28112, 32623, 199.99, 75
2026/09/21 01:56:22.035, 100, 28112, 32623, 200.02, 74
2026/09/21 01:56:23.035, 100, 28112, 32623, 200.01, 73
2026/09/21 01:56:24.036, 100, 28112, 32623, 199.99, 75
2026/09/21 01:56:25.036, 100, 28112, 32623, 199.99, 74
2026/09/21 01:56:26.036, 100, 28112, 32623, 199.99, 74
2026/09/21 01:56:27.036, 98, 28112, 32623, 199.87, 76
2026/09/21 01:56:28.036, 100, 28112, 32623, 200.15, 74
2026/09/21 01:56:29.037, 100, 28112, 32623, 200.02, 74
2026/09/21 01:56:30.037, 100, 28112, 32623, 198.52, 75
2026/09/21 01:56:31.037, 100, 28112, 32623, 200.38, 75
2026/09/21 01:56:32.037, 100, 28112, 32623, 199.98, 75
2026/09/21 01:56:33.037, 100, 28112, 32623, 198.54, 74
2026/09/21 01:56:34.037, 100, 28112, 32623, 200.06, 75
2026/09/21 01:56:35.038, 16, 28112, 32623, 186.18, 67
2026/09/21 01:56:36.038, 0, 28112, 32623, 60.49, 61
2026/09/21 01:56:37.038, 100, 28112, 32623, 161.40, 71
2026/09/21 01:56:38.038, 95, 28112, 32623, 198.94, 71
2026/09/21 01:56:39.038, 95, 28112, 32623, 200.20, 72
2026/09/21 01:56:40.039, 94, 28112, 32623, 200.15, 72
2026/09/21 01:56:41.039, 95, 28112, 32623, 199.46, 72
2026/09/21 01:56:42.039, 95, 28112, 32623, 200.21, 72
2026/09/21 01:56:43.039, 95, 28112, 32623, 200.18, 73
2026/09/21 01:56:44.040, 93, 28112, 32623, 200.22, 73
2026/09/21 01:56:45.040, 96, 28112, 32623, 199.61, 71
2026/09/21 01:56:46.040, 95, 28112, 32623, 200.14, 73
2026/09/21 01:56:47.040, 95, 28112, 32623, 200.21, 73
2026/09/21 01:56:48.040, 0, 28112, 32623, 100.65, 62
2026/09/21 01:56:49.041, 100, 28112, 32623, 121.75, 70
2026/09/21 01:56:50.041, 95, 28112, 32623, 199.00, 70
2026/09/21 01:56:51.041, 95, 28112, 32623, 200.18, 72
2026/09/21 01:56:52.041, 94, 28112, 32623, 200.20, 72
2026/09/21 01:56:53.042, 95, 28112, 32623, 199.59, 71
2026/09/21 01:56:54.042, 95, 28112, 32623, 200.16, 72
2026/09/21 01:56:55.042, 95, 28112, 32623, 200.22, 73
2026/09/21 01:56:56.042, 96, 28112, 32623, 199.61, 71
2026/09/21 01:56:57.042, 96, 28112, 32623, 200.16, 73
2026/09/21 01:56:58.043, 96, 28112, 32623, 200.21, 73
2026/09/21 01:56:59.043, 95, 28112, 32623, 199.54, 73
2026/09/21 01:57:00.043, 0, 28112, 32623, 144.49, 62
2026/09/21 01:57:01.043, 100, 28112, 32623, 85.07, 69
2026/09/21 01:57:02.044, 95, 28112, 32623, 199.98, 71
2026/09/21 01:57:03.044, 96, 28112, 32623, 199.65, 72
2026/09/21 01:57:04.044, 95, 28112, 32623, 199.74, 72
2026/09/21 01:57:05.044, 95, 28112, 32623, 200.12, 72
2026/09/21 01:57:06.044, 95, 28112, 32623, 200.15, 72
2026/09/21 01:57:07.045, 95, 28112, 32623, 199.77, 73
2026/09/21 01:57:08.045, 96, 28112, 32623, 200.00, 71
2026/09/21 01:57:09.045, 96, 28112, 32623, 200.18, 72
2026/09/21 01:57:10.045, 95, 28112, 32623, 199.77, 73
2026/09/21 01:57:11.046, 96, 28112, 32623, 199.99, 71
2026/09/21 01:57:12.046, 0, 28112, 32623, 178.15, 65
2026/09/21 01:57:13.046, 0, 28112, 32623, 75.71, 61
2026/09/21 01:57:14.046, 100, 28112, 32623, 169.82, 71
2026/09/21 01:57:15.047, 95, 28112, 32623, 199.28, 72
2026/09/21 01:57:16.047, 95, 28112, 32623, 199.55, 72
2026/09/21 01:57:17.047, 95, 28112, 32623, 200.19, 72
2026/09/21 01:57:18.047, 95, 28112, 32623, 200.21, 72
2026/09/21 01:57:19.048, 93, 28112, 32623, 200.15, 72
2026/09/21 01:57:20.048, 95, 28112, 32623, 199.48, 71
2026/09/21 01:57:21.048, 96, 28112, 32623, 200.28, 72
2026/09/21 01:57:22.048, 95, 28112, 32623, 200.18, 73
2026/09/21 01:57:23.048, 95, 28112, 32623, 199.51, 73
2026/09/21 01:57:24.049, 95, 28112, 32623, 199.96, 71
2026/09/21 01:57:25.049, 0, 28112, 32623, 90.99, 61
2026/09/21 01:57:26.049, 100, 28112, 32623, 150.15, 71
2026/09/21 01:57:27.049, 95, 28112, 32623, 199.37, 72
2026/09/21 01:57:28.050, 94, 28112, 32623, 199.48, 72
2026/09/21 01:57:29.050, 95, 28112, 32623, 200.16, 72
2026/09/21 01:57:30.050, 95, 28112, 32623, 200.19, 72
2026/09/21 01:57:31.050, 93, 28112, 32623, 200.18, 72
2026/09/21 01:57:32.051, 95, 28112, 32623, 199.55, 71
2026/09/21 01:57:33.051, 96, 28112, 32623, 200.24, 72
2026/09/21 01:57:34.051, 95, 28112, 32623, 200.20, 73
2026/09/21 01:57:35.051, 96, 28112, 32623, 199.56, 72
2026/09/21 01:57:36.051, 96, 28112, 32623, 200.21, 72
2026/09/21 01:57:37.051, 0, 28112, 32623, 127.45, 62
2026/09/21 01:57:38.052, 0, 28112, 32623, 75.08, 61
2026/09/21 01:57:39.052, 100, 28112, 32623, 138.68, 69
2026/09/21 01:57:40.052, 100, 28112, 32623, 199.98, 70
2026/09/21 01:57:41.053, 100, 28112, 32623, 199.98, 71
2026/09/21 01:57:42.053, 100, 28112, 32623, 200.02, 71
2026/09/21 01:57:43.053, 100, 28112, 32623, 199.98, 72
2026/09/21 01:57:44.053, 100, 28112, 32623, 199.98, 72
2026/09/21 01:57:45.054, 100, 28112, 32623, 200.02, 72
2026/09/21 01:57:46.054, 100, 28112, 32623, 199.98, 72
2026/09/21 01:57:47.054, 100, 28112, 32623, 199.97, 72
2026/09/21 01:57:48.055, 98, 28112, 32623, 199.93, 73
2026/09/21 01:57:49.055, 100, 28112, 32623, 200.20, 72
2026/09/21 01:57:50.055, 100, 28112, 32623, 199.98, 73
2026/09/21 01:57:51.055, 100, 28112, 32623, 200.00, 72
2026/09/21 01:57:52.056, 100, 28112, 32623, 200.02, 74
2026/09/21 01:57:53.056, 97, 28112, 32623, 199.52, 74
2026/09/21 01:57:54.056, 100, 28112, 32623, 200.59, 73
2026/09/21 01:57:55.056, 100, 28112, 32623, 199.98, 74
2026/09/21 01:57:56.057, 100, 28112, 32623, 200.00, 73
2026/09/21 01:57:57.057, 100, 28112, 32623, 200.02, 73
2026/09/21 01:57:58.057, 100, 28112, 32623, 196.29, 74
2026/09/21 01:57:59.057, 100, 28112, 32623, 200.00, 74
2026/09/21 01:58:00.058, 99, 28112, 32623, 199.83, 72
2026/09/21 01:58:01.058, 100, 28112, 32623, 200.20, 74
2026/09/21 01:58:02.058, 100, 28112, 32623, 199.99, 73
2026/09/21 01:58:03.058, 98, 28112, 32623, 199.42, 75
2026/09/21 01:58:04.059, 100, 28112, 32623, 200.00, 74
2026/09/21 01:58:05.059, 100, 28112, 32623, 200.01, 75
2026/09/21 01:58:06.059, 100, 28112, 32623, 200.04, 73
2026/09/21 01:58:07.060, 100, 28112, 32623, 199.99, 73
2026/09/21 01:58:08.060, 100, 28112, 32623, 199.99, 73
2026/09/21 01:58:09.060, 100, 28112, 32623, 200.05, 73
2026/09/21 01:58:10.060, 100, 28112, 32623, 199.97, 75
2026/09/21 01:58:11.061, 98, 28112, 32623, 199.79, 73
2026/09/21 01:58:12.061, 100, 28112, 32623, 200.25, 73
2026/09/21 01:58:13.061, 100, 28112, 32623, 199.98, 74
2026/09/21 01:58:14.061, 100, 28112, 32623, 199.99, 73
2026/09/21 01:58:15.062, 100, 28112, 32623, 200.00, 73
2026/09/21 01:58:16.062, 99, 28112, 32623, 199.77, 72
2026/09/21 01:58:17.062, 100, 28112, 32623, 200.00, 75
2026/09/21 01:58:18.062, 100, 28112, 32623, 199.93, 75
2026/09/21 01:58:19.063, 100, 28112, 32623, 200.05, 74
2026/09/21 01:58:20.063, 100, 28112, 32623, 200.01, 75
2026/09/21 01:58:21.063, 100, 28112, 32623, 200.00, 74
2026/09/21 01:58:22.064, 100, 28112, 32623, 199.98, 74
2026/09/21 01:58:23.064, 100, 28112, 32623, 200.00, 74
2026/09/21 01:58:24.064, 100, 28112, 32623, 198.96, 75
2026/09/21 01:58:25.064, 100, 28112, 32623, 199.98, 73
2026/09/21 01:58:26.065, 100, 28112, 32623, 200.01, 75
2026/09/21 01:58:27.065, 98, 28112, 32623, 199.87, 75
2026/09/21 01:58:28.065, 100, 28112, 32623, 199.99, 73
2026/09/21 01:58:29.065, 98, 28112, 32623, 199.83, 75
2026/09/21 01:58:30.066, 100, 28112, 32623, 200.19, 74
2026/09/21 01:58:31.066, 100, 28112, 32623, 199.95, 76
2026/09/21 01:58:32.066, 100, 28112, 32623, 200.04, 73
2026/09/21 01:58:33.067, 100, 28112, 32623, 199.96, 73
2026/09/21 01:58:34.067, 100, 28112, 32623, 200.22, 73
2026/09/21 01:58:35.067, 100, 28112, 32623, 199.98, 75
2026/09/21 01:58:36.067, 100, 28112, 32623, 200.04, 74
2026/09/21 01:58:37.067, 100, 28112, 32623, 199.91, 76
2026/09/21 01:58:38.067, 100, 28112, 32623, 200.10, 75
2026/09/21 01:58:39.068, 98, 28112, 32623, 199.67, 74
2026/09/21 01:58:40.068, 100, 28112, 32623, 200.21, 74
2026/09/21 01:58:41.068, 99, 28112, 32623, 199.81, 75
2026/09/21 01:58:42.069, 100, 28112, 32623, 200.22, 74
2026/09/21 01:58:43.069, 100, 28112, 32623, 199.99, 74
2026/09/21 01:58:44.069, 100, 28112, 32623, 200.00, 74
2026/09/21 01:58:45.069, 100, 28112, 32623, 200.01, 76
2026/09/21 01:58:46.069, 100, 28112, 32623, 200.01, 76
2026/09/21 01:58:47.070, 100, 28112, 32623, 199.99, 75
2026/09/21 01:58:48.070, 100, 28112, 32623, 200.00, 74
2026/09/21 01:58:49.070, 100, 28112, 32623, 200.02, 76
2026/09/21 01:58:50.070, 100, 28112, 32623, 199.94, 76
2026/09/21 01:58:51.070, 100, 28112, 32623, 200.02, 74
2026/09/21 01:58:52.071, 98, 28112, 32623, 199.56, 76
2026/09/21 01:58:53.071, 100, 28112, 32623, 200.40, 73
2026/09/21 01:58:54.071, 100, 28112, 32623, 200.01, 75
2026/09/21 01:58:55.071, 100, 28112, 32623, 200.01, 74
2026/09/21 01:58:56.072, 100, 28112, 32623, 199.97, 75
2026/09/21 01:58:57.072, 100, 28112, 32623, 197.72, 75
2026/09/21 01:58:58.072, 100, 28112, 32623, 200.09, 75
2026/09/21 01:58:59.072, 98, 28112, 32623, 199.78, 74
2026/09/21 01:59:00.072, 100, 28112, 32623, 200.21, 73
2026/09/21 01:59:01.073, 100, 28112, 32623, 199.99, 75
2026/09/21 01:59:02.073, 100, 28112, 32623, 200.00, 76
2026/09/21 01:59:03.073, 100, 28112, 32623, 199.97, 75
2026/09/21 01:59:04.073, 100, 28112, 32623, 200.01, 74
2026/09/21 01:59:05.073, 100, 28112, 32623, 200.07, 76
2026/09/21 01:59:06.074, 100, 28112, 32623, 199.97, 76
2026/09/21 01:59:07.074, 100, 28112, 32623, 199.99, 76
2026/09/21 01:59:08.074, 100, 28112, 32623, 199.97, 75
2026/09/21 01:59:09.074, 100, 28112, 32623, 199.98, 76
2026/09/21 01:59:10.074, 100, 28112, 32623, 199.99, 75
2026/09/21 01:59:11.075, 99, 28112, 32623, 199.85, 76
2026/09/21 01:59:12.075, 100, 28112, 32623, 199.98, 74
2026/09/21 01:59:13.075, 100, 28112, 32623, 200.02, 76
2026/09/21 01:59:14.075, 100, 28112, 32623, 199.99, 76
2026/09/21 01:59:15.075, 100, 28112, 32623, 199.98, 75
2026/09/21 01:59:16.075, 99, 28112, 32623, 199.79, 75
2026/09/21 01:59:17.076, 100, 28112, 32623, 200.19, 75
2026/09/21 01:59:18.076, 100, 28112, 32623, 200.01, 73
2026/09/21 01:59:19.076, 100, 28112, 32623, 200.01, 74
2026/09/21 01:59:20.076, 100, 28112, 32623, 199.98, 75
2026/09/21 01:59:21.076, 100, 28112, 32623, 199.98, 75
2026/09/21 01:59:22.077, 100, 28112, 32623, 199.99, 75
2026/09/21 01:59:23.077, 100, 28112, 32623, 200.01, 75
2026/09/21 01:59:24.077, 100, 28112, 32623, 199.96, 76
2026/09/21 01:59:25.077, 100, 28112, 32623, 200.06, 76
2026/09/21 01:59:26.077, 100, 28112, 32623, 200.00, 74
2026/09/21 01:59:27.078, 100, 28112, 32623, 199.96, 75
2026/09/21 01:59:28.078, 100, 28112, 32623, 200.03, 75
2026/09/21 01:59:29.078, 100, 28112, 32623, 199.98, 74
2026/09/21 01:59:30.078, 100, 28112, 32623, 199.99, 75
2026/09/21 01:59:31.079, 100, 28112, 32623, 200.00, 75
2026/09/21 01:59:32.079, 47, 28112, 32623, 192.64, 69
2026/09/21 01:59:33.079, 100, 28112, 32623, 197.23, 75
2026/09/21 01:59:34.079, 100, 28112, 32623, 199.98, 74
2026/09/21 01:59:35.079, 100, 28112, 32623, 196.99, 75
2026/09/21 01:59:36.079, 100, 28112, 32623, 200.60, 75
2026/09/21 01:59:37.080, 100, 28112, 32623, 196.35, 73
2026/09/21 01:59:38.080, 0, 28112, 32623, 92.28, 62
2026/09/21 01:59:39.080, 99, 28112, 32623, 147.11, 71
2026/09/21 01:59:40.080, 96, 28112, 32623, 199.23, 72
2026/09/21 01:59:41.080, 95, 28112, 32623, 199.92, 72
2026/09/21 01:59:42.081, 95, 28112, 32623, 199.73, 71
2026/09/21 01:59:43.081, 95, 28112, 32623, 200.13, 72
2026/09/21 01:59:44.081, 95, 28112, 32623, 200.22, 73
2026/09/21 01:59:45.081, 95, 28112, 32623, 199.62, 73
2026/09/21 01:59:46.082, 96, 28112, 32623, 200.08, 71
2026/09/21 01:59:47.082, 96, 28112, 32623, 200.25, 73
2026/09/21 01:59:48.082, 94, 28112, 32623, 200.11, 73
2026/09/21 01:59:49.082, 96, 28112, 32623, 199.65, 72
2026/09/21 01:59:50.083, 0, 28112, 32623, 133.28, 62
2026/09/21 01:59:51.083, 100, 28112, 32623, 105.44, 70
2026/09/21 01:59:52.083, 96, 28112, 32623, 199.85, 72
2026/09/21 01:59:53.083, 95, 28112, 32623, 199.62, 72
2026/09/21 01:59:54.083, 96, 28112, 32623, 200.20, 72
2026/09/21 01:59:55.083, 96, 28112, 32623, 200.17, 73
2026/09/21 01:59:56.084, 95, 28112, 32623, 199.74, 73
2026/09/21 01:59:57.084, 96, 28112, 32623, 200.10, 72
2026/09/21 01:59:58.084, 96, 28112, 32623, 200.16, 73
2026/09/21 01:59:59.084, 95, 28112, 32623, 199.80, 73
2026/09/21 02:00:00.084, 96, 28112, 32623, 200.03, 72
2026/09/21 02:00:01.084, 95, 28112, 32623, 200.21, 73
2026/09/21 02:00:02.085, 0, 28112, 32623, 158.53, 63
2026/09/21 02:00:03.085, 80, 28373, 32623, 65.78, 67
2026/09/21 02:00:04.085, 99, 28112, 32623, 201.49, 71
2026/09/21 02:00:05.086, 95, 28112, 32623, 199.06, 71
2026/09/21 02:00:06.086, 96, 28112, 32623, 200.22, 73
2026/09/21 02:00:07.086, 95, 28112, 32623, 199.80, 73
2026/09/21 02:00:08.086, 95, 28112, 32623, 200.01, 71
2026/09/21 02:00:09.086, 95, 28112, 32623, 200.21, 73
2026/09/21 02:00:10.087, 95, 28112, 32623, 199.81, 73
2026/09/21 02:00:11.087, 96, 28112, 32623, 199.95, 71
2026/09/21 02:00:12.087, 95, 28112, 32623, 193.87, 73
2026/09/21 02:00:13.087, 94, 28112, 32623, 199.55, 73
2026/09/21 02:00:14.087, 95, 28112, 32623, 199.90, 72
2026/09/21 02:00:15.088, 0, 28112, 32623, 78.83, 61
2026/09/21 02:00:16.088, 100, 28112, 32623, 159.22, 71
2026/09/21 02:00:17.088, 95, 28112, 32623, 199.13, 72
2026/09/21 02:00:18.088, 95, 28112, 32623, 200.22, 72
2026/09/21 02:00:19.088, 95, 28112, 32623, 199.70, 72
2026/09/21 02:00:20.088, 95, 28112, 32623, 200.03, 71
2026/09/21 02:00:21.089, 96, 28112, 32623, 200.24, 73
2026/09/21 02:00:22.089, 95, 28112, 32623, 200.38, 73
2026/09/21 02:00:23.089, 96, 28112, 32623, 199.57, 71
2026/09/21 02:00:24.089, 96, 28112, 32623, 200.15, 72
2026/09/21 02:00:25.090, 96, 28112, 32623, 200.19, 73
2026/09/21 02:00:26.090, 96, 28112, 32623, 199.66, 72
2026/09/21 02:00:27.090, 0, 28112, 32623, 118.32, 62
2026/09/21 02:00:28.090, 100, 28112, 32623, 117.07, 70
2026/09/21 02:00:29.090, 95, 28112, 32623, 199.33, 71
2026/09/21 02:00:30.091, 95, 28112, 32623, 200.14, 72
2026/09/21 02:00:31.091, 96, 28112, 32623, 199.58, 71
2026/09/21 02:00:32.091, 96, 28112, 32623, 200.20, 72
2026/09/21 02:00:33.091, 95, 28112, 32623, 200.21, 73
2026/09/21 02:00:34.092, 95, 28112, 32623, 199.51, 73
2026/09/21 02:00:35.092, 96, 28112, 32623, 200.19, 72
2026/09/21 02:00:36.092, 95, 28112, 32623, 200.21, 73
2026/09/21 02:00:37.092, 95, 28112, 32623, 199.74, 73
2026/09/21 02:00:38.092, 95, 28112, 32623, 200.08, 72
2026/09/21 02:00:39.093, 0, 28112, 32623, 149.35, 63
2026/09/21 02:00:40.093, 0, 28112, 32623, 75.32, 61
2026/09/21 02:00:41.093, 100, 28112, 32623, 128.22, 69
2026/09/21 02:00:42.093, 100, 28112, 32623, 200.02, 70
2026/09/21 02:00:43.094, 100, 28112, 32623, 199.97, 71
2026/09/21 02:00:44.094, 100, 28112, 32623, 199.99, 72
2026/09/21 02:00:45.094, 100, 28112, 32623, 199.97, 71
2026/09/21 02:00:46.094, 100, 28112, 32623, 200.03, 71
2026/09/21 02:00:47.095, 100, 28112, 32623, 199.97, 72
2026/09/21 02:00:48.095, 100, 28112, 32623, 199.97, 72
2026/09/21 02:00:49.095, 98, 28112, 32623, 199.81, 73
2026/09/21 02:00:50.096, 100, 28112, 32623, 200.24, 72
2026/09/21 02:00:51.096, 100, 28112, 32623, 199.98, 71
2026/09/21 02:00:52.096, 100, 28112, 32623, 199.99, 72
2026/09/21 02:00:53.096, 100, 28112, 32623, 199.98, 74
2026/09/21 02:00:54.097, 100, 28112, 32623, 199.98, 73
2026/09/21 02:00:55.097, 100, 28112, 32623, 200.02, 74
2026/09/21 02:00:56.097, 100, 28112, 32623, 200.00, 73
2026/09/21 02:00:57.097, 100, 28112, 32623, 200.00, 72
2026/09/21 02:00:58.098, 100, 28112, 32623, 199.98, 74
2026/09/21 02:00:59.098, 100, 28112, 32623, 200.02, 74
2026/09/21 02:01:00.098, 100, 28112, 32623, 200.00, 74
2026/09/21 02:01:01.098, 100, 28112, 32623, 200.00, 75
2026/09/21 02:01:02.099, 100, 28112, 32623, 200.03, 73
2026/09/21 02:01:03.099, 100, 28112, 32623, 199.99, 74
2026/09/21 02:01:04.099, 100, 28112, 32623, 199.98, 73
2026/09/21 02:01:05.100, 100, 28112, 32623, 200.00, 73
2026/09/21 02:01:06.100, 100, 28112, 32623, 200.02, 75
2026/09/21 02:01:07.100, 100, 28112, 32623, 199.98, 74
2026/09/21 02:01:08.100, 100, 28112, 32623, 200.02, 74
2026/09/21 02:01:09.101, 100, 28112, 32623, 199.99, 74
2026/09/21 02:01:10.101, 100, 28112, 32623, 199.96, 73
2026/09/21 02:01:11.101, 100, 28112, 32623, 200.05, 75
2026/09/21 02:01:12.101, 100, 28112, 32623, 199.99, 73
2026/09/21 02:01:13.101, 100, 28112, 32623, 199.98, 73
2026/09/21 02:01:14.102, 100, 28112, 32623, 199.97, 75
2026/09/21 02:01:15.102, 100, 28112, 32623, 199.99, 74
2026/09/21 02:01:16.102, 100, 28112, 32623, 200.03, 75
2026/09/21 02:01:17.102, 100, 28112, 32623, 200.00, 75
2026/09/21 02:01:18.102, 100, 28112, 32623, 200.00, 74
2026/09/21 02:01:19.103, 100, 28112, 32623, 199.99, 73
2026/09/21 02:01:20.103, 98, 28112, 32623, 199.76, 73
2026/09/21 02:01:21.103, 100, 28112, 32623, 200.26, 75
2026/09/21 02:01:22.103, 100, 28112, 32623, 199.99, 73
2026/09/21 02:01:23.103, 100, 28112, 32623, 200.00, 74
2026/09/21 02:01:24.104, 100, 28112, 32623, 200.02, 74
2026/09/21 02:01:25.104, 100, 28112, 32623, 200.02, 73
2026/09/21 02:01:26.104, 100, 28112, 32623, 197.80, 74
2026/09/21 02:01:27.104, 100, 28112, 32623, 200.00, 75
2026/09/21 02:01:28.105, 100, 28112, 32623, 200.02, 74
2026/09/21 02:01:29.105, 100, 28112, 32623, 199.99, 76
2026/09/21 02:01:30.105, 100, 28112, 32623, 200.01, 75
2026/09/21 02:01:31.105, 100, 28112, 32623, 199.99, 75
2026/09/21 02:01:32.105, 100, 28112, 32623, 199.99, 75
2026/09/21 02:01:33.105, 99, 28112, 32623, 199.80, 73
2026/09/21 02:01:34.106, 100, 28112, 32623, 199.99, 76
2026/09/21 02:01:35.106, 99, 28112, 32623, 199.79, 75
2026/09/21 02:01:36.106, 100, 28112, 32623, 200.20, 76
2026/09/21 02:01:37.106, 99, 28112, 32623, 199.82, 75
2026/09/21 02:01:38.107, 100, 28112, 32623, 200.18, 75
2026/09/21 02:01:39.107, 99, 28112, 32623, 200.02, 76
2026/09/21 02:01:40.107, 100, 28112, 32623, 199.96, 74
2026/09/21 02:01:41.108, 100, 28112, 32623, 200.00, 73
2026/09/21 02:01:42.108, 100, 28112, 32623, 199.99, 75
2026/09/21 02:01:43.108, 100, 28112, 32623, 200.01, 75
2026/09/21 02:01:44.108, 100, 28112, 32623, 200.01, 76
2026/09/21 02:01:45.109, 100, 28112, 32623, 199.98, 75
2026/09/21 02:01:46.109, 100, 28112, 32623, 200.00, 76
2026/09/21 02:01:47.109, 100, 28112, 32623, 199.99, 75
2026/09/21 02:01:48.109, 100, 28112, 32623, 199.98, 75
2026/09/21 02:01:49.110, 100, 28112, 32623, 200.02, 74
2026/09/21 02:01:50.110, 100, 28112, 32623, 199.97, 74
2026/09/21 02:01:51.110, 100, 28112, 32623, 200.05, 75
2026/09/21 02:01:52.111, 98, 28112, 32623, 199.88, 75
2026/09/21 02:01:53.111, 100, 28112, 32623, 200.11, 75
2026/09/21 02:01:54.111, 100, 28112, 32623, 199.96, 74
2026/09/21 02:01:55.111, 100, 28112, 32623, 200.02, 74
2026/09/21 02:01:56.112, 100, 28112, 32623, 200.00, 74
2026/09/21 02:01:57.112, 100, 28112, 32623, 200.02, 74
2026/09/21 02:01:58.112, 100, 28112, 32623, 200.00, 73
2026/09/21 02:01:59.112, 100, 28112, 32623, 195.86, 74
2026/09/21 02:02:00.113, 100, 28112, 32623, 200.61, 75
2026/09/21 02:02:01.113, 100, 28112, 32623, 199.97, 75
2026/09/21 02:02:02.113, 100, 28112, 32623, 200.02, 74
2026/09/21 02:02:03.113, 100, 28112, 32623, 200.00, 73
2026/09/21 02:02:04.114, 100, 28112, 32623, 199.99, 75
2026/09/21 02:02:05.114, 100, 28112, 32623, 200.00, 75
2026/09/21 02:02:06.114, 100, 28112, 32623, 199.96, 76
2026/09/21 02:02:07.114, 100, 28112, 32623, 200.03, 75
2026/09/21 02:02:08.115, 100, 28112, 32623, 199.97, 75
2026/09/21 02:02:09.115, 100, 28112, 32623, 199.97, 76
2026/09/21 02:02:10.116, 100, 28112, 32623, 199.99, 75
2026/09/21 02:02:11.116, 100, 28112, 32623, 199.95, 75
2026/09/21 02:02:12.116, 100, 28112, 32623, 200.01, 74
2026/09/21 02:02:13.116, 100, 28112, 32623, 200.02, 74
2026/09/21 02:02:14.117, 100, 28112, 32623, 200.02, 74
2026/09/21 02:02:15.117, 100, 28112, 32623, 200.00, 75
2026/09/21 02:02:16.117, 100, 28112, 32623, 199.98, 75
2026/09/21 02:02:17.117, 100, 28112, 32623, 200.01, 73
2026/09/21 02:02:18.117, 100, 28112, 32623, 200.01, 76
2026/09/21 02:02:19.118, 100, 28112, 32623, 199.98, 76
2026/09/21 02:02:20.118, 100, 28112, 32623, 200.00, 74
2026/09/21 02:02:21.118, 100, 28112, 32623, 199.96, 74
2026/09/21 02:02:22.118, 100, 28112, 32623, 200.16, 75
2026/09/21 02:02:23.119, 100, 28112, 32623, 200.01, 76
2026/09/21 02:02:24.119, 100, 28112, 32623, 199.99, 75
2026/09/21 02:02:25.119, 100, 28112, 32623, 200.01, 76
2026/09/21 02:02:26.119, 99, 28112, 32623, 199.83, 76
2026/09/21 02:02:27.119, 100, 28112, 32623, 200.01, 76
2026/09/21 02:02:28.119, 100, 28112, 32623, 199.98, 73
2026/09/21 02:02:29.120, 100, 28112, 32623, 200.00, 76
2026/09/21 02:02:30.120, 100, 28112, 32623, 200.05, 76
2026/09/21 02:02:31.120, 100, 28112, 32623, 199.98, 73
2026/09/21 02:02:32.120, 100, 28112, 32623, 200.00, 76
2026/09/21 02:02:33.120, 100, 28112, 32623, 200.00, 76
2026/09/21 02:02:34.121, 99, 28112, 32623, 200.00, 76
2026/09/21 02:02:35.121, 100, 28112, 32623, 198.16, 74
2026/09/21 02:02:36.121, 100, 28112, 32623, 200.00, 74
2026/09/21 02:02:37.121, 50, 28112, 32623, 194.31, 73
2026/09/21 02:02:38.121, 100, 28112, 32623, 197.57, 74
2026/09/21 02:02:39.122, 100, 28112, 32623, 195.95, 73
2026/09/21 02:02:40.122, 0, 28112, 32623, 113.54, 62
2026/09/21 02:02:41.122, 100, 28112, 32623, 117.17, 71
2026/09/21 02:02:42.122, 95, 28112, 32623, 199.23, 72
2026/09/21 02:02:43.123, 95, 28112, 32623, 200.08, 72
2026/09/21 02:02:44.123, 94, 28112, 32623, 199.76, 73
2026/09/21 02:02:45.123, 95, 28112, 32623, 200.10, 72
2026/09/21 02:02:46.123, 95, 28112, 32623, 200.21, 73
2026/09/21 02:02:47.123, 95, 28112, 32623, 199.77, 73
2026/09/21 02:02:48.124, 96, 28112, 32623, 200.01, 72
2026/09/21 02:02:49.124, 96, 28112, 32623, 200.23, 73
2026/09/21 02:02:50.124, 95, 28112, 32623, 199.98, 73
2026/09/21 02:02:51.125, 96, 28112, 32623, 199.77, 71
2026/09/21 02:02:52.125, 0, 28112, 32623, 150.79, 63
2026/09/21 02:02:53.125, 97, 28112, 32623, 71.28, 69
2026/09/21 02:02:54.125, 98, 28112, 32623, 200.97, 71
2026/09/21 02:02:55.125, 95, 28112, 32623, 199.54, 72
2026/09/21 02:02:56.126, 95, 28112, 32623, 199.74, 72
2026/09/21 02:02:57.126, 96, 28112, 32623, 200.15, 72
2026/09/21 02:02:58.126, 96, 28112, 32623, 200.17, 73
2026/09/21 02:02:59.126, 95, 28112, 32623, 199.69, 73
2026/09/21 02:03:00.126, 96, 28112, 32623, 200.14, 72
2026/09/21 02:03:01.127, 95, 28112, 32623, 200.08, 73
2026/09/21 02:03:02.127, 94, 28112, 32623, 200.11, 73
2026/09/21 02:03:03.127, 95, 28112, 32623, 199.61, 72
2026/09/21 02:03:04.127, 41, 28112, 32623, 193.64, 68
2026/09/21 02:03:05.128, 0, 28112, 32623, 75.98, 61
2026/09/21 02:03:06.128, 100, 28112, 32623, 159.73, 71
2026/09/21 02:03:07.128, 95, 28112, 32623, 198.97, 71
2026/09/21 02:03:08.128, 95, 28112, 32623, 200.22, 72
2026/09/21 02:03:09.129, 95, 28112, 32623, 199.76, 73
2026/09/21 02:03:10.129, 95, 28112, 32623, 200.00, 71
2026/09/21 02:03:11.129, 96, 28112, 32623, 200.23, 73
2026/09/21 02:03:12.129, 95, 28112, 32623, 199.90, 73
2026/09/21 02:03:13.129, 96, 28112, 32623, 199.89, 71
2026/09/21 02:03:14.130, 95, 28112, 32623, 200.19, 73
2026/09/21 02:03:15.130, 94, 28112, 32623, 200.11, 73
2026/09/21 02:03:16.130, 95, 28112, 32623, 199.58, 72
2026/09/21 02:03:17.130, 0, 28112, 32623, 105.14, 61
2026/09/21 02:03:18.131, 100, 28112, 32623, 127.89, 70
2026/09/21 02:03:19.131, 95, 28112, 32623, 199.08, 70
2026/09/21 02:03:20.131, 95, 28112, 32623, 200.23, 72
2026/09/21 02:03:21.131, 94, 28112, 32623, 200.24, 72
2026/09/21 02:03:22.132, 95, 28112, 32623, 199.62, 71
2026/09/21 02:03:23.132, 95, 28112, 32623, 200.17, 72
2026/09/21 02:03:24.132, 95, 28112, 32623, 200.22, 73
2026/09/21 02:03:25.132, 95, 28112, 32623, 199.51, 71
2026/09/21 02:03:26.133, 96, 28112, 32623, 200.24, 72
2026/09/21 02:03:27.133, 96, 28112, 32623, 200.21, 73
2026/09/21 02:03:28.133, 95, 28112, 32623, 199.57, 71
2026/09/21 02:03:29.133, 0, 28112, 32623, 140.85, 62
2026/09/21 02:03:30.133, 100, 28112, 32623, 87.29, 69
2026/09/21 02:03:31.134, 95, 28112, 32623, 199.96, 71
2026/09/21 02:03:32.134, 95, 28112, 32623, 199.45, 72
2026/09/21 02:03:33.134, 95, 28112, 32623, 199.88, 71
2026/09/21 02:03:34.134, 95, 28112, 32623, 200.21, 72
2026/09/21 02:03:35.135, 94, 28112, 32623, 200.11, 73
2026/09/21 02:03:36.135, 95, 28112, 32623, 199.43, 71
2026/09/21 02:03:37.135, 95, 28112, 32623, 200.26, 72
2026/09/21 02:03:38.135, 95, 28112, 32623, 200.14, 73
2026/09/21 02:03:39.136, 93, 28112, 32623, 200.12, 73
2026/09/21 02:03:40.136, 95, 28112, 32623, 199.51, 71
2026/09/21 02:03:41.136, 0, 28112, 32623, 182.00, 65
2026/09/21 02:03:42.136, 0, 28112, 32623, 65.04, 61
2026/09/21 02:03:43.136, 0, 28112, 32623, 52.15, 59
2026/09/21 02:03:44.137, 0, 28112, 32623, 46.99, 57
2026/09/21 02:03:45.137, 0, 28112, 32623, 41.11, 57
2026/09/21 02:03:46.137, 0, 28112, 32623, 40.71, 56
2026/09/21 02:03:47.138, 0, 28112, 32623, 40.11, 55
2026/09/21 02:03:48.138, 0, 28112, 32623, 39.65, 55
2026/09/21 02:03:49.138, 0, 28112, 32623, 39.56, 54
2026/09/21 02:03:50.138, 0, 28112, 32623, 39.22, 54
2026/09/21 02:03:51.138, 0, 28112, 32623, 39.03, 53
2026/09/21 02:03:52.139, 0, 28112, 32623, 38.80, 53
2026/09/21 02:03:53.139, 0, 28112, 32623, 38.60, 53
2026/09/21 02:03:54.139, 0, 28112, 32623, 38.45, 52
2026/09/21 02:03:55.139, 0, 28112, 32623, 38.39, 52
2026/09/21 02:03:56.140, 0, 28112, 32623, 38.30, 52
2026/09/21 02:03:57.140, 0, 28112, 32623, 38.24, 51
2026/09/21 02:03:58.140, 0, 28112, 32623, 29.34, 50
2026/09/21 02:03:59.141, 0, 28112, 32623, 14.31, 49
2026/09/21 02:04:00.141, 0, 28112, 32623, 13.39, 49
2026/09/21 02:04:01.141, 0, 28112, 32623, 10.91, 48
2026/09/21 02:04:02.141, 100, 28112, 32623, 94.85, 60
2026/09/21 02:04:03.142, 100, 28112, 32623, 200.11, 63
2026/09/21 02:04:04.142, 0, 28112, 32623, 117.01, 53
2026/09/21 02:04:05.142, 100, 28112, 32623, 164.89, 64
2026/09/21 02:04:06.143, 100, 28112, 32623, 199.99, 64
2026/09/21 02:04:07.143, 100, 28112, 32623, 199.99, 65
2026/09/21 02:04:08.143, 100, 28112, 32623, 200.01, 66
2026/09/21 02:04:09.143, 100, 28112, 32623, 199.98, 66
2026/09/21 02:04:10.144, 100, 28112, 32623, 200.01, 66
2026/09/21 02:04:11.144, 100, 28112, 32623, 199.97, 67
2026/09/21 02:04:12.144, 100, 28112, 32623, 200.01, 67
2026/09/21 02:04:13.144, 100, 28112, 32623, 200.00, 67
2026/09/21 02:04:14.144, 100, 28112, 32623, 199.99, 67
2026/09/21 02:04:15.145, 100, 28112, 32623, 200.00, 68
2026/09/21 02:04:16.145, 97, 28112, 32623, 199.78, 68
2026/09/21 02:04:17.145, 100, 28112, 32623, 200.28, 68
2026/09/21 02:04:18.145, 100, 28112, 32623, 200.01, 68
2026/09/21 02:04:19.145, 100, 28112, 32623, 199.99, 69
2026/09/21 02:04:20.146, 100, 28112, 32623, 200.00, 69
2026/09/21 02:04:21.146, 100, 28112, 32623, 199.99, 70
2026/09/21 02:04:22.146, 100, 28112, 32623, 199.99, 69
2026/09/21 02:04:23.146, 99, 28112, 32623, 199.76, 69
2026/09/21 02:04:24.146, 100, 28112, 32623, 200.24, 70
2026/09/21 02:04:25.147, 100, 28112, 32623, 199.98, 70
2026/09/21 02:04:26.147, 100, 28112, 32623, 200.01, 70
2026/09/21 02:04:27.147, 100, 28112, 32623, 200.01, 71
2026/09/21 02:04:28.147, 97, 28112, 32623, 199.85, 70
2026/09/21 02:04:29.148, 100, 28112, 32623, 200.23, 70
2026/09/21 02:04:30.148, 100, 28112, 32623, 200.01, 69
2026/09/21 02:04:31.148, 100, 28112, 32623, 199.99, 70
2026/09/21 02:04:32.148, 100, 28112, 32623, 199.95, 71
2026/09/21 02:04:33.148, 100, 28112, 32623, 200.40, 72
2026/09/21 02:04:34.149, 100, 28112, 32623, 200.00, 72
2026/09/21 02:04:35.149, 100, 28112, 32623, 200.00, 71
2026/09/21 02:04:36.149, 98, 28112, 32623, 199.80, 72
2026/09/21 02:04:37.149, 100, 28112, 32623, 200.21, 71
2026/09/21 02:04:38.149, 100, 28112, 32623, 196.08, 72
2026/09/21 02:04:39.150, 100, 28112, 32623, 200.00, 71
2026/09/21 02:04:40.150, 100, 28112, 32623, 200.01, 73
2026/09/21 02:04:41.150, 100, 28112, 32623, 200.00, 71
2026/09/21 02:04:42.150, 100, 28112, 32623, 200.00, 71
2026/09/21 02:04:43.153, 33, 28112, 32623, 189.18, 73
2026/09/21 02:04:44.153, 100, 28112, 32623, 205.45, 72
2026/09/21 02:04:45.155, 100, 28112, 32623, 200.01, 72
2026/09/21 02:04:46.155, 100, 28112, 32623, 199.98, 72
2026/09/21 02:04:47.156, 100, 28112, 32623, 200.02, 72
2026/09/21 02:04:48.156, 100, 28112, 32623, 200.00, 71
2026/09/21 02:04:49.156, 100, 28112, 32623, 199.94, 74
2026/09/21 02:04:50.156, 100, 28112, 32623, 200.17, 73
2026/09/21 02:04:51.157, 100, 28112, 32623, 200.01, 72
2026/09/21 02:04:52.157, 100, 28112, 32623, 199.94, 74
2026/09/21 02:04:53.157, 100, 28112, 32623, 200.19, 72
2026/09/21 02:04:54.158, 100, 28112, 32623, 199.98, 74
2026/09/21 02:04:55.158, 100, 28112, 32623, 199.95, 73
2026/09/21 02:04:56.158, 100, 28112, 32623, 200.49, 72
2026/09/21 02:04:57.158, 100, 28112, 32623, 199.99, 74
2026/09/21 02:04:58.159, 98, 28112, 32623, 199.49, 74
2026/09/21 02:04:59.159, 100, 28112, 32623, 200.00, 73
2026/09/21 02:05:00.159, 100, 28112, 32623, 199.99, 72
2026/09/21 02:05:01.159, 100, 28112, 32623, 199.99, 74
2026/09/21 02:05:02.160, 100, 28112, 32623, 200.02, 73
2026/09/21 02:05:03.160, 100, 28112, 32623, 199.94, 74
2026/09/21 02:05:04.160, 100, 28112, 32623, 200.10, 72
2026/09/21 02:05:05.161, 100, 28112, 32623, 200.00, 74
2026/09/21 02:05:06.161, 100, 28112, 32623, 199.96, 73
2026/09/21 02:05:07.161, 100, 28112, 32623, 199.99, 72
2026/09/21 02:05:08.161, 100, 28112, 32623, 200.01, 73
2026/09/21 02:05:09.162, 100, 28112, 32623, 200.01, 74
2026/09/21 02:05:10.162, 100, 28112, 32623, 200.03, 73
2026/09/21 02:05:11.162, 99, 28112, 32623, 199.81, 75
2026/09/21 02:05:12.163, 100, 28112, 32623, 200.18, 73
2026/09/21 02:05:13.163, 100, 28112, 32623, 199.99, 73
2026/09/21 02:05:14.163, 100, 28112, 32623, 200.00, 73
2026/09/21 02:05:15.163, 100, 28112, 32623, 200.00, 73
2026/09/21 02:05:16.164, 100, 28112, 32623, 199.99, 75
2026/09/21 02:05:17.164, 100, 28112, 32623, 200.00, 73
2026/09/21 02:05:18.164, 100, 28112, 32623, 199.95, 73
2026/09/21 02:05:19.164, 100, 28112, 32623, 200.04, 72
2026/09/21 02:05:20.165, 100, 28112, 32623, 199.99, 73
2026/09/21 02:05:21.165, 100, 28112, 32623, 200.02, 74
2026/09/21 02:05:22.165, 100, 28112, 32623, 199.99, 75
2026/09/21 02:05:23.166, 100, 28112, 32623, 199.99, 75
2026/09/21 02:05:24.166, 100, 28112, 32623, 200.00, 75
2026/09/21 02:05:25.166, 98, 28112, 32623, 199.89, 74
2026/09/21 02:05:26.167, 100, 28112, 32623, 200.16, 74
2026/09/21 02:05:27.167, 100, 28112, 32623, 199.99, 74
2026/09/21 02:05:28.167, 100, 28112, 32623, 200.02, 73
2026/09/21 02:05:29.167, 100, 28112, 32623, 197.11, 74
2026/09/21 02:05:30.168, 100, 28112, 32623, 200.10, 73
2026/09/21 02:05:31.168, 100, 28112, 32623, 199.99, 75
2026/09/21 02:05:32.168, 100, 28112, 32623, 200.00, 74
2026/09/21 02:05:33.169, 100, 28112, 32623, 200.00, 73
2026/09/21 02:05:34.169, 100, 28112, 32623, 199.79, 72
2026/09/21 02:05:35.169, 100, 28112, 32623, 199.97, 73
2026/09/21 02:05:36.169, 78, 28112, 32623, 193.81, 73
2026/09/21 02:05:37.169, 100, 28112, 32623, 202.99, 73
2026/09/21 02:05:38.170, 98, 28112, 32623, 199.94, 73
2026/09/21 02:05:39.170, 100, 28112, 32623, 200.06, 74
2026/09/21 02:05:40.170, 100, 28112, 32623, 199.99, 73
2026/09/21 02:05:41.170, 100, 28112, 32623, 200.04, 75
2026/09/21 02:05:42.170, 100, 28112, 32623, 199.97, 75
2026/09/21 02:05:43.171, 100, 28112, 32623, 200.01, 75
2026/09/21 02:05:44.171, 100, 28112, 32623, 200.01, 75
2026/09/21 02:05:45.171, 100, 28112, 32623, 200.01, 75
2026/09/21 02:05:46.171, 100, 28112, 32623, 199.99, 75
2026/09/21 02:05:47.171, 100, 28112, 32623, 199.99, 74
2026/09/21 02:05:48.172, 100, 28112, 32623, 199.98, 73
2026/09/21 02:05:49.172, 100, 28112, 32623, 200.01, 75
2026/09/21 02:05:50.172, 100, 28112, 32623, 200.00, 73
2026/09/21 02:05:51.172, 100, 28112, 32623, 200.01, 75
2026/09/21 02:05:52.172, 100, 28112, 32623, 199.99, 75
2026/09/21 02:05:53.172, 100, 28112, 32623, 199.98, 75
2026/09/21 02:05:54.173, 100, 28112, 32623, 199.97, 74
2026/09/21 02:05:55.173, 100, 28112, 32623, 200.01, 75
2026/09/21 02:05:56.173, 100, 28112, 32623, 199.98, 74
2026/09/21 02:05:57.173, 100, 28112, 32623, 200.00, 74
2026/09/21 02:05:58.173, 100, 28112, 32623, 200.01, 74
2026/09/21 02:05:59.174, 100, 28112, 32623, 200.00, 73
2026/09/21 02:06:00.174, 100, 28112, 32623, 199.98, 75
2026/09/21 02:06:01.174, 100, 28112, 32623, 200.00, 75
2026/09/21 02:06:02.174, 100, 28112, 32623, 199.99, 74
2026/09/21 02:06:03.174, 100, 28112, 32623, 200.02, 73
2026/09/21 02:06:04.175, 100, 28112, 32623, 199.98, 75
2026/09/21 02:06:05.175, 100, 28112, 32623, 200.01, 75
2026/09/21 02:06:06.175, 100, 28112, 32623, 199.95, 75
2026/09/21 02:06:07.175, 100, 28112, 32623, 200.06, 75
2026/09/21 02:06:08.176, 98, 28112, 32623, 199.96, 74
2026/09/21 02:06:09.176, 100, 28112, 32623, 200.04, 75
2026/09/21 02:06:10.176, 99, 28112, 32623, 199.61, 73
2026/09/21 02:06:11.176, 100, 28112, 32623, 199.99, 75
2026/09/21 02:06:12.177, 100, 28112, 32623, 199.99, 75
2026/09/21 02:06:13.177, 100, 28112, 32623, 199.97, 75
2026/09/21 02:06:14.177, 100, 28112, 32623, 199.99, 75
2026/09/21 02:06:15.177, 100, 28112, 32623, 199.99, 75
2026/09/21 02:06:16.178, 100, 28112, 32623, 200.00, 75
2026/09/21 02:06:17.178, 100, 28112, 32623, 200.00, 75
2026/09/21 02:06:18.178, 100, 28112, 32623, 200.01, 74
2026/09/21 02:06:19.179, 100, 28112, 32623, 199.99, 73
2026/09/21 02:06:20.179, 100, 28112, 32623, 199.99, 75
2026/09/21 02:06:21.179, 100, 28112, 32623, 199.96, 75
2026/09/21 02:06:22.179, 100, 28112, 32623, 200.03, 73
2026/09/21 02:06:23.180, 99, 28112, 32623, 199.62, 73
2026/09/21 02:06:24.180, 100, 28112, 32623, 199.98, 75
2026/09/21 02:06:25.180, 100, 28112, 32623, 199.99, 73
2026/09/21 02:06:26.181, 100, 28112, 32623, 200.01, 74
2026/09/21 02:06:27.181, 100, 28112, 32623, 199.98, 73
2026/09/21 02:06:28.181, 100, 28112, 32623, 200.01, 74
2026/09/21 02:06:29.181, 100, 28112, 32623, 199.98, 75
2026/09/21 02:06:30.182, 100, 28112, 32623, 199.97, 74
2026/09/21 02:06:31.182, 100, 28112, 32623, 200.03, 75
2026/09/21 02:06:32.182, 99, 28112, 32623, 199.75, 74
2026/09/21 02:06:33.183, 100, 28112, 32623, 200.16, 75
2026/09/21 02:06:34.183, 100, 28112, 32623, 200.01, 74
2026/09/21 02:06:35.183, 100, 28112, 32623, 196.78, 74
2026/09/21 02:06:36.183, 100, 28112, 32623, 200.00, 74
2026/09/21 02:06:37.184, 100, 28112, 32623, 200.01, 74
2026/09/21 02:06:38.184, 100, 28112, 32623, 199.99, 74
2026/09/21 02:06:39.184, 98, 28112, 32623, 199.99, 75
2026/09/21 02:06:40.185, 100, 28112, 32623, 200.03, 74
2026/09/21 02:06:41.185, 100, 28112, 32623, 200.03, 74
2026/09/21 02:06:42.185, 100, 28112, 32623, 199.99, 75
2026/09/21 02:06:43.185, 100, 28112, 32623, 200.01, 76
2026/09/21 02:06:44.186, 100, 28112, 32623, 196.57, 75
2026/09/21 02:06:45.186, 100, 28112, 32623, 200.04, 75
2026/09/21 02:06:46.186, 98, 28112, 32623, 199.74, 73
2026/09/21 02:06:47.186, 100, 28112, 32623, 200.13, 74
2026/09/21 02:06:48.187, 100, 28112, 32623, 199.99, 75
2026/09/21 02:06:49.187, 100, 28112, 32623, 200.01, 76
2026/09/21 02:06:50.187, 100, 28112, 32623, 199.98, 75
2026/09/21 02:06:51.188, 100, 28112, 32623, 200.01, 74
2026/09/21 02:06:52.193, 100, 28112, 32623, 200.06, 74
2026/09/21 02:06:53.193, 99, 28112, 32623, 199.84, 75
2026/09/21 02:06:54.193, 100, 28112, 32623, 199.98, 73
2026/09/21 02:06:55.194, 100, 28112, 32623, 200.02, 74
2026/09/21 02:06:56.194, 100, 28112, 32623, 199.97, 73
2026/09/21 02:06:57.194, 100, 28112, 32623, 199.99, 74
2026/09/21 02:06:58.194, 100, 28112, 32623, 199.89, 75
2026/09/21 02:06:59.194, 100, 28112, 32623, 200.12, 73
2026/09/21 02:07:00.195, 100, 28112, 32623, 200.02, 74
2026/09/21 02:07:01.195, 100, 28112, 32623, 200.00, 74
2026/09/21 02:07:02.195, 100, 28112, 32623, 199.98, 74
2026/09/21 02:07:03.195, 100, 28112, 32623, 199.97, 73
2026/09/21 02:07:04.196, 100, 28112, 32623, 200.07, 76
2026/09/21 02:07:05.196, 100, 28112, 32623, 199.99, 75
2026/09/21 02:07:06.196, 100, 28112, 32623, 199.98, 75
2026/09/21 02:07:07.196, 100, 28112, 32623, 200.01, 75
2026/09/21 02:07:08.196, 100, 28112, 32623, 199.96, 75
2026/09/21 02:07:09.197, 100, 28112, 32623, 200.04, 74
2026/09/21 02:07:10.197, 100, 28112, 32623, 200.00, 75
2026/09/21 02:07:11.197, 100, 28112, 32623, 199.97, 75
2026/09/21 02:07:12.197, 100, 28112, 32623, 200.00, 73
2026/09/21 02:07:13.197, 100, 28112, 32623, 199.97, 74
2026/09/21 02:07:14.198, 100, 28112, 32623, 200.02, 76
2026/09/21 02:07:15.198, 100, 28112, 32623, 199.98, 74
2026/09/21 02:07:16.198, 100, 28112, 32623, 199.99, 74
2026/09/21 02:07:17.199, 100, 28112, 32623, 200.01, 76
2026/09/21 02:07:18.199, 100, 28112, 32623, 199.94, 76
2026/09/21 02:07:19.199, 100, 28112, 32623, 200.03, 74
2026/09/21 02:07:20.199, 100, 28112, 32623, 200.01, 75
2026/09/21 02:07:21.200, 100, 28112, 32623, 199.99, 75
2026/09/21 02:07:22.200, 100, 28112, 32623, 200.02, 74
2026/09/21 02:07:23.200, 98, 28112, 32623, 199.65, 76
2026/09/21 02:07:24.200, 100, 28112, 32623, 200.37, 73
2026/09/21 02:07:25.201, 100, 28112, 32623, 199.99, 75
2026/09/21 02:07:26.201, 100, 28112, 32623, 199.95, 74
2026/09/21 02:07:27.201, 100, 28112, 32623, 200.03, 75
2026/09/21 02:07:28.202, 100, 28112, 32623, 199.97, 74
2026/09/21 02:07:29.202, 100, 28112, 32623, 200.03, 74
2026/09/21 02:07:30.202, 100, 28112, 32623, 200.00, 73
2026/09/21 02:07:31.202, 100, 28112, 32623, 199.98, 75
2026/09/21 02:07:32.203, 100, 28112, 32623, 200.02, 73
2026/09/21 02:07:33.203, 100, 28112, 32623, 200.00, 75
2026/09/21 02:07:34.203, 100, 28112, 32623, 199.98, 75
2026/09/21 02:07:35.203, 100, 28112, 32623, 200.01, 75
2026/09/21 02:07:36.204, 100, 28112, 32623, 199.98, 75
2026/09/21 02:07:37.204, 100, 28112, 32623, 200.01, 75
2026/09/21 02:07:38.204, 100, 28112, 32623, 200.00, 75
2026/09/21 02:07:39.204, 100, 28112, 32623, 199.96, 75
2026/09/21 02:07:40.205, 100, 28112, 32623, 200.02, 75
2026/09/21 02:07:41.205, 100, 28112, 32623, 199.98, 75
2026/09/21 02:07:42.205, 100, 28112, 32623, 200.01, 74
2026/09/21 02:07:43.206, 100, 28112, 32623, 199.97, 75
2026/09/21 02:07:44.206, 100, 28112, 32623, 200.01, 75
2026/09/21 02:07:45.206, 100, 28112, 32623, 197.16, 75
2026/09/21 02:07:46.207, 100, 28112, 32623, 200.00, 75
2026/09/21 02:07:47.207, 98, 28112, 32623, 199.80, 74
2026/09/21 02:07:48.207, 100, 28112, 32623, 200.22, 75
2026/09/21 02:07:49.207, 100, 28112, 32623, 200.02, 75
2026/09/21 02:07:50.207, 100, 28112, 32623, 196.94, 74
2026/09/21 02:07:51.208, 100, 28112, 32623, 200.43, 75
2026/09/21 02:07:52.208, 100, 28112, 32623, 195.74, 73
2026/09/21 02:07:53.208, 100, 28112, 32623, 199.99, 74
2026/09/21 02:07:54.208, 100, 28112, 32623, 200.00, 75
2026/09/21 02:07:55.208, 100, 28112, 32623, 197.69, 74
2026/09/21 02:07:56.209, 100, 28112, 32623, 200.02, 75
2026/09/21 02:07:57.209, 100, 28112, 32623, 200.01, 75
2026/09/21 02:07:58.209, 100, 28112, 32623, 197.46, 75
2026/09/21 02:07:59.209, 100, 28112, 32623, 200.05, 74
2026/09/21 02:08:00.209, 100, 28112, 32623, 196.27, 73
2026/09/21 02:08:01.210, 95, 28112, 32623, 199.38, 73
2026/09/21 02:08:02.210, 96, 28112, 32623, 200.01, 73
2026/09/21 02:08:03.210, 96, 28112, 32623, 199.96, 73
2026/09/21 02:08:04.210, 95, 28112, 32623, 199.96, 73
2026/09/21 02:08:05.211, 95, 28112, 32623, 199.96, 73
2026/09/21 02:08:06.211, 95, 28112, 32623, 199.95, 73
2026/09/21 02:08:07.211, 96, 28112, 32623, 199.90, 73
2026/09/21 02:08:08.211, 96, 28112, 32623, 199.70, 73
2026/09/21 02:08:09.211, 95, 28112, 32623, 200.05, 73
2026/09/21 02:08:10.212, 96, 28112, 32623, 200.07, 73
2026/09/21 02:08:11.212, 100, 28112, 32623, 200.77, 72
2026/09/21 02:08:12.212, 100, 28112, 32623, 200.00, 72
2026/09/21 02:08:13.213, 100, 28112, 32623, 199.98, 72
2026/09/21 02:08:14.213, 100, 28112, 32623, 200.01, 72
2026/09/21 02:08:15.213, 100, 28112, 32623, 199.98, 72
2026/09/21 02:08:16.213, 100, 28112, 32623, 200.01, 72
2026/09/21 02:08:17.214, 100, 28112, 32623, 199.98, 73
2026/09/21 02:08:18.214, 100, 28112, 32623, 200.02, 73
2026/09/21 02:08:19.214, 100, 28112, 32623, 199.97, 72
2026/09/21 02:08:20.214, 100, 28112, 32623, 200.00, 72
2026/09/21 02:08:21.215, 100, 28112, 32623, 199.98, 74
2026/09/21 02:08:22.215, 100, 28112, 32623, 199.95, 73
2026/09/21 02:08:23.215, 0, 28112, 32623, 185.23, 66
2026/09/21 02:08:24.216, 100, 28112, 32623, 183.36, 73
2026/09/21 02:08:25.216, 100, 28112, 32623, 199.95, 73
2026/09/21 02:08:26.216, 100, 28112, 32623, 200.00, 73
2026/09/21 02:08:27.216, 100, 28112, 32623, 199.98, 73
2026/09/21 02:08:28.217, 0, 28112, 32623, 168.80, 64
2026/09/21 02:08:29.217, 100, 28112, 32623, 150.73, 72
2026/09/21 02:08:30.217, 100, 28112, 32623, 200.00, 73
2026/09/21 02:08:31.217, 100, 28112, 32623, 199.94, 73
2026/09/21 02:08:32.218, 98, 28112, 32623, 199.71, 73
2026/09/21 02:08:33.218, 100, 28112, 32623, 199.99, 73
2026/09/21 02:08:34.218, 100, 28112, 32623, 168.81, 72
2026/09/21 02:08:35.219, 100, 28112, 32623, 199.99, 73
2026/09/21 02:08:36.219, 98, 28112, 32623, 199.86, 74
2026/09/21 02:08:37.219, 100, 28112, 32623, 200.23, 73
2026/09/21 02:08:38.220, 100, 28112, 32623, 199.98, 74
2026/09/21 02:08:39.220, 100, 28112, 32623, 199.99, 73
2026/09/21 02:08:40.220, 100, 28112, 32623, 199.94, 73
2026/09/21 02:08:41.220, 100, 28112, 32623, 200.07, 74
2026/09/21 02:08:42.220, 100, 28112, 32623, 199.99, 73
2026/09/21 02:08:43.221, 100, 28112, 32623, 200.02, 73
2026/09/21 02:08:44.221, 100, 28112, 32623, 199.94, 73
2026/09/21 02:08:45.221, 100, 28112, 32623, 200.06, 73
2026/09/21 02:08:46.221, 100, 28112, 32623, 200.00, 74
2026/09/21 02:08:47.222, 100, 28112, 32623, 196.55, 75
2026/09/21 02:08:48.222, 98, 28112, 32623, 199.60, 75
2026/09/21 02:08:49.222, 100, 28112, 32623, 199.97, 74
2026/09/21 02:08:50.223, 100, 28112, 32623, 200.01, 74
2026/09/21 02:08:51.223, 100, 28112, 32623, 199.95, 73
2026/09/21 02:08:52.223, 100, 28112, 32623, 200.06, 75
2026/09/21 02:08:53.223, 100, 28112, 32623, 196.82, 74
2026/09/21 02:08:54.224, 100, 28112, 32623, 199.98, 75
2026/09/21 02:08:55.224, 100, 28112, 32623, 200.07, 72
2026/09/21 02:08:56.224, 100, 28112, 32623, 200.00, 74
2026/09/21 02:08:57.225, 100, 28112, 32623, 199.97, 73
2026/09/21 02:08:58.225, 100, 28112, 32623, 200.02, 75
2026/09/21 02:08:59.225, 100, 28112, 32623, 200.02, 73
2026/09/21 02:09:00.225, 100, 28112, 32623, 199.97, 74
2026/09/21 02:09:01.226, 100, 28112, 32623, 200.00, 74
2026/09/21 02:09:02.226, 100, 28112, 32623, 200.00, 75
2026/09/21 02:09:03.226, 100, 28112, 32623, 199.98, 74
2026/09/21 02:09:04.227, 100, 28112, 32623, 200.11, 74
2026/09/21 02:09:05.227, 100, 28112, 32623, 199.98, 74
2026/09/21 02:09:06.227, 100, 28112, 32623, 199.91, 74
2026/09/21 02:09:07.227, 100, 28112, 32623, 200.09, 74
2026/09/21 02:09:08.228, 100, 28112, 32623, 199.99, 74
2026/09/21 02:09:09.228, 94, 28112, 32623, 199.19, 73
2026/09/21 02:09:10.228, 100, 28112, 32623, 200.81, 75
2026/09/21 02:09:11.229, 100, 28112, 32623, 200.01, 74
2026/09/21 02:09:12.229, 100, 28112, 32623, 200.00, 74
2026/09/21 02:09:13.229, 100, 28112, 32623, 199.99, 73
2026/09/21 02:09:14.230, 100, 28112, 32623, 199.94, 73
2026/09/21 02:09:15.230, 100, 28112, 32623, 200.05, 74
2026/09/21 02:09:16.230, 100, 28112, 32623, 200.01, 74
2026/09/21 02:09:17.230, 100, 28112, 32623, 200.00, 75
2026/09/21 02:09:18.231, 100, 28112, 32623, 200.02, 74
2026/09/21 02:09:19.231, 100, 28112, 32623, 199.95, 73
2026/09/21 02:09:20.231, 100, 28112, 32623, 200.05, 73
2026/09/21 02:09:21.232, 100, 28112, 32623, 199.98, 74
2026/09/21 02:09:22.232, 100, 28112, 32623, 200.01, 74
2026/09/21 02:09:23.232, 100, 28112, 32623, 199.97, 73
2026/09/21 02:09:24.232, 100, 28112, 32623, 199.90, 74
2026/09/21 02:09:25.233, 100, 28112, 32623, 200.11, 74
2026/09/21 02:09:26.233, 100, 28112, 32623, 200.01, 74
2026/09/21 02:09:27.233, 100, 28112, 32623, 199.98, 75
2026/09/21 02:09:28.233, 100, 28112, 32623, 200.01, 75
2026/09/21 02:09:29.234, 99, 28112, 32623, 200.00, 75
2026/09/21 02:09:30.234, 100, 28112, 32623, 200.00, 75
2026/09/21 02:09:31.234, 100, 28112, 32623, 199.90, 75
2026/09/21 02:09:32.235, 100, 28112, 32623, 200.11, 75
2026/09/21 02:09:33.235, 100, 28112, 32623, 199.95, 74
2026/09/21 02:09:34.235, 100, 28112, 32623, 200.04, 75
2026/09/21 02:09:35.235, 100, 28112, 32623, 199.97, 74
2026/09/21 02:09:36.236, 100, 28112, 32623, 199.99, 74
2026/09/21 02:09:37.236, 100, 28112, 32623, 199.98, 73
2026/09/21 02:09:38.236, 88, 28112, 32623, 198.87, 75
2026/09/21 02:09:39.237, 100, 28112, 32623, 195.92, 73
2026/09/21 02:09:40.237, 95, 28112, 32623, 199.67, 74
2026/09/21 02:09:41.237, 100, 28112, 32623, 200.38, 75
2026/09/21 02:09:42.237, 100, 28112, 32623, 199.95, 74
2026/09/21 02:09:43.238, 100, 28112, 32623, 200.05, 75
2026/09/21 02:09:44.238, 100, 28112, 32623, 199.98, 74
2026/09/21 02:09:45.238, 100, 28112, 32623, 200.06, 74
2026/09/21 02:09:46.238, 100, 28112, 32623, 195.27, 75
2026/09/21 02:09:47.239, 100, 28112, 32623, 200.04, 73
2026/09/21 02:09:48.239, 100, 28112, 32623, 199.99, 74
2026/09/21 02:09:49.239, 100, 28112, 32623, 199.98, 74
2026/09/21 02:09:50.239, 100, 28112, 32623, 200.01, 74
2026/09/21 02:09:51.240, 100, 28112, 32623, 200.01, 75
2026/09/21 02:09:52.240, 100, 28112, 32623, 200.00, 74
2026/09/21 02:09:53.240, 100, 28112, 32623, 199.98, 75
2026/09/21 02:09:54.241, 100, 28112, 32623, 200.00, 75
2026/09/21 02:09:55.241, 100, 28112, 32623, 200.00, 75
2026/09/21 02:09:56.241, 100, 28112, 32623, 200.00, 75
2026/09/21 02:09:57.242, 100, 28112, 32623, 199.97, 74
2026/09/21 02:09:58.242, 100, 28112, 32623, 200.00, 74
2026/09/21 02:09:59.242, 100, 28112, 32623, 199.98, 74
2026/09/21 02:10:00.242, 100, 28112, 32623, 200.01, 73
2026/09/21 02:10:01.243, 100, 28112, 32623, 199.99, 75
2026/09/21 02:10:02.243, 100, 28112, 32623, 200.00, 74
2026/09/21 02:10:03.243, 100, 28112, 32623, 199.99, 74
2026/09/21 02:10:04.243, 100, 28112, 32623, 200.01, 74
2026/09/21 02:10:05.244, 100, 28112, 32623, 199.99, 74
2026/09/21 02:10:06.244, 100, 28112, 32623, 199.99, 75
2026/09/21 02:10:07.244, 100, 28112, 32623, 199.99, 74
2026/09/21 02:10:08.245, 100, 28112, 32623, 199.98, 75
2026/09/21 02:10:09.245, 100, 28112, 32623, 199.99, 75
2026/09/21 02:10:10.245, 100, 28112, 32623, 200.00, 73
2026/09/21 02:10:11.246, 100, 28112, 32623, 200.01, 74
2026/09/21 02:10:12.246, 100, 28112, 32623, 199.98, 75
2026/09/21 02:10:13.246, 100, 28112, 32623, 199.97, 75
2026/09/21 02:10:14.246, 100, 28112, 32623, 199.99, 75
2026/09/21 02:10:15.247, 100, 28112, 32623, 199.99, 75
2026/09/21 02:10:16.247, 100, 28112, 32623, 200.00, 74
2026/09/21 02:10:17.247, 100, 28112, 32623, 200.01, 74
2026/09/21 02:10:18.247, 100, 28112, 32623, 199.97, 74
2026/09/21 02:10:19.248, 100, 28112, 32623, 200.03, 74
2026/09/21 02:10:20.248, 100, 28112, 32623, 199.99, 74
2026/09/21 02:10:21.248, 100, 28112, 32623, 200.00, 74
2026/09/21 02:10:22.248, 100, 28112, 32623, 199.91, 74
2026/09/21 02:10:23.249, 100, 28112, 32623, 200.12, 75
2026/09/21 02:10:24.249, 95, 28112, 32623, 199.14, 75
2026/09/21 02:10:25.249, 100, 28112, 32623, 200.94, 75
2026/09/21 02:10:26.249, 100, 28112, 32623, 199.98, 75
2026/09/21 02:10:27.249, 100, 28112, 32623, 199.99, 73
2026/09/21 02:10:28.249, 100, 28112, 32623, 200.01, 75
2026/09/21 02:10:29.250, 100, 28112, 32623, 200.01, 75
2026/09/21 02:10:30.250, 100, 28112, 32623, 199.98, 75
2026/09/21 02:10:31.250, 100, 28112, 32623, 199.99, 75
2026/09/21 02:10:32.250, 100, 28112, 32623, 200.02, 75
2026/09/21 02:10:33.251, 100, 28112, 32623, 199.93, 75
2026/09/21 02:10:34.251, 100, 28112, 32623, 200.03, 73
2026/09/21 02:10:35.251, 95, 28112, 32623, 199.61, 74
2026/09/21 02:10:36.251, 100, 28112, 32623, 200.12, 75
2026/09/21 02:10:37.252, 100, 28112, 32623, 200.02, 75
2026/09/21 02:10:38.252, 100, 28112, 32623, 199.99, 75
2026/09/21 02:10:39.252, 100, 28112, 32623, 199.99, 73
2026/09/21 02:10:40.253, 100, 28112, 32623, 200.01, 75
2026/09/21 02:10:41.253, 100, 28112, 32623, 199.98, 74
2026/09/21 02:10:42.253, 100, 28112, 32623, 199.93, 75
2026/09/21 02:10:43.253, 100, 28112, 32623, 200.05, 74
2026/09/21 02:10:44.254, 81, 28112, 32623, 198.03, 75
2026/09/21 02:10:45.254, 100, 28112, 32623, 196.92, 75
2026/09/21 02:10:46.254, 100, 28112, 32623, 199.98, 75
2026/09/21 02:10:47.254, 100, 28112, 32623, 199.98, 73
2026/09/21 02:10:48.255, 100, 28112, 32623, 199.99, 75
2026/09/21 02:10:49.255, 100, 28112, 32623, 199.98, 74
2026/09/21 02:10:50.255, 100, 28112, 32623, 200.01, 73
2026/09/21 02:10:51.255, 99, 28112, 32623, 199.91, 75
2026/09/21 02:10:52.255, 100, 28112, 32623, 200.11, 75
2026/09/21 02:10:53.256, 100, 28112, 32623, 200.00, 73
2026/09/21 02:10:54.256, 100, 28112, 32623, 195.52, 74
2026/09/21 02:10:55.256, 100, 28112, 32623, 199.99, 73
2026/09/21 02:10:56.256, 100, 28112, 32623, 199.93, 73
2026/09/21 02:10:57.256, 100, 28112, 32623, 200.05, 75
2026/09/21 02:10:58.256, 100, 28112, 32623, 199.99, 75
2026/09/21 02:10:59.257, 100, 28112, 32623, 200.01, 75
2026/09/21 02:11:00.257, 100, 28112, 32623, 200.01, 75
2026/09/21 02:11:01.257, 100, 28112, 32623, 199.99, 74
2026/09/21 02:11:02.257, 100, 28112, 32623, 200.01, 74
2026/09/21 02:11:03.257, 98, 28112, 32623, 199.77, 75
2026/09/21 02:11:04.258, 100, 28112, 32623, 200.06, 73
2026/09/21 02:11:05.258, 100, 28112, 32623, 199.99, 73
2026/09/21 02:11:06.258, 100, 28112, 32623, 200.00, 73
2026/09/21 02:11:07.258, 100, 28112, 32623, 199.98, 74
2026/09/21 02:11:08.259, 100, 28112, 32623, 199.94, 75
2026/09/21 02:11:09.259, 100, 28112, 32623, 200.05, 73
2026/09/21 02:11:10.259, 100, 28112, 32623, 200.02, 75
2026/09/21 02:11:11.259, 100, 28112, 32623, 199.98, 74
2026/09/21 02:11:12.260, 100, 28112, 32623, 200.02, 75
2026/09/21 02:11:13.260, 100, 28112, 32623, 199.99, 74
2026/09/21 02:11:14.260, 100, 28112, 32623, 200.03, 75
2026/09/21 02:11:15.260, 100, 28112, 32623, 200.01, 74
2026/09/21 02:11:16.261, 100, 28112, 32623, 199.98, 75
2026/09/21 02:11:17.261, 100, 28112, 32623, 200.00, 73
2026/09/21 02:11:18.261, 100, 28112, 32623, 199.98, 73
2026/09/21 02:11:19.262, 100, 28112, 32623, 200.03, 75
2026/09/21 02:11:20.262, 100, 28112, 32623, 199.98, 75
2026/09/21 02:11:21.262, 100, 28112, 32623, 199.99, 75
2026/09/21 02:11:22.262, 100, 28112, 32623, 200.02, 73
2026/09/21 02:11:23.263, 100, 28112, 32623, 199.97, 74
2026/09/21 02:11:24.263, 100, 28112, 32623, 200.05, 75
2026/09/21 02:11:25.263, 100, 28112, 32623, 200.01, 74
2026/09/21 02:11:26.263, 100, 28112, 32623, 200.01, 75
2026/09/21 02:11:27.264, 100, 28112, 32623, 199.99, 75
2026/09/21 02:11:28.264, 100, 28112, 32623, 199.94, 75
2026/09/21 02:11:29.264, 100, 28112, 32623, 200.03, 75
2026/09/21 02:11:30.265, 100, 28112, 32623, 200.00, 74
2026/09/21 02:11:31.265, 100, 28112, 32623, 199.99, 74
2026/09/21 02:11:32.265, 100, 28112, 32623, 200.00, 75
2026/09/21 02:11:33.266, 100, 28112, 32623, 199.96, 76
2026/09/21 02:11:34.266, 100, 28112, 32623, 200.05, 76
2026/09/21 02:11:35.266, 100, 28112, 32623, 200.00, 73
2026/09/21 02:11:36.266, 100, 28112, 32623, 200.01, 74
2026/09/21 02:11:37.267, 100, 28112, 32623, 200.01, 75
2026/09/21 02:11:38.267, 99, 28112, 32623, 199.83, 75
2026/09/21 02:11:39.267, 100, 28112, 32623, 200.17, 75
2026/09/21 02:11:40.267, 100, 28112, 32623, 199.99, 75
2026/09/21 02:11:41.268, 100, 28112, 32623, 199.91, 75
2026/09/21 02:11:42.268, 100, 28112, 32623, 200.03, 76
2026/09/21 02:11:43.268, 100, 28112, 32623, 200.01, 73
2026/09/21 02:11:44.268, 100, 28112, 32623, 200.02, 76
2026/09/21 02:11:45.269, 100, 28112, 32623, 199.99, 74
2026/09/21 02:11:46.269, 99, 28112, 32623, 199.92, 75
2026/09/21 02:11:47.269, 100, 28112, 32623, 200.12, 75
2026/09/21 02:11:48.270, 100, 28112, 32623, 199.98, 73
2026/09/21 02:11:49.270, 100, 28112, 32623, 200.00, 76
2026/09/21 02:11:50.270, 100, 28112, 32623, 200.09, 74
2026/09/21 02:11:51.270, 100, 28112, 32623, 199.98, 74
2026/09/21 02:11:52.271, 100, 28112, 32623, 199.99, 75
2026/09/21 02:11:53.271, 100, 28112, 32623, 200.02, 75
2026/09/21 02:11:54.271, 99, 28112, 32623, 199.92, 75
2026/09/21 02:11:55.272, 100, 28112, 32623, 194.03, 73
2026/09/21 02:11:56.275, 100, 28112, 32623, 199.99, 73
2026/09/21 02:11:57.275, 100, 28112, 32623, 199.94, 76
2026/09/21 02:11:58.276, 100, 28112, 32623, 200.04, 75
2026/09/21 02:11:59.276, 100, 28112, 32623, 200.00, 74
2026/09/21 02:12:00.276, 100, 28112, 32623, 199.97, 75
2026/09/21 02:12:01.276, 100, 28112, 32623, 200.02, 75
2026/09/21 02:12:02.277, 100, 28112, 32623, 200.01, 74
2026/09/21 02:12:03.277, 100, 28112, 32623, 200.02, 74
2026/09/21 02:12:04.277, 100, 28112, 32623, 199.90, 75
2026/09/21 02:12:05.277, 100, 28112, 32623, 200.05, 74
2026/09/21 02:12:06.277, 100, 28112, 32623, 200.01, 75
2026/09/21 02:12:07.278, 100, 28112, 32623, 199.97, 75
2026/09/21 02:12:08.278, 100, 28112, 32623, 200.01, 73
2026/09/21 02:12:09.278, 100, 28112, 32623, 200.02, 75
2026/09/21 02:12:10.279, 96, 28112, 32623, 199.16, 72
2026/09/21 02:12:11.279, 95, 28112, 32623, 200.00, 71
2026/09/21 02:12:12.279, 95, 28112, 32623, 199.99, 71
2026/09/21 02:12:13.279, 95, 28112, 32623, 199.98, 71
2026/09/21 02:12:14.279, 95, 28112, 32623, 200.10, 71
2026/09/21 02:12:15.280, 95, 28112, 32623, 200.00, 71
2026/09/21 02:12:16.280, 95, 28112, 32623, 200.02, 72
2026/09/21 02:12:17.280, 95, 28112, 32623, 199.98, 72
2026/09/21 02:12:18.280, 95, 28112, 32623, 199.95, 72
2026/09/21 02:12:19.280, 96, 28112, 32623, 200.03, 72
2026/09/21 02:12:20.281, 100, 28112, 32623, 200.59, 72
2026/09/21 02:12:21.281, 100, 28112, 32623, 201.03, 73
2026/09/21 02:12:22.281, 92, 28112, 32623, 199.92, 71
2026/09/21 02:12:23.281, 99, 28112, 32623, 200.09, 72
2026/09/21 02:12:24.282, 97, 28112, 32623, 199.37, 72
2026/09/21 02:12:25.282, 100, 28112, 32623, 200.66, 72
2026/09/21 02:12:26.282, 100, 28112, 32623, 200.01, 73
2026/09/21 02:12:27.282, 100, 28112, 32623, 199.97, 72
2026/09/21 02:12:28.282, 100, 28112, 32623, 200.02, 72
2026/09/21 02:12:29.283, 100, 28112, 32623, 199.98, 72
2026/09/21 02:12:30.283, 100, 28112, 32623, 200.00, 72
2026/09/21 02:12:31.283, 100, 28112, 32623, 199.98, 73
2026/09/21 02:12:32.283, 100, 28112, 32623, 199.99, 73
2026/09/21 02:12:33.284, 94, 28112, 32623, 161.34, 72
2026/09/21 02:12:34.284, 100, 28112, 32623, 203.40, 73
2026/09/21 02:12:35.284, 100, 28112, 32623, 200.01, 72
2026/09/21 02:12:36.284, 100, 28112, 32623, 199.99, 72
2026/09/21 02:12:37.284, 100, 28112, 32623, 200.00, 73
2026/09/21 02:12:38.285, 0, 28112, 32623, 140.20, 63
2026/09/21 02:12:39.285, 100, 28112, 32623, 181.20, 72
2026/09/21 02:12:40.286, 100, 28112, 32623, 199.98, 72
2026/09/21 02:12:41.286, 100, 28112, 32623, 200.00, 72
2026/09/21 02:12:42.286, 100, 28112, 32623, 199.98, 73
2026/09/21 02:12:43.286, 19, 28112, 32623, 189.48, 67
2026/09/21 02:12:44.287, 100, 28112, 32623, 174.19, 74
2026/09/21 02:12:45.287, 100, 28112, 32623, 200.02, 73
2026/09/21 02:12:46.287, 100, 28112, 32623, 199.99, 73
2026/09/21 02:12:47.287, 99, 28112, 32623, 200.03, 73
2026/09/21 02:12:48.287, 100, 28112, 32623, 200.01, 73
2026/09/21 02:12:49.288, 100, 28112, 32623, 199.98, 73
2026/09/21 02:12:50.288, 100, 28112, 32623, 199.98, 73
2026/09/21 02:12:51.288, 98, 28112, 32623, 199.89, 74
2026/09/21 02:12:52.289, 100, 28112, 32623, 200.10, 74
2026/09/21 02:12:53.289, 100, 28112, 32623, 200.01, 73
2026/09/21 02:12:54.289, 100, 28112, 32623, 200.01, 73
2026/09/21 02:12:55.290, 98, 28112, 32623, 199.50, 75
2026/09/21 02:12:56.290, 100, 28112, 32623, 200.02, 73
2026/09/21 02:12:57.290, 100, 28112, 32623, 199.99, 72
2026/09/21 02:12:58.291, 100, 28112, 32623, 199.93, 73
2026/09/21 02:12:59.291, 100, 28112, 32623, 200.04, 73
2026/09/21 02:13:00.291, 100, 28112, 32623, 199.99, 73
2026/09/21 02:13:01.291, 100, 28112, 32623, 199.99, 73
2026/09/21 02:13:02.292, 83, 28112, 32623, 197.21, 75
2026/09/21 02:13:03.292, 100, 28112, 32623, 203.10, 75
2026/09/21 02:13:04.292, 100, 28112, 32623, 200.01, 75
2026/09/21 02:13:05.292, 100, 28112, 32623, 199.97, 75
2026/09/21 02:13:06.293, 100, 28112, 32623, 200.05, 75
2026/09/21 02:13:07.293, 100, 28112, 32623, 199.98, 73
2026/09/21 02:13:08.293, 100, 28112, 32623, 199.93, 73
2026/09/21 02:13:09.294, 100, 28112, 32623, 200.26, 73
2026/09/21 02:13:10.294, 100, 28112, 32623, 199.97, 74
2026/09/21 02:13:11.294, 100, 28112, 32623, 199.99, 74
2026/09/21 02:13:12.294, 100, 28112, 32623, 200.29, 75
2026/09/21 02:13:13.295, 100, 28112, 32623, 200.01, 74
2026/09/21 02:13:14.295, 98, 28112, 32623, 199.81, 73
2026/09/21 02:13:15.295, 100, 28112, 32623, 200.19, 75
2026/09/21 02:13:16.296, 100, 28112, 32623, 200.02, 75
2026/09/21 02:13:17.296, 99, 28112, 32623, 200.00, 75
2026/09/21 02:13:18.296, 100, 28112, 32623, 200.00, 73
2026/09/21 02:13:19.296, 100, 28112, 32623, 200.00, 73
2026/09/21 02:13:20.297, 100, 28112, 32623, 200.01, 75
2026/09/21 02:13:21.297, 100, 28112, 32623, 199.98, 74
2026/09/21 02:13:22.297, 100, 28112, 32623, 199.99, 74
2026/09/21 02:13:23.297, 100, 28112, 32623, 200.01, 73
2026/09/21 02:13:24.297, 100, 28112, 32623, 200.00, 74
2026/09/21 02:13:25.298, 100, 28112, 32623, 200.01, 74
2026/09/21 02:13:26.298, 100, 28112, 32623, 200.00, 75
2026/09/21 02:13:27.298, 100, 28112, 32623, 199.97, 73
2026/09/21 02:13:28.298, 100, 28112, 32623, 200.06, 74
2026/09/21 02:13:29.299, 100, 28112, 32623, 199.98, 73
2026/09/21 02:13:30.299, 100, 28112, 32623, 200.00, 73
2026/09/21 02:13:31.299, 100, 28112, 32623, 199.99, 74
2026/09/21 02:13:32.299, 100, 28112, 32623, 199.90, 75
2026/09/21 02:13:33.300, 100, 28112, 32623, 200.09, 74
2026/09/21 02:13:34.300, 100, 28112, 32623, 200.01, 75
2026/09/21 02:13:35.300, 100, 28112, 32623, 200.00, 74
2026/09/21 02:13:36.300, 100, 28112, 32623, 199.99, 73
2026/09/21 02:13:37.301, 98, 28112, 32623, 199.80, 74
2026/09/21 02:13:38.301, 100, 28112, 32623, 200.17, 75
2026/09/21 02:13:39.301, 100, 28112, 32623, 199.99, 73
2026/09/21 02:13:40.301, 100, 28112, 32623, 200.05, 73
2026/09/21 02:13:41.302, 100, 28112, 32623, 200.00, 75
2026/09/21 02:13:42.302, 100, 28112, 32623, 200.01, 74
2026/09/21 02:13:43.302, 100, 28112, 32623, 199.99, 75
2026/09/21 02:13:44.303, 97, 28112, 32623, 199.82, 75
2026/09/21 02:13:45.303, 100, 28112, 32623, 200.00, 75
2026/09/21 02:13:46.303, 100, 28112, 32623, 199.95, 74
2026/09/21 02:13:47.303, 100, 28112, 32623, 200.06, 74
2026/09/21 02:13:48.304, 100, 28112, 32623, 199.94, 74
2026/09/21 02:13:49.304, 100, 28112, 32623, 200.10, 75
2026/09/21 02:13:50.304, 100, 28112, 32623, 199.97, 74
2026/09/21 02:13:51.305, 100, 28112, 32623, 200.01, 73
2026/09/21 02:13:52.305, 100, 28112, 32623, 200.00, 76
2026/09/21 02:13:53.305, 100, 28112, 32623, 200.00, 75
2026/09/21 02:13:54.305, 100, 28112, 32623, 200.00, 75
2026/09/21 02:13:55.306, 99, 28112, 32623, 199.79, 75
2026/09/21 02:13:56.306, 100, 28112, 32623, 200.00, 75
2026/09/21 02:13:57.306, 93, 28112, 32623, 199.18, 76
2026/09/21 02:13:58.306, 100, 28112, 32623, 199.99, 75
2026/09/21 02:13:59.307, 100, 28112, 32623, 199.95, 76
2026/09/21 02:14:00.307, 100, 28112, 32623, 200.02, 73
2026/09/21 02:14:01.307, 100, 28112, 32623, 199.89, 73
2026/09/21 02:14:02.308, 100, 28112, 32623, 200.34, 74
2026/09/21 02:14:03.308, 100, 28112, 32623, 199.98, 74
2026/09/21 02:14:04.308, 100, 28112, 32623, 200.01, 75
2026/09/21 02:14:05.308, 100, 28112, 32623, 199.96, 74
2026/09/21 02:14:06.309, 100, 28112, 32623, 200.02, 75
2026/09/21 02:14:07.309, 100, 28112, 32623, 199.98, 76
2026/09/21 02:14:08.309, 100, 28112, 32623, 200.03, 74
2026/09/21 02:14:09.310, 100, 28112, 32623, 199.99, 76
2026/09/21 02:14:10.310, 100, 28112, 32623, 200.01, 73
2026/09/21 02:14:11.310, 100, 28112, 32623, 200.01, 74
2026/09/21 02:14:12.311, 100, 28112, 32623, 200.00, 73
2026/09/21 02:14:13.311, 100, 28112, 32623, 200.00, 76
2026/09/21 02:14:14.311, 100, 28112, 32623, 200.02, 73
2026/09/21 02:14:15.311, 100, 28112, 32623, 199.98, 75
2026/09/21 02:14:16.312, 100, 28112, 32623, 200.04, 75
2026/09/21 02:14:17.312, 100, 28112, 32623, 199.97, 74
2026/09/21 02:14:18.312, 100, 28112, 32623, 200.02, 75
2026/09/21 02:14:19.312, 100, 28112, 32623, 199.98, 73
2026/09/21 02:14:20.312, 100, 28112, 32623, 200.08, 74
2026/09/21 02:14:21.313, 100, 28112, 32623, 199.91, 75
2026/09/21 02:14:22.313, 100, 28112, 32623, 200.04, 75
2026/09/21 02:14:23.313, 100, 28112, 32623, 199.93, 74
2026/09/21 02:14:24.313, 100, 28112, 32623, 200.42, 75
2026/09/21 02:14:25.313, 94, 28112, 32623, 199.33, 74
2026/09/21 02:14:26.314, 100, 28112, 32623, 200.17, 73
2026/09/21 02:14:27.314, 99, 28112, 32623, 199.86, 75
2026/09/21 02:14:28.314, 100, 28112, 32623, 200.13, 74
2026/09/21 02:14:29.314, 100, 28112, 32623, 200.03, 74
2026/09/21 02:14:30.315, 100, 28112, 32623, 199.97, 74
2026/09/21 02:14:31.315, 100, 28112, 32623, 200.01, 73
2026/09/21 02:14:32.315, 100, 28112, 32623, 199.98, 73
2026/09/21 02:14:33.315, 100, 28112, 32623, 200.01, 76
2026/09/21 02:14:34.316, 100, 28112, 32623, 200.00, 75
2026/09/21 02:14:35.316, 100, 28112, 32623, 200.00, 75
2026/09/21 02:14:36.316, 100, 28112, 32623, 200.00, 76
2026/09/21 02:14:37.317, 100, 28112, 32623, 199.98, 74
2026/09/21 02:14:38.317, 100, 28112, 32623, 199.91, 74
2026/09/21 02:14:39.317, 100, 28112, 32623, 200.12, 75
2026/09/21 02:14:40.318, 95, 28112, 32623, 199.28, 75
2026/09/21 02:14:41.318, 100, 28112, 32623, 200.17, 74
2026/09/21 02:14:42.318, 100, 28112, 32623, 200.02, 75
2026/09/21 02:14:43.319, 100, 28112, 32623, 199.96, 75
2026/09/21 02:14:44.319, 100, 28112, 32623, 199.97, 74
2026/09/21 02:14:45.319, 100, 28112, 32623, 200.01, 74
2026/09/21 02:14:46.319, 100, 28112, 32623, 199.99, 75
2026/09/21 02:14:47.320, 100, 28112, 32623, 200.00, 73
2026/09/21 02:14:48.320, 100, 28112, 32623, 199.99, 75
2026/09/21 02:14:49.320, 99, 28112, 32623, 199.80, 75
2026/09/21 02:14:50.321, 100, 28112, 32623, 200.20, 75
2026/09/21 02:14:51.321, 100, 28112, 32623, 200.00, 75
2026/09/21 02:14:52.321, 100, 28112, 32623, 200.01, 75
2026/09/21 02:14:53.321, 100, 28112, 32623, 199.99, 74
2026/09/21 02:14:54.322, 100, 28112, 32623, 199.97, 75
2026/09/21 02:14:55.322, 100, 28112, 32623, 200.01, 75
2026/09/21 02:14:56.322, 100, 28112, 32623, 199.87, 74
2026/09/21 02:14:57.322, 100, 28112, 32623, 200.25, 75
2026/09/21 02:14:58.323, 99, 28112, 32623, 199.79, 75
2026/09/21 02:14:59.323, 100, 28112, 32623, 200.20, 74
2026/09/21 02:15:00.323, 100, 28112, 32623, 199.96, 73
2026/09/21 02:15:01.324, 100, 28112, 32623, 200.01, 76
2026/09/21 02:15:02.324, 100, 28112, 32623, 200.00, 74
2026/09/21 02:15:03.324, 100, 28145, 32623, 199.76, 75
2026/09/21 02:15:04.324, 100, 28112, 32623, 200.11, 75
2026/09/21 02:15:05.325, 100, 28112, 32623, 200.02, 74
2026/09/21 02:15:06.325, 100, 28112, 32623, 200.00, 75
2026/09/21 02:15:07.325, 100, 28112, 32623, 199.99, 75
2026/09/21 02:15:08.325, 100, 28112, 32623, 199.98, 73
2026/09/21 02:15:09.326, 100, 28112, 32623, 200.01, 74
2026/09/21 02:15:10.326, 94, 28112, 32623, 199.74, 75
2026/09/21 02:15:11.326, 100, 28112, 32623, 200.26, 75
2026/09/21 02:15:12.327, 100, 28112, 32623, 199.98, 75
2026/09/21 02:15:13.327, 100, 28112, 32623, 200.00, 75
2026/09/21 02:15:14.327, 100, 28112, 32623, 199.98, 75
2026/09/21 02:15:15.328, 100, 28112, 32623, 199.95, 75
2026/09/21 02:15:16.328, 100, 28112, 32623, 200.06, 75
2026/09/21 02:15:17.328, 100, 28112, 32623, 200.00, 75
2026/09/21 02:15:18.328, 100, 28112, 32623, 199.98, 75
2026/09/21 02:15:19.328, 100, 28112, 32623, 199.99, 75
2026/09/21 02:15:20.328, 100, 28112, 32623, 199.98, 75
2026/09/21 02:15:21.329, 100, 28112, 32623, 200.01, 75
2026/09/21 02:15:22.329, 99, 28112, 32623, 199.91, 76
2026/09/21 02:15:23.329, 100, 28112, 32623, 200.09, 74
2026/09/21 02:15:24.329, 100, 28112, 32623, 200.03, 74
2026/09/21 02:15:25.329, 100, 28112, 32623, 200.00, 74
2026/09/21 02:15:26.330, 100, 28112, 32623, 199.99, 76
2026/09/21 02:15:27.330, 94, 28112, 32623, 199.20, 73
2026/09/21 02:15:28.330, 100, 28112, 32623, 200.87, 75
2026/09/21 02:15:29.330, 100, 28112, 32623, 200.00, 74
2026/09/21 02:15:30.330, 100, 28112, 32623, 200.00, 74
2026/09/21 02:15:31.331, 100, 28112, 32623, 200.02, 76
2026/09/21 02:15:32.331, 94, 28112, 32623, 199.24, 76
2026/09/21 02:15:33.331, 100, 28112, 32623, 200.75, 73
2026/09/21 02:15:34.331, 100, 28112, 32623, 199.99, 76
2026/09/21 02:15:35.332, 100, 28112, 32623, 199.96, 75
2026/09/21 02:15:36.332, 100, 28112, 32623, 200.02, 74
2026/09/21 02:15:37.332, 99, 28112, 32623, 199.82, 75
2026/09/21 02:15:38.332, 100, 28112, 32623, 200.00, 75
2026/09/21 02:15:39.333, 100, 28112, 32623, 199.98, 74
2026/09/21 02:15:40.333, 100, 28112, 32623, 199.99, 76
2026/09/21 02:15:41.333, 100, 28112, 32623, 200.10, 75
2026/09/21 02:15:42.334, 100, 28112, 32623, 200.01, 74
2026/09/21 02:15:43.334, 100, 28112, 32623, 200.01, 76
2026/09/21 02:15:44.334, 100, 28112, 32623, 199.99, 73
2026/09/21 02:15:45.334, 100, 28112, 32623, 199.90, 76
2026/09/21 02:15:46.335, 100, 28112, 32623, 200.60, 74
2026/09/21 02:15:47.335, 100, 28112, 32623, 200.03, 76
2026/09/21 02:15:48.335, 100, 28112, 32623, 199.98, 75
2026/09/21 02:15:49.336, 100, 28112, 32623, 199.99, 76
2026/09/21 02:15:50.336, 99, 28112, 32623, 199.84, 73
2026/09/21 02:15:51.336, 100, 28112, 32623, 199.99, 76
2026/09/21 02:15:52.337, 100, 28112, 32623, 199.99, 74
2026/09/21 02:15:53.337, 100, 28112, 32623, 200.00, 76
2026/09/21 02:15:54.337, 100, 28112, 32623, 200.11, 73
2026/09/21 02:15:55.337, 100, 28112, 32623, 199.97, 74
2026/09/21 02:15:56.338, 100, 28112, 32623, 199.99, 76
2026/09/21 02:15:57.338, 100, 28112, 32623, 199.98, 74
2026/09/21 02:15:58.338, 93, 28112, 32623, 199.76, 76
2026/09/21 02:15:59.338, 100, 28112, 32623, 200.28, 75
2026/09/21 02:16:00.339, 100, 28112, 32623, 200.00, 74
2026/09/21 02:16:01.339, 100, 28112, 32623, 199.98, 75
2026/09/21 02:16:02.339, 100, 28112, 32623, 200.08, 76
2026/09/21 02:16:03.340, 100, 28112, 32623, 200.01, 74
2026/09/21 02:16:04.340, 100, 28112, 32623, 199.97, 75
2026/09/21 02:16:05.340, 100, 28112, 32623, 200.02, 75
2026/09/21 02:16:06.340, 100, 28112, 32623, 199.99, 75
2026/09/21 02:16:07.341, 100, 28112, 32623, 199.99, 74
2026/09/21 02:16:08.341, 100, 28112, 32623, 200.00, 75
2026/09/21 02:16:09.341, 100, 28112, 32623, 199.80, 73
2026/09/21 02:16:10.342, 100, 28112, 32623, 200.23, 75
2026/09/21 02:16:11.342, 100, 28112, 32623, 199.94, 75
2026/09/21 02:16:12.342, 100, 28112, 32623, 200.03, 75
2026/09/21 02:16:13.342, 100, 28112, 32623, 199.98, 75
2026/09/21 02:16:14.343, 100, 28112, 32623, 199.95, 75
2026/09/21 02:16:15.343, 100, 28112, 32623, 200.26, 76
2026/09/21 02:16:16.343, 100, 28112, 32623, 199.98, 76
2026/09/21 02:16:17.343, 100, 28112, 32623, 199.94, 76
2026/09/21 02:16:18.344, 100, 28112, 32623, 200.06, 75
2026/09/21 02:16:19.344, 100, 28112, 32623, 199.99, 72
2026/09/21 02:16:20.344, 96, 28112, 32623, 199.40, 73
2026/09/21 02:16:21.344, 96, 28112, 32623, 199.99, 73
2026/09/21 02:16:22.344, 96, 28112, 32623, 199.94, 73
2026/09/21 02:16:23.345, 96, 28112, 32623, 199.92, 73
2026/09/21 02:16:24.345, 95, 28112, 32623, 199.66, 73
2026/09/21 02:16:25.345, 96, 28112, 32623, 199.98, 73
2026/09/21 02:16:26.345, 96, 28112, 32623, 199.96, 73
2026/09/21 02:16:27.345, 96, 28112, 32623, 199.95, 73
2026/09/21 02:16:28.346, 96, 28112, 32623, 199.96, 73
2026/09/21 02:16:29.346, 96, 28112, 32623, 199.85, 73
2026/09/21 02:16:30.346, 100, 28112, 32623, 200.94, 72
2026/09/21 02:16:31.346, 100, 28112, 32623, 199.98, 72
2026/09/21 02:16:32.347, 100, 28112, 32623, 200.01, 73
2026/09/21 02:16:33.347, 100, 28112, 32623, 200.00, 72
2026/09/21 02:16:34.347, 100, 28112, 32623, 199.97, 72
2026/09/21 02:16:35.348, 100, 28112, 32623, 200.00, 72
2026/09/21 02:16:36.348, 100, 28112, 32623, 199.98, 72
2026/09/21 02:16:37.348, 100, 28112, 32623, 199.99, 73
2026/09/21 02:16:38.349, 100, 28112, 32623, 199.99, 72
2026/09/21 02:16:39.349, 100, 28112, 32623, 200.01, 72
2026/09/21 02:16:40.349, 100, 28112, 32623, 199.99, 73
2026/09/21 02:16:41.349, 100, 28112, 32623, 199.99, 73
2026/09/21 02:16:42.350, 0, 28112, 32623, 180.92, 65
2026/09/21 02:16:43.350, 100, 28112, 32623, 183.19, 72
2026/09/21 02:16:44.350, 100, 28112, 32623, 199.99, 72
2026/09/21 02:16:45.351, 100, 28112, 32623, 199.99, 73
2026/09/21 02:16:46.351, 100, 28112, 32623, 200.01, 74
2026/09/21 02:16:47.351, 0, 28112, 32623, 171.97, 64
2026/09/21 02:16:48.351, 100, 28112, 32623, 159.33, 73
2026/09/21 02:16:49.352, 100, 28112, 32623, 200.02, 72
2026/09/21 02:16:50.352, 100, 28112, 32623, 199.98, 72
2026/09/21 02:16:51.352, 98, 28112, 32623, 199.55, 72
2026/09/21 02:16:52.353, 100, 28112, 32623, 199.99, 72
2026/09/21 02:16:53.353, 100, 28112, 32623, 168.72, 73
2026/09/21 02:16:54.353, 100, 28112, 32623, 200.01, 73
2026/09/21 02:16:55.353, 98, 28112, 32623, 199.85, 72
2026/09/21 02:16:56.354, 100, 28112, 32623, 199.99, 73
2026/09/21 02:16:57.354, 100, 28112, 32623, 200.00, 73
2026/09/21 02:16:58.354, 100, 28112, 32623, 199.99, 74
2026/09/21 02:16:59.355, 100, 28112, 32623, 199.94, 74
2026/09/21 02:17:00.355, 100, 28112, 32623, 200.21, 73
2026/09/21 02:17:01.355, 100, 28112, 32623, 200.00, 73
2026/09/21 02:17:02.355, 100, 28112, 32623, 199.99, 73
2026/09/21 02:17:03.356, 100, 28112, 32623, 199.93, 74
2026/09/21 02:17:04.356, 100, 28112, 32623, 200.07, 75
2026/09/21 02:17:05.356, 100, 28112, 32623, 199.98, 73
2026/09/21 02:17:06.357, 100, 28112, 32623, 199.98, 74
2026/09/21 02:17:07.357, 98, 28112, 32623, 199.68, 72
2026/09/21 02:17:08.357, 100, 28112, 32623, 200.44, 74
2026/09/21 02:17:09.357, 100, 28112, 32623, 199.99, 73
2026/09/21 02:17:10.358, 100, 28112, 32623, 199.93, 73
2026/09/21 02:17:11.358, 100, 28112, 32623, 200.04, 74
2026/09/21 02:17:12.358, 100, 28112, 32623, 200.02, 75
2026/09/21 02:17:13.359, 100, 28112, 32623, 199.98, 74
2026/09/21 02:17:14.364, 100, 28112, 32623, 200.04, 74
2026/09/21 02:17:15.364, 100, 28112, 32623, 199.99, 74
2026/09/21 02:17:16.365, 100, 28112, 32623, 199.98, 74
2026/09/21 02:17:17.365, 100, 28112, 32623, 199.99, 74
2026/09/21 02:17:18.365, 100, 28112, 32623, 200.01, 75
2026/09/21 02:17:19.366, 100, 28112, 32623, 199.99, 73
2026/09/21 02:17:20.366, 100, 28112, 32623, 199.99, 73
2026/09/21 02:17:21.366, 100, 28112, 32623, 200.02, 75
2026/09/21 02:17:22.366, 100, 28112, 32623, 200.00, 75
2026/09/21 02:17:23.367, 100, 28112, 32623, 200.00, 75
2026/09/21 02:17:24.367, 100, 28112, 32623, 199.98, 75
2026/09/21 02:17:25.367, 100, 28112, 32623, 199.99, 75
2026/09/21 02:17:26.368, 100, 28112, 32623, 200.05, 73
2026/09/21 02:17:27.368, 100, 28112, 32623, 200.00, 74
2026/09/21 02:17:28.368, 100, 28112, 32623, 199.97, 74
2026/09/21 02:17:29.369, 100, 28112, 32623, 200.33, 75
2026/09/21 02:17:30.369, 100, 28112, 32623, 199.96, 74
2026/09/21 02:17:31.369, 100, 28112, 32623, 200.01, 75
2026/09/21 02:17:32.369, 100, 28112, 32623, 200.00, 73
2026/09/21 02:17:33.370, 100, 28112, 32623, 199.99, 74
2026/09/21 02:17:34.370, 100, 28112, 32623, 200.01, 74
2026/09/21 02:17:35.370, 100, 28112, 32623, 199.98, 75
2026/09/21 02:17:36.370, 98, 28112, 32623, 199.83, 74
2026/09/21 02:17:37.371, 100, 28112, 32623, 200.22, 73
2026/09/21 02:17:38.371, 100, 28112, 32623, 199.96, 73
2026/09/21 02:17:39.371, 100, 28112, 32623, 199.99, 74
2026/09/21 02:17:40.372, 100, 28112, 32623, 200.02, 75
2026/09/21 02:17:41.372, 99, 28112, 32623, 199.87, 75
2026/09/21 02:17:42.372, 100, 28112, 32623, 200.14, 74
2026/09/21 02:17:43.373, 100, 28112, 32623, 199.98, 75
2026/09/21 02:17:44.373, 100, 28112, 32623, 200.01, 74
2026/09/21 02:17:45.373, 100, 28112, 32623, 200.01, 73
2026/09/21 02:17:46.373, 100, 28112, 32623, 199.99, 75
2026/09/21 02:17:47.374, 100, 28112, 32623, 200.00, 75
2026/09/21 02:17:48.374, 98, 28112, 32623, 199.82, 74
2026/09/21 02:17:49.374, 100, 28112, 32623, 200.16, 74
2026/09/21 02:17:50.374, 100, 28112, 32623, 199.98, 75
2026/09/21 02:17:51.375, 100, 28112, 32623, 200.00, 74
2026/09/21 02:17:52.375, 100, 28112, 32623, 200.00, 76
2026/09/21 02:17:53.375, 100, 28112, 32623, 199.99, 73
2026/09/21 02:17:54.376, 100, 28112, 32623, 200.02, 76
2026/09/21 02:17:55.376, 99, 28112, 32623, 199.79, 76
2026/09/21 02:17:56.376, 100, 28112, 32623, 199.99, 75
2026/09/21 02:17:57.377, 100, 28112, 32623, 199.82, 74
2026/09/21 02:17:58.377, 100, 28112, 32623, 200.21, 74
2026/09/21 02:17:59.377, 100, 28112, 32623, 199.99, 74
2026/09/21 02:18:00.377, 100, 28112, 32623, 200.00, 74
2026/09/21 02:18:01.378, 100, 28112, 32623, 200.02, 76
2026/09/21 02:18:02.378, 100, 28112, 32623, 200.00, 75
2026/09/21 02:18:03.378, 100, 28112, 32623, 200.00, 75
2026/09/21 02:18:04.379, 100, 28112, 32623, 199.98, 75
2026/09/21 02:18:05.379, 100, 28112, 32623, 199.99, 74
2026/09/21 02:18:06.380, 100, 28112, 32623, 199.98, 75
2026/09/21 02:18:07.380, 100, 28112, 32623, 200.00, 76
2026/09/21 02:18:08.380, 99, 28112, 32623, 199.99, 75
2026/09/21 02:18:09.381, 100, 28112, 32623, 200.01, 75
2026/09/21 02:18:10.381, 99, 28112, 32623, 199.84, 75
2026/09/21 02:18:11.381, 100, 28112, 32623, 200.11, 74
2026/09/21 02:18:12.381, 98, 28112, 32623, 199.90, 75
2026/09/21 02:18:13.382, 100, 28112, 32623, 200.11, 76
2026/09/21 02:18:14.382, 100, 28112, 32623, 199.93, 76
2026/09/21 02:18:15.382, 100, 28112, 32623, 200.04, 73
2026/09/21 02:18:16.383, 100, 28112, 32623, 199.91, 73
2026/09/21 02:18:17.383, 100, 28112, 32623, 200.08, 75
2026/09/21 02:18:18.383, 100, 28112, 32623, 199.97, 74
2026/09/21 02:18:19.383, 100, 28112, 32623, 200.15, 75
2026/09/21 02:18:20.383, 100, 28112, 32623, 199.94, 75
2026/09/21 02:18:21.384, 100, 28112, 32623, 200.04, 75
2026/09/21 02:18:22.384, 100, 28112, 32623, 199.94, 74
2026/09/21 02:18:23.384, 100, 28112, 32623, 200.10, 75
2026/09/21 02:18:24.384, 100, 28112, 32623, 199.96, 74
2026/09/21 02:18:25.385, 100, 28112, 32623, 200.02, 75
2026/09/21 02:18:26.385, 100, 28112, 32623, 199.99, 76
2026/09/21 02:18:27.385, 100, 28112, 32623, 200.29, 73
2026/09/21 02:18:28.386, 100, 28112, 32623, 199.98, 76
2026/09/21 02:18:29.386, 100, 28112, 32623, 200.03, 76
2026/09/21 02:18:30.386, 98, 28112, 32623, 199.69, 74
2026/09/21 02:18:31.386, 100, 28112, 32623, 200.31, 74
2026/09/21 02:18:32.387, 98, 28112, 32623, 199.91, 76
2026/09/21 02:18:33.387, 100, 28112, 32623, 200.00, 75
2026/09/21 02:18:34.387, 100, 28112, 32623, 200.00, 74
2026/09/21 02:18:35.388, 100, 28112, 32623, 200.01, 76
2026/09/21 02:18:36.388, 100, 28112, 32623, 199.99, 76
2026/09/21 02:18:37.388, 100, 28112, 32623, 200.00, 74
2026/09/21 02:18:38.388, 100, 28112, 32623, 200.01, 75
2026/09/21 02:18:39.389, 100, 28112, 32623, 200.02, 75
2026/09/21 02:18:40.389, 100, 28112, 32623, 200.00, 76
2026/09/21 02:18:41.389, 100, 28112, 32623, 200.01, 74
2026/09/21 02:18:42.389, 100, 28112, 32623, 199.96, 75
2026/09/21 02:18:43.390, 100, 28112, 32623, 199.98, 75
2026/09/21 02:18:44.390, 100, 28112, 32623, 200.01, 75
2026/09/21 02:18:45.390, 100, 28112, 32623, 199.96, 75
2026/09/21 02:18:46.391, 100, 28112, 32623, 200.04, 73
2026/09/21 02:18:47.391, 98, 28112, 32623, 199.70, 74
2026/09/21 02:18:48.391, 100, 28112, 32623, 200.32, 76
2026/09/21 02:18:49.391, 100, 28112, 32623, 199.98, 75
2026/09/21 02:18:50.392, 100, 28112, 32623, 199.99, 73
2026/09/21 02:18:51.392, 100, 28112, 32623, 200.02, 76
2026/09/21 02:18:52.392, 100, 28112, 32623, 199.99, 75
2026/09/21 02:18:53.393, 100, 28112, 32623, 199.99, 73
2026/09/21 02:18:54.393, 100, 28112, 32623, 200.01, 74
2026/09/21 02:18:55.393, 100, 28112, 32623, 199.99, 75
2026/09/21 02:18:56.393, 100, 28112, 32623, 199.96, 74
2026/09/21 02:18:57.394, 100, 28112, 32623, 200.10, 75
2026/09/21 02:18:58.394, 99, 28112, 32623, 199.87, 75
2026/09/21 02:18:59.394, 100, 28112, 32623, 200.01, 75
2026/09/21 02:19:00.394, 100, 28112, 32623, 200.00, 76
2026/09/21 02:19:01.395, 100, 28112, 32623, 199.99, 75
2026/09/21 02:19:02.395, 100, 28112, 32623, 200.00, 76
2026/09/21 02:19:03.395, 100, 28112, 32623, 199.96, 75
2026/09/21 02:19:04.396, 100, 28112, 32623, 200.05, 75
2026/09/21 02:19:05.396, 98, 28112, 32623, 199.80, 74
2026/09/21 02:19:06.396, 100, 28112, 32623, 200.05, 75
2026/09/21 02:19:07.396, 100, 28112, 32623, 200.00, 76
2026/09/21 02:19:08.397, 100, 28112, 32623, 199.99, 74
2026/09/21 02:19:09.397, 100, 28112, 32623, 199.97, 73
2026/09/21 02:19:10.397, 100, 28112, 32623, 200.01, 75
2026/09/21 02:19:11.398, 100, 28112, 32623, 200.00, 74
2026/09/21 02:19:12.398, 100, 28112, 32623, 199.89, 75
2026/09/21 02:19:13.398, 100, 28112, 32623, 201.73, 75
2026/09/21 02:19:14.399, 100, 28112, 32623, 200.00, 75
2026/09/21 02:19:15.399, 100, 28112, 32623, 199.99, 76
2026/09/21 02:19:16.399, 100, 28112, 32623, 199.99, 74
2026/09/21 02:19:17.399, 100, 28112, 32623, 199.98, 74
2026/09/21 02:19:18.400, 100, 28112, 32623, 200.00, 74
2026/09/21 02:19:19.400, 98, 28112, 32623, 199.93, 75
2026/09/21 02:19:20.400, 100, 28112, 32623, 200.06, 75
2026/09/21 02:19:21.400, 100, 28112, 32623, 200.00, 75
2026/09/21 02:19:22.401, 100, 28112, 32623, 199.99, 76
2026/09/21 02:19:23.401, 100, 28112, 32623, 200.04, 75
2026/09/21 02:19:24.401, 100, 28112, 32623, 199.94, 76
2026/09/21 02:19:25.401, 100, 28112, 32623, 200.12, 76
2026/09/21 02:19:26.402, 100, 28112, 32623, 200.00, 76
2026/09/21 02:19:27.402, 100, 28112, 32623, 199.98, 75
2026/09/21 02:19:28.402, 100, 28112, 32623, 200.03, 75
2026/09/21 02:19:29.402, 100, 28112, 32623, 200.01, 76
2026/09/21 02:19:30.402, 100, 28112, 32623, 200.01, 75
2026/09/21 02:19:31.403, 99, 28112, 32623, 199.85, 76
2026/09/21 02:19:32.403, 100, 28112, 32623, 200.01, 75
2026/09/21 02:19:33.403, 100, 28112, 32623, 200.00, 74
2026/09/21 02:19:34.403, 100, 28112, 32623, 200.00, 74
2026/09/21 02:19:35.403, 100, 28112, 32623, 199.99, 74
2026/09/21 02:19:36.403, 99, 28112, 32623, 199.87, 74
2026/09/21 02:19:37.404, 100, 28112, 32623, 200.02, 76
2026/09/21 02:19:38.404, 100, 28112, 32623, 199.97, 74
2026/09/21 02:19:39.404, 100, 28112, 32623, 199.99, 74
2026/09/21 02:19:40.404, 100, 28112, 32623, 200.01, 74
2026/09/21 02:19:41.404, 99, 28112, 32623, 199.88, 73
2026/09/21 02:19:42.405, 100, 28112, 32623, 200.14, 75
2026/09/21 02:19:43.405, 100, 28112, 32623, 200.00, 73
2026/09/21 02:19:44.405, 100, 28112, 32623, 199.99, 74
2026/09/21 02:19:45.406, 100, 28112, 32623, 200.03, 75
2026/09/21 02:19:46.406, 100, 28112, 32623, 199.99, 76
2026/09/21 02:19:47.406, 100, 28112, 32623, 200.00, 74
2026/09/21 02:19:48.406, 100, 28112, 32623, 199.99, 75
2026/09/21 02:19:49.407, 100, 28112, 32623, 199.99, 73
2026/09/21 02:19:50.407, 100, 28112, 32623, 200.01, 76
2026/09/21 02:19:51.407, 100, 28112, 32623, 200.03, 75
2026/09/21 02:19:52.407, 100, 28112, 32623, 199.96, 73
2026/09/21 02:19:53.408, 100, 28112, 32623, 200.01, 75
2026/09/21 02:19:54.408, 100, 28112, 32623, 199.95, 73
2026/09/21 02:19:55.408, 100, 28112, 32623, 200.41, 75
2026/09/21 02:19:56.409, 100, 28112, 32623, 199.99, 72
2026/09/21 02:19:57.409, 100, 28112, 32623, 199.98, 75
2026/09/21 02:19:58.409, 100, 28112, 32623, 200.00, 74
2026/09/21 02:19:59.409, 99, 28112, 32623, 200.03, 76
2026/09/21 02:20:00.410, 100, 28112, 32623, 200.01, 74
2026/09/21 02:20:01.410, 100, 28112, 32623, 200.01, 75
2026/09/21 02:20:02.410, 100, 28112, 32623, 199.99, 73
2026/09/21 02:20:03.410, 100, 28112, 32623, 200.01, 75
2026/09/21 02:20:04.411, 100, 28112, 32623, 200.00, 75
2026/09/21 02:20:05.411, 100, 28112, 32623, 200.00, 73
2026/09/21 02:20:06.411, 100, 28112, 32623, 200.00, 75
2026/09/21 02:20:07.411, 99, 28112, 32623, 199.95, 73
2026/09/21 02:20:08.412, 100, 28112, 32623, 200.07, 75
2026/09/21 02:20:09.412, 100, 28112, 32623, 200.02, 75
2026/09/21 02:20:10.412, 100, 28112, 32623, 199.96, 74
2026/09/21 02:20:11.413, 100, 28112, 32623, 200.02, 75
2026/09/21 02:20:12.413, 100, 28112, 32623, 199.99, 75
2026/09/21 02:20:13.413, 100, 28112, 32623, 199.95, 74
2026/09/21 02:20:14.414, 100, 28112, 32623, 199.99, 74
2026/09/21 02:20:15.414, 100, 28112, 32623, 199.97, 75
2026/09/21 02:20:16.414, 100, 28112, 32623, 199.99, 76
2026/09/21 02:20:17.414, 100, 28112, 32623, 199.98, 76
2026/09/21 02:20:18.415, 100, 28112, 32623, 199.87, 74
2026/09/21 02:20:19.415, 100, 28112, 32623, 200.16, 75
2026/09/21 02:20:20.415, 100, 28112, 32623, 199.94, 75
2026/09/21 02:20:21.415, 100, 28112, 32623, 200.04, 74
2026/09/21 02:20:22.416, 100, 28112, 32623, 199.99, 73
2026/09/21 02:20:23.416, 100, 28112, 32623, 199.97, 74
2026/09/21 02:20:24.416, 100, 28112, 32623, 200.24, 75
2026/09/21 02:20:25.416, 100, 28112, 32623, 200.01, 75
2026/09/21 02:20:26.417, 100, 28112, 32623, 199.93, 75
2026/09/21 02:20:27.417, 100, 28112, 32623, 200.13, 75
2026/09/21 02:20:28.417, 100, 28112, 32623, 200.00, 73
2026/09/21 02:20:29.417, 95, 28112, 32623, 199.40, 73
2026/09/21 02:20:30.417, 95, 28112, 32623, 200.00, 73
2026/09/21 02:20:31.417, 96, 28112, 32623, 199.97, 73
2026/09/21 02:20:32.418, 95, 28112, 32623, 199.95, 73
2026/09/21 02:20:33.418, 95, 28112, 32623, 199.98, 73
2026/09/21 02:20:34.418, 96, 28112, 32623, 199.99, 73
2026/09/21 02:20:35.418, 95, 28112, 32623, 199.95, 73
2026/09/21 02:20:36.418, 95, 28112, 32623, 199.97, 73
2026/09/21 02:20:37.419, 95, 28112, 32623, 199.97, 73
2026/09/21 02:20:38.419, 95, 28112, 32623, 199.90, 73
2026/09/21 02:20:39.419, 100, 28112, 32623, 200.68, 72
2026/09/21 02:20:40.419, 100, 28112, 32623, 200.00, 72
2026/09/21 02:20:41.420, 100, 28112, 32623, 199.98, 71
2026/09/21 02:20:42.420, 100, 28112, 32623, 200.01, 72
2026/09/21 02:20:43.420, 100, 28112, 32623, 200.00, 72
2026/09/21 02:20:44.421, 100, 28112, 32623, 200.00, 72
2026/09/21 02:20:45.421, 100, 28112, 32623, 199.99, 72
2026/09/21 02:20:46.421, 100, 28112, 32623, 200.01, 71
2026/09/21 02:20:47.421, 100, 28112, 32623, 199.99, 74
2026/09/21 02:20:48.422, 100, 28112, 32623, 199.98, 72
2026/09/21 02:20:49.422, 100, 28112, 32623, 200.00, 73
2026/09/21 02:20:50.422, 100, 28112, 32623, 199.98, 73
2026/09/21 02:20:51.423, 0, 28112, 32623, 169.82, 64
2026/09/21 02:20:52.423, 100, 28112, 32623, 194.05, 72
2026/09/21 02:20:53.423, 100, 28112, 32623, 199.97, 72
2026/09/21 02:20:54.423, 100, 28112, 32623, 200.01, 73
2026/09/21 02:20:55.423, 100, 28112, 32623, 199.98, 73
2026/09/21 02:20:56.424, 0, 28112, 32623, 157.84, 64
2026/09/21 02:20:57.424, 100, 28112, 32623, 169.33, 73
2026/09/21 02:20:58.424, 100, 28112, 32623, 200.00, 72
2026/09/21 02:20:59.424, 100, 28112, 32623, 199.98, 73
2026/09/21 02:21:00.425, 97, 28112, 32623, 199.99, 73
2026/09/21 02:21:01.425, 100, 28112, 32623, 200.53, 73
2026/09/21 02:21:02.425, 100, 28112, 32623, 167.96, 73
2026/09/21 02:21:03.425, 100, 28112, 32623, 200.01, 73
2026/09/21 02:21:04.426, 98, 28112, 32623, 199.98, 72
2026/09/21 02:21:05.426, 100, 28112, 32623, 200.31, 73
2026/09/21 02:21:06.426, 100, 28112, 32623, 199.99, 73
2026/09/21 02:21:07.426, 100, 28112, 32623, 200.01, 74
2026/09/21 02:21:08.427, 100, 28112, 32623, 199.96, 74
2026/09/21 02:21:09.427, 100, 28112, 32623, 200.03, 73
2026/09/21 02:21:10.427, 100, 28112, 32623, 200.00, 73
2026/09/21 02:21:11.427, 100, 28112, 32623, 200.00, 73
2026/09/21 02:21:12.428, 100, 28112, 32623, 199.97, 74
2026/09/21 02:21:13.429, 100, 28112, 32623, 199.99, 75
2026/09/21 02:21:14.429, 100, 28112, 32623, 199.98, 73
2026/09/21 02:21:15.429, 100, 28112, 32623, 200.01, 75
2026/09/21 02:21:16.429, 98, 28112, 32623, 199.97, 74
2026/09/21 02:21:17.430, 100, 28112, 32623, 200.01, 74
2026/09/21 02:21:18.430, 100, 28112, 32623, 200.00, 73
2026/09/21 02:21:19.430, 100, 28112, 32623, 200.01, 73
2026/09/21 02:21:20.430, 100, 28112, 32623, 199.99, 75
2026/09/21 02:21:21.431, 100, 28112, 32623, 200.01, 73
2026/09/21 02:21:22.431, 100, 28112, 32623, 199.98, 73
2026/09/21 02:21:23.431, 100, 28112, 32623, 199.84, 75
2026/09/21 02:21:24.431, 100, 28112, 32623, 199.99, 73
2026/09/21 02:21:25.432, 100, 28112, 32623, 199.99, 74
2026/09/21 02:21:26.432, 100, 28112, 32623, 199.51, 75
2026/09/21 02:21:27.432, 100, 28112, 32623, 200.00, 75
2026/09/21 02:21:28.432, 100, 28112, 32623, 199.99, 74
2026/09/21 02:21:29.433, 100, 28112, 32623, 199.50, 75
2026/09/21 02:21:30.434, 100, 28112, 32623, 199.99, 73
2026/09/21 02:21:31.434, 100, 28112, 32623, 199.99, 74
2026/09/21 02:21:32.437, 100, 28112, 32623, 200.01, 74
2026/09/21 02:21:33.437, 100, 28112, 32623, 200.02, 73
2026/09/21 02:21:34.437, 100, 28112, 32623, 199.98, 73
2026/09/21 02:21:35.440, 100, 28112, 32623, 200.01, 73
2026/09/21 02:21:36.440, 100, 28112, 32623, 199.97, 74
2026/09/21 02:21:37.440, 100, 28112, 32623, 199.96, 75
2026/09/21 02:21:38.441, 100, 28112, 32623, 200.01, 73
2026/09/21 02:21:39.444, 100, 28112, 32623, 200.02, 73
2026/09/21 02:21:40.445, 100, 28112, 32623, 199.80, 75
2026/09/21 02:21:41.445, 100, 28112, 32623, 200.01, 73
2026/09/21 02:21:42.445, 100, 28112, 32623, 199.98, 75
2026/09/21 02:21:43.445, 100, 28112, 32623, 200.01, 75
2026/09/21 02:21:44.446, 100, 28112, 32623, 199.98, 73
2026/09/21 02:21:45.446, 98, 28112, 32623, 199.99, 74
2026/09/21 02:21:46.446, 100, 28112, 32623, 200.35, 75
2026/09/21 02:21:47.446, 100, 28112, 32623, 200.00, 73
2026/09/21 02:21:48.447, 100, 28112, 32623, 200.01, 74
2026/09/21 02:21:49.447, 100, 28112, 32623, 199.98, 73
2026/09/21 02:21:50.447, 99, 28112, 32623, 199.76, 73
2026/09/21 02:21:51.448, 100, 28112, 32623, 200.18, 73
2026/09/21 02:21:52.448, 100, 28112, 32623, 199.99, 73
2026/09/21 02:21:53.448, 100, 28112, 32623, 200.01, 75
2026/09/21 02:21:54.449, 100, 28112, 32623, 200.01, 75
2026/09/21 02:21:55.449, 100, 28112, 32623, 199.98, 75
2026/09/21 02:21:56.449, 100, 28112, 32623, 199.98, 74
2026/09/21 02:21:57.449, 100, 28112, 32623, 199.96, 74
2026/09/21 02:21:58.450, 100, 28112, 32623, 200.01, 75
2026/09/21 02:21:59.450, 100, 28112, 32623, 199.99, 75
2026/09/21 02:22:00.450, 100, 28112, 32623, 199.99, 76
2026/09/21 02:22:01.451, 100, 28112, 32623, 200.00, 75
2026/09/21 02:22:02.451, 100, 28112, 32623, 200.00, 74
2026/09/21 02:22:03.451, 100, 28112, 32623, 200.01, 75
2026/09/21 02:22:04.451, 98, 28112, 32623, 199.67, 74
2026/09/21 02:22:05.452, 100, 28112, 32623, 200.34, 74
2026/09/21 02:22:06.452, 100, 28112, 32623, 199.66, 76
2026/09/21 02:22:07.452, 100, 28112, 32623, 200.35, 75
2026/09/21 02:22:08.452, 100, 28112, 32623, 199.98, 74
2026/09/21 02:22:09.452, 100, 28112, 32623, 199.99, 74
2026/09/21 02:22:10.453, 100, 28112, 32623, 199.99, 75
2026/09/21 02:22:11.453, 100, 28112, 32623, 199.99, 74
2026/09/21 02:22:12.453, 100, 28112, 32623, 199.99, 76
2026/09/21 02:22:13.454, 100, 28112, 32623, 200.00, 75
2026/09/21 02:22:14.454, 100, 28112, 32623, 200.01, 76
2026/09/21 02:22:15.454, 100, 28112, 32623, 199.98, 74
2026/09/21 02:22:16.454, 100, 28112, 32623, 200.00, 75
2026/09/21 02:22:17.455, 95, 28112, 32623, 199.10, 76
2026/09/21 02:22:18.455, 100, 28112, 32623, 200.00, 74
2026/09/21 02:22:19.455, 96, 28112, 32623, 199.63, 74
2026/09/21 02:22:20.455, 100, 28112, 32623, 200.13, 74
2026/09/21 02:22:21.456, 100, 28112, 32623, 199.94, 74
2026/09/21 02:22:22.456, 100, 28112, 32623, 200.07, 75
2026/09/21 02:22:23.456, 100, 28112, 32623, 199.87, 73
2026/09/21 02:22:24.456, 100, 28112, 32623, 200.11, 74
2026/09/21 02:22:25.457, 100, 28112, 32623, 199.96, 74
2026/09/21 02:22:26.457, 100, 28112, 32623, 200.02, 74
2026/09/21 02:22:27.457, 100, 28112, 32623, 199.96, 75
2026/09/21 02:22:28.457, 100, 28112, 32623, 200.06, 74
2026/09/21 02:22:29.458, 100, 28112, 32623, 199.99, 73
2026/09/21 02:22:30.458, 100, 28112, 32623, 200.08, 74
2026/09/21 02:22:31.458, 100, 28112, 32623, 199.99, 74
2026/09/21 02:22:32.458, 100, 28112, 32623, 200.04, 74
2026/09/21 02:22:33.459, 100, 28112, 32623, 200.00, 74
2026/09/21 02:22:34.459, 100, 28112, 32623, 200.09, 74
2026/09/21 02:22:35.459, 100, 28112, 32623, 199.91, 75
2026/09/21 02:22:36.460, 100, 28112, 32623, 200.05, 76
2026/09/21 02:22:37.460, 100, 28112, 32623, 199.88, 74
2026/09/21 02:22:38.460, 100, 28112, 32623, 200.05, 73
2026/09/21 02:22:39.460, 100, 28112, 32623, 199.93, 76
2026/09/21 02:22:40.460, 100, 28112, 32623, 200.08, 76
2026/09/21 02:22:41.461, 96, 28112, 32623, 199.64, 74
2026/09/21 02:22:42.461, 100, 28112, 32623, 200.37, 73
2026/09/21 02:22:43.461, 99, 28112, 32623, 199.82, 75
2026/09/21 02:22:44.461, 100, 28112, 32623, 199.99, 74
2026/09/21 02:22:45.462, 100, 28112, 32623, 200.00, 74
2026/09/21 02:22:46.462, 100, 28112, 32623, 199.97, 75
2026/09/21 02:22:47.462, 100, 28112, 32623, 199.99, 73
2026/09/21 02:22:48.463, 100, 28112, 32623, 200.00, 75
2026/09/21 02:22:49.463, 100, 28112, 32623, 200.01, 74
2026/09/21 02:22:50.463, 100, 28112, 32623, 200.00, 75
2026/09/21 02:22:51.463, 100, 28112, 32623, 200.00, 73
2026/09/21 02:22:52.464, 100, 28112, 32623, 199.98, 74
2026/09/21 02:22:53.464, 100, 28112, 32623, 200.03, 74
2026/09/21 02:22:54.464, 100, 28112, 32623, 199.99, 73
2026/09/21 02:22:55.464, 100, 28112, 32623, 200.09, 75
2026/09/21 02:22:56.465, 97, 28112, 32623, 199.77, 76
2026/09/21 02:22:57.465, 100, 28112, 32623, 200.09, 73
2026/09/21 02:22:58.465, 99, 28112, 32623, 199.80, 74
2026/09/21 02:22:59.465, 100, 28112, 32623, 200.23, 76
2026/09/21 02:23:00.465, 100, 28112, 32623, 199.97, 73
2026/09/21 02:23:01.466, 100, 28112, 32623, 200.02, 74
2026/09/21 02:23:02.466, 100, 28112, 32623, 200.01, 75
2026/09/21 02:23:03.466, 100, 28112, 32623, 199.99, 75
2026/09/21 02:23:04.466, 100, 28112, 32623, 200.00, 76
2026/09/21 02:23:05.467, 100, 28112, 32623, 199.91, 75
2026/09/21 02:23:06.467, 100, 28112, 32623, 200.08, 74
2026/09/21 02:23:07.467, 96, 28112, 32623, 199.37, 74
2026/09/21 02:23:08.467, 100, 28112, 32623, 200.15, 74
2026/09/21 02:23:09.467, 100, 28112, 32623, 200.01, 75
2026/09/21 02:23:10.467, 100, 28112, 32623, 200.02, 73
2026/09/21 02:23:11.468, 100, 28112, 32623, 199.98, 75
2026/09/21 02:23:12.468, 100, 28112, 32623, 199.97, 74
2026/09/21 02:23:13.468, 100, 28112, 32623, 200.05, 73
2026/09/21 02:23:14.468, 100, 28112, 32623, 199.97, 76
2026/09/21 02:23:15.468, 100, 28112, 32623, 200.03, 74
2026/09/21 02:23:16.469, 100, 28112, 32623, 200.00, 75
2026/09/21 02:23:17.469, 100, 28112, 32623, 200.02, 76
2026/09/21 02:23:18.469, 100, 28112, 32623, 200.02, 75
2026/09/21 02:23:19.469, 100, 28112, 32623, 200.12, 75
2026/09/21 02:23:20.469, 100, 28112, 32623, 199.99, 75
2026/09/21 02:23:21.469, 100, 28112, 32623, 200.02, 75
2026/09/21 02:23:22.470, 100, 28112, 32623, 199.98, 75
2026/09/21 02:23:23.470, 100, 28112, 32623, 200.00, 73
2026/09/21 02:23:24.473, 100, 28112, 32623, 200.00, 74
2026/09/21 02:23:25.473, 99, 28112, 32623, 199.88, 75
2026/09/21 02:23:26.473, 100, 28112, 32623, 199.99, 75
2026/09/21 02:23:27.473, 100, 28112, 32623, 199.98, 74
2026/09/21 02:23:28.473, 100, 28112, 32623, 200.00, 75
2026/09/21 02:23:29.473, 100, 28112, 32623, 200.00, 75
2026/09/21 02:23:30.474, 100, 28112, 32623, 199.98, 74
2026/09/21 02:23:31.474, 100, 28112, 32623, 200.14, 76
2026/09/21 02:23:32.474, 100, 28112, 32623, 199.98, 75
2026/09/21 02:23:33.474, 100, 28112, 32623, 200.03, 75
2026/09/21 02:23:34.475, 100, 28112, 32623, 199.99, 76
2026/09/21 02:23:35.475, 100, 28112, 32623, 200.00, 74
2026/09/21 02:23:36.475, 100, 28112, 32623, 200.04, 76
2026/09/21 02:23:37.475, 100, 28112, 32623, 200.00, 75
2026/09/21 02:23:38.476, 100, 28112, 32623, 200.02, 76
2026/09/21 02:23:39.476, 100, 28112, 32623, 199.98, 76
2026/09/21 02:23:40.476, 100, 28112, 32623, 200.00, 76
2026/09/21 02:23:41.476, 100, 28112, 32623, 199.99, 75
2026/09/21 02:23:42.477, 99, 28112, 32623, 199.86, 75
2026/09/21 02:23:43.477, 100, 28112, 32623, 199.99, 74
2026/09/21 02:23:44.477, 100, 28112, 32623, 200.01, 74
2026/09/21 02:23:45.477, 100, 28112, 32623, 200.00, 74
2026/09/21 02:23:46.478, 100, 28112, 32623, 200.00, 76
2026/09/21 02:23:47.478, 99, 28112, 32623, 199.87, 76
2026/09/21 02:23:48.478, 100, 28112, 32623, 199.99, 74
2026/09/21 02:23:49.479, 100, 28112, 32623, 200.01, 74
2026/09/21 02:23:50.479, 100, 28112, 32623, 200.01, 75
2026/09/21 02:23:51.479, 100, 28112, 32623, 199.98, 75
2026/09/21 02:23:52.479, 99, 28112, 32623, 199.80, 75
2026/09/21 02:23:53.479, 100, 28112, 32623, 200.04, 76
2026/09/21 02:23:54.479, 100, 28112, 32623, 199.96, 75
2026/09/21 02:23:55.480, 100, 28112, 32623, 200.00, 75
2026/09/21 02:23:56.480, 100, 28112, 32623, 200.00, 76
2026/09/21 02:23:57.480, 100, 28112, 32623, 200.01, 74
2026/09/21 02:23:58.480, 100, 28112, 32623, 200.02, 74
2026/09/21 02:23:59.480, 100, 28112, 32623, 199.97, 76
2026/09/21 02:24:00.481, 100, 28112, 32623, 199.97, 75
2026/09/21 02:24:01.481, 100, 28112, 32623, 200.03, 76
2026/09/21 02:24:02.481, 100, 28112, 32623, 200.00, 74
2026/09/21 02:24:03.481, 100, 28112, 32623, 200.03, 74
2026/09/21 02:24:04.482, 100, 28112, 32623, 199.98, 75
2026/09/21 02:24:05.482, 98, 28112, 32623, 199.80, 75
2026/09/21 02:24:06.482, 100, 28112, 32623, 200.04, 75
2026/09/21 02:24:07.483, 100, 28112, 32623, 200.03, 76
2026/09/21 02:24:08.483, 100, 28112, 32623, 199.99, 75
2026/09/21 02:24:09.483, 100, 28112, 32623, 199.99, 75
2026/09/21 02:24:10.483, 100, 28112, 32623, 200.01, 75
2026/09/21 02:24:11.483, 100, 28112, 32623, 200.00, 75
2026/09/21 02:24:12.484, 100, 28112, 32623, 199.98, 74
2026/09/21 02:24:13.484, 100, 28112, 32623, 199.96, 76
2026/09/21 02:24:14.484, 100, 28112, 32623, 200.04, 74
2026/09/21 02:24:15.485, 100, 28112, 32623, 200.00, 75
2026/09/21 02:24:16.485, 100, 28112, 32623, 200.02, 73
2026/09/21 02:24:17.485, 100, 28112, 32623, 199.98, 73
2026/09/21 02:24:18.485, 100, 28112, 32623, 200.00, 74
2026/09/21 02:24:19.485, 100, 28112, 32623, 200.01, 76
2026/09/21 02:24:20.486, 100, 28112, 32623, 200.02, 74
2026/09/21 02:24:21.486, 100, 28112, 32623, 199.86, 77
2026/09/21 02:24:22.486, 100, 28112, 32623, 202.67, 76
2026/09/21 02:24:23.486, 100, 28112, 32623, 199.98, 76
2026/09/21 02:24:24.487, 100, 28112, 32623, 199.99, 73
2026/09/21 02:24:25.487, 100, 28112, 32623, 199.99, 75
2026/09/21 02:24:26.487, 100, 28112, 32623, 199.98, 76
2026/09/21 02:24:27.488, 100, 28112, 32623, 199.99, 74
2026/09/21 02:24:28.488, 100, 28112, 32623, 199.91, 73
2026/09/21 02:24:29.488, 100, 28112, 32623, 199.97, 75
2026/09/21 02:24:30.488, 100, 28112, 32623, 199.99, 76
2026/09/21 02:24:31.489, 100, 28112, 32623, 199.64, 73
2026/09/21 02:24:32.489, 100, 28112, 32623, 200.44, 76
2026/09/21 02:24:33.489, 100, 28112, 32623, 200.00, 75
2026/09/21 02:24:34.489, 99, 28112, 32623, 199.81, 74
2026/09/21 02:24:35.489, 100, 28112, 32623, 200.21, 76
2026/09/21 02:24:36.489, 93, 28112, 32623, 199.08, 73
2026/09/21 02:24:37.490, 95, 28112, 32623, 200.46, 73
2026/09/21 02:24:38.490, 95, 28112, 32623, 199.96, 73
2026/09/21 02:24:39.490, 95, 28112, 32623, 200.01, 73
2026/09/21 02:24:40.490, 95, 28112, 32623, 199.91, 73
2026/09/21 02:24:41.490, 95, 28112, 32623, 199.87, 73
2026/09/21 02:24:42.491, 96, 28112, 32623, 200.11, 73
2026/09/21 02:24:43.491, 96, 28112, 32623, 200.01, 73
2026/09/21 02:24:44.491, 96, 28112, 32623, 199.99, 73
2026/09/21 02:24:45.491, 96, 28112, 32623, 200.00, 73
2026/09/21 02:24:46.491, 94, 28112, 32623, 199.94, 73
2026/09/21 02:24:47.492, 100, 28112, 32623, 200.77, 73
2026/09/21 02:24:48.492, 100, 28112, 32623, 200.06, 72
2026/09/21 02:24:49.492, 100, 28112, 32623, 199.98, 73
2026/09/21 02:24:50.492, 100, 28112, 32623, 200.04, 73
2026/09/21 02:24:51.493, 100, 28112, 32623, 199.95, 73
2026/09/21 02:24:52.493, 100, 28112, 32623, 200.01, 72
2026/09/21 02:24:53.493, 100, 28112, 32623, 200.00, 73
2026/09/21 02:24:54.493, 97, 28112, 32623, 200.01, 72
2026/09/21 02:24:55.493, 97, 28112, 32623, 199.76, 72
2026/09/21 02:24:56.494, 100, 28112, 32623, 199.98, 72
2026/09/21 02:24:57.494, 100, 28112, 32623, 200.01, 73
2026/09/21 02:24:58.494, 100, 28112, 32623, 199.99, 72
2026/09/21 02:24:59.494, 100, 28112, 32623, 200.02, 73
2026/09/21 02:25:00.495, 100, 28112, 32623, 163.08, 71
2026/09/21 02:25:01.495, 100, 28112, 32623, 200.10, 72
2026/09/21 02:25:02.495, 97, 28112, 32623, 199.82, 72
2026/09/21 02:25:03.496, 100, 28112, 32623, 199.99, 73
2026/09/21 02:25:04.496, 100, 28112, 32623, 200.01, 73
2026/09/21 02:25:05.496, 100, 28112, 32623, 128.24, 72
2026/09/21 02:25:06.496, 100, 28112, 32623, 200.63, 72
2026/09/21 02:25:07.496, 100, 28112, 32623, 199.97, 72
2026/09/21 02:25:08.497, 100, 28112, 32623, 199.99, 73
2026/09/21 02:25:09.497, 100, 28112, 32623, 200.01, 72
2026/09/21 02:25:10.497, 40, 28112, 32623, 163.68, 68
2026/09/21 02:25:11.498, 100, 28112, 32623, 204.08, 73
2026/09/21 02:25:12.498, 100, 28112, 32623, 200.01, 73
2026/09/21 02:25:13.498, 100, 28112, 32623, 200.00, 73
2026/09/21 02:25:14.498, 100, 28112, 32623, 199.95, 73
2026/09/21 02:25:15.498, 100, 28112, 32623, 200.00, 73
2026/09/21 02:25:16.499, 100, 28112, 32623, 199.99, 73
2026/09/21 02:25:17.499, 100, 28112, 32623, 200.00, 74
2026/09/21 02:25:18.499, 100, 28112, 32623, 199.99, 75
2026/09/21 02:25:19.500, 99, 28112, 32623, 199.81, 75
2026/09/21 02:25:20.500, 100, 28112, 32623, 200.00, 74
2026/09/21 02:25:21.500, 100, 28112, 32623, 199.99, 73
2026/09/21 02:25:22.500, 100, 28112, 32623, 199.99, 74
2026/09/21 02:25:23.501, 100, 28112, 32623, 200.01, 73
2026/09/21 02:25:24.501, 100, 28112, 32623, 199.99, 73
2026/09/21 02:25:25.501, 100, 28112, 32623, 199.98, 73
2026/09/21 02:25:26.501, 100, 28112, 32623, 199.97, 74
2026/09/21 02:25:27.501, 100, 28112, 32623, 200.42, 73
2026/09/21 02:25:28.502, 100, 28112, 32623, 200.01, 74
2026/09/21 02:25:29.502, 100, 28112, 32623, 199.80, 74
2026/09/21 02:25:30.502, 100, 28112, 32623, 200.27, 75
2026/09/21 02:25:31.502, 100, 28112, 32623, 200.00, 75
2026/09/21 02:25:32.503, 100, 28112, 32623, 200.00, 74
2026/09/21 02:25:33.503, 100, 28112, 32623, 200.02, 73
2026/09/21 02:25:34.503, 100, 28112, 32623, 199.98, 73
2026/09/21 02:25:35.503, 100, 28112, 32623, 200.00, 74
2026/09/21 02:25:36.503, 100, 28112, 32623, 200.01, 75
2026/09/21 02:25:37.504, 100, 28112, 32623, 199.98, 73
2026/09/21 02:25:38.504, 100, 28112, 32623, 199.99, 75
2026/09/21 02:25:39.504, 100, 28112, 32623, 199.99, 73
2026/09/21 02:25:40.505, 100, 28112, 32623, 200.02, 75
2026/09/21 02:25:41.505, 100, 28112, 32623, 200.01, 74
2026/09/21 02:25:42.505, 100, 28112, 32623, 200.03, 73
2026/09/21 02:25:43.505, 100, 28112, 32623, 200.00, 73
2026/09/21 02:25:44.506, 100, 28112, 32623, 199.94, 75
2026/09/21 02:25:45.506, 100, 28112, 32623, 200.10, 74
2026/09/21 02:25:46.506, 100, 28112, 32623, 200.00, 75
2026/09/21 02:25:47.507, 97, 28112, 32623, 199.44, 75
2026/09/21 02:25:48.507, 100, 28112, 32623, 200.02, 74
2026/09/21 02:25:49.507, 100, 28112, 32623, 199.96, 74
2026/09/21 02:25:50.507, 100, 28112, 32623, 200.02, 74
2026/09/21 02:25:51.507, 100, 28112, 32623, 199.99, 74
2026/09/21 02:25:52.507, 100, 28112, 32623, 199.99, 76
2026/09/21 02:25:53.508, 100, 28112, 32623, 200.48, 74
2026/09/21 02:25:54.508, 100, 28112, 32623, 199.99, 75
2026/09/21 02:25:55.508, 100, 28112, 32623, 200.03, 73
2026/09/21 02:25:56.509, 100, 28112, 32623, 200.01, 75
2026/09/21 02:25:57.509, 100, 28112, 32623, 199.96, 73
2026/09/21 02:25:58.509, 100, 28112, 32623, 200.26, 75
2026/09/21 02:25:59.509, 100, 28112, 32623, 199.99, 75
2026/09/21 02:26:00.509, 100, 28112, 32623, 200.00, 75
2026/09/21 02:26:01.510, 100, 28112, 32623, 200.01, 75
2026/09/21 02:26:02.510, 99, 28112, 32623, 199.88, 75
2026/09/21 02:26:03.510, 100, 28112, 32623, 200.00, 73
2026/09/21 02:26:04.510, 100, 28112, 32623, 199.99, 74
2026/09/21 02:26:05.511, 100, 28112, 32623, 200.01, 75
2026/09/21 02:26:06.511, 100, 28112, 32623, 199.98, 75
2026/09/21 02:26:07.511, 100, 28112, 32623, 200.01, 73
2026/09/21 02:26:08.511, 100, 28112, 32623, 200.00, 75
2026/09/21 02:26:09.512, 99, 28112, 32623, 199.81, 72
2026/09/21 02:26:10.512, 100, 28112, 32623, 200.18, 75
2026/09/21 02:26:11.512, 100, 28112, 32623, 199.95, 75
2026/09/21 02:26:12.513, 100, 28112, 32623, 200.03, 75
2026/09/21 02:26:13.513, 100, 28112, 32623, 199.99, 74
2026/09/21 02:26:14.513, 100, 28112, 32623, 200.00, 74
2026/09/21 02:26:15.514, 100, 28112, 32623, 199.97, 76
2026/09/21 02:26:16.514, 100, 28112, 32623, 200.00, 75
2026/09/21 02:26:17.514, 100, 28112, 32623, 200.00, 74
2026/09/21 02:26:18.514, 100, 28112, 32623, 200.00, 74
2026/09/21 02:26:19.514, 100, 28112, 32623, 200.00, 75
2026/09/21 02:26:20.515, 98, 28112, 32623, 199.84, 76
2026/09/21 02:26:21.515, 100, 28112, 32623, 200.00, 76
2026/09/21 02:26:22.515, 100, 28112, 32623, 199.85, 74
2026/09/21 02:26:23.515, 100, 28112, 32623, 202.06, 75
2026/09/21 02:26:24.516, 100, 28112, 32623, 199.97, 76
2026/09/21 02:26:25.516, 100, 28112, 32623, 200.04, 75
2026/09/21 02:26:26.516, 100, 28112, 32623, 200.00, 76
2026/09/21 02:26:27.516, 100, 28112, 32623, 199.99, 73
2026/09/21 02:26:28.517, 100, 28112, 32623, 199.99, 74
2026/09/21 02:26:29.517, 100, 28112, 32623, 200.01, 74
2026/09/21 02:26:30.517, 100, 28112, 32623, 200.01, 74
2026/09/21 02:26:31.517, 100, 28112, 32623, 199.98, 74
2026/09/21 02:26:32.517, 100, 28112, 32623, 199.97, 74
2026/09/21 02:26:33.518, 100, 28112, 32623, 200.02, 75
2026/09/21 02:26:34.518, 100, 28112, 32623, 200.00, 76
2026/09/21 02:26:35.518, 100, 28112, 32623, 200.00, 74
2026/09/21 02:26:36.518, 100, 28112, 32623, 199.97, 76
2026/09/21 02:26:37.519, 100, 28112, 32623, 200.01, 73
2026/09/21 02:26:38.519, 100, 28112, 32623, 200.02, 74
2026/09/21 02:26:39.519, 100, 28112, 32623, 200.02, 74
2026/09/21 02:26:40.539, 100, 28112, 32623, 199.98, 76
2026/09/21 02:26:41.539, 100, 28112, 32623, 199.97, 74
2026/09/21 02:26:42.539, 100, 28112, 32623, 200.00, 76
2026/09/21 02:26:43.540, 100, 28112, 32623, 200.00, 76
2026/09/21 02:26:44.540, 100, 28112, 32623, 199.96, 74
2026/09/21 02:26:45.540, 100, 28112, 32623, 200.01, 75
2026/09/21 02:26:46.540, 100, 28112, 32623, 200.00, 74
2026/09/21 02:26:47.541, 100, 28112, 32623, 200.03, 74
2026/09/21 02:26:48.541, 100, 28112, 32623, 199.97, 75
2026/09/21 02:26:49.541, 100, 28112, 32623, 200.00, 75
2026/09/21 02:26:50.541, 100, 28112, 32623, 200.01, 74
2026/09/21 02:26:51.542, 100, 28112, 32623, 199.98, 76
2026/09/21 02:26:52.542, 100, 28112, 32623, 199.95, 74
2026/09/21 02:26:53.542, 100, 28112, 32623, 200.02, 73
2026/09/21 02:26:54.542, 100, 28112, 32623, 199.97, 75
2026/09/21 02:26:55.543, 100, 28112, 32623, 200.03, 74
2026/09/21 02:26:56.543, 99, 28112, 32623, 199.83, 74
2026/09/21 02:26:57.543, 100, 28112, 32623, 200.20, 73
2026/09/21 02:26:58.543, 99, 28112, 32623, 199.88, 75
2026/09/21 02:26:59.543, 100, 28112, 32623, 200.01, 74
2026/09/21 02:27:00.544, 100, 28112, 32623, 200.00, 76
2026/09/21 02:27:01.544, 100, 28112, 32623, 199.97, 75
2026/09/21 02:27:02.544, 100, 28112, 32623, 199.99, 76
2026/09/21 02:27:03.544, 100, 28112, 32623, 200.01, 76
2026/09/21 02:27:04.545, 100, 28112, 32623, 199.99, 73
2026/09/21 02:27:05.545, 100, 28112, 32623, 199.99, 74
2026/09/21 02:27:06.545, 100, 28112, 32623, 200.00, 74
2026/09/21 02:27:07.545, 100, 28112, 32623, 200.01, 75
2026/09/21 02:27:08.546, 100, 28112, 32623, 200.03, 75
2026/09/21 02:27:09.546, 99, 28112, 32623, 199.80, 74
2026/09/21 02:27:10.546, 100, 28112, 32623, 200.24, 76
2026/09/21 02:27:11.546, 100, 28112, 32623, 199.97, 75
2026/09/21 02:27:12.547, 100, 28112, 32623, 200.02, 74
2026/09/21 02:27:13.547, 100, 28112, 32623, 199.96, 75
2026/09/21 02:27:14.547, 100, 28112, 32623, 200.00, 74
2026/09/21 02:27:15.547, 100, 28112, 32623, 199.99, 76
2026/09/21 02:27:16.547, 100, 28112, 32623, 199.96, 75
2026/09/21 02:27:17.548, 100, 28112, 32623, 200.01, 76
2026/09/21 02:27:18.548, 98, 28112, 32623, 199.84, 75
2026/09/21 02:27:19.548, 100, 28112, 32623, 200.07, 76
2026/09/21 02:27:20.548, 100, 28112, 32623, 200.01, 74
2026/09/21 02:27:21.548, 100, 28112, 32623, 200.01, 76
2026/09/21 02:27:22.549, 100, 28112, 32623, 199.99, 76
2026/09/21 02:27:23.549, 100, 28112, 32623, 199.98, 75
2026/09/21 02:27:24.549, 100, 28112, 32623, 199.99, 76
2026/09/21 02:27:25.549, 100, 28112, 32623, 199.94, 75
2026/09/21 02:27:26.549, 100, 28112, 32623, 200.05, 75
2026/09/21 02:27:27.550, 100, 28112, 32623, 199.99, 75
2026/09/21 02:27:28.550, 100, 28112, 32623, 200.02, 74
2026/09/21 02:27:29.550, 100, 28112, 32623, 200.00, 74
2026/09/21 02:27:30.550, 100, 28112, 32623, 200.02, 76
2026/09/21 02:27:31.551, 100, 28112, 32623, 199.99, 76
2026/09/21 02:27:32.551, 100, 28112, 32623, 199.99, 75
2026/09/21 02:27:33.551, 100, 28112, 32623, 200.02, 74
2026/09/21 02:27:34.551, 100, 28112, 32623, 200.00, 73
2026/09/21 02:27:35.551, 100, 28112, 32623, 199.99, 75
2026/09/21 02:27:36.552, 100, 28112, 32623, 199.99, 75
2026/09/21 02:27:37.552, 100, 28112, 32623, 199.99, 76
2026/09/21 02:27:38.552, 100, 28112, 32623, 199.99, 76
2026/09/21 02:27:39.552, 98, 28112, 32623, 199.77, 74
2026/09/21 02:27:40.552, 100, 28112, 32623, 200.24, 75
2026/09/21 02:27:41.553, 100, 28112, 32623, 199.94, 76
2026/09/21 02:27:42.553, 100, 28112, 32623, 200.02, 74
2026/09/21 02:27:43.553, 100, 28112, 32623, 200.01, 74
2026/09/21 02:27:44.553, 100, 28112, 32623, 199.96, 74
2026/09/21 02:27:45.554, 100, 28112, 32623, 200.07, 74
2026/09/21 02:27:46.554, 100, 28112, 32623, 200.01, 76
2026/09/21 02:27:47.554, 100, 28112, 32623, 200.00, 76
2026/09/21 02:27:48.554, 100, 28112, 32623, 199.96, 76
2026/09/21 02:27:49.555, 100, 28112, 32623, 200.00, 75
2026/09/21 02:27:50.555, 100, 28112, 32623, 200.04, 75
2026/09/21 02:27:51.555, 100, 28112, 32623, 200.00, 74
2026/09/21 02:27:52.555, 100, 28112, 32623, 200.00, 74
2026/09/21 02:27:53.556, 100, 28112, 32623, 200.07, 74
2026/09/21 02:27:54.556, 100, 28112, 32623, 199.99, 73
2026/09/21 02:27:55.556, 100, 28112, 32623, 200.02, 76
2026/09/21 02:27:56.557, 100, 28112, 32623, 199.95, 75
2026/09/21 02:27:57.557, 100, 28112, 32623, 199.95, 75
2026/09/21 02:27:58.557, 100, 28112, 32623, 200.02, 73
2026/09/21 02:27:59.557, 100, 28112, 32623, 200.01, 73
2026/09/21 02:28:00.558, 100, 28112, 32623, 200.03, 75
2026/09/21 02:28:01.558, 100, 28112, 32623, 200.02, 73
2026/09/21 02:28:02.558, 100, 28112, 32623, 199.98, 74
2026/09/21 02:28:03.558, 100, 28112, 32623, 199.99, 76
2026/09/21 02:28:04.559, 100, 28112, 32623, 199.95, 76
2026/09/21 02:28:05.559, 100, 28112, 32623, 200.04, 74
2026/09/21 02:28:06.559, 100, 28112, 32623, 199.98, 75
2026/09/21 02:28:07.559, 100, 28112, 32623, 200.00, 74
2026/09/21 02:28:08.560, 100, 28112, 32623, 200.02, 75
2026/09/21 02:28:09.560, 100, 28112, 32623, 199.98, 76
2026/09/21 02:28:10.560, 100, 28112, 32623, 200.03, 74
2026/09/21 02:28:11.560, 100, 28112, 32623, 199.99, 75
2026/09/21 02:28:12.561, 100, 28112, 32623, 200.00, 73
2026/09/21 02:28:13.561, 100, 28112, 32623, 199.99, 76
2026/09/21 02:28:14.561, 99, 28112, 32623, 199.90, 76
2026/09/21 02:28:15.561, 100, 28112, 32623, 200.11, 75
2026/09/21 02:28:16.562, 100, 28112, 32623, 199.97, 73
2026/09/21 02:28:17.562, 100, 28112, 32623, 199.99, 76
2026/09/21 02:28:18.562, 100, 28112, 32623, 199.99, 73
2026/09/21 02:28:19.562, 100, 28112, 32623, 200.00, 76
2026/09/21 02:28:20.563, 100, 28112, 32623, 199.96, 74
2026/09/21 02:28:21.563, 100, 28112, 32623, 200.00, 75
2026/09/21 02:28:22.563, 99, 28112, 32623, 199.72, 74
2026/09/21 02:28:23.564, 100, 28112, 32623, 200.15, 75
2026/09/21 02:28:24.564, 100, 28112, 32623, 200.04, 76
2026/09/21 02:28:25.564, 100, 28112, 32623, 199.99, 75
2026/09/21 02:28:26.564, 100, 28112, 32623, 200.01, 75
2026/09/21 02:28:27.565, 100, 28112, 32623, 199.99, 76
2026/09/21 02:28:28.565, 100, 28112, 32623, 199.98, 73
2026/09/21 02:28:29.565, 100, 28112, 32623, 200.00, 75
2026/09/21 02:28:30.565, 83, 28112, 32623, 197.11, 70
2026/09/21 02:28:31.566, 100, 28112, 32623, 200.12, 74
2026/09/21 02:28:32.566, 100, 28112, 32623, 199.98, 74
2026/09/21 02:28:33.566, 100, 28112, 32623, 199.93, 76
2026/09/21 02:28:34.566, 100, 28112, 32623, 199.99, 76
2026/09/21 02:28:35.567, 100, 28112, 32623, 200.04, 74
2026/09/21 02:28:36.567, 100, 28112, 32623, 200.00, 75
2026/09/21 02:28:37.567, 100, 28112, 32623, 199.96, 74
2026/09/21 02:28:38.567, 100, 28112, 32623, 200.00, 74
2026/09/21 02:28:39.568, 100, 28112, 32623, 199.99, 73
2026/09/21 02:28:40.568, 100, 28112, 32623, 199.89, 74
2026/09/21 02:28:41.568, 100, 28112, 32623, 201.81, 75
2026/09/21 02:28:42.568, 100, 28112, 32623, 200.00, 75
2026/09/21 02:28:43.569, 100, 28112, 32623, 200.04, 75
2026/09/21 02:28:44.569, 100, 28112, 32623, 199.99, 74
2026/09/21 02:28:45.569, 91, 28112, 32623, 198.25, 71
2026/09/21 02:28:46.569, 95, 28112, 32623, 199.14, 72
2026/09/21 02:28:47.570, 94, 28112, 32623, 199.72, 72
2026/09/21 02:28:48.570, 93, 28112, 32623, 199.91, 73
2026/09/21 02:28:49.570, 94, 28112, 32623, 200.17, 73
2026/09/21 02:28:50.570, 94, 28112, 32623, 200.51, 73
2026/09/21 02:28:51.570, 94, 28112, 32623, 199.94, 73
2026/09/21 02:28:52.571, 94, 28112, 32623, 199.87, 73
2026/09/21 02:28:53.571, 95, 28112, 32623, 199.91, 73
2026/09/21 02:28:54.571, 94, 28112, 32623, 199.92, 72
2026/09/21 02:28:55.571, 95, 28112, 32623, 199.95, 72
2026/09/21 02:28:56.572, 100, 28112, 32623, 200.79, 72
2026/09/21 02:28:57.572, 100, 28112, 32623, 200.06, 72
2026/09/21 02:28:58.572, 100, 28112, 32623, 199.99, 73
2026/09/21 02:28:59.572, 98, 28112, 32623, 201.21, 73
2026/09/21 02:29:00.573, 98, 28112, 32623, 199.97, 73
2026/09/21 02:29:01.573, 97, 28112, 32623, 199.61, 72
2026/09/21 02:29:02.573, 97, 28112, 32623, 199.93, 71
2026/09/21 02:29:03.573, 100, 28112, 32623, 199.98, 73
2026/09/21 02:29:04.574, 100, 28112, 32623, 200.01, 72
2026/09/21 02:29:05.574, 100, 28112, 32623, 199.97, 72
2026/09/21 02:29:06.574, 100, 28112, 32623, 199.97, 72
2026/09/21 02:29:07.574, 100, 28112, 32623, 199.99, 74
2026/09/21 02:29:08.575, 100, 28112, 32623, 200.01, 73
2026/09/21 02:29:09.575, 100, 28112, 32623, 162.52, 71
2026/09/21 02:29:10.575, 98, 28112, 32623, 201.13, 72
2026/09/21 02:29:11.575, 100, 28112, 32623, 200.00, 73
2026/09/21 02:29:12.576, 100, 28112, 32623, 200.00, 73
2026/09/21 02:29:13.576, 100, 28112, 32623, 199.97, 73
2026/09/21 02:29:14.576, 21, 28112, 32623, 130.12, 62
2026/09/21 02:29:15.576, 100, 28112, 32623, 193.60, 72
2026/09/21 02:29:16.576, 100, 28112, 32623, 200.01, 74
2026/09/21 02:29:17.577, 100, 28112, 32623, 200.02, 74
2026/09/21 02:29:18.577, 100, 28112, 32623, 200.00, 74
2026/09/21 02:29:19.577, 0, 28112, 32623, 178.03, 65
2026/09/21 02:29:20.577, 100, 28112, 32623, 192.10, 73
2026/09/21 02:29:21.578, 100, 28112, 32623, 200.00, 73
2026/09/21 02:29:22.578, 100, 28112, 32623, 200.00, 74
2026/09/21 02:29:23.578, 100, 28112, 32623, 199.92, 74
2026/09/21 02:29:24.578, 100, 28112, 32623, 200.11, 73
2026/09/21 02:29:25.579, 100, 28112, 32623, 199.99, 73
2026/09/21 02:29:26.579, 100, 28112, 32623, 199.99, 73
2026/09/21 02:29:27.579, 100, 28112, 32623, 199.92, 73
2026/09/21 02:29:28.579, 100, 28112, 32623, 200.06, 72
2026/09/21 02:29:29.580, 100, 28112, 32623, 199.99, 73
2026/09/21 02:29:30.580, 100, 28112, 32623, 200.01, 73
2026/09/21 02:29:31.580, 100, 28112, 32623, 199.95, 73
2026/09/21 02:29:32.580, 100, 28112, 32623, 200.04, 75
2026/09/21 02:29:33.581, 100, 28112, 32623, 199.97, 75
2026/09/21 02:29:34.581, 100, 28112, 32623, 200.01, 74
2026/09/21 02:29:35.581, 99, 28112, 32623, 199.86, 74
2026/09/21 02:29:36.581, 100, 28112, 32623, 200.20, 74
2026/09/21 02:29:37.582, 100, 28112, 32623, 199.99, 73
2026/09/21 02:29:38.582, 100, 28112, 32623, 199.87, 75
2026/09/21 02:29:39.582, 100, 28112, 32623, 202.31, 73
2026/09/21 02:29:40.583, 100, 28112, 32623, 200.00, 74
2026/09/21 02:29:41.583, 100, 28112, 32623, 199.95, 73
2026/09/21 02:29:42.583, 100, 28112, 32623, 200.03, 73
2026/09/21 02:29:43.583, 100, 28112, 32623, 200.01, 74
2026/09/21 02:29:44.584, 100, 28112, 32623, 199.93, 75
2026/09/21 02:29:45.584, 100, 28112, 32623, 200.07, 73
2026/09/21 02:29:46.584, 100, 28112, 32623, 200.00, 74
2026/09/21 02:29:47.585, 100, 28112, 32623, 199.99, 74
2026/09/21 02:29:48.585, 100, 28112, 32623, 199.97, 74
2026/09/21 02:29:49.585, 100, 28112, 32623, 199.99, 74
2026/09/21 02:29:50.585, 100, 28112, 32623, 199.95, 76
2026/09/21 02:29:51.586, 100, 28112, 32623, 200.09, 74
2026/09/21 02:29:52.586, 100, 28112, 32623, 200.02, 74
2026/09/21 02:29:53.586, 98, 28112, 32623, 199.89, 74
2026/09/21 02:29:54.586, 100, 28112, 32623, 200.19, 75
2026/09/21 02:29:55.587, 100, 28112, 32623, 200.01, 75
2026/09/21 02:29:56.587, 100, 28112, 32623, 200.01, 74
2026/09/21 02:29:57.587, 100, 28112, 32623, 199.99, 75
2026/09/21 02:29:58.588, 100, 28112, 32623, 199.96, 74
2026/09/21 02:29:59.588, 100, 28112, 32623, 200.02, 75
2026/09/21 02:30:00.588, 100, 28112, 32623, 200.01, 74
2026/09/21 02:30:01.588, 99, 28112, 32623, 199.82, 75
2026/09/21 02:30:02.589, 100, 28127, 32623, 200.18, 76
2026/09/21 02:30:03.592, 100, 28112, 32623, 199.99, 74
2026/09/21 02:30:04.593, 100, 28112, 32623, 200.01, 75
2026/09/21 02:30:05.593, 100, 28112, 32623, 199.99, 74
2026/09/21 02:30:06.593, 98, 28112, 32623, 199.54, 76
2026/09/21 02:30:07.593, 100, 28112, 32623, 199.98, 75
2026/09/21 02:30:08.594, 100, 28112, 32623, 199.98, 76
2026/09/21 02:30:09.594, 100, 28112, 32623, 200.02, 75
2026/09/21 02:30:10.594, 100, 28112, 32623, 200.03, 76
2026/09/21 02:30:11.594, 100, 28112, 32623, 199.99, 74
2026/09/21 02:30:12.595, 100, 28112, 32623, 200.00, 74
2026/09/21 02:30:13.595, 100, 28112, 32623, 199.92, 73
2026/09/21 02:30:14.595, 100, 28112, 32623, 200.04, 75
2026/09/21 02:30:15.595, 100, 28112, 32623, 199.97, 74
2026/09/21 02:30:16.596, 100, 28112, 32623, 200.01, 74
2026/09/21 02:30:17.596, 100, 28112, 32623, 200.00, 76
2026/09/21 02:30:18.596, 100, 28112, 32623, 199.99, 76
2026/09/21 02:30:19.596, 100, 28112, 32623, 200.01, 76
2026/09/21 02:30:20.597, 98, 28112, 32623, 199.82, 76
2026/09/21 02:30:21.597, 100, 28112, 32623, 200.16, 75
2026/09/21 02:30:22.597, 100, 28112, 32623, 199.98, 74
2026/09/21 02:30:23.597, 100, 28112, 32623, 200.02, 74
2026/09/21 02:30:24.598, 100, 28112, 32623, 199.98, 76
2026/09/21 02:30:25.598, 100, 28112, 32623, 200.02, 75
2026/09/21 02:30:26.598, 100, 28112, 32623, 200.00, 74
2026/09/21 02:30:27.598, 100, 28112, 32623, 199.99, 73
2026/09/21 02:30:28.599, 100, 28112, 32623, 199.99, 75
2026/09/21 02:30:29.599, 100, 28112, 32623, 200.00, 74
2026/09/21 02:30:30.599, 100, 28112, 32623, 200.00, 75
2026/09/21 02:30:31.599, 81, 28112, 32623, 196.95, 72
2026/09/21 02:30:32.600, 100, 28112, 32623, 203.35, 75
2026/09/21 02:30:33.600, 98, 28112, 32623, 199.89, 76
2026/09/21 02:30:34.600, 100, 28112, 32623, 200.11, 75
2026/09/21 02:30:35.600, 100, 28112, 32623, 199.96, 76
2026/09/21 02:30:36.601, 100, 28112, 32623, 200.06, 74
2026/09/21 02:30:37.601, 100, 28112, 32623, 199.97, 73
2026/09/21 02:30:38.601, 100, 28112, 32623, 200.04, 75
2026/09/21 02:30:39.601, 100, 28112, 32623, 199.99, 75
2026/09/21 02:30:40.601, 100, 28112, 32623, 199.99, 74
2026/09/21 02:30:41.602, 100, 28112, 32623, 199.99, 74
2026/09/21 02:30:42.602, 100, 28112, 32623, 200.00, 76
2026/09/21 02:30:43.602, 100, 28112, 32623, 199.98, 76
2026/09/21 02:30:44.602, 100, 28112, 32623, 200.01, 75
2026/09/21 02:30:45.603, 100, 28112, 32623, 199.97, 76
2026/09/21 02:30:46.603, 100, 28112, 32623, 200.03, 74
2026/09/21 02:30:47.603, 100, 28112, 32623, 200.00, 75
2026/09/21 02:30:48.603, 100, 28112, 32623, 200.01, 73
2026/09/21 02:30:49.604, 100, 28112, 32623, 200.00, 76
2026/09/21 02:30:50.604, 100, 28112, 32623, 200.00, 74
2026/09/21 02:30:51.604, 100, 28112, 32623, 200.01, 76
2026/09/21 02:30:52.604, 100, 28112, 32623, 200.02, 76
2026/09/21 02:30:53.605, 100, 28112, 32623, 199.99, 74
2026/09/21 02:30:54.605, 100, 28112, 32623, 199.99, 76
2026/09/21 02:30:55.605, 100, 28112, 32623, 200.00, 74
2026/09/21 02:30:56.605, 100, 28112, 32623, 199.99, 74
2026/09/21 02:30:57.605, 100, 28112, 32623, 200.05, 75
2026/09/21 02:30:58.606, 100, 28112, 32623, 200.01, 76
2026/09/21 02:30:59.606, 100, 28112, 32623, 199.99, 74
2026/09/21 02:31:00.606, 100, 28112, 32623, 200.06, 75
2026/09/21 02:31:01.606, 100, 28112, 32623, 199.96, 74
2026/09/21 02:31:02.606, 100, 28112, 32623, 199.99, 74
2026/09/21 02:31:03.607, 100, 28112, 32623, 199.88, 76
2026/09/21 02:31:04.607, 100, 28112, 32623, 200.13, 74
2026/09/21 02:31:05.607, 99, 28112, 32623, 199.86, 74
2026/09/21 02:31:06.607, 100, 28112, 32623, 200.00, 74
2026/09/21 02:31:07.608, 100, 28112, 32623, 200.00, 74
2026/09/21 02:31:08.608, 100, 28112, 32623, 199.99, 74
2026/09/21 02:31:09.608, 100, 28112, 32623, 200.03, 75
2026/09/21 02:31:10.608, 100, 28112, 32623, 200.01, 74
2026/09/21 02:31:11.608, 100, 28112, 32623, 200.01, 76
2026/09/21 02:31:12.609, 100, 28112, 32623, 199.98, 76
2026/09/21 02:31:13.609, 100, 28112, 32623, 199.98, 75
2026/09/21 02:31:14.609, 100, 28112, 32623, 199.96, 74
2026/09/21 02:31:15.609, 100, 28112, 32623, 200.03, 75
2026/09/21 02:31:16.610, 100, 28112, 32623, 199.97, 75
2026/09/21 02:31:17.610, 100, 28112, 32623, 200.17, 76
2026/09/21 02:31:18.611, 99, 28112, 32623, 199.87, 75
2026/09/21 02:31:19.611, 100, 28112, 32623, 200.18, 76
2026/09/21 02:31:20.611, 100, 28112, 32623, 199.99, 75
2026/09/21 02:31:21.612, 100, 28112, 32623, 199.96, 74
2026/09/21 02:31:22.613, 100, 28112, 32623, 200.01, 76
2026/09/21 02:31:23.613, 100, 28112, 32623, 199.98, 74
2026/09/21 02:31:24.614, 100, 28112, 32623, 200.04, 76
2026/09/21 02:31:25.614, 100, 28112, 32623, 199.86, 76
2026/09/21 02:31:26.615, 100, 28112, 32623, 200.01, 76
2026/09/21 02:31:27.615, 99, 28112, 32623, 199.82, 76
2026/09/21 02:31:28.615, 100, 28112, 32623, 200.17, 76
2026/09/21 02:31:29.615, 100, 28112, 32623, 199.97, 74
2026/09/21 02:31:30.616, 100, 28112, 32623, 199.99, 76
2026/09/21 02:31:31.616, 100, 28112, 32623, 200.03, 76
2026/09/21 02:31:32.616, 100, 28112, 32623, 199.98, 76
2026/09/21 02:31:33.616, 100, 28112, 32623, 200.04, 76
2026/09/21 02:31:34.617, 99, 28112, 32623, 199.89, 76
2026/09/21 02:31:35.617, 100, 28112, 32623, 200.09, 76
2026/09/21 02:31:36.617, 100, 28112, 32623, 200.04, 76
2026/09/21 02:31:37.617, 100, 28112, 32623, 200.01, 74
2026/09/21 02:31:38.617, 100, 28112, 32623, 199.93, 74
2026/09/21 02:31:39.618, 100, 28112, 32623, 199.60, 76
2026/09/21 02:31:40.618, 100, 28112, 32623, 200.11, 76
2026/09/21 02:31:41.618, 98, 28112, 32623, 199.60, 76
2026/09/21 02:31:42.618, 100, 28112, 32623, 200.46, 75
2026/09/21 02:31:43.619, 100, 28112, 32623, 200.01, 74
2026/09/21 02:31:44.619, 100, 28112, 32623, 200.06, 76
2026/09/21 02:31:45.619, 100, 28112, 32623, 199.99, 76
2026/09/21 02:31:46.619, 100, 28112, 32623, 199.97, 76
2026/09/21 02:31:47.620, 100, 28112, 32623, 199.99, 76
2026/09/21 02:31:48.620, 100, 28112, 32623, 200.02, 76
2026/09/21 02:31:49.620, 100, 28112, 32623, 200.05, 75
2026/09/21 02:31:50.620, 100, 28112, 32623, 199.99, 76
2026/09/21 02:31:51.621, 100, 28112, 32623, 200.00, 74
2026/09/21 02:31:52.621, 100, 28112, 32623, 199.98, 75
2026/09/21 02:31:53.621, 99, 28112, 32623, 199.85, 74
2026/09/21 02:31:54.621, 100, 28112, 32623, 200.18, 74
2026/09/21 02:31:55.622, 100, 28112, 32623, 199.97, 76
2026/09/21 02:31:56.622, 100, 28112, 32623, 200.02, 76
2026/09/21 02:31:57.622, 100, 28112, 32623, 200.01, 76
2026/09/21 02:31:58.622, 100, 28112, 32623, 199.97, 75
2026/09/21 02:31:59.623, 100, 28112, 32623, 200.18, 76
2026/09/21 02:32:00.624, 100, 28112, 32623, 200.04, 74
2026/09/21 02:32:01.624, 100, 28112, 32623, 199.99, 75
2026/09/21 02:32:02.624, 100, 28112, 32623, 200.02, 74
2026/09/21 02:32:03.625, 100, 28112, 32623, 199.96, 74
2026/09/21 02:32:04.625, 100, 28112, 32623, 200.02, 76
2026/09/21 02:32:05.625, 100, 28112, 32623, 199.99, 75
2026/09/21 02:32:06.626, 100, 28112, 32623, 199.97, 75
2026/09/21 02:32:07.626, 100, 28112, 32623, 199.98, 74
2026/09/21 02:32:08.626, 100, 28112, 32623, 199.95, 75
2026/09/21 02:32:09.626, 100, 28112, 32623, 200.01, 76
2026/09/21 02:32:10.627, 100, 28112, 32623, 200.00, 75
2026/09/21 02:32:11.627, 100, 28112, 32623, 199.99, 75
2026/09/21 02:32:12.627, 100, 28112, 32623, 200.00, 76
2026/09/21 02:32:13.627, 100, 28112, 32623, 199.94, 76
2026/09/21 02:32:14.627, 100, 28112, 32623, 200.05, 75
2026/09/21 02:32:15.628, 100, 28112, 32623, 200.00, 75
2026/09/21 02:32:16.628, 100, 28112, 32623, 199.99, 74
2026/09/21 02:32:17.628, 100, 28112, 32623, 199.99, 76
2026/09/21 02:32:18.628, 100, 28112, 32623, 199.91, 76
2026/09/21 02:32:19.629, 100, 28112, 32623, 200.10, 75
2026/09/21 02:32:20.629, 100, 28112, 32623, 199.99, 75
2026/09/21 02:32:21.630, 100, 28112, 32623, 199.99, 73
2026/09/21 02:32:22.630, 100, 28112, 32623, 200.02, 76
2026/09/21 02:32:23.630, 100, 28112, 32623, 200.02, 74
2026/09/21 02:32:24.630, 100, 28112, 32623, 200.00, 76
2026/09/21 02:32:25.631, 100, 28112, 32623, 200.02, 75
2026/09/21 02:32:26.631, 100, 28112, 32623, 199.96, 76
2026/09/21 02:32:27.631, 100, 28112, 32623, 200.13, 74
2026/09/21 02:32:28.631, 100, 28112, 32623, 199.96, 76
2026/09/21 02:32:29.632, 100, 28112, 32623, 200.02, 74
2026/09/21 02:32:30.632, 100, 28112, 32623, 199.98, 75
2026/09/21 02:32:31.632, 100, 28112, 32623, 200.00, 76
2026/09/21 02:32:32.633, 100, 28112, 32623, 200.04, 74
2026/09/21 02:32:33.634, 100, 28112, 32623, 199.99, 76
2026/09/21 02:32:34.634, 100, 28112, 32623, 199.98, 75
2026/09/21 02:32:35.634, 100, 28112, 32623, 200.02, 74
2026/09/21 02:32:36.634, 100, 28112, 32623, 199.97, 76
2026/09/21 02:32:37.635, 100, 28112, 32623, 200.01, 76
2026/09/21 02:32:38.635, 100, 28112, 32623, 199.99, 74
2026/09/21 02:32:39.635, 100, 28112, 32623, 199.98, 76
2026/09/21 02:32:40.635, 100, 28112, 32623, 199.99, 76
2026/09/21 02:32:41.635, 100, 28112, 32623, 199.98, 76
2026/09/21 02:32:42.636, 99, 28112, 32623, 199.77, 74
2026/09/21 02:32:43.636, 100, 28112, 32623, 200.07, 76
2026/09/21 02:32:44.636, 100, 28112, 32623, 200.00, 76
2026/09/21 02:32:45.636, 100, 28112, 32623, 199.93, 74
2026/09/21 02:32:46.637, 100, 28112, 32623, 200.06, 76
2026/09/21 02:32:47.637, 100, 28112, 32623, 199.96, 76
2026/09/21 02:32:48.637, 100, 28112, 32623, 199.99, 76
2026/09/21 02:32:49.637, 100, 28112, 32623, 199.93, 76
2026/09/21 02:32:50.638, 100, 28112, 32623, 200.00, 76
2026/09/21 02:32:51.638, 100, 28112, 32623, 200.01, 75
2026/09/21 02:32:52.638, 100, 28112, 32623, 200.02, 75
2026/09/21 02:32:53.638, 100, 28112, 32623, 199.98, 76
2026/09/21 02:32:54.638, 100, 28112, 32623, 200.01, 75
2026/09/21 02:32:55.639, 95, 28112, 32623, 199.31, 74
2026/09/21 02:32:56.639, 95, 28112, 32623, 199.79, 73
2026/09/21 02:32:57.640, 95, 28112, 32623, 199.89, 73
2026/09/21 02:32:58.640, 95, 28112, 32623, 200.01, 73
2026/09/21 02:32:59.641, 93, 28112, 32623, 199.76, 73
2026/09/21 02:33:00.641, 95, 28112, 32623, 199.89, 72
2026/09/21 02:33:01.641, 95, 28112, 32623, 200.18, 72
2026/09/21 02:33:02.641, 95, 28112, 32623, 200.04, 73
2026/09/21 02:33:03.642, 95, 28112, 32623, 199.99, 74
2026/09/21 02:33:04.642, 95, 28112, 32623, 200.03, 73
2026/09/21 02:33:05.642, 91, 28112, 32623, 199.51, 73
2026/09/21 02:33:06.642, 97, 28112, 32623, 200.71, 71
2026/09/21 02:33:07.642, 100, 28112, 32623, 199.99, 73
2026/09/21 02:33:08.643, 100, 28112, 32623, 199.98, 73
2026/09/21 02:33:09.643, 100, 28112, 32623, 200.00, 73
2026/09/21 02:33:10.643, 100, 28112, 32623, 199.99, 74
2026/09/21 02:33:11.643, 100, 28112, 32623, 200.00, 73
2026/09/21 02:33:12.644, 100, 28112, 32623, 199.99, 73
2026/09/21 02:33:13.644, 100, 28112, 32623, 200.00, 73
2026/09/21 02:33:14.644, 100, 28112, 32623, 199.99, 73
2026/09/21 02:33:15.644, 100, 28112, 32623, 200.00, 74
2026/09/21 02:33:16.645, 100, 28112, 32623, 200.00, 73
2026/09/21 02:33:17.645, 100, 28112, 32623, 199.98, 73
2026/09/21 02:33:18.645, 0, 28112, 32623, 167.09, 65
2026/09/21 02:33:19.645, 100, 28112, 32623, 196.75, 73
2026/09/21 02:33:20.645, 100, 28112, 32623, 200.02, 73
2026/09/21 02:33:21.646, 100, 28112, 32623, 199.98, 75
2026/09/21 02:33:22.646, 100, 28112, 32623, 200.02, 73
2026/09/21 02:33:23.646, 0, 28112, 32623, 159.08, 64
2026/09/21 02:33:24.646, 100, 28112, 32623, 174.33, 73
2026/09/21 02:33:25.647, 100, 28112, 32623, 199.97, 73
2026/09/21 02:33:26.647, 100, 28112, 32623, 200.02, 74
2026/09/21 02:33:27.647, 100, 28112, 32623, 199.95, 74
2026/09/21 02:33:28.647, 100, 28112, 32623, 200.08, 73
2026/09/21 02:33:29.648, 100, 28112, 32623, 170.22, 73
2026/09/21 02:33:30.648, 100, 28112, 32623, 199.98, 73
2026/09/21 02:33:31.648, 100, 28112, 32623, 199.90, 74
2026/09/21 02:33:32.648, 100, 28112, 32623, 200.05, 73
2026/09/21 02:33:33.648, 100, 28112, 32623, 199.98, 74
2026/09/21 02:33:34.649, 100, 28112, 32623, 200.07, 74
2026/09/21 02:33:35.649, 100, 28112, 32623, 200.01, 74
2026/09/21 02:33:36.649, 99, 28112, 32623, 199.82, 75
2026/09/21 02:33:37.650, 100, 28112, 32623, 199.99, 73
2026/09/21 02:33:38.650, 100, 28112, 32623, 200.01, 73
2026/09/21 02:33:39.650, 100, 28112, 32623, 200.00, 74
2026/09/21 02:33:40.651, 100, 28112, 32623, 200.00, 73
2026/09/21 02:33:41.651, 100, 28112, 32623, 200.01, 75
2026/09/21 02:33:42.651, 100, 28112, 32623, 199.71, 75
2026/09/21 02:33:43.651, 100, 28112, 32623, 199.94, 74
2026/09/21 02:33:44.652, 100, 28112, 32623, 200.07, 74
2026/09/21 02:33:45.652, 100, 28112, 32623, 200.01, 74
2026/09/21 02:33:46.652, 100, 28112, 32623, 199.94, 74
2026/09/21 02:33:47.652, 100, 28112, 32623, 200.05, 75
2026/09/21 02:33:48.652, 100, 28112, 32623, 199.99, 74
2026/09/21 02:33:49.653, 100, 28112, 32623, 200.00, 74
2026/09/21 02:33:50.653, 100, 28112, 32623, 200.01, 75
2026/09/21 02:33:51.653, 100, 28112, 32623, 200.00, 74
2026/09/21 02:33:52.653, 100, 28112, 32623, 199.99, 76
2026/09/21 02:33:53.654, 99, 28112, 32623, 199.87, 75
2026/09/21 02:33:54.654, 100, 28112, 32623, 200.12, 74
2026/09/21 02:33:55.654, 100, 28112, 32623, 200.01, 75
2026/09/21 02:33:56.654, 99, 28112, 32623, 199.79, 74
2026/09/21 02:33:57.655, 100, 28112, 32623, 200.23, 75
2026/09/21 02:33:58.655, 100, 28112, 32623, 199.99, 74
2026/09/21 02:33:59.655, 100, 28112, 32623, 200.04, 76
2026/09/21 02:34:00.655, 100, 28112, 32623, 200.00, 74
2026/09/21 02:34:01.655, 100, 28112, 32623, 199.94, 74
2026/09/21 02:34:02.656, 100, 28112, 32623, 199.99, 76
2026/09/21 02:34:03.656, 100, 28112, 32623, 199.99, 75
2026/09/21 02:34:04.656, 100, 28112, 32623, 199.93, 74
2026/09/21 02:34:05.656, 100, 28112, 32623, 200.05, 75
2026/09/21 02:34:06.657, 100, 28112, 32623, 199.98, 76
2026/09/21 02:34:07.657, 100, 28112, 32623, 200.00, 74
2026/09/21 02:34:08.657, 100, 28112, 32623, 200.00, 75
2026/09/21 02:34:09.657, 100, 28112, 32623, 200.00, 74
2026/09/21 02:34:10.658, 100, 28112, 32623, 200.01, 75
2026/09/21 02:34:11.658, 100, 28112, 32623, 199.99, 76
2026/09/21 02:34:12.658, 94, 28112, 32623, 199.40, 74
2026/09/21 02:34:13.658, 100, 28112, 32623, 200.67, 75
2026/09/21 02:34:14.659, 100, 28112, 32623, 199.98, 74
2026/09/21 02:34:15.659, 100, 28112, 32623, 200.01, 74
2026/09/21 02:34:16.659, 100, 28112, 32623, 199.99, 74
2026/09/21 02:34:17.660, 99, 28112, 32623, 199.85, 74
2026/09/21 02:34:18.660, 100, 28112, 32623, 199.98, 74
2026/09/21 02:34:19.660, 100, 28112, 32623, 199.98, 75
2026/09/21 02:34:20.660, 100, 28112, 32623, 200.01, 75
2026/09/21 02:34:21.661, 100, 28112, 32623, 200.01, 75
2026/09/21 02:34:22.661, 100, 28112, 32623, 200.00, 76
2026/09/21 02:34:23.661, 100, 28112, 32623, 200.00, 74
2026/09/21 02:34:24.661, 95, 28112, 32623, 199.43, 74
2026/09/21 02:34:25.662, 100, 28112, 32623, 200.09, 76
2026/09/21 02:34:26.662, 100, 28112, 32623, 200.07, 76
2026/09/21 02:34:27.662, 100, 28112, 32623, 200.10, 76
2026/09/21 02:34:28.662, 100, 28112, 32623, 199.98, 74
2026/09/21 02:34:29.663, 100, 28112, 32623, 200.01, 76
2026/09/21 02:34:30.663, 100, 28112, 32623, 200.00, 74
2026/09/21 02:34:31.663, 100, 28112, 32623, 199.99, 76
2026/09/21 02:34:32.663, 100, 28112, 32623, 200.02, 74
2026/09/21 02:34:33.663, 88, 28112, 32623, 199.30, 75
2026/09/21 02:34:34.664, 100, 28112, 32623, 200.73, 74
2026/09/21 02:34:35.664, 100, 28112, 32623, 199.89, 76
2026/09/21 02:34:36.664, 100, 28112, 32623, 200.02, 76
2026/09/21 02:34:37.665, 100, 28112, 32623, 200.04, 74
2026/09/21 02:34:38.665, 100, 28112, 32623, 200.01, 75
2026/09/21 02:34:39.665, 100, 28112, 32623, 199.98, 74
2026/09/21 02:34:40.665, 100, 28112, 32623, 199.99, 74
2026/09/21 02:34:41.666, 100, 28112, 32623, 199.99, 74
2026/09/21 02:34:42.666, 100, 28112, 32623, 200.02, 76
2026/09/21 02:34:43.666, 100, 28112, 32623, 199.98, 74
2026/09/21 02:34:44.666, 100, 28112, 32623, 200.01, 74
2026/09/21 02:34:45.667, 100, 28112, 32623, 199.96, 75
2026/09/21 02:34:46.667, 100, 28112, 32623, 199.97, 76
2026/09/21 02:34:47.667, 100, 28112, 32623, 200.01, 76
2026/09/21 02:34:48.667, 98, 28112, 32623, 199.78, 76
2026/09/21 02:34:49.668, 100, 28112, 32623, 200.26, 75
2026/09/21 02:34:50.668, 98, 28112, 32623, 199.58, 77
2026/09/21 02:34:51.668, 100, 28112, 32623, 199.99, 75
2026/09/21 02:34:52.669, 99, 28112, 32623, 199.90, 75
2026/09/21 02:34:53.669, 100, 28112, 32623, 200.11, 76
2026/09/21 02:34:54.669, 98, 28112, 32623, 199.81, 74
2026/09/21 02:34:55.669, 100, 28112, 32623, 200.19, 76
2026/09/21 02:34:56.670, 100, 28112, 32623, 199.97, 76
2026/09/21 02:34:57.670, 100, 28112, 32623, 200.01, 76
2026/09/21 02:34:58.670, 98, 28112, 32623, 199.85, 75
2026/09/21 02:34:59.670, 100, 28112, 32623, 200.07, 76
2026/09/21 02:35:00.671, 98, 28112, 32623, 199.88, 75
2026/09/21 02:35:01.671, 100, 28112, 32623, 200.15, 75
2026/09/21 02:35:02.671, 98, 28112, 32623, 199.58, 76
2026/09/21 02:35:03.671, 100, 28112, 32623, 199.99, 75
2026/09/21 02:35:04.672, 98, 28112, 32623, 199.50, 76
2026/09/21 02:35:05.672, 100, 28112, 32623, 200.49, 76
2026/09/21 02:35:06.672, 100, 28112, 32623, 199.99, 76
2026/09/21 02:35:07.672, 100, 28112, 32623, 200.01, 74
2026/09/21 02:35:08.673, 100, 28112, 32623, 199.97, 76
2026/09/21 02:35:09.673, 100, 28112, 32623, 199.96, 74
2026/09/21 02:35:10.673, 100, 28112, 32623, 200.01, 74
2026/09/21 02:35:11.673, 100, 28112, 32623, 200.01, 76
2026/09/21 02:35:12.674, 100, 28112, 32623, 199.98, 76
2026/09/21 02:35:13.674, 100, 28112, 32623, 200.03, 76
2026/09/21 02:35:14.674, 100, 28112, 32623, 199.99, 75
2026/09/21 02:35:15.675, 100, 28112, 32623, 199.91, 76
2026/09/21 02:35:16.675, 100, 28112, 32623, 199.98, 76
2026/09/21 02:35:17.675, 100, 28112, 32623, 199.99, 76
2026/09/21 02:35:18.675, 100, 28112, 32623, 200.00, 74
2026/09/21 02:35:19.675, 100, 28112, 32623, 199.97, 74
2026/09/21 02:35:20.676, 100, 28112, 32623, 200.04, 75
2026/09/21 02:35:21.676, 98, 28112, 32623, 199.88, 74
2026/09/21 02:35:22.676, 100, 28112, 32623, 200.09, 76
2026/09/21 02:35:23.676, 100, 28112, 32623, 199.99, 76
2026/09/21 02:35:24.676, 100, 28112, 32623, 199.99, 74
2026/09/21 02:35:25.677, 100, 28112, 32623, 200.05, 75
2026/09/21 02:35:26.677, 100, 28112, 32623, 200.02, 76
2026/09/21 02:35:27.677, 100, 28112, 32623, 199.99, 74
2026/09/21 02:35:28.677, 100, 28112, 32623, 200.01, 74
2026/09/21 02:35:29.678, 100, 28112, 32623, 200.00, 76
2026/09/21 02:35:30.678, 100, 28112, 32623, 199.97, 76
2026/09/21 02:35:31.678, 100, 28112, 32623, 199.95, 76
2026/09/21 02:35:32.678, 98, 28112, 32623, 199.92, 76
2026/09/21 02:35:33.679, 100, 28112, 32623, 199.99, 74
2026/09/21 02:35:34.679, 100, 28112, 32623, 200.04, 76
2026/09/21 02:35:35.679, 100, 28112, 32623, 199.98, 74
2026/09/21 02:35:36.679, 100, 28112, 32623, 200.03, 76
2026/09/21 02:35:37.679, 100, 28112, 32623, 199.99, 74
2026/09/21 02:35:38.680, 100, 28112, 32623, 199.99, 76
2026/09/21 02:35:39.680, 100, 28112, 32623, 199.99, 75
2026/09/21 02:35:40.680, 100, 28112, 32623, 200.27, 74
2026/09/21 02:35:41.680, 100, 28112, 32623, 199.92, 76
2026/09/21 02:35:42.681, 100, 28112, 32623, 200.08, 75
2026/09/21 02:35:43.681, 100, 28112, 32623, 199.97, 75
2026/09/21 02:35:44.681, 100, 28112, 32623, 199.99, 76
2026/09/21 02:35:45.681, 100, 28112, 32623, 200.01, 76
2026/09/21 02:35:46.682, 100, 28112, 32623, 200.04, 75
2026/09/21 02:35:47.682, 100, 28112, 32623, 200.01, 76
2026/09/21 02:35:48.682, 99, 28112, 32623, 197.37, 72
2026/09/21 02:35:49.682, 100, 28112, 32623, 202.86, 75
2026/09/21 02:35:50.683, 100, 28112, 32623, 200.01, 76
2026/09/21 02:35:51.683, 100, 28112, 32623, 199.99, 75
2026/09/21 02:35:52.683, 100, 28112, 32623, 199.99, 76
2026/09/21 02:35:53.683, 100, 28112, 32623, 200.01, 76
2026/09/21 02:35:54.684, 100, 28112, 32623, 199.99, 76
2026/09/21 02:35:55.684, 100, 28112, 32623, 199.98, 76
2026/09/21 02:35:56.684, 100, 28112, 32623, 199.97, 74
2026/09/21 02:35:57.684, 100, 28112, 32623, 199.98, 74
2026/09/21 02:35:58.684, 100, 28112, 32623, 199.99, 75
2026/09/21 02:35:59.685, 100, 28112, 32623, 200.02, 74
2026/09/21 02:36:00.685, 100, 28112, 32623, 199.77, 74
2026/09/21 02:36:01.685, 100, 28112, 32623, 200.21, 74
2026/09/21 02:36:02.685, 100, 28112, 32623, 200.02, 74
2026/09/21 02:36:03.686, 100, 28112, 32623, 199.99, 75
2026/09/21 02:36:04.686, 100, 28112, 32623, 200.01, 75
2026/09/21 02:36:05.686, 99, 28112, 32623, 199.97, 75
2026/09/21 02:36:06.686, 100, 28112, 32623, 200.11, 75
2026/09/21 02:36:07.687, 100, 28112, 32623, 200.02, 76
2026/09/21 02:36:08.687, 100, 28112, 32623, 199.97, 75
2026/09/21 02:36:09.687, 100, 28112, 32623, 200.00, 76
2026/09/21 02:36:10.687, 100, 28112, 32623, 200.01, 76
2026/09/21 02:36:11.688, 100, 28112, 32623, 200.01, 76
2026/09/21 02:36:12.688, 100, 28112, 32623, 199.98, 74
2026/09/21 02:36:13.688, 100, 28112, 32623, 200.03, 74
2026/09/21 02:36:14.688, 100, 28112, 32623, 199.99, 76
2026/09/21 02:36:15.688, 100, 28112, 32623, 199.96, 76
2026/09/21 02:36:16.689, 100, 28112, 32623, 200.01, 76
2026/09/21 02:36:17.689, 100, 28112, 32623, 200.00, 74
2026/09/21 02:36:18.690, 100, 28112, 32623, 200.02, 75
2026/09/21 02:36:19.690, 100, 28112, 32623, 200.01, 76
2026/09/21 02:36:20.690, 100, 28112, 32623, 199.98, 74
2026/09/21 02:36:21.690, 100, 28112, 32623, 200.04, 76
2026/09/21 02:36:22.691, 100, 28112, 32623, 199.99, 76
2026/09/21 02:36:23.691, 100, 28112, 32623, 199.96, 76
2026/09/21 02:36:24.691, 100, 28112, 32623, 199.99, 76
2026/09/21 02:36:25.691, 99, 28112, 32623, 199.93, 76
2026/09/21 02:36:26.692, 100, 28112, 32623, 200.06, 75
2026/09/21 02:36:27.692, 100, 28112, 32623, 199.99, 76
2026/09/21 02:36:28.692, 100, 28112, 32623, 199.98, 76
2026/09/21 02:36:29.692, 100, 28112, 32623, 199.96, 76
2026/09/21 02:36:30.693, 100, 28112, 32623, 199.88, 76
2026/09/21 02:36:31.693, 100, 28112, 32623, 200.15, 75
2026/09/21 02:36:32.693, 100, 28112, 32623, 200.00, 76
2026/09/21 02:36:33.693, 100, 28112, 32623, 200.00, 74
2026/09/21 02:36:34.694, 100, 28112, 32623, 200.02, 76
2026/09/21 02:36:35.694, 100, 28112, 32623, 199.98, 76
2026/09/21 02:36:36.694, 100, 28112, 32623, 200.00, 76
2026/09/21 02:36:37.695, 100, 28112, 32623, 200.02, 76
2026/09/21 02:36:38.695, 100, 28112, 32623, 199.96, 77
2026/09/21 02:36:39.695, 100, 28112, 32623, 200.40, 76
2026/09/21 02:36:40.695, 100, 28112, 32623, 200.01, 74
2026/09/21 02:36:41.696, 100, 28112, 32623, 199.98, 76
2026/09/21 02:36:42.696, 100, 28112, 32623, 200.07, 76
2026/09/21 02:36:43.696, 100, 28112, 32623, 199.99, 74
2026/09/21 02:36:44.696, 100, 28112, 32623, 200.00, 76
2026/09/21 02:36:45.697, 100, 28112, 32623, 200.02, 76
2026/09/21 02:36:46.697, 100, 28112, 32623, 199.84, 76
2026/09/21 02:36:47.697, 100, 28112, 32623, 200.18, 76
2026/09/21 02:36:48.697, 100, 28112, 32623, 199.91, 76
2026/09/21 02:36:49.697, 100, 28112, 32623, 199.94, 75
2026/09/21 02:36:50.698, 100, 28112, 32623, 200.04, 76
2026/09/21 02:36:51.698, 100, 28112, 32623, 199.98, 76
2026/09/21 02:36:52.698, 100, 28112, 32623, 200.02, 76
2026/09/21 02:36:53.698, 100, 28112, 32623, 200.02, 74
2026/09/21 02:36:54.699, 99, 28112, 32623, 199.93, 76
2026/09/21 02:36:55.699, 100, 28112, 32623, 200.09, 75
2026/09/21 02:36:56.699, 100, 28112, 32623, 199.64, 74
2026/09/21 02:36:57.699, 100, 28112, 32623, 200.29, 74
2026/09/21 02:36:58.700, 100, 28112, 32623, 200.00, 76
2026/09/21 02:36:59.700, 100, 28112, 32623, 199.97, 73
2026/09/21 02:37:00.700, 100, 28112, 32623, 200.02, 76
2026/09/21 02:37:01.701, 100, 28112, 32623, 199.99, 76
2026/09/21 02:37:02.701, 100, 28112, 32623, 199.80, 76
2026/09/21 02:37:03.701, 100, 28112, 32623, 200.28, 76
2026/09/21 02:37:04.702, 100, 28112, 32623, 199.95, 74
2026/09/21 02:37:05.702, 95, 28112, 32623, 199.37, 74
2026/09/21 02:37:06.702, 94, 28112, 32623, 199.89, 73
2026/09/21 02:37:07.702, 95, 28112, 32623, 199.99, 73
2026/09/21 02:37:08.703, 95, 28112, 32623, 199.88, 73
2026/09/21 02:37:09.703, 95, 28112, 32623, 199.97, 73
2026/09/21 02:37:10.703, 95, 28112, 32623, 200.01, 73
2026/09/21 02:37:11.703, 95, 28112, 32623, 199.91, 73
2026/09/21 02:37:12.704, 95, 28112, 32623, 199.91, 72
2026/09/21 02:37:13.704, 95, 28112, 32623, 199.98, 72
2026/09/21 02:37:14.704, 94, 28112, 32623, 199.86, 72
2026/09/21 02:37:15.704, 100, 28112, 32623, 201.23, 73
2026/09/21 02:37:16.704, 100, 28112, 32623, 200.01, 73
2026/09/21 02:37:17.705, 100, 28112, 32623, 199.99, 73
2026/09/21 02:37:18.705, 100, 28112, 32623, 200.01, 73
2026/09/21 02:37:19.705, 100, 28112, 32623, 199.98, 73
2026/09/21 02:37:20.705, 100, 28112, 32623, 200.01, 73
2026/09/21 02:37:21.706, 100, 28112, 32623, 199.97, 73
2026/09/21 02:37:22.706, 100, 28112, 32623, 200.02, 73
2026/09/21 02:37:23.707, 100, 28112, 32623, 200.00, 73
2026/09/21 02:37:24.707, 100, 28112, 32623, 199.99, 73
2026/09/21 02:37:25.707, 98, 28112, 32623, 199.82, 74
2026/09/21 02:37:26.707, 100, 28112, 32623, 200.16, 73
2026/09/21 02:37:27.708, 100, 28112, 32623, 199.99, 74
2026/09/21 02:37:28.708, 100, 28112, 32623, 166.17, 73
2026/09/21 02:37:29.708, 100, 28112, 32623, 200.01, 72
2026/09/21 02:37:30.708, 100, 28112, 32623, 199.98, 73
2026/09/21 02:37:31.709, 98, 28112, 32623, 199.78, 75
2026/09/21 02:37:32.709, 100, 28112, 32623, 200.25, 73
2026/09/21 02:37:33.709, 100, 28112, 32623, 134.92, 72
2026/09/21 02:37:34.709, 100, 28112, 32623, 200.09, 73
2026/09/21 02:37:35.710, 98, 28112, 32623, 199.72, 74
2026/09/21 02:37:36.710, 100, 28112, 32623, 200.53, 74
2026/09/21 02:37:37.710, 100, 28112, 32623, 199.99, 74
2026/09/21 02:37:38.710, 100, 28112, 32623, 165.84, 72
2026/09/21 02:37:39.711, 98, 28112, 32623, 200.32, 75
2026/09/21 02:37:40.711, 100, 28112, 32623, 200.33, 74
2026/09/21 02:37:41.711, 100, 28112, 32623, 199.94, 74
2026/09/21 02:37:42.711, 100, 28112, 32623, 200.02, 75
2026/09/21 02:37:43.712, 100, 28112, 32623, 199.98, 73
2026/09/21 02:37:44.712, 100, 28112, 32623, 200.00, 74
2026/09/21 02:37:45.712, 100, 28112, 32623, 200.00, 75
2026/09/21 02:37:46.712, 100, 28112, 32623, 200.03, 75
2026/09/21 02:37:47.712, 100, 28112, 32623, 199.94, 73
2026/09/21 02:37:48.713, 100, 28112, 32623, 200.08, 74
2026/09/21 02:37:49.713, 100, 28112, 32623, 199.98, 73
2026/09/21 02:37:50.713, 100, 28112, 32623, 200.01, 74
2026/09/21 02:37:51.713, 100, 28112, 32623, 199.80, 74
2026/09/21 02:37:52.714, 100, 28112, 32623, 200.25, 74
2026/09/21 02:37:53.714, 100, 28112, 32623, 199.98, 73
2026/09/21 02:37:54.714, 100, 28112, 32623, 200.00, 75
2026/09/21 02:37:55.714, 100, 28112, 32623, 199.97, 74
2026/09/21 02:37:56.715, 100, 28112, 32623, 199.93, 74
2026/09/21 02:37:57.715, 100, 28112, 32623, 199.99, 74
2026/09/21 02:37:58.715, 97, 28112, 32623, 199.45, 74
2026/09/21 02:37:59.715, 100, 28112, 32623, 200.01, 75
2026/09/21 02:38:00.716, 100, 28112, 32623, 200.02, 73
2026/09/21 02:38:01.716, 98, 28112, 32623, 199.89, 76
2026/09/21 02:38:02.716, 100, 28112, 32623, 200.10, 73
2026/09/21 02:38:03.716, 100, 28112, 32623, 200.00, 76
2026/09/21 02:38:04.717, 100, 28112, 32623, 199.98, 75
2026/09/21 02:38:05.717, 100, 28112, 32623, 200.46, 74
2026/09/21 02:38:06.717, 100, 28112, 32623, 199.97, 74
2026/09/21 02:38:07.718, 98, 28112, 32623, 199.83, 74
2026/09/21 02:38:08.718, 100, 28112, 32623, 200.19, 74
2026/09/21 02:38:09.718, 100, 28112, 32623, 200.01, 75
2026/09/21 02:38:10.718, 99, 28112, 32623, 199.79, 75
2026/09/21 02:38:11.719, 100, 28112, 32623, 199.99, 74
2026/09/21 02:38:12.719, 100, 28112, 32623, 200.01, 74
2026/09/21 02:38:13.719, 100, 28112, 32623, 200.00, 74
2026/09/21 02:38:14.719, 100, 28112, 32623, 199.99, 74
2026/09/21 02:38:15.720, 100, 28112, 32623, 199.96, 74
2026/09/21 02:38:16.720, 100, 28112, 32623, 200.02, 74
2026/09/21 02:38:17.720, 100, 28112, 32623, 200.02, 74
2026/09/21 02:38:18.720, 98, 28112, 32623, 199.59, 74
2026/09/21 02:38:19.721, 100, 28112, 32623, 200.01, 76
2026/09/21 02:38:20.721, 100, 28112, 32623, 200.00, 74
2026/09/21 02:38:21.721, 100, 28112, 32623, 200.00, 75
2026/09/21 02:38:22.721, 100, 28112, 32623, 199.98, 76
2026/09/21 02:38:23.721, 98, 28112, 32623, 199.66, 75
2026/09/21 02:38:24.722, 100, 28112, 32623, 200.01, 74
2026/09/21 02:38:25.722, 100, 28112, 32623, 199.96, 75
2026/09/21 02:38:26.722, 100, 28112, 32623, 200.02, 75
2026/09/21 02:38:27.722, 100, 28112, 32623, 199.99, 74
2026/09/21 02:38:28.723, 99, 28112, 32623, 199.87, 76
2026/09/21 02:38:29.723, 100, 28112, 32623, 200.15, 75
2026/09/21 02:38:30.723, 100, 28112, 32623, 199.96, 74
2026/09/21 02:38:31.723, 100, 28112, 32623, 200.02, 76
2026/09/21 02:38:32.724, 100, 28112, 32623, 199.99, 76
2026/09/21 02:38:33.724, 100, 28112, 32623, 200.09, 75
2026/09/21 02:38:34.724, 100, 28112, 32623, 199.98, 76
2026/09/21 02:38:35.725, 98, 28112, 32623, 199.57, 76
2026/09/21 02:38:36.725, 100, 28112, 32623, 200.44, 75
2026/09/21 02:38:37.725, 100, 28112, 32623, 199.94, 76
2026/09/21 02:38:38.725, 100, 28112, 32623, 200.04, 75
2026/09/21 02:38:39.726, 100, 28112, 32623, 199.99, 76
2026/09/21 02:38:40.726, 100, 28112, 32623, 199.99, 76
2026/09/21 02:38:41.726, 100, 28112, 32623, 199.98, 74
2026/09/21 02:38:42.726, 100, 28112, 32623, 199.98, 76
2026/09/21 02:38:43.726, 100, 28112, 32623, 199.98, 75
2026/09/21 02:38:44.727, 100, 28112, 32623, 199.99, 76
2026/09/21 02:38:45.727, 100, 28112, 32623, 199.98, 74
2026/09/21 02:38:46.727, 100, 28112, 32623, 200.01, 76
2026/09/21 02:38:47.727, 100, 28112, 32623, 200.01, 76
2026/09/21 02:38:48.728, 100, 28112, 32623, 199.97, 76
2026/09/21 02:38:49.728, 100, 28112, 32623, 200.02, 76
2026/09/21 02:38:50.728, 100, 28112, 32623, 199.95, 74
2026/09/21 02:38:51.728, 100, 28112, 32623, 200.05, 76
2026/09/21 02:38:52.729, 100, 28112, 32623, 199.99, 76
2026/09/21 02:38:53.729, 100, 28112, 32623, 200.00, 76
2026/09/21 02:38:54.729, 100, 28112, 32623, 199.97, 76
2026/09/21 02:38:55.779, 100, 28112, 32623, 199.95, 75
2026/09/21 02:38:56.779, 100, 28112, 32623, 200.01, 74
2026/09/21 02:38:57.780, 100, 28112, 32623, 199.99, 75
2026/09/21 02:38:58.780, 100, 28112, 32623, 200.01, 76
2026/09/21 02:38:59.780, 100, 28112, 32623, 200.00, 74
2026/09/21 02:39:00.780, 100, 28112, 32623, 200.00, 75
2026/09/21 02:39:01.781, 100, 28112, 32623, 199.99, 76
2026/09/21 02:39:02.781, 100, 28112, 32623, 199.99, 76
2026/09/21 02:39:03.781, 100, 28112, 32623, 200.01, 76
2026/09/21 02:39:04.781, 100, 28112, 32623, 199.97, 76
2026/09/21 02:39:05.782, 100, 28112, 32623, 200.02, 74
2026/09/21 02:39:06.782, 100, 28112, 32623, 199.99, 76
2026/09/21 02:39:07.782, 100, 28112, 32623, 200.00, 76
2026/09/21 02:39:08.782, 100, 28112, 32623, 199.99, 76
2026/09/21 02:39:09.783, 100, 28112, 32623, 200.01, 75
2026/09/21 02:39:10.783, 100, 28112, 32623, 199.99, 75
2026/09/21 02:39:11.783, 100, 28112, 32623, 200.00, 75
2026/09/21 02:39:12.784, 100, 28112, 32623, 200.02, 75
2026/09/21 02:39:13.784, 100, 28112, 32623, 200.01, 74
2026/09/21 02:39:14.784, 100, 28112, 32623, 199.99, 76
2026/09/21 02:39:15.784, 100, 28112, 32623, 200.00, 76
2026/09/21 02:39:16.785, 100, 28112, 32623, 200.02, 74
2026/09/21 02:39:17.785, 100, 28112, 32623, 200.02, 74
2026/09/21 02:39:18.785, 100, 28112, 32623, 200.00, 76
2026/09/21 02:39:19.785, 100, 28112, 32623, 199.99, 75
2026/09/21 02:39:20.785, 100, 28112, 32623, 200.00, 76
2026/09/21 02:39:21.786, 100, 28112, 32623, 199.98, 76
2026/09/21 02:39:22.786, 100, 28112, 32623, 200.01, 75
2026/09/21 02:39:23.786, 100, 28112, 32623, 200.00, 76
2026/09/21 02:39:24.786, 100, 28112, 32623, 199.98, 76
2026/09/21 02:39:25.787, 100, 28112, 32623, 200.02, 76
2026/09/21 02:39:26.787, 100, 28112, 32623, 199.98, 75
2026/09/21 02:39:27.787, 100, 28112, 32623, 200.18, 76
2026/09/21 02:39:28.787, 100, 28112, 32623, 199.87, 76
2026/09/21 02:39:29.788, 100, 28112, 32623, 200.11, 75
2026/09/21 02:39:30.788, 100, 28112, 32623, 199.99, 74
2026/09/21 02:39:31.788, 100, 28112, 32623, 200.02, 73
2026/09/21 02:39:32.788, 100, 28112, 32623, 200.00, 76
2026/09/21 02:39:33.792, 100, 28112, 32623, 199.97, 76
2026/09/21 02:39:34.792, 100, 28112, 32623, 200.02, 75
2026/09/21 02:39:35.792, 100, 28112, 32623, 199.98, 75
2026/09/21 02:39:36.793, 100, 28112, 32623, 199.99, 76
2026/09/21 02:39:37.793, 100, 28112, 32623, 199.93, 76
2026/09/21 02:39:38.793, 100, 28112, 32623, 200.04, 74
2026/09/21 02:39:39.793, 99, 28112, 32623, 199.81, 75
2026/09/21 02:39:40.793, 100, 28112, 32623, 200.20, 76
2026/09/21 02:39:41.794, 100, 28112, 32623, 200.01, 76
2026/09/21 02:39:42.794, 100, 28112, 32623, 199.97, 76
2026/09/21 02:39:43.794, 100, 28112, 32623, 200.01, 74
2026/09/21 02:39:44.794, 100, 28112, 32623, 200.00, 76
2026/09/21 02:39:45.795, 100, 28112, 32623, 200.01, 75
2026/09/21 02:39:46.795, 100, 28112, 32623, 199.94, 76
2026/09/21 02:39:47.795, 100, 28112, 32623, 200.01, 74
2026/09/21 02:39:48.795, 84, 28112, 32623, 197.81, 75
2026/09/21 02:39:49.796, 100, 28112, 32623, 202.19, 75
2026/09/21 02:39:50.796, 100, 28112, 32623, 200.01, 74
2026/09/21 02:39:51.796, 100, 28112, 32623, 199.99, 76
2026/09/21 02:39:52.796, 100, 28112, 32623, 200.02, 75
2026/09/21 02:39:53.797, 100, 28112, 32623, 199.99, 76
2026/09/21 02:39:54.801, 100, 28112, 32623, 200.00, 76
2026/09/21 02:39:55.802, 98, 28112, 32623, 199.65, 76
2026/09/21 02:39:56.802, 100, 28112, 32623, 200.13, 74
2026/09/21 02:39:57.802, 100, 28112, 32623, 199.99, 76
2026/09/21 02:39:58.802, 100, 28112, 32623, 199.97, 76
2026/09/21 02:39:59.803, 100, 28112, 32623, 199.98, 76
2026/09/21 02:40:00.803, 100, 28112, 32623, 200.01, 75
2026/09/21 02:40:01.803, 100, 28112, 32623, 200.04, 74
2026/09/21 02:40:02.803, 99, 28112, 32623, 199.91, 76
2026/09/21 02:40:03.804, 100, 28112, 32623, 200.00, 76
2026/09/21 02:40:04.804, 100, 28112, 32623, 200.00, 76
2026/09/21 02:40:05.804, 100, 28112, 32623, 200.00, 76
2026/09/21 02:40:06.804, 100, 28112, 32623, 200.00, 76
2026/09/21 02:40:07.805, 100, 28112, 32623, 199.95, 74
2026/09/21 02:40:08.805, 100, 28112, 32623, 200.04, 76
2026/09/21 02:40:09.805, 100, 28112, 32623, 199.99, 76
2026/09/21 02:40:10.805, 100, 28112, 32623, 200.03, 75
2026/09/21 02:40:11.805, 100, 28112, 32623, 200.02, 75
2026/09/21 02:40:12.806, 100, 28112, 32623, 199.99, 74
2026/09/21 02:40:13.806, 100, 28112, 32623, 200.02, 76
2026/09/21 02:40:14.806, 100, 28112, 32623, 200.00, 76
2026/09/21 02:40:15.806, 100, 28112, 32623, 200.01, 76
2026/09/21 02:40:16.807, 100, 28112, 32623, 199.98, 76
2026/09/21 02:40:17.807, 100, 28112, 32623, 200.02, 76
2026/09/21 02:40:18.807, 100, 28112, 32623, 200.00, 76
2026/09/21 02:40:19.807, 99, 28112, 32623, 199.87, 76
2026/09/21 02:40:20.808, 100, 28112, 32623, 199.99, 75
2026/09/21 02:40:21.808, 100, 28112, 32623, 200.02, 75
2026/09/21 02:40:22.808, 100, 28112, 32623, 200.01, 75
2026/09/21 02:40:23.808, 100, 28112, 32623, 200.00, 76
2026/09/21 02:40:24.809, 100, 28112, 32623, 199.87, 76
2026/09/21 02:40:25.809, 100, 28112, 32623, 199.99, 75
2026/09/21 02:40:26.809, 100, 28112, 32623, 200.02, 76
2026/09/21 02:40:27.809, 100, 28112, 32623, 200.02, 76
2026/09/21 02:40:28.810, 100, 28112, 32623, 200.01, 76
2026/09/21 02:40:29.810, 99, 28112, 32623, 199.82, 76
2026/09/21 02:40:30.810, 100, 28112, 32623, 200.01, 76
2026/09/21 02:40:31.810, 100, 28112, 32623, 200.01, 76
2026/09/21 02:40:32.811, 100, 28112, 32623, 199.99, 75
2026/09/21 02:40:33.811, 100, 28112, 32623, 200.02, 76
2026/09/21 02:40:34.811, 100, 28112, 32623, 199.96, 75
2026/09/21 02:40:35.811, 100, 28112, 32623, 199.98, 74
2026/09/21 02:40:36.812, 100, 28112, 32623, 199.99, 76
2026/09/21 02:40:37.812, 100, 28112, 32623, 199.97, 76
2026/09/21 02:40:38.812, 100, 28112, 32623, 200.04, 77
2026/09/21 02:40:39.812, 100, 28112, 32623, 200.01, 74
2026/09/21 02:40:40.813, 100, 28112, 32623, 200.01, 77
2026/09/21 02:40:41.813, 100, 28112, 32623, 200.00, 75
2026/09/21 02:40:42.813, 98, 28112, 32623, 199.75, 75
2026/09/21 02:40:43.813, 100, 28112, 32623, 200.25, 76
2026/09/21 02:40:44.813, 100, 28112, 32623, 199.99, 77
2026/09/21 02:40:45.814, 100, 28112, 32623, 199.99, 75
2026/09/21 02:40:46.814, 100, 28112, 32623, 200.03, 77
2026/09/21 02:40:47.814, 100, 28112, 32623, 199.99, 74
2026/09/21 02:40:48.814, 100, 28112, 32623, 200.03, 77
2026/09/21 02:40:49.815, 100, 28112, 32623, 200.00, 75
2026/09/21 02:40:50.815, 100, 28112, 32623, 200.01, 76
2026/09/21 02:40:51.815, 100, 28112, 32623, 200.04, 76
2026/09/21 02:40:52.815, 100, 28112, 32623, 199.94, 74
2026/09/21 02:40:53.816, 100, 28112, 32623, 199.99, 77
2026/09/21 02:40:54.816, 100, 28112, 32623, 200.04, 77
2026/09/21 02:40:55.816, 100, 28112, 32623, 199.98, 74
2026/09/21 02:40:56.816, 100, 28112, 32623, 199.98, 76
2026/09/21 02:40:57.816, 100, 28112, 32623, 200.02, 76
2026/09/21 02:40:58.817, 80, 28112, 32623, 198.67, 75
2026/09/21 02:40:59.817, 100, 28112, 32623, 201.44, 76
2026/09/21 02:41:00.817, 100, 28112, 32623, 200.00, 76
2026/09/21 02:41:01.817, 100, 28112, 32623, 200.01, 77
2026/09/21 02:41:02.818, 100, 28112, 32623, 200.02, 75
2026/09/21 02:41:03.818, 100, 28112, 32623, 200.00, 75
2026/09/21 02:41:04.818, 100, 28112, 32623, 200.01, 76
2026/09/21 02:41:05.818, 100, 28112, 32623, 199.99, 75
2026/09/21 02:41:06.818, 100, 28112, 32623, 199.97, 75
2026/09/21 02:41:07.819, 100, 28112, 32623, 200.00, 74
2026/09/21 02:41:08.819, 100, 28112, 32623, 199.84, 75
2026/09/21 02:41:09.819, 100, 28112, 32623, 202.63, 76
2026/09/21 02:41:10.819, 100, 28112, 32623, 199.99, 76
2026/09/21 02:41:11.820, 100, 28112, 32623, 199.98, 76
2026/09/21 02:41:12.820, 100, 28112, 32623, 199.98, 74
2026/09/21 02:41:13.820, 72, 28112, 32623, 196.01, 72
2026/09/21 02:41:14.820, 95, 28112, 32623, 199.01, 74
2026/09/21 02:41:15.820, 95, 28112, 32623, 200.05, 74
2026/09/21 02:41:16.821, 95, 28112, 32623, 200.35, 74
2026/09/21 02:41:17.821, 93, 28112, 32623, 199.88, 74
2026/09/21 02:41:18.821, 94, 28112, 32623, 199.82, 73
2026/09/21 02:41:19.821, 94, 28112, 32623, 199.78, 72
2026/09/21 02:41:20.822, 94, 28112, 32623, 199.95, 72
2026/09/21 02:41:21.822, 94, 28112, 32623, 199.98, 74
2026/09/21 02:41:22.822, 94, 28112, 32623, 199.97, 74
2026/09/21 02:41:23.822, 95, 28112, 32623, 200.45, 74
2026/09/21 02:41:24.823, 100, 28112, 32623, 200.34, 73
2026/09/21 02:41:25.823, 100, 28112, 32623, 200.21, 74
2026/09/21 02:41:26.823, 86, 28112, 32623, 198.27, 70
2026/09/21 02:41:27.823, 98, 28112, 32623, 200.10, 73
2026/09/21 02:41:28.824, 94, 28112, 32623, 199.07, 73
2026/09/21 02:41:29.824, 100, 28112, 32623, 199.99, 74
2026/09/21 02:41:30.824, 100, 28112, 32623, 199.99, 73
2026/09/21 02:41:31.824, 100, 28112, 32623, 199.98, 73
2026/09/21 02:41:32.825, 100, 28112, 32623, 199.99, 73
2026/09/21 02:41:33.825, 100, 28112, 32623, 199.97, 74
2026/09/21 02:41:34.825, 100, 28112, 32623, 200.01, 73
2026/09/21 02:41:35.826, 100, 28112, 32623, 199.98, 73
2026/09/21 02:41:36.826, 100, 28112, 32623, 200.02, 73
2026/09/21 02:41:37.826, 100, 28112, 32623, 199.96, 73
2026/09/21 02:41:38.826, 100, 28112, 32623, 199.96, 74
2026/09/21 02:41:39.827, 94, 28112, 32623, 199.39, 73
2026/09/21 02:41:40.827, 100, 28112, 32623, 200.71, 74
2026/09/21 02:41:41.827, 100, 28112, 32623, 200.01, 73
2026/09/21 02:41:42.827, 100, 28112, 32623, 200.00, 75
2026/09/21 02:41:43.828, 100, 28112, 32623, 199.98, 73
2026/09/21 02:41:44.828, 100, 28112, 32623, 199.99, 74
2026/09/21 02:41:45.828, 95, 28112, 32623, 199.38, 73
2026/09/21 02:41:46.828, 100, 28112, 32623, 200.78, 74
2026/09/21 02:41:47.829, 100, 28112, 32623, 199.98, 74
2026/09/21 02:41:48.829, 100, 28112, 32623, 199.98, 75
2026/09/21 02:41:49.829, 100, 28112, 32623, 199.98, 74
2026/09/21 02:41:50.829, 100, 28112, 32623, 199.85, 75
2026/09/21 02:41:51.829, 100, 28112, 32623, 200.17, 74
2026/09/21 02:41:52.830, 100, 28112, 32623, 199.98, 74
2026/09/21 02:41:53.830, 100, 28112, 32623, 199.99, 74
2026/09/21 02:41:54.830, 95, 28112, 32623, 199.75, 76
2026/09/21 02:41:55.830, 100, 28112, 32623, 200.28, 76
2026/09/21 02:41:56.830, 100, 28112, 32623, 200.00, 75
2026/09/21 02:41:57.831, 100, 28112, 32623, 199.98, 74
2026/09/21 02:41:58.831, 95, 28112, 32623, 199.17, 75
2026/09/21 02:41:59.831, 100, 28112, 32623, 200.98, 75
2026/09/21 02:42:00.831, 100, 28112, 32623, 199.93, 75
2026/09/21 02:42:01.832, 100, 28112, 32623, 199.90, 73
2026/09/21 02:42:02.832, 100, 28112, 32623, 200.12, 74
2026/09/21 02:42:03.832, 100, 28112, 32623, 199.98, 74
2026/09/21 02:42:04.832, 100, 28112, 32623, 199.98, 74
2026/09/21 02:42:05.833, 98, 28112, 32623, 199.86, 74
2026/09/21 02:42:06.833, 100, 28112, 32623, 199.97, 74
2026/09/21 02:42:07.833, 100, 28112, 32623, 200.00, 74
2026/09/21 02:42:08.833, 98, 28112, 32623, 199.78, 75
2026/09/21 02:42:09.834, 100, 28112, 32623, 200.12, 74
2026/09/21 02:42:10.834, 100, 28112, 32623, 200.04, 75
2026/09/21 02:42:11.834, 100, 28112, 32623, 199.95, 76
2026/09/21 02:42:12.834, 100, 28112, 32623, 200.40, 75
2026/09/21 02:42:13.835, 100, 28112, 32623, 199.98, 74
2026/09/21 02:42:14.880, 99, 28112, 32623, 199.86, 76
2026/09/21 02:42:15.880, 100, 28112, 32623, 200.12, 75
2026/09/21 02:42:16.880, 100, 28112, 32623, 199.98, 74
2026/09/21 02:42:17.881, 98, 28112, 32623, 199.60, 76
2026/09/21 02:42:18.881, 100, 28112, 32623, 199.99, 74
2026/09/21 02:42:19.881, 100, 28112, 32623, 200.00, 74
2026/09/21 02:42:20.881, 100, 28112, 32623, 200.03, 74
2026/09/21 02:42:21.882, 100, 28112, 32623, 200.00, 76
2026/09/21 02:42:22.882, 100, 28112, 32623, 199.98, 76
2026/09/21 02:42:23.882, 100, 28112, 32623, 200.08, 75
2026/09/21 02:42:24.882, 100, 28112, 32623, 199.98, 76
2026/09/21 02:42:25.883, 97, 28112, 32623, 199.71, 75
2026/09/21 02:42:26.883, 100, 28112, 32623, 200.29, 76
2026/09/21 02:42:27.883, 100, 28112, 32623, 200.01, 74
2026/09/21 02:42:28.883, 100, 28112, 32623, 200.00, 74
2026/09/21 02:42:29.884, 100, 28112, 32623, 200.01, 75
2026/09/21 02:42:30.884, 100, 28112, 32623, 199.93, 75
2026/09/21 02:42:31.884, 100, 28112, 32623, 200.10, 74
2026/09/21 02:42:32.884, 100, 28112, 32623, 200.00, 75
2026/09/21 02:42:33.884, 100, 28112, 32623, 200.00, 75
2026/09/21 02:42:34.885, 100, 28112, 32623, 200.00, 76
2026/09/21 02:42:35.885, 100, 28112, 32623, 199.95, 76
2026/09/21 02:42:36.885, 100, 28112, 32623, 200.41, 76
2026/09/21 02:42:37.885, 100, 28112, 32623, 199.99, 76
2026/09/21 02:42:38.886, 100, 28112, 32623, 200.00, 74
2026/09/21 02:42:39.886, 100, 28112, 32623, 199.99, 74
2026/09/21 02:42:40.886, 99, 28112, 32623, 199.85, 74
2026/09/21 02:42:41.886, 100, 28112, 32623, 200.17, 76
2026/09/21 02:42:42.887, 100, 28112, 32623, 199.93, 76
2026/09/21 02:42:43.887, 100, 28112, 32623, 200.06, 75
2026/09/21 02:42:44.887, 100, 28112, 32623, 200.00, 75
2026/09/21 02:42:45.887, 100, 28112, 32623, 200.00, 75
2026/09/21 02:42:46.888, 100, 28112, 32623, 200.00, 76
2026/09/21 02:42:47.888, 100, 28112, 32623, 199.98, 75
2026/09/21 02:42:48.888, 100, 28112, 32623, 199.99, 76
2026/09/21 02:42:49.888, 98, 28112, 32623, 199.79, 75
2026/09/21 02:42:50.889, 100, 28112, 32623, 200.23, 76
2026/09/21 02:42:51.889, 100, 28112, 32623, 199.88, 75
2026/09/21 02:42:52.889, 100, 28112, 32623, 200.14, 76
2026/09/21 02:42:53.889, 100, 28112, 32623, 199.97, 74
2026/09/21 02:42:54.890, 100, 28112, 32623, 200.01, 75
2026/09/21 02:42:55.890, 100, 28112, 32623, 200.00, 77
2026/09/21 02:42:56.890, 100, 28112, 32623, 199.99, 76
2026/09/21 02:42:57.890, 100, 28112, 32623, 199.99, 76
2026/09/21 02:42:58.891, 100, 28112, 32623, 200.00, 76
2026/09/21 02:42:59.891, 100, 28112, 32623, 199.81, 76
2026/09/21 02:43:00.891, 100, 28112, 32623, 200.01, 74
2026/09/21 02:43:01.891, 100, 28112, 32623, 199.97, 76
2026/09/21 02:43:02.892, 95, 28112, 32623, 199.29, 77
2026/09/21 02:43:03.892, 100, 28112, 32623, 200.00, 74
2026/09/21 02:43:04.892, 94, 28112, 32623, 199.57, 75
2026/09/21 02:43:05.892, 100, 28112, 32623, 200.47, 74
2026/09/21 02:43:06.893, 100, 28112, 32623, 199.91, 75
2026/09/21 02:43:07.893, 100, 28112, 32623, 200.32, 76
2026/09/21 02:43:08.893, 100, 28112, 32623, 199.87, 75
2026/09/21 02:43:09.893, 100, 28112, 32623, 200.16, 77
2026/09/21 02:43:10.894, 100, 28112, 32623, 199.96, 77
2026/09/21 02:43:11.894, 100, 28112, 32623, 200.04, 75
2026/09/21 02:43:12.894, 100, 28112, 32623, 199.95, 77
2026/09/21 02:43:13.894, 100, 28112, 32623, 200.04, 75
2026/09/21 02:43:14.895, 100, 28112, 32623, 199.98, 75
2026/09/21 02:43:15.895, 100, 28112, 32623, 200.08, 75
2026/09/21 02:43:16.895, 100, 28112, 32623, 199.96, 77
2026/09/21 02:43:17.895, 100, 28112, 32623, 200.06, 75
2026/09/21 02:43:18.895, 100, 28112, 32623, 199.95, 77
2026/09/21 02:43:19.896, 100, 28112, 32623, 200.05, 77
2026/09/21 02:43:20.896, 100, 28112, 32623, 199.90, 74
2026/09/21 02:43:21.896, 100, 28112, 32623, 200.08, 76
2026/09/21 02:43:22.905, 100, 28112, 32623, 199.94, 75
2026/09/21 02:43:23.905, 100, 28112, 32623, 200.31, 75
2026/09/21 02:43:24.905, 96, 28112, 32623, 199.64, 75
2026/09/21 02:43:25.906, 100, 28112, 32623, 200.35, 76
2026/09/21 02:43:26.906, 96, 28112, 32623, 199.35, 74
2026/09/21 02:43:27.906, 100, 28112, 32623, 200.15, 76
2026/09/21 02:43:28.906, 100, 28112, 32623, 199.98, 76
2026/09/21 02:43:29.906, 100, 28112, 32623, 200.02, 75
2026/09/21 02:43:30.907, 100, 28112, 32623, 199.99, 75
2026/09/21 02:43:31.907, 100, 28112, 32623, 200.00, 74
2026/09/21 02:43:32.907, 100, 28112, 32623, 200.01, 77
2026/09/21 02:43:33.907, 100, 28112, 32623, 199.98, 75
2026/09/21 02:43:34.908, 100, 28112, 32623, 200.02, 75
2026/09/21 02:43:35.908, 100, 28112, 32623, 200.01, 75
2026/09/21 02:43:36.908, 100, 28112, 32623, 199.99, 76
2026/09/21 02:43:37.908, 100, 28112, 32623, 199.98, 76
2026/09/21 02:43:38.909, 100, 28112, 32623, 199.99, 76
2026/09/21 02:43:39.909, 100, 28112, 32623, 199.95, 76
2026/09/21 02:43:40.909, 100, 28112, 32623, 200.04, 75
2026/09/21 02:43:41.909, 96, 28112, 32623, 199.42, 74
2026/09/21 02:43:42.909, 100, 28112, 32623, 200.16, 76
2026/09/21 02:43:43.910, 100, 28112, 32623, 199.98, 75
2026/09/21 02:43:44.910, 100, 28112, 32623, 199.99, 73
2026/09/21 02:43:45.910, 100, 28112, 32623, 200.01, 76
2026/09/21 02:43:46.910, 100, 28112, 32623, 199.98, 76
2026/09/21 02:43:47.911, 100, 28112, 32623, 200.02, 75
2026/09/21 02:43:48.911, 100, 28112, 32623, 199.98, 75
2026/09/21 02:43:49.911, 100, 28112, 32623, 200.00, 74
2026/09/21 02:43:50.911, 100, 28112, 32623, 199.96, 76
2026/09/21 02:43:51.912, 100, 28112, 32623, 200.44, 76
2026/09/21 02:43:52.912, 99, 28112, 32623, 199.81, 76
2026/09/21 02:43:53.912, 100, 28112, 32623, 200.00, 76
2026/09/21 02:43:54.912, 100, 28112, 32623, 199.98, 76
2026/09/21 02:43:55.913, 100, 28112, 32623, 199.98, 76
2026/09/21 02:43:56.913, 100, 28112, 32623, 200.03, 76
2026/09/21 02:43:57.913, 100, 28112, 32623, 199.91, 75
2026/09/21 02:43:58.913, 100, 28112, 32623, 200.08, 76
2026/09/21 02:43:59.914, 99, 28112, 32623, 199.72, 75
2026/09/21 02:44:00.914, 100, 28112, 32623, 200.27, 75
2026/09/21 02:44:01.914, 100, 28112, 32623, 200.00, 76
2026/09/21 02:44:02.914, 100, 28112, 32623, 200.00, 74
2026/09/21 02:44:03.915, 100, 28112, 32623, 200.00, 74
2026/09/21 02:44:04.915, 100, 28112, 32623, 199.99, 76
2026/09/21 02:44:05.915, 100, 28112, 32623, 200.02, 77
2026/09/21 02:44:06.915, 80, 28112, 32623, 198.66, 75
2026/09/21 02:44:07.916, 100, 28112, 32623, 200.06, 74
2026/09/21 02:44:08.916, 100, 28112, 32623, 199.99, 74
2026/09/21 02:44:09.916, 100, 28112, 32623, 199.99, 76
2026/09/21 02:44:10.916, 100, 28112, 32623, 200.03, 77
2026/09/21 02:44:11.916, 100, 28112, 32623, 199.96, 74
2026/09/21 02:44:12.917, 100, 28112, 32623, 200.02, 74
2026/09/21 02:44:13.917, 100, 28112, 32623, 199.81, 77
2026/09/21 02:44:14.917, 100, 28112, 32623, 199.99, 74
2026/09/21 02:44:15.917, 100, 28112, 32623, 199.99, 74
2026/09/21 02:44:16.918, 100, 28112, 32623, 199.98, 76
2026/09/21 02:44:17.918, 100, 28112, 32623, 200.00, 75
2026/09/21 02:44:18.918, 100, 28112, 32623, 199.86, 76
2026/09/21 02:44:19.918, 100, 28112, 32623, 200.15, 76
2026/09/21 02:44:20.919, 100, 28112, 32623, 200.00, 76
2026/09/21 02:44:21.919, 100, 28112, 32623, 200.00, 76
2026/09/21 02:44:22.919, 100, 28112, 32623, 200.00, 74
2026/09/21 02:44:23.919, 100, 28112, 32623, 199.92, 74
2026/09/21 02:44:24.920, 100, 28112, 32623, 200.05, 75
2026/09/21 02:44:25.920, 100, 28112, 32623, 200.02, 75
2026/09/21 02:44:26.920, 100, 28112, 32623, 200.00, 75
2026/09/21 02:44:27.920, 100, 28112, 32623, 199.98, 76
2026/09/21 02:44:28.921, 100, 28112, 32623, 199.97, 77
2026/09/21 02:44:29.921, 100, 28112, 32623, 200.03, 76
2026/09/21 02:44:30.921, 100, 28112, 32623, 199.99, 74
2026/09/21 02:44:31.921, 100, 28112, 32623, 199.98, 74
2026/09/21 02:44:32.921, 100, 28112, 32623, 200.02, 77
2026/09/21 02:44:33.922, 100, 28112, 32623, 199.98, 77
2026/09/21 02:44:34.922, 100, 28112, 32623, 200.06, 76
2026/09/21 02:44:35.922, 100, 28112, 32623, 199.99, 75
2026/09/21 02:44:36.922, 100, 28112, 32623, 200.03, 75
2026/09/21 02:44:37.923, 100, 28112, 32623, 200.00, 76
2026/09/21 02:44:38.923, 100, 28112, 32623, 199.93, 75
2026/09/21 02:44:39.923, 100, 28112, 32623, 200.09, 75
2026/09/21 02:44:40.923, 100, 28112, 32623, 199.99, 76
2026/09/21 02:44:41.924, 100, 28112, 32623, 199.98, 76
2026/09/21 02:44:42.924, 100, 28112, 32623, 199.99, 77
2026/09/21 02:44:43.924, 100, 28112, 32623, 199.92, 77
2026/09/21 02:44:44.924, 100, 28112, 32623, 200.72, 75
2026/09/21 02:44:45.925, 100, 28112, 32623, 199.99, 77
2026/09/21 02:44:46.925, 100, 28112, 32623, 199.98, 76
2026/09/21 02:44:47.925, 100, 28112, 32623, 200.01, 77
2026/09/21 02:44:48.925, 99, 28112, 32623, 199.91, 76
2026/09/21 02:44:49.926, 100, 28112, 32623, 200.12, 76
2026/09/21 02:44:50.926, 100, 28112, 32623, 199.99, 76
2026/09/21 02:44:51.926, 100, 28112, 32623, 199.98, 75
2026/09/21 02:44:52.926, 100, 28112, 32623, 200.01, 76
2026/09/21 02:44:53.927, 100, 28112, 32623, 199.97, 77
2026/09/21 02:44:54.927, 100, 28112, 32623, 199.97, 76
2026/09/21 02:44:55.927, 100, 28112, 32623, 199.99, 77
2026/09/21 02:44:56.927, 100, 28112, 32623, 199.93, 77
2026/09/21 02:44:57.928, 100, 28112, 32623, 200.08, 77
2026/09/21 02:44:58.928, 100, 28112, 32623, 200.01, 76
2026/09/21 02:44:59.928, 100, 28112, 32623, 199.98, 76
2026/09/21 02:45:00.928, 100, 28112, 32623, 200.04, 77
2026/09/21 02:45:01.929, 100, 28112, 32623, 199.99, 74
2026/09/21 02:45:02.929, 100, 28373, 32623, 199.99, 77
2026/09/21 02:45:03.930, 100, 28112, 32623, 200.02, 77
2026/09/21 02:45:04.930, 95, 28112, 32623, 199.62, 75
2026/09/21 02:45:05.930, 100, 28112, 32623, 200.41, 76
2026/09/21 02:45:06.930, 100, 28112, 32623, 200.02, 77
2026/09/21 02:45:07.931, 100, 28112, 32623, 199.95, 75
2026/09/21 02:45:08.931, 100, 28112, 32623, 200.05, 75
2026/09/21 02:45:09.931, 100, 28112, 32623, 200.00, 76
2026/09/21 02:45:10.931, 100, 28112, 32623, 200.07, 77
2026/09/21 02:45:11.932, 100, 28112, 32623, 199.96, 75
2026/09/21 02:45:12.932, 99, 28112, 32623, 199.89, 77
2026/09/21 02:45:13.932, 100, 28112, 32623, 200.11, 77
2026/09/21 02:45:14.932, 100, 28112, 32623, 199.43, 76
2026/09/21 02:45:15.932, 100, 28112, 32623, 200.59, 74
2026/09/21 02:45:16.933, 100, 28112, 32623, 199.99, 75
2026/09/21 02:45:17.933, 100, 28112, 32623, 199.99, 74
2026/09/21 02:45:18.933, 100, 28112, 32623, 200.01, 76
2026/09/21 02:45:19.933, 100, 28112, 32623, 199.98, 76
2026/09/21 02:45:20.934, 96, 28112, 32623, 199.52, 77
2026/09/21 02:45:21.934, 100, 28112, 32623, 201.99, 75
2026/09/21 02:45:22.934, 100, 28112, 32623, 199.93, 74
2026/09/21 02:45:23.934, 94, 28112, 32623, 198.99, 73
2026/09/21 02:45:24.935, 95, 28112, 32623, 199.88, 73
2026/09/21 02:45:25.935, 94, 28112, 32623, 199.87, 74
2026/09/21 02:45:26.935, 94, 28112, 32623, 199.89, 74
2026/09/21 02:45:27.935, 94, 28112, 32623, 200.53, 74
2026/09/21 02:45:28.936, 94, 28112, 32623, 199.95, 74
2026/09/21 02:45:29.936, 94, 28112, 32623, 199.80, 74
2026/09/21 02:45:30.936, 94, 28112, 32623, 199.86, 73
2026/09/21 02:45:31.936, 94, 28112, 32623, 199.92, 72
2026/09/21 02:45:32.937, 94, 28112, 32623, 199.82, 72
2026/09/21 02:45:33.937, 0, 28112, 32623, 147.34, 64
2026/09/21 02:45:34.937, 0, 28112, 32623, 57.62, 62
2026/09/21 02:45:35.937, 0, 28112, 32623, 48.95, 60
2026/09/21 02:45:36.937, 0, 28112, 32623, 44.52, 59
2026/09/21 02:45:37.938, 0, 28112, 32623, 39.94, 58
2026/09/21 02:45:38.938, 0, 28112, 32623, 39.31, 57
2026/09/21 02:45:39.938, 0, 28112, 32623, 39.08, 57
2026/09/21 02:45:40.938, 0, 28112, 32623, 38.59, 56
2026/09/21 02:45:41.939, 0, 28112, 32623, 38.47, 56
2026/09/21 02:45:42.939, 0, 28112, 32623, 38.12, 55
2026/09/21 02:45:43.939, 0, 28112, 32623, 38.04, 55
2026/09/21 02:45:44.939, 0, 28112, 32623, 37.85, 54
2026/09/21 02:45:45.940, 0, 28112, 32623, 37.69, 54
2026/09/21 02:45:46.940, 0, 28112, 32623, 37.47, 54
2026/09/21 02:45:47.940, 0, 28112, 32623, 37.38, 53
2026/09/21 02:45:48.940, 0, 28112, 32623, 37.12, 53
2026/09/21 02:45:49.941, 0, 28112, 32623, 37.04, 53
2026/09/21 02:45:50.941, 0, 28112, 32623, 36.49, 52
2026/09/21 02:45:51.941, 0, 28112, 32623, 15.02, 51
2026/09/21 02:45:52.941, 0, 28112, 32623, 14.22, 50
2026/09/21 02:45:53.941, 0, 28112, 32623, 12.38, 50
2026/09/21 02:45:54.942, 0, 28112, 32623, 11.09, 49
2026/09/21 02:45:55.942, 0, 28112, 32623, 11.08, 49
2026/09/21 02:45:56.942, 0, 28112, 32623, 11.07, 48
2026/09/21 02:45:57.942, 100, 28112, 32623, 142.50, 62
2026/09/21 02:45:58.943, 100, 28112, 32623, 161.86, 63
2026/09/21 02:45:59.943, 0, 28112, 32623, 124.80, 54
2026/09/21 02:46:00.943, 100, 28112, 32623, 195.74, 64
2026/09/21 02:46:01.943, 100, 28112, 32623, 200.01, 64
2026/09/21 02:46:02.945, 100, 28112, 32623, 162.85, 66
2026/09/21 02:46:03.945, 100, 28112, 32623, 200.01, 65
2026/09/21 02:46:04.945, 100, 28112, 32623, 200.01, 67
2026/09/21 02:46:05.945, 100, 28112, 32623, 200.01, 67
2026/09/21 02:46:06.946, 100, 28112, 32623, 200.01, 67
2026/09/21 02:46:07.946, 100, 28112, 32623, 200.00, 68
2026/09/21 02:46:08.946, 100, 28112, 32623, 200.00, 69
2026/09/21 02:46:09.946, 100, 28112, 32623, 199.99, 68
2026/09/21 02:46:10.947, 100, 28112, 32623, 200.00, 68
2026/09/21 02:46:11.947, 99, 28112, 32623, 200.35, 68
2026/09/21 02:46:12.947, 100, 28112, 32623, 200.02, 69
2026/09/21 02:46:13.947, 100, 28112, 32623, 200.00, 69
2026/09/21 02:46:14.948, 100, 28112, 32623, 199.97, 69
2026/09/21 02:46:15.948, 100, 28112, 32623, 200.01, 70
2026/09/21 02:46:16.948, 100, 28112, 32623, 199.97, 70
2026/09/21 02:46:17.948, 100, 28112, 32623, 200.00, 71
2026/09/21 02:46:18.948, 100, 28112, 32623, 200.03, 71
2026/09/21 02:46:19.949, 100, 28112, 32623, 200.01, 70
2026/09/21 02:46:20.949, 100, 28112, 32623, 200.01, 72
2026/09/21 02:46:21.949, 100, 28112, 32623, 199.99, 71
2026/09/21 02:46:22.949, 100, 28112, 32623, 199.94, 71
2026/09/21 02:46:23.950, 100, 28112, 32623, 200.07, 72
2026/09/21 02:46:24.950, 100, 28112, 32623, 200.03, 71
2026/09/21 02:46:25.950, 100, 28112, 32623, 199.97, 72
2026/09/21 02:46:26.950, 100, 28112, 32623, 199.98, 73
2026/09/21 02:46:27.951, 97, 28112, 32623, 199.67, 72
2026/09/21 02:46:28.951, 100, 28112, 32623, 200.38, 72
2026/09/21 02:46:29.951, 100, 28112, 32623, 199.99, 72
2026/09/21 02:46:30.951, 100, 28112, 32623, 199.99, 72
2026/09/21 02:46:31.952, 100, 28112, 32623, 199.84, 73
2026/09/21 02:46:32.952, 100, 28112, 32623, 200.18, 73
2026/09/21 02:46:33.952, 100, 28112, 32623, 196.03, 72
2026/09/21 02:46:34.952, 100, 28112, 32623, 199.97, 74
2026/09/21 02:46:35.952, 100, 28112, 32623, 200.26, 74
2026/09/21 02:46:36.953, 100, 28112, 32623, 200.00, 73
2026/09/21 02:46:37.953, 100, 28112, 32623, 199.99, 73
2026/09/21 02:46:38.953, 99, 28112, 32623, 199.84, 74
2026/09/21 02:46:39.953, 100, 28112, 32623, 196.85, 72
2026/09/21 02:46:40.954, 100, 28112, 32623, 199.98, 74
2026/09/21 02:46:41.954, 98, 28112, 32623, 199.67, 73
2026/09/21 02:46:42.954, 100, 28112, 32623, 200.01, 73
2026/09/21 02:46:43.954, 100, 28112, 32623, 199.98, 74
2026/09/21 02:46:44.954, 98, 28112, 32623, 199.90, 74
2026/09/21 02:46:45.955, 100, 28112, 32623, 200.12, 73
2026/09/21 02:46:46.955, 100, 28112, 32623, 199.99, 74
2026/09/21 02:46:47.955, 99, 28112, 32623, 199.90, 74
2026/09/21 02:46:48.955, 100, 28112, 32623, 200.13, 73
2026/09/21 02:46:49.956, 100, 28112, 32623, 199.99, 73
2026/09/21 02:46:50.956, 98, 28112, 32623, 199.64, 73
2026/09/21 02:46:51.956, 100, 28112, 32623, 200.38, 73
2026/09/21 02:46:52.956, 100, 28112, 32623, 199.99, 73
2026/09/21 02:46:53.957, 100, 28112, 32623, 200.01, 73
2026/09/21 02:46:54.957, 100, 28112, 32623, 199.99, 74
2026/09/21 02:46:55.957, 100, 28112, 32623, 199.97, 75
2026/09/21 02:46:56.957, 100, 28112, 32623, 200.04, 73
2026/09/21 02:46:57.957, 100, 28112, 32623, 200.01, 73
2026/09/21 02:46:58.958, 100, 28112, 32623, 199.89, 75
2026/09/21 02:46:59.958, 100, 28112, 32623, 200.10, 74
2026/09/21 02:47:00.958, 100, 28112, 32623, 199.99, 75
2026/09/21 02:47:01.958, 100, 28112, 32623, 200.01, 75
2026/09/21 02:47:02.959, 100, 28112, 32623, 199.98, 73
2026/09/21 02:47:03.959, 100, 28112, 32623, 199.97, 75
2026/09/21 02:47:04.959, 100, 28112, 32623, 200.02, 75
2026/09/21 02:47:05.959, 100, 28112, 32623, 199.99, 74
2026/09/21 02:47:06.960, 100, 28112, 32623, 199.99, 74
2026/09/21 02:47:07.960, 100, 28112, 32623, 200.02, 74
2026/09/21 02:47:08.960, 100, 28112, 32623, 199.93, 74
2026/09/21 02:47:09.960, 100, 28112, 32623, 200.05, 74
2026/09/21 02:47:10.960, 100, 28112, 32623, 199.99, 74
2026/09/21 02:47:11.961, 100, 28112, 32623, 199.99, 76
2026/09/21 02:47:12.961, 100, 28112, 32623, 200.00, 75
2026/09/21 02:47:13.961, 98, 28112, 32623, 199.64, 74
2026/09/21 02:47:14.961, 100, 28112, 32623, 200.37, 74
2026/09/21 02:47:15.962, 100, 28112, 32623, 199.97, 74
2026/09/21 02:47:16.962, 100, 28112, 32623, 200.02, 76
2026/09/21 02:47:17.962, 100, 28112, 32623, 199.99, 75
2026/09/21 02:47:18.962, 100, 28112, 32623, 200.01, 76
2026/09/21 02:47:19.963, 100, 28112, 32623, 200.00, 74
2026/09/21 02:47:20.963, 99, 28112, 32623, 199.80, 75
2026/09/21 02:47:21.963, 100, 28112, 32623, 199.99, 74
2026/09/21 02:47:22.964, 100, 28112, 32623, 199.98, 76
2026/09/21 02:47:23.964, 100, 28112, 32623, 200.35, 74
2026/09/21 02:47:24.964, 100, 28112, 32623, 198.14, 74
2026/09/21 02:47:25.964, 100, 28112, 32623, 200.14, 74
2026/09/21 02:47:26.965, 100, 28112, 32623, 199.99, 76
2026/09/21 02:47:27.965, 100, 28112, 32623, 200.01, 76
2026/09/21 02:47:28.965, 100, 28112, 32623, 200.00, 74
2026/09/21 02:47:29.965, 100, 28112, 32623, 199.99, 75
2026/09/21 02:47:30.965, 100, 28112, 32623, 199.99, 74
2026/09/21 02:47:31.966, 100, 28112, 32623, 199.99, 74
2026/09/21 02:47:32.966, 100, 28112, 32623, 198.50, 75
2026/09/21 02:47:33.966, 100, 28112, 32623, 200.01, 76
2026/09/21 02:47:34.967, 100, 28112, 32623, 199.99, 75
2026/09/21 02:47:35.967, 98, 28112, 32623, 199.82, 73
2026/09/21 02:47:36.967, 100, 28112, 32623, 200.16, 76
2026/09/21 02:47:37.967, 100, 28112, 32623, 199.96, 76
2026/09/21 02:47:38.967, 100, 28112, 32623, 200.03, 75
2026/09/21 02:47:39.968, 100, 28112, 32623, 199.95, 76
2026/09/21 02:47:40.968, 100, 28112, 32623, 200.04, 75
2026/09/21 02:47:41.968, 100, 28112, 32623, 199.96, 76
2026/09/21 02:47:42.968, 100, 28112, 32623, 200.02, 74
2026/09/21 02:47:43.969, 100, 28112, 32623, 199.98, 74
2026/09/21 02:47:44.969, 100, 28112, 32623, 200.04, 76
2026/09/21 02:47:45.969, 100, 28112, 32623, 199.98, 74
2026/09/21 02:47:46.969, 100, 28112, 32623, 200.04, 76
2026/09/21 02:47:47.970, 100, 28112, 32623, 199.98, 76
2026/09/21 02:47:48.970, 100, 28112, 32623, 200.02, 76
2026/09/21 02:47:49.970, 100, 28112, 32623, 199.97, 74
2026/09/21 02:47:50.970, 100, 28112, 32623, 200.02, 76
2026/09/21 02:47:51.971, 100, 28112, 32623, 199.97, 73
2026/09/21 02:47:52.971, 100, 28112, 32623, 200.02, 75
2026/09/21 02:47:53.971, 100, 28112, 32623, 199.98, 76
2026/09/21 02:47:54.971, 100, 28112, 32623, 200.07, 74
2026/09/21 02:47:55.972, 100, 28112, 32623, 199.96, 76
2026/09/21 02:47:56.972, 100, 28112, 32623, 200.04, 76
2026/09/21 02:47:57.972, 100, 28112, 32623, 199.98, 75
2026/09/21 02:47:58.972, 100, 28112, 32623, 200.03, 74
2026/09/21 02:47:59.972, 100, 28112, 32623, 199.97, 76
2026/09/21 02:48:00.973, 100, 28112, 32623, 200.04, 75
2026/09/21 02:48:01.973, 99, 28112, 32623, 199.93, 76
2026/09/21 02:48:02.973, 100, 28112, 32623, 200.06, 76
2026/09/21 02:48:03.973, 100, 28112, 32623, 200.01, 76
2026/09/21 02:48:04.974, 100, 28112, 32623, 199.99, 76
2026/09/21 02:48:05.974, 100, 28112, 32623, 199.98, 76
2026/09/21 02:48:06.974, 100, 28112, 32623, 200.01, 76
2026/09/21 02:48:07.974, 100, 28112, 32623, 199.99, 76
2026/09/21 02:48:08.975, 100, 28112, 32623, 200.00, 76
2026/09/21 02:48:09.975, 100, 28112, 32623, 199.97, 75
2026/09/21 02:48:10.975, 100, 28112, 32623, 200.00, 76
2026/09/21 02:48:11.975, 100, 28112, 32623, 200.00, 74
2026/09/21 02:48:12.976, 100, 28112, 32623, 199.98, 76
2026/09/21 02:48:13.976, 100, 28112, 32623, 200.03, 75
2026/09/21 02:48:14.976, 100, 28112, 32623, 199.96, 76
2026/09/21 02:48:15.976, 100, 28112, 32623, 200.21, 76
2026/09/21 02:48:16.976, 99, 28112, 32623, 199.90, 76
2026/09/21 02:48:17.977, 100, 28112, 32623, 200.10, 75
2026/09/21 02:48:18.978, 100, 28112, 32623, 200.00, 76
2026/09/21 02:48:19.978, 100, 28112, 32623, 199.99, 75
2026/09/21 02:48:20.978, 100, 28112, 32623, 200.00, 75
2026/09/21 02:48:21.978, 100, 28112, 32623, 200.01, 76
2026/09/21 02:48:22.979, 100, 28112, 32623, 199.97, 74
2026/09/21 02:48:23.979, 100, 28112, 32623, 200.00, 76
2026/09/21 02:48:24.979, 100, 28112, 32623, 200.04, 75
2026/09/21 02:48:25.979, 98, 28112, 32623, 199.80, 74
2026/09/21 02:48:26.980, 100, 28112, 32623, 200.10, 76
2026/09/21 02:48:27.980, 100, 28112, 32623, 200.00, 76
2026/09/21 02:48:28.980, 100, 28112, 32623, 199.98, 76
2026/09/21 02:48:29.980, 100, 28112, 32623, 200.02, 76
2026/09/21 02:48:30.981, 100, 28112, 32623, 198.39, 74
2026/09/21 02:48:31.981, 100, 28112, 32623, 200.08, 75
2026/09/21 02:48:32.981, 100, 28112, 32623, 199.99, 77
2026/09/21 02:48:33.981, 100, 28112, 32623, 200.27, 74
2026/09/21 02:48:34.981, 100, 28112, 32623, 200.00, 76
2026/09/21 02:48:35.982, 100, 28112, 32623, 200.02, 75
2026/09/21 02:48:36.982, 100, 28112, 32623, 200.01, 75
2026/09/21 02:48:37.982, 100, 28112, 32623, 199.98, 76
2026/09/21 02:48:38.982, 100, 28112, 32623, 199.99, 76
2026/09/21 02:48:39.983, 100, 28112, 32623, 194.30, 77
2026/09/21 02:48:40.983, 100, 28112, 32623, 203.17, 76
2026/09/21 02:48:41.983, 100, 28112, 32623, 199.99, 76
2026/09/21 02:48:42.983, 100, 28112, 32623, 199.97, 75
2026/09/21 02:48:43.984, 100, 28112, 32623, 200.00, 75
2026/09/21 02:48:44.984, 100, 28112, 32623, 200.00, 77
2026/09/21 02:48:45.984, 100, 28112, 32623, 199.99, 76
2026/09/21 02:48:46.984, 98, 28112, 32623, 199.61, 77
2026/09/21 02:48:47.985, 100, 28112, 32623, 200.40, 76
2026/09/21 02:48:48.985, 100, 28112, 32623, 199.99, 76
2026/09/21 02:48:49.985, 100, 28112, 32623, 200.00, 75
2026/09/21 02:48:50.985, 100, 28112, 32623, 200.01, 75
2026/09/21 02:48:51.985, 100, 28112, 32623, 199.95, 75
2026/09/21 02:48:52.986, 100, 28112, 32623, 200.13, 74
2026/09/21 02:48:53.986, 100, 28112, 32623, 200.00, 75
2026/09/21 02:48:54.986, 100, 28112, 32623, 200.06, 74
2026/09/21 02:48:55.987, 100, 28112, 32623, 200.03, 76
2026/09/21 02:48:56.987, 100, 28112, 32623, 199.99, 75
2026/09/21 02:48:57.987, 100, 28112, 32623, 200.01, 76
2026/09/21 02:48:58.987, 100, 28112, 32623, 200.02, 77
2026/09/21 02:48:59.988, 100, 28112, 32623, 199.99, 76
2026/09/21 02:49:00.988, 100, 28112, 32623, 199.99, 75
2026/09/21 02:49:01.988, 100, 28112, 32623, 199.97, 74
2026/09/21 02:49:02.988, 100, 28112, 32623, 200.00, 76
2026/09/21 02:49:03.989, 99, 28112, 32623, 199.83, 75
2026/09/21 02:49:04.989, 100, 28112, 32623, 200.17, 76
2026/09/21 02:49:05.989, 100, 28112, 32623, 200.00, 74
2026/09/21 02:49:06.989, 100, 28112, 32623, 199.98, 74
2026/09/21 02:49:07.989, 100, 28112, 32623, 199.98, 76
2026/09/21 02:49:08.990, 99, 28112, 32623, 199.84, 77
2026/09/21 02:49:09.990, 100, 28112, 32623, 200.00, 75
2026/09/21 02:49:10.991, 100, 28112, 32623, 199.98, 77
2026/09/21 02:49:11.991, 100, 28112, 32623, 199.95, 76
2026/09/21 02:49:12.991, 100, 28112, 32623, 200.02, 75
2026/09/21 02:49:13.992, 100, 28112, 32623, 200.00, 74
2026/09/21 02:49:14.992, 100, 28112, 32623, 199.98, 77
2026/09/21 02:49:15.992, 100, 28112, 32623, 199.99, 74
2026/09/21 02:49:16.992, 100, 28112, 32623, 199.95, 75
2026/09/21 02:49:17.992, 100, 28112, 32623, 200.06, 76
2026/09/21 02:49:18.993, 100, 28112, 32623, 199.99, 74
2026/09/21 02:49:19.993, 100, 28112, 32623, 200.00, 77
2026/09/21 02:49:20.993, 100, 28112, 32623, 199.99, 75
2026/09/21 02:49:21.993, 99, 28112, 32623, 199.85, 77
2026/09/21 02:49:22.993, 100, 28112, 32623, 200.06, 76
2026/09/21 02:49:23.994, 100, 28112, 32623, 199.98, 77
2026/09/21 02:49:24.994, 100, 28112, 32623, 200.03, 76
2026/09/21 02:49:25.994, 100, 28112, 32623, 200.01, 77
2026/09/21 02:49:26.994, 100, 28112, 32623, 200.00, 76
2026/09/21 02:49:27.995, 100, 28112, 32623, 200.06, 76
2026/09/21 02:49:28.995, 100, 28112, 32623, 199.99, 75
2026/09/21 02:49:29.995, 100, 28112, 32623, 199.96, 76
2026/09/21 02:49:30.995, 100, 28112, 32623, 200.02, 74
2026/09/21 02:49:31.996, 100, 28112, 32623, 200.00, 75
2026/09/21 02:49:32.996, 100, 28112, 32623, 199.98, 76
2026/09/21 02:49:33.996, 100, 28112, 32623, 200.00, 74
2026/09/21 02:49:34.996, 99, 28112, 32623, 199.82, 77
2026/09/21 02:49:35.996, 100, 28112, 32623, 200.00, 75
2026/09/21 02:49:36.997, 100, 28112, 32623, 200.02, 74
2026/09/21 02:49:37.997, 100, 28112, 32623, 199.92, 76
2026/09/21 02:49:38.997, 100, 28112, 32623, 200.10, 76
2026/09/21 02:49:39.997, 100, 28112, 32623, 200.00, 74
2026/09/21 02:49:40.998, 100, 28112, 32623, 196.87, 76
2026/09/21 02:49:41.998, 100, 28112, 32623, 200.11, 76
2026/09/21 02:49:42.998, 100, 28112, 32623, 200.00, 76
2026/09/21 02:49:43.998, 100, 28112, 32623, 199.94, 75
2026/09/21 02:49:44.999, 100, 28112, 32623, 200.00, 74
2026/09/21 02:49:45.999, 47, 28112, 32623, 192.89, 77
2026/09/21 02:49:46.999, 100, 28112, 32623, 204.04, 75
2026/09/21 02:49:47.999, 100, 28112, 32623, 194.95, 76
2026/09/21 02:49:49.000, 100, 28112, 32623, 200.58, 76
2026/09/21 02:49:50.000, 100, 28112, 32623, 199.99, 75
2026/09/21 02:49:51.000, 100, 28112, 32623, 195.99, 74
2026/09/21 02:49:52.000, 100, 28112, 32623, 200.03, 76
2026/09/21 02:49:53.001, 100, 28112, 32623, 200.01, 75
2026/09/21 02:49:54.001, 93, 28112, 32623, 193.98, 75
2026/09/21 02:49:55.001, 100, 28112, 32623, 203.69, 76
2026/09/21 02:49:56.001, 100, 28112, 32623, 194.87, 74
2026/09/21 02:49:57.001, 95, 28112, 32623, 199.38, 72
2026/09/21 02:49:58.002, 95, 28112, 32623, 199.97, 72
2026/09/21 02:49:59.002, 94, 28112, 32623, 199.89, 72
2026/09/21 02:50:00.002, 94, 28112, 32623, 199.97, 74
2026/09/21 02:50:01.002, 94, 28112, 32623, 199.90, 74
2026/09/21 02:50:02.003, 94, 28112, 32623, 200.45, 74
2026/09/21 02:50:03.003, 94, 28112, 32623, 199.97, 74
2026/09/21 02:50:04.003, 94, 28112, 32623, 199.79, 73
2026/09/21 02:50:05.003, 94, 28112, 32623, 199.90, 73
2026/09/21 02:50:06.003, 94, 28112, 32623, 199.90, 72
2026/09/21 02:50:07.004, 100, 28112, 32623, 200.94, 72
2026/09/21 02:50:08.004, 100, 28112, 32623, 199.99, 73
2026/09/21 02:50:09.004, 100, 28112, 32623, 199.96, 73
2026/09/21 02:50:10.004, 100, 28112, 32623, 200.02, 73
2026/09/21 02:50:11.005, 100, 28112, 32623, 200.03, 73
2026/09/21 02:50:12.005, 100, 28112, 32623, 199.96, 73
2026/09/21 02:50:13.005, 100, 28112, 32623, 199.95, 74
2026/09/21 02:50:14.005, 100, 28112, 32623, 200.05, 74
2026/09/21 02:50:15.006, 97, 28112, 32623, 200.34, 74
2026/09/21 02:50:16.006, 100, 28112, 32623, 200.23, 74
2026/09/21 02:50:17.006, 100, 28112, 32623, 200.01, 73
2026/09/21 02:50:18.006, 100, 28112, 32623, 200.02, 73
2026/09/21 02:50:19.006, 100, 28112, 32623, 199.98, 74
2026/09/21 02:50:20.007, 100, 28112, 32623, 163.95, 73
2026/09/21 02:50:21.007, 100, 28112, 32623, 200.04, 74
2026/09/21 02:50:22.007, 98, 28112, 32623, 199.86, 74
2026/09/21 02:50:23.007, 100, 28112, 32623, 200.14, 74
2026/09/21 02:50:24.008, 100, 28112, 32623, 199.99, 74
2026/09/21 02:50:25.008, 100, 28112, 32623, 124.10, 72
2026/09/21 02:50:26.008, 100, 28112, 32623, 202.04, 73
2026/09/21 02:50:27.008, 100, 28112, 32623, 199.98, 74
2026/09/21 02:50:28.009, 100, 28112, 32623, 199.99, 74
2026/09/21 02:50:29.009, 100, 28112, 32623, 200.01, 74
2026/09/21 02:50:30.009, 47, 28112, 32623, 161.30, 72
2026/09/21 02:50:31.009, 100, 28112, 32623, 196.93, 74
2026/09/21 02:50:32.012, 100, 28112, 32623, 200.02, 74
2026/09/21 02:50:33.012, 100, 28112, 32623, 200.01, 75
2026/09/21 02:50:34.013, 100, 28112, 32623, 199.94, 74
2026/09/21 02:50:35.013, 100, 28112, 32623, 200.03, 74
2026/09/21 02:50:36.013, 100, 28112, 32623, 199.98, 76
2026/09/21 02:50:37.013, 100, 28112, 32623, 199.99, 74
2026/09/21 02:50:38.013, 100, 28112, 32623, 200.02, 75
2026/09/21 02:50:39.014, 99, 28112, 32623, 199.84, 75
2026/09/21 02:50:40.014, 100, 28112, 32623, 200.17, 74
2026/09/21 02:50:41.014, 100, 28112, 32623, 199.99, 76
2026/09/21 02:50:42.014, 100, 28112, 32623, 200.00, 74
2026/09/21 02:50:43.015, 100, 28112, 32623, 195.56, 72
2026/09/21 02:50:44.015, 100, 28112, 32623, 196.74, 75
2026/09/21 02:50:45.015, 100, 28112, 32623, 199.97, 74
2026/09/21 02:50:46.015, 98, 28112, 32623, 199.95, 76
2026/09/21 02:50:47.015, 100, 28112, 32623, 200.10, 74
2026/09/21 02:50:48.016, 100, 28112, 32623, 199.98, 74
2026/09/21 02:50:49.016, 100, 28112, 32623, 196.51, 75
2026/09/21 02:50:50.016, 100, 28112, 32623, 200.58, 74
2026/09/21 02:50:51.017, 100, 28112, 32623, 200.01, 74
2026/09/21 02:50:52.017, 100, 28112, 32623, 199.99, 75
2026/09/21 02:50:53.017, 100, 28112, 32623, 200.00, 76
2026/09/21 02:50:54.017, 100, 28112, 32623, 200.01, 76
2026/09/21 02:50:55.018, 100, 28112, 32623, 199.99, 74
2026/09/21 02:50:56.018, 100, 28112, 32623, 200.01, 75
2026/09/21 02:50:57.018, 100, 28112, 32623, 199.99, 76
2026/09/21 02:50:58.018, 100, 28112, 32623, 200.00, 75
2026/09/21 02:50:59.019, 100, 28112, 32623, 200.01, 76
2026/09/21 02:51:00.019, 100, 28112, 32623, 199.98, 75
2026/09/21 02:51:01.019, 100, 28112, 32623, 199.96, 75
2026/09/21 02:51:02.019, 100, 28112, 32623, 200.02, 76
2026/09/21 02:51:03.019, 100, 28112, 32623, 199.99, 76
2026/09/21 02:51:04.020, 100, 28112, 32623, 199.95, 75
2026/09/21 02:51:05.020, 100, 28112, 32623, 200.00, 74
2026/09/21 02:51:06.020, 100, 28112, 32623, 200.01, 74
2026/09/21 02:51:07.021, 99, 28112, 32623, 199.70, 75
2026/09/21 02:51:08.021, 100, 28112, 32623, 200.31, 74
2026/09/21 02:51:09.021, 100, 28112, 32623, 200.00, 75
2026/09/21 02:51:10.021, 100, 28112, 32623, 199.99, 74
2026/09/21 02:51:11.021, 100, 28112, 32623, 200.02, 77
2026/09/21 02:51:12.022, 97, 28112, 32623, 199.95, 75
2026/09/21 02:51:13.022, 100, 28112, 32623, 200.03, 74
2026/09/21 02:51:14.022, 100, 28112, 32623, 200.01, 76
2026/09/21 02:51:15.022, 100, 28112, 32623, 199.98, 76
2026/09/21 02:51:16.023, 100, 28112, 32623, 200.01, 74
2026/09/21 02:51:17.023, 98, 28112, 32623, 199.93, 75
2026/09/21 02:51:18.023, 100, 28112, 32623, 200.14, 74
2026/09/21 02:51:19.023, 100, 28112, 32623, 200.00, 74
2026/09/21 02:51:20.024, 100, 28112, 32623, 200.00, 75
2026/09/21 02:51:21.024, 100, 28112, 32623, 199.98, 75
2026/09/21 02:51:22.024, 100, 28112, 32623, 199.59, 77
2026/09/21 02:51:23.024, 100, 28112, 32623, 199.98, 76
2026/09/21 02:51:24.024, 100, 28112, 32623, 199.99, 76
2026/09/21 02:51:25.025, 100, 28112, 32623, 200.04, 75
2026/09/21 02:51:26.025, 100, 28112, 32623, 199.99, 76
2026/09/21 02:51:27.025, 100, 28112, 32623, 199.99, 75
2026/09/21 02:51:28.025, 100, 28112, 32623, 200.01, 75
2026/09/21 02:51:29.026, 100, 28112, 32623, 199.90, 76
2026/09/21 02:51:30.026, 100, 28112, 32623, 200.03, 75
2026/09/21 02:51:31.026, 100, 28112, 32623, 199.96, 76
2026/09/21 02:51:32.026, 100, 28112, 32623, 200.03, 76
2026/09/21 02:51:33.027, 100, 28112, 32623, 199.97, 75
2026/09/21 02:51:34.027, 100, 28112, 32623, 200.01, 76
2026/09/21 02:51:35.027, 100, 28112, 32623, 196.47, 76
2026/09/21 02:51:36.027, 100, 28112, 32623, 200.00, 76
2026/09/21 02:51:37.028, 100, 28112, 32623, 200.00, 75
2026/09/21 02:51:38.028, 100, 28112, 32623, 200.00, 75
2026/09/21 02:51:39.028, 100, 28112, 32623, 200.00, 75
2026/09/21 02:51:40.028, 99, 28112, 32623, 199.84, 76
2026/09/21 02:51:41.029, 100, 28112, 32623, 200.01, 76
2026/09/21 02:51:42.029, 86, 28112, 32623, 194.67, 76
2026/09/21 02:51:43.029, 100, 28112, 32623, 202.17, 74
2026/09/21 02:51:44.029, 100, 28112, 32623, 199.92, 75
2026/09/21 02:51:45.030, 100, 28112, 32623, 200.33, 75
2026/09/21 02:51:46.030, 100, 28112, 32623, 199.96, 74
2026/09/21 02:51:47.030, 100, 28112, 32623, 200.10, 76
2026/09/21 02:51:48.030, 100, 28112, 32623, 199.97, 76
2026/09/21 02:51:49.031, 100, 28112, 32623, 200.06, 75
2026/09/21 02:51:50.031, 100, 28112, 32623, 199.99, 75
2026/09/21 02:51:51.031, 100, 28112, 32623, 200.01, 76
2026/09/21 02:51:52.031, 100, 28112, 32623, 199.98, 76
2026/09/21 02:51:53.032, 100, 28112, 32623, 199.99, 74
2026/09/21 02:51:54.032, 100, 28112, 32623, 200.00, 75
2026/09/21 02:51:55.032, 100, 28112, 32623, 199.98, 75
2026/09/21 02:51:56.032, 100, 28112, 32623, 200.01, 74
2026/09/21 02:51:57.033, 100, 28112, 32623, 200.01, 76
2026/09/21 02:51:58.033, 100, 28112, 32623, 199.98, 74
2026/09/21 02:51:59.033, 100, 28112, 32623, 200.01, 76
2026/09/21 02:52:00.033, 100, 28112, 32623, 200.01, 75
2026/09/21 02:52:01.033, 100, 28112, 32623, 199.99, 76
2026/09/21 02:52:02.034, 100, 28112, 32623, 200.01, 75
2026/09/21 02:52:03.034, 100, 28112, 32623, 200.02, 75
2026/09/21 02:52:04.034, 100, 28112, 32623, 199.99, 76
2026/09/21 02:52:05.034, 100, 28112, 32623, 200.01, 77
2026/09/21 02:52:06.035, 100, 28112, 32623, 199.97, 75
2026/09/21 02:52:07.035, 100, 28112, 32623, 200.01, 75
2026/09/21 02:52:08.035, 100, 28112, 32623, 199.98, 76
2026/09/21 02:52:09.035, 100, 28112, 32623, 200.02, 76
2026/09/21 02:52:10.036, 100, 28112, 32623, 199.99, 75
2026/09/21 02:52:11.036, 100, 28112, 32623, 200.10, 76
2026/09/21 02:52:12.036, 100, 28112, 32623, 199.90, 75
2026/09/21 02:52:13.036, 100, 28112, 32623, 200.37, 75
2026/09/21 02:52:14.036, 100, 28112, 32623, 199.91, 77
2026/09/21 02:52:15.037, 100, 28112, 32623, 200.08, 74
2026/09/21 02:52:16.037, 100, 28112, 32623, 199.85, 75
2026/09/21 02:52:17.037, 100, 28112, 32623, 200.00, 74
2026/09/21 02:52:18.037, 100, 28112, 32623, 199.99, 75
2026/09/21 02:52:19.038, 100, 28112, 32623, 199.99, 74
2026/09/21 02:52:20.038, 100, 28112, 32623, 200.01, 77
2026/09/21 02:52:21.038, 100, 28112, 32623, 199.97, 75
2026/09/21 02:52:22.038, 100, 28112, 32623, 199.99, 77
2026/09/21 02:52:23.039, 100, 28112, 32623, 199.99, 77
2026/09/21 02:52:24.039, 100, 28112, 32623, 199.98, 75
2026/09/21 02:52:25.039, 100, 28112, 32623, 199.99, 75
2026/09/21 02:52:26.039, 100, 28112, 32623, 200.02, 76
2026/09/21 02:52:27.039, 100, 28112, 32623, 199.93, 75
2026/09/21 02:52:28.040, 100, 28112, 32623, 200.41, 76
2026/09/21 02:52:29.040, 99, 28112, 32623, 200.01, 77
2026/09/21 02:52:30.040, 100, 28112, 32623, 200.01, 77
2026/09/21 02:52:31.040, 100, 28112, 32623, 199.99, 75
2026/09/21 02:52:32.041, 100, 28112, 32623, 200.01, 75
2026/09/21 02:52:33.041, 100, 28112, 32623, 200.00, 76
2026/09/21 02:52:34.041, 100, 28112, 32623, 200.00, 75
2026/09/21 02:52:35.041, 100, 28112, 32623, 199.98, 77
2026/09/21 02:52:36.042, 100, 28112, 32623, 199.92, 76
2026/09/21 02:52:37.042, 100, 28112, 32623, 200.03, 76
2026/09/21 02:52:38.042, 100, 28112, 32623, 199.81, 76
2026/09/21 02:52:39.042, 100, 28112, 32623, 200.17, 76
2026/09/21 02:52:40.042, 100, 28112, 32623, 200.01, 75
2026/09/21 02:52:41.043, 100, 28112, 32623, 197.55, 74
2026/09/21 02:52:42.043, 100, 28112, 32623, 200.00, 76
2026/09/21 02:52:43.043, 100, 28112, 32623, 200.00, 75
2026/09/21 02:52:44.043, 100, 28112, 32623, 200.10, 75
2026/09/21 02:52:45.044, 95, 28112, 32623, 199.35, 76
2026/09/21 02:52:46.044, 100, 28112, 32623, 200.74, 75
2026/09/21 02:52:47.044, 100, 28112, 32623, 200.02, 75
2026/09/21 02:52:48.044, 100, 28112, 32623, 199.99, 76
2026/09/21 02:52:49.045, 100, 28112, 32623, 200.02, 76
2026/09/21 02:52:50.045, 100, 28112, 32623, 199.92, 75
2026/09/21 02:52:51.045, 100, 28112, 32623, 200.06, 75
2026/09/21 02:52:52.045, 99, 28112, 32623, 199.84, 75
2026/09/21 02:52:53.046, 100, 28112, 32623, 200.15, 76
2026/09/21 02:52:54.046, 100, 28112, 32623, 199.98, 76
2026/09/21 02:52:55.046, 100, 28112, 32623, 200.00, 76
2026/09/21 02:52:56.046, 100, 28112, 32623, 200.02, 77
2026/09/21 02:52:57.046, 100, 28112, 32623, 199.92, 75
2026/09/21 02:52:58.047, 100, 28112, 32623, 200.06, 75
2026/09/21 02:52:59.047, 100, 28112, 32623, 200.01, 75
2026/09/21 02:53:00.047, 100, 28112, 32623, 199.99, 75
2026/09/21 02:53:01.047, 100, 28112, 32623, 200.01, 75
2026/09/21 02:53:02.048, 100, 28112, 32623, 199.97, 75
2026/09/21 02:53:03.048, 100, 28112, 32623, 200.01, 75
2026/09/21 02:53:04.048, 99, 28112, 32623, 199.87, 76
2026/09/21 02:53:05.048, 100, 28112, 32623, 199.99, 75
2026/09/21 02:53:06.049, 100, 28112, 32623, 200.02, 76
2026/09/21 02:53:07.049, 100, 28112, 32623, 199.97, 75
2026/09/21 02:53:08.049, 100, 28112, 32623, 200.03, 76
2026/09/21 02:53:09.049, 95, 28112, 32623, 199.51, 75
2026/09/21 02:53:10.050, 100, 28112, 32623, 200.54, 77
2026/09/21 02:53:11.050, 100, 28112, 32623, 199.99, 76
2026/09/21 02:53:12.050, 100, 28112, 32623, 199.98, 76
2026/09/21 02:53:13.050, 100, 28112, 32623, 199.99, 74
2026/09/21 02:53:14.050, 95, 28112, 32623, 199.75, 76
2026/09/21 02:53:15.051, 100, 28112, 32623, 200.06, 76
2026/09/21 02:53:16.051, 100, 28112, 32623, 200.00, 76
2026/09/21 02:53:17.051, 100, 28112, 32623, 199.99, 76
2026/09/21 02:53:18.051, 100, 28112, 32623, 199.99, 75
2026/09/21 02:53:19.052, 96, 28112, 32623, 199.64, 75
2026/09/21 02:53:20.052, 100, 28112, 32623, 200.07, 77
2026/09/21 02:53:21.052, 100, 28112, 32623, 199.98, 74
2026/09/21 02:53:22.052, 100, 28112, 32623, 199.99, 75
2026/09/21 02:53:23.052, 100, 28112, 32623, 200.01, 77
2026/09/21 02:53:24.053, 99, 28112, 32623, 199.91, 77
2026/09/21 02:53:25.053, 100, 28112, 32623, 200.09, 75
2026/09/21 02:53:26.053, 100, 28112, 32623, 199.99, 76
2026/09/21 02:53:27.053, 100, 28112, 32623, 199.97, 75
2026/09/21 02:53:28.054, 100, 28112, 32623, 200.04, 77
2026/09/21 02:53:29.054, 100, 28112, 32623, 199.97, 76
2026/09/21 02:53:30.054, 100, 28112, 32623, 200.01, 74
2026/09/21 02:53:31.054, 100, 28112, 32623, 199.97, 76
2026/09/21 02:53:32.055, 100, 28112, 32623, 199.92, 75
2026/09/21 02:53:33.055, 100, 28112, 32623, 200.14, 77
2026/09/21 02:53:34.055, 100, 28112, 32623, 200.02, 75
2026/09/21 02:53:35.055, 100, 28112, 32623, 199.98, 77
2026/09/21 02:53:36.056, 100, 28112, 32623, 200.01, 75
2026/09/21 02:53:37.056, 100, 28112, 32623, 199.93, 77
2026/09/21 02:53:38.056, 100, 28112, 32623, 200.09, 75
2026/09/21 02:53:39.056, 100, 28112, 32623, 199.99, 76
2026/09/21 02:53:40.056, 100, 28112, 32623, 199.98, 74
2026/09/21 02:53:41.057, 100, 28112, 32623, 200.02, 75
2026/09/21 02:53:42.057, 100, 28112, 32623, 199.99, 76
2026/09/21 02:53:43.057, 100, 28112, 32623, 200.01, 75
2026/09/21 02:53:44.057, 100, 28112, 32623, 199.99, 76
2026/09/21 02:53:45.058, 94, 28112, 32623, 199.34, 75
2026/09/21 02:53:46.058, 100, 28112, 32623, 200.09, 75
2026/09/21 02:53:47.058, 100, 28112, 32623, 200.00, 76
2026/09/21 02:53:48.058, 100, 28112, 32623, 200.01, 77
2026/09/21 02:53:49.058, 100, 28112, 32623, 200.01, 75
2026/09/21 02:53:50.059, 100, 28112, 32623, 199.98, 76
2026/09/21 02:53:51.059, 100, 28112, 32623, 200.01, 77
2026/09/21 02:53:52.059, 100, 28112, 32623, 200.00, 77
2026/09/21 02:53:53.059, 99, 28112, 32623, 199.82, 77
2026/09/21 02:53:54.060, 100, 28112, 32623, 200.19, 76
2026/09/21 02:53:55.060, 100, 28112, 32623, 199.99, 76
2026/09/21 02:53:56.060, 100, 28112, 32623, 199.67, 76
2026/09/21 02:53:57.060, 100, 28112, 32623, 200.32, 75
2026/09/21 02:53:58.061, 100, 28112, 32623, 199.94, 76
2026/09/21 02:53:59.061, 100, 28112, 32623, 200.04, 76
2026/09/21 02:54:00.061, 100, 28112, 32623, 199.98, 77
2026/09/21 02:54:01.061, 100, 28112, 32623, 199.98, 77
2026/09/21 02:54:02.062, 100, 28112, 32623, 200.03, 77
2026/09/21 02:54:03.062, 100, 28112, 32623, 199.99, 75
2026/09/21 02:54:04.062, 100, 28112, 32623, 199.94, 76
2026/09/21 02:54:05.062, 100, 28112, 32623, 200.04, 76
2026/09/21 02:54:06.063, 100, 28112, 32623, 199.96, 73
2026/09/21 02:54:07.063, 87, 28112, 32623, 198.35, 73
2026/09/21 02:54:08.063, 94, 28112, 32623, 199.84, 72
2026/09/21 02:54:09.063, 94, 28112, 32623, 199.93, 74
2026/09/21 02:54:10.066, 95, 28112, 32623, 200.46, 74
2026/09/21 02:54:11.066, 94, 28112, 32623, 199.83, 74
2026/09/21 02:54:12.066, 94, 28112, 32623, 200.02, 74
2026/09/21 02:54:13.067, 94, 28112, 32623, 199.85, 73
2026/09/21 02:54:14.067, 94, 28112, 32623, 199.98, 73
2026/09/21 02:54:15.067, 94, 28112, 32623, 199.81, 72
2026/09/21 02:54:16.067, 95, 28112, 32623, 200.06, 72
2026/09/21 02:54:17.068, 100, 28112, 32623, 201.15, 73
2026/09/21 02:54:18.068, 100, 28112, 32623, 200.00, 73
2026/09/21 02:54:19.068, 100, 28112, 32623, 200.00, 73
2026/09/21 02:54:20.068, 100, 28112, 32623, 199.99, 73
2026/09/21 02:54:21.069, 100, 28112, 32623, 200.00, 74
2026/09/21 02:54:22.069, 100, 28112, 32623, 200.01, 73
2026/09/21 02:54:23.069, 100, 28112, 32623, 199.99, 74
2026/09/21 02:54:24.069, 100, 28112, 32623, 200.00, 74
2026/09/21 02:54:25.070, 100, 28112, 32623, 199.97, 74
2026/09/21 02:54:26.070, 100, 28112, 32623, 199.97, 73
2026/09/21 02:54:27.070, 100, 28112, 32623, 199.98, 74
2026/09/21 02:54:28.070, 97, 28112, 32623, 199.75, 72
2026/09/21 02:54:29.071, 100, 28112, 32623, 200.01, 74
2026/09/21 02:54:30.071, 100, 28112, 32623, 166.61, 74
2026/09/21 02:54:31.071, 100, 28112, 32623, 200.00, 73
2026/09/21 02:54:32.071, 100, 28112, 32623, 199.99, 74
2026/09/21 02:54:33.072, 100, 28112, 32623, 199.98, 74
2026/09/21 02:54:34.072, 86, 28112, 32623, 199.27, 73
2026/09/21 02:54:35.072, 100, 28112, 32623, 131.85, 73
2026/09/21 02:54:36.072, 100, 28112, 32623, 200.01, 73
2026/09/21 02:54:37.072, 98, 28112, 32623, 199.89, 75
2026/09/21 02:54:38.073, 100, 28112, 32623, 200.17, 75
2026/09/21 02:54:39.073, 100, 28112, 32623, 200.01, 74
2026/09/21 02:54:40.073, 100, 28112, 32623, 170.14, 73
2026/09/21 02:54:41.073, 98, 28112, 32623, 200.00, 75
2026/09/21 02:54:42.074, 100, 28112, 32623, 200.15, 74
2026/09/21 02:54:43.074, 100, 28112, 32623, 199.99, 74
2026/09/21 02:54:44.074, 100, 28112, 32623, 199.99, 75
2026/09/21 02:54:45.074, 100, 28112, 32623, 200.01, 73
2026/09/21 02:54:46.075, 100, 28112, 32623, 200.04, 74
2026/09/21 02:54:47.075, 100, 28112, 32623, 200.01, 75
2026/09/21 02:54:48.075, 100, 28112, 32623, 200.01, 75
2026/09/21 02:54:49.075, 100, 28112, 32623, 200.00, 74
2026/09/21 02:54:50.076, 99, 28112, 32623, 199.80, 75
2026/09/21 02:54:51.076, 100, 28112, 32623, 200.01, 73
2026/09/21 02:54:52.076, 100, 28112, 32623, 199.98, 75
2026/09/21 02:54:53.076, 100, 28112, 32623, 199.68, 74
2026/09/21 02:54:54.077, 100, 28112, 32623, 200.35, 76
2026/09/21 02:54:55.077, 100, 28112, 32623, 199.99, 74
2026/09/21 02:54:56.077, 100, 28112, 32623, 199.98, 74
2026/09/21 02:54:57.077, 99, 28112, 32623, 199.80, 75
2026/09/21 02:54:58.078, 100, 28112, 32623, 200.20, 74
2026/09/21 02:54:59.078, 100, 28112, 32623, 199.99, 74
2026/09/21 02:55:00.078, 99, 28112, 32623, 199.92, 76
2026/09/21 02:55:01.078, 100, 28112, 32623, 200.09, 74
2026/09/21 02:55:02.079, 100, 28112, 32623, 199.99, 75
2026/09/21 02:55:03.079, 100, 28112, 32623, 199.96, 74
2026/09/21 02:55:04.079, 100, 28112, 32623, 200.04, 76
2026/09/21 02:55:05.079, 100, 28112, 32623, 199.99, 74
2026/09/21 02:55:06.080, 100, 28112, 32623, 199.94, 75
2026/09/21 02:55:07.080, 100, 28112, 32623, 200.07, 76
2026/09/21 02:55:08.080, 100, 28112, 32623, 200.02, 74
2026/09/21 02:55:09.080, 100, 28112, 32623, 199.95, 75
2026/09/21 02:55:10.080, 100, 28112, 32623, 200.05, 75
2026/09/21 02:55:11.081, 100, 28112, 32623, 200.01, 74
2026/09/21 02:55:12.081, 97, 28112, 32623, 199.56, 75
2026/09/21 02:55:13.081, 100, 28112, 32623, 199.99, 76
2026/09/21 02:55:14.081, 100, 28112, 32623, 200.01, 76
2026/09/21 02:55:15.082, 100, 28112, 32623, 200.00, 75
2026/09/21 02:55:16.082, 100, 28112, 32623, 199.99, 75
2026/09/21 02:55:17.082, 100, 28112, 32623, 199.98, 76
2026/09/21 02:55:18.082, 100, 28112, 32623, 200.05, 75
2026/09/21 02:55:19.082, 100, 28112, 32623, 199.97, 76
2026/09/21 02:55:20.083, 98, 28112, 32623, 199.84, 75
2026/09/21 02:55:21.083, 100, 28112, 32623, 200.16, 74
2026/09/21 02:55:22.083, 100, 28112, 32623, 200.01, 76
2026/09/21 02:55:23.083, 100, 28112, 32623, 199.99, 74
2026/09/21 02:55:24.084, 100, 28112, 32623, 199.98, 74
2026/09/21 02:55:25.084, 99, 28112, 32623, 199.91, 76
2026/09/21 02:55:26.084, 100, 28112, 32623, 200.10, 76
2026/09/21 02:55:27.084, 100, 28112, 32623, 199.99, 76
2026/09/21 02:55:28.085, 100, 28112, 32623, 200.00, 75
2026/09/21 02:55:29.085, 100, 28112, 32623, 199.99, 76
2026/09/21 02:55:30.085, 98, 28112, 32623, 199.61, 75
2026/09/21 02:55:31.085, 100, 28112, 32623, 200.00, 75
2026/09/21 02:55:32.085, 100, 28112, 32623, 199.97, 74
2026/09/21 02:55:33.086, 100, 28112, 32623, 200.03, 75
2026/09/21 02:55:34.086, 100, 28112, 32623, 199.99, 75
2026/09/21 02:55:35.086, 100, 28112, 32623, 199.97, 74
2026/09/21 02:55:36.086, 100, 28112, 32623, 200.00, 74
2026/09/21 02:55:37.087, 99, 28112, 32623, 199.78, 74
2026/09/21 02:55:38.087, 100, 28112, 32623, 200.16, 74
2026/09/21 02:55:39.087, 100, 28112, 32623, 199.98, 75
2026/09/21 02:55:40.087, 100, 28112, 32623, 200.02, 75
2026/09/21 02:55:41.088, 100, 28112, 32623, 200.02, 75
2026/09/21 02:55:42.088, 100, 28112, 32623, 200.00, 74
2026/09/21 02:55:43.088, 100, 28112, 32623, 200.01, 76
2026/09/21 02:55:44.088, 100, 28112, 32623, 200.01, 75
2026/09/21 02:55:45.089, 100, 28112, 32623, 199.99, 74
2026/09/21 02:55:46.089, 100, 28112, 32623, 199.88, 76
2026/09/21 02:55:47.089, 100, 28112, 32623, 200.14, 76
2026/09/21 02:55:48.089, 100, 28112, 32623, 199.97, 75
2026/09/21 02:55:49.089, 100, 28112, 32623, 200.17, 76
2026/09/21 02:55:50.090, 100, 28112, 32623, 199.98, 75
2026/09/21 02:55:51.090, 100, 28112, 32623, 200.01, 75
2026/09/21 02:55:52.090, 100, 28112, 32623, 199.58, 74
2026/09/21 02:55:53.090, 100, 28112, 32623, 200.17, 77
2026/09/21 02:55:54.091, 100, 28112, 32623, 199.98, 77
2026/09/21 02:55:55.091, 100, 28112, 32623, 199.98, 76
2026/09/21 02:55:56.091, 100, 28112, 32623, 200.01, 77
2026/09/21 02:55:57.091, 100, 28112, 32623, 199.97, 74
2026/09/21 02:55:58.092, 100, 28112, 32623, 199.99, 75
2026/09/21 02:55:59.092, 100, 28112, 32623, 200.01, 75
2026/09/21 02:56:00.092, 100, 28112, 32623, 200.03, 77
2026/09/21 02:56:01.092, 100, 28112, 32623, 199.99, 74
2026/09/21 02:56:02.093, 100, 28112, 32623, 199.99, 75
2026/09/21 02:56:03.093, 100, 28112, 32623, 199.99, 76
2026/09/21 02:56:04.093, 100, 28112, 32623, 199.99, 76
2026/09/21 02:56:05.093, 100, 28112, 32623, 199.99, 76
2026/09/21 02:56:06.093, 100, 28112, 32623, 199.99, 76
2026/09/21 02:56:07.094, 100, 28112, 32623, 200.01, 75
2026/09/21 02:56:08.094, 100, 28112, 32623, 199.98, 76
2026/09/21 02:56:09.094, 100, 28112, 32623, 199.98, 76
2026/09/21 02:56:10.095, 100, 28112, 32623, 199.97, 75
2026/09/21 02:56:11.095, 100, 28112, 32623, 200.01, 76
2026/09/21 02:56:12.095, 100, 28112, 32623, 199.98, 74
2026/09/21 02:56:13.095, 100, 28112, 32623, 199.99, 75
2026/09/21 02:56:14.095, 100, 28112, 32623, 199.99, 77
2026/09/21 02:56:15.096, 100, 28112, 32623, 200.02, 74
2026/09/21 02:56:16.096, 100, 28112, 32623, 200.01, 76
2026/09/21 02:56:17.096, 100, 28112, 32623, 199.99, 75
2026/09/21 02:56:18.096, 100, 28112, 32623, 200.01, 76
2026/09/21 02:56:19.097, 100, 28112, 32623, 200.00, 76
2026/09/21 02:56:20.097, 100, 28112, 32623, 199.98, 74
2026/09/21 02:56:21.097, 100, 28112, 32623, 200.02, 75
2026/09/21 02:56:22.097, 100, 28112, 32623, 199.99, 75
2026/09/21 02:56:23.098, 100, 28112, 32623, 200.01, 74
2026/09/21 02:56:24.098, 100, 28112, 32623, 199.98, 76
2026/09/21 02:56:25.098, 100, 28112, 32623, 200.01, 75
2026/09/21 02:56:26.098, 100, 28112, 32623, 199.90, 75
2026/09/21 02:56:27.099, 100, 28112, 32623, 200.09, 75
2026/09/21 02:56:28.099, 100, 28112, 32623, 199.83, 77
2026/09/21 02:56:29.099, 100, 28112, 32623, 200.29, 75
2026/09/21 02:56:30.099, 100, 28112, 32623, 199.98, 77
2026/09/21 02:56:31.099, 100, 28112, 32623, 200.01, 76
2026/09/21 02:56:32.100, 100, 28112, 32623, 199.97, 77
2026/09/21 02:56:33.100, 100, 28112, 32623, 199.97, 76
2026/09/21 02:56:34.100, 100, 28112, 32623, 200.03, 75
2026/09/21 02:56:35.100, 100, 28112, 32623, 199.98, 75
2026/09/21 02:56:36.101, 100, 28112, 32623, 199.99, 77
2026/09/21 02:56:37.101, 100, 28112, 32623, 199.98, 77
2026/09/21 02:56:38.101, 100, 28112, 32623, 200.01, 75
2026/09/21 02:56:39.102, 100, 28112, 32623, 199.95, 76
2026/09/21 02:56:40.102, 100, 28112, 32623, 200.48, 76
2026/09/21 02:56:41.102, 99, 28112, 32623, 199.87, 76
2026/09/21 02:56:42.102, 100, 28112, 32623, 200.14, 77
2026/09/21 02:56:43.102, 100, 28112, 32623, 200.00, 75
2026/09/21 02:56:44.103, 100, 28112, 32623, 200.00, 76
2026/09/21 02:56:45.103, 100, 28112, 32623, 199.99, 76
2026/09/21 02:56:46.103, 100, 28112, 32623, 200.01, 75
2026/09/21 02:56:47.104, 100, 28112, 32623, 199.98, 75
2026/09/21 02:56:48.104, 100, 28112, 32623, 199.96, 76
2026/09/21 02:56:49.104, 100, 28112, 32623, 200.50, 75
2026/09/21 02:56:50.104, 100, 28112, 32623, 200.01, 77
2026/09/21 02:56:51.105, 100, 28112, 32623, 199.78, 75
2026/09/21 02:56:52.105, 100, 28112, 32623, 200.00, 74
2026/09/21 02:56:53.105, 100, 28112, 32623, 200.01, 77
2026/09/21 02:56:54.105, 100, 28112, 32623, 200.00, 75
2026/09/21 02:56:55.105, 100, 28112, 32623, 199.98, 77
2026/09/21 02:56:56.106, 100, 28112, 32623, 200.01, 77
2026/09/21 02:56:57.106, 100, 28112, 32623, 200.01, 77
2026/09/21 02:56:58.106, 100, 28112, 32623, 199.98, 74
2026/09/21 02:56:59.106, 100, 28112, 32623, 199.99, 76
2026/09/21 02:57:00.106, 100, 28112, 32623, 199.99, 77
2026/09/21 02:57:01.107, 100, 28112, 32623, 199.99, 77
2026/09/21 02:57:02.107, 100, 28112, 32623, 199.94, 75
2026/09/21 02:57:03.107, 100, 28112, 32623, 200.36, 75
2026/09/21 02:57:04.107, 100, 28112, 32623, 200.00, 75
2026/09/21 02:57:05.108, 100, 28112, 32623, 200.00, 76
2026/09/21 02:57:06.108, 100, 28112, 32623, 199.99, 76
2026/09/21 02:57:07.108, 100, 28112, 32623, 199.97, 77
2026/09/21 02:57:08.108, 100, 28112, 32623, 200.03, 77
2026/09/21 02:57:09.109, 96, 28112, 32623, 199.53, 75
2026/09/21 02:57:10.109, 100, 28112, 32623, 200.15, 76
2026/09/21 02:57:11.109, 100, 28112, 32623, 199.97, 77
2026/09/21 02:57:12.109, 100, 28112, 32623, 200.00, 75
2026/09/21 02:57:13.109, 100, 28112, 32623, 200.01, 76
2026/09/21 02:57:14.110, 100, 28112, 32623, 199.90, 75
2026/09/21 02:57:15.110, 100, 28112, 32623, 200.09, 77
2026/09/21 02:57:16.110, 100, 28112, 32623, 199.99, 76
2026/09/21 02:57:17.110, 100, 28112, 32623, 199.99, 76
2026/09/21 02:57:18.111, 100, 28112, 32623, 199.97, 76
2026/09/21 02:57:19.111, 100, 28112, 32623, 199.95, 77
2026/09/21 02:57:20.111, 100, 28112, 32623, 200.02, 76
2026/09/21 02:57:21.111, 100, 28112, 32623, 200.02, 75
2026/09/21 02:57:22.112, 100, 28112, 32623, 200.03, 74
2026/09/21 02:57:23.112, 100, 28112, 32623, 200.01, 76
2026/09/21 02:57:24.112, 100, 28112, 32623, 199.99, 75
2026/09/21 02:57:25.112, 100, 28112, 32623, 199.98, 76
2026/09/21 02:57:26.113, 100, 28112, 32623, 199.99, 75
2026/09/21 02:57:27.113, 100, 28112, 32623, 199.99, 74
2026/09/21 02:57:28.113, 100, 28112, 32623, 200.01, 76
2026/09/21 02:57:29.113, 100, 28112, 32623, 199.94, 76
2026/09/21 02:57:30.114, 100, 28112, 32623, 200.02, 74
2026/09/21 02:57:31.114, 100, 28112, 32623, 199.98, 76
2026/09/21 02:57:32.114, 100, 28112, 32623, 200.00, 76
2026/09/21 02:57:33.114, 100, 28112, 32623, 199.97, 75
2026/09/21 02:57:34.115, 100, 28112, 32623, 199.90, 74
2026/09/21 02:57:35.115, 100, 28112, 32623, 200.10, 76
2026/09/21 02:57:36.115, 100, 28112, 32623, 199.97, 75
2026/09/21 02:57:37.115, 100, 28112, 32623, 200.02, 76
2026/09/21 02:57:38.116, 100, 28112, 32623, 199.98, 76
2026/09/21 02:57:39.116, 95, 28112, 32623, 199.60, 75
2026/09/21 02:57:40.116, 100, 28112, 32623, 200.40, 76
2026/09/21 02:57:41.116, 100, 28112, 32623, 200.02, 74
2026/09/21 02:57:42.117, 100, 28112, 32623, 200.00, 77
2026/09/21 02:57:43.117, 100, 28112, 32623, 199.99, 74
2026/09/21 02:57:44.117, 100, 28112, 32623, 200.00, 76
2026/09/21 02:57:45.117, 100, 28112, 32623, 199.97, 75
2026/09/21 02:57:46.117, 100, 28112, 32623, 199.99, 76
2026/09/21 02:57:47.118, 100, 28112, 32623, 199.89, 75
2026/09/21 02:57:48.118, 100, 28112, 32623, 200.06, 76
2026/09/21 02:57:49.118, 100, 28112, 32623, 200.02, 75
2026/09/21 02:57:50.118, 100, 28112, 32623, 200.00, 77
2026/09/21 02:57:51.119, 100, 28112, 32623, 199.99, 77
2026/09/21 02:57:52.119, 99, 28112, 32623, 199.80, 75
2026/09/21 02:57:53.119, 100, 28112, 32623, 200.16, 77
2026/09/21 02:57:54.119, 100, 28112, 32623, 200.02, 75
2026/09/21 02:57:55.120, 100, 28112, 32623, 199.97, 77
2026/09/21 02:57:56.120, 100, 28112, 32623, 200.09, 77
2026/09/21 02:57:57.120, 100, 28112, 32623, 200.03, 77
2026/09/21 02:57:58.120, 100, 28112, 32623, 199.96, 76
2026/09/21 02:57:59.123, 100, 28112, 32623, 200.00, 77
2026/09/21 02:58:00.123, 99, 28112, 32623, 199.79, 76
2026/09/21 02:58:01.123, 100, 28112, 32623, 200.19, 74
2026/09/21 02:58:02.124, 100, 28112, 32623, 200.00, 74
2026/09/21 02:58:03.124, 100, 28112, 32623, 199.98, 77
2026/09/21 02:58:04.124, 100, 28112, 32623, 200.24, 77
2026/09/21 02:58:05.124, 100, 28112, 32623, 200.01, 74
2026/09/21 02:58:06.125, 100, 28112, 32623, 199.97, 77
2026/09/21 02:58:07.125, 100, 28112, 32623, 200.01, 76
2026/09/21 02:58:08.125, 100, 28112, 32623, 200.01, 75
2026/09/21 02:58:09.125, 100, 28112, 32623, 200.01, 74
2026/09/21 02:58:10.126, 100, 28112, 32623, 199.92, 77
2026/09/21 02:58:11.126, 100, 28112, 32623, 200.06, 76
2026/09/21 02:58:12.126, 100, 28112, 32623, 200.01, 76
2026/09/21 02:58:13.127, 100, 28112, 32623, 199.99, 76
2026/09/21 02:58:14.127, 100, 28112, 32623, 200.00, 76
2026/09/21 02:58:15.127, 100, 28112, 32623, 199.99, 75
2026/09/21 02:58:16.127, 95, 28112, 32623, 199.21, 73
2026/09/21 02:58:17.127, 95, 28112, 32623, 199.83, 73
2026/09/21 02:58:18.128, 95, 28112, 32623, 200.05, 73
2026/09/21 02:58:19.128, 95, 28112, 32623, 199.99, 73
2026/09/21 02:58:20.128, 95, 28112, 32623, 199.90, 72
2026/09/21 02:58:21.128, 95, 28112, 32623, 200.01, 72
2026/09/21 02:58:22.129, 95, 28112, 32623, 200.01, 72
2026/09/21 02:58:23.129, 95, 28112, 32623, 200.00, 73
2026/09/21 02:58:24.129, 94, 28112, 32623, 199.61, 72
2026/09/21 02:58:25.129, 94, 28112, 32623, 199.94, 74
2026/09/21 02:58:26.129, 96, 28112, 32623, 200.66, 74
2026/09/21 02:58:27.130, 94, 28112, 32623, 199.87, 73
2026/09/21 02:58:28.130, 98, 28112, 32623, 200.08, 73
2026/09/21 02:58:29.130, 100, 28112, 32623, 199.94, 74
2026/09/21 02:58:30.131, 100, 28112, 32623, 199.97, 73
2026/09/21 02:58:31.131, 100, 28112, 32623, 200.00, 74
2026/09/21 02:58:32.131, 100, 28112, 32623, 200.00, 73
2026/09/21 02:58:33.131, 100, 28112, 32623, 199.98, 74
2026/09/21 02:58:34.132, 100, 28112, 32623, 200.01, 74
2026/09/21 02:58:35.132, 100, 28112, 32623, 199.98, 73
2026/09/21 02:58:36.132, 100, 28112, 32623, 200.00, 73
2026/09/21 02:58:37.132, 100, 28112, 32623, 199.98, 73
2026/09/21 02:58:38.133, 100, 28112, 32623, 200.00, 74
2026/09/21 02:58:39.133, 21, 28112, 32623, 160.58, 64
2026/09/21 02:58:40.133, 100, 28112, 32623, 204.84, 74
2026/09/21 02:58:41.133, 100, 28112, 32623, 199.99, 73
2026/09/21 02:58:42.133, 100, 28112, 32623, 199.99, 75
2026/09/21 02:58:43.134, 100, 28112, 32623, 200.00, 74
2026/09/21 02:58:44.134, 0, 28112, 32623, 149.31, 64
2026/09/21 02:58:45.134, 100, 28112, 32623, 165.48, 73
2026/09/21 02:58:46.134, 100, 28112, 32623, 200.01, 75
2026/09/21 02:58:47.135, 100, 28112, 32623, 199.98, 74
2026/09/21 02:58:48.135, 100, 28112, 32623, 199.92, 75
2026/09/21 02:58:49.135, 100, 28112, 32623, 200.46, 74
2026/09/21 02:58:50.135, 100, 28112, 32623, 165.14, 73
2026/09/21 02:58:51.136, 100, 28112, 32623, 199.99, 74
2026/09/21 02:58:52.136, 100, 28112, 32623, 199.95, 75
2026/09/21 02:58:53.136, 100, 28112, 32623, 200.22, 74
2026/09/21 02:58:54.136, 100, 28112, 32623, 199.99, 75
2026/09/21 02:58:55.137, 100, 28112, 32623, 200.01, 74
2026/09/21 02:58:56.137, 100, 28112, 32623, 199.96, 74
2026/09/21 02:58:57.137, 99, 28112, 32623, 200.02, 75
2026/09/21 02:58:58.137, 100, 28112, 32623, 200.00, 74
2026/09/21 02:58:59.137, 100, 28112, 32623, 200.01, 74
2026/09/21 02:59:00.138, 100, 28112, 32623, 199.97, 74
2026/09/21 02:59:01.138, 100, 28112, 32623, 200.04, 75
2026/09/21 02:59:02.138, 100, 28112, 32623, 200.00, 75
2026/09/21 02:59:03.138, 100, 28112, 32623, 199.99, 75
2026/09/21 02:59:04.139, 100, 28112, 32623, 199.98, 75
2026/09/21 02:59:05.139, 100, 28112, 32623, 200.03, 74
2026/09/21 02:59:06.139, 100, 28112, 32623, 199.99, 74
2026/09/21 02:59:07.139, 100, 28112, 32623, 199.99, 75
2026/09/21 02:59:08.139, 100, 28112, 32623, 200.04, 75
2026/09/21 02:59:09.140, 100, 28112, 32623, 199.98, 74
2026/09/21 02:59:10.140, 100, 28112, 32623, 199.98, 74
2026/09/21 02:59:11.141, 100, 28112, 32623, 200.01, 76
2026/09/21 02:59:12.142, 100, 28112, 32623, 200.01, 74
2026/09/21 02:59:13.142, 100, 28112, 32623, 199.98, 75
2026/09/21 02:59:14.142, 98, 28112, 32623, 199.53, 76
2026/09/21 02:59:15.142, 100, 28112, 32623, 199.98, 74
2026/09/21 02:59:16.143, 100, 28112, 32623, 200.02, 75
2026/09/21 02:59:17.143, 99, 28112, 32623, 199.86, 74
2026/09/21 02:59:18.143, 100, 28112, 32623, 199.97, 75
2026/09/21 02:59:19.143, 100, 28112, 32623, 199.99, 74
2026/09/21 02:59:20.144, 100, 28112, 32623, 200.00, 74
2026/09/21 02:59:21.144, 100, 28112, 32623, 199.98, 74
2026/09/21 02:59:22.144, 100, 28112, 32623, 200.00, 74
2026/09/21 02:59:23.144, 100, 28112, 32623, 200.03, 75
2026/09/21 02:59:24.145, 100, 28112, 32623, 199.99, 76
2026/09/21 02:59:25.145, 100, 28112, 32623, 199.95, 76
2026/09/21 02:59:26.145, 100, 28112, 32623, 200.15, 75
2026/09/21 02:59:27.145, 100, 28112, 32623, 200.01, 76
2026/09/21 02:59:28.146, 99, 28112, 32623, 199.79, 75
2026/09/21 02:59:29.146, 100, 28112, 32623, 200.21, 76
2026/09/21 02:59:30.146, 100, 28112, 32623, 200.00, 75
2026/09/21 02:59:31.146, 100, 28112, 32623, 199.99, 74
2026/09/21 02:59:32.147, 100, 28112, 32623, 200.03, 75
2026/09/21 02:59:33.147, 98, 28112, 32623, 199.87, 76
2026/09/21 02:59:34.147, 100, 28112, 32623, 200.13, 74
2026/09/21 02:59:35.147, 100, 28112, 32623, 199.98, 76
2026/09/21 02:59:36.147, 100, 28112, 32623, 200.00, 76
2026/09/21 02:59:37.148, 100, 28112, 32623, 200.00, 76
2026/09/21 02:59:38.148, 98, 28112, 32623, 199.48, 77
2026/09/21 02:59:39.148, 100, 28112, 32623, 200.52, 76
2026/09/21 02:59:40.148, 100, 28112, 32623, 200.00, 75
2026/09/21 02:59:41.149, 100, 28112, 32623, 200.01, 75
2026/09/21 02:59:42.149, 100, 28112, 32623, 199.99, 74
2026/09/21 02:59:43.149, 100, 28112, 32623, 200.00, 75
2026/09/21 02:59:44.150, 100, 28112, 32623, 200.01, 75
2026/09/21 02:59:45.150, 99, 28112, 32623, 199.87, 77
2026/09/21 02:59:46.150, 100, 28112, 32623, 200.15, 75
2026/09/21 02:59:47.150, 100, 28112, 32623, 199.97, 75
2026/09/21 02:59:48.151, 100, 28112, 32623, 199.99, 75
2026/09/21 02:59:49.151, 100, 28112, 32623, 200.01, 75
2026/09/21 02:59:50.151, 100, 28112, 32623, 199.99, 74
2026/09/21 02:59:51.151, 100, 28112, 32623, 200.01, 75
2026/09/21 02:59:52.152, 99, 28112, 32623, 199.82, 75
2026/09/21 02:59:53.152, 100, 28112, 32623, 200.00, 76
2026/09/21 02:59:54.152, 100, 28112, 32623, 199.77, 75
2026/09/21 02:59:55.152, 100, 28112, 32623, 201.79, 75
2026/09/21 02:59:56.153, 100, 28112, 32623, 199.97, 75
2026/09/21 02:59:57.153, 100, 28112, 32623, 200.01, 76
2026/09/21 02:59:58.153, 100, 28112, 32623, 200.01, 76
2026/09/21 02:59:59.153, 100, 28112, 32623, 199.99, 76
2026/09/21 03:00:00.154, 100, 28112, 32623, 199.99, 75
2026/09/21 03:00:01.154, 100, 28112, 32623, 200.00, 75
2026/09/21 03:00:02.155, 100, 28112, 32623, 200.01, 74
2026/09/21 03:00:03.156, 100, 28112, 32623, 199.98, 76
2026/09/21 03:00:04.156, 100, 28112, 32623, 199.99, 77
2026/09/21 03:00:05.206, 100, 28112, 32623, 199.99, 76
2026/09/21 03:00:06.206, 100, 28112, 32623, 199.99, 76
2026/09/21 03:00:07.206, 100, 28112, 32623, 199.85, 76
2026/09/21 03:00:08.212, 100, 28112, 32623, 200.01, 75
2026/09/21 03:00:09.212, 98, 28112, 32623, 199.81, 75
2026/09/21 03:00:10.212, 100, 28112, 32623, 200.19, 77
2026/09/21 03:00:11.212, 98, 28112, 32623, 199.88, 76
2026/09/21 03:00:12.213, 100, 28112, 32623, 200.12, 74
2026/09/21 03:00:13.213, 100, 28112, 32623, 199.94, 74
2026/09/21 03:00:14.213, 100, 28112, 32623, 200.20, 74
2026/09/21 03:00:15.213, 100, 28112, 32623, 199.98, 75
2026/09/21 03:00:16.213, 100, 28112, 32623, 200.21, 76
2026/09/21 03:00:17.214, 100, 28112, 32623, 199.95, 75
2026/09/21 03:00:18.214, 100, 28112, 32623, 200.05, 76
2026/09/21 03:00:19.214, 100, 28112, 32623, 199.96, 75
2026/09/21 03:00:20.214, 100, 28112, 32623, 200.04, 76
2026/09/21 03:00:21.215, 100, 28112, 32623, 199.98, 74
2026/09/21 03:00:22.215, 100, 28112, 32623, 200.15, 74
2026/09/21 03:00:23.215, 100, 28112, 32623, 199.97, 77
2026/09/21 03:00:24.215, 100, 28112, 32623, 200.04, 76
2026/09/21 03:00:25.216, 99, 28112, 32623, 199.87, 77
2026/09/21 03:00:26.216, 100, 28112, 32623, 200.07, 76
2026/09/21 03:00:27.216, 98, 28112, 32623, 199.92, 77
2026/09/21 03:00:28.216, 100, 28112, 32623, 200.10, 76
2026/09/21 03:00:29.216, 100, 28112, 32623, 199.88, 76
2026/09/21 03:00:30.217, 100, 28112, 32623, 200.00, 75
2026/09/21 03:00:31.217, 100, 28112, 32623, 200.00, 75
2026/09/21 03:00:32.217, 100, 28112, 32623, 200.00, 76
2026/09/21 03:00:33.217, 100, 28112, 32623, 200.00, 76
2026/09/21 03:00:34.217, 100, 28112, 32623, 200.06, 77
2026/09/21 03:00:35.218, 100, 28112, 32623, 199.97, 75
2026/09/21 03:00:36.218, 100, 28112, 32623, 199.95, 76
2026/09/21 03:00:37.218, 100, 28112, 32623, 200.05, 76
2026/09/21 03:00:38.218, 100, 28112, 32623, 200.05, 76
2026/09/21 03:00:39.219, 100, 28112, 32623, 199.97, 75
2026/09/21 03:00:40.219, 100, 28112, 32623, 200.00, 75
2026/09/21 03:00:41.219, 100, 28112, 32623, 200.01, 75
2026/09/21 03:00:42.219, 100, 28112, 32623, 199.95, 74
2026/09/21 03:00:43.219, 100, 28112, 32623, 200.03, 77
2026/09/21 03:00:44.220, 99, 28112, 32623, 199.87, 76
2026/09/21 03:00:45.220, 100, 28112, 32623, 199.99, 75
2026/09/21 03:00:46.220, 100, 28112, 32623, 200.03, 75
2026/09/21 03:00:47.220, 100, 28112, 32623, 200.01, 76
2026/09/21 03:00:48.222, 100, 28112, 32623, 199.97, 75
2026/09/21 03:00:49.222, 100, 28112, 32623, 200.02, 75
2026/09/21 03:00:50.224, 100, 28112, 32623, 199.97, 76
2026/09/21 03:00:51.224, 100, 28112, 32623, 199.99, 76
2026/09/21 03:00:52.224, 100, 28112, 32623, 200.00, 76
2026/09/21 03:00:53.224, 100, 28112, 32623, 199.94, 77
2026/09/21 03:00:54.224, 100, 28112, 32623, 200.06, 74
2026/09/21 03:00:55.225, 100, 28112, 32623, 199.97, 76
2026/09/21 03:00:56.225, 100, 28112, 32623, 199.99, 75
2026/09/21 03:00:57.225, 100, 28112, 32623, 200.00, 76
2026/09/21 03:00:58.225, 100, 28112, 32623, 200.03, 74
2026/09/21 03:00:59.225, 100, 28112, 32623, 199.99, 76
2026/09/21 03:01:00.226, 100, 28112, 32623, 199.96, 75
2026/09/21 03:01:01.226, 100, 28112, 32623, 200.02, 74
2026/09/21 03:01:02.226, 99, 28112, 32623, 199.96, 77
2026/09/21 03:01:03.226, 100, 28112, 32623, 199.99, 75
2026/09/21 03:01:04.226, 100, 28112, 32623, 199.97, 76
2026/09/21 03:01:05.227, 100, 28112, 32623, 200.03, 76
2026/09/21 03:01:06.227, 100, 28112, 32623, 200.03, 75
2026/09/21 03:01:07.227, 100, 28112, 32623, 200.00, 76
2026/09/21 03:01:08.227, 100, 28112, 32623, 200.01, 76
2026/09/21 03:01:09.228, 85, 28112, 32623, 197.74, 74
2026/09/21 03:01:10.228, 100, 28112, 32623, 202.28, 75
2026/09/21 03:01:11.228, 100, 28112, 32623, 200.04, 75
2026/09/21 03:01:12.228, 100, 28112, 32623, 199.98, 76
2026/09/21 03:01:13.229, 100, 28112, 32623, 200.00, 76
2026/09/21 03:01:14.229, 100, 28112, 32623, 200.00, 74
2026/09/21 03:01:15.229, 100, 28112, 32623, 200.04, 77
2026/09/21 03:01:16.229, 100, 28112, 32623, 200.00, 77
2026/09/21 03:01:17.229, 100, 28112, 32623, 199.91, 75
2026/09/21 03:01:18.230, 100, 28112, 32623, 199.99, 75
2026/09/21 03:01:19.230, 100, 28112, 32623, 200.00, 76
2026/09/21 03:01:20.230, 100, 28112, 32623, 199.98, 75
2026/09/21 03:01:21.230, 99, 28112, 32623, 199.89, 76
2026/09/21 03:01:22.231, 100, 28112, 32623, 200.10, 76
2026/09/21 03:01:23.231, 100, 28112, 32623, 200.00, 76
2026/09/21 03:01:24.231, 100, 28112, 32623, 200.00, 76
2026/09/21 03:01:25.231, 100, 28112, 32623, 199.98, 75
2026/09/21 03:01:26.232, 100, 28112, 32623, 199.95, 75
2026/09/21 03:01:27.232, 100, 28112, 32623, 200.03, 74
2026/09/21 03:01:28.232, 100, 28112, 32623, 200.01, 75
2026/09/21 03:01:29.232, 100, 28112, 32623, 199.99, 75
2026/09/21 03:01:30.233, 100, 28112, 32623, 200.00, 77
2026/09/21 03:01:31.233, 100, 28112, 32623, 200.00, 77
2026/09/21 03:01:32.233, 100, 28112, 32623, 200.02, 76
2026/09/21 03:01:33.233, 100, 28112, 32623, 200.01, 76
2026/09/21 03:01:34.234, 100, 28112, 32623, 200.00, 75
2026/09/21 03:01:35.234, 100, 28112, 32623, 200.01, 76
2026/09/21 03:01:36.234, 100, 28112, 32623, 200.01, 77
2026/09/21 03:01:37.234, 100, 28112, 32623, 200.04, 76
2026/09/21 03:01:38.236, 100, 28112, 32623, 200.00, 74
2026/09/21 03:01:39.236, 100, 28112, 32623, 200.01, 74
2026/09/21 03:01:40.236, 100, 28112, 32623, 200.01, 76
2026/09/21 03:01:41.236, 100, 28112, 32623, 199.97, 76
2026/09/21 03:01:42.237, 100, 28112, 32623, 200.02, 74
2026/09/21 03:01:43.237, 100, 28112, 32623, 199.98, 77
2026/09/21 03:01:44.237, 100, 28112, 32623, 199.99, 76
2026/09/21 03:01:45.237, 100, 28112, 32623, 200.00, 75
2026/09/21 03:01:46.238, 100, 28112, 32623, 199.97, 77
2026/09/21 03:01:47.238, 100, 28112, 32623, 200.42, 74
2026/09/21 03:01:48.238, 100, 28112, 32623, 200.03, 77
2026/09/21 03:01:49.238, 100, 28112, 32623, 199.98, 76
2026/09/21 03:01:50.239, 100, 28112, 32623, 199.97, 75
2026/09/21 03:01:51.239, 100, 28112, 32623, 199.93, 77
2026/09/21 03:01:52.239, 100, 28112, 32623, 200.06, 74
2026/09/21 03:01:53.239, 100, 28112, 32623, 199.98, 76
2026/09/21 03:01:54.239, 100, 28112, 32623, 199.97, 76
2026/09/21 03:01:55.240, 100, 28112, 32623, 200.00, 76
2026/09/21 03:01:56.240, 100, 28112, 32623, 200.03, 76
2026/09/21 03:01:57.240, 100, 28112, 32623, 200.05, 76
2026/09/21 03:01:58.241, 100, 28112, 32623, 200.03, 75
2026/09/21 03:01:59.241, 100, 28112, 32623, 199.96, 77
2026/09/21 03:02:00.241, 100, 28112, 32623, 200.06, 75
2026/09/21 03:02:01.241, 100, 28112, 32623, 200.01, 75
2026/09/21 03:02:02.242, 100, 28112, 32623, 200.00, 76
2026/09/21 03:02:03.242, 100, 28112, 32623, 200.01, 75
2026/09/21 03:02:04.242, 100, 28112, 32623, 199.99, 76
2026/09/21 03:02:05.242, 100, 28112, 32623, 200.02, 76
2026/09/21 03:02:06.243, 100, 28112, 32623, 200.00, 74
2026/09/21 03:02:07.243, 100, 28112, 32623, 199.95, 76
2026/09/21 03:02:08.243, 100, 28112, 32623, 200.06, 76
2026/09/21 03:02:09.243, 100, 28112, 32623, 199.97, 75
2026/09/21 03:02:10.244, 100, 28112, 32623, 199.95, 76
2026/09/21 03:02:11.244, 100, 28112, 32623, 200.02, 76
2026/09/21 03:02:12.244, 100, 28112, 32623, 199.99, 76
2026/09/21 03:02:13.244, 100, 28112, 32623, 200.02, 75
2026/09/21 03:02:14.245, 100, 28112, 32623, 200.00, 75
2026/09/21 03:02:15.245, 97, 28112, 32623, 199.96, 77
2026/09/21 03:02:16.245, 100, 28112, 32623, 200.03, 74
2026/09/21 03:02:17.245, 100, 28112, 32623, 199.48, 75
2026/09/21 03:02:18.246, 100, 28112, 32623, 200.51, 76
2026/09/21 03:02:19.246, 100, 28112, 32623, 200.02, 76
2026/09/21 03:02:20.246, 100, 28112, 32623, 199.96, 74
2026/09/21 03:02:21.246, 100, 28112, 32623, 199.96, 76
2026/09/21 03:02:22.247, 100, 28112, 32623, 199.96, 77
2026/09/21 03:02:23.247, 100, 28112, 32623, 199.64, 76
2026/09/21 03:02:24.247, 100, 28112, 32623, 200.35, 76
2026/09/21 03:02:25.247, 100, 28112, 32623, 199.66, 74
2026/09/21 03:02:26.248, 95, 28112, 32623, 199.62, 74
2026/09/21 03:02:27.248, 95, 28112, 32623, 199.89, 74
2026/09/21 03:02:28.248, 94, 28112, 32623, 199.74, 73
2026/09/21 03:02:29.248, 94, 28112, 32623, 199.86, 73
2026/09/21 03:02:30.249, 92, 28112, 32623, 199.66, 72
2026/09/21 03:02:31.249, 94, 28112, 32623, 200.08, 74
2026/09/21 03:02:32.249, 95, 28112, 32623, 200.66, 74
2026/09/21 03:02:33.249, 94, 28112, 32623, 199.91, 74
2026/09/21 03:02:34.250, 94, 28112, 32623, 199.82, 74
2026/09/21 03:02:35.250, 94, 28112, 32623, 199.98, 74
2026/09/21 03:02:36.250, 100, 28112, 32623, 200.83, 73
2026/09/21 03:02:37.250, 100, 28112, 32623, 199.96, 73
2026/09/21 03:02:38.251, 100, 28112, 32623, 200.03, 73
2026/09/21 03:02:39.251, 100, 28112, 32623, 199.98, 73
2026/09/21 03:02:40.251, 100, 28112, 32623, 199.97, 73
2026/09/21 03:02:41.251, 100, 28112, 32623, 200.03, 73
2026/09/21 03:02:42.252, 100, 28112, 32623, 200.05, 73
2026/09/21 03:02:43.252, 100, 28112, 32623, 199.99, 73
2026/09/21 03:02:44.252, 100, 28112, 32623, 200.00, 73
2026/09/21 03:02:45.252, 94, 28112, 32623, 199.77, 73
2026/09/21 03:02:46.253, 99, 28112, 32623, 199.93, 74
2026/09/21 03:02:47.253, 100, 28112, 32623, 200.05, 74
2026/09/21 03:02:48.253, 100, 28112, 32623, 199.99, 74
2026/09/21 03:02:49.253, 100, 28112, 32623, 161.15, 72
2026/09/21 03:02:50.253, 100, 28112, 32623, 200.02, 74
2026/09/21 03:02:51.254, 100, 28112, 32623, 200.02, 74
2026/09/21 03:02:52.254, 100, 28112, 32623, 200.06, 73
2026/09/21 03:02:53.254, 100, 28112, 32623, 200.02, 73
2026/09/21 03:02:54.254, 100, 28112, 32623, 128.51, 72
2026/09/21 03:02:55.255, 93, 28112, 32623, 199.51, 73
2026/09/21 03:02:56.255, 100, 28112, 32623, 199.99, 73
2026/09/21 03:02:57.255, 100, 28112, 32623, 199.99, 74
2026/09/21 03:02:58.255, 100, 28112, 32623, 199.99, 74
2026/09/21 03:02:59.256, 100, 28112, 32623, 165.37, 73
2026/09/21 03:03:00.256, 100, 28112, 32623, 200.02, 73
2026/09/21 03:03:01.256, 100, 28112, 32623, 199.98, 74
2026/09/21 03:03:02.257, 100, 28112, 32623, 200.92, 73
2026/09/21 03:03:03.257, 100, 28112, 32623, 200.03, 74
2026/09/21 03:03:04.257, 100, 28112, 32623, 199.94, 73
2026/09/21 03:03:05.257, 100, 28112, 32623, 199.90, 74
2026/09/21 03:03:06.258, 100, 28112, 32623, 200.11, 74
2026/09/21 03:03:07.258, 100, 28112, 32623, 199.96, 75
2026/09/21 03:03:08.258, 100, 28112, 32623, 199.99, 74
2026/09/21 03:03:09.258, 100, 28112, 32623, 199.91, 74
2026/09/21 03:03:10.258, 100, 28112, 32623, 200.10, 74
2026/09/21 03:03:11.259, 100, 28112, 32623, 200.01, 75
2026/09/21 03:03:12.259, 100, 28112, 32623, 199.97, 74
2026/09/21 03:03:13.259, 98, 28112, 32623, 199.88, 74
2026/09/21 03:03:14.259, 100, 28112, 32623, 200.31, 74
2026/09/21 03:03:15.260, 100, 28112, 32623, 199.99, 74
2026/09/21 03:03:16.260, 100, 28112, 32623, 199.95, 74
2026/09/21 03:03:17.260, 100, 28112, 32623, 200.04, 74
2026/09/21 03:03:18.260, 100, 28112, 32623, 200.01, 75
2026/09/21 03:03:19.261, 100, 28112, 32623, 199.98, 76
2026/09/21 03:03:20.261, 100, 28112, 32623, 200.03, 74
2026/09/21 03:03:21.261, 100, 28112, 32623, 199.97, 76
2026/09/21 03:03:22.262, 100, 28112, 32623, 199.98, 74
2026/09/21 03:03:23.262, 99, 28112, 32623, 200.00, 76
2026/09/21 03:03:24.262, 100, 28112, 32623, 200.00, 74
2026/09/21 03:03:25.262, 100, 28112, 32623, 199.98, 76
2026/09/21 03:03:26.263, 100, 28112, 32623, 200.01, 73
2026/09/21 03:03:27.263, 100, 28112, 32623, 199.99, 75
2026/09/21 03:03:28.263, 100, 28112, 32623, 200.01, 74
2026/09/21 03:03:29.264, 100, 28112, 32623, 200.02, 74
2026/09/21 03:03:30.264, 100, 28112, 32623, 199.98, 75
2026/09/21 03:03:31.264, 100, 28112, 32623, 199.99, 74
2026/09/21 03:03:32.264, 100, 28112, 32623, 200.01, 76
2026/09/21 03:03:33.265, 100, 28112, 32623, 199.99, 75
2026/09/21 03:03:34.265, 100, 28112, 32623, 199.96, 74
2026/09/21 03:03:35.265, 100, 28112, 32623, 200.27, 75
2026/09/21 03:03:36.266, 100, 28112, 32623, 199.99, 76
2026/09/21 03:03:37.266, 100, 28112, 32623, 199.99, 74
2026/09/21 03:03:38.266, 100, 28112, 32623, 199.99, 75
2026/09/21 03:03:39.267, 100, 28112, 32623, 199.99, 74
2026/09/21 03:03:40.267, 100, 28112, 32623, 200.00, 75
2026/09/21 03:03:41.267, 100, 28112, 32623, 199.99, 76
2026/09/21 03:03:42.267, 98, 28112, 32623, 199.76, 74
2026/09/21 03:03:43.268, 100, 28112, 32623, 200.27, 75
2026/09/21 03:03:44.268, 100, 28112, 32623, 199.99, 74
2026/09/21 03:03:45.268, 100, 28112, 32623, 200.01, 74
2026/09/21 03:03:46.268, 100, 28112, 32623, 200.01, 76
2026/09/21 03:03:47.269, 99, 28112, 32623, 199.82, 76
2026/09/21 03:03:48.269, 100, 28112, 32623, 199.98, 75
2026/09/21 03:03:49.269, 100, 28112, 32623, 199.98, 76
2026/09/21 03:03:50.270, 100, 28112, 32623, 200.01, 75
2026/09/21 03:03:51.270, 100, 28112, 32623, 200.00, 74
2026/09/21 03:03:52.270, 100, 28112, 32623, 200.01, 75
2026/09/21 03:03:53.270, 100, 28112, 32623, 200.00, 76
2026/09/21 03:03:54.271, 98, 28112, 32623, 199.82, 75
2026/09/21 03:03:55.271, 100, 28112, 32623, 200.18, 74
2026/09/21 03:03:56.271, 100, 28112, 32623, 199.96, 76
2026/09/21 03:03:57.271, 100, 28112, 32623, 200.03, 74
2026/09/21 03:03:58.272, 100, 28112, 32623, 199.99, 76
2026/09/21 03:03:59.272, 100, 28112, 32623, 200.00, 74
2026/09/21 03:04:00.272, 100, 28112, 32623, 200.00, 76
2026/09/21 03:04:01.272, 99, 28112, 32623, 199.99, 75
2026/09/21 03:04:02.273, 100, 28112, 32623, 199.98, 75
2026/09/21 03:04:03.273, 100, 28112, 32623, 199.85, 75
2026/09/21 03:04:04.273, 100, 28112, 32623, 202.68, 76
2026/09/21 03:04:05.273, 100, 28112, 32623, 199.95, 74
2026/09/21 03:04:06.274, 100, 28112, 32623, 200.01, 74
2026/09/21 03:04:07.274, 100, 28112, 32623, 199.98, 76
2026/09/21 03:04:08.274, 100, 28112, 32623, 199.97, 76
2026/09/21 03:04:09.274, 100, 28112, 32623, 200.06, 76
2026/09/21 03:04:10.274, 100, 28112, 32623, 200.03, 76
2026/09/21 03:04:11.275, 100, 28112, 32623, 199.99, 76
2026/09/21 03:04:12.275, 100, 28112, 32623, 199.99, 75
2026/09/21 03:04:13.275, 100, 28112, 32623, 200.00, 76
2026/09/21 03:04:14.275, 100, 28112, 32623, 199.99, 75
2026/09/21 03:04:15.276, 100, 28112, 32623, 200.00, 76
2026/09/21 03:04:16.276, 99, 28112, 32623, 199.81, 75
2026/09/21 03:04:17.276, 100, 28112, 32623, 199.99, 74
2026/09/21 03:04:18.276, 98, 28112, 32623, 199.80, 74
2026/09/21 03:04:19.277, 100, 28112, 32623, 200.18, 76
2026/09/21 03:04:20.277, 98, 28112, 32623, 199.87, 76
2026/09/21 03:04:21.277, 100, 28112, 32623, 200.08, 75
2026/09/21 03:04:22.277, 100, 28112, 32623, 199.95, 75
2026/09/21 03:04:23.278, 100, 28112, 32623, 200.03, 74
2026/09/21 03:04:24.278, 100, 28112, 32623, 199.97, 75
2026/09/21 03:04:25.278, 100, 28112, 32623, 200.03, 76
2026/09/21 03:04:26.279, 100, 28112, 32623, 199.94, 74
2026/09/21 03:04:27.279, 100, 28112, 32623, 200.03, 75
2026/09/21 03:04:28.279, 100, 28112, 32623, 199.96, 75
2026/09/21 03:04:29.279, 100, 28112, 32623, 200.15, 75
2026/09/21 03:04:30.280, 100, 28112, 32623, 199.94, 74
2026/09/21 03:04:31.280, 100, 28112, 32623, 200.06, 74
2026/09/21 03:04:32.280, 100, 28112, 32623, 199.96, 76
2026/09/21 03:04:33.280, 100, 28112, 32623, 200.05, 76
2026/09/21 03:04:34.281, 100, 28112, 32623, 199.94, 75
2026/09/21 03:04:35.281, 100, 28112, 32623, 200.42, 74
2026/09/21 03:04:36.281, 98, 28112, 32623, 199.57, 76
2026/09/21 03:04:37.281, 100, 28112, 32623, 200.38, 76
2026/09/21 03:04:38.282, 100, 28112, 32623, 199.82, 75
2026/09/21 03:04:39.282, 100, 28112, 32623, 200.13, 74
2026/09/21 03:04:40.282, 100, 28112, 32623, 200.01, 74
2026/09/21 03:04:41.282, 100, 28112, 32623, 199.97, 75
2026/09/21 03:04:42.283, 100, 28112, 32623, 200.02, 75
2026/09/21 03:04:43.283, 100, 28112, 32623, 200.08, 76
2026/09/21 03:04:44.283, 100, 28112, 32623, 199.97, 74
2026/09/21 03:04:45.283, 100, 28112, 32623, 199.98, 76
2026/09/21 03:04:46.284, 100, 28112, 32623, 200.01, 75
2026/09/21 03:04:47.284, 100, 28112, 32623, 200.00, 76
2026/09/21 03:04:48.284, 100, 28112, 32623, 199.97, 74
2026/09/21 03:04:49.284, 100, 28112, 32623, 199.99, 74
2026/09/21 03:04:50.285, 100, 28112, 32623, 200.01, 73
2026/09/21 03:04:51.285, 100, 28112, 32623, 199.95, 73
2026/09/21 03:04:52.285, 100, 28112, 32623, 200.07, 76
2026/09/21 03:04:53.286, 98, 28112, 32623, 199.73, 76
2026/09/21 03:04:54.286, 100, 28112, 32623, 200.28, 74
2026/09/21 03:04:55.286, 100, 28112, 32623, 199.98, 74
2026/09/21 03:04:56.286, 100, 28112, 32623, 200.01, 76
2026/09/21 03:04:57.287, 100, 28112, 32623, 200.01, 74
2026/09/21 03:04:58.287, 100, 28112, 32623, 199.99, 74
2026/09/21 03:04:59.287, 100, 28112, 32623, 200.01, 76
2026/09/21 03:05:00.287, 100, 28112, 32623, 199.95, 76
2026/09/21 03:05:01.287, 100, 28112, 32623, 199.99, 75
2026/09/21 03:05:02.288, 100, 28112, 32623, 199.98, 76
2026/09/21 03:05:03.288, 100, 28112, 32623, 200.29, 74
2026/09/21 03:05:04.288, 100, 28112, 32623, 199.83, 74
2026/09/21 03:05:05.288, 100, 28112, 32623, 199.95, 74
2026/09/21 03:05:06.289, 100, 28112, 32623, 200.01, 76
2026/09/21 03:05:07.289, 100, 28112, 32623, 199.97, 74
2026/09/21 03:05:08.289, 100, 28112, 32623, 200.01, 76
2026/09/21 03:05:09.289, 100, 28112, 32623, 199.96, 73
2026/09/21 03:05:10.290, 100, 28112, 32623, 199.96, 75
2026/09/21 03:05:11.290, 98, 28112, 32623, 199.97, 77
2026/09/21 03:05:12.290, 100, 28112, 32623, 200.04, 74
2026/09/21 03:05:13.290, 100, 28112, 32623, 200.00, 76
2026/09/21 03:05:14.290, 100, 28112, 32623, 199.99, 74
2026/09/21 03:05:15.291, 100, 28112, 32623, 200.01, 75
2026/09/21 03:05:16.291, 100, 28112, 32623, 200.06, 76
2026/09/21 03:05:17.291, 100, 28112, 32623, 200.01, 76
2026/09/21 03:05:18.291, 81, 28112, 32623, 199.44, 74
2026/09/21 03:05:19.292, 100, 28112, 32623, 200.61, 74
2026/09/21 03:05:20.292, 100, 28112, 32623, 200.00, 74
2026/09/21 03:05:21.292, 100, 28112, 32623, 199.96, 76
2026/09/21 03:05:22.292, 100, 28112, 32623, 200.00, 76
2026/09/21 03:05:23.292, 100, 28112, 32623, 199.98, 75
2026/09/21 03:05:24.293, 100, 28112, 32623, 200.00, 75
2026/09/21 03:05:25.293, 99, 28112, 32623, 199.77, 74
2026/09/21 03:05:26.293, 100, 28112, 32623, 200.14, 74
2026/09/21 03:05:27.293, 100, 28112, 32623, 200.00, 73
2026/09/21 03:05:28.294, 100, 28112, 32623, 199.98, 76
2026/09/21 03:05:29.294, 100, 28112, 32623, 199.94, 75
2026/09/21 03:05:30.294, 100, 28112, 32623, 199.96, 76
2026/09/21 03:05:31.294, 100, 28112, 32623, 200.03, 76
2026/09/21 03:05:32.294, 100, 28112, 32623, 199.99, 76
2026/09/21 03:05:33.295, 100, 28112, 32623, 199.98, 76
2026/09/21 03:05:34.295, 100, 28112, 32623, 199.99, 75
2026/09/21 03:05:35.295, 100, 28112, 32623, 199.99, 76
2026/09/21 03:05:36.297, 100, 28112, 32623, 199.99, 75
2026/09/21 03:05:37.297, 100, 28112, 32623, 199.89, 76
2026/09/21 03:05:38.297, 100, 28112, 32623, 200.12, 74
2026/09/21 03:05:39.297, 100, 28112, 32623, 200.03, 76
2026/09/21 03:05:40.298, 100, 28112, 32623, 199.95, 75
2026/09/21 03:05:41.298, 100, 28112, 32623, 199.97, 76
2026/09/21 03:05:42.298, 99, 28112, 32623, 199.66, 76
2026/09/21 03:05:43.298, 100, 28112, 32623, 200.35, 76
2026/09/21 03:05:44.299, 100, 28112, 32623, 200.02, 75
2026/09/21 03:05:45.299, 100, 28112, 32623, 200.02, 75
2026/09/21 03:05:46.299, 100, 28112, 32623, 200.01, 76
2026/09/21 03:05:47.299, 100, 28112, 32623, 199.93, 76
2026/09/21 03:05:48.299, 100, 28112, 32623, 200.04, 75
2026/09/21 03:05:49.300, 100, 28112, 32623, 200.01, 76
2026/09/21 03:05:50.300, 100, 28112, 32623, 199.98, 76
2026/09/21 03:05:51.300, 100, 28112, 32623, 200.00, 75
2026/09/21 03:05:52.301, 100, 28112, 32623, 199.84, 74
2026/09/21 03:05:53.301, 100, 28112, 32623, 200.05, 76
2026/09/21 03:05:54.301, 100, 28112, 32623, 199.97, 74
2026/09/21 03:05:55.301, 100, 28112, 32623, 200.02, 75
2026/09/21 03:05:56.302, 100, 28112, 32623, 200.04, 76
2026/09/21 03:05:57.302, 100, 28112, 32623, 200.00, 74
2026/09/21 03:05:58.302, 100, 28112, 32623, 200.00, 76
2026/09/21 03:05:59.302, 100, 28112, 32623, 199.99, 74
2026/09/21 03:06:00.302, 98, 28112, 32623, 199.97, 75
2026/09/21 03:06:01.303, 100, 28112, 32623, 200.19, 76
2026/09/21 03:06:02.303, 100, 28112, 32623, 200.02, 75
2026/09/21 03:06:03.303, 100, 28112, 32623, 200.00, 76
2026/09/21 03:06:04.303, 100, 28112, 32623, 200.02, 76
2026/09/21 03:06:05.304, 100, 28112, 32623, 199.85, 76
2026/09/21 03:06:06.304, 100, 28112, 32623, 200.02, 76
2026/09/21 03:06:07.304, 100, 28112, 32623, 199.96, 75
2026/09/21 03:06:08.304, 100, 28112, 32623, 199.99, 75
2026/09/21 03:06:09.305, 100, 28112, 32623, 200.00, 74
2026/09/21 03:06:10.305, 100, 28112, 32623, 199.99, 76
2026/09/21 03:06:11.305, 100, 28112, 32623, 200.00, 75
2026/09/21 03:06:12.306, 100, 28112, 32623, 200.00, 76
2026/09/21 03:06:13.306, 98, 28112, 32623, 199.69, 74
2026/09/21 03:06:14.306, 100, 28112, 32623, 200.32, 74
2026/09/21 03:06:15.306, 100, 28112, 32623, 200.00, 76
2026/09/21 03:06:16.306, 100, 28112, 32623, 200.01, 76
2026/09/21 03:06:17.307, 100, 28112, 32623, 200.06, 73
2026/09/21 03:06:18.307, 100, 28112, 32623, 199.99, 76
2026/09/21 03:06:19.307, 100, 28112, 32623, 200.03, 76
2026/09/21 03:06:20.307, 100, 28112, 32623, 200.01, 76
2026/09/21 03:06:21.307, 99, 28112, 32623, 199.81, 74
2026/09/21 03:06:22.308, 100, 28112, 32623, 199.99, 76
2026/09/21 03:06:23.308, 100, 28112, 32623, 199.97, 76
2026/09/21 03:06:24.308, 100, 28112, 32623, 199.11, 76
2026/09/21 03:06:25.308, 100, 28112, 32623, 200.65, 75
2026/09/21 03:06:26.309, 100, 28112, 32623, 199.94, 76
2026/09/21 03:06:27.309, 100, 28112, 32623, 200.08, 76
2026/09/21 03:06:28.309, 100, 28112, 32623, 200.01, 76
2026/09/21 03:06:29.309, 100, 28112, 32623, 199.93, 76
2026/09/21 03:06:30.309, 100, 28112, 32623, 200.05, 75
2026/09/21 03:06:31.310, 100, 28112, 32623, 200.02, 75
2026/09/21 03:06:32.310, 100, 28112, 32623, 199.92, 75
2026/09/21 03:06:33.310, 100, 28112, 32623, 200.12, 76
2026/09/21 03:06:34.310, 100, 28112, 32623, 200.00, 74
2026/09/21 03:06:35.311, 95, 28112, 32623, 199.35, 74
2026/09/21 03:06:36.311, 95, 28112, 32623, 199.92, 73
2026/09/21 03:06:37.311, 95, 28112, 32623, 200.01, 74
2026/09/21 03:06:38.311, 95, 28112, 32623, 199.88, 73
2026/09/21 03:06:39.311, 95, 28112, 32623, 199.92, 73
2026/09/21 03:06:40.312, 95, 28112, 32623, 200.01, 73
2026/09/21 03:06:41.312, 95, 28112, 32623, 199.97, 73
2026/09/21 03:06:42.313, 95, 28112, 32623, 200.00, 73
2026/09/21 03:06:43.313, 94, 28112, 32623, 199.62, 73
2026/09/21 03:06:44.313, 95, 28112, 32623, 200.63, 73
2026/09/21 03:06:45.313, 100, 28112, 32623, 201.04, 73
2026/09/21 03:06:46.314, 100, 28112, 32623, 200.07, 73
2026/09/21 03:06:47.314, 100, 28112, 32623, 199.99, 73
2026/09/21 03:06:48.314, 100, 28112, 32623, 199.99, 73
2026/09/21 03:06:49.314, 100, 28112, 32623, 199.97, 73
2026/09/21 03:06:50.314, 100, 28112, 32623, 200.00, 73
2026/09/21 03:06:51.315, 100, 28112, 32623, 199.98, 73
2026/09/21 03:06:52.315, 100, 28112, 32623, 200.01, 73
2026/09/21 03:06:53.315, 100, 28112, 32623, 200.00, 73
2026/09/21 03:06:54.315, 100, 28112, 32623, 200.00, 73
2026/09/21 03:06:55.316, 100, 28112, 32623, 200.00, 73
2026/09/21 03:06:56.316, 100, 28112, 32623, 199.98, 73
2026/09/21 03:06:57.316, 13, 28112, 32623, 188.63, 67
2026/09/21 03:06:58.316, 100, 28112, 32623, 167.85, 73
2026/09/21 03:06:59.317, 100, 28112, 32623, 200.00, 72
2026/09/21 03:07:00.317, 100, 28112, 32623, 200.01, 74
2026/09/21 03:07:01.317, 100, 28112, 32623, 199.98, 73
2026/09/21 03:07:02.317, 0, 28112, 32623, 175.62, 65
2026/09/21 03:07:03.318, 100, 28112, 32623, 133.95, 72
2026/09/21 03:07:04.318, 100, 28112, 32623, 200.01, 73
2026/09/21 03:07:05.318, 100, 28112, 32623, 199.93, 74
2026/09/21 03:07:06.318, 100, 28112, 32623, 200.04, 73
2026/09/21 03:07:07.318, 100, 28112, 32623, 200.04, 73
2026/09/21 03:07:08.319, 100, 28112, 32623, 168.64, 74
2026/09/21 03:07:09.319, 100, 28112, 32623, 199.99, 73
2026/09/21 03:07:10.319, 100, 28112, 32623, 200.09, 73
2026/09/21 03:07:11.319, 100, 28112, 32623, 200.01, 75
2026/09/21 03:07:12.320, 100, 28112, 32623, 199.99, 74
2026/09/21 03:07:13.320, 100, 28112, 32623, 199.98, 73
2026/09/21 03:07:14.321, 98, 28112, 32623, 199.69, 73
2026/09/21 03:07:15.321, 100, 28112, 32623, 200.01, 74
2026/09/21 03:07:16.321, 100, 28112, 32623, 199.99, 74
2026/09/21 03:07:17.321, 100, 28112, 32623, 199.97, 75
2026/09/21 03:07:18.321, 98, 28112, 32623, 199.88, 75
2026/09/21 03:07:19.322, 100, 28112, 32623, 200.17, 73
2026/09/21 03:07:20.322, 100, 28112, 32623, 200.02, 74
2026/09/21 03:07:21.322, 100, 28112, 32623, 199.93, 74
2026/09/21 03:07:22.322, 100, 28112, 32623, 200.08, 74
2026/09/21 03:07:23.323, 100, 28112, 32623, 199.98, 75
2026/09/21 03:07:24.323, 100, 28112, 32623, 200.01, 75
2026/09/21 03:07:25.323, 98, 28112, 32623, 199.90, 76
2026/09/21 03:07:26.323, 100, 28112, 32623, 200.16, 75
2026/09/21 03:07:27.324, 100, 28112, 32623, 200.01, 73
2026/09/21 03:07:28.324, 100, 28112, 32623, 199.96, 74
2026/09/21 03:07:29.324, 100, 28112, 32623, 200.02, 75
2026/09/21 03:07:30.324, 100, 28112, 32623, 200.02, 74
2026/09/21 03:07:31.325, 100, 28112, 32623, 199.98, 75
2026/09/21 03:07:32.325, 100, 28112, 32623, 200.01, 74
2026/09/21 03:07:33.325, 100, 28112, 32623, 199.98, 75
2026/09/21 03:07:34.325, 100, 28112, 32623, 199.99, 74
2026/09/21 03:07:35.325, 100, 28112, 32623, 200.02, 74
2026/09/21 03:07:36.328, 100, 28112, 32623, 199.97, 74
2026/09/21 03:07:37.328, 100, 28112, 32623, 199.94, 74
2026/09/21 03:07:38.329, 100, 28112, 32623, 200.03, 74
2026/09/21 03:07:39.329, 100, 28112, 32623, 199.98, 75
2026/09/21 03:07:40.329, 100, 28112, 32623, 199.93, 74
2026/09/21 03:07:41.329, 100, 28112, 32623, 200.07, 74
2026/09/21 03:07:42.329, 100, 28112, 32623, 200.02, 74
2026/09/21 03:07:43.330, 98, 28112, 32623, 199.44, 76
2026/09/21 03:07:44.330, 100, 28112, 32623, 199.99, 74
2026/09/21 03:07:45.330, 100, 28112, 32623, 200.01, 74
2026/09/21 03:07:46.330, 100, 28112, 32623, 199.99, 74
2026/09/21 03:07:47.331, 100, 28112, 32623, 200.01, 74
2026/09/21 03:07:48.331, 100, 28112, 32623, 200.01, 75
2026/09/21 03:07:49.331, 100, 28112, 32623, 200.03, 76
2026/09/21 03:07:50.331, 100, 28112, 32623, 199.99, 74
2026/09/21 03:07:51.331, 100, 28112, 32623, 200.00, 75
2026/09/21 03:07:52.332, 100, 28112, 32623, 200.01, 76
2026/09/21 03:07:53.332, 100, 28112, 32623, 199.97, 74
2026/09/21 03:07:54.332, 100, 28112, 32623, 200.03, 74
2026/09/21 03:07:55.332, 100, 28112, 32623, 199.98, 74
2026/09/21 03:07:56.333, 100, 28112, 32623, 200.01, 75
2026/09/21 03:07:57.333, 100, 28112, 32623, 199.99, 74
2026/09/21 03:07:58.333, 100, 28112, 32623, 199.95, 75
2026/09/21 03:07:59.333, 100, 28112, 32623, 200.05, 74
2026/09/21 03:08:00.333, 100, 28112, 32623, 200.00, 75
2026/09/21 03:08:01.334, 100, 28112, 32623, 200.00, 76
2026/09/21 03:08:02.334, 100, 28112, 32623, 200.00, 76
2026/09/21 03:08:03.334, 99, 28112, 32623, 199.81, 75
2026/09/21 03:08:04.334, 100, 28112, 32623, 200.19, 75
2026/09/21 03:08:05.335, 100, 28112, 32623, 199.96, 76
2026/09/21 03:08:06.335, 100, 28112, 32623, 200.03, 74
2026/09/21 03:08:07.335, 100, 28112, 32623, 199.98, 76
2026/09/21 03:08:08.335, 100, 28112, 32623, 200.00, 74
2026/09/21 03:08:09.335, 100, 28112, 32623, 199.98, 76
2026/09/21 03:08:10.336, 100, 28112, 32623, 199.99, 76
2026/09/21 03:08:11.336, 100, 28112, 32623, 200.00, 75
2026/09/21 03:08:12.336, 81, 28112, 32623, 197.14, 72
2026/09/21 03:08:13.336, 100, 28112, 32623, 200.00, 75
2026/09/21 03:08:14.337, 100, 28112, 32623, 199.94, 74
2026/09/21 03:08:15.337, 100, 28112, 32623, 200.23, 75
2026/09/21 03:08:16.337, 100, 28112, 32623, 199.99, 75
2026/09/21 03:08:17.337, 100, 28112, 32623, 200.01, 76
2026/09/21 03:08:18.337, 100, 28112, 32623, 199.99, 75
2026/09/21 03:08:19.338, 100, 28112, 32623, 199.99, 75
2026/09/21 03:08:20.338, 100, 28112, 32623, 199.99, 74
2026/09/21 03:08:21.338, 100, 28112, 32623, 199.99, 76
2026/09/21 03:08:22.338, 100, 28112, 32623, 199.99, 75
2026/09/21 03:08:23.339, 100, 28112, 32623, 200.00, 76
2026/09/21 03:08:24.339, 100, 28112, 32623, 200.00, 76
2026/09/21 03:08:25.339, 100, 28112, 32623, 199.98, 74
2026/09/21 03:08:26.339, 100, 28112, 32623, 199.99, 75
2026/09/21 03:08:27.339, 99, 28112, 32623, 199.82, 76
2026/09/21 03:08:28.340, 100, 28112, 32623, 200.16, 75
2026/09/21 03:08:29.340, 98, 28112, 32623, 199.91, 76
2026/09/21 03:08:30.340, 100, 28112, 32623, 199.99, 75
2026/09/21 03:08:31.340, 98, 28112, 32623, 199.82, 75
2026/09/21 03:08:32.341, 100, 28112, 32623, 200.18, 76
2026/09/21 03:08:33.341, 98, 28112, 32623, 199.82, 75
2026/09/21 03:08:34.341, 100, 28112, 32623, 200.18, 75
2026/09/21 03:08:35.341, 100, 28112, 32623, 199.94, 76
2026/09/21 03:08:36.341, 100, 28112, 32623, 200.42, 75
2026/09/21 03:08:37.342, 98, 28112, 32623, 199.81, 76
2026/09/21 03:08:38.342, 100, 28112, 32623, 200.12, 75
2026/09/21 03:08:39.342, 100, 28112, 32623, 199.90, 76
2026/09/21 03:08:40.342, 100, 28112, 32623, 200.08, 76
2026/09/21 03:08:41.343, 98, 28112, 32623, 199.67, 74
2026/09/21 03:08:42.343, 100, 28112, 32623, 200.11, 75
2026/09/21 03:08:43.343, 98, 28112, 32623, 199.66, 74
2026/09/21 03:08:44.343, 100, 28112, 32623, 200.35, 74
2026/09/21 03:08:45.343, 99, 28112, 32623, 199.84, 75
2026/09/21 03:08:46.344, 100, 28112, 32623, 200.19, 75
2026/09/21 03:08:47.344, 100, 28112, 32623, 199.98, 76
2026/09/21 03:08:48.344, 100, 28112, 32623, 200.04, 76
2026/09/21 03:08:49.344, 100, 28112, 32623, 199.97, 76
2026/09/21 03:08:50.345, 100, 28112, 32623, 199.98, 75
2026/09/21 03:08:51.345, 100, 28112, 32623, 199.99, 74
2026/09/21 03:08:52.345, 100, 28112, 32623, 199.99, 74
2026/09/21 03:08:53.345, 100, 28112, 32623, 200.01, 74
2026/09/21 03:08:54.359, 100, 28112, 32623, 200.03, 74
2026/09/21 03:08:55.359, 100, 28112, 32623, 200.02, 74
2026/09/21 03:08:56.359, 100, 28112, 32623, 199.99, 73
2026/09/21 03:08:57.360, 100, 28112, 32623, 200.02, 75
2026/09/21 03:08:58.360, 100, 28112, 32623, 199.99, 74
2026/09/21 03:08:59.360, 100, 28112, 32623, 200.03, 76
2026/09/21 03:09:00.360, 100, 28112, 32623, 199.97, 75
2026/09/21 03:09:01.360, 100, 28112, 32623, 200.26, 76
2026/09/21 03:09:02.361, 99, 28112, 32623, 199.82, 75
2026/09/21 03:09:03.361, 100, 28112, 32623, 200.21, 74
2026/09/21 03:09:04.361, 100, 28112, 32623, 199.98, 76
2026/09/21 03:09:05.361, 100, 28112, 32623, 199.99, 76
2026/09/21 03:09:06.362, 100, 28112, 32623, 200.01, 74
2026/09/21 03:09:07.362, 100, 28112, 32623, 199.99, 75
2026/09/21 03:09:08.362, 100, 28112, 32623, 199.99, 76
2026/09/21 03:09:09.362, 100, 28112, 32623, 199.97, 75
2026/09/21 03:09:10.363, 100, 28112, 32623, 200.01, 76
2026/09/21 03:09:11.363, 98, 28112, 32623, 199.88, 76
2026/09/21 03:09:12.363, 100, 28112, 32623, 200.13, 75
2026/09/21 03:09:13.363, 100, 28112, 32623, 200.01, 76
2026/09/21 03:09:14.363, 100, 28112, 32623, 200.02, 74
2026/09/21 03:09:15.364, 100, 28112, 32623, 199.98, 75
2026/09/21 03:09:16.364, 100, 28112, 32623, 199.99, 73
2026/09/21 03:09:17.364, 100, 28112, 32623, 199.98, 76
2026/09/21 03:09:18.364, 100, 28112, 32623, 199.97, 74
2026/09/21 03:09:19.365, 100, 28112, 32623, 200.29, 74
2026/09/21 03:09:20.365, 99, 28112, 32623, 199.91, 76
2026/09/21 03:09:21.365, 100, 28112, 32623, 200.12, 74
2026/09/21 03:09:22.365, 100, 28112, 32623, 200.00, 75
2026/09/21 03:09:23.365, 100, 28112, 32623, 199.96, 76
2026/09/21 03:09:24.366, 100, 28112, 32623, 199.96, 75
2026/09/21 03:09:25.366, 100, 28112, 32623, 199.99, 75
2026/09/21 03:09:26.366, 100, 28112, 32623, 200.01, 76
2026/09/21 03:09:27.366, 85, 28112, 32623, 197.97, 74
2026/09/21 03:09:28.367, 100, 28112, 32623, 200.13, 75
2026/09/21 03:09:29.367, 100, 28112, 32623, 200.07, 74
2026/09/21 03:09:30.367, 100, 28112, 32623, 199.99, 76
2026/09/21 03:09:31.367, 100, 28112, 32623, 199.99, 76
2026/09/21 03:09:32.367, 100, 28112, 32623, 200.01, 74
2026/09/21 03:09:33.368, 100, 28112, 32623, 200.00, 75
2026/09/21 03:09:34.368, 99, 28112, 32623, 200.01, 76
2026/09/21 03:09:35.368, 100, 28112, 32623, 199.98, 74
2026/09/21 03:09:36.368, 100, 28112, 32623, 200.00, 74
2026/09/21 03:09:37.368, 100, 28112, 32623, 200.00, 76
2026/09/21 03:09:38.369, 100, 28112, 32623, 200.00, 75
2026/09/21 03:09:39.369, 100, 28112, 32623, 199.89, 76
2026/09/21 03:09:40.369, 100, 28112, 32623, 200.04, 76
2026/09/21 03:09:41.369, 100, 28112, 32623, 199.99, 75
2026/09/21 03:09:42.370, 100, 28112, 32623, 200.02, 76
2026/09/21 03:09:43.370, 100, 28112, 32623, 199.99, 75
2026/09/21 03:09:44.370, 100, 28112, 32623, 199.96, 75
2026/09/21 03:09:45.370, 100, 28112, 32623, 200.02, 75
2026/09/21 03:09:46.370, 100, 28112, 32623, 199.99, 74
2026/09/21 03:09:47.371, 100, 28112, 32623, 200.00, 74
2026/09/21 03:09:48.371, 100, 28112, 32623, 200.01, 75
2026/09/21 03:09:49.371, 100, 28112, 32623, 199.97, 75
2026/09/21 03:09:50.371, 100, 28112, 32623, 200.06, 76
2026/09/21 03:09:51.372, 100, 28112, 32623, 199.96, 76
2026/09/21 03:09:52.372, 100, 28112, 32623, 200.05, 76
2026/09/21 03:09:53.372, 100, 28112, 32623, 199.99, 74
2026/09/21 03:09:54.372, 100, 28112, 32623, 199.99, 74
2026/09/21 03:09:55.372, 100, 28112, 32623, 200.03, 76
2026/09/21 03:09:56.373, 100, 28112, 32623, 199.99, 76
2026/09/21 03:09:57.373, 100, 28112, 32623, 199.99, 75
2026/09/21 03:09:58.373, 100, 28112, 32623, 199.99, 76
2026/09/21 03:09:59.373, 100, 28112, 32623, 199.99, 76
2026/09/21 03:10:00.374, 100, 28112, 32623, 200.00, 74
2026/09/21 03:10:01.374, 100, 28112, 32623, 200.01, 74
2026/09/21 03:10:02.374, 100, 28112, 32623, 200.01, 76
2026/09/21 03:10:03.374, 100, 28112, 32623, 199.99, 74
2026/09/21 03:10:04.374, 100, 28112, 32623, 199.99, 75
2026/09/21 03:10:05.375, 100, 28112, 32623, 200.17, 76
2026/09/21 03:10:06.375, 100, 28112, 32623, 200.01, 74
2026/09/21 03:10:07.375, 100, 28112, 32623, 200.00, 76
2026/09/21 03:10:08.375, 100, 28112, 32623, 200.00, 74
2026/09/21 03:10:09.375, 98, 28112, 32623, 199.58, 76
2026/09/21 03:10:10.376, 100, 28112, 32623, 200.17, 75
2026/09/21 03:10:11.376, 100, 28112, 32623, 200.03, 76
2026/09/21 03:10:12.376, 100, 28112, 32623, 199.99, 76
2026/09/21 03:10:13.376, 100, 28112, 32623, 200.03, 76
2026/09/21 03:10:14.376, 100, 28112, 32623, 199.99, 74
2026/09/21 03:10:15.377, 100, 28112, 32623, 200.02, 75
2026/09/21 03:10:16.377, 100, 28112, 32623, 199.99, 74
2026/09/21 03:10:17.377, 100, 28112, 32623, 199.96, 74
2026/09/21 03:10:18.377, 100, 28112, 32623, 200.12, 74
2026/09/21 03:10:19.377, 100, 28112, 32623, 199.99, 75
2026/09/21 03:10:20.378, 100, 28112, 32623, 200.02, 74
2026/09/21 03:10:21.378, 100, 28112, 32623, 200.00, 75
2026/09/21 03:10:22.378, 100, 28112, 32623, 199.99, 76
2026/09/21 03:10:23.378, 100, 28112, 32623, 200.00, 74
2026/09/21 03:10:24.378, 100, 28112, 32623, 199.98, 75
2026/09/21 03:10:25.379, 100, 28112, 32623, 199.96, 76
2026/09/21 03:10:26.379, 100, 28112, 32623, 200.20, 74
2026/09/21 03:10:27.379, 100, 28112, 32623, 199.96, 75
2026/09/21 03:10:28.379, 100, 28112, 32623, 199.93, 76
2026/09/21 03:10:29.380, 100, 28112, 32623, 200.06, 76
2026/09/21 03:10:30.380, 100, 28112, 32623, 200.00, 76
2026/09/21 03:10:31.380, 100, 28112, 32623, 199.99, 75
2026/09/21 03:10:32.380, 100, 28112, 32623, 200.01, 76
2026/09/21 03:10:33.381, 89, 28112, 32623, 198.23, 72
2026/09/21 03:10:34.381, 100, 28112, 32623, 200.10, 76
2026/09/21 03:10:35.381, 100, 28112, 32623, 199.93, 76
2026/09/21 03:10:36.381, 100, 28112, 32623, 200.30, 76
2026/09/21 03:10:37.381, 100, 28112, 32623, 199.99, 75
2026/09/21 03:10:38.382, 98, 28112, 32623, 199.71, 74
2026/09/21 03:10:39.382, 100, 28112, 32623, 200.36, 74
2026/09/21 03:10:40.382, 100, 28112, 32623, 199.99, 74
2026/09/21 03:10:41.382, 100, 28112, 32623, 199.85, 76
2026/09/21 03:10:42.382, 100, 28112, 32623, 200.16, 75
2026/09/21 03:10:43.383, 100, 28112, 32623, 199.98, 73
2026/09/21 03:10:44.383, 95, 28112, 32623, 199.25, 73
2026/09/21 03:10:45.383, 94, 28112, 32623, 199.93, 73
2026/09/21 03:10:46.383, 96, 28112, 32623, 200.11, 73
2026/09/21 03:10:47.383, 95, 28112, 32623, 200.00, 73
2026/09/21 03:10:48.384, 95, 28112, 32623, 199.91, 73
2026/09/21 03:10:49.384, 96, 28112, 32623, 200.07, 73
2026/09/21 03:10:50.384, 96, 28112, 32623, 199.97, 73
2026/09/21 03:10:51.385, 96, 28112, 32623, 199.96, 73
2026/09/21 03:10:52.385, 96, 28112, 32623, 200.06, 73
2026/09/21 03:10:53.385, 96, 28112, 32623, 200.02, 73
2026/09/21 03:10:54.385, 100, 28112, 32623, 200.57, 73
2026/09/21 03:10:55.385, 100, 28112, 32623, 200.01, 73
2026/09/21 03:10:56.385, 100, 28112, 32623, 200.01, 73
2026/09/21 03:10:57.386, 100, 28112, 32623, 199.99, 73
2026/09/21 03:10:58.386, 100, 28112, 32623, 200.00, 73
2026/09/21 03:10:59.386, 100, 28112, 32623, 199.99, 73
2026/09/21 03:11:00.386, 100, 28112, 32623, 199.99, 74
2026/09/21 03:11:01.387, 100, 28112, 32623, 200.02, 73
2026/09/21 03:11:02.387, 100, 28112, 32623, 199.99, 74
2026/09/21 03:11:03.387, 100, 28112, 32623, 199.99, 73
2026/09/21 03:11:04.387, 100, 28112, 32623, 200.00, 73
2026/09/21 03:11:05.388, 100, 28112, 32623, 200.01, 74
2026/09/21 03:11:06.388, 76, 28112, 32623, 197.52, 72
2026/09/21 03:11:07.388, 100, 28112, 32623, 168.40, 73
2026/09/21 03:11:08.388, 100, 28112, 32623, 199.99, 73
2026/09/21 03:11:09.389, 100, 28112, 32623, 200.00, 74
2026/09/21 03:11:10.389, 100, 28112, 32623, 199.98, 73
2026/09/21 03:11:11.389, 0, 28112, 32623, 184.48, 67
2026/09/21 03:11:12.411, 100, 28112, 32623, 132.91, 72
2026/09/21 03:11:13.411, 100, 28112, 32623, 200.05, 73
2026/09/21 03:11:14.411, 100, 28112, 32623, 199.95, 74
2026/09/21 03:11:15.412, 100, 28112, 32623, 200.27, 74
2026/09/21 03:11:16.412, 100, 28112, 32623, 200.02, 74
2026/09/21 03:11:17.412, 100, 28112, 32623, 170.59, 72
2026/09/21 03:11:18.412, 100, 28112, 32623, 199.99, 74
2026/09/21 03:11:19.413, 100, 28112, 32623, 200.23, 73
2026/09/21 03:11:20.413, 100, 28112, 32623, 199.98, 73
2026/09/21 03:11:21.413, 100, 28112, 32623, 200.02, 75
2026/09/21 03:11:22.413, 100, 28112, 32623, 200.00, 73
2026/09/21 03:11:23.414, 98, 28112, 32623, 199.65, 73
2026/09/21 03:11:24.414, 100, 28112, 32623, 200.36, 75
2026/09/21 03:11:25.414, 100, 28112, 32623, 199.99, 74
2026/09/21 03:11:26.414, 100, 28112, 32623, 199.99, 73
2026/09/21 03:11:27.414, 99, 28112, 32623, 199.79, 74
2026/09/21 03:11:28.415, 100, 28112, 32623, 199.98, 73
2026/09/21 03:11:29.415, 100, 28112, 32623, 200.01, 75
2026/09/21 03:11:30.415, 100, 28112, 32623, 199.90, 74
2026/09/21 03:11:31.415, 100, 28112, 32623, 200.10, 75
2026/09/21 03:11:32.416, 100, 28112, 32623, 199.98, 74
2026/09/21 03:11:33.416, 100, 28112, 32623, 200.02, 74
2026/09/21 03:11:34.416, 98, 28112, 32623, 199.78, 74
2026/09/21 03:11:35.417, 100, 28112, 32623, 200.23, 74
2026/09/21 03:11:36.417, 100, 28112, 32623, 200.01, 74
2026/09/21 03:11:37.417, 100, 28112, 32623, 199.91, 75
2026/09/21 03:11:38.417, 100, 28112, 32623, 200.09, 73
2026/09/21 03:11:39.418, 100, 28112, 32623, 199.99, 75
2026/09/21 03:11:40.418, 100, 28112, 32623, 199.95, 73
2026/09/21 03:11:41.418, 100, 28112, 32623, 200.05, 75
2026/09/21 03:11:42.418, 100, 28112, 32623, 200.01, 74
2026/09/21 03:11:43.419, 100, 28112, 32623, 199.93, 74
2026/09/21 03:11:44.419, 100, 28112, 32623, 200.06, 75
2026/09/21 03:11:45.419, 100, 28112, 32623, 200.01, 76
2026/09/21 03:11:46.420, 100, 28112, 32623, 199.90, 75
2026/09/21 03:11:47.420, 100, 28112, 32623, 200.09, 75
2026/09/21 03:11:48.420, 100, 28112, 32623, 199.99, 75
2026/09/21 03:11:49.420, 100, 28112, 32623, 199.94, 76
2026/09/21 03:11:50.421, 100, 28112, 32623, 200.93, 74
2026/09/21 03:11:51.421, 100, 28112, 32623, 199.99, 74
2026/09/21 03:11:52.421, 99, 28112, 32623, 199.89, 75
2026/09/21 03:11:53.421, 100, 28112, 32623, 200.11, 75
2026/09/21 03:11:54.422, 100, 28112, 32623, 199.98, 75
2026/09/21 03:11:55.422, 100, 28112, 32623, 200.00, 75
2026/09/21 03:11:56.422, 100, 28112, 32623, 199.99, 73
2026/09/21 03:11:57.422, 100, 28112, 32623, 199.95, 74
2026/09/21 03:11:58.423, 100, 28112, 32623, 200.62, 73
2026/09/21 03:11:59.423, 100, 28112, 32623, 200.02, 74
2026/09/21 03:12:00.423, 100, 28112, 32623, 200.00, 75
2026/09/21 03:12:01.423, 100, 28112, 32623, 200.02, 74
2026/09/21 03:12:02.424, 100, 28112, 32623, 199.89, 74
2026/09/21 03:12:03.424, 100, 28112, 32623, 200.52, 74
2026/09/21 03:12:04.424, 100, 28112, 32623, 200.00, 75
2026/09/21 03:12:05.424, 100, 28112, 32623, 200.02, 74
2026/09/21 03:12:06.425, 100, 28112, 32623, 199.95, 73
2026/09/21 03:12:07.425, 100, 28112, 32623, 199.93, 76
2026/09/21 03:12:08.425, 100, 28112, 32623, 200.11, 74
2026/09/21 03:12:09.426, 100, 28112, 32623, 199.98, 75
2026/09/21 03:12:10.426, 100, 28112, 32623, 200.07, 76
2026/09/21 03:12:11.426, 100, 28112, 32623, 200.00, 76
2026/09/21 03:12:12.426, 100, 28112, 32623, 200.01, 74
2026/09/21 03:12:13.427, 100, 28112, 32623, 200.01, 75
2026/09/21 03:12:14.427, 100, 28112, 32623, 199.95, 76
2026/09/21 03:12:15.427, 100, 28112, 32623, 200.79, 74
2026/09/21 03:12:16.427, 100, 28112, 32623, 199.96, 76
2026/09/21 03:12:17.427, 100, 28112, 32623, 200.02, 74
2026/09/21 03:12:18.428, 100, 28112, 32623, 199.96, 76
2026/09/21 03:12:19.428, 100, 28112, 32623, 199.98, 76
2026/09/21 03:12:20.428, 100, 28112, 32623, 199.99, 74
2026/09/21 03:12:21.428, 100, 28112, 32623, 199.99, 76
2026/09/21 03:12:22.429, 100, 28112, 32623, 200.01, 76
2026/09/21 03:12:23.429, 98, 28112, 32623, 199.72, 75
2026/09/21 03:12:24.429, 100, 28112, 32623, 200.26, 74
2026/09/21 03:12:25.429, 100, 28112, 32623, 200.01, 76
2026/09/21 03:12:26.429, 100, 28112, 32623, 200.02, 76
2026/09/21 03:12:27.430, 100, 28112, 32623, 199.99, 76
2026/09/21 03:12:28.430, 100, 28112, 32623, 200.02, 76
2026/09/21 03:12:29.430, 100, 28112, 32623, 200.00, 74
2026/09/21 03:12:30.430, 100, 28112, 32623, 200.02, 75
2026/09/21 03:12:31.431, 100, 28112, 32623, 199.96, 76
2026/09/21 03:12:32.431, 100, 28112, 32623, 199.97, 76
2026/09/21 03:12:33.431, 100, 28112, 32623, 200.01, 76
2026/09/21 03:12:34.431, 100, 28112, 32623, 199.99, 74
2026/09/21 03:12:35.432, 100, 28112, 32623, 199.99, 74
2026/09/21 03:12:36.432, 100, 28112, 32623, 200.03, 74
2026/09/21 03:12:37.432, 100, 28112, 32623, 200.08, 75
2026/09/21 03:12:38.432, 100, 28112, 32623, 199.99, 74
2026/09/21 03:12:39.433, 100, 28112, 32623, 199.98, 74
2026/09/21 03:12:40.433, 99, 28112, 32623, 199.81, 75
2026/09/21 03:12:41.433, 100, 28112, 32623, 200.22, 76
2026/09/21 03:12:42.434, 99, 28112, 32623, 199.82, 75
2026/09/21 03:12:43.434, 100, 28112, 32623, 200.20, 76
2026/09/21 03:12:44.434, 98, 28112, 32623, 199.91, 76
2026/09/21 03:12:45.434, 100, 28112, 32623, 200.09, 76
2026/09/21 03:12:46.434, 99, 28112, 32623, 199.82, 73
2026/09/21 03:12:47.435, 100, 28112, 32623, 199.99, 76
2026/09/21 03:12:48.435, 99, 28112, 32623, 199.87, 75
2026/09/21 03:12:49.435, 100, 28112, 32623, 199.98, 76
2026/09/21 03:12:50.435, 100, 28112, 32623, 199.98, 76
2026/09/21 03:12:51.436, 100, 28112, 32623, 199.98, 73
2026/09/21 03:12:52.436, 100, 28112, 32623, 199.99, 75
2026/09/21 03:12:53.436, 100, 28112, 32623, 200.00, 75
2026/09/21 03:12:54.436, 100, 28112, 32623, 200.01, 76
2026/09/21 03:12:55.436, 100, 28112, 32623, 199.97, 74
2026/09/21 03:12:56.437, 100, 28112, 32623, 199.96, 75
2026/09/21 03:12:57.437, 100, 28112, 32623, 200.01, 76
2026/09/21 03:12:58.437, 100, 28112, 32623, 199.98, 75
2026/09/21 03:12:59.437, 100, 28112, 32623, 200.01, 75
2026/09/21 03:13:00.438, 100, 28112, 32623, 200.01, 75
2026/09/21 03:13:01.438, 100, 28112, 32623, 200.00, 74
2026/09/21 03:13:02.438, 100, 28112, 32623, 200.02, 75
2026/09/21 03:13:03.438, 100, 28112, 32623, 200.02, 74
2026/09/21 03:13:04.438, 100, 28112, 32623, 199.99, 74
2026/09/21 03:13:05.439, 100, 28112, 32623, 199.93, 73
2026/09/21 03:13:06.439, 100, 28112, 32623, 200.03, 76
2026/09/21 03:13:07.439, 100, 28112, 32623, 199.96, 76
2026/09/21 03:13:08.439, 100, 28112, 32623, 200.22, 76
2026/09/21 03:13:09.440, 98, 28112, 32623, 199.62, 76
2026/09/21 03:13:10.440, 100, 28112, 32623, 199.99, 75
2026/09/21 03:13:11.440, 100, 28112, 32623, 200.01, 76
2026/09/21 03:13:12.440, 100, 28112, 32623, 200.00, 75
2026/09/21 03:13:13.440, 100, 28112, 32623, 199.99, 76
2026/09/21 03:13:14.441, 100, 28112, 32623, 199.97, 76
2026/09/21 03:13:15.441, 100, 28112, 32623, 200.06, 74
2026/09/21 03:13:16.441, 100, 28112, 32623, 200.00, 76
2026/09/21 03:13:17.441, 100, 28112, 32623, 199.99, 75
2026/09/21 03:13:18.442, 100, 28112, 32623, 199.97, 75
2026/09/21 03:13:19.442, 100, 28112, 32623, 200.03, 76
2026/09/21 03:13:20.442, 99, 28112, 32623, 199.82, 74
2026/09/21 03:13:21.442, 100, 28112, 32623, 200.17, 76
2026/09/21 03:13:22.442, 100, 28112, 32623, 199.99, 75
2026/09/21 03:13:23.443, 100, 28112, 32623, 200.01, 73
2026/09/21 03:13:24.443, 100, 28112, 32623, 199.98, 74
2026/09/21 03:13:25.443, 100, 28112, 32623, 199.96, 74
2026/09/21 03:13:26.443, 100, 28112, 32623, 200.01, 75
2026/09/21 03:13:27.444, 100, 28112, 32623, 199.51, 75
2026/09/21 03:13:28.444, 100, 28112, 32623, 201.71, 74
2026/09/21 03:13:29.444, 100, 28112, 32623, 199.95, 74
2026/09/21 03:13:30.444, 100, 28112, 32623, 200.00, 75
2026/09/21 03:13:31.445, 100, 28112, 32623, 200.02, 74
2026/09/21 03:13:32.445, 100, 28112, 32623, 200.01, 76
2026/09/21 03:13:33.445, 100, 28112, 32623, 200.02, 76
2026/09/21 03:13:34.445, 100, 28112, 32623, 199.95, 74
2026/09/21 03:13:35.445, 100, 28112, 32623, 200.05, 76
2026/09/21 03:13:36.446, 100, 28112, 32623, 200.01, 76
2026/09/21 03:13:37.446, 100, 28112, 32623, 200.01, 75
2026/09/21 03:13:38.446, 100, 28112, 32623, 199.99, 75
2026/09/21 03:13:39.446, 100, 28112, 32623, 200.00, 74
2026/09/21 03:13:40.447, 100, 28112, 32623, 200.01, 75
2026/09/21 03:13:41.447, 100, 28112, 32623, 199.93, 76
2026/09/21 03:13:42.447, 100, 28112, 32623, 200.44, 76
2026/09/21 03:13:43.447, 100, 28112, 32623, 199.98, 76
2026/09/21 03:13:44.447, 100, 28112, 32623, 199.98, 75
2026/09/21 03:13:45.448, 100, 28112, 32623, 199.98, 74
2026/09/21 03:13:46.448, 100, 28112, 32623, 199.96, 74
2026/09/21 03:13:47.448, 100, 28112, 32623, 200.04, 74
2026/09/21 03:13:48.448, 99, 28112, 32623, 199.82, 76
2026/09/21 03:13:49.448, 100, 28112, 32623, 200.00, 74
2026/09/21 03:13:50.449, 100, 28112, 32623, 200.00, 74
2026/09/21 03:13:51.449, 100, 28112, 32623, 200.00, 73
2026/09/21 03:13:52.449, 100, 28112, 32623, 200.03, 75
2026/09/21 03:13:53.449, 94, 28112, 32623, 199.34, 75
2026/09/21 03:13:54.449, 100, 28112, 32623, 200.15, 75
2026/09/21 03:13:55.450, 100, 28112, 32623, 199.99, 76
2026/09/21 03:13:56.450, 100, 28112, 32623, 199.97, 76
2026/09/21 03:13:57.450, 100, 28112, 32623, 200.01, 76
2026/09/21 03:13:58.450, 100, 28112, 32623, 199.91, 76
2026/09/21 03:13:59.451, 100, 28112, 32623, 200.04, 74
2026/09/21 03:14:00.451, 100, 28112, 32623, 200.00, 74
2026/09/21 03:14:01.451, 100, 28112, 32623, 200.00, 75
2026/09/21 03:14:02.451, 100, 28112, 32623, 200.01, 76
2026/09/21 03:14:03.452, 100, 28112, 32623, 199.94, 76
2026/09/21 03:14:04.452, 100, 28112, 32623, 200.80, 73
2026/09/21 03:14:05.452, 100, 28112, 32623, 199.98, 75
2026/09/21 03:14:06.452, 100, 28112, 32623, 199.97, 76
2026/09/21 03:14:07.452, 100, 28112, 32623, 199.96, 75
2026/09/21 03:14:08.453, 95, 28112, 32623, 199.48, 74
2026/09/21 03:14:09.453, 100, 28112, 32623, 200.13, 76
2026/09/21 03:14:10.453, 100, 28112, 32623, 199.99, 76
2026/09/21 03:14:11.453, 100, 28112, 32623, 199.98, 73
2026/09/21 03:14:12.454, 100, 28112, 32623, 200.07, 76
2026/09/21 03:14:13.454, 100, 28112, 32623, 199.89, 76
2026/09/21 03:14:14.454, 100, 28112, 32623, 200.03, 75
2026/09/21 03:14:15.455, 100, 28112, 32623, 199.98, 76
2026/09/21 03:14:16.455, 100, 28112, 32623, 199.96, 75
2026/09/21 03:14:17.455, 100, 28112, 32623, 200.01, 76
2026/09/21 03:14:18.455, 100, 28112, 32623, 200.01, 74
2026/09/21 03:14:19.455, 100, 28112, 32623, 200.02, 76
2026/09/21 03:14:20.456, 100, 28112, 32623, 199.98, 74
2026/09/21 03:14:21.456, 100, 28112, 32623, 199.91, 74
2026/09/21 03:14:22.456, 100, 28112, 32623, 200.10, 74
2026/09/21 03:14:23.456, 100, 28112, 32623, 199.99, 76
2026/09/21 03:14:24.457, 100, 28112, 32623, 199.96, 74
2026/09/21 03:14:25.457, 100, 28112, 32623, 200.00, 76
2026/09/21 03:14:26.457, 99, 28112, 32623, 199.81, 74
2026/09/21 03:14:27.457, 100, 28112, 32623, 199.99, 76
2026/09/21 03:14:28.457, 100, 28112, 32623, 200.01, 76
2026/09/21 03:14:29.458, 100, 28112, 32623, 199.87, 74
2026/09/21 03:14:30.458, 100, 28112, 32623, 200.00, 76
2026/09/21 03:14:31.458, 100, 28112, 32623, 200.06, 75
2026/09/21 03:14:32.458, 100, 28112, 32623, 200.00, 76
2026/09/21 03:14:33.459, 100, 28112, 32623, 200.01, 76
2026/09/21 03:14:34.459, 100, 28112, 32623, 200.01, 76
2026/09/21 03:14:35.459, 100, 28112, 32623, 199.99, 74
2026/09/21 03:14:36.459, 100, 28112, 32623, 200.00, 76
2026/09/21 03:14:37.460, 100, 28112, 32623, 199.57, 75
2026/09/21 03:14:38.460, 100, 28112, 32623, 200.49, 74
2026/09/21 03:14:39.460, 100, 28112, 32623, 199.99, 74
2026/09/21 03:14:40.460, 100, 28112, 32623, 199.99, 76
2026/09/21 03:14:41.461, 100, 28112, 32623, 200.00, 76
2026/09/21 03:14:42.461, 100, 28112, 32623, 199.99, 75
2026/09/21 03:14:43.461, 100, 28112, 32623, 200.00, 76
2026/09/21 03:14:44.461, 92, 28112, 32623, 199.21, 76
2026/09/21 03:14:45.461, 100, 28112, 32623, 200.84, 76
2026/09/21 03:14:46.462, 100, 28112, 32623, 200.00, 74
2026/09/21 03:14:47.462, 100, 28112, 32623, 199.85, 74
2026/09/21 03:14:48.462, 100, 28112, 32623, 200.12, 74
2026/09/21 03:14:49.462, 100, 28112, 32623, 199.99, 74
2026/09/21 03:14:50.463, 99, 28112, 32623, 199.95, 76
2026/09/21 03:14:51.463, 100, 28112, 32623, 200.05, 73
2026/09/21 03:14:52.463, 97, 28112, 32623, 199.46, 74
2026/09/21 03:14:53.463, 95, 28112, 32623, 202.00, 72
2026/09/21 03:14:54.463, 95, 28112, 32623, 199.90, 72
2026/09/21 03:14:55.463, 95, 28112, 32623, 199.96, 72
2026/09/21 03:14:56.464, 96, 28112, 32623, 200.04, 72
2026/09/21 03:14:57.464, 96, 28112, 32623, 200.01, 72
2026/09/21 03:14:58.464, 96, 28112, 32623, 200.01, 72
2026/09/21 03:14:59.464, 96, 28112, 32623, 200.05, 72
2026/09/21 03:15:00.465, 96, 28112, 32623, 200.01, 72
2026/09/21 03:15:01.465, 96, 28112, 32623, 199.97, 72
2026/09/21 03:15:02.465, 96, 28112, 32623, 199.99, 72
2026/09/21 03:15:03.475, 100, 28112, 32623, 200.70, 73
2026/09/21 03:15:04.475, 100, 28112, 32623, 200.03, 73
2026/09/21 03:15:05.475, 100, 28112, 32623, 200.01, 73
2026/09/21 03:15:06.476, 100, 28112, 32623, 200.01, 73
2026/09/21 03:15:07.476, 100, 28112, 32623, 200.03, 73
2026/09/21 03:15:08.476, 100, 28112, 32623, 199.89, 73
2026/09/21 03:15:09.477, 100, 28112, 32623, 199.93, 73
2026/09/21 03:15:10.477, 100, 28112, 32623, 200.04, 73
2026/09/21 03:15:11.477, 93, 28112, 32623, 199.71, 73
2026/09/21 03:15:12.477, 100, 28112, 32623, 199.95, 73
2026/09/21 03:15:13.477, 100, 28112, 32623, 199.99, 73
2026/09/21 03:15:14.478, 100, 28112, 32623, 199.99, 74
2026/09/21 03:15:15.478, 100, 28112, 32623, 200.01, 72
